ISO-10303-21;
HEADER;
FILE_DESCRIPTION(('FreeCAD Model'),'2;1');
FILE_NAME('Open CASCADE Shape Model','2026-10-03T14:59:37',('FreeCAD'),(
    'FreeCAD'),'Open CASCADE STEP processor 7.8','FreeCAD','Unknown');
FILE_SCHEMA(('AUTOMOTIVE_DESIGN { 1 0 10303 214 1 1 1 1 }'));
ENDSEC;
DATA;
#1 = APPLICATION_PROTOCOL_DEFINITION('international standard',
  'automotive_design',2000,#2);
#2 = APPLICATION_CONTEXT(
  'core data for automotive mechanical design processes');
#3 = SHAPE_DEFINITION_REPRESENTATION(#4,#10);
#4 = PRODUCT_DEFINITION_SHAPE('','',#5);
#5 = PRODUCT_DEFINITION('design','',#6,#9);
#6 = PRODUCT_DEFINITION_FORMATION('','',#7);
#7 = PRODUCT('Open CASCADE STEP translator 7.8 1',
  'Open CASCADE STEP translator 7.8 1','',(#8));
#8 = PRODUCT_CONTEXT('',#2,'mechanical');
#9 = PRODUCT_DEFINITION_CONTEXT('part definition',#2,'design');
#10 = ADVANCED_BREP_SHAPE_REPRESENTATION('',(#11,#15),#4961);
#11 = AXIS2_PLACEMENT_3D('',#12,#13,#14);
#12 = CARTESIAN_POINT('',(0.,0.,0.));
#13 = DIRECTION('',(0.,0.,1.));
#14 = DIRECTION('',(1.,0.,-0.));
#15 = MANIFOLD_SOLID_BREP('',#16);
#16 = CLOSED_SHELL('',(#17,#59,#91,#250,#294,#320,#344,#369,#434,#490,
    #514,#570,#628,#653,#686,#717,#789,#813,#853,#909,#933,#989,#1029,
    #1053,#1118,#1135,#1152,#1177,#1225,#1265,#1277,#1326,#1344,#1448,
    #1472,#1489,#1520,#1567,#1586,#1685,#1702,#1733,#1759,#1800,#1855,
    #1872,#1898,#1923,#1959,#1976,#1993,#2019,#2043,#2083,#2116,#2128,
    #2159,#2183,#2223,#2240,#2252,#2285,#2297,#2322,#2353,#2370,#2387,
    #2418,#2449,#2514,#2540,#2558,#2589,#2621,#2645,#2667,#2679,#2710,
    #2734,#2758,#2775,#2808,#2841,#2858,#2915,#2932,#2949,#2995,#3019,
    #3036,#3067,#3091,#3115,#3132,#3149,#3174,#3198,#3222,#3265,#3289,
    #3307,#3331,#3348,#3360,#3385,#3418,#3488,#3521,#3591,#3600,#3633,
    #3666,#3691,#3723,#3783,#3800,#3818,#3830,#3842,#3944,#3968,#3980,
    #4047,#4059,#4077,#4095,#4113,#4138,#4155,#4180,#4197,#4219,#4236,
    #4253,#4265,#4298,#4315,#4332,#4349,#4366,#4383,#4416,#4434,#4468,
    #4493,#4510,#4528,#4540,#4565,#4590,#4615,#4640,#4673,#4699,#4716,
    #4725,#4742,#4766,#4783,#4807,#4816,#4825,#4834,#4843,#4868,#4893,
    #4918,#4943,#4952));
#17 = ADVANCED_FACE('',(#18),#54,.T.);
#18 = FACE_BOUND('',#19,.T.);
#19 = EDGE_LOOP('',(#20,#31,#39,#48));
#20 = ORIENTED_EDGE('',*,*,#21,.T.);
#21 = EDGE_CURVE('',#22,#24,#26,.T.);
#22 = VERTEX_POINT('',#23);
#23 = CARTESIAN_POINT('',(16.,0.,59.));
#24 = VERTEX_POINT('',#25);
#25 = CARTESIAN_POINT('',(15.,1.,60.));
#26 = ELLIPSE('',#27,1.414213562373,1.);
#27 = AXIS2_PLACEMENT_3D('',#28,#29,#30);
#28 = CARTESIAN_POINT('',(15.,1.,59.));
#29 = DIRECTION('',(-0.707106781187,-0.707106781187,-0.));
#30 = DIRECTION('',(-0.707106781187,0.707106781187,0.));
#31 = ORIENTED_EDGE('',*,*,#32,.T.);
#32 = EDGE_CURVE('',#24,#33,#35,.T.);
#33 = VERTEX_POINT('',#34);
#34 = CARTESIAN_POINT('',(10.,1.,60.));
#35 = LINE('',#36,#37);
#36 = CARTESIAN_POINT('',(16.,1.,60.));
#37 = VECTOR('',#38,1.);
#38 = DIRECTION('',(-1.,-0.,-0.));
#39 = ORIENTED_EDGE('',*,*,#40,.F.);
#40 = EDGE_CURVE('',#41,#33,#43,.T.);
#41 = VERTEX_POINT('',#42);
#42 = CARTESIAN_POINT('',(10.,0.,59.));
#43 = CIRCLE('',#44,1.);
#44 = AXIS2_PLACEMENT_3D('',#45,#46,#47);
#45 = CARTESIAN_POINT('',(10.,1.,59.));
#46 = DIRECTION('',(-1.,0.,0.));
#47 = DIRECTION('',(0.,-1.,0.));
#48 = ORIENTED_EDGE('',*,*,#49,.F.);
#49 = EDGE_CURVE('',#22,#41,#50,.T.);
#50 = LINE('',#51,#52);
#51 = CARTESIAN_POINT('',(16.,-2.2E-16,59.));
#52 = VECTOR('',#53,1.);
#53 = DIRECTION('',(-1.,-0.,-0.));
#54 = CYLINDRICAL_SURFACE('',#55,1.);
#55 = AXIS2_PLACEMENT_3D('',#56,#57,#58);
#56 = CARTESIAN_POINT('',(16.,1.,59.));
#57 = DIRECTION('',(-1.,-0.,-0.));
#58 = DIRECTION('',(0.,-1.,0.));
#59 = ADVANCED_FACE('',(#60),#86,.T.);
#60 = FACE_BOUND('',#61,.T.);
#61 = EDGE_LOOP('',(#62,#63,#71,#80));
#62 = ORIENTED_EDGE('',*,*,#21,.F.);
#63 = ORIENTED_EDGE('',*,*,#64,.T.);
#64 = EDGE_CURVE('',#22,#65,#67,.T.);
#65 = VERTEX_POINT('',#66);
#66 = CARTESIAN_POINT('',(16.,16.,59.));
#67 = LINE('',#68,#69);
#68 = CARTESIAN_POINT('',(16.,0.,59.));
#69 = VECTOR('',#70,1.);
#70 = DIRECTION('',(0.,1.,0.));
#71 = ORIENTED_EDGE('',*,*,#72,.F.);
#72 = EDGE_CURVE('',#73,#65,#75,.T.);
#73 = VERTEX_POINT('',#74);
#74 = CARTESIAN_POINT('',(15.,15.,60.));
#75 = ELLIPSE('',#76,1.414213562373,1.);
#76 = AXIS2_PLACEMENT_3D('',#77,#78,#79);
#77 = CARTESIAN_POINT('',(15.,15.,59.));
#78 = DIRECTION('',(-0.707106781187,0.707106781187,0.));
#79 = DIRECTION('',(0.707106781187,0.707106781187,0.));
#80 = ORIENTED_EDGE('',*,*,#81,.F.);
#81 = EDGE_CURVE('',#24,#73,#82,.T.);
#82 = LINE('',#83,#84);
#83 = CARTESIAN_POINT('',(15.,0.,60.));
#84 = VECTOR('',#85,1.);
#85 = DIRECTION('',(0.,1.,0.));
#86 = CYLINDRICAL_SURFACE('',#87,1.);
#87 = AXIS2_PLACEMENT_3D('',#88,#89,#90);
#88 = CARTESIAN_POINT('',(15.,0.,59.));
#89 = DIRECTION('',(0.,1.,0.));
#90 = DIRECTION('',(0.,0.,1.));
#91 = ADVANCED_FACE('',(#92),#245,.T.);
#92 = FACE_BOUND('',#93,.T.);
#93 = EDGE_LOOP('',(#94,#104,#112,#120,#128,#136,#144,#152,#160,#168,
    #176,#184,#192,#200,#208,#216,#224,#232,#238,#239));
#94 = ORIENTED_EDGE('',*,*,#95,.T.);
#95 = EDGE_CURVE('',#96,#98,#100,.T.);
#96 = VERTEX_POINT('',#97);
#97 = CARTESIAN_POINT('',(10.,-2.E-15,6.));
#98 = VERTEX_POINT('',#99);
#99 = CARTESIAN_POINT('',(22.4,0.,6.));
#100 = LINE('',#101,#102);
#101 = CARTESIAN_POINT('',(12.,0.,6.));
#102 = VECTOR('',#103,1.);
#103 = DIRECTION('',(1.,0.,0.));
#104 = ORIENTED_EDGE('',*,*,#105,.T.);
#105 = EDGE_CURVE('',#98,#106,#108,.T.);
#106 = VERTEX_POINT('',#107);
#107 = CARTESIAN_POINT('',(22.4,0.,8.));
#108 = LINE('',#109,#110);
#109 = CARTESIAN_POINT('',(22.4,0.,6.));
#110 = VECTOR('',#111,1.);
#111 = DIRECTION('',(0.,0.,1.));
#112 = ORIENTED_EDGE('',*,*,#113,.T.);
#113 = EDGE_CURVE('',#106,#114,#116,.T.);
#114 = VERTEX_POINT('',#115);
#115 = CARTESIAN_POINT('',(119.6,0.,8.));
#116 = LINE('',#117,#118);
#117 = CARTESIAN_POINT('',(15.3,0.,8.));
#118 = VECTOR('',#119,1.);
#119 = DIRECTION('',(1.,0.,0.));
#120 = ORIENTED_EDGE('',*,*,#121,.F.);
#121 = EDGE_CURVE('',#122,#114,#124,.T.);
#122 = VERTEX_POINT('',#123);
#123 = CARTESIAN_POINT('',(119.6,0.,6.));
#124 = LINE('',#125,#126);
#125 = CARTESIAN_POINT('',(119.6,0.,6.));
#126 = VECTOR('',#127,1.);
#127 = DIRECTION('',(0.,0.,1.));
#128 = ORIENTED_EDGE('',*,*,#129,.T.);
#129 = EDGE_CURVE('',#122,#130,#132,.T.);
#130 = VERTEX_POINT('',#131);
#131 = CARTESIAN_POINT('',(132.,-2.E-15,6.));
#132 = LINE('',#133,#134);
#133 = CARTESIAN_POINT('',(126.,0.,6.));
#134 = VECTOR('',#135,1.);
#135 = DIRECTION('',(1.,0.,0.));
#136 = ORIENTED_EDGE('',*,*,#137,.T.);
#137 = EDGE_CURVE('',#130,#138,#140,.T.);
#138 = VERTEX_POINT('',#139);
#139 = CARTESIAN_POINT('',(132.,0.,59.));
#140 = LINE('',#141,#142);
#141 = CARTESIAN_POINT('',(132.,-1.78E-15,6.));
#142 = VECTOR('',#143,1.);
#143 = DIRECTION('',(0.,0.,1.));
#144 = ORIENTED_EDGE('',*,*,#145,.F.);
#145 = EDGE_CURVE('',#146,#138,#148,.T.);
#146 = VERTEX_POINT('',#147);
#147 = CARTESIAN_POINT('',(126.,0.,59.));
#148 = LINE('',#149,#150);
#149 = CARTESIAN_POINT('',(126.,-2.2E-16,59.));
#150 = VECTOR('',#151,1.);
#151 = DIRECTION('',(1.,0.,0.));
#152 = ORIENTED_EDGE('',*,*,#153,.F.);
#153 = EDGE_CURVE('',#154,#146,#156,.T.);
#154 = VERTEX_POINT('',#155);
#155 = CARTESIAN_POINT('',(126.,0.,17.4));
#156 = LINE('',#157,#158);
#157 = CARTESIAN_POINT('',(126.,0.,6.));
#158 = VECTOR('',#159,1.);
#159 = DIRECTION('',(0.,0.,1.));
#160 = ORIENTED_EDGE('',*,*,#161,.F.);
#161 = EDGE_CURVE('',#162,#154,#164,.T.);
#162 = VERTEX_POINT('',#163);
#163 = CARTESIAN_POINT('',(121.6,0.,17.4));
#164 = LINE('',#165,#166);
#165 = CARTESIAN_POINT('',(124.2,0.,17.4));
#166 = VECTOR('',#167,1.);
#167 = DIRECTION('',(1.,0.,0.));
#168 = ORIENTED_EDGE('',*,*,#169,.F.);
#169 = EDGE_CURVE('',#170,#162,#172,.T.);
#170 = VERTEX_POINT('',#171);
#171 = CARTESIAN_POINT('',(121.6,0.,15.));
#172 = LINE('',#173,#174);
#173 = CARTESIAN_POINT('',(121.6,0.,15.));
#174 = VECTOR('',#175,1.);
#175 = DIRECTION('',(0.,0.,1.));
#176 = ORIENTED_EDGE('',*,*,#177,.T.);
#177 = EDGE_CURVE('',#170,#178,#180,.T.);
#178 = VERTEX_POINT('',#179);
#179 = CARTESIAN_POINT('',(124.2,0.,15.));
#180 = LINE('',#181,#182);
#181 = CARTESIAN_POINT('',(121.6,0.,15.));
#182 = VECTOR('',#183,1.);
#183 = DIRECTION('',(1.,0.,0.));
#184 = ORIENTED_EDGE('',*,*,#185,.F.);
#185 = EDGE_CURVE('',#186,#178,#188,.T.);
#186 = VERTEX_POINT('',#187);
#187 = CARTESIAN_POINT('',(124.2,0.,14.));
#188 = LINE('',#189,#190);
#189 = CARTESIAN_POINT('',(124.2,0.,8.));
#190 = VECTOR('',#191,1.);
#191 = DIRECTION('',(0.,0.,1.));
#192 = ORIENTED_EDGE('',*,*,#193,.F.);
#193 = EDGE_CURVE('',#194,#186,#196,.T.);
#194 = VERTEX_POINT('',#195);
#195 = CARTESIAN_POINT('',(17.8,0.,14.));
#196 = LINE('',#197,#198);
#197 = CARTESIAN_POINT('',(15.3,0.,14.));
#198 = VECTOR('',#199,1.);
#199 = DIRECTION('',(1.,0.,0.));
#200 = ORIENTED_EDGE('',*,*,#201,.T.);
#201 = EDGE_CURVE('',#194,#202,#204,.T.);
#202 = VERTEX_POINT('',#203);
#203 = CARTESIAN_POINT('',(17.8,0.,15.));
#204 = LINE('',#205,#206);
#205 = CARTESIAN_POINT('',(17.8,0.,8.));
#206 = VECTOR('',#207,1.);
#207 = DIRECTION('',(0.,0.,1.));
#208 = ORIENTED_EDGE('',*,*,#209,.T.);
#209 = EDGE_CURVE('',#202,#210,#212,.T.);
#210 = VERTEX_POINT('',#211);
#211 = CARTESIAN_POINT('',(20.4,0.,15.));
#212 = LINE('',#213,#214);
#213 = CARTESIAN_POINT('',(14.3,0.,15.));
#214 = VECTOR('',#215,1.);
#215 = DIRECTION('',(1.,0.,0.));
#216 = ORIENTED_EDGE('',*,*,#217,.T.);
#217 = EDGE_CURVE('',#210,#218,#220,.T.);
#218 = VERTEX_POINT('',#219);
#219 = CARTESIAN_POINT('',(20.4,0.,17.4));
#220 = LINE('',#221,#222);
#221 = CARTESIAN_POINT('',(20.4,0.,15.));
#222 = VECTOR('',#223,1.);
#223 = DIRECTION('',(0.,0.,1.));
#224 = ORIENTED_EDGE('',*,*,#225,.F.);
#225 = EDGE_CURVE('',#226,#218,#228,.T.);
#226 = VERTEX_POINT('',#227);
#227 = CARTESIAN_POINT('',(16.,0.,17.4));
#228 = LINE('',#229,#230);
#229 = CARTESIAN_POINT('',(14.3,0.,17.4));
#230 = VECTOR('',#231,1.);
#231 = DIRECTION('',(1.,0.,0.));
#232 = ORIENTED_EDGE('',*,*,#233,.T.);
#233 = EDGE_CURVE('',#226,#22,#234,.T.);
#234 = LINE('',#235,#236);
#235 = CARTESIAN_POINT('',(16.,0.,6.));
#236 = VECTOR('',#237,1.);
#237 = DIRECTION('',(0.,0.,1.));
#238 = ORIENTED_EDGE('',*,*,#49,.T.);
#239 = ORIENTED_EDGE('',*,*,#240,.F.);
#240 = EDGE_CURVE('',#96,#41,#241,.T.);
#241 = LINE('',#242,#243);
#242 = CARTESIAN_POINT('',(10.,-1.78E-15,6.));
#243 = VECTOR('',#244,1.);
#244 = DIRECTION('',(0.,0.,1.));
#245 = PLANE('',#246);
#246 = AXIS2_PLACEMENT_3D('',#247,#248,#249);
#247 = CARTESIAN_POINT('',(71.,-4.2E-16,22.255985915493));
#248 = DIRECTION('',(-0.,-1.,-0.));
#249 = DIRECTION('',(0.,0.,-1.));
#250 = ADVANCED_FACE('',(#251,#278),#289,.T.);
#251 = FACE_BOUND('',#252,.T.);
#252 = EDGE_LOOP('',(#253,#254,#255,#263,#271));
#253 = ORIENTED_EDGE('',*,*,#32,.F.);
#254 = ORIENTED_EDGE('',*,*,#81,.T.);
#255 = ORIENTED_EDGE('',*,*,#256,.F.);
#256 = EDGE_CURVE('',#257,#73,#259,.T.);
#257 = VERTEX_POINT('',#258);
#258 = CARTESIAN_POINT('',(1.,15.,60.));
#259 = LINE('',#260,#261);
#260 = CARTESIAN_POINT('',(0.,15.,60.));
#261 = VECTOR('',#262,1.);
#262 = DIRECTION('',(1.,0.,0.));
#263 = ORIENTED_EDGE('',*,*,#264,.F.);
#264 = EDGE_CURVE('',#265,#257,#267,.T.);
#265 = VERTEX_POINT('',#266);
#266 = CARTESIAN_POINT('',(1.,10.,60.));
#267 = LINE('',#268,#269);
#268 = CARTESIAN_POINT('',(1.,10.,60.));
#269 = VECTOR('',#270,1.);
#270 = DIRECTION('',(0.,1.,0.));
#271 = ORIENTED_EDGE('',*,*,#272,.F.);
#272 = EDGE_CURVE('',#33,#265,#273,.T.);
#273 = CIRCLE('',#274,9.);
#274 = AXIS2_PLACEMENT_3D('',#275,#276,#277);
#275 = CARTESIAN_POINT('',(10.,10.,60.));
#276 = DIRECTION('',(-0.,0.,-1.));
#277 = DIRECTION('',(-1.8E-16,-1.,0.));
#278 = FACE_BOUND('',#279,.T.);
#279 = EDGE_LOOP('',(#280));
#280 = ORIENTED_EDGE('',*,*,#281,.F.);
#281 = EDGE_CURVE('',#282,#282,#284,.T.);
#282 = VERTEX_POINT('',#283);
#283 = CARTESIAN_POINT('',(11.4,8.,60.));
#284 = CIRCLE('',#285,3.4);
#285 = AXIS2_PLACEMENT_3D('',#286,#287,#288);
#286 = CARTESIAN_POINT('',(8.,8.,60.));
#287 = DIRECTION('',(0.,0.,1.));
#288 = DIRECTION('',(1.,0.,0.));
#289 = PLANE('',#290);
#290 = AXIS2_PLACEMENT_3D('',#291,#292,#293);
#291 = CARTESIAN_POINT('',(0.,0.,60.));
#292 = DIRECTION('',(0.,0.,1.));
#293 = DIRECTION('',(1.,0.,0.));
#294 = ADVANCED_FACE('',(#295),#315,.T.);
#295 = FACE_BOUND('',#296,.F.);
#296 = EDGE_LOOP('',(#297,#298,#307,#314));
#297 = ORIENTED_EDGE('',*,*,#40,.F.);
#298 = ORIENTED_EDGE('',*,*,#299,.T.);
#299 = EDGE_CURVE('',#41,#300,#302,.T.);
#300 = VERTEX_POINT('',#301);
#301 = CARTESIAN_POINT('',(-2.E-15,10.,59.));
#302 = CIRCLE('',#303,10.);
#303 = AXIS2_PLACEMENT_3D('',#304,#305,#306);
#304 = CARTESIAN_POINT('',(10.,10.,59.));
#305 = DIRECTION('',(-0.,0.,-1.));
#306 = DIRECTION('',(-1.8E-16,-1.,0.));
#307 = ORIENTED_EDGE('',*,*,#308,.T.);
#308 = EDGE_CURVE('',#300,#265,#309,.T.);
#309 = CIRCLE('',#310,1.);
#310 = AXIS2_PLACEMENT_3D('',#311,#312,#313);
#311 = CARTESIAN_POINT('',(1.,10.,59.));
#312 = DIRECTION('',(-1.1E-16,1.,0.));
#313 = DIRECTION('',(-1.,-1.1E-16,0.));
#314 = ORIENTED_EDGE('',*,*,#272,.F.);
#315 = TOROIDAL_SURFACE('',#316,9.,1.);
#316 = AXIS2_PLACEMENT_3D('',#317,#318,#319);
#317 = CARTESIAN_POINT('',(10.,10.,59.));
#318 = DIRECTION('',(0.,0.,1.));
#319 = DIRECTION('',(-1.8E-16,-1.,0.));
#320 = ADVANCED_FACE('',(#321),#339,.T.);
#321 = FACE_BOUND('',#322,.T.);
#322 = EDGE_LOOP('',(#323,#331,#337,#338));
#323 = ORIENTED_EDGE('',*,*,#324,.F.);
#324 = EDGE_CURVE('',#325,#226,#327,.T.);
#325 = VERTEX_POINT('',#326);
#326 = CARTESIAN_POINT('',(16.,16.,17.4));
#327 = LINE('',#328,#329);
#328 = CARTESIAN_POINT('',(16.,19.19686935581,17.4));
#329 = VECTOR('',#330,1.);
#330 = DIRECTION('',(0.,-1.,0.));
#331 = ORIENTED_EDGE('',*,*,#332,.T.);
#332 = EDGE_CURVE('',#325,#65,#333,.T.);
#333 = LINE('',#334,#335);
#334 = CARTESIAN_POINT('',(16.,16.,6.));
#335 = VECTOR('',#336,1.);
#336 = DIRECTION('',(0.,0.,1.));
#337 = ORIENTED_EDGE('',*,*,#64,.F.);
#338 = ORIENTED_EDGE('',*,*,#233,.F.);
#339 = PLANE('',#340);
#340 = AXIS2_PLACEMENT_3D('',#341,#342,#343);
#341 = CARTESIAN_POINT('',(16.,38.39373871162,15.876610475617));
#342 = DIRECTION('',(1.,0.,0.));
#343 = DIRECTION('',(0.,0.,1.));
#344 = ADVANCED_FACE('',(#345),#364,.T.);
#345 = FACE_BOUND('',#346,.F.);
#346 = EDGE_LOOP('',(#347,#356,#362,#363));
#347 = ORIENTED_EDGE('',*,*,#348,.F.);
#348 = EDGE_CURVE('',#349,#257,#351,.T.);
#349 = VERTEX_POINT('',#350);
#350 = CARTESIAN_POINT('',(0.,16.,59.));
#351 = ELLIPSE('',#352,1.414213562373,1.);
#352 = AXIS2_PLACEMENT_3D('',#353,#354,#355);
#353 = CARTESIAN_POINT('',(1.,15.,59.));
#354 = DIRECTION('',(0.707106781187,0.707106781187,-0.));
#355 = DIRECTION('',(-0.707106781187,0.707106781187,0.));
#356 = ORIENTED_EDGE('',*,*,#357,.T.);
#357 = EDGE_CURVE('',#349,#65,#358,.T.);
#358 = LINE('',#359,#360);
#359 = CARTESIAN_POINT('',(0.,16.,59.));
#360 = VECTOR('',#361,1.);
#361 = DIRECTION('',(1.,0.,0.));
#362 = ORIENTED_EDGE('',*,*,#72,.F.);
#363 = ORIENTED_EDGE('',*,*,#256,.F.);
#364 = CYLINDRICAL_SURFACE('',#365,1.);
#365 = AXIS2_PLACEMENT_3D('',#366,#367,#368);
#366 = CARTESIAN_POINT('',(0.,15.,59.));
#367 = DIRECTION('',(1.,0.,0.));
#368 = DIRECTION('',(0.,0.,1.));
#369 = ADVANCED_FACE('',(#370),#429,.T.);
#370 = FACE_BOUND('',#371,.T.);
#371 = EDGE_LOOP('',(#372,#382,#388,#389,#398,#406,#414,#422));
#372 = ORIENTED_EDGE('',*,*,#373,.F.);
#373 = EDGE_CURVE('',#374,#376,#378,.T.);
#374 = VERTEX_POINT('',#375);
#375 = CARTESIAN_POINT('',(22.4,1.,6.));
#376 = VERTEX_POINT('',#377);
#377 = CARTESIAN_POINT('',(10.,1.,6.));
#378 = LINE('',#379,#380);
#379 = CARTESIAN_POINT('',(132.,1.,6.));
#380 = VECTOR('',#381,1.);
#381 = DIRECTION('',(-1.,-0.,-0.));
#382 = ORIENTED_EDGE('',*,*,#383,.F.);
#383 = EDGE_CURVE('',#98,#374,#384,.T.);
#384 = LINE('',#385,#386);
#385 = CARTESIAN_POINT('',(22.4,0.,6.));
#386 = VECTOR('',#387,1.);
#387 = DIRECTION('',(0.,1.,0.));
#388 = ORIENTED_EDGE('',*,*,#95,.F.);
#389 = ORIENTED_EDGE('',*,*,#390,.F.);
#390 = EDGE_CURVE('',#391,#96,#393,.T.);
#391 = VERTEX_POINT('',#392);
#392 = CARTESIAN_POINT('',(-2.E-15,10.,6.));
#393 = CIRCLE('',#394,10.);
#394 = AXIS2_PLACEMENT_3D('',#395,#396,#397);
#395 = CARTESIAN_POINT('',(10.,10.,6.));
#396 = DIRECTION('',(-0.,0.,1.));
#397 = DIRECTION('',(0.,-1.,0.));
#398 = ORIENTED_EDGE('',*,*,#399,.T.);
#399 = EDGE_CURVE('',#391,#400,#402,.T.);
#400 = VERTEX_POINT('',#401);
#401 = CARTESIAN_POINT('',(0.,16.,6.));
#402 = LINE('',#403,#404);
#403 = CARTESIAN_POINT('',(0.,0.,6.));
#404 = VECTOR('',#405,1.);
#405 = DIRECTION('',(0.,1.,0.));
#406 = ORIENTED_EDGE('',*,*,#407,.T.);
#407 = EDGE_CURVE('',#400,#408,#410,.T.);
#408 = VERTEX_POINT('',#409);
#409 = CARTESIAN_POINT('',(1.,16.,6.));
#410 = LINE('',#411,#412);
#411 = CARTESIAN_POINT('',(0.,16.,6.));
#412 = VECTOR('',#413,1.);
#413 = DIRECTION('',(1.,0.,0.));
#414 = ORIENTED_EDGE('',*,*,#415,.F.);
#415 = EDGE_CURVE('',#416,#408,#418,.T.);
#416 = VERTEX_POINT('',#417);
#417 = CARTESIAN_POINT('',(1.,10.,6.));
#418 = LINE('',#419,#420);
#419 = CARTESIAN_POINT('',(1.,10.,6.));
#420 = VECTOR('',#421,1.);
#421 = DIRECTION('',(0.,1.,0.));
#422 = ORIENTED_EDGE('',*,*,#423,.F.);
#423 = EDGE_CURVE('',#376,#416,#424,.T.);
#424 = CIRCLE('',#425,9.);
#425 = AXIS2_PLACEMENT_3D('',#426,#427,#428);
#426 = CARTESIAN_POINT('',(10.,10.,6.));
#427 = DIRECTION('',(-0.,0.,-1.));
#428 = DIRECTION('',(-1.8E-16,-1.,0.));
#429 = PLANE('',#430);
#430 = AXIS2_PLACEMENT_3D('',#431,#432,#433);
#431 = CARTESIAN_POINT('',(8.064975384086,4.467015283844,6.));
#432 = DIRECTION('',(-0.,-0.,-1.));
#433 = DIRECTION('',(-1.,0.,0.));
#434 = ADVANCED_FACE('',(#435),#485,.T.);
#435 = FACE_BOUND('',#436,.T.);
#436 = EDGE_LOOP('',(#437,#438,#439,#447,#455,#463,#471,#479));
#437 = ORIENTED_EDGE('',*,*,#105,.F.);
#438 = ORIENTED_EDGE('',*,*,#383,.T.);
#439 = ORIENTED_EDGE('',*,*,#440,.T.);
#440 = EDGE_CURVE('',#374,#441,#443,.T.);
#441 = VERTEX_POINT('',#442);
#442 = CARTESIAN_POINT('',(22.4,8.,6.));
#443 = LINE('',#444,#445);
#444 = CARTESIAN_POINT('',(22.4,0.,6.));
#445 = VECTOR('',#446,1.);
#446 = DIRECTION('',(0.,1.,0.));
#447 = ORIENTED_EDGE('',*,*,#448,.T.);
#448 = EDGE_CURVE('',#441,#449,#451,.T.);
#449 = VERTEX_POINT('',#450);
#450 = CARTESIAN_POINT('',(22.4,92.,6.));
#451 = LINE('',#452,#453);
#452 = CARTESIAN_POINT('',(22.4,0.,6.));
#453 = VECTOR('',#454,1.);
#454 = DIRECTION('',(0.,1.,0.));
#455 = ORIENTED_EDGE('',*,*,#456,.T.);
#456 = EDGE_CURVE('',#449,#457,#459,.T.);
#457 = VERTEX_POINT('',#458);
#458 = CARTESIAN_POINT('',(22.4,93.,6.));
#459 = LINE('',#460,#461);
#460 = CARTESIAN_POINT('',(22.4,0.,6.));
#461 = VECTOR('',#462,1.);
#462 = DIRECTION('',(0.,1.,0.));
#463 = ORIENTED_EDGE('',*,*,#464,.T.);
#464 = EDGE_CURVE('',#457,#465,#467,.T.);
#465 = VERTEX_POINT('',#466);
#466 = CARTESIAN_POINT('',(22.4,93.,8.));
#467 = LINE('',#468,#469);
#468 = CARTESIAN_POINT('',(22.4,93.,6.));
#469 = VECTOR('',#470,1.);
#470 = DIRECTION('',(0.,0.,1.));
#471 = ORIENTED_EDGE('',*,*,#472,.F.);
#472 = EDGE_CURVE('',#473,#465,#475,.T.);
#473 = VERTEX_POINT('',#474);
#474 = CARTESIAN_POINT('',(22.4,2.,8.));
#475 = LINE('',#476,#477);
#476 = CARTESIAN_POINT('',(22.4,0.,8.));
#477 = VECTOR('',#478,1.);
#478 = DIRECTION('',(0.,1.,0.));
#479 = ORIENTED_EDGE('',*,*,#480,.F.);
#480 = EDGE_CURVE('',#106,#473,#481,.T.);
#481 = LINE('',#482,#483);
#482 = CARTESIAN_POINT('',(22.4,0.,8.));
#483 = VECTOR('',#484,1.);
#484 = DIRECTION('',(0.,1.,0.));
#485 = PLANE('',#486);
#486 = AXIS2_PLACEMENT_3D('',#487,#488,#489);
#487 = CARTESIAN_POINT('',(22.4,0.,6.));
#488 = DIRECTION('',(1.,0.,0.));
#489 = DIRECTION('',(0.,0.,1.));
#490 = ADVANCED_FACE('',(#491),#509,.F.);
#491 = FACE_BOUND('',#492,.F.);
#492 = EDGE_LOOP('',(#493,#494,#495,#503));
#493 = ORIENTED_EDGE('',*,*,#480,.F.);
#494 = ORIENTED_EDGE('',*,*,#113,.T.);
#495 = ORIENTED_EDGE('',*,*,#496,.T.);
#496 = EDGE_CURVE('',#114,#497,#499,.T.);
#497 = VERTEX_POINT('',#498);
#498 = CARTESIAN_POINT('',(119.6,2.,8.));
#499 = LINE('',#500,#501);
#500 = CARTESIAN_POINT('',(119.6,0.,8.));
#501 = VECTOR('',#502,1.);
#502 = DIRECTION('',(0.,1.,0.));
#503 = ORIENTED_EDGE('',*,*,#504,.F.);
#504 = EDGE_CURVE('',#473,#497,#505,.T.);
#505 = LINE('',#506,#507);
#506 = CARTESIAN_POINT('',(15.3,2.,8.));
#507 = VECTOR('',#508,1.);
#508 = DIRECTION('',(1.,0.,0.));
#509 = PLANE('',#510);
#510 = AXIS2_PLACEMENT_3D('',#511,#512,#513);
#511 = CARTESIAN_POINT('',(15.3,0.,8.));
#512 = DIRECTION('',(0.,0.,1.));
#513 = DIRECTION('',(1.,0.,0.));
#514 = ADVANCED_FACE('',(#515),#565,.F.);
#515 = FACE_BOUND('',#516,.F.);
#516 = EDGE_LOOP('',(#517,#518,#526,#534,#542,#550,#558,#564));
#517 = ORIENTED_EDGE('',*,*,#121,.F.);
#518 = ORIENTED_EDGE('',*,*,#519,.T.);
#519 = EDGE_CURVE('',#122,#520,#522,.T.);
#520 = VERTEX_POINT('',#521);
#521 = CARTESIAN_POINT('',(119.6,1.,6.));
#522 = LINE('',#523,#524);
#523 = CARTESIAN_POINT('',(119.6,0.,6.));
#524 = VECTOR('',#525,1.);
#525 = DIRECTION('',(0.,1.,0.));
#526 = ORIENTED_EDGE('',*,*,#527,.T.);
#527 = EDGE_CURVE('',#520,#528,#530,.T.);
#528 = VERTEX_POINT('',#529);
#529 = CARTESIAN_POINT('',(119.6,8.,6.));
#530 = LINE('',#531,#532);
#531 = CARTESIAN_POINT('',(119.6,0.,6.));
#532 = VECTOR('',#533,1.);
#533 = DIRECTION('',(0.,1.,0.));
#534 = ORIENTED_EDGE('',*,*,#535,.T.);
#535 = EDGE_CURVE('',#528,#536,#538,.T.);
#536 = VERTEX_POINT('',#537);
#537 = CARTESIAN_POINT('',(119.6,92.,6.));
#538 = LINE('',#539,#540);
#539 = CARTESIAN_POINT('',(119.6,0.,6.));
#540 = VECTOR('',#541,1.);
#541 = DIRECTION('',(0.,1.,0.));
#542 = ORIENTED_EDGE('',*,*,#543,.T.);
#543 = EDGE_CURVE('',#536,#544,#546,.T.);
#544 = VERTEX_POINT('',#545);
#545 = CARTESIAN_POINT('',(119.6,93.,6.));
#546 = LINE('',#547,#548);
#547 = CARTESIAN_POINT('',(119.6,0.,6.));
#548 = VECTOR('',#549,1.);
#549 = DIRECTION('',(0.,1.,0.));
#550 = ORIENTED_EDGE('',*,*,#551,.T.);
#551 = EDGE_CURVE('',#544,#552,#554,.T.);
#552 = VERTEX_POINT('',#553);
#553 = CARTESIAN_POINT('',(119.6,93.,8.));
#554 = LINE('',#555,#556);
#555 = CARTESIAN_POINT('',(119.6,93.,6.));
#556 = VECTOR('',#557,1.);
#557 = DIRECTION('',(0.,0.,1.));
#558 = ORIENTED_EDGE('',*,*,#559,.F.);
#559 = EDGE_CURVE('',#497,#552,#560,.T.);
#560 = LINE('',#561,#562);
#561 = CARTESIAN_POINT('',(119.6,0.,8.));
#562 = VECTOR('',#563,1.);
#563 = DIRECTION('',(0.,1.,0.));
#564 = ORIENTED_EDGE('',*,*,#496,.F.);
#565 = PLANE('',#566);
#566 = AXIS2_PLACEMENT_3D('',#567,#568,#569);
#567 = CARTESIAN_POINT('',(119.6,0.,6.));
#568 = DIRECTION('',(1.,0.,0.));
#569 = DIRECTION('',(0.,0.,1.));
#570 = ADVANCED_FACE('',(#571),#623,.T.);
#571 = FACE_BOUND('',#572,.T.);
#572 = EDGE_LOOP('',(#573,#582,#583,#584,#592,#601,#609,#617));
#573 = ORIENTED_EDGE('',*,*,#574,.T.);
#574 = EDGE_CURVE('',#575,#130,#577,.T.);
#575 = VERTEX_POINT('',#576);
#576 = CARTESIAN_POINT('',(142.,10.,6.));
#577 = CIRCLE('',#578,10.);
#578 = AXIS2_PLACEMENT_3D('',#579,#580,#581);
#579 = CARTESIAN_POINT('',(132.,10.,6.));
#580 = DIRECTION('',(-0.,-0.,-1.));
#581 = DIRECTION('',(0.,-1.,0.));
#582 = ORIENTED_EDGE('',*,*,#129,.F.);
#583 = ORIENTED_EDGE('',*,*,#519,.T.);
#584 = ORIENTED_EDGE('',*,*,#585,.F.);
#585 = EDGE_CURVE('',#586,#520,#588,.T.);
#586 = VERTEX_POINT('',#587);
#587 = CARTESIAN_POINT('',(132.,1.,6.));
#588 = LINE('',#589,#590);
#589 = CARTESIAN_POINT('',(132.,1.,6.));
#590 = VECTOR('',#591,1.);
#591 = DIRECTION('',(-1.,-0.,-0.));
#592 = ORIENTED_EDGE('',*,*,#593,.F.);
#593 = EDGE_CURVE('',#594,#586,#596,.T.);
#594 = VERTEX_POINT('',#595);
#595 = CARTESIAN_POINT('',(141.,10.,6.));
#596 = CIRCLE('',#597,9.);
#597 = AXIS2_PLACEMENT_3D('',#598,#599,#600);
#598 = CARTESIAN_POINT('',(132.,10.,6.));
#599 = DIRECTION('',(0.,0.,-1.));
#600 = DIRECTION('',(1.,0.,0.));
#601 = ORIENTED_EDGE('',*,*,#602,.F.);
#602 = EDGE_CURVE('',#603,#594,#605,.T.);
#603 = VERTEX_POINT('',#604);
#604 = CARTESIAN_POINT('',(141.,16.,6.));
#605 = LINE('',#606,#607);
#606 = CARTESIAN_POINT('',(141.,90.,6.));
#607 = VECTOR('',#608,1.);
#608 = DIRECTION('',(-0.,-1.,-0.));
#609 = ORIENTED_EDGE('',*,*,#610,.T.);
#610 = EDGE_CURVE('',#603,#611,#613,.T.);
#611 = VERTEX_POINT('',#612);
#612 = CARTESIAN_POINT('',(142.,16.,6.));
#613 = LINE('',#614,#615);
#614 = CARTESIAN_POINT('',(126.,16.,6.));
#615 = VECTOR('',#616,1.);
#616 = DIRECTION('',(1.,0.,0.));
#617 = ORIENTED_EDGE('',*,*,#618,.F.);
#618 = EDGE_CURVE('',#575,#611,#619,.T.);
#619 = LINE('',#620,#621);
#620 = CARTESIAN_POINT('',(142.,0.,6.));
#621 = VECTOR('',#622,1.);
#622 = DIRECTION('',(0.,1.,0.));
#623 = PLANE('',#624);
#624 = AXIS2_PLACEMENT_3D('',#625,#626,#627);
#625 = CARTESIAN_POINT('',(133.93502461591,4.467015283844,6.));
#626 = DIRECTION('',(-0.,-0.,-1.));
#627 = DIRECTION('',(-1.,0.,0.));
#628 = ADVANCED_FACE('',(#629),#648,.T.);
#629 = FACE_BOUND('',#630,.F.);
#630 = EDGE_LOOP('',(#631,#639,#640,#641));
#631 = ORIENTED_EDGE('',*,*,#632,.F.);
#632 = EDGE_CURVE('',#575,#633,#635,.T.);
#633 = VERTEX_POINT('',#634);
#634 = CARTESIAN_POINT('',(142.,10.,59.));
#635 = LINE('',#636,#637);
#636 = CARTESIAN_POINT('',(142.,10.,6.));
#637 = VECTOR('',#638,1.);
#638 = DIRECTION('',(0.,0.,1.));
#639 = ORIENTED_EDGE('',*,*,#574,.T.);
#640 = ORIENTED_EDGE('',*,*,#137,.T.);
#641 = ORIENTED_EDGE('',*,*,#642,.T.);
#642 = EDGE_CURVE('',#138,#633,#643,.T.);
#643 = CIRCLE('',#644,10.);
#644 = AXIS2_PLACEMENT_3D('',#645,#646,#647);
#645 = CARTESIAN_POINT('',(132.,10.,59.));
#646 = DIRECTION('',(-0.,0.,1.));
#647 = DIRECTION('',(0.,-1.,0.));
#648 = CYLINDRICAL_SURFACE('',#649,10.);
#649 = AXIS2_PLACEMENT_3D('',#650,#651,#652);
#650 = CARTESIAN_POINT('',(132.,10.,6.));
#651 = DIRECTION('',(0.,0.,1.));
#652 = DIRECTION('',(1.,0.,0.));
#653 = ADVANCED_FACE('',(#654),#681,.T.);
#654 = FACE_BOUND('',#655,.F.);
#655 = EDGE_LOOP('',(#656,#665,#673,#680));
#656 = ORIENTED_EDGE('',*,*,#657,.T.);
#657 = EDGE_CURVE('',#146,#658,#660,.T.);
#658 = VERTEX_POINT('',#659);
#659 = CARTESIAN_POINT('',(127.,1.,60.));
#660 = ELLIPSE('',#661,1.414213562373,1.);
#661 = AXIS2_PLACEMENT_3D('',#662,#663,#664);
#662 = CARTESIAN_POINT('',(127.,1.,59.));
#663 = DIRECTION('',(-0.707106781187,0.707106781187,0.));
#664 = DIRECTION('',(0.707106781187,0.707106781187,0.));
#665 = ORIENTED_EDGE('',*,*,#666,.T.);
#666 = EDGE_CURVE('',#658,#667,#669,.T.);
#667 = VERTEX_POINT('',#668);
#668 = CARTESIAN_POINT('',(132.,1.,60.));
#669 = LINE('',#670,#671);
#670 = CARTESIAN_POINT('',(126.,1.,60.));
#671 = VECTOR('',#672,1.);
#672 = DIRECTION('',(1.,0.,0.));
#673 = ORIENTED_EDGE('',*,*,#674,.F.);
#674 = EDGE_CURVE('',#138,#667,#675,.T.);
#675 = CIRCLE('',#676,1.);
#676 = AXIS2_PLACEMENT_3D('',#677,#678,#679);
#677 = CARTESIAN_POINT('',(132.,1.,59.));
#678 = DIRECTION('',(-1.,0.,0.));
#679 = DIRECTION('',(0.,-1.,0.));
#680 = ORIENTED_EDGE('',*,*,#145,.F.);
#681 = CYLINDRICAL_SURFACE('',#682,1.);
#682 = AXIS2_PLACEMENT_3D('',#683,#684,#685);
#683 = CARTESIAN_POINT('',(126.,1.,59.));
#684 = DIRECTION('',(1.,0.,0.));
#685 = DIRECTION('',(0.,-1.,0.));
#686 = ADVANCED_FACE('',(#687),#712,.T.);
#687 = FACE_BOUND('',#688,.T.);
#688 = EDGE_LOOP('',(#689,#699,#705,#706));
#689 = ORIENTED_EDGE('',*,*,#690,.F.);
#690 = EDGE_CURVE('',#691,#693,#695,.T.);
#691 = VERTEX_POINT('',#692);
#692 = CARTESIAN_POINT('',(126.,16.,17.4));
#693 = VERTEX_POINT('',#694);
#694 = CARTESIAN_POINT('',(126.,16.,59.));
#695 = LINE('',#696,#697);
#696 = CARTESIAN_POINT('',(126.,16.,6.));
#697 = VECTOR('',#698,1.);
#698 = DIRECTION('',(0.,0.,1.));
#699 = ORIENTED_EDGE('',*,*,#700,.F.);
#700 = EDGE_CURVE('',#154,#691,#701,.T.);
#701 = LINE('',#702,#703);
#702 = CARTESIAN_POINT('',(126.,19.19686935581,17.4));
#703 = VECTOR('',#704,1.);
#704 = DIRECTION('',(0.,1.,0.));
#705 = ORIENTED_EDGE('',*,*,#153,.T.);
#706 = ORIENTED_EDGE('',*,*,#707,.T.);
#707 = EDGE_CURVE('',#146,#693,#708,.T.);
#708 = LINE('',#709,#710);
#709 = CARTESIAN_POINT('',(126.,0.,59.));
#710 = VECTOR('',#711,1.);
#711 = DIRECTION('',(0.,1.,0.));
#712 = PLANE('',#713);
#713 = AXIS2_PLACEMENT_3D('',#714,#715,#716);
#714 = CARTESIAN_POINT('',(126.,38.39373871162,15.876610475617));
#715 = DIRECTION('',(-1.,-0.,-0.));
#716 = DIRECTION('',(0.,0.,-1.));
#717 = ADVANCED_FACE('',(#718),#784,.T.);
#718 = FACE_BOUND('',#719,.T.);
#719 = EDGE_LOOP('',(#720,#730,#736,#737,#738,#746,#754,#762,#770,#778)
  );
#720 = ORIENTED_EDGE('',*,*,#721,.F.);
#721 = EDGE_CURVE('',#722,#724,#726,.T.);
#722 = VERTEX_POINT('',#723);
#723 = CARTESIAN_POINT('',(121.6,92.,17.4));
#724 = VERTEX_POINT('',#725);
#725 = CARTESIAN_POINT('',(122.9,92.,17.4));
#726 = LINE('',#727,#728);
#727 = CARTESIAN_POINT('',(124.2,92.,17.4));
#728 = VECTOR('',#729,1.);
#729 = DIRECTION('',(1.,0.,0.));
#730 = ORIENTED_EDGE('',*,*,#731,.F.);
#731 = EDGE_CURVE('',#162,#722,#732,.T.);
#732 = LINE('',#733,#734);
#733 = CARTESIAN_POINT('',(121.6,0.,17.4));
#734 = VECTOR('',#735,1.);
#735 = DIRECTION('',(0.,1.,0.));
#736 = ORIENTED_EDGE('',*,*,#161,.T.);
#737 = ORIENTED_EDGE('',*,*,#700,.T.);
#738 = ORIENTED_EDGE('',*,*,#739,.T.);
#739 = EDGE_CURVE('',#691,#740,#742,.T.);
#740 = VERTEX_POINT('',#741);
#741 = CARTESIAN_POINT('',(127.7,16.,17.4));
#742 = LINE('',#743,#744);
#743 = CARTESIAN_POINT('',(123.8,16.,17.4));
#744 = VECTOR('',#745,1.);
#745 = DIRECTION('',(1.,0.,0.));
#746 = ORIENTED_EDGE('',*,*,#747,.T.);
#747 = EDGE_CURVE('',#740,#748,#750,.T.);
#748 = VERTEX_POINT('',#749);
#749 = CARTESIAN_POINT('',(127.7,92.,17.4));
#750 = LINE('',#751,#752);
#751 = CARTESIAN_POINT('',(127.7,0.,17.4));
#752 = VECTOR('',#753,1.);
#753 = DIRECTION('',(0.,1.,0.));
#754 = ORIENTED_EDGE('',*,*,#755,.F.);
#755 = EDGE_CURVE('',#756,#748,#758,.T.);
#756 = VERTEX_POINT('',#757);
#757 = CARTESIAN_POINT('',(124.5,92.,17.4));
#758 = LINE('',#759,#760);
#759 = CARTESIAN_POINT('',(124.2,92.,17.4));
#760 = VECTOR('',#761,1.);
#761 = DIRECTION('',(1.,0.,0.));
#762 = ORIENTED_EDGE('',*,*,#763,.F.);
#763 = EDGE_CURVE('',#764,#756,#766,.T.);
#764 = VERTEX_POINT('',#765);
#765 = CARTESIAN_POINT('',(124.5,83.7,17.4));
#766 = LINE('',#767,#768);
#767 = CARTESIAN_POINT('',(124.5,64.919317023445,17.4));
#768 = VECTOR('',#769,1.);
#769 = DIRECTION('',(0.,1.,0.));
#770 = ORIENTED_EDGE('',*,*,#771,.T.);
#771 = EDGE_CURVE('',#764,#772,#774,.T.);
#772 = VERTEX_POINT('',#773);
#773 = CARTESIAN_POINT('',(122.9,83.7,17.4));
#774 = LINE('',#775,#776);
#775 = CARTESIAN_POINT('',(123.70568297655,83.7,17.4));
#776 = VECTOR('',#777,1.);
#777 = DIRECTION('',(-1.,0.,0.));
#778 = ORIENTED_EDGE('',*,*,#779,.T.);
#779 = EDGE_CURVE('',#772,#724,#780,.T.);
#780 = LINE('',#781,#782);
#781 = CARTESIAN_POINT('',(122.9,64.919317023445,17.4));
#782 = VECTOR('',#783,1.);
#783 = DIRECTION('',(0.,1.,0.));
#784 = PLANE('',#785);
#785 = AXIS2_PLACEMENT_3D('',#786,#787,#788);
#786 = CARTESIAN_POINT('',(124.5113659531,46.138634046891,17.4));
#787 = DIRECTION('',(0.,0.,1.));
#788 = DIRECTION('',(1.,0.,0.));
#789 = ADVANCED_FACE('',(#790),#808,.F.);
#790 = FACE_BOUND('',#791,.F.);
#791 = EDGE_LOOP('',(#792,#793,#801,#807));
#792 = ORIENTED_EDGE('',*,*,#169,.F.);
#793 = ORIENTED_EDGE('',*,*,#794,.T.);
#794 = EDGE_CURVE('',#170,#795,#797,.T.);
#795 = VERTEX_POINT('',#796);
#796 = CARTESIAN_POINT('',(121.6,92.,15.));
#797 = LINE('',#798,#799);
#798 = CARTESIAN_POINT('',(121.6,0.,15.));
#799 = VECTOR('',#800,1.);
#800 = DIRECTION('',(0.,1.,0.));
#801 = ORIENTED_EDGE('',*,*,#802,.T.);
#802 = EDGE_CURVE('',#795,#722,#803,.T.);
#803 = LINE('',#804,#805);
#804 = CARTESIAN_POINT('',(121.6,92.,15.));
#805 = VECTOR('',#806,1.);
#806 = DIRECTION('',(0.,0.,1.));
#807 = ORIENTED_EDGE('',*,*,#731,.F.);
#808 = PLANE('',#809);
#809 = AXIS2_PLACEMENT_3D('',#810,#811,#812);
#810 = CARTESIAN_POINT('',(121.6,0.,15.));
#811 = DIRECTION('',(1.,0.,0.));
#812 = DIRECTION('',(0.,0.,1.));
#813 = ADVANCED_FACE('',(#814),#848,.F.);
#814 = FACE_BOUND('',#815,.F.);
#815 = EDGE_LOOP('',(#816,#824,#825,#826,#834,#842));
#816 = ORIENTED_EDGE('',*,*,#817,.F.);
#817 = EDGE_CURVE('',#795,#818,#820,.T.);
#818 = VERTEX_POINT('',#819);
#819 = CARTESIAN_POINT('',(122.9,92.,15.));
#820 = LINE('',#821,#822);
#821 = CARTESIAN_POINT('',(121.6,92.,15.));
#822 = VECTOR('',#823,1.);
#823 = DIRECTION('',(1.,0.,0.));
#824 = ORIENTED_EDGE('',*,*,#794,.F.);
#825 = ORIENTED_EDGE('',*,*,#177,.T.);
#826 = ORIENTED_EDGE('',*,*,#827,.F.);
#827 = EDGE_CURVE('',#828,#178,#830,.T.);
#828 = VERTEX_POINT('',#829);
#829 = CARTESIAN_POINT('',(124.2,83.7,15.));
#830 = LINE('',#831,#832);
#831 = CARTESIAN_POINT('',(124.2,0.,15.));
#832 = VECTOR('',#833,1.);
#833 = DIRECTION('',(0.,-1.,0.));
#834 = ORIENTED_EDGE('',*,*,#835,.T.);
#835 = EDGE_CURVE('',#828,#836,#838,.T.);
#836 = VERTEX_POINT('',#837);
#837 = CARTESIAN_POINT('',(122.9,83.7,15.));
#838 = LINE('',#839,#840);
#839 = CARTESIAN_POINT('',(122.25,83.7,15.));
#840 = VECTOR('',#841,1.);
#841 = DIRECTION('',(-1.,0.,0.));
#842 = ORIENTED_EDGE('',*,*,#843,.T.);
#843 = EDGE_CURVE('',#836,#818,#844,.T.);
#844 = LINE('',#845,#846);
#845 = CARTESIAN_POINT('',(122.9,41.85,15.));
#846 = VECTOR('',#847,1.);
#847 = DIRECTION('',(0.,1.,0.));
#848 = PLANE('',#849);
#849 = AXIS2_PLACEMENT_3D('',#850,#851,#852);
#850 = CARTESIAN_POINT('',(121.6,0.,15.));
#851 = DIRECTION('',(0.,0.,1.));
#852 = DIRECTION('',(1.,0.,0.));
#853 = ADVANCED_FACE('',(#854),#904,.F.);
#854 = FACE_BOUND('',#855,.F.);
#855 = EDGE_LOOP('',(#856,#857,#865,#873,#881,#889,#897,#903));
#856 = ORIENTED_EDGE('',*,*,#185,.F.);
#857 = ORIENTED_EDGE('',*,*,#858,.F.);
#858 = EDGE_CURVE('',#859,#186,#861,.T.);
#859 = VERTEX_POINT('',#860);
#860 = CARTESIAN_POINT('',(124.2,2.,14.));
#861 = LINE('',#862,#863);
#862 = CARTESIAN_POINT('',(124.2,0.,14.));
#863 = VECTOR('',#864,1.);
#864 = DIRECTION('',(0.,-1.,0.));
#865 = ORIENTED_EDGE('',*,*,#866,.F.);
#866 = EDGE_CURVE('',#867,#859,#869,.T.);
#867 = VERTEX_POINT('',#868);
#868 = CARTESIAN_POINT('',(124.2,2.,8.));
#869 = LINE('',#870,#871);
#870 = CARTESIAN_POINT('',(124.2,2.,8.));
#871 = VECTOR('',#872,1.);
#872 = DIRECTION('',(0.,0.,1.));
#873 = ORIENTED_EDGE('',*,*,#874,.T.);
#874 = EDGE_CURVE('',#867,#875,#877,.T.);
#875 = VERTEX_POINT('',#876);
#876 = CARTESIAN_POINT('',(124.2,92.,8.));
#877 = LINE('',#878,#879);
#878 = CARTESIAN_POINT('',(124.2,0.,8.));
#879 = VECTOR('',#880,1.);
#880 = DIRECTION('',(0.,1.,0.));
#881 = ORIENTED_EDGE('',*,*,#882,.T.);
#882 = EDGE_CURVE('',#875,#883,#885,.T.);
#883 = VERTEX_POINT('',#884);
#884 = CARTESIAN_POINT('',(124.2,92.,14.9));
#885 = LINE('',#886,#887);
#886 = CARTESIAN_POINT('',(124.2,92.,8.));
#887 = VECTOR('',#888,1.);
#888 = DIRECTION('',(0.,0.,1.));
#889 = ORIENTED_EDGE('',*,*,#890,.T.);
#890 = EDGE_CURVE('',#883,#891,#893,.T.);
#891 = VERTEX_POINT('',#892);
#892 = CARTESIAN_POINT('',(124.2,83.7,14.9));
#893 = LINE('',#894,#895);
#894 = CARTESIAN_POINT('',(124.2,41.85,14.9));
#895 = VECTOR('',#896,1.);
#896 = DIRECTION('',(0.,-1.,0.));
#897 = ORIENTED_EDGE('',*,*,#898,.T.);
#898 = EDGE_CURVE('',#891,#828,#899,.T.);
#899 = LINE('',#900,#901);
#900 = CARTESIAN_POINT('',(124.2,83.7,11.45));
#901 = VECTOR('',#902,1.);
#902 = DIRECTION('',(0.,0.,1.));
#903 = ORIENTED_EDGE('',*,*,#827,.T.);
#904 = PLANE('',#905);
#905 = AXIS2_PLACEMENT_3D('',#906,#907,#908);
#906 = CARTESIAN_POINT('',(124.2,0.,8.));
#907 = DIRECTION('',(1.,0.,0.));
#908 = DIRECTION('',(0.,0.,1.));
#909 = ADVANCED_FACE('',(#910),#928,.T.);
#910 = FACE_BOUND('',#911,.T.);
#911 = EDGE_LOOP('',(#912,#920,#921,#922));
#912 = ORIENTED_EDGE('',*,*,#913,.T.);
#913 = EDGE_CURVE('',#914,#194,#916,.T.);
#914 = VERTEX_POINT('',#915);
#915 = CARTESIAN_POINT('',(17.8,2.,14.));
#916 = LINE('',#917,#918);
#917 = CARTESIAN_POINT('',(17.8,0.,14.));
#918 = VECTOR('',#919,1.);
#919 = DIRECTION('',(0.,-1.,0.));
#920 = ORIENTED_EDGE('',*,*,#193,.T.);
#921 = ORIENTED_EDGE('',*,*,#858,.F.);
#922 = ORIENTED_EDGE('',*,*,#923,.F.);
#923 = EDGE_CURVE('',#914,#859,#924,.T.);
#924 = LINE('',#925,#926);
#925 = CARTESIAN_POINT('',(15.3,2.,14.));
#926 = VECTOR('',#927,1.);
#927 = DIRECTION('',(1.,0.,0.));
#928 = PLANE('',#929);
#929 = AXIS2_PLACEMENT_3D('',#930,#931,#932);
#930 = CARTESIAN_POINT('',(15.3,0.,14.));
#931 = DIRECTION('',(0.,0.,1.));
#932 = DIRECTION('',(1.,0.,0.));
#933 = ADVANCED_FACE('',(#934),#984,.T.);
#934 = FACE_BOUND('',#935,.T.);
#935 = EDGE_LOOP('',(#936,#937,#938,#946,#954,#962,#970,#978));
#936 = ORIENTED_EDGE('',*,*,#201,.F.);
#937 = ORIENTED_EDGE('',*,*,#913,.F.);
#938 = ORIENTED_EDGE('',*,*,#939,.F.);
#939 = EDGE_CURVE('',#940,#914,#942,.T.);
#940 = VERTEX_POINT('',#941);
#941 = CARTESIAN_POINT('',(17.8,2.,8.));
#942 = LINE('',#943,#944);
#943 = CARTESIAN_POINT('',(17.8,2.,8.));
#944 = VECTOR('',#945,1.);
#945 = DIRECTION('',(0.,0.,1.));
#946 = ORIENTED_EDGE('',*,*,#947,.T.);
#947 = EDGE_CURVE('',#940,#948,#950,.T.);
#948 = VERTEX_POINT('',#949);
#949 = CARTESIAN_POINT('',(17.8,92.,8.));
#950 = LINE('',#951,#952);
#951 = CARTESIAN_POINT('',(17.8,0.,8.));
#952 = VECTOR('',#953,1.);
#953 = DIRECTION('',(0.,1.,0.));
#954 = ORIENTED_EDGE('',*,*,#955,.T.);
#955 = EDGE_CURVE('',#948,#956,#958,.T.);
#956 = VERTEX_POINT('',#957);
#957 = CARTESIAN_POINT('',(17.8,92.,14.9));
#958 = LINE('',#959,#960);
#959 = CARTESIAN_POINT('',(17.8,92.,8.));
#960 = VECTOR('',#961,1.);
#961 = DIRECTION('',(0.,0.,1.));
#962 = ORIENTED_EDGE('',*,*,#963,.T.);
#963 = EDGE_CURVE('',#956,#964,#966,.T.);
#964 = VERTEX_POINT('',#965);
#965 = CARTESIAN_POINT('',(17.8,83.7,14.9));
#966 = LINE('',#967,#968);
#967 = CARTESIAN_POINT('',(17.8,41.85,14.9));
#968 = VECTOR('',#969,1.);
#969 = DIRECTION('',(0.,-1.,0.));
#970 = ORIENTED_EDGE('',*,*,#971,.T.);
#971 = EDGE_CURVE('',#964,#972,#974,.T.);
#972 = VERTEX_POINT('',#973);
#973 = CARTESIAN_POINT('',(17.8,83.7,15.));
#974 = LINE('',#975,#976);
#975 = CARTESIAN_POINT('',(17.8,83.7,11.45));
#976 = VECTOR('',#977,1.);
#977 = DIRECTION('',(0.,0.,1.));
#978 = ORIENTED_EDGE('',*,*,#979,.T.);
#979 = EDGE_CURVE('',#972,#202,#980,.T.);
#980 = LINE('',#981,#982);
#981 = CARTESIAN_POINT('',(17.8,0.,15.));
#982 = VECTOR('',#983,1.);
#983 = DIRECTION('',(0.,-1.,0.));
#984 = PLANE('',#985);
#985 = AXIS2_PLACEMENT_3D('',#986,#987,#988);
#986 = CARTESIAN_POINT('',(17.8,0.,8.));
#987 = DIRECTION('',(1.,0.,0.));
#988 = DIRECTION('',(0.,0.,1.));
#989 = ADVANCED_FACE('',(#990),#1024,.F.);
#990 = FACE_BOUND('',#991,.F.);
#991 = EDGE_LOOP('',(#992,#1000,#1001,#1002,#1010,#1018));
#992 = ORIENTED_EDGE('',*,*,#993,.T.);
#993 = EDGE_CURVE('',#994,#972,#996,.T.);
#994 = VERTEX_POINT('',#995);
#995 = CARTESIAN_POINT('',(19.1,83.7,15.));
#996 = LINE('',#997,#998);
#997 = CARTESIAN_POINT('',(15.9,83.7,15.));
#998 = VECTOR('',#999,1.);
#999 = DIRECTION('',(-1.,0.,0.));
#1000 = ORIENTED_EDGE('',*,*,#979,.T.);
#1001 = ORIENTED_EDGE('',*,*,#209,.T.);
#1002 = ORIENTED_EDGE('',*,*,#1003,.T.);
#1003 = EDGE_CURVE('',#210,#1004,#1006,.T.);
#1004 = VERTEX_POINT('',#1005);
#1005 = CARTESIAN_POINT('',(20.4,92.,15.));
#1006 = LINE('',#1007,#1008);
#1007 = CARTESIAN_POINT('',(20.4,0.,15.));
#1008 = VECTOR('',#1009,1.);
#1009 = DIRECTION('',(0.,1.,0.));
#1010 = ORIENTED_EDGE('',*,*,#1011,.F.);
#1011 = EDGE_CURVE('',#1012,#1004,#1014,.T.);
#1012 = VERTEX_POINT('',#1013);
#1013 = CARTESIAN_POINT('',(19.1,92.,15.));
#1014 = LINE('',#1015,#1016);
#1015 = CARTESIAN_POINT('',(14.3,92.,15.));
#1016 = VECTOR('',#1017,1.);
#1017 = DIRECTION('',(1.,0.,0.));
#1018 = ORIENTED_EDGE('',*,*,#1019,.F.);
#1019 = EDGE_CURVE('',#994,#1012,#1020,.T.);
#1020 = LINE('',#1021,#1022);
#1021 = CARTESIAN_POINT('',(19.1,41.85,15.));
#1022 = VECTOR('',#1023,1.);
#1023 = DIRECTION('',(0.,1.,0.));
#1024 = PLANE('',#1025);
#1025 = AXIS2_PLACEMENT_3D('',#1026,#1027,#1028);
#1026 = CARTESIAN_POINT('',(14.3,0.,15.));
#1027 = DIRECTION('',(0.,0.,1.));
#1028 = DIRECTION('',(1.,0.,0.));
#1029 = ADVANCED_FACE('',(#1030),#1048,.T.);
#1030 = FACE_BOUND('',#1031,.T.);
#1031 = EDGE_LOOP('',(#1032,#1033,#1034,#1042));
#1032 = ORIENTED_EDGE('',*,*,#217,.F.);
#1033 = ORIENTED_EDGE('',*,*,#1003,.T.);
#1034 = ORIENTED_EDGE('',*,*,#1035,.T.);
#1035 = EDGE_CURVE('',#1004,#1036,#1038,.T.);
#1036 = VERTEX_POINT('',#1037);
#1037 = CARTESIAN_POINT('',(20.4,92.,17.4));
#1038 = LINE('',#1039,#1040);
#1039 = CARTESIAN_POINT('',(20.4,92.,15.));
#1040 = VECTOR('',#1041,1.);
#1041 = DIRECTION('',(0.,0.,1.));
#1042 = ORIENTED_EDGE('',*,*,#1043,.F.);
#1043 = EDGE_CURVE('',#218,#1036,#1044,.T.);
#1044 = LINE('',#1045,#1046);
#1045 = CARTESIAN_POINT('',(20.4,0.,17.4));
#1046 = VECTOR('',#1047,1.);
#1047 = DIRECTION('',(0.,1.,0.));
#1048 = PLANE('',#1049);
#1049 = AXIS2_PLACEMENT_3D('',#1050,#1051,#1052);
#1050 = CARTESIAN_POINT('',(20.4,0.,15.));
#1051 = DIRECTION('',(1.,0.,0.));
#1052 = DIRECTION('',(0.,0.,1.));
#1053 = ADVANCED_FACE('',(#1054),#1113,.T.);
#1054 = FACE_BOUND('',#1055,.T.);
#1055 = EDGE_LOOP('',(#1056,#1066,#1072,#1073,#1074,#1075,#1083,#1091,
    #1099,#1107));
#1056 = ORIENTED_EDGE('',*,*,#1057,.F.);
#1057 = EDGE_CURVE('',#1058,#1060,#1062,.T.);
#1058 = VERTEX_POINT('',#1059);
#1059 = CARTESIAN_POINT('',(14.3,16.,17.4));
#1060 = VERTEX_POINT('',#1061);
#1061 = CARTESIAN_POINT('',(14.3,92.,17.4));
#1062 = LINE('',#1063,#1064);
#1063 = CARTESIAN_POINT('',(14.3,0.,17.4));
#1064 = VECTOR('',#1065,1.);
#1065 = DIRECTION('',(0.,1.,0.));
#1066 = ORIENTED_EDGE('',*,*,#1067,.T.);
#1067 = EDGE_CURVE('',#1058,#325,#1068,.T.);
#1068 = LINE('',#1069,#1070);
#1069 = CARTESIAN_POINT('',(7.15,16.,17.4));
#1070 = VECTOR('',#1071,1.);
#1071 = DIRECTION('',(1.,0.,0.));
#1072 = ORIENTED_EDGE('',*,*,#324,.T.);
#1073 = ORIENTED_EDGE('',*,*,#225,.T.);
#1074 = ORIENTED_EDGE('',*,*,#1043,.T.);
#1075 = ORIENTED_EDGE('',*,*,#1076,.F.);
#1076 = EDGE_CURVE('',#1077,#1036,#1079,.T.);
#1077 = VERTEX_POINT('',#1078);
#1078 = CARTESIAN_POINT('',(19.1,92.,17.4));
#1079 = LINE('',#1080,#1081);
#1080 = CARTESIAN_POINT('',(14.3,92.,17.4));
#1081 = VECTOR('',#1082,1.);
#1082 = DIRECTION('',(1.,0.,0.));
#1083 = ORIENTED_EDGE('',*,*,#1084,.F.);
#1084 = EDGE_CURVE('',#1085,#1077,#1087,.T.);
#1085 = VERTEX_POINT('',#1086);
#1086 = CARTESIAN_POINT('',(19.1,83.7,17.4));
#1087 = LINE('',#1088,#1089);
#1088 = CARTESIAN_POINT('',(19.1,64.919317023445,17.4));
#1089 = VECTOR('',#1090,1.);
#1090 = DIRECTION('',(0.,1.,0.));
#1091 = ORIENTED_EDGE('',*,*,#1092,.T.);
#1092 = EDGE_CURVE('',#1085,#1093,#1095,.T.);
#1093 = VERTEX_POINT('',#1094);
#1094 = CARTESIAN_POINT('',(17.5,83.7,17.4));
#1095 = LINE('',#1096,#1097);
#1096 = CARTESIAN_POINT('',(17.494317023445,83.7,17.4));
#1097 = VECTOR('',#1098,1.);
#1098 = DIRECTION('',(-1.,0.,0.));
#1099 = ORIENTED_EDGE('',*,*,#1100,.T.);
#1100 = EDGE_CURVE('',#1093,#1101,#1103,.T.);
#1101 = VERTEX_POINT('',#1102);
#1102 = CARTESIAN_POINT('',(17.5,92.,17.4));
#1103 = LINE('',#1104,#1105);
#1104 = CARTESIAN_POINT('',(17.5,64.919317023445,17.4));
#1105 = VECTOR('',#1106,1.);
#1106 = DIRECTION('',(0.,1.,0.));
#1107 = ORIENTED_EDGE('',*,*,#1108,.F.);
#1108 = EDGE_CURVE('',#1060,#1101,#1109,.T.);
#1109 = LINE('',#1110,#1111);
#1110 = CARTESIAN_POINT('',(14.3,92.,17.4));
#1111 = VECTOR('',#1112,1.);
#1112 = DIRECTION('',(1.,0.,0.));
#1113 = PLANE('',#1114);
#1114 = AXIS2_PLACEMENT_3D('',#1115,#1116,#1117);
#1115 = CARTESIAN_POINT('',(17.488634046891,46.138634046891,17.4));
#1116 = DIRECTION('',(0.,0.,1.));
#1117 = DIRECTION('',(1.,0.,0.));
#1118 = ADVANCED_FACE('',(#1119),#1130,.T.);
#1119 = FACE_BOUND('',#1120,.T.);
#1120 = EDGE_LOOP('',(#1121,#1127,#1128,#1129));
#1121 = ORIENTED_EDGE('',*,*,#1122,.F.);
#1122 = EDGE_CURVE('',#391,#300,#1123,.T.);
#1123 = LINE('',#1124,#1125);
#1124 = CARTESIAN_POINT('',(-1.78E-15,10.,6.));
#1125 = VECTOR('',#1126,1.);
#1126 = DIRECTION('',(0.,0.,1.));
#1127 = ORIENTED_EDGE('',*,*,#390,.T.);
#1128 = ORIENTED_EDGE('',*,*,#240,.T.);
#1129 = ORIENTED_EDGE('',*,*,#299,.T.);
#1130 = CYLINDRICAL_SURFACE('',#1131,10.);
#1131 = AXIS2_PLACEMENT_3D('',#1132,#1133,#1134);
#1132 = CARTESIAN_POINT('',(10.,10.,6.));
#1133 = DIRECTION('',(0.,0.,1.));
#1134 = DIRECTION('',(-1.,0.,0.));
#1135 = ADVANCED_FACE('',(#1136),#1147,.T.);
#1136 = FACE_BOUND('',#1137,.T.);
#1137 = EDGE_LOOP('',(#1138,#1139,#1140,#1141));
#1138 = ORIENTED_EDGE('',*,*,#308,.T.);
#1139 = ORIENTED_EDGE('',*,*,#264,.T.);
#1140 = ORIENTED_EDGE('',*,*,#348,.F.);
#1141 = ORIENTED_EDGE('',*,*,#1142,.F.);
#1142 = EDGE_CURVE('',#300,#349,#1143,.T.);
#1143 = LINE('',#1144,#1145);
#1144 = CARTESIAN_POINT('',(-2.2E-16,10.,59.));
#1145 = VECTOR('',#1146,1.);
#1146 = DIRECTION('',(0.,1.,0.));
#1147 = CYLINDRICAL_SURFACE('',#1148,1.);
#1148 = AXIS2_PLACEMENT_3D('',#1149,#1150,#1151);
#1149 = CARTESIAN_POINT('',(1.,10.,59.));
#1150 = DIRECTION('',(0.,1.,0.));
#1151 = DIRECTION('',(-1.,0.,0.));
#1152 = ADVANCED_FACE('',(#1153),#1172,.T.);
#1153 = FACE_BOUND('',#1154,.F.);
#1154 = EDGE_LOOP('',(#1155,#1163,#1170,#1171));
#1155 = ORIENTED_EDGE('',*,*,#1156,.T.);
#1156 = EDGE_CURVE('',#282,#1157,#1159,.T.);
#1157 = VERTEX_POINT('',#1158);
#1158 = CARTESIAN_POINT('',(11.4,8.,64.9));
#1159 = LINE('',#1160,#1161);
#1160 = CARTESIAN_POINT('',(11.4,8.,60.));
#1161 = VECTOR('',#1162,1.);
#1162 = DIRECTION('',(0.,0.,1.));
#1163 = ORIENTED_EDGE('',*,*,#1164,.T.);
#1164 = EDGE_CURVE('',#1157,#1157,#1165,.T.);
#1165 = CIRCLE('',#1166,3.4);
#1166 = AXIS2_PLACEMENT_3D('',#1167,#1168,#1169);
#1167 = CARTESIAN_POINT('',(8.,8.,64.9));
#1168 = DIRECTION('',(0.,0.,1.));
#1169 = DIRECTION('',(1.,0.,0.));
#1170 = ORIENTED_EDGE('',*,*,#1156,.F.);
#1171 = ORIENTED_EDGE('',*,*,#281,.F.);
#1172 = CYLINDRICAL_SURFACE('',#1173,3.4);
#1173 = AXIS2_PLACEMENT_3D('',#1174,#1175,#1176);
#1174 = CARTESIAN_POINT('',(8.,8.,60.));
#1175 = DIRECTION('',(-0.,-0.,-1.));
#1176 = DIRECTION('',(1.,0.,0.));
#1177 = ADVANCED_FACE('',(#1178),#1220,.T.);
#1178 = FACE_BOUND('',#1179,.T.);
#1179 = EDGE_LOOP('',(#1180,#1190,#1196,#1197,#1203,#1204,#1205,#1206,
    #1214));
#1180 = ORIENTED_EDGE('',*,*,#1181,.T.);
#1181 = EDGE_CURVE('',#1182,#1184,#1186,.T.);
#1182 = VERTEX_POINT('',#1183);
#1183 = CARTESIAN_POINT('',(12.,16.,8.));
#1184 = VERTEX_POINT('',#1185);
#1185 = CARTESIAN_POINT('',(12.,16.,6.));
#1186 = LINE('',#1187,#1188);
#1187 = CARTESIAN_POINT('',(12.,16.,6.));
#1188 = VECTOR('',#1189,1.);
#1189 = DIRECTION('',(0.,0.,-1.));
#1190 = ORIENTED_EDGE('',*,*,#1191,.F.);
#1191 = EDGE_CURVE('',#408,#1184,#1192,.T.);
#1192 = LINE('',#1193,#1194);
#1193 = CARTESIAN_POINT('',(0.,16.,6.));
#1194 = VECTOR('',#1195,1.);
#1195 = DIRECTION('',(1.,0.,0.));
#1196 = ORIENTED_EDGE('',*,*,#407,.F.);
#1197 = ORIENTED_EDGE('',*,*,#1198,.T.);
#1198 = EDGE_CURVE('',#400,#349,#1199,.T.);
#1199 = LINE('',#1200,#1201);
#1200 = CARTESIAN_POINT('',(0.,16.,6.));
#1201 = VECTOR('',#1202,1.);
#1202 = DIRECTION('',(0.,0.,1.));
#1203 = ORIENTED_EDGE('',*,*,#357,.T.);
#1204 = ORIENTED_EDGE('',*,*,#332,.F.);
#1205 = ORIENTED_EDGE('',*,*,#1067,.F.);
#1206 = ORIENTED_EDGE('',*,*,#1207,.T.);
#1207 = EDGE_CURVE('',#1058,#1208,#1210,.T.);
#1208 = VERTEX_POINT('',#1209);
#1209 = CARTESIAN_POINT('',(14.3,16.,8.));
#1210 = LINE('',#1211,#1212);
#1211 = CARTESIAN_POINT('',(14.3,16.,10.5));
#1212 = VECTOR('',#1213,1.);
#1213 = DIRECTION('',(0.,0.,-1.));
#1214 = ORIENTED_EDGE('',*,*,#1215,.F.);
#1215 = EDGE_CURVE('',#1182,#1208,#1216,.T.);
#1216 = LINE('',#1217,#1218);
#1217 = CARTESIAN_POINT('',(6.,16.,8.));
#1218 = VECTOR('',#1219,1.);
#1219 = DIRECTION('',(1.,0.,0.));
#1220 = PLANE('',#1221);
#1221 = AXIS2_PLACEMENT_3D('',#1222,#1223,#1224);
#1222 = CARTESIAN_POINT('',(0.,16.,6.));
#1223 = DIRECTION('',(0.,1.,0.));
#1224 = DIRECTION('',(0.,0.,1.));
#1225 = ADVANCED_FACE('',(#1226),#1260,.T.);
#1226 = FACE_BOUND('',#1227,.T.);
#1227 = EDGE_LOOP('',(#1228,#1237,#1238,#1244,#1245,#1254));
#1228 = ORIENTED_EDGE('',*,*,#1229,.T.);
#1229 = EDGE_CURVE('',#1230,#586,#1232,.T.);
#1230 = VERTEX_POINT('',#1231);
#1231 = CARTESIAN_POINT('',(132.,-2.E-15,5.));
#1232 = CIRCLE('',#1233,1.);
#1233 = AXIS2_PLACEMENT_3D('',#1234,#1235,#1236);
#1234 = CARTESIAN_POINT('',(132.,1.,5.));
#1235 = DIRECTION('',(-1.,-6.E-17,0.));
#1236 = DIRECTION('',(6.E-17,-1.,0.));
#1237 = ORIENTED_EDGE('',*,*,#585,.T.);
#1238 = ORIENTED_EDGE('',*,*,#1239,.T.);
#1239 = EDGE_CURVE('',#520,#374,#1240,.T.);
#1240 = LINE('',#1241,#1242);
#1241 = CARTESIAN_POINT('',(132.,1.,6.));
#1242 = VECTOR('',#1243,1.);
#1243 = DIRECTION('',(-1.,-0.,-0.));
#1244 = ORIENTED_EDGE('',*,*,#373,.T.);
#1245 = ORIENTED_EDGE('',*,*,#1246,.F.);
#1246 = EDGE_CURVE('',#1247,#376,#1249,.T.);
#1247 = VERTEX_POINT('',#1248);
#1248 = CARTESIAN_POINT('',(10.,0.,5.));
#1249 = CIRCLE('',#1250,1.);
#1250 = AXIS2_PLACEMENT_3D('',#1251,#1252,#1253);
#1251 = CARTESIAN_POINT('',(10.,1.,5.));
#1252 = DIRECTION('',(-1.,0.,0.));
#1253 = DIRECTION('',(0.,-1.,0.));
#1254 = ORIENTED_EDGE('',*,*,#1255,.F.);
#1255 = EDGE_CURVE('',#1230,#1247,#1256,.T.);
#1256 = LINE('',#1257,#1258);
#1257 = CARTESIAN_POINT('',(132.,-2.2E-16,5.));
#1258 = VECTOR('',#1259,1.);
#1259 = DIRECTION('',(-1.,-0.,-0.));
#1260 = CYLINDRICAL_SURFACE('',#1261,1.);
#1261 = AXIS2_PLACEMENT_3D('',#1262,#1263,#1264);
#1262 = CARTESIAN_POINT('',(132.,1.,5.));
#1263 = DIRECTION('',(-1.,-0.,-0.));
#1264 = DIRECTION('',(0.,-1.,0.));
#1265 = ADVANCED_FACE('',(#1266),#1272,.F.);
#1266 = FACE_BOUND('',#1267,.F.);
#1267 = EDGE_LOOP('',(#1268,#1269,#1270,#1271));
#1268 = ORIENTED_EDGE('',*,*,#1122,.F.);
#1269 = ORIENTED_EDGE('',*,*,#399,.T.);
#1270 = ORIENTED_EDGE('',*,*,#1198,.T.);
#1271 = ORIENTED_EDGE('',*,*,#1142,.F.);
#1272 = PLANE('',#1273);
#1273 = AXIS2_PLACEMENT_3D('',#1274,#1275,#1276);
#1274 = CARTESIAN_POINT('',(0.,0.,6.));
#1275 = DIRECTION('',(1.,0.,0.));
#1276 = DIRECTION('',(0.,0.,1.));
#1277 = ADVANCED_FACE('',(#1278),#1321,.T.);
#1278 = FACE_BOUND('',#1279,.T.);
#1279 = EDGE_LOOP('',(#1280,#1289,#1290,#1298,#1306,#1315));
#1280 = ORIENTED_EDGE('',*,*,#1281,.T.);
#1281 = EDGE_CURVE('',#1282,#416,#1284,.T.);
#1282 = VERTEX_POINT('',#1283);
#1283 = CARTESIAN_POINT('',(0.,10.,5.));
#1284 = CIRCLE('',#1285,1.);
#1285 = AXIS2_PLACEMENT_3D('',#1286,#1287,#1288);
#1286 = CARTESIAN_POINT('',(1.,10.,5.));
#1287 = DIRECTION('',(0.,1.,-0.));
#1288 = DIRECTION('',(-1.,0.,0.));
#1289 = ORIENTED_EDGE('',*,*,#415,.T.);
#1290 = ORIENTED_EDGE('',*,*,#1291,.T.);
#1291 = EDGE_CURVE('',#408,#1292,#1294,.T.);
#1292 = VERTEX_POINT('',#1293);
#1293 = CARTESIAN_POINT('',(1.,84.,6.));
#1294 = LINE('',#1295,#1296);
#1295 = CARTESIAN_POINT('',(1.,10.,6.));
#1296 = VECTOR('',#1297,1.);
#1297 = DIRECTION('',(0.,1.,0.));
#1298 = ORIENTED_EDGE('',*,*,#1299,.T.);
#1299 = EDGE_CURVE('',#1292,#1300,#1302,.T.);
#1300 = VERTEX_POINT('',#1301);
#1301 = CARTESIAN_POINT('',(1.,90.,6.));
#1302 = LINE('',#1303,#1304);
#1303 = CARTESIAN_POINT('',(1.,10.,6.));
#1304 = VECTOR('',#1305,1.);
#1305 = DIRECTION('',(0.,1.,0.));
#1306 = ORIENTED_EDGE('',*,*,#1307,.F.);
#1307 = EDGE_CURVE('',#1308,#1300,#1310,.T.);
#1308 = VERTEX_POINT('',#1309);
#1309 = CARTESIAN_POINT('',(0.,90.,5.));
#1310 = CIRCLE('',#1311,1.);
#1311 = AXIS2_PLACEMENT_3D('',#1312,#1313,#1314);
#1312 = CARTESIAN_POINT('',(1.,90.,5.));
#1313 = DIRECTION('',(0.,1.,-0.));
#1314 = DIRECTION('',(-1.,0.,0.));
#1315 = ORIENTED_EDGE('',*,*,#1316,.F.);
#1316 = EDGE_CURVE('',#1282,#1308,#1317,.T.);
#1317 = LINE('',#1318,#1319);
#1318 = CARTESIAN_POINT('',(-2.2E-16,10.,5.));
#1319 = VECTOR('',#1320,1.);
#1320 = DIRECTION('',(0.,1.,0.));
#1321 = CYLINDRICAL_SURFACE('',#1322,1.);
#1322 = AXIS2_PLACEMENT_3D('',#1323,#1324,#1325);
#1323 = CARTESIAN_POINT('',(1.,10.,5.));
#1324 = DIRECTION('',(0.,1.,0.));
#1325 = DIRECTION('',(-1.,0.,0.));
#1326 = ADVANCED_FACE('',(#1327),#1339,.T.);
#1327 = FACE_BOUND('',#1328,.F.);
#1328 = EDGE_LOOP('',(#1329,#1330,#1337,#1338));
#1329 = ORIENTED_EDGE('',*,*,#1246,.F.);
#1330 = ORIENTED_EDGE('',*,*,#1331,.T.);
#1331 = EDGE_CURVE('',#1247,#1282,#1332,.T.);
#1332 = CIRCLE('',#1333,10.);
#1333 = AXIS2_PLACEMENT_3D('',#1334,#1335,#1336);
#1334 = CARTESIAN_POINT('',(10.,10.,5.));
#1335 = DIRECTION('',(-0.,0.,-1.));
#1336 = DIRECTION('',(-1.8E-16,-1.,0.));
#1337 = ORIENTED_EDGE('',*,*,#1281,.T.);
#1338 = ORIENTED_EDGE('',*,*,#423,.F.);
#1339 = TOROIDAL_SURFACE('',#1340,9.,1.);
#1340 = AXIS2_PLACEMENT_3D('',#1341,#1342,#1343);
#1341 = CARTESIAN_POINT('',(10.,10.,5.));
#1342 = DIRECTION('',(0.,0.,1.));
#1343 = DIRECTION('',(-1.8E-16,-1.,0.));
#1344 = ADVANCED_FACE('',(#1345,#1409),#1443,.T.);
#1345 = FACE_BOUND('',#1346,.T.);
#1346 = EDGE_LOOP('',(#1347,#1357,#1365,#1371,#1372,#1378,#1379,#1387,
    #1395,#1403));
#1347 = ORIENTED_EDGE('',*,*,#1348,.F.);
#1348 = EDGE_CURVE('',#1349,#1351,#1353,.T.);
#1349 = VERTEX_POINT('',#1350);
#1350 = CARTESIAN_POINT('',(16.,93.,8.));
#1351 = VERTEX_POINT('',#1352);
#1352 = CARTESIAN_POINT('',(16.6,93.,8.));
#1353 = LINE('',#1354,#1355);
#1354 = CARTESIAN_POINT('',(12.,93.,8.));
#1355 = VECTOR('',#1356,1.);
#1356 = DIRECTION('',(1.,0.,0.));
#1357 = ORIENTED_EDGE('',*,*,#1358,.T.);
#1358 = EDGE_CURVE('',#1349,#1359,#1361,.T.);
#1359 = VERTEX_POINT('',#1360);
#1360 = CARTESIAN_POINT('',(16.,92.,8.));
#1361 = LINE('',#1362,#1363);
#1362 = CARTESIAN_POINT('',(16.,19.19686935581,8.));
#1363 = VECTOR('',#1364,1.);
#1364 = DIRECTION('',(0.,-1.,0.));
#1365 = ORIENTED_EDGE('',*,*,#1366,.T.);
#1366 = EDGE_CURVE('',#1359,#948,#1367,.T.);
#1367 = LINE('',#1368,#1369);
#1368 = CARTESIAN_POINT('',(14.3,92.,8.));
#1369 = VECTOR('',#1370,1.);
#1370 = DIRECTION('',(1.,0.,0.));
#1371 = ORIENTED_EDGE('',*,*,#947,.F.);
#1372 = ORIENTED_EDGE('',*,*,#1373,.T.);
#1373 = EDGE_CURVE('',#940,#473,#1374,.T.);
#1374 = LINE('',#1375,#1376);
#1375 = CARTESIAN_POINT('',(15.3,2.,8.));
#1376 = VECTOR('',#1377,1.);
#1377 = DIRECTION('',(1.,0.,0.));
#1378 = ORIENTED_EDGE('',*,*,#472,.T.);
#1379 = ORIENTED_EDGE('',*,*,#1380,.T.);
#1380 = EDGE_CURVE('',#465,#1381,#1383,.T.);
#1381 = VERTEX_POINT('',#1382);
#1382 = CARTESIAN_POINT('',(22.6,93.,8.));
#1383 = LINE('',#1384,#1385);
#1384 = CARTESIAN_POINT('',(16.6,93.,8.));
#1385 = VECTOR('',#1386,1.);
#1386 = DIRECTION('',(1.,0.,0.));
#1387 = ORIENTED_EDGE('',*,*,#1388,.T.);
#1388 = EDGE_CURVE('',#1381,#1389,#1391,.T.);
#1389 = VERTEX_POINT('',#1390);
#1390 = CARTESIAN_POINT('',(22.6,99.,8.));
#1391 = LINE('',#1392,#1393);
#1392 = CARTESIAN_POINT('',(22.6,93.,8.));
#1393 = VECTOR('',#1394,1.);
#1394 = DIRECTION('',(0.,1.,0.));
#1395 = ORIENTED_EDGE('',*,*,#1396,.F.);
#1396 = EDGE_CURVE('',#1397,#1389,#1399,.T.);
#1397 = VERTEX_POINT('',#1398);
#1398 = CARTESIAN_POINT('',(16.6,99.,8.));
#1399 = LINE('',#1400,#1401);
#1400 = CARTESIAN_POINT('',(16.6,99.,8.));
#1401 = VECTOR('',#1402,1.);
#1402 = DIRECTION('',(1.,0.,0.));
#1403 = ORIENTED_EDGE('',*,*,#1404,.F.);
#1404 = EDGE_CURVE('',#1351,#1397,#1405,.T.);
#1405 = LINE('',#1406,#1407);
#1406 = CARTESIAN_POINT('',(16.6,93.,8.));
#1407 = VECTOR('',#1408,1.);
#1408 = DIRECTION('',(0.,1.,0.));
#1409 = FACE_BOUND('',#1410,.T.);
#1410 = EDGE_LOOP('',(#1411,#1421,#1429,#1437));
#1411 = ORIENTED_EDGE('',*,*,#1412,.F.);
#1412 = EDGE_CURVE('',#1413,#1415,#1417,.T.);
#1413 = VERTEX_POINT('',#1414);
#1414 = CARTESIAN_POINT('',(17.5,93.9,8.));
#1415 = VERTEX_POINT('',#1416);
#1416 = CARTESIAN_POINT('',(21.1,93.9,8.));
#1417 = LINE('',#1418,#1419);
#1418 = CARTESIAN_POINT('',(17.5,93.9,8.));
#1419 = VECTOR('',#1420,1.);
#1420 = DIRECTION('',(1.,0.,0.));
#1421 = ORIENTED_EDGE('',*,*,#1422,.T.);
#1422 = EDGE_CURVE('',#1413,#1423,#1425,.T.);
#1423 = VERTEX_POINT('',#1424);
#1424 = CARTESIAN_POINT('',(17.5,96.9,8.));
#1425 = LINE('',#1426,#1427);
#1426 = CARTESIAN_POINT('',(17.5,93.9,8.));
#1427 = VECTOR('',#1428,1.);
#1428 = DIRECTION('',(0.,1.,0.));
#1429 = ORIENTED_EDGE('',*,*,#1430,.T.);
#1430 = EDGE_CURVE('',#1423,#1431,#1433,.T.);
#1431 = VERTEX_POINT('',#1432);
#1432 = CARTESIAN_POINT('',(21.1,96.9,8.));
#1433 = LINE('',#1434,#1435);
#1434 = CARTESIAN_POINT('',(17.5,96.9,8.));
#1435 = VECTOR('',#1436,1.);
#1436 = DIRECTION('',(1.,0.,0.));
#1437 = ORIENTED_EDGE('',*,*,#1438,.F.);
#1438 = EDGE_CURVE('',#1415,#1431,#1439,.T.);
#1439 = LINE('',#1440,#1441);
#1440 = CARTESIAN_POINT('',(21.1,93.9,8.));
#1441 = VECTOR('',#1442,1.);
#1442 = DIRECTION('',(0.,1.,0.));
#1443 = PLANE('',#1444);
#1444 = AXIS2_PLACEMENT_3D('',#1445,#1446,#1447);
#1445 = CARTESIAN_POINT('',(20.01138996139,51.352316602317,8.));
#1446 = DIRECTION('',(0.,0.,1.));
#1447 = DIRECTION('',(1.,0.,0.));
#1448 = ADVANCED_FACE('',(#1449),#1467,.F.);
#1449 = FACE_BOUND('',#1450,.F.);
#1450 = EDGE_LOOP('',(#1451,#1459,#1460,#1461));
#1451 = ORIENTED_EDGE('',*,*,#1452,.F.);
#1452 = EDGE_CURVE('',#457,#1453,#1455,.T.);
#1453 = VERTEX_POINT('',#1454);
#1454 = CARTESIAN_POINT('',(22.6,93.,6.));
#1455 = LINE('',#1456,#1457);
#1456 = CARTESIAN_POINT('',(16.6,93.,6.));
#1457 = VECTOR('',#1458,1.);
#1458 = DIRECTION('',(1.,0.,0.));
#1459 = ORIENTED_EDGE('',*,*,#464,.T.);
#1460 = ORIENTED_EDGE('',*,*,#1380,.T.);
#1461 = ORIENTED_EDGE('',*,*,#1462,.F.);
#1462 = EDGE_CURVE('',#1453,#1381,#1463,.T.);
#1463 = LINE('',#1464,#1465);
#1464 = CARTESIAN_POINT('',(22.6,93.,6.));
#1465 = VECTOR('',#1466,1.);
#1466 = DIRECTION('',(0.,0.,1.));
#1467 = PLANE('',#1468);
#1468 = AXIS2_PLACEMENT_3D('',#1469,#1470,#1471);
#1469 = CARTESIAN_POINT('',(16.6,93.,6.));
#1470 = DIRECTION('',(0.,1.,0.));
#1471 = DIRECTION('',(0.,0.,1.));
#1472 = ADVANCED_FACE('',(#1473),#1484,.T.);
#1473 = FACE_BOUND('',#1474,.T.);
#1474 = EDGE_LOOP('',(#1475,#1476,#1477,#1478));
#1475 = ORIENTED_EDGE('',*,*,#440,.F.);
#1476 = ORIENTED_EDGE('',*,*,#1239,.F.);
#1477 = ORIENTED_EDGE('',*,*,#527,.T.);
#1478 = ORIENTED_EDGE('',*,*,#1479,.T.);
#1479 = EDGE_CURVE('',#528,#441,#1480,.T.);
#1480 = LINE('',#1481,#1482);
#1481 = CARTESIAN_POINT('',(8.,8.,6.));
#1482 = VECTOR('',#1483,1.);
#1483 = DIRECTION('',(-1.,0.,0.));
#1484 = PLANE('',#1485);
#1485 = AXIS2_PLACEMENT_3D('',#1486,#1487,#1488);
#1486 = CARTESIAN_POINT('',(0.,0.,6.));
#1487 = DIRECTION('',(0.,0.,1.));
#1488 = DIRECTION('',(1.,0.,0.));
#1489 = ADVANCED_FACE('',(#1490),#1515,.F.);
#1490 = FACE_BOUND('',#1491,.F.);
#1491 = EDGE_LOOP('',(#1492,#1500,#1508,#1514));
#1492 = ORIENTED_EDGE('',*,*,#1493,.T.);
#1493 = EDGE_CURVE('',#449,#1494,#1496,.T.);
#1494 = VERTEX_POINT('',#1495);
#1495 = CARTESIAN_POINT('',(16.,92.,6.));
#1496 = LINE('',#1497,#1498);
#1497 = CARTESIAN_POINT('',(8.,92.,6.));
#1498 = VECTOR('',#1499,1.);
#1499 = DIRECTION('',(-1.,0.,0.));
#1500 = ORIENTED_EDGE('',*,*,#1501,.T.);
#1501 = EDGE_CURVE('',#1494,#1502,#1504,.T.);
#1502 = VERTEX_POINT('',#1503);
#1503 = CARTESIAN_POINT('',(16.,8.,6.));
#1504 = LINE('',#1505,#1506);
#1505 = CARTESIAN_POINT('',(16.,19.19686935581,6.));
#1506 = VECTOR('',#1507,1.);
#1507 = DIRECTION('',(0.,-1.,0.));
#1508 = ORIENTED_EDGE('',*,*,#1509,.F.);
#1509 = EDGE_CURVE('',#441,#1502,#1510,.T.);
#1510 = LINE('',#1511,#1512);
#1511 = CARTESIAN_POINT('',(8.,8.,6.));
#1512 = VECTOR('',#1513,1.);
#1513 = DIRECTION('',(-1.,0.,0.));
#1514 = ORIENTED_EDGE('',*,*,#448,.T.);
#1515 = PLANE('',#1516);
#1516 = AXIS2_PLACEMENT_3D('',#1517,#1518,#1519);
#1517 = CARTESIAN_POINT('',(12.,0.,6.));
#1518 = DIRECTION('',(0.,0.,1.));
#1519 = DIRECTION('',(1.,0.,0.));
#1520 = ADVANCED_FACE('',(#1521),#1562,.T.);
#1521 = FACE_BOUND('',#1522,.T.);
#1522 = EDGE_LOOP('',(#1523,#1524,#1530,#1531,#1539,#1547,#1555,#1561));
#1523 = ORIENTED_EDGE('',*,*,#456,.F.);
#1524 = ORIENTED_EDGE('',*,*,#1525,.F.);
#1525 = EDGE_CURVE('',#536,#449,#1526,.T.);
#1526 = LINE('',#1527,#1528);
#1527 = CARTESIAN_POINT('',(8.,92.,6.));
#1528 = VECTOR('',#1529,1.);
#1529 = DIRECTION('',(-1.,0.,0.));
#1530 = ORIENTED_EDGE('',*,*,#543,.T.);
#1531 = ORIENTED_EDGE('',*,*,#1532,.F.);
#1532 = EDGE_CURVE('',#1533,#544,#1535,.T.);
#1533 = VERTEX_POINT('',#1534);
#1534 = CARTESIAN_POINT('',(119.4,93.,6.));
#1535 = LINE('',#1536,#1537);
#1536 = CARTESIAN_POINT('',(119.4,93.,6.));
#1537 = VECTOR('',#1538,1.);
#1538 = DIRECTION('',(1.,0.,0.));
#1539 = ORIENTED_EDGE('',*,*,#1540,.T.);
#1540 = EDGE_CURVE('',#1533,#1541,#1543,.T.);
#1541 = VERTEX_POINT('',#1542);
#1542 = CARTESIAN_POINT('',(119.4,99.,6.));
#1543 = LINE('',#1544,#1545);
#1544 = CARTESIAN_POINT('',(119.4,93.,6.));
#1545 = VECTOR('',#1546,1.);
#1546 = DIRECTION('',(0.,1.,0.));
#1547 = ORIENTED_EDGE('',*,*,#1548,.F.);
#1548 = EDGE_CURVE('',#1549,#1541,#1551,.T.);
#1549 = VERTEX_POINT('',#1550);
#1550 = CARTESIAN_POINT('',(22.6,99.,6.));
#1551 = LINE('',#1552,#1553);
#1552 = CARTESIAN_POINT('',(10.,99.,6.));
#1553 = VECTOR('',#1554,1.);
#1554 = DIRECTION('',(1.,0.,0.));
#1555 = ORIENTED_EDGE('',*,*,#1556,.F.);
#1556 = EDGE_CURVE('',#1453,#1549,#1557,.T.);
#1557 = LINE('',#1558,#1559);
#1558 = CARTESIAN_POINT('',(22.6,93.,6.));
#1559 = VECTOR('',#1560,1.);
#1560 = DIRECTION('',(0.,1.,0.));
#1561 = ORIENTED_EDGE('',*,*,#1452,.F.);
#1562 = PLANE('',#1563);
#1563 = AXIS2_PLACEMENT_3D('',#1564,#1565,#1566);
#1564 = CARTESIAN_POINT('',(0.,0.,6.));
#1565 = DIRECTION('',(0.,0.,1.));
#1566 = DIRECTION('',(1.,0.,0.));
#1567 = ADVANCED_FACE('',(#1568),#1581,.T.);
#1568 = FACE_BOUND('',#1569,.T.);
#1569 = EDGE_LOOP('',(#1570,#1571,#1572,#1573,#1574,#1580));
#1570 = ORIENTED_EDGE('',*,*,#1373,.F.);
#1571 = ORIENTED_EDGE('',*,*,#939,.T.);
#1572 = ORIENTED_EDGE('',*,*,#923,.T.);
#1573 = ORIENTED_EDGE('',*,*,#866,.F.);
#1574 = ORIENTED_EDGE('',*,*,#1575,.F.);
#1575 = EDGE_CURVE('',#497,#867,#1576,.T.);
#1576 = LINE('',#1577,#1578);
#1577 = CARTESIAN_POINT('',(15.3,2.,8.));
#1578 = VECTOR('',#1579,1.);
#1579 = DIRECTION('',(1.,0.,0.));
#1580 = ORIENTED_EDGE('',*,*,#504,.F.);
#1581 = PLANE('',#1582);
#1582 = AXIS2_PLACEMENT_3D('',#1583,#1584,#1585);
#1583 = CARTESIAN_POINT('',(15.3,2.,8.));
#1584 = DIRECTION('',(0.,1.,0.));
#1585 = DIRECTION('',(0.,0.,1.));
#1586 = ADVANCED_FACE('',(#1587,#1646),#1680,.T.);
#1587 = FACE_BOUND('',#1588,.T.);
#1588 = EDGE_LOOP('',(#1589,#1590,#1591,#1592,#1600,#1608,#1616,#1624,
    #1632,#1640));
#1589 = ORIENTED_EDGE('',*,*,#559,.F.);
#1590 = ORIENTED_EDGE('',*,*,#1575,.T.);
#1591 = ORIENTED_EDGE('',*,*,#874,.T.);
#1592 = ORIENTED_EDGE('',*,*,#1593,.T.);
#1593 = EDGE_CURVE('',#875,#1594,#1596,.T.);
#1594 = VERTEX_POINT('',#1595);
#1595 = CARTESIAN_POINT('',(126.,92.,8.));
#1596 = LINE('',#1597,#1598);
#1597 = CARTESIAN_POINT('',(124.2,92.,8.));
#1598 = VECTOR('',#1599,1.);
#1599 = DIRECTION('',(1.,0.,0.));
#1600 = ORIENTED_EDGE('',*,*,#1601,.T.);
#1601 = EDGE_CURVE('',#1594,#1602,#1604,.T.);
#1602 = VERTEX_POINT('',#1603);
#1603 = CARTESIAN_POINT('',(126.,93.,8.));
#1604 = LINE('',#1605,#1606);
#1605 = CARTESIAN_POINT('',(126.,19.19686935581,8.));
#1606 = VECTOR('',#1607,1.);
#1607 = DIRECTION('',(0.,1.,0.));
#1608 = ORIENTED_EDGE('',*,*,#1609,.F.);
#1609 = EDGE_CURVE('',#1610,#1602,#1612,.T.);
#1610 = VERTEX_POINT('',#1611);
#1611 = CARTESIAN_POINT('',(125.4,93.,8.));
#1612 = LINE('',#1613,#1614);
#1613 = CARTESIAN_POINT('',(119.6,93.,8.));
#1614 = VECTOR('',#1615,1.);
#1615 = DIRECTION('',(1.,0.,0.));
#1616 = ORIENTED_EDGE('',*,*,#1617,.T.);
#1617 = EDGE_CURVE('',#1610,#1618,#1620,.T.);
#1618 = VERTEX_POINT('',#1619);
#1619 = CARTESIAN_POINT('',(125.4,99.,8.));
#1620 = LINE('',#1621,#1622);
#1621 = CARTESIAN_POINT('',(125.4,93.,8.));
#1622 = VECTOR('',#1623,1.);
#1623 = DIRECTION('',(0.,1.,0.));
#1624 = ORIENTED_EDGE('',*,*,#1625,.F.);
#1625 = EDGE_CURVE('',#1626,#1618,#1628,.T.);
#1626 = VERTEX_POINT('',#1627);
#1627 = CARTESIAN_POINT('',(119.4,99.,8.));
#1628 = LINE('',#1629,#1630);
#1629 = CARTESIAN_POINT('',(119.4,99.,8.));
#1630 = VECTOR('',#1631,1.);
#1631 = DIRECTION('',(1.,0.,0.));
#1632 = ORIENTED_EDGE('',*,*,#1633,.F.);
#1633 = EDGE_CURVE('',#1634,#1626,#1636,.T.);
#1634 = VERTEX_POINT('',#1635);
#1635 = CARTESIAN_POINT('',(119.4,93.,8.));
#1636 = LINE('',#1637,#1638);
#1637 = CARTESIAN_POINT('',(119.4,93.,8.));
#1638 = VECTOR('',#1639,1.);
#1639 = DIRECTION('',(0.,1.,0.));
#1640 = ORIENTED_EDGE('',*,*,#1641,.T.);
#1641 = EDGE_CURVE('',#1634,#552,#1642,.T.);
#1642 = LINE('',#1643,#1644);
#1643 = CARTESIAN_POINT('',(119.4,93.,8.));
#1644 = VECTOR('',#1645,1.);
#1645 = DIRECTION('',(1.,0.,0.));
#1646 = FACE_BOUND('',#1647,.T.);
#1647 = EDGE_LOOP('',(#1648,#1658,#1666,#1674));
#1648 = ORIENTED_EDGE('',*,*,#1649,.F.);
#1649 = EDGE_CURVE('',#1650,#1652,#1654,.T.);
#1650 = VERTEX_POINT('',#1651);
#1651 = CARTESIAN_POINT('',(120.9,93.9,8.));
#1652 = VERTEX_POINT('',#1653);
#1653 = CARTESIAN_POINT('',(124.5,93.9,8.));
#1654 = LINE('',#1655,#1656);
#1655 = CARTESIAN_POINT('',(120.9,93.9,8.));
#1656 = VECTOR('',#1657,1.);
#1657 = DIRECTION('',(1.,0.,0.));
#1658 = ORIENTED_EDGE('',*,*,#1659,.T.);
#1659 = EDGE_CURVE('',#1650,#1660,#1662,.T.);
#1660 = VERTEX_POINT('',#1661);
#1661 = CARTESIAN_POINT('',(120.9,96.9,8.));
#1662 = LINE('',#1663,#1664);
#1663 = CARTESIAN_POINT('',(120.9,93.9,8.));
#1664 = VECTOR('',#1665,1.);
#1665 = DIRECTION('',(0.,1.,0.));
#1666 = ORIENTED_EDGE('',*,*,#1667,.T.);
#1667 = EDGE_CURVE('',#1660,#1668,#1670,.T.);
#1668 = VERTEX_POINT('',#1669);
#1669 = CARTESIAN_POINT('',(124.5,96.9,8.));
#1670 = LINE('',#1671,#1672);
#1671 = CARTESIAN_POINT('',(120.9,96.9,8.));
#1672 = VECTOR('',#1673,1.);
#1673 = DIRECTION('',(1.,0.,0.));
#1674 = ORIENTED_EDGE('',*,*,#1675,.F.);
#1675 = EDGE_CURVE('',#1652,#1668,#1676,.T.);
#1676 = LINE('',#1677,#1678);
#1677 = CARTESIAN_POINT('',(124.5,93.9,8.));
#1678 = VECTOR('',#1679,1.);
#1679 = DIRECTION('',(0.,1.,0.));
#1680 = PLANE('',#1681);
#1681 = AXIS2_PLACEMENT_3D('',#1682,#1683,#1684);
#1682 = CARTESIAN_POINT('',(121.98861003861,51.352316602317,8.));
#1683 = DIRECTION('',(0.,0.,1.));
#1684 = DIRECTION('',(1.,0.,0.));
#1685 = ADVANCED_FACE('',(#1686),#1697,.F.);
#1686 = FACE_BOUND('',#1687,.F.);
#1687 = EDGE_LOOP('',(#1688,#1689,#1695,#1696));
#1688 = ORIENTED_EDGE('',*,*,#1532,.F.);
#1689 = ORIENTED_EDGE('',*,*,#1690,.T.);
#1690 = EDGE_CURVE('',#1533,#1634,#1691,.T.);
#1691 = LINE('',#1692,#1693);
#1692 = CARTESIAN_POINT('',(119.4,93.,6.));
#1693 = VECTOR('',#1694,1.);
#1694 = DIRECTION('',(0.,0.,1.));
#1695 = ORIENTED_EDGE('',*,*,#1641,.T.);
#1696 = ORIENTED_EDGE('',*,*,#551,.F.);
#1697 = PLANE('',#1698);
#1698 = AXIS2_PLACEMENT_3D('',#1699,#1700,#1701);
#1699 = CARTESIAN_POINT('',(119.4,93.,6.));
#1700 = DIRECTION('',(0.,1.,0.));
#1701 = DIRECTION('',(0.,0.,1.));
#1702 = ADVANCED_FACE('',(#1703),#1728,.F.);
#1703 = FACE_BOUND('',#1704,.F.);
#1704 = EDGE_LOOP('',(#1705,#1706,#1714,#1722));
#1705 = ORIENTED_EDGE('',*,*,#535,.F.);
#1706 = ORIENTED_EDGE('',*,*,#1707,.F.);
#1707 = EDGE_CURVE('',#1708,#528,#1710,.T.);
#1708 = VERTEX_POINT('',#1709);
#1709 = CARTESIAN_POINT('',(126.,8.,6.));
#1710 = LINE('',#1711,#1712);
#1711 = CARTESIAN_POINT('',(8.,8.,6.));
#1712 = VECTOR('',#1713,1.);
#1713 = DIRECTION('',(-1.,0.,0.));
#1714 = ORIENTED_EDGE('',*,*,#1715,.T.);
#1715 = EDGE_CURVE('',#1708,#1716,#1718,.T.);
#1716 = VERTEX_POINT('',#1717);
#1717 = CARTESIAN_POINT('',(126.,92.,6.));
#1718 = LINE('',#1719,#1720);
#1719 = CARTESIAN_POINT('',(126.,19.19686935581,6.));
#1720 = VECTOR('',#1721,1.);
#1721 = DIRECTION('',(0.,1.,0.));
#1722 = ORIENTED_EDGE('',*,*,#1723,.T.);
#1723 = EDGE_CURVE('',#1716,#536,#1724,.T.);
#1724 = LINE('',#1725,#1726);
#1725 = CARTESIAN_POINT('',(8.,92.,6.));
#1726 = VECTOR('',#1727,1.);
#1727 = DIRECTION('',(-1.,0.,0.));
#1728 = PLANE('',#1729);
#1729 = AXIS2_PLACEMENT_3D('',#1730,#1731,#1732);
#1730 = CARTESIAN_POINT('',(119.6,0.,6.));
#1731 = DIRECTION('',(0.,0.,1.));
#1732 = DIRECTION('',(1.,0.,0.));
#1733 = ADVANCED_FACE('',(#1734),#1754,.T.);
#1734 = FACE_BOUND('',#1735,.F.);
#1735 = EDGE_LOOP('',(#1736,#1745,#1752,#1753));
#1736 = ORIENTED_EDGE('',*,*,#1737,.F.);
#1737 = EDGE_CURVE('',#1738,#594,#1740,.T.);
#1738 = VERTEX_POINT('',#1739);
#1739 = CARTESIAN_POINT('',(142.,10.,5.));
#1740 = CIRCLE('',#1741,1.);
#1741 = AXIS2_PLACEMENT_3D('',#1742,#1743,#1744);
#1742 = CARTESIAN_POINT('',(141.,10.,5.));
#1743 = DIRECTION('',(0.,-1.,0.));
#1744 = DIRECTION('',(1.,0.,0.));
#1745 = ORIENTED_EDGE('',*,*,#1746,.T.);
#1746 = EDGE_CURVE('',#1738,#1230,#1747,.T.);
#1747 = CIRCLE('',#1748,10.);
#1748 = AXIS2_PLACEMENT_3D('',#1749,#1750,#1751);
#1749 = CARTESIAN_POINT('',(132.,10.,5.));
#1750 = DIRECTION('',(0.,0.,-1.));
#1751 = DIRECTION('',(1.,0.,0.));
#1752 = ORIENTED_EDGE('',*,*,#1229,.T.);
#1753 = ORIENTED_EDGE('',*,*,#593,.F.);
#1754 = TOROIDAL_SURFACE('',#1755,9.,1.);
#1755 = AXIS2_PLACEMENT_3D('',#1756,#1757,#1758);
#1756 = CARTESIAN_POINT('',(132.,10.,5.));
#1757 = DIRECTION('',(0.,0.,1.));
#1758 = DIRECTION('',(1.,0.,0.));
#1759 = ADVANCED_FACE('',(#1760),#1795,.T.);
#1760 = FACE_BOUND('',#1761,.T.);
#1761 = EDGE_LOOP('',(#1762,#1773,#1781,#1787,#1788,#1789));
#1762 = ORIENTED_EDGE('',*,*,#1763,.T.);
#1763 = EDGE_CURVE('',#1764,#1766,#1768,.T.);
#1764 = VERTEX_POINT('',#1765);
#1765 = CARTESIAN_POINT('',(142.,90.,5.));
#1766 = VERTEX_POINT('',#1767);
#1767 = CARTESIAN_POINT('',(141.,90.,6.));
#1768 = CIRCLE('',#1769,1.);
#1769 = AXIS2_PLACEMENT_3D('',#1770,#1771,#1772);
#1770 = CARTESIAN_POINT('',(141.,90.,5.));
#1771 = DIRECTION('',(6.E-17,-1.,0.));
#1772 = DIRECTION('',(1.,6.E-17,0.));
#1773 = ORIENTED_EDGE('',*,*,#1774,.T.);
#1774 = EDGE_CURVE('',#1766,#1775,#1777,.T.);
#1775 = VERTEX_POINT('',#1776);
#1776 = CARTESIAN_POINT('',(141.,84.,6.));
#1777 = LINE('',#1778,#1779);
#1778 = CARTESIAN_POINT('',(141.,90.,6.));
#1779 = VECTOR('',#1780,1.);
#1780 = DIRECTION('',(-0.,-1.,-0.));
#1781 = ORIENTED_EDGE('',*,*,#1782,.T.);
#1782 = EDGE_CURVE('',#1775,#603,#1783,.T.);
#1783 = LINE('',#1784,#1785);
#1784 = CARTESIAN_POINT('',(141.,90.,6.));
#1785 = VECTOR('',#1786,1.);
#1786 = DIRECTION('',(-0.,-1.,-0.));
#1787 = ORIENTED_EDGE('',*,*,#602,.T.);
#1788 = ORIENTED_EDGE('',*,*,#1737,.F.);
#1789 = ORIENTED_EDGE('',*,*,#1790,.F.);
#1790 = EDGE_CURVE('',#1764,#1738,#1791,.T.);
#1791 = LINE('',#1792,#1793);
#1792 = CARTESIAN_POINT('',(142.,90.,5.));
#1793 = VECTOR('',#1794,1.);
#1794 = DIRECTION('',(-0.,-1.,-0.));
#1795 = CYLINDRICAL_SURFACE('',#1796,1.);
#1796 = AXIS2_PLACEMENT_3D('',#1797,#1798,#1799);
#1797 = CARTESIAN_POINT('',(141.,90.,5.));
#1798 = DIRECTION('',(-0.,-1.,-0.));
#1799 = DIRECTION('',(1.,0.,0.));
#1800 = ADVANCED_FACE('',(#1801),#1850,.T.);
#1801 = FACE_BOUND('',#1802,.T.);
#1802 = EDGE_LOOP('',(#1803,#1811,#1817,#1818,#1826,#1834,#1842,#1848,
    #1849));
#1803 = ORIENTED_EDGE('',*,*,#1804,.T.);
#1804 = EDGE_CURVE('',#693,#1805,#1807,.T.);
#1805 = VERTEX_POINT('',#1806);
#1806 = CARTESIAN_POINT('',(142.,16.,59.));
#1807 = LINE('',#1808,#1809);
#1808 = CARTESIAN_POINT('',(126.,16.,59.));
#1809 = VECTOR('',#1810,1.);
#1810 = DIRECTION('',(1.,0.,0.));
#1811 = ORIENTED_EDGE('',*,*,#1812,.F.);
#1812 = EDGE_CURVE('',#611,#1805,#1813,.T.);
#1813 = LINE('',#1814,#1815);
#1814 = CARTESIAN_POINT('',(142.,16.,6.));
#1815 = VECTOR('',#1816,1.);
#1816 = DIRECTION('',(0.,0.,1.));
#1817 = ORIENTED_EDGE('',*,*,#610,.F.);
#1818 = ORIENTED_EDGE('',*,*,#1819,.F.);
#1819 = EDGE_CURVE('',#1820,#603,#1822,.T.);
#1820 = VERTEX_POINT('',#1821);
#1821 = CARTESIAN_POINT('',(130.,16.,6.));
#1822 = LINE('',#1823,#1824);
#1823 = CARTESIAN_POINT('',(126.,16.,6.));
#1824 = VECTOR('',#1825,1.);
#1825 = DIRECTION('',(1.,0.,0.));
#1826 = ORIENTED_EDGE('',*,*,#1827,.F.);
#1827 = EDGE_CURVE('',#1828,#1820,#1830,.T.);
#1828 = VERTEX_POINT('',#1829);
#1829 = CARTESIAN_POINT('',(130.,16.,8.));
#1830 = LINE('',#1831,#1832);
#1831 = CARTESIAN_POINT('',(130.,16.,6.));
#1832 = VECTOR('',#1833,1.);
#1833 = DIRECTION('',(0.,0.,-1.));
#1834 = ORIENTED_EDGE('',*,*,#1835,.F.);
#1835 = EDGE_CURVE('',#1836,#1828,#1838,.T.);
#1836 = VERTEX_POINT('',#1837);
#1837 = CARTESIAN_POINT('',(127.7,16.,8.));
#1838 = LINE('',#1839,#1840);
#1839 = CARTESIAN_POINT('',(122.8,16.,8.));
#1840 = VECTOR('',#1841,1.);
#1841 = DIRECTION('',(1.,0.,0.));
#1842 = ORIENTED_EDGE('',*,*,#1843,.F.);
#1843 = EDGE_CURVE('',#740,#1836,#1844,.T.);
#1844 = LINE('',#1845,#1846);
#1845 = CARTESIAN_POINT('',(127.7,16.,7.));
#1846 = VECTOR('',#1847,1.);
#1847 = DIRECTION('',(0.,0.,-1.));
#1848 = ORIENTED_EDGE('',*,*,#739,.F.);
#1849 = ORIENTED_EDGE('',*,*,#690,.T.);
#1850 = PLANE('',#1851);
#1851 = AXIS2_PLACEMENT_3D('',#1852,#1853,#1854);
#1852 = CARTESIAN_POINT('',(126.,16.,6.));
#1853 = DIRECTION('',(0.,1.,0.));
#1854 = DIRECTION('',(0.,0.,1.));
#1855 = ADVANCED_FACE('',(#1856),#1867,.T.);
#1856 = FACE_BOUND('',#1857,.T.);
#1857 = EDGE_LOOP('',(#1858,#1859,#1860,#1861));
#1858 = ORIENTED_EDGE('',*,*,#632,.F.);
#1859 = ORIENTED_EDGE('',*,*,#618,.T.);
#1860 = ORIENTED_EDGE('',*,*,#1812,.T.);
#1861 = ORIENTED_EDGE('',*,*,#1862,.F.);
#1862 = EDGE_CURVE('',#633,#1805,#1863,.T.);
#1863 = LINE('',#1864,#1865);
#1864 = CARTESIAN_POINT('',(142.,10.,59.));
#1865 = VECTOR('',#1866,1.);
#1866 = DIRECTION('',(0.,1.,0.));
#1867 = PLANE('',#1868);
#1868 = AXIS2_PLACEMENT_3D('',#1869,#1870,#1871);
#1869 = CARTESIAN_POINT('',(142.,0.,6.));
#1870 = DIRECTION('',(1.,0.,0.));
#1871 = DIRECTION('',(0.,0.,1.));
#1872 = ADVANCED_FACE('',(#1873),#1893,.T.);
#1873 = FACE_BOUND('',#1874,.T.);
#1874 = EDGE_LOOP('',(#1875,#1876,#1877,#1886));
#1875 = ORIENTED_EDGE('',*,*,#674,.F.);
#1876 = ORIENTED_EDGE('',*,*,#642,.T.);
#1877 = ORIENTED_EDGE('',*,*,#1878,.T.);
#1878 = EDGE_CURVE('',#633,#1879,#1881,.T.);
#1879 = VERTEX_POINT('',#1880);
#1880 = CARTESIAN_POINT('',(141.,10.,60.));
#1881 = CIRCLE('',#1882,1.);
#1882 = AXIS2_PLACEMENT_3D('',#1883,#1884,#1885);
#1883 = CARTESIAN_POINT('',(141.,10.,59.));
#1884 = DIRECTION('',(-6.E-17,-1.,0.));
#1885 = DIRECTION('',(1.,-6.E-17,0.));
#1886 = ORIENTED_EDGE('',*,*,#1887,.F.);
#1887 = EDGE_CURVE('',#667,#1879,#1888,.T.);
#1888 = CIRCLE('',#1889,9.);
#1889 = AXIS2_PLACEMENT_3D('',#1890,#1891,#1892);
#1890 = CARTESIAN_POINT('',(132.,10.,60.));
#1891 = DIRECTION('',(-0.,0.,1.));
#1892 = DIRECTION('',(0.,-1.,0.));
#1893 = TOROIDAL_SURFACE('',#1894,9.,1.);
#1894 = AXIS2_PLACEMENT_3D('',#1895,#1896,#1897);
#1895 = CARTESIAN_POINT('',(132.,10.,59.));
#1896 = DIRECTION('',(0.,0.,1.));
#1897 = DIRECTION('',(0.,-1.,0.));
#1898 = ADVANCED_FACE('',(#1899),#1918,.T.);
#1899 = FACE_BOUND('',#1900,.F.);
#1900 = EDGE_LOOP('',(#1901,#1902,#1903,#1912));
#1901 = ORIENTED_EDGE('',*,*,#657,.F.);
#1902 = ORIENTED_EDGE('',*,*,#707,.T.);
#1903 = ORIENTED_EDGE('',*,*,#1904,.F.);
#1904 = EDGE_CURVE('',#1905,#693,#1907,.T.);
#1905 = VERTEX_POINT('',#1906);
#1906 = CARTESIAN_POINT('',(127.,15.,60.));
#1907 = ELLIPSE('',#1908,1.414213562373,1.);
#1908 = AXIS2_PLACEMENT_3D('',#1909,#1910,#1911);
#1909 = CARTESIAN_POINT('',(127.,15.,59.));
#1910 = DIRECTION('',(-0.707106781187,-0.707106781187,0.));
#1911 = DIRECTION('',(0.707106781187,-0.707106781187,0.));
#1912 = ORIENTED_EDGE('',*,*,#1913,.F.);
#1913 = EDGE_CURVE('',#658,#1905,#1914,.T.);
#1914 = LINE('',#1915,#1916);
#1915 = CARTESIAN_POINT('',(127.,0.,60.));
#1916 = VECTOR('',#1917,1.);
#1917 = DIRECTION('',(0.,1.,0.));
#1918 = CYLINDRICAL_SURFACE('',#1919,1.);
#1919 = AXIS2_PLACEMENT_3D('',#1920,#1921,#1922);
#1920 = CARTESIAN_POINT('',(127.,0.,59.));
#1921 = DIRECTION('',(0.,1.,0.));
#1922 = DIRECTION('',(0.,0.,1.));
#1923 = ADVANCED_FACE('',(#1924,#1943),#1954,.T.);
#1924 = FACE_BOUND('',#1925,.T.);
#1925 = EDGE_LOOP('',(#1926,#1927,#1928,#1936,#1942));
#1926 = ORIENTED_EDGE('',*,*,#666,.T.);
#1927 = ORIENTED_EDGE('',*,*,#1887,.T.);
#1928 = ORIENTED_EDGE('',*,*,#1929,.T.);
#1929 = EDGE_CURVE('',#1879,#1930,#1932,.T.);
#1930 = VERTEX_POINT('',#1931);
#1931 = CARTESIAN_POINT('',(141.,15.,60.));
#1932 = LINE('',#1933,#1934);
#1933 = CARTESIAN_POINT('',(141.,10.,60.));
#1934 = VECTOR('',#1935,1.);
#1935 = DIRECTION('',(0.,1.,0.));
#1936 = ORIENTED_EDGE('',*,*,#1937,.F.);
#1937 = EDGE_CURVE('',#1905,#1930,#1938,.T.);
#1938 = LINE('',#1939,#1940);
#1939 = CARTESIAN_POINT('',(126.,15.,60.));
#1940 = VECTOR('',#1941,1.);
#1941 = DIRECTION('',(1.,0.,0.));
#1942 = ORIENTED_EDGE('',*,*,#1913,.F.);
#1943 = FACE_BOUND('',#1944,.T.);
#1944 = EDGE_LOOP('',(#1945));
#1945 = ORIENTED_EDGE('',*,*,#1946,.F.);
#1946 = EDGE_CURVE('',#1947,#1947,#1949,.T.);
#1947 = VERTEX_POINT('',#1948);
#1948 = CARTESIAN_POINT('',(137.4,8.,60.));
#1949 = CIRCLE('',#1950,3.4);
#1950 = AXIS2_PLACEMENT_3D('',#1951,#1952,#1953);
#1951 = CARTESIAN_POINT('',(134.,8.,60.));
#1952 = DIRECTION('',(0.,0.,1.));
#1953 = DIRECTION('',(1.,0.,0.));
#1954 = PLANE('',#1955);
#1955 = AXIS2_PLACEMENT_3D('',#1956,#1957,#1958);
#1956 = CARTESIAN_POINT('',(126.,0.,60.));
#1957 = DIRECTION('',(0.,0.,1.));
#1958 = DIRECTION('',(1.,0.,0.));
#1959 = ADVANCED_FACE('',(#1960),#1971,.T.);
#1960 = FACE_BOUND('',#1961,.T.);
#1961 = EDGE_LOOP('',(#1962,#1963,#1969,#1970));
#1962 = ORIENTED_EDGE('',*,*,#721,.T.);
#1963 = ORIENTED_EDGE('',*,*,#1964,.T.);
#1964 = EDGE_CURVE('',#724,#818,#1965,.T.);
#1965 = LINE('',#1966,#1967);
#1966 = CARTESIAN_POINT('',(122.9,92.,14.233387096774));
#1967 = VECTOR('',#1968,1.);
#1968 = DIRECTION('',(0.,0.,-1.));
#1969 = ORIENTED_EDGE('',*,*,#817,.F.);
#1970 = ORIENTED_EDGE('',*,*,#802,.T.);
#1971 = PLANE('',#1972);
#1972 = AXIS2_PLACEMENT_3D('',#1973,#1974,#1975);
#1973 = CARTESIAN_POINT('',(124.95741935483,92.,13.566774193548));
#1974 = DIRECTION('',(0.,1.,0.));
#1975 = DIRECTION('',(0.,0.,1.));
#1976 = ADVANCED_FACE('',(#1977),#1988,.T.);
#1977 = FACE_BOUND('',#1978,.T.);
#1978 = EDGE_LOOP('',(#1979,#1985,#1986,#1987));
#1979 = ORIENTED_EDGE('',*,*,#1980,.F.);
#1980 = EDGE_CURVE('',#836,#772,#1981,.T.);
#1981 = LINE('',#1982,#1983);
#1982 = CARTESIAN_POINT('',(122.9,83.7,14.9));
#1983 = VECTOR('',#1984,1.);
#1984 = DIRECTION('',(0.,0.,1.));
#1985 = ORIENTED_EDGE('',*,*,#843,.T.);
#1986 = ORIENTED_EDGE('',*,*,#1964,.F.);
#1987 = ORIENTED_EDGE('',*,*,#779,.F.);
#1988 = PLANE('',#1989);
#1989 = AXIS2_PLACEMENT_3D('',#1990,#1991,#1992);
#1990 = CARTESIAN_POINT('',(122.9,83.7,14.9));
#1991 = DIRECTION('',(1.,0.,0.));
#1992 = DIRECTION('',(0.,0.,1.));
#1993 = ADVANCED_FACE('',(#1994),#2014,.T.);
#1994 = FACE_BOUND('',#1995,.T.);
#1995 = EDGE_LOOP('',(#1996,#2004,#2005,#2006,#2007,#2008));
#1996 = ORIENTED_EDGE('',*,*,#1997,.F.);
#1997 = EDGE_CURVE('',#891,#1998,#2000,.T.);
#1998 = VERTEX_POINT('',#1999);
#1999 = CARTESIAN_POINT('',(124.5,83.7,14.9));
#2000 = LINE('',#2001,#2002);
#2001 = CARTESIAN_POINT('',(122.9,83.7,14.9));
#2002 = VECTOR('',#2003,1.);
#2003 = DIRECTION('',(1.,0.,0.));
#2004 = ORIENTED_EDGE('',*,*,#898,.T.);
#2005 = ORIENTED_EDGE('',*,*,#835,.T.);
#2006 = ORIENTED_EDGE('',*,*,#1980,.T.);
#2007 = ORIENTED_EDGE('',*,*,#771,.F.);
#2008 = ORIENTED_EDGE('',*,*,#2009,.F.);
#2009 = EDGE_CURVE('',#1998,#764,#2010,.T.);
#2010 = LINE('',#2011,#2012);
#2011 = CARTESIAN_POINT('',(124.5,83.7,14.9));
#2012 = VECTOR('',#2013,1.);
#2013 = DIRECTION('',(0.,0.,1.));
#2014 = PLANE('',#2015);
#2015 = AXIS2_PLACEMENT_3D('',#2016,#2017,#2018);
#2016 = CARTESIAN_POINT('',(122.9,83.7,14.9));
#2017 = DIRECTION('',(0.,1.,0.));
#2018 = DIRECTION('',(0.,0.,1.));
#2019 = ADVANCED_FACE('',(#2020),#2038,.F.);
#2020 = FACE_BOUND('',#2021,.F.);
#2021 = EDGE_LOOP('',(#2022,#2023,#2031,#2037));
#2022 = ORIENTED_EDGE('',*,*,#2009,.F.);
#2023 = ORIENTED_EDGE('',*,*,#2024,.T.);
#2024 = EDGE_CURVE('',#1998,#2025,#2027,.T.);
#2025 = VERTEX_POINT('',#2026);
#2026 = CARTESIAN_POINT('',(124.5,92.,14.9));
#2027 = LINE('',#2028,#2029);
#2028 = CARTESIAN_POINT('',(124.5,83.7,14.9));
#2029 = VECTOR('',#2030,1.);
#2030 = DIRECTION('',(0.,1.,0.));
#2031 = ORIENTED_EDGE('',*,*,#2032,.F.);
#2032 = EDGE_CURVE('',#756,#2025,#2033,.T.);
#2033 = LINE('',#2034,#2035);
#2034 = CARTESIAN_POINT('',(124.5,92.,14.233387096774));
#2035 = VECTOR('',#2036,1.);
#2036 = DIRECTION('',(0.,0.,-1.));
#2037 = ORIENTED_EDGE('',*,*,#763,.F.);
#2038 = PLANE('',#2039);
#2039 = AXIS2_PLACEMENT_3D('',#2040,#2041,#2042);
#2040 = CARTESIAN_POINT('',(124.5,83.7,14.9));
#2041 = DIRECTION('',(1.,0.,0.));
#2042 = DIRECTION('',(0.,0.,1.));
#2043 = ADVANCED_FACE('',(#2044),#2078,.T.);
#2044 = FACE_BOUND('',#2045,.T.);
#2045 = EDGE_LOOP('',(#2046,#2054,#2062,#2068,#2069,#2070,#2076,#2077));
#2046 = ORIENTED_EDGE('',*,*,#2047,.F.);
#2047 = EDGE_CURVE('',#2048,#748,#2050,.T.);
#2048 = VERTEX_POINT('',#2049);
#2049 = CARTESIAN_POINT('',(127.7,92.,13.1));
#2050 = LINE('',#2051,#2052);
#2051 = CARTESIAN_POINT('',(127.7,92.,8.));
#2052 = VECTOR('',#2053,1.);
#2053 = DIRECTION('',(0.,0.,1.));
#2054 = ORIENTED_EDGE('',*,*,#2055,.T.);
#2055 = EDGE_CURVE('',#2048,#2056,#2058,.T.);
#2056 = VERTEX_POINT('',#2057);
#2057 = CARTESIAN_POINT('',(126.,92.,13.1));
#2058 = LINE('',#2059,#2060);
#2059 = CARTESIAN_POINT('',(124.95,92.,13.1));
#2060 = VECTOR('',#2061,1.);
#2061 = DIRECTION('',(-1.,0.,0.));
#2062 = ORIENTED_EDGE('',*,*,#2063,.T.);
#2063 = EDGE_CURVE('',#2056,#1594,#2064,.T.);
#2064 = LINE('',#2065,#2066);
#2065 = CARTESIAN_POINT('',(126.,92.,11.938305237809));
#2066 = VECTOR('',#2067,1.);
#2067 = DIRECTION('',(0.,0.,-1.));
#2068 = ORIENTED_EDGE('',*,*,#1593,.F.);
#2069 = ORIENTED_EDGE('',*,*,#882,.T.);
#2070 = ORIENTED_EDGE('',*,*,#2071,.T.);
#2071 = EDGE_CURVE('',#883,#2025,#2072,.T.);
#2072 = LINE('',#2073,#2074);
#2073 = CARTESIAN_POINT('',(123.92870967741,92.,14.9));
#2074 = VECTOR('',#2075,1.);
#2075 = DIRECTION('',(1.,0.,0.));
#2076 = ORIENTED_EDGE('',*,*,#2032,.F.);
#2077 = ORIENTED_EDGE('',*,*,#755,.T.);
#2078 = PLANE('',#2079);
#2079 = AXIS2_PLACEMENT_3D('',#2080,#2081,#2082);
#2080 = CARTESIAN_POINT('',(124.95741935483,92.,13.566774193548));
#2081 = DIRECTION('',(0.,1.,0.));
#2082 = DIRECTION('',(0.,0.,1.));
#2083 = ADVANCED_FACE('',(#2084),#2111,.T.);
#2084 = FACE_BOUND('',#2085,.T.);
#2085 = EDGE_LOOP('',(#2086,#2087,#2095,#2103,#2109,#2110));
#2086 = ORIENTED_EDGE('',*,*,#1843,.T.);
#2087 = ORIENTED_EDGE('',*,*,#2088,.T.);
#2088 = EDGE_CURVE('',#1836,#2089,#2091,.T.);
#2089 = VERTEX_POINT('',#2090);
#2090 = CARTESIAN_POINT('',(127.7,84.,8.));
#2091 = LINE('',#2092,#2093);
#2092 = CARTESIAN_POINT('',(127.7,0.,8.));
#2093 = VECTOR('',#2094,1.);
#2094 = DIRECTION('',(0.,1.,0.));
#2095 = ORIENTED_EDGE('',*,*,#2096,.F.);
#2096 = EDGE_CURVE('',#2097,#2089,#2099,.T.);
#2097 = VERTEX_POINT('',#2098);
#2098 = CARTESIAN_POINT('',(127.7,84.,13.1));
#2099 = LINE('',#2100,#2101);
#2100 = CARTESIAN_POINT('',(127.7,84.,7.));
#2101 = VECTOR('',#2102,1.);
#2102 = DIRECTION('',(0.,0.,-1.));
#2103 = ORIENTED_EDGE('',*,*,#2104,.T.);
#2104 = EDGE_CURVE('',#2097,#2048,#2105,.T.);
#2105 = LINE('',#2106,#2107);
#2106 = CARTESIAN_POINT('',(127.7,41.85,13.1));
#2107 = VECTOR('',#2108,1.);
#2108 = DIRECTION('',(0.,1.,0.));
#2109 = ORIENTED_EDGE('',*,*,#2047,.T.);
#2110 = ORIENTED_EDGE('',*,*,#747,.F.);
#2111 = PLANE('',#2112);
#2112 = AXIS2_PLACEMENT_3D('',#2113,#2114,#2115);
#2113 = CARTESIAN_POINT('',(127.7,53.76112412178,12.93887587822));
#2114 = DIRECTION('',(1.,0.,0.));
#2115 = DIRECTION('',(0.,0.,1.));
#2116 = ADVANCED_FACE('',(#2117),#2123,.T.);
#2117 = FACE_BOUND('',#2118,.T.);
#2118 = EDGE_LOOP('',(#2119,#2120,#2121,#2122));
#2119 = ORIENTED_EDGE('',*,*,#890,.T.);
#2120 = ORIENTED_EDGE('',*,*,#1997,.T.);
#2121 = ORIENTED_EDGE('',*,*,#2024,.T.);
#2122 = ORIENTED_EDGE('',*,*,#2071,.F.);
#2123 = PLANE('',#2124);
#2124 = AXIS2_PLACEMENT_3D('',#2125,#2126,#2127);
#2125 = CARTESIAN_POINT('',(122.9,83.7,14.9));
#2126 = DIRECTION('',(0.,0.,1.));
#2127 = DIRECTION('',(1.,0.,0.));
#2128 = ADVANCED_FACE('',(#2129),#2154,.T.);
#2129 = FACE_BOUND('',#2130,.T.);
#2130 = EDGE_LOOP('',(#2131,#2139,#2145,#2146,#2152,#2153));
#2131 = ORIENTED_EDGE('',*,*,#2132,.F.);
#2132 = EDGE_CURVE('',#2133,#964,#2135,.T.);
#2133 = VERTEX_POINT('',#2134);
#2134 = CARTESIAN_POINT('',(17.5,83.7,14.9));
#2135 = LINE('',#2136,#2137);
#2136 = CARTESIAN_POINT('',(17.5,83.7,14.9));
#2137 = VECTOR('',#2138,1.);
#2138 = DIRECTION('',(1.,0.,0.));
#2139 = ORIENTED_EDGE('',*,*,#2140,.T.);
#2140 = EDGE_CURVE('',#2133,#1093,#2141,.T.);
#2141 = LINE('',#2142,#2143);
#2142 = CARTESIAN_POINT('',(17.5,83.7,14.9));
#2143 = VECTOR('',#2144,1.);
#2144 = DIRECTION('',(0.,0.,1.));
#2145 = ORIENTED_EDGE('',*,*,#1092,.F.);
#2146 = ORIENTED_EDGE('',*,*,#2147,.F.);
#2147 = EDGE_CURVE('',#994,#1085,#2148,.T.);
#2148 = LINE('',#2149,#2150);
#2149 = CARTESIAN_POINT('',(19.1,83.7,14.9));
#2150 = VECTOR('',#2151,1.);
#2151 = DIRECTION('',(0.,0.,1.));
#2152 = ORIENTED_EDGE('',*,*,#993,.T.);
#2153 = ORIENTED_EDGE('',*,*,#971,.F.);
#2154 = PLANE('',#2155);
#2155 = AXIS2_PLACEMENT_3D('',#2156,#2157,#2158);
#2156 = CARTESIAN_POINT('',(17.5,83.7,14.9));
#2157 = DIRECTION('',(0.,1.,0.));
#2158 = DIRECTION('',(0.,0.,1.));
#2159 = ADVANCED_FACE('',(#2160),#2178,.T.);
#2160 = FACE_BOUND('',#2161,.T.);
#2161 = EDGE_LOOP('',(#2162,#2170,#2171,#2172));
#2162 = ORIENTED_EDGE('',*,*,#2163,.F.);
#2163 = EDGE_CURVE('',#2133,#2164,#2166,.T.);
#2164 = VERTEX_POINT('',#2165);
#2165 = CARTESIAN_POINT('',(17.5,92.,14.9));
#2166 = LINE('',#2167,#2168);
#2167 = CARTESIAN_POINT('',(17.5,83.7,14.9));
#2168 = VECTOR('',#2169,1.);
#2169 = DIRECTION('',(0.,1.,0.));
#2170 = ORIENTED_EDGE('',*,*,#2132,.T.);
#2171 = ORIENTED_EDGE('',*,*,#963,.F.);
#2172 = ORIENTED_EDGE('',*,*,#2173,.F.);
#2173 = EDGE_CURVE('',#2164,#956,#2174,.T.);
#2174 = LINE('',#2175,#2176);
#2175 = CARTESIAN_POINT('',(17.271290322581,92.,14.9));
#2176 = VECTOR('',#2177,1.);
#2177 = DIRECTION('',(1.,0.,0.));
#2178 = PLANE('',#2179);
#2179 = AXIS2_PLACEMENT_3D('',#2180,#2181,#2182);
#2180 = CARTESIAN_POINT('',(17.5,83.7,14.9));
#2181 = DIRECTION('',(0.,0.,1.));
#2182 = DIRECTION('',(1.,0.,0.));
#2183 = ADVANCED_FACE('',(#2184),#2218,.T.);
#2184 = FACE_BOUND('',#2185,.T.);
#2185 = EDGE_LOOP('',(#2186,#2187,#2195,#2203,#2209,#2210,#2216,#2217));
#2186 = ORIENTED_EDGE('',*,*,#1366,.F.);
#2187 = ORIENTED_EDGE('',*,*,#2188,.T.);
#2188 = EDGE_CURVE('',#1359,#2189,#2191,.T.);
#2189 = VERTEX_POINT('',#2190);
#2190 = CARTESIAN_POINT('',(16.,92.,13.1));
#2191 = LINE('',#2192,#2193);
#2192 = CARTESIAN_POINT('',(16.,92.,11.938305237809));
#2193 = VECTOR('',#2194,1.);
#2194 = DIRECTION('',(0.,0.,1.));
#2195 = ORIENTED_EDGE('',*,*,#2196,.T.);
#2196 = EDGE_CURVE('',#2189,#2197,#2199,.T.);
#2197 = VERTEX_POINT('',#2198);
#2198 = CARTESIAN_POINT('',(14.3,92.,13.1));
#2199 = LINE('',#2200,#2201);
#2200 = CARTESIAN_POINT('',(13.5,92.,13.1));
#2201 = VECTOR('',#2202,1.);
#2202 = DIRECTION('',(-1.,0.,0.));
#2203 = ORIENTED_EDGE('',*,*,#2204,.T.);
#2204 = EDGE_CURVE('',#2197,#1060,#2205,.T.);
#2205 = LINE('',#2206,#2207);
#2206 = CARTESIAN_POINT('',(14.3,92.,8.));
#2207 = VECTOR('',#2208,1.);
#2208 = DIRECTION('',(0.,0.,1.));
#2209 = ORIENTED_EDGE('',*,*,#1108,.T.);
#2210 = ORIENTED_EDGE('',*,*,#2211,.T.);
#2211 = EDGE_CURVE('',#1101,#2164,#2212,.T.);
#2212 = LINE('',#2213,#2214);
#2213 = CARTESIAN_POINT('',(17.5,92.,14.233387096774));
#2214 = VECTOR('',#2215,1.);
#2215 = DIRECTION('',(0.,0.,-1.));
#2216 = ORIENTED_EDGE('',*,*,#2173,.T.);
#2217 = ORIENTED_EDGE('',*,*,#955,.F.);
#2218 = PLANE('',#2219);
#2219 = AXIS2_PLACEMENT_3D('',#2220,#2221,#2222);
#2220 = CARTESIAN_POINT('',(17.042580645161,92.,13.566774193548));
#2221 = DIRECTION('',(0.,1.,0.));
#2222 = DIRECTION('',(0.,0.,1.));
#2223 = ADVANCED_FACE('',(#2224),#2235,.F.);
#2224 = FACE_BOUND('',#2225,.F.);
#2225 = EDGE_LOOP('',(#2226,#2227,#2228,#2234));
#2226 = ORIENTED_EDGE('',*,*,#2147,.F.);
#2227 = ORIENTED_EDGE('',*,*,#1019,.T.);
#2228 = ORIENTED_EDGE('',*,*,#2229,.F.);
#2229 = EDGE_CURVE('',#1077,#1012,#2230,.T.);
#2230 = LINE('',#2231,#2232);
#2231 = CARTESIAN_POINT('',(19.1,92.,14.233387096774));
#2232 = VECTOR('',#2233,1.);
#2233 = DIRECTION('',(0.,0.,-1.));
#2234 = ORIENTED_EDGE('',*,*,#1084,.F.);
#2235 = PLANE('',#2236);
#2236 = AXIS2_PLACEMENT_3D('',#2237,#2238,#2239);
#2237 = CARTESIAN_POINT('',(19.1,83.7,14.9));
#2238 = DIRECTION('',(1.,0.,0.));
#2239 = DIRECTION('',(0.,0.,1.));
#2240 = ADVANCED_FACE('',(#2241),#2247,.T.);
#2241 = FACE_BOUND('',#2242,.T.);
#2242 = EDGE_LOOP('',(#2243,#2244,#2245,#2246));
#2243 = ORIENTED_EDGE('',*,*,#1011,.F.);
#2244 = ORIENTED_EDGE('',*,*,#2229,.F.);
#2245 = ORIENTED_EDGE('',*,*,#1076,.T.);
#2246 = ORIENTED_EDGE('',*,*,#1035,.F.);
#2247 = PLANE('',#2248);
#2248 = AXIS2_PLACEMENT_3D('',#2249,#2250,#2251);
#2249 = CARTESIAN_POINT('',(17.042580645161,92.,13.566774193548));
#2250 = DIRECTION('',(0.,1.,0.));
#2251 = DIRECTION('',(0.,0.,1.));
#2252 = ADVANCED_FACE('',(#2253),#2280,.T.);
#2253 = FACE_BOUND('',#2254,.T.);
#2254 = EDGE_LOOP('',(#2255,#2256,#2257,#2258,#2266,#2274));
#2255 = ORIENTED_EDGE('',*,*,#1207,.F.);
#2256 = ORIENTED_EDGE('',*,*,#1057,.T.);
#2257 = ORIENTED_EDGE('',*,*,#2204,.F.);
#2258 = ORIENTED_EDGE('',*,*,#2259,.F.);
#2259 = EDGE_CURVE('',#2260,#2197,#2262,.T.);
#2260 = VERTEX_POINT('',#2261);
#2261 = CARTESIAN_POINT('',(14.3,84.,13.1));
#2262 = LINE('',#2263,#2264);
#2263 = CARTESIAN_POINT('',(14.3,41.85,13.1));
#2264 = VECTOR('',#2265,1.);
#2265 = DIRECTION('',(0.,1.,0.));
#2266 = ORIENTED_EDGE('',*,*,#2267,.T.);
#2267 = EDGE_CURVE('',#2260,#2268,#2270,.T.);
#2268 = VERTEX_POINT('',#2269);
#2269 = CARTESIAN_POINT('',(14.3,84.,8.));
#2270 = LINE('',#2271,#2272);
#2271 = CARTESIAN_POINT('',(14.3,84.,7.));
#2272 = VECTOR('',#2273,1.);
#2273 = DIRECTION('',(0.,0.,-1.));
#2274 = ORIENTED_EDGE('',*,*,#2275,.F.);
#2275 = EDGE_CURVE('',#1208,#2268,#2276,.T.);
#2276 = LINE('',#2277,#2278);
#2277 = CARTESIAN_POINT('',(14.3,0.,8.));
#2278 = VECTOR('',#2279,1.);
#2279 = DIRECTION('',(0.,1.,0.));
#2280 = PLANE('',#2281);
#2281 = AXIS2_PLACEMENT_3D('',#2282,#2283,#2284);
#2282 = CARTESIAN_POINT('',(14.3,53.76112412178,12.93887587822));
#2283 = DIRECTION('',(-1.,-0.,-0.));
#2284 = DIRECTION('',(0.,0.,-1.));
#2285 = ADVANCED_FACE('',(#2286),#2292,.T.);
#2286 = FACE_BOUND('',#2287,.T.);
#2287 = EDGE_LOOP('',(#2288,#2289,#2290,#2291));
#2288 = ORIENTED_EDGE('',*,*,#2140,.F.);
#2289 = ORIENTED_EDGE('',*,*,#2163,.T.);
#2290 = ORIENTED_EDGE('',*,*,#2211,.F.);
#2291 = ORIENTED_EDGE('',*,*,#1100,.F.);
#2292 = PLANE('',#2293);
#2293 = AXIS2_PLACEMENT_3D('',#2294,#2295,#2296);
#2294 = CARTESIAN_POINT('',(17.5,83.7,14.9));
#2295 = DIRECTION('',(1.,0.,0.));
#2296 = DIRECTION('',(0.,0.,1.));
#2297 = ADVANCED_FACE('',(#2298),#2317,.T.);
#2298 = FACE_BOUND('',#2299,.T.);
#2299 = EDGE_LOOP('',(#2300,#2308,#2309,#2310));
#2300 = ORIENTED_EDGE('',*,*,#2301,.F.);
#2301 = EDGE_CURVE('',#1157,#2302,#2304,.T.);
#2302 = VERTEX_POINT('',#2303);
#2303 = CARTESIAN_POINT('',(10.8,8.,65.5));
#2304 = LINE('',#2305,#2306);
#2305 = CARTESIAN_POINT('',(11.4,8.,64.9));
#2306 = VECTOR('',#2307,1.);
#2307 = DIRECTION('',(-0.707106781187,0.,0.707106781187));
#2308 = ORIENTED_EDGE('',*,*,#1164,.T.);
#2309 = ORIENTED_EDGE('',*,*,#2301,.T.);
#2310 = ORIENTED_EDGE('',*,*,#2311,.F.);
#2311 = EDGE_CURVE('',#2302,#2302,#2312,.T.);
#2312 = CIRCLE('',#2313,2.8);
#2313 = AXIS2_PLACEMENT_3D('',#2314,#2315,#2316);
#2314 = CARTESIAN_POINT('',(8.,8.,65.5));
#2315 = DIRECTION('',(0.,0.,1.));
#2316 = DIRECTION('',(1.,0.,0.));
#2317 = CONICAL_SURFACE('',#2318,3.4,0.785398163397);
#2318 = AXIS2_PLACEMENT_3D('',#2319,#2320,#2321);
#2319 = CARTESIAN_POINT('',(8.,8.,64.9));
#2320 = DIRECTION('',(-0.,-0.,-1.));
#2321 = DIRECTION('',(1.,0.,0.));
#2322 = ADVANCED_FACE('',(#2323),#2348,.F.);
#2323 = FACE_BOUND('',#2324,.F.);
#2324 = EDGE_LOOP('',(#2325,#2333,#2334,#2342));
#2325 = ORIENTED_EDGE('',*,*,#2326,.F.);
#2326 = EDGE_CURVE('',#1182,#2327,#2329,.T.);
#2327 = VERTEX_POINT('',#2328);
#2328 = CARTESIAN_POINT('',(12.,84.,8.));
#2329 = LINE('',#2330,#2331);
#2330 = CARTESIAN_POINT('',(12.,0.,8.));
#2331 = VECTOR('',#2332,1.);
#2332 = DIRECTION('',(0.,1.,0.));
#2333 = ORIENTED_EDGE('',*,*,#1181,.T.);
#2334 = ORIENTED_EDGE('',*,*,#2335,.T.);
#2335 = EDGE_CURVE('',#1184,#2336,#2338,.T.);
#2336 = VERTEX_POINT('',#2337);
#2337 = CARTESIAN_POINT('',(12.,84.,6.));
#2338 = LINE('',#2339,#2340);
#2339 = CARTESIAN_POINT('',(12.,0.,6.));
#2340 = VECTOR('',#2341,1.);
#2341 = DIRECTION('',(0.,1.,0.));
#2342 = ORIENTED_EDGE('',*,*,#2343,.F.);
#2343 = EDGE_CURVE('',#2327,#2336,#2344,.T.);
#2344 = LINE('',#2345,#2346);
#2345 = CARTESIAN_POINT('',(12.,84.,6.));
#2346 = VECTOR('',#2347,1.);
#2347 = DIRECTION('',(0.,0.,-1.));
#2348 = PLANE('',#2349);
#2349 = AXIS2_PLACEMENT_3D('',#2350,#2351,#2352);
#2350 = CARTESIAN_POINT('',(12.,0.,6.));
#2351 = DIRECTION('',(1.,0.,0.));
#2352 = DIRECTION('',(0.,0.,1.));
#2353 = ADVANCED_FACE('',(#2354),#2365,.T.);
#2354 = FACE_BOUND('',#2355,.T.);
#2355 = EDGE_LOOP('',(#2356,#2357,#2358,#2359));
#2356 = ORIENTED_EDGE('',*,*,#2326,.F.);
#2357 = ORIENTED_EDGE('',*,*,#1215,.T.);
#2358 = ORIENTED_EDGE('',*,*,#2275,.T.);
#2359 = ORIENTED_EDGE('',*,*,#2360,.F.);
#2360 = EDGE_CURVE('',#2327,#2268,#2361,.T.);
#2361 = LINE('',#2362,#2363);
#2362 = CARTESIAN_POINT('',(6.,84.,8.));
#2363 = VECTOR('',#2364,1.);
#2364 = DIRECTION('',(1.,0.,0.));
#2365 = PLANE('',#2366);
#2366 = AXIS2_PLACEMENT_3D('',#2367,#2368,#2369);
#2367 = CARTESIAN_POINT('',(12.,0.,8.));
#2368 = DIRECTION('',(0.,0.,1.));
#2369 = DIRECTION('',(1.,0.,0.));
#2370 = ADVANCED_FACE('',(#2371),#2382,.T.);
#2371 = FACE_BOUND('',#2372,.T.);
#2372 = EDGE_LOOP('',(#2373,#2374,#2375,#2376));
#2373 = ORIENTED_EDGE('',*,*,#1291,.F.);
#2374 = ORIENTED_EDGE('',*,*,#1191,.T.);
#2375 = ORIENTED_EDGE('',*,*,#2335,.T.);
#2376 = ORIENTED_EDGE('',*,*,#2377,.F.);
#2377 = EDGE_CURVE('',#1292,#2336,#2378,.T.);
#2378 = LINE('',#2379,#2380);
#2379 = CARTESIAN_POINT('',(0.,84.,6.));
#2380 = VECTOR('',#2381,1.);
#2381 = DIRECTION('',(1.,0.,0.));
#2382 = PLANE('',#2383);
#2383 = AXIS2_PLACEMENT_3D('',#2384,#2385,#2386);
#2384 = CARTESIAN_POINT('',(0.,0.,6.));
#2385 = DIRECTION('',(0.,0.,1.));
#2386 = DIRECTION('',(1.,0.,0.));
#2387 = ADVANCED_FACE('',(#2388),#2413,.F.);
#2388 = FACE_BOUND('',#2389,.F.);
#2389 = EDGE_LOOP('',(#2390,#2398,#2399,#2407));
#2390 = ORIENTED_EDGE('',*,*,#2391,.T.);
#2391 = EDGE_CURVE('',#2392,#1247,#2394,.T.);
#2392 = VERTEX_POINT('',#2393);
#2393 = CARTESIAN_POINT('',(10.,0.,1.));
#2394 = LINE('',#2395,#2396);
#2395 = CARTESIAN_POINT('',(10.,-1.78E-15,0.));
#2396 = VECTOR('',#2397,1.);
#2397 = DIRECTION('',(0.,0.,1.));
#2398 = ORIENTED_EDGE('',*,*,#1255,.F.);
#2399 = ORIENTED_EDGE('',*,*,#2400,.F.);
#2400 = EDGE_CURVE('',#2401,#1230,#2403,.T.);
#2401 = VERTEX_POINT('',#2402);
#2402 = CARTESIAN_POINT('',(132.,-2.E-15,1.));
#2403 = LINE('',#2404,#2405);
#2404 = CARTESIAN_POINT('',(132.,-1.78E-15,0.));
#2405 = VECTOR('',#2406,1.);
#2406 = DIRECTION('',(0.,0.,1.));
#2407 = ORIENTED_EDGE('',*,*,#2408,.T.);
#2408 = EDGE_CURVE('',#2401,#2392,#2409,.T.);
#2409 = LINE('',#2410,#2411);
#2410 = CARTESIAN_POINT('',(132.,-2.2E-16,1.));
#2411 = VECTOR('',#2412,1.);
#2412 = DIRECTION('',(-1.,-0.,-0.));
#2413 = PLANE('',#2414);
#2414 = AXIS2_PLACEMENT_3D('',#2415,#2416,#2417);
#2415 = CARTESIAN_POINT('',(0.,0.,0.));
#2416 = DIRECTION('',(0.,1.,0.));
#2417 = DIRECTION('',(0.,0.,1.));
#2418 = ADVANCED_FACE('',(#2419),#2444,.F.);
#2419 = FACE_BOUND('',#2420,.F.);
#2420 = EDGE_LOOP('',(#2421,#2429,#2437,#2443));
#2421 = ORIENTED_EDGE('',*,*,#2422,.F.);
#2422 = EDGE_CURVE('',#2423,#1282,#2425,.T.);
#2423 = VERTEX_POINT('',#2424);
#2424 = CARTESIAN_POINT('',(0.,10.,1.));
#2425 = LINE('',#2426,#2427);
#2426 = CARTESIAN_POINT('',(-1.78E-15,10.,0.));
#2427 = VECTOR('',#2428,1.);
#2428 = DIRECTION('',(0.,0.,1.));
#2429 = ORIENTED_EDGE('',*,*,#2430,.T.);
#2430 = EDGE_CURVE('',#2423,#2431,#2433,.T.);
#2431 = VERTEX_POINT('',#2432);
#2432 = CARTESIAN_POINT('',(0.,90.,1.));
#2433 = LINE('',#2434,#2435);
#2434 = CARTESIAN_POINT('',(-2.2E-16,10.,1.));
#2435 = VECTOR('',#2436,1.);
#2436 = DIRECTION('',(0.,1.,0.));
#2437 = ORIENTED_EDGE('',*,*,#2438,.T.);
#2438 = EDGE_CURVE('',#2431,#1308,#2439,.T.);
#2439 = LINE('',#2440,#2441);
#2440 = CARTESIAN_POINT('',(-1.78E-15,90.,0.));
#2441 = VECTOR('',#2442,1.);
#2442 = DIRECTION('',(0.,0.,1.));
#2443 = ORIENTED_EDGE('',*,*,#1316,.F.);
#2444 = PLANE('',#2445);
#2445 = AXIS2_PLACEMENT_3D('',#2446,#2447,#2448);
#2446 = CARTESIAN_POINT('',(0.,0.,0.));
#2447 = DIRECTION('',(1.,0.,0.));
#2448 = DIRECTION('',(0.,0.,1.));
#2449 = ADVANCED_FACE('',(#2450),#2509,.F.);
#2450 = FACE_BOUND('',#2451,.F.);
#2451 = EDGE_LOOP('',(#2452,#2463,#2471,#2477,#2478,#2487,#2495,#2503));
#2452 = ORIENTED_EDGE('',*,*,#2453,.F.);
#2453 = EDGE_CURVE('',#2454,#2456,#2458,.T.);
#2454 = VERTEX_POINT('',#2455);
#2455 = CARTESIAN_POINT('',(-2.E-15,90.,6.));
#2456 = VERTEX_POINT('',#2457);
#2457 = CARTESIAN_POINT('',(10.,100.,6.));
#2458 = CIRCLE('',#2459,10.);
#2459 = AXIS2_PLACEMENT_3D('',#2460,#2461,#2462);
#2460 = CARTESIAN_POINT('',(10.,90.,6.));
#2461 = DIRECTION('',(-0.,-0.,-1.));
#2462 = DIRECTION('',(0.,-1.,0.));
#2463 = ORIENTED_EDGE('',*,*,#2464,.F.);
#2464 = EDGE_CURVE('',#2465,#2454,#2467,.T.);
#2465 = VERTEX_POINT('',#2466);
#2466 = CARTESIAN_POINT('',(0.,84.,6.));
#2467 = LINE('',#2468,#2469);
#2468 = CARTESIAN_POINT('',(0.,84.,6.));
#2469 = VECTOR('',#2470,1.);
#2470 = DIRECTION('',(0.,1.,0.));
#2471 = ORIENTED_EDGE('',*,*,#2472,.T.);
#2472 = EDGE_CURVE('',#2465,#1292,#2473,.T.);
#2473 = LINE('',#2474,#2475);
#2474 = CARTESIAN_POINT('',(0.,84.,6.));
#2475 = VECTOR('',#2476,1.);
#2476 = DIRECTION('',(1.,0.,0.));
#2477 = ORIENTED_EDGE('',*,*,#1299,.T.);
#2478 = ORIENTED_EDGE('',*,*,#2479,.T.);
#2479 = EDGE_CURVE('',#1300,#2480,#2482,.T.);
#2480 = VERTEX_POINT('',#2481);
#2481 = CARTESIAN_POINT('',(10.,99.,6.));
#2482 = CIRCLE('',#2483,9.);
#2483 = AXIS2_PLACEMENT_3D('',#2484,#2485,#2486);
#2484 = CARTESIAN_POINT('',(10.,90.,6.));
#2485 = DIRECTION('',(0.,0.,-1.));
#2486 = DIRECTION('',(-1.,0.,0.));
#2487 = ORIENTED_EDGE('',*,*,#2488,.T.);
#2488 = EDGE_CURVE('',#2480,#2489,#2491,.T.);
#2489 = VERTEX_POINT('',#2490);
#2490 = CARTESIAN_POINT('',(16.,99.,6.));
#2491 = LINE('',#2492,#2493);
#2492 = CARTESIAN_POINT('',(10.,99.,6.));
#2493 = VECTOR('',#2494,1.);
#2494 = DIRECTION('',(1.,0.,0.));
#2495 = ORIENTED_EDGE('',*,*,#2496,.T.);
#2496 = EDGE_CURVE('',#2489,#2497,#2499,.T.);
#2497 = VERTEX_POINT('',#2498);
#2498 = CARTESIAN_POINT('',(16.,100.,6.));
#2499 = LINE('',#2500,#2501);
#2500 = CARTESIAN_POINT('',(16.,84.,6.));
#2501 = VECTOR('',#2502,1.);
#2502 = DIRECTION('',(0.,1.,0.));
#2503 = ORIENTED_EDGE('',*,*,#2504,.F.);
#2504 = EDGE_CURVE('',#2456,#2497,#2505,.T.);
#2505 = LINE('',#2506,#2507);
#2506 = CARTESIAN_POINT('',(0.,100.,6.));
#2507 = VECTOR('',#2508,1.);
#2508 = DIRECTION('',(1.,0.,0.));
#2509 = PLANE('',#2510);
#2510 = AXIS2_PLACEMENT_3D('',#2511,#2512,#2513);
#2511 = CARTESIAN_POINT('',(0.,84.,6.));
#2512 = DIRECTION('',(0.,0.,1.));
#2513 = DIRECTION('',(1.,0.,0.));
#2514 = ADVANCED_FACE('',(#2515),#2535,.T.);
#2515 = FACE_BOUND('',#2516,.F.);
#2516 = EDGE_LOOP('',(#2517,#2518,#2527,#2534));
#2517 = ORIENTED_EDGE('',*,*,#1307,.F.);
#2518 = ORIENTED_EDGE('',*,*,#2519,.T.);
#2519 = EDGE_CURVE('',#1308,#2520,#2522,.T.);
#2520 = VERTEX_POINT('',#2521);
#2521 = CARTESIAN_POINT('',(10.,100.,5.));
#2522 = CIRCLE('',#2523,10.);
#2523 = AXIS2_PLACEMENT_3D('',#2524,#2525,#2526);
#2524 = CARTESIAN_POINT('',(10.,90.,5.));
#2525 = DIRECTION('',(0.,0.,-1.));
#2526 = DIRECTION('',(-1.,0.,0.));
#2527 = ORIENTED_EDGE('',*,*,#2528,.T.);
#2528 = EDGE_CURVE('',#2520,#2480,#2529,.T.);
#2529 = CIRCLE('',#2530,1.);
#2530 = AXIS2_PLACEMENT_3D('',#2531,#2532,#2533);
#2531 = CARTESIAN_POINT('',(10.,99.,5.));
#2532 = DIRECTION('',(1.,6.E-17,-0.));
#2533 = DIRECTION('',(-6.E-17,1.,0.));
#2534 = ORIENTED_EDGE('',*,*,#2479,.F.);
#2535 = TOROIDAL_SURFACE('',#2536,9.,1.);
#2536 = AXIS2_PLACEMENT_3D('',#2537,#2538,#2539);
#2537 = CARTESIAN_POINT('',(10.,90.,5.));
#2538 = DIRECTION('',(0.,0.,1.));
#2539 = DIRECTION('',(-1.,0.,0.));
#2540 = ADVANCED_FACE('',(#2541),#2553,.T.);
#2541 = FACE_BOUND('',#2542,.T.);
#2542 = EDGE_LOOP('',(#2543,#2544,#2551,#2552));
#2543 = ORIENTED_EDGE('',*,*,#2422,.F.);
#2544 = ORIENTED_EDGE('',*,*,#2545,.F.);
#2545 = EDGE_CURVE('',#2392,#2423,#2546,.T.);
#2546 = CIRCLE('',#2547,10.);
#2547 = AXIS2_PLACEMENT_3D('',#2548,#2549,#2550);
#2548 = CARTESIAN_POINT('',(10.,10.,1.));
#2549 = DIRECTION('',(-0.,0.,-1.));
#2550 = DIRECTION('',(-1.8E-16,-1.,0.));
#2551 = ORIENTED_EDGE('',*,*,#2391,.T.);
#2552 = ORIENTED_EDGE('',*,*,#1331,.T.);
#2553 = CYLINDRICAL_SURFACE('',#2554,10.);
#2554 = AXIS2_PLACEMENT_3D('',#2555,#2556,#2557);
#2555 = CARTESIAN_POINT('',(10.,10.,0.));
#2556 = DIRECTION('',(0.,0.,1.));
#2557 = DIRECTION('',(-1.,0.,0.));
#2558 = ADVANCED_FACE('',(#2559),#2584,.T.);
#2559 = FACE_BOUND('',#2560,.T.);
#2560 = EDGE_LOOP('',(#2561,#2569,#2577,#2583));
#2561 = ORIENTED_EDGE('',*,*,#2562,.F.);
#2562 = EDGE_CURVE('',#2563,#1351,#2565,.T.);
#2563 = VERTEX_POINT('',#2564);
#2564 = CARTESIAN_POINT('',(16.6,93.,6.));
#2565 = LINE('',#2566,#2567);
#2566 = CARTESIAN_POINT('',(16.6,93.,6.));
#2567 = VECTOR('',#2568,1.);
#2568 = DIRECTION('',(0.,0.,1.));
#2569 = ORIENTED_EDGE('',*,*,#2570,.F.);
#2570 = EDGE_CURVE('',#2571,#2563,#2573,.T.);
#2571 = VERTEX_POINT('',#2572);
#2572 = CARTESIAN_POINT('',(16.,93.,6.));
#2573 = LINE('',#2574,#2575);
#2574 = CARTESIAN_POINT('',(12.,93.,6.));
#2575 = VECTOR('',#2576,1.);
#2576 = DIRECTION('',(1.,0.,0.));
#2577 = ORIENTED_EDGE('',*,*,#2578,.T.);
#2578 = EDGE_CURVE('',#2571,#1349,#2579,.T.);
#2579 = LINE('',#2580,#2581);
#2580 = CARTESIAN_POINT('',(16.,93.,10.938305237809));
#2581 = VECTOR('',#2582,1.);
#2582 = DIRECTION('',(0.,0.,1.));
#2583 = ORIENTED_EDGE('',*,*,#1348,.T.);
#2584 = PLANE('',#2585);
#2585 = AXIS2_PLACEMENT_3D('',#2586,#2587,#2588);
#2586 = CARTESIAN_POINT('',(12.,93.,6.));
#2587 = DIRECTION('',(0.,1.,0.));
#2588 = DIRECTION('',(0.,0.,1.));
#2589 = ADVANCED_FACE('',(#2590),#2616,.T.);
#2590 = FACE_BOUND('',#2591,.T.);
#2591 = EDGE_LOOP('',(#2592,#2593,#2599,#2600,#2608,#2614,#2615));
#2592 = ORIENTED_EDGE('',*,*,#2578,.F.);
#2593 = ORIENTED_EDGE('',*,*,#2594,.T.);
#2594 = EDGE_CURVE('',#2571,#2489,#2595,.T.);
#2595 = LINE('',#2596,#2597);
#2596 = CARTESIAN_POINT('',(16.,84.,6.));
#2597 = VECTOR('',#2598,1.);
#2598 = DIRECTION('',(0.,1.,0.));
#2599 = ORIENTED_EDGE('',*,*,#2496,.T.);
#2600 = ORIENTED_EDGE('',*,*,#2601,.T.);
#2601 = EDGE_CURVE('',#2497,#2602,#2604,.T.);
#2602 = VERTEX_POINT('',#2603);
#2603 = CARTESIAN_POINT('',(16.,100.,13.1));
#2604 = LINE('',#2605,#2606);
#2605 = CARTESIAN_POINT('',(16.,100.,6.));
#2606 = VECTOR('',#2607,1.);
#2607 = DIRECTION('',(0.,0.,1.));
#2608 = ORIENTED_EDGE('',*,*,#2609,.F.);
#2609 = EDGE_CURVE('',#2189,#2602,#2610,.T.);
#2610 = LINE('',#2611,#2612);
#2611 = CARTESIAN_POINT('',(16.,83.7,13.1));
#2612 = VECTOR('',#2613,1.);
#2613 = DIRECTION('',(0.,1.,0.));
#2614 = ORIENTED_EDGE('',*,*,#2188,.F.);
#2615 = ORIENTED_EDGE('',*,*,#1358,.F.);
#2616 = PLANE('',#2617);
#2617 = AXIS2_PLACEMENT_3D('',#2618,#2619,#2620);
#2618 = CARTESIAN_POINT('',(16.,38.39373871162,15.876610475617));
#2619 = DIRECTION('',(1.,0.,0.));
#2620 = DIRECTION('',(0.,0.,1.));
#2621 = ADVANCED_FACE('',(#2622),#2640,.F.);
#2622 = FACE_BOUND('',#2623,.F.);
#2623 = EDGE_LOOP('',(#2624,#2625,#2633,#2639));
#2624 = ORIENTED_EDGE('',*,*,#2562,.F.);
#2625 = ORIENTED_EDGE('',*,*,#2626,.T.);
#2626 = EDGE_CURVE('',#2563,#2627,#2629,.T.);
#2627 = VERTEX_POINT('',#2628);
#2628 = CARTESIAN_POINT('',(16.6,99.,6.));
#2629 = LINE('',#2630,#2631);
#2630 = CARTESIAN_POINT('',(16.6,93.,6.));
#2631 = VECTOR('',#2632,1.);
#2632 = DIRECTION('',(0.,1.,0.));
#2633 = ORIENTED_EDGE('',*,*,#2634,.T.);
#2634 = EDGE_CURVE('',#2627,#1397,#2635,.T.);
#2635 = LINE('',#2636,#2637);
#2636 = CARTESIAN_POINT('',(16.6,99.,6.));
#2637 = VECTOR('',#2638,1.);
#2638 = DIRECTION('',(0.,0.,1.));
#2639 = ORIENTED_EDGE('',*,*,#1404,.F.);
#2640 = PLANE('',#2641);
#2641 = AXIS2_PLACEMENT_3D('',#2642,#2643,#2644);
#2642 = CARTESIAN_POINT('',(16.6,93.,6.));
#2643 = DIRECTION('',(1.,0.,0.));
#2644 = DIRECTION('',(0.,0.,1.));
#2645 = ADVANCED_FACE('',(#2646),#2662,.T.);
#2646 = FACE_BOUND('',#2647,.T.);
#2647 = EDGE_LOOP('',(#2648,#2654,#2655,#2656));
#2648 = ORIENTED_EDGE('',*,*,#2649,.F.);
#2649 = EDGE_CURVE('',#2627,#1549,#2650,.T.);
#2650 = LINE('',#2651,#2652);
#2651 = CARTESIAN_POINT('',(10.,99.,6.));
#2652 = VECTOR('',#2653,1.);
#2653 = DIRECTION('',(1.,0.,0.));
#2654 = ORIENTED_EDGE('',*,*,#2634,.T.);
#2655 = ORIENTED_EDGE('',*,*,#1396,.T.);
#2656 = ORIENTED_EDGE('',*,*,#2657,.F.);
#2657 = EDGE_CURVE('',#1549,#1389,#2658,.T.);
#2658 = LINE('',#2659,#2660);
#2659 = CARTESIAN_POINT('',(22.6,99.,6.));
#2660 = VECTOR('',#2661,1.);
#2661 = DIRECTION('',(0.,0.,1.));
#2662 = PLANE('',#2663);
#2663 = AXIS2_PLACEMENT_3D('',#2664,#2665,#2666);
#2664 = CARTESIAN_POINT('',(16.6,99.,6.));
#2665 = DIRECTION('',(0.,1.,0.));
#2666 = DIRECTION('',(0.,0.,1.));
#2667 = ADVANCED_FACE('',(#2668),#2674,.T.);
#2668 = FACE_BOUND('',#2669,.T.);
#2669 = EDGE_LOOP('',(#2670,#2671,#2672,#2673));
#2670 = ORIENTED_EDGE('',*,*,#1462,.F.);
#2671 = ORIENTED_EDGE('',*,*,#1556,.T.);
#2672 = ORIENTED_EDGE('',*,*,#2657,.T.);
#2673 = ORIENTED_EDGE('',*,*,#1388,.F.);
#2674 = PLANE('',#2675);
#2675 = AXIS2_PLACEMENT_3D('',#2676,#2677,#2678);
#2676 = CARTESIAN_POINT('',(22.6,93.,6.));
#2677 = DIRECTION('',(1.,0.,0.));
#2678 = DIRECTION('',(0.,0.,1.));
#2679 = ADVANCED_FACE('',(#2680),#2705,.T.);
#2680 = FACE_BOUND('',#2681,.T.);
#2681 = EDGE_LOOP('',(#2682,#2692,#2698,#2699));
#2682 = ORIENTED_EDGE('',*,*,#2683,.F.);
#2683 = EDGE_CURVE('',#2684,#2686,#2688,.T.);
#2684 = VERTEX_POINT('',#2685);
#2685 = CARTESIAN_POINT('',(17.5,93.9,1.7));
#2686 = VERTEX_POINT('',#2687);
#2687 = CARTESIAN_POINT('',(21.1,93.9,1.7));
#2688 = LINE('',#2689,#2690);
#2689 = CARTESIAN_POINT('',(17.5,93.9,1.7));
#2690 = VECTOR('',#2691,1.);
#2691 = DIRECTION('',(1.,0.,0.));
#2692 = ORIENTED_EDGE('',*,*,#2693,.T.);
#2693 = EDGE_CURVE('',#2684,#1413,#2694,.T.);
#2694 = LINE('',#2695,#2696);
#2695 = CARTESIAN_POINT('',(17.5,93.9,1.7));
#2696 = VECTOR('',#2697,1.);
#2697 = DIRECTION('',(0.,0.,1.));
#2698 = ORIENTED_EDGE('',*,*,#1412,.T.);
#2699 = ORIENTED_EDGE('',*,*,#2700,.F.);
#2700 = EDGE_CURVE('',#2686,#1415,#2701,.T.);
#2701 = LINE('',#2702,#2703);
#2702 = CARTESIAN_POINT('',(21.1,93.9,1.7));
#2703 = VECTOR('',#2704,1.);
#2704 = DIRECTION('',(0.,0.,1.));
#2705 = PLANE('',#2706);
#2706 = AXIS2_PLACEMENT_3D('',#2707,#2708,#2709);
#2707 = CARTESIAN_POINT('',(17.5,93.9,1.7));
#2708 = DIRECTION('',(0.,1.,0.));
#2709 = DIRECTION('',(0.,0.,1.));
#2710 = ADVANCED_FACE('',(#2711),#2729,.F.);
#2711 = FACE_BOUND('',#2712,.F.);
#2712 = EDGE_LOOP('',(#2713,#2714,#2722,#2728));
#2713 = ORIENTED_EDGE('',*,*,#2700,.F.);
#2714 = ORIENTED_EDGE('',*,*,#2715,.T.);
#2715 = EDGE_CURVE('',#2686,#2716,#2718,.T.);
#2716 = VERTEX_POINT('',#2717);
#2717 = CARTESIAN_POINT('',(21.1,96.9,1.7));
#2718 = LINE('',#2719,#2720);
#2719 = CARTESIAN_POINT('',(21.1,93.9,1.7));
#2720 = VECTOR('',#2721,1.);
#2721 = DIRECTION('',(0.,1.,0.));
#2722 = ORIENTED_EDGE('',*,*,#2723,.T.);
#2723 = EDGE_CURVE('',#2716,#1431,#2724,.T.);
#2724 = LINE('',#2725,#2726);
#2725 = CARTESIAN_POINT('',(21.1,96.9,1.7));
#2726 = VECTOR('',#2727,1.);
#2727 = DIRECTION('',(0.,0.,1.));
#2728 = ORIENTED_EDGE('',*,*,#1438,.F.);
#2729 = PLANE('',#2730);
#2730 = AXIS2_PLACEMENT_3D('',#2731,#2732,#2733);
#2731 = CARTESIAN_POINT('',(21.1,93.9,1.7));
#2732 = DIRECTION('',(1.,0.,0.));
#2733 = DIRECTION('',(0.,0.,1.));
#2734 = ADVANCED_FACE('',(#2735),#2753,.F.);
#2735 = FACE_BOUND('',#2736,.F.);
#2736 = EDGE_LOOP('',(#2737,#2745,#2751,#2752));
#2737 = ORIENTED_EDGE('',*,*,#2738,.F.);
#2738 = EDGE_CURVE('',#2739,#2716,#2741,.T.);
#2739 = VERTEX_POINT('',#2740);
#2740 = CARTESIAN_POINT('',(17.5,96.9,1.7));
#2741 = LINE('',#2742,#2743);
#2742 = CARTESIAN_POINT('',(17.5,96.9,1.7));
#2743 = VECTOR('',#2744,1.);
#2744 = DIRECTION('',(1.,0.,0.));
#2745 = ORIENTED_EDGE('',*,*,#2746,.T.);
#2746 = EDGE_CURVE('',#2739,#1423,#2747,.T.);
#2747 = LINE('',#2748,#2749);
#2748 = CARTESIAN_POINT('',(17.5,96.9,1.7));
#2749 = VECTOR('',#2750,1.);
#2750 = DIRECTION('',(0.,0.,1.));
#2751 = ORIENTED_EDGE('',*,*,#1430,.T.);
#2752 = ORIENTED_EDGE('',*,*,#2723,.F.);
#2753 = PLANE('',#2754);
#2754 = AXIS2_PLACEMENT_3D('',#2755,#2756,#2757);
#2755 = CARTESIAN_POINT('',(17.5,96.9,1.7));
#2756 = DIRECTION('',(0.,1.,0.));
#2757 = DIRECTION('',(0.,0.,1.));
#2758 = ADVANCED_FACE('',(#2759),#2770,.T.);
#2759 = FACE_BOUND('',#2760,.T.);
#2760 = EDGE_LOOP('',(#2761,#2762,#2768,#2769));
#2761 = ORIENTED_EDGE('',*,*,#2693,.F.);
#2762 = ORIENTED_EDGE('',*,*,#2763,.T.);
#2763 = EDGE_CURVE('',#2684,#2739,#2764,.T.);
#2764 = LINE('',#2765,#2766);
#2765 = CARTESIAN_POINT('',(17.5,93.9,1.7));
#2766 = VECTOR('',#2767,1.);
#2767 = DIRECTION('',(0.,1.,0.));
#2768 = ORIENTED_EDGE('',*,*,#2746,.T.);
#2769 = ORIENTED_EDGE('',*,*,#1422,.F.);
#2770 = PLANE('',#2771);
#2771 = AXIS2_PLACEMENT_3D('',#2772,#2773,#2774);
#2772 = CARTESIAN_POINT('',(17.5,93.9,1.7));
#2773 = DIRECTION('',(1.,0.,0.));
#2774 = DIRECTION('',(0.,0.,1.));
#2775 = ADVANCED_FACE('',(#2776),#2803,.T.);
#2776 = FACE_BOUND('',#2777,.T.);
#2777 = EDGE_LOOP('',(#2778,#2786,#2794,#2800,#2801,#2802));
#2778 = ORIENTED_EDGE('',*,*,#2779,.F.);
#2779 = EDGE_CURVE('',#2780,#1708,#2782,.T.);
#2780 = VERTEX_POINT('',#2781);
#2781 = CARTESIAN_POINT('',(126.,8.,0.));
#2782 = LINE('',#2783,#2784);
#2783 = CARTESIAN_POINT('',(126.,8.,-1.));
#2784 = VECTOR('',#2785,1.);
#2785 = DIRECTION('',(0.,0.,1.));
#2786 = ORIENTED_EDGE('',*,*,#2787,.T.);
#2787 = EDGE_CURVE('',#2780,#2788,#2790,.T.);
#2788 = VERTEX_POINT('',#2789);
#2789 = CARTESIAN_POINT('',(16.,8.,0.));
#2790 = LINE('',#2791,#2792);
#2791 = CARTESIAN_POINT('',(8.,8.,0.));
#2792 = VECTOR('',#2793,1.);
#2793 = DIRECTION('',(-1.,0.,0.));
#2794 = ORIENTED_EDGE('',*,*,#2795,.T.);
#2795 = EDGE_CURVE('',#2788,#1502,#2796,.T.);
#2796 = LINE('',#2797,#2798);
#2797 = CARTESIAN_POINT('',(16.,8.,-1.));
#2798 = VECTOR('',#2799,1.);
#2799 = DIRECTION('',(0.,0.,1.));
#2800 = ORIENTED_EDGE('',*,*,#1509,.F.);
#2801 = ORIENTED_EDGE('',*,*,#1479,.F.);
#2802 = ORIENTED_EDGE('',*,*,#1707,.F.);
#2803 = PLANE('',#2804);
#2804 = AXIS2_PLACEMENT_3D('',#2805,#2806,#2807);
#2805 = CARTESIAN_POINT('',(16.,8.,-1.));
#2806 = DIRECTION('',(0.,1.,0.));
#2807 = DIRECTION('',(0.,0.,1.));
#2808 = ADVANCED_FACE('',(#2809),#2836,.F.);
#2809 = FACE_BOUND('',#2810,.F.);
#2810 = EDGE_LOOP('',(#2811,#2819,#2827,#2833,#2834,#2835));
#2811 = ORIENTED_EDGE('',*,*,#2812,.F.);
#2812 = EDGE_CURVE('',#2813,#1716,#2815,.T.);
#2813 = VERTEX_POINT('',#2814);
#2814 = CARTESIAN_POINT('',(126.,92.,0.));
#2815 = LINE('',#2816,#2817);
#2816 = CARTESIAN_POINT('',(126.,92.,-1.));
#2817 = VECTOR('',#2818,1.);
#2818 = DIRECTION('',(0.,0.,1.));
#2819 = ORIENTED_EDGE('',*,*,#2820,.T.);
#2820 = EDGE_CURVE('',#2813,#2821,#2823,.T.);
#2821 = VERTEX_POINT('',#2822);
#2822 = CARTESIAN_POINT('',(16.,92.,0.));
#2823 = LINE('',#2824,#2825);
#2824 = CARTESIAN_POINT('',(8.,92.,0.));
#2825 = VECTOR('',#2826,1.);
#2826 = DIRECTION('',(-1.,0.,0.));
#2827 = ORIENTED_EDGE('',*,*,#2828,.T.);
#2828 = EDGE_CURVE('',#2821,#1494,#2829,.T.);
#2829 = LINE('',#2830,#2831);
#2830 = CARTESIAN_POINT('',(16.,92.,-1.));
#2831 = VECTOR('',#2832,1.);
#2832 = DIRECTION('',(0.,0.,1.));
#2833 = ORIENTED_EDGE('',*,*,#1493,.F.);
#2834 = ORIENTED_EDGE('',*,*,#1525,.F.);
#2835 = ORIENTED_EDGE('',*,*,#1723,.F.);
#2836 = PLANE('',#2837);
#2837 = AXIS2_PLACEMENT_3D('',#2838,#2839,#2840);
#2838 = CARTESIAN_POINT('',(16.,92.,-1.));
#2839 = DIRECTION('',(0.,1.,0.));
#2840 = DIRECTION('',(0.,0.,1.));
#2841 = ADVANCED_FACE('',(#2842),#2853,.T.);
#2842 = FACE_BOUND('',#2843,.T.);
#2843 = EDGE_LOOP('',(#2844,#2845,#2851,#2852));
#2844 = ORIENTED_EDGE('',*,*,#2795,.F.);
#2845 = ORIENTED_EDGE('',*,*,#2846,.T.);
#2846 = EDGE_CURVE('',#2788,#2821,#2847,.T.);
#2847 = LINE('',#2848,#2849);
#2848 = CARTESIAN_POINT('',(16.,4.,0.));
#2849 = VECTOR('',#2850,1.);
#2850 = DIRECTION('',(0.,1.,0.));
#2851 = ORIENTED_EDGE('',*,*,#2828,.T.);
#2852 = ORIENTED_EDGE('',*,*,#1501,.T.);
#2853 = PLANE('',#2854);
#2854 = AXIS2_PLACEMENT_3D('',#2855,#2856,#2857);
#2855 = CARTESIAN_POINT('',(16.,38.39373871162,15.876610475617));
#2856 = DIRECTION('',(1.,0.,0.));
#2857 = DIRECTION('',(0.,0.,1.));
#2858 = ADVANCED_FACE('',(#2859),#2910,.T.);
#2859 = FACE_BOUND('',#2860,.T.);
#2860 = EDGE_LOOP('',(#2861,#2862,#2863,#2869,#2870,#2871,#2879,#2887,
    #2895,#2904));
#2861 = ORIENTED_EDGE('',*,*,#2528,.T.);
#2862 = ORIENTED_EDGE('',*,*,#2488,.T.);
#2863 = ORIENTED_EDGE('',*,*,#2864,.T.);
#2864 = EDGE_CURVE('',#2489,#2627,#2865,.T.);
#2865 = LINE('',#2866,#2867);
#2866 = CARTESIAN_POINT('',(10.,99.,6.));
#2867 = VECTOR('',#2868,1.);
#2868 = DIRECTION('',(1.,0.,0.));
#2869 = ORIENTED_EDGE('',*,*,#2649,.T.);
#2870 = ORIENTED_EDGE('',*,*,#1548,.T.);
#2871 = ORIENTED_EDGE('',*,*,#2872,.T.);
#2872 = EDGE_CURVE('',#1541,#2873,#2875,.T.);
#2873 = VERTEX_POINT('',#2874);
#2874 = CARTESIAN_POINT('',(125.4,99.,6.));
#2875 = LINE('',#2876,#2877);
#2876 = CARTESIAN_POINT('',(10.,99.,6.));
#2877 = VECTOR('',#2878,1.);
#2878 = DIRECTION('',(1.,0.,0.));
#2879 = ORIENTED_EDGE('',*,*,#2880,.T.);
#2880 = EDGE_CURVE('',#2873,#2881,#2883,.T.);
#2881 = VERTEX_POINT('',#2882);
#2882 = CARTESIAN_POINT('',(126.,99.,6.));
#2883 = LINE('',#2884,#2885);
#2884 = CARTESIAN_POINT('',(10.,99.,6.));
#2885 = VECTOR('',#2886,1.);
#2886 = DIRECTION('',(1.,0.,0.));
#2887 = ORIENTED_EDGE('',*,*,#2888,.T.);
#2888 = EDGE_CURVE('',#2881,#2889,#2891,.T.);
#2889 = VERTEX_POINT('',#2890);
#2890 = CARTESIAN_POINT('',(132.,99.,6.));
#2891 = LINE('',#2892,#2893);
#2892 = CARTESIAN_POINT('',(10.,99.,6.));
#2893 = VECTOR('',#2894,1.);
#2894 = DIRECTION('',(1.,0.,0.));
#2895 = ORIENTED_EDGE('',*,*,#2896,.F.);
#2896 = EDGE_CURVE('',#2897,#2889,#2899,.T.);
#2897 = VERTEX_POINT('',#2898);
#2898 = CARTESIAN_POINT('',(132.,100.,5.));
#2899 = CIRCLE('',#2900,1.);
#2900 = AXIS2_PLACEMENT_3D('',#2901,#2902,#2903);
#2901 = CARTESIAN_POINT('',(132.,99.,5.));
#2902 = DIRECTION('',(1.,0.,0.));
#2903 = DIRECTION('',(0.,1.,0.));
#2904 = ORIENTED_EDGE('',*,*,#2905,.F.);
#2905 = EDGE_CURVE('',#2520,#2897,#2906,.T.);
#2906 = LINE('',#2907,#2908);
#2907 = CARTESIAN_POINT('',(10.,100.,5.));
#2908 = VECTOR('',#2909,1.);
#2909 = DIRECTION('',(1.,0.,0.));
#2910 = CYLINDRICAL_SURFACE('',#2911,1.);
#2911 = AXIS2_PLACEMENT_3D('',#2912,#2913,#2914);
#2912 = CARTESIAN_POINT('',(10.,99.,5.));
#2913 = DIRECTION('',(1.,0.,0.));
#2914 = DIRECTION('',(0.,1.,0.));
#2915 = ADVANCED_FACE('',(#2916),#2927,.F.);
#2916 = FACE_BOUND('',#2917,.F.);
#2917 = EDGE_LOOP('',(#2918,#2919,#2920,#2926));
#2918 = ORIENTED_EDGE('',*,*,#1690,.F.);
#2919 = ORIENTED_EDGE('',*,*,#1540,.T.);
#2920 = ORIENTED_EDGE('',*,*,#2921,.T.);
#2921 = EDGE_CURVE('',#1541,#1626,#2922,.T.);
#2922 = LINE('',#2923,#2924);
#2923 = CARTESIAN_POINT('',(119.4,99.,6.));
#2924 = VECTOR('',#2925,1.);
#2925 = DIRECTION('',(0.,0.,1.));
#2926 = ORIENTED_EDGE('',*,*,#1633,.F.);
#2927 = PLANE('',#2928);
#2928 = AXIS2_PLACEMENT_3D('',#2929,#2930,#2931);
#2929 = CARTESIAN_POINT('',(119.4,93.,6.));
#2930 = DIRECTION('',(1.,0.,0.));
#2931 = DIRECTION('',(0.,0.,1.));
#2932 = ADVANCED_FACE('',(#2933),#2944,.T.);
#2933 = FACE_BOUND('',#2934,.T.);
#2934 = EDGE_LOOP('',(#2935,#2936,#2937,#2938));
#2935 = ORIENTED_EDGE('',*,*,#2872,.F.);
#2936 = ORIENTED_EDGE('',*,*,#2921,.T.);
#2937 = ORIENTED_EDGE('',*,*,#1625,.T.);
#2938 = ORIENTED_EDGE('',*,*,#2939,.F.);
#2939 = EDGE_CURVE('',#2873,#1618,#2940,.T.);
#2940 = LINE('',#2941,#2942);
#2941 = CARTESIAN_POINT('',(125.4,99.,6.));
#2942 = VECTOR('',#2943,1.);
#2943 = DIRECTION('',(0.,0.,1.));
#2944 = PLANE('',#2945);
#2945 = AXIS2_PLACEMENT_3D('',#2946,#2947,#2948);
#2946 = CARTESIAN_POINT('',(119.4,99.,6.));
#2947 = DIRECTION('',(0.,1.,0.));
#2948 = DIRECTION('',(0.,0.,1.));
#2949 = ADVANCED_FACE('',(#2950),#2990,.T.);
#2950 = FACE_BOUND('',#2951,.T.);
#2951 = EDGE_LOOP('',(#2952,#2960,#2966,#2967,#2968,#2976,#2984));
#2952 = ORIENTED_EDGE('',*,*,#2953,.F.);
#2953 = EDGE_CURVE('',#2954,#2881,#2956,.T.);
#2954 = VERTEX_POINT('',#2955);
#2955 = CARTESIAN_POINT('',(126.,93.,6.));
#2956 = LINE('',#2957,#2958);
#2957 = CARTESIAN_POINT('',(126.,84.,6.));
#2958 = VECTOR('',#2959,1.);
#2959 = DIRECTION('',(0.,1.,0.));
#2960 = ORIENTED_EDGE('',*,*,#2961,.F.);
#2961 = EDGE_CURVE('',#1602,#2954,#2962,.T.);
#2962 = LINE('',#2963,#2964);
#2963 = CARTESIAN_POINT('',(126.,93.,10.938305237809));
#2964 = VECTOR('',#2965,1.);
#2965 = DIRECTION('',(0.,0.,-1.));
#2966 = ORIENTED_EDGE('',*,*,#1601,.F.);
#2967 = ORIENTED_EDGE('',*,*,#2063,.F.);
#2968 = ORIENTED_EDGE('',*,*,#2969,.T.);
#2969 = EDGE_CURVE('',#2056,#2970,#2972,.T.);
#2970 = VERTEX_POINT('',#2971);
#2971 = CARTESIAN_POINT('',(126.,100.,13.1));
#2972 = LINE('',#2973,#2974);
#2973 = CARTESIAN_POINT('',(126.,83.7,13.1));
#2974 = VECTOR('',#2975,1.);
#2975 = DIRECTION('',(0.,1.,0.));
#2976 = ORIENTED_EDGE('',*,*,#2977,.F.);
#2977 = EDGE_CURVE('',#2978,#2970,#2980,.T.);
#2978 = VERTEX_POINT('',#2979);
#2979 = CARTESIAN_POINT('',(126.,100.,6.));
#2980 = LINE('',#2981,#2982);
#2981 = CARTESIAN_POINT('',(126.,100.,6.));
#2982 = VECTOR('',#2983,1.);
#2983 = DIRECTION('',(0.,0.,1.));
#2984 = ORIENTED_EDGE('',*,*,#2985,.F.);
#2985 = EDGE_CURVE('',#2881,#2978,#2986,.T.);
#2986 = LINE('',#2987,#2988);
#2987 = CARTESIAN_POINT('',(126.,84.,6.));
#2988 = VECTOR('',#2989,1.);
#2989 = DIRECTION('',(0.,1.,0.));
#2990 = PLANE('',#2991);
#2991 = AXIS2_PLACEMENT_3D('',#2992,#2993,#2994);
#2992 = CARTESIAN_POINT('',(126.,38.39373871162,15.876610475617));
#2993 = DIRECTION('',(-1.,-0.,-0.));
#2994 = DIRECTION('',(0.,0.,-1.));
#2995 = ADVANCED_FACE('',(#2996),#3014,.T.);
#2996 = FACE_BOUND('',#2997,.T.);
#2997 = EDGE_LOOP('',(#2998,#3006,#3012,#3013));
#2998 = ORIENTED_EDGE('',*,*,#2999,.F.);
#2999 = EDGE_CURVE('',#3000,#1610,#3002,.T.);
#3000 = VERTEX_POINT('',#3001);
#3001 = CARTESIAN_POINT('',(125.4,93.,6.));
#3002 = LINE('',#3003,#3004);
#3003 = CARTESIAN_POINT('',(125.4,93.,6.));
#3004 = VECTOR('',#3005,1.);
#3005 = DIRECTION('',(0.,0.,1.));
#3006 = ORIENTED_EDGE('',*,*,#3007,.T.);
#3007 = EDGE_CURVE('',#3000,#2873,#3008,.T.);
#3008 = LINE('',#3009,#3010);
#3009 = CARTESIAN_POINT('',(125.4,93.,6.));
#3010 = VECTOR('',#3011,1.);
#3011 = DIRECTION('',(0.,1.,0.));
#3012 = ORIENTED_EDGE('',*,*,#2939,.T.);
#3013 = ORIENTED_EDGE('',*,*,#1617,.F.);
#3014 = PLANE('',#3015);
#3015 = AXIS2_PLACEMENT_3D('',#3016,#3017,#3018);
#3016 = CARTESIAN_POINT('',(125.4,93.,6.));
#3017 = DIRECTION('',(1.,0.,0.));
#3018 = DIRECTION('',(0.,0.,1.));
#3019 = ADVANCED_FACE('',(#3020),#3031,.T.);
#3020 = FACE_BOUND('',#3021,.T.);
#3021 = EDGE_LOOP('',(#3022,#3028,#3029,#3030));
#3022 = ORIENTED_EDGE('',*,*,#3023,.F.);
#3023 = EDGE_CURVE('',#3000,#2954,#3024,.T.);
#3024 = LINE('',#3025,#3026);
#3025 = CARTESIAN_POINT('',(119.6,93.,6.));
#3026 = VECTOR('',#3027,1.);
#3027 = DIRECTION('',(1.,0.,0.));
#3028 = ORIENTED_EDGE('',*,*,#2999,.T.);
#3029 = ORIENTED_EDGE('',*,*,#1609,.T.);
#3030 = ORIENTED_EDGE('',*,*,#2961,.T.);
#3031 = PLANE('',#3032);
#3032 = AXIS2_PLACEMENT_3D('',#3033,#3034,#3035);
#3033 = CARTESIAN_POINT('',(119.6,93.,6.));
#3034 = DIRECTION('',(0.,1.,0.));
#3035 = DIRECTION('',(0.,0.,1.));
#3036 = ADVANCED_FACE('',(#3037),#3062,.T.);
#3037 = FACE_BOUND('',#3038,.T.);
#3038 = EDGE_LOOP('',(#3039,#3049,#3055,#3056));
#3039 = ORIENTED_EDGE('',*,*,#3040,.F.);
#3040 = EDGE_CURVE('',#3041,#3043,#3045,.T.);
#3041 = VERTEX_POINT('',#3042);
#3042 = CARTESIAN_POINT('',(120.9,93.9,1.7));
#3043 = VERTEX_POINT('',#3044);
#3044 = CARTESIAN_POINT('',(124.5,93.9,1.7));
#3045 = LINE('',#3046,#3047);
#3046 = CARTESIAN_POINT('',(120.9,93.9,1.7));
#3047 = VECTOR('',#3048,1.);
#3048 = DIRECTION('',(1.,0.,0.));
#3049 = ORIENTED_EDGE('',*,*,#3050,.T.);
#3050 = EDGE_CURVE('',#3041,#1650,#3051,.T.);
#3051 = LINE('',#3052,#3053);
#3052 = CARTESIAN_POINT('',(120.9,93.9,1.7));
#3053 = VECTOR('',#3054,1.);
#3054 = DIRECTION('',(0.,0.,1.));
#3055 = ORIENTED_EDGE('',*,*,#1649,.T.);
#3056 = ORIENTED_EDGE('',*,*,#3057,.F.);
#3057 = EDGE_CURVE('',#3043,#1652,#3058,.T.);
#3058 = LINE('',#3059,#3060);
#3059 = CARTESIAN_POINT('',(124.5,93.9,1.7));
#3060 = VECTOR('',#3061,1.);
#3061 = DIRECTION('',(0.,0.,1.));
#3062 = PLANE('',#3063);
#3063 = AXIS2_PLACEMENT_3D('',#3064,#3065,#3066);
#3064 = CARTESIAN_POINT('',(120.9,93.9,1.7));
#3065 = DIRECTION('',(0.,1.,0.));
#3066 = DIRECTION('',(0.,0.,1.));
#3067 = ADVANCED_FACE('',(#3068),#3086,.F.);
#3068 = FACE_BOUND('',#3069,.F.);
#3069 = EDGE_LOOP('',(#3070,#3071,#3079,#3085));
#3070 = ORIENTED_EDGE('',*,*,#3057,.F.);
#3071 = ORIENTED_EDGE('',*,*,#3072,.T.);
#3072 = EDGE_CURVE('',#3043,#3073,#3075,.T.);
#3073 = VERTEX_POINT('',#3074);
#3074 = CARTESIAN_POINT('',(124.5,96.9,1.7));
#3075 = LINE('',#3076,#3077);
#3076 = CARTESIAN_POINT('',(124.5,93.9,1.7));
#3077 = VECTOR('',#3078,1.);
#3078 = DIRECTION('',(0.,1.,0.));
#3079 = ORIENTED_EDGE('',*,*,#3080,.T.);
#3080 = EDGE_CURVE('',#3073,#1668,#3081,.T.);
#3081 = LINE('',#3082,#3083);
#3082 = CARTESIAN_POINT('',(124.5,96.9,1.7));
#3083 = VECTOR('',#3084,1.);
#3084 = DIRECTION('',(0.,0.,1.));
#3085 = ORIENTED_EDGE('',*,*,#1675,.F.);
#3086 = PLANE('',#3087);
#3087 = AXIS2_PLACEMENT_3D('',#3088,#3089,#3090);
#3088 = CARTESIAN_POINT('',(124.5,93.9,1.7));
#3089 = DIRECTION('',(1.,0.,0.));
#3090 = DIRECTION('',(0.,0.,1.));
#3091 = ADVANCED_FACE('',(#3092),#3110,.F.);
#3092 = FACE_BOUND('',#3093,.F.);
#3093 = EDGE_LOOP('',(#3094,#3102,#3108,#3109));
#3094 = ORIENTED_EDGE('',*,*,#3095,.F.);
#3095 = EDGE_CURVE('',#3096,#3073,#3098,.T.);
#3096 = VERTEX_POINT('',#3097);
#3097 = CARTESIAN_POINT('',(120.9,96.9,1.7));
#3098 = LINE('',#3099,#3100);
#3099 = CARTESIAN_POINT('',(120.9,96.9,1.7));
#3100 = VECTOR('',#3101,1.);
#3101 = DIRECTION('',(1.,0.,0.));
#3102 = ORIENTED_EDGE('',*,*,#3103,.T.);
#3103 = EDGE_CURVE('',#3096,#1660,#3104,.T.);
#3104 = LINE('',#3105,#3106);
#3105 = CARTESIAN_POINT('',(120.9,96.9,1.7));
#3106 = VECTOR('',#3107,1.);
#3107 = DIRECTION('',(0.,0.,1.));
#3108 = ORIENTED_EDGE('',*,*,#1667,.T.);
#3109 = ORIENTED_EDGE('',*,*,#3080,.F.);
#3110 = PLANE('',#3111);
#3111 = AXIS2_PLACEMENT_3D('',#3112,#3113,#3114);
#3112 = CARTESIAN_POINT('',(120.9,96.9,1.7));
#3113 = DIRECTION('',(0.,1.,0.));
#3114 = DIRECTION('',(0.,0.,1.));
#3115 = ADVANCED_FACE('',(#3116),#3127,.T.);
#3116 = FACE_BOUND('',#3117,.T.);
#3117 = EDGE_LOOP('',(#3118,#3119,#3125,#3126));
#3118 = ORIENTED_EDGE('',*,*,#3050,.F.);
#3119 = ORIENTED_EDGE('',*,*,#3120,.T.);
#3120 = EDGE_CURVE('',#3041,#3096,#3121,.T.);
#3121 = LINE('',#3122,#3123);
#3122 = CARTESIAN_POINT('',(120.9,93.9,1.7));
#3123 = VECTOR('',#3124,1.);
#3124 = DIRECTION('',(0.,1.,0.));
#3125 = ORIENTED_EDGE('',*,*,#3103,.T.);
#3126 = ORIENTED_EDGE('',*,*,#1659,.F.);
#3127 = PLANE('',#3128);
#3128 = AXIS2_PLACEMENT_3D('',#3129,#3130,#3131);
#3129 = CARTESIAN_POINT('',(120.9,93.9,1.7));
#3130 = DIRECTION('',(1.,0.,0.));
#3131 = DIRECTION('',(0.,0.,1.));
#3132 = ADVANCED_FACE('',(#3133),#3144,.T.);
#3133 = FACE_BOUND('',#3134,.T.);
#3134 = EDGE_LOOP('',(#3135,#3141,#3142,#3143));
#3135 = ORIENTED_EDGE('',*,*,#3136,.F.);
#3136 = EDGE_CURVE('',#2780,#2813,#3137,.T.);
#3137 = LINE('',#3138,#3139);
#3138 = CARTESIAN_POINT('',(126.,4.,0.));
#3139 = VECTOR('',#3140,1.);
#3140 = DIRECTION('',(0.,1.,0.));
#3141 = ORIENTED_EDGE('',*,*,#2779,.T.);
#3142 = ORIENTED_EDGE('',*,*,#1715,.T.);
#3143 = ORIENTED_EDGE('',*,*,#2812,.F.);
#3144 = PLANE('',#3145);
#3145 = AXIS2_PLACEMENT_3D('',#3146,#3147,#3148);
#3146 = CARTESIAN_POINT('',(126.,38.39373871162,15.876610475617));
#3147 = DIRECTION('',(-1.,-0.,-0.));
#3148 = DIRECTION('',(0.,0.,-1.));
#3149 = ADVANCED_FACE('',(#3150),#3169,.T.);
#3150 = FACE_BOUND('',#3151,.F.);
#3151 = EDGE_LOOP('',(#3152,#3160,#3167,#3168));
#3152 = ORIENTED_EDGE('',*,*,#3153,.F.);
#3153 = EDGE_CURVE('',#3154,#1738,#3156,.T.);
#3154 = VERTEX_POINT('',#3155);
#3155 = CARTESIAN_POINT('',(142.,10.,1.));
#3156 = LINE('',#3157,#3158);
#3157 = CARTESIAN_POINT('',(142.,10.,0.));
#3158 = VECTOR('',#3159,1.);
#3159 = DIRECTION('',(0.,0.,1.));
#3160 = ORIENTED_EDGE('',*,*,#3161,.T.);
#3161 = EDGE_CURVE('',#3154,#2401,#3162,.T.);
#3162 = CIRCLE('',#3163,10.);
#3163 = AXIS2_PLACEMENT_3D('',#3164,#3165,#3166);
#3164 = CARTESIAN_POINT('',(132.,10.,1.));
#3165 = DIRECTION('',(0.,0.,-1.));
#3166 = DIRECTION('',(1.,0.,0.));
#3167 = ORIENTED_EDGE('',*,*,#2400,.T.);
#3168 = ORIENTED_EDGE('',*,*,#1746,.F.);
#3169 = CYLINDRICAL_SURFACE('',#3170,10.);
#3170 = AXIS2_PLACEMENT_3D('',#3171,#3172,#3173);
#3171 = CARTESIAN_POINT('',(132.,10.,0.));
#3172 = DIRECTION('',(0.,0.,1.));
#3173 = DIRECTION('',(1.,0.,0.));
#3174 = ADVANCED_FACE('',(#3175),#3193,.T.);
#3175 = FACE_BOUND('',#3176,.F.);
#3176 = EDGE_LOOP('',(#3177,#3178,#3185,#3186));
#3177 = ORIENTED_EDGE('',*,*,#2896,.F.);
#3178 = ORIENTED_EDGE('',*,*,#3179,.T.);
#3179 = EDGE_CURVE('',#2897,#1764,#3180,.T.);
#3180 = CIRCLE('',#3181,10.);
#3181 = AXIS2_PLACEMENT_3D('',#3182,#3183,#3184);
#3182 = CARTESIAN_POINT('',(132.,90.,5.));
#3183 = DIRECTION('',(0.,0.,-1.));
#3184 = DIRECTION('',(0.,1.,0.));
#3185 = ORIENTED_EDGE('',*,*,#1763,.T.);
#3186 = ORIENTED_EDGE('',*,*,#3187,.F.);
#3187 = EDGE_CURVE('',#2889,#1766,#3188,.T.);
#3188 = CIRCLE('',#3189,9.);
#3189 = AXIS2_PLACEMENT_3D('',#3190,#3191,#3192);
#3190 = CARTESIAN_POINT('',(132.,90.,6.));
#3191 = DIRECTION('',(0.,0.,-1.));
#3192 = DIRECTION('',(0.,1.,0.));
#3193 = TOROIDAL_SURFACE('',#3194,9.,1.);
#3194 = AXIS2_PLACEMENT_3D('',#3195,#3196,#3197);
#3195 = CARTESIAN_POINT('',(132.,90.,5.));
#3196 = DIRECTION('',(0.,0.,1.));
#3197 = DIRECTION('',(0.,1.,0.));
#3198 = ADVANCED_FACE('',(#3199),#3217,.T.);
#3199 = FACE_BOUND('',#3200,.T.);
#3200 = EDGE_LOOP('',(#3201,#3202,#3210,#3216));
#3201 = ORIENTED_EDGE('',*,*,#3153,.F.);
#3202 = ORIENTED_EDGE('',*,*,#3203,.F.);
#3203 = EDGE_CURVE('',#3204,#3154,#3206,.T.);
#3204 = VERTEX_POINT('',#3205);
#3205 = CARTESIAN_POINT('',(142.,90.,1.));
#3206 = LINE('',#3207,#3208);
#3207 = CARTESIAN_POINT('',(142.,90.,1.));
#3208 = VECTOR('',#3209,1.);
#3209 = DIRECTION('',(-0.,-1.,-0.));
#3210 = ORIENTED_EDGE('',*,*,#3211,.T.);
#3211 = EDGE_CURVE('',#3204,#1764,#3212,.T.);
#3212 = LINE('',#3213,#3214);
#3213 = CARTESIAN_POINT('',(142.,90.,0.));
#3214 = VECTOR('',#3215,1.);
#3215 = DIRECTION('',(0.,0.,1.));
#3216 = ORIENTED_EDGE('',*,*,#1790,.T.);
#3217 = PLANE('',#3218);
#3218 = AXIS2_PLACEMENT_3D('',#3219,#3220,#3221);
#3219 = CARTESIAN_POINT('',(142.,0.,0.));
#3220 = DIRECTION('',(1.,0.,0.));
#3221 = DIRECTION('',(0.,0.,1.));
#3222 = ADVANCED_FACE('',(#3223),#3260,.F.);
#3223 = FACE_BOUND('',#3224,.F.);
#3224 = EDGE_LOOP('',(#3225,#3236,#3242,#3243,#3244,#3245,#3246,#3254));
#3225 = ORIENTED_EDGE('',*,*,#3226,.T.);
#3226 = EDGE_CURVE('',#3227,#3229,#3231,.T.);
#3227 = VERTEX_POINT('',#3228);
#3228 = CARTESIAN_POINT('',(142.,90.,6.));
#3229 = VERTEX_POINT('',#3230);
#3230 = CARTESIAN_POINT('',(132.,100.,6.));
#3231 = CIRCLE('',#3232,10.);
#3232 = AXIS2_PLACEMENT_3D('',#3233,#3234,#3235);
#3233 = CARTESIAN_POINT('',(132.,90.,6.));
#3234 = DIRECTION('',(-0.,0.,1.));
#3235 = DIRECTION('',(0.,-1.,0.));
#3236 = ORIENTED_EDGE('',*,*,#3237,.F.);
#3237 = EDGE_CURVE('',#2978,#3229,#3238,.T.);
#3238 = LINE('',#3239,#3240);
#3239 = CARTESIAN_POINT('',(126.,100.,6.));
#3240 = VECTOR('',#3241,1.);
#3241 = DIRECTION('',(1.,0.,0.));
#3242 = ORIENTED_EDGE('',*,*,#2985,.F.);
#3243 = ORIENTED_EDGE('',*,*,#2888,.T.);
#3244 = ORIENTED_EDGE('',*,*,#3187,.T.);
#3245 = ORIENTED_EDGE('',*,*,#1774,.T.);
#3246 = ORIENTED_EDGE('',*,*,#3247,.T.);
#3247 = EDGE_CURVE('',#1775,#3248,#3250,.T.);
#3248 = VERTEX_POINT('',#3249);
#3249 = CARTESIAN_POINT('',(142.,84.,6.));
#3250 = LINE('',#3251,#3252);
#3251 = CARTESIAN_POINT('',(126.,84.,6.));
#3252 = VECTOR('',#3253,1.);
#3253 = DIRECTION('',(1.,0.,0.));
#3254 = ORIENTED_EDGE('',*,*,#3255,.T.);
#3255 = EDGE_CURVE('',#3248,#3227,#3256,.T.);
#3256 = LINE('',#3257,#3258);
#3257 = CARTESIAN_POINT('',(142.,84.,6.));
#3258 = VECTOR('',#3259,1.);
#3259 = DIRECTION('',(0.,1.,0.));
#3260 = PLANE('',#3261);
#3261 = AXIS2_PLACEMENT_3D('',#3262,#3263,#3264);
#3262 = CARTESIAN_POINT('',(126.,84.,6.));
#3263 = DIRECTION('',(0.,0.,1.));
#3264 = DIRECTION('',(1.,0.,0.));
#3265 = ADVANCED_FACE('',(#3266),#3284,.T.);
#3266 = FACE_BOUND('',#3267,.T.);
#3267 = EDGE_LOOP('',(#3268,#3276,#3277,#3278));
#3268 = ORIENTED_EDGE('',*,*,#3269,.F.);
#3269 = EDGE_CURVE('',#1820,#3270,#3272,.T.);
#3270 = VERTEX_POINT('',#3271);
#3271 = CARTESIAN_POINT('',(130.,84.,6.));
#3272 = LINE('',#3273,#3274);
#3273 = CARTESIAN_POINT('',(130.,0.,6.));
#3274 = VECTOR('',#3275,1.);
#3275 = DIRECTION('',(0.,1.,0.));
#3276 = ORIENTED_EDGE('',*,*,#1819,.T.);
#3277 = ORIENTED_EDGE('',*,*,#1782,.F.);
#3278 = ORIENTED_EDGE('',*,*,#3279,.F.);
#3279 = EDGE_CURVE('',#3270,#1775,#3280,.T.);
#3280 = LINE('',#3281,#3282);
#3281 = CARTESIAN_POINT('',(126.,84.,6.));
#3282 = VECTOR('',#3283,1.);
#3283 = DIRECTION('',(1.,0.,0.));
#3284 = PLANE('',#3285);
#3285 = AXIS2_PLACEMENT_3D('',#3286,#3287,#3288);
#3286 = CARTESIAN_POINT('',(0.,0.,6.));
#3287 = DIRECTION('',(0.,0.,1.));
#3288 = DIRECTION('',(1.,0.,0.));
#3289 = ADVANCED_FACE('',(#3290),#3302,.T.);
#3290 = FACE_BOUND('',#3291,.F.);
#3291 = EDGE_LOOP('',(#3292,#3293,#3294,#3301));
#3292 = ORIENTED_EDGE('',*,*,#1904,.T.);
#3293 = ORIENTED_EDGE('',*,*,#1804,.T.);
#3294 = ORIENTED_EDGE('',*,*,#3295,.T.);
#3295 = EDGE_CURVE('',#1805,#1930,#3296,.T.);
#3296 = ELLIPSE('',#3297,1.414213562373,1.);
#3297 = AXIS2_PLACEMENT_3D('',#3298,#3299,#3300);
#3298 = CARTESIAN_POINT('',(141.,15.,59.));
#3299 = DIRECTION('',(0.707106781187,-0.707106781187,0.));
#3300 = DIRECTION('',(0.707106781187,0.707106781187,0.));
#3301 = ORIENTED_EDGE('',*,*,#1937,.F.);
#3302 = CYLINDRICAL_SURFACE('',#3303,1.);
#3303 = AXIS2_PLACEMENT_3D('',#3304,#3305,#3306);
#3304 = CARTESIAN_POINT('',(126.,15.,59.));
#3305 = DIRECTION('',(1.,0.,0.));
#3306 = DIRECTION('',(0.,0.,1.));
#3307 = ADVANCED_FACE('',(#3308),#3326,.T.);
#3308 = FACE_BOUND('',#3309,.T.);
#3309 = EDGE_LOOP('',(#3310,#3311,#3312,#3320));
#3310 = ORIENTED_EDGE('',*,*,#2088,.F.);
#3311 = ORIENTED_EDGE('',*,*,#1835,.T.);
#3312 = ORIENTED_EDGE('',*,*,#3313,.T.);
#3313 = EDGE_CURVE('',#1828,#3314,#3316,.T.);
#3314 = VERTEX_POINT('',#3315);
#3315 = CARTESIAN_POINT('',(130.,84.,8.));
#3316 = LINE('',#3317,#3318);
#3317 = CARTESIAN_POINT('',(130.,0.,8.));
#3318 = VECTOR('',#3319,1.);
#3319 = DIRECTION('',(0.,1.,0.));
#3320 = ORIENTED_EDGE('',*,*,#3321,.F.);
#3321 = EDGE_CURVE('',#2089,#3314,#3322,.T.);
#3322 = LINE('',#3323,#3324);
#3323 = CARTESIAN_POINT('',(122.8,84.,8.));
#3324 = VECTOR('',#3325,1.);
#3325 = DIRECTION('',(1.,0.,0.));
#3326 = PLANE('',#3327);
#3327 = AXIS2_PLACEMENT_3D('',#3328,#3329,#3330);
#3328 = CARTESIAN_POINT('',(119.6,0.,8.));
#3329 = DIRECTION('',(0.,0.,1.));
#3330 = DIRECTION('',(1.,0.,0.));
#3331 = ADVANCED_FACE('',(#3332),#3343,.T.);
#3332 = FACE_BOUND('',#3333,.T.);
#3333 = EDGE_LOOP('',(#3334,#3335,#3336,#3337));
#3334 = ORIENTED_EDGE('',*,*,#3313,.F.);
#3335 = ORIENTED_EDGE('',*,*,#1827,.T.);
#3336 = ORIENTED_EDGE('',*,*,#3269,.T.);
#3337 = ORIENTED_EDGE('',*,*,#3338,.F.);
#3338 = EDGE_CURVE('',#3314,#3270,#3339,.T.);
#3339 = LINE('',#3340,#3341);
#3340 = CARTESIAN_POINT('',(130.,84.,6.));
#3341 = VECTOR('',#3342,1.);
#3342 = DIRECTION('',(0.,0.,-1.));
#3343 = PLANE('',#3344);
#3344 = AXIS2_PLACEMENT_3D('',#3345,#3346,#3347);
#3345 = CARTESIAN_POINT('',(130.,0.,6.));
#3346 = DIRECTION('',(1.,0.,0.));
#3347 = DIRECTION('',(0.,0.,1.));
#3348 = ADVANCED_FACE('',(#3349),#3355,.T.);
#3349 = FACE_BOUND('',#3350,.F.);
#3350 = EDGE_LOOP('',(#3351,#3352,#3353,#3354));
#3351 = ORIENTED_EDGE('',*,*,#1878,.T.);
#3352 = ORIENTED_EDGE('',*,*,#1929,.T.);
#3353 = ORIENTED_EDGE('',*,*,#3295,.F.);
#3354 = ORIENTED_EDGE('',*,*,#1862,.F.);
#3355 = CYLINDRICAL_SURFACE('',#3356,1.);
#3356 = AXIS2_PLACEMENT_3D('',#3357,#3358,#3359);
#3357 = CARTESIAN_POINT('',(141.,10.,59.));
#3358 = DIRECTION('',(0.,1.,0.));
#3359 = DIRECTION('',(1.,0.,0.));
#3360 = ADVANCED_FACE('',(#3361),#3380,.T.);
#3361 = FACE_BOUND('',#3362,.F.);
#3362 = EDGE_LOOP('',(#3363,#3371,#3378,#3379));
#3363 = ORIENTED_EDGE('',*,*,#3364,.T.);
#3364 = EDGE_CURVE('',#1947,#3365,#3367,.T.);
#3365 = VERTEX_POINT('',#3366);
#3366 = CARTESIAN_POINT('',(137.4,8.,64.9));
#3367 = LINE('',#3368,#3369);
#3368 = CARTESIAN_POINT('',(137.4,8.,60.));
#3369 = VECTOR('',#3370,1.);
#3370 = DIRECTION('',(0.,0.,1.));
#3371 = ORIENTED_EDGE('',*,*,#3372,.T.);
#3372 = EDGE_CURVE('',#3365,#3365,#3373,.T.);
#3373 = CIRCLE('',#3374,3.4);
#3374 = AXIS2_PLACEMENT_3D('',#3375,#3376,#3377);
#3375 = CARTESIAN_POINT('',(134.,8.,64.9));
#3376 = DIRECTION('',(0.,0.,1.));
#3377 = DIRECTION('',(1.,0.,0.));
#3378 = ORIENTED_EDGE('',*,*,#3364,.F.);
#3379 = ORIENTED_EDGE('',*,*,#1946,.F.);
#3380 = CYLINDRICAL_SURFACE('',#3381,3.4);
#3381 = AXIS2_PLACEMENT_3D('',#3382,#3383,#3384);
#3382 = CARTESIAN_POINT('',(134.,8.,60.));
#3383 = DIRECTION('',(-0.,-0.,-1.));
#3384 = DIRECTION('',(1.,0.,0.));
#3385 = ADVANCED_FACE('',(#3386),#3413,.T.);
#3386 = FACE_BOUND('',#3387,.T.);
#3387 = EDGE_LOOP('',(#3388,#3389,#3390,#3391,#3399,#3407));
#3388 = ORIENTED_EDGE('',*,*,#2969,.F.);
#3389 = ORIENTED_EDGE('',*,*,#2055,.F.);
#3390 = ORIENTED_EDGE('',*,*,#2104,.F.);
#3391 = ORIENTED_EDGE('',*,*,#3392,.T.);
#3392 = EDGE_CURVE('',#2097,#3393,#3395,.T.);
#3393 = VERTEX_POINT('',#3394);
#3394 = CARTESIAN_POINT('',(129.,84.,13.1));
#3395 = LINE('',#3396,#3397);
#3396 = CARTESIAN_POINT('',(125.7,84.,13.1));
#3397 = VECTOR('',#3398,1.);
#3398 = DIRECTION('',(1.,0.,0.));
#3399 = ORIENTED_EDGE('',*,*,#3400,.T.);
#3400 = EDGE_CURVE('',#3393,#3401,#3403,.T.);
#3401 = VERTEX_POINT('',#3402);
#3402 = CARTESIAN_POINT('',(129.,100.,13.1));
#3403 = LINE('',#3404,#3405);
#3404 = CARTESIAN_POINT('',(129.,83.7,13.1));
#3405 = VECTOR('',#3406,1.);
#3406 = DIRECTION('',(0.,1.,0.));
#3407 = ORIENTED_EDGE('',*,*,#3408,.F.);
#3408 = EDGE_CURVE('',#2970,#3401,#3409,.T.);
#3409 = LINE('',#3410,#3411);
#3410 = CARTESIAN_POINT('',(125.7,100.,13.1));
#3411 = VECTOR('',#3412,1.);
#3412 = DIRECTION('',(1.,0.,0.));
#3413 = PLANE('',#3414);
#3414 = AXIS2_PLACEMENT_3D('',#3415,#3416,#3417);
#3415 = CARTESIAN_POINT('',(125.7,83.7,13.1));
#3416 = DIRECTION('',(0.,0.,1.));
#3417 = DIRECTION('',(1.,0.,0.));
#3418 = ADVANCED_FACE('',(#3419),#3483,.F.);
#3419 = FACE_BOUND('',#3420,.F.);
#3420 = EDGE_LOOP('',(#3421,#3431,#3439,#3445,#3446,#3447,#3448,#3449,
    #3450,#3451,#3460,#3468,#3477));
#3421 = ORIENTED_EDGE('',*,*,#3422,.T.);
#3422 = EDGE_CURVE('',#3423,#3425,#3427,.T.);
#3423 = VERTEX_POINT('',#3424);
#3424 = CARTESIAN_POINT('',(126.,84.,19.7));
#3425 = VERTEX_POINT('',#3426);
#3426 = CARTESIAN_POINT('',(126.,84.,59.));
#3427 = LINE('',#3428,#3429);
#3428 = CARTESIAN_POINT('',(126.,84.,6.));
#3429 = VECTOR('',#3430,1.);
#3430 = DIRECTION('',(0.,0.,1.));
#3431 = ORIENTED_EDGE('',*,*,#3432,.T.);
#3432 = EDGE_CURVE('',#3425,#3433,#3435,.T.);
#3433 = VERTEX_POINT('',#3434);
#3434 = CARTESIAN_POINT('',(142.,84.,59.));
#3435 = LINE('',#3436,#3437);
#3436 = CARTESIAN_POINT('',(126.,84.,59.));
#3437 = VECTOR('',#3438,1.);
#3438 = DIRECTION('',(1.,0.,0.));
#3439 = ORIENTED_EDGE('',*,*,#3440,.F.);
#3440 = EDGE_CURVE('',#3248,#3433,#3441,.T.);
#3441 = LINE('',#3442,#3443);
#3442 = CARTESIAN_POINT('',(142.,84.,6.));
#3443 = VECTOR('',#3444,1.);
#3444 = DIRECTION('',(0.,0.,1.));
#3445 = ORIENTED_EDGE('',*,*,#3247,.F.);
#3446 = ORIENTED_EDGE('',*,*,#3279,.F.);
#3447 = ORIENTED_EDGE('',*,*,#3338,.F.);
#3448 = ORIENTED_EDGE('',*,*,#3321,.F.);
#3449 = ORIENTED_EDGE('',*,*,#2096,.F.);
#3450 = ORIENTED_EDGE('',*,*,#3392,.T.);
#3451 = ORIENTED_EDGE('',*,*,#3452,.T.);
#3452 = EDGE_CURVE('',#3393,#3453,#3455,.T.);
#3453 = VERTEX_POINT('',#3454);
#3454 = CARTESIAN_POINT('',(129.3,84.,13.4));
#3455 = CIRCLE('',#3456,0.3);
#3456 = AXIS2_PLACEMENT_3D('',#3457,#3458,#3459);
#3457 = CARTESIAN_POINT('',(129.,84.,13.4));
#3458 = DIRECTION('',(0.,-1.,0.));
#3459 = DIRECTION('',(1.,0.,0.));
#3460 = ORIENTED_EDGE('',*,*,#3461,.T.);
#3461 = EDGE_CURVE('',#3453,#3462,#3464,.T.);
#3462 = VERTEX_POINT('',#3463);
#3463 = CARTESIAN_POINT('',(129.3,84.,19.4));
#3464 = LINE('',#3465,#3466);
#3465 = CARTESIAN_POINT('',(129.3,84.,13.1));
#3466 = VECTOR('',#3467,1.);
#3467 = DIRECTION('',(0.,0.,1.));
#3468 = ORIENTED_EDGE('',*,*,#3469,.F.);
#3469 = EDGE_CURVE('',#3470,#3462,#3472,.T.);
#3470 = VERTEX_POINT('',#3471);
#3471 = CARTESIAN_POINT('',(129.,84.,19.7));
#3472 = CIRCLE('',#3473,0.3);
#3473 = AXIS2_PLACEMENT_3D('',#3474,#3475,#3476);
#3474 = CARTESIAN_POINT('',(129.,84.,19.4));
#3475 = DIRECTION('',(-0.,1.,0.));
#3476 = DIRECTION('',(1.,0.,0.));
#3477 = ORIENTED_EDGE('',*,*,#3478,.F.);
#3478 = EDGE_CURVE('',#3423,#3470,#3479,.T.);
#3479 = LINE('',#3480,#3481);
#3480 = CARTESIAN_POINT('',(125.7,84.,19.7));
#3481 = VECTOR('',#3482,1.);
#3482 = DIRECTION('',(1.,0.,0.));
#3483 = PLANE('',#3484);
#3484 = AXIS2_PLACEMENT_3D('',#3485,#3486,#3487);
#3485 = CARTESIAN_POINT('',(126.,84.,6.));
#3486 = DIRECTION('',(0.,1.,0.));
#3487 = DIRECTION('',(0.,0.,1.));
#3488 = ADVANCED_FACE('',(#3489),#3516,.T.);
#3489 = FACE_BOUND('',#3490,.T.);
#3490 = EDGE_LOOP('',(#3491,#3501,#3507,#3508,#3509,#3510));
#3491 = ORIENTED_EDGE('',*,*,#3492,.F.);
#3492 = EDGE_CURVE('',#3493,#3495,#3497,.T.);
#3493 = VERTEX_POINT('',#3494);
#3494 = CARTESIAN_POINT('',(13.,84.,13.1));
#3495 = VERTEX_POINT('',#3496);
#3496 = CARTESIAN_POINT('',(13.,100.,13.1));
#3497 = LINE('',#3498,#3499);
#3498 = CARTESIAN_POINT('',(13.,83.7,13.1));
#3499 = VECTOR('',#3500,1.);
#3500 = DIRECTION('',(0.,1.,0.));
#3501 = ORIENTED_EDGE('',*,*,#3502,.T.);
#3502 = EDGE_CURVE('',#3493,#2260,#3503,.T.);
#3503 = LINE('',#3504,#3505);
#3504 = CARTESIAN_POINT('',(12.7,84.,13.1));
#3505 = VECTOR('',#3506,1.);
#3506 = DIRECTION('',(1.,0.,0.));
#3507 = ORIENTED_EDGE('',*,*,#2259,.T.);
#3508 = ORIENTED_EDGE('',*,*,#2196,.F.);
#3509 = ORIENTED_EDGE('',*,*,#2609,.T.);
#3510 = ORIENTED_EDGE('',*,*,#3511,.F.);
#3511 = EDGE_CURVE('',#3495,#2602,#3512,.T.);
#3512 = LINE('',#3513,#3514);
#3513 = CARTESIAN_POINT('',(12.7,100.,13.1));
#3514 = VECTOR('',#3515,1.);
#3515 = DIRECTION('',(1.,0.,0.));
#3516 = PLANE('',#3517);
#3517 = AXIS2_PLACEMENT_3D('',#3518,#3519,#3520);
#3518 = CARTESIAN_POINT('',(12.7,83.7,13.1));
#3519 = DIRECTION('',(0.,0.,1.));
#3520 = DIRECTION('',(1.,0.,0.));
#3521 = ADVANCED_FACE('',(#3522),#3586,.F.);
#3522 = FACE_BOUND('',#3523,.F.);
#3523 = EDGE_LOOP('',(#3524,#3525,#3526,#3527,#3535,#3543,#3551,#3559,
    #3568,#3576,#3583,#3584,#3585));
#3524 = ORIENTED_EDGE('',*,*,#2343,.T.);
#3525 = ORIENTED_EDGE('',*,*,#2377,.F.);
#3526 = ORIENTED_EDGE('',*,*,#2472,.F.);
#3527 = ORIENTED_EDGE('',*,*,#3528,.T.);
#3528 = EDGE_CURVE('',#2465,#3529,#3531,.T.);
#3529 = VERTEX_POINT('',#3530);
#3530 = CARTESIAN_POINT('',(0.,84.,59.));
#3531 = LINE('',#3532,#3533);
#3532 = CARTESIAN_POINT('',(0.,84.,6.));
#3533 = VECTOR('',#3534,1.);
#3534 = DIRECTION('',(0.,0.,1.));
#3535 = ORIENTED_EDGE('',*,*,#3536,.T.);
#3536 = EDGE_CURVE('',#3529,#3537,#3539,.T.);
#3537 = VERTEX_POINT('',#3538);
#3538 = CARTESIAN_POINT('',(16.,84.,59.));
#3539 = LINE('',#3540,#3541);
#3540 = CARTESIAN_POINT('',(0.,84.,59.));
#3541 = VECTOR('',#3542,1.);
#3542 = DIRECTION('',(1.,0.,0.));
#3543 = ORIENTED_EDGE('',*,*,#3544,.F.);
#3544 = EDGE_CURVE('',#3545,#3537,#3547,.T.);
#3545 = VERTEX_POINT('',#3546);
#3546 = CARTESIAN_POINT('',(16.,84.,19.7));
#3547 = LINE('',#3548,#3549);
#3548 = CARTESIAN_POINT('',(16.,84.,6.));
#3549 = VECTOR('',#3550,1.);
#3550 = DIRECTION('',(0.,0.,1.));
#3551 = ORIENTED_EDGE('',*,*,#3552,.F.);
#3552 = EDGE_CURVE('',#3553,#3545,#3555,.T.);
#3553 = VERTEX_POINT('',#3554);
#3554 = CARTESIAN_POINT('',(13.,84.,19.7));
#3555 = LINE('',#3556,#3557);
#3556 = CARTESIAN_POINT('',(12.7,84.,19.7));
#3557 = VECTOR('',#3558,1.);
#3558 = DIRECTION('',(1.,0.,0.));
#3559 = ORIENTED_EDGE('',*,*,#3560,.T.);
#3560 = EDGE_CURVE('',#3553,#3561,#3563,.T.);
#3561 = VERTEX_POINT('',#3562);
#3562 = CARTESIAN_POINT('',(12.7,84.,19.4));
#3563 = CIRCLE('',#3564,0.3);
#3564 = AXIS2_PLACEMENT_3D('',#3565,#3566,#3567);
#3565 = CARTESIAN_POINT('',(13.,84.,19.4));
#3566 = DIRECTION('',(0.,-1.,0.));
#3567 = DIRECTION('',(-1.,0.,0.));
#3568 = ORIENTED_EDGE('',*,*,#3569,.F.);
#3569 = EDGE_CURVE('',#3570,#3561,#3572,.T.);
#3570 = VERTEX_POINT('',#3571);
#3571 = CARTESIAN_POINT('',(12.7,84.,13.4));
#3572 = LINE('',#3573,#3574);
#3573 = CARTESIAN_POINT('',(12.7,84.,13.1));
#3574 = VECTOR('',#3575,1.);
#3575 = DIRECTION('',(0.,0.,1.));
#3576 = ORIENTED_EDGE('',*,*,#3577,.F.);
#3577 = EDGE_CURVE('',#3493,#3570,#3578,.T.);
#3578 = CIRCLE('',#3579,0.3);
#3579 = AXIS2_PLACEMENT_3D('',#3580,#3581,#3582);
#3580 = CARTESIAN_POINT('',(13.,84.,13.4));
#3581 = DIRECTION('',(0.,1.,-0.));
#3582 = DIRECTION('',(-1.,0.,0.));
#3583 = ORIENTED_EDGE('',*,*,#3502,.T.);
#3584 = ORIENTED_EDGE('',*,*,#2267,.T.);
#3585 = ORIENTED_EDGE('',*,*,#2360,.F.);
#3586 = PLANE('',#3587);
#3587 = AXIS2_PLACEMENT_3D('',#3588,#3589,#3590);
#3588 = CARTESIAN_POINT('',(0.,84.,6.));
#3589 = DIRECTION('',(0.,1.,0.));
#3590 = DIRECTION('',(0.,0.,1.));
#3591 = ADVANCED_FACE('',(#3592),#3595,.T.);
#3592 = FACE_BOUND('',#3593,.T.);
#3593 = EDGE_LOOP('',(#3594));
#3594 = ORIENTED_EDGE('',*,*,#2311,.T.);
#3595 = PLANE('',#3596);
#3596 = AXIS2_PLACEMENT_3D('',#3597,#3598,#3599);
#3597 = CARTESIAN_POINT('',(8.,8.,65.5));
#3598 = DIRECTION('',(0.,0.,1.));
#3599 = DIRECTION('',(1.,0.,0.));
#3600 = ADVANCED_FACE('',(#3601),#3628,.T.);
#3601 = FACE_BOUND('',#3602,.F.);
#3602 = EDGE_LOOP('',(#3603,#3612,#3620,#3627));
#3603 = ORIENTED_EDGE('',*,*,#3604,.T.);
#3604 = EDGE_CURVE('',#2401,#3605,#3607,.T.);
#3605 = VERTEX_POINT('',#3606);
#3606 = CARTESIAN_POINT('',(132.,1.,0.));
#3607 = CIRCLE('',#3608,1.);
#3608 = AXIS2_PLACEMENT_3D('',#3609,#3610,#3611);
#3609 = CARTESIAN_POINT('',(132.,1.,1.));
#3610 = DIRECTION('',(1.,6.E-17,0.));
#3611 = DIRECTION('',(6.E-17,-1.,0.));
#3612 = ORIENTED_EDGE('',*,*,#3613,.T.);
#3613 = EDGE_CURVE('',#3605,#3614,#3616,.T.);
#3614 = VERTEX_POINT('',#3615);
#3615 = CARTESIAN_POINT('',(10.,1.,0.));
#3616 = LINE('',#3617,#3618);
#3617 = CARTESIAN_POINT('',(132.,1.,-2.2E-16));
#3618 = VECTOR('',#3619,1.);
#3619 = DIRECTION('',(-1.,-0.,-0.));
#3620 = ORIENTED_EDGE('',*,*,#3621,.F.);
#3621 = EDGE_CURVE('',#2392,#3614,#3622,.T.);
#3622 = CIRCLE('',#3623,1.);
#3623 = AXIS2_PLACEMENT_3D('',#3624,#3625,#3626);
#3624 = CARTESIAN_POINT('',(10.,1.,1.));
#3625 = DIRECTION('',(1.,0.,0.));
#3626 = DIRECTION('',(0.,-1.,0.));
#3627 = ORIENTED_EDGE('',*,*,#2408,.F.);
#3628 = CYLINDRICAL_SURFACE('',#3629,1.);
#3629 = AXIS2_PLACEMENT_3D('',#3630,#3631,#3632);
#3630 = CARTESIAN_POINT('',(132.,1.,1.));
#3631 = DIRECTION('',(-1.,-0.,-0.));
#3632 = DIRECTION('',(0.,-1.,0.));
#3633 = ADVANCED_FACE('',(#3634),#3661,.T.);
#3634 = FACE_BOUND('',#3635,.F.);
#3635 = EDGE_LOOP('',(#3636,#3645,#3653,#3660));
#3636 = ORIENTED_EDGE('',*,*,#3637,.T.);
#3637 = EDGE_CURVE('',#2423,#3638,#3640,.T.);
#3638 = VERTEX_POINT('',#3639);
#3639 = CARTESIAN_POINT('',(1.,10.,0.));
#3640 = CIRCLE('',#3641,1.);
#3641 = AXIS2_PLACEMENT_3D('',#3642,#3643,#3644);
#3642 = CARTESIAN_POINT('',(1.,10.,1.));
#3643 = DIRECTION('',(-0.,-1.,-0.));
#3644 = DIRECTION('',(-1.,0.,0.));
#3645 = ORIENTED_EDGE('',*,*,#3646,.T.);
#3646 = EDGE_CURVE('',#3638,#3647,#3649,.T.);
#3647 = VERTEX_POINT('',#3648);
#3648 = CARTESIAN_POINT('',(1.,90.,0.));
#3649 = LINE('',#3650,#3651);
#3650 = CARTESIAN_POINT('',(1.,10.,-2.2E-16));
#3651 = VECTOR('',#3652,1.);
#3652 = DIRECTION('',(0.,1.,0.));
#3653 = ORIENTED_EDGE('',*,*,#3654,.F.);
#3654 = EDGE_CURVE('',#2431,#3647,#3655,.T.);
#3655 = CIRCLE('',#3656,1.);
#3656 = AXIS2_PLACEMENT_3D('',#3657,#3658,#3659);
#3657 = CARTESIAN_POINT('',(1.,90.,1.));
#3658 = DIRECTION('',(-0.,-1.,-0.));
#3659 = DIRECTION('',(-1.,0.,0.));
#3660 = ORIENTED_EDGE('',*,*,#2430,.F.);
#3661 = CYLINDRICAL_SURFACE('',#3662,1.);
#3662 = AXIS2_PLACEMENT_3D('',#3663,#3664,#3665);
#3663 = CARTESIAN_POINT('',(1.,10.,1.));
#3664 = DIRECTION('',(0.,1.,0.));
#3665 = DIRECTION('',(-1.,0.,0.));
#3666 = ADVANCED_FACE('',(#3667),#3686,.T.);
#3667 = FACE_BOUND('',#3668,.F.);
#3668 = EDGE_LOOP('',(#3669,#3670,#3679,#3685));
#3669 = ORIENTED_EDGE('',*,*,#2438,.F.);
#3670 = ORIENTED_EDGE('',*,*,#3671,.T.);
#3671 = EDGE_CURVE('',#2431,#3672,#3674,.T.);
#3672 = VERTEX_POINT('',#3673);
#3673 = CARTESIAN_POINT('',(10.,100.,1.));
#3674 = CIRCLE('',#3675,10.);
#3675 = AXIS2_PLACEMENT_3D('',#3676,#3677,#3678);
#3676 = CARTESIAN_POINT('',(10.,90.,1.));
#3677 = DIRECTION('',(0.,0.,-1.));
#3678 = DIRECTION('',(-1.,0.,0.));
#3679 = ORIENTED_EDGE('',*,*,#3680,.T.);
#3680 = EDGE_CURVE('',#3672,#2520,#3681,.T.);
#3681 = LINE('',#3682,#3683);
#3682 = CARTESIAN_POINT('',(10.,100.,0.));
#3683 = VECTOR('',#3684,1.);
#3684 = DIRECTION('',(0.,0.,1.));
#3685 = ORIENTED_EDGE('',*,*,#2519,.F.);
#3686 = CYLINDRICAL_SURFACE('',#3687,10.);
#3687 = AXIS2_PLACEMENT_3D('',#3688,#3689,#3690);
#3688 = CARTESIAN_POINT('',(10.,90.,0.));
#3689 = DIRECTION('',(0.,0.,1.));
#3690 = DIRECTION('',(-1.,0.,0.));
#3691 = ADVANCED_FACE('',(#3692),#3718,.T.);
#3692 = FACE_BOUND('',#3693,.F.);
#3693 = EDGE_LOOP('',(#3694,#3702,#3703,#3711));
#3694 = ORIENTED_EDGE('',*,*,#3695,.F.);
#3695 = EDGE_CURVE('',#2454,#3696,#3698,.T.);
#3696 = VERTEX_POINT('',#3697);
#3697 = CARTESIAN_POINT('',(0.,90.,59.));
#3698 = LINE('',#3699,#3700);
#3699 = CARTESIAN_POINT('',(-1.78E-15,90.,6.));
#3700 = VECTOR('',#3701,1.);
#3701 = DIRECTION('',(0.,0.,1.));
#3702 = ORIENTED_EDGE('',*,*,#2453,.T.);
#3703 = ORIENTED_EDGE('',*,*,#3704,.T.);
#3704 = EDGE_CURVE('',#2456,#3705,#3707,.T.);
#3705 = VERTEX_POINT('',#3706);
#3706 = CARTESIAN_POINT('',(10.,100.,59.));
#3707 = LINE('',#3708,#3709);
#3708 = CARTESIAN_POINT('',(10.,100.,6.));
#3709 = VECTOR('',#3710,1.);
#3710 = DIRECTION('',(0.,0.,1.));
#3711 = ORIENTED_EDGE('',*,*,#3712,.F.);
#3712 = EDGE_CURVE('',#3696,#3705,#3713,.T.);
#3713 = CIRCLE('',#3714,10.);
#3714 = AXIS2_PLACEMENT_3D('',#3715,#3716,#3717);
#3715 = CARTESIAN_POINT('',(10.,90.,59.));
#3716 = DIRECTION('',(0.,0.,-1.));
#3717 = DIRECTION('',(-1.,0.,0.));
#3718 = CYLINDRICAL_SURFACE('',#3719,10.);
#3719 = AXIS2_PLACEMENT_3D('',#3720,#3721,#3722);
#3720 = CARTESIAN_POINT('',(10.,90.,6.));
#3721 = DIRECTION('',(0.,0.,1.));
#3722 = DIRECTION('',(-1.,0.,0.));
#3723 = ADVANCED_FACE('',(#3724),#3778,.T.);
#3724 = FACE_BOUND('',#3725,.T.);
#3725 = EDGE_LOOP('',(#3726,#3727,#3735,#3743,#3751,#3760,#3768,#3775,
    #3776,#3777));
#3726 = ORIENTED_EDGE('',*,*,#3704,.T.);
#3727 = ORIENTED_EDGE('',*,*,#3728,.T.);
#3728 = EDGE_CURVE('',#3705,#3729,#3731,.T.);
#3729 = VERTEX_POINT('',#3730);
#3730 = CARTESIAN_POINT('',(16.,100.,59.));
#3731 = LINE('',#3732,#3733);
#3732 = CARTESIAN_POINT('',(10.,100.,59.));
#3733 = VECTOR('',#3734,1.);
#3734 = DIRECTION('',(1.,0.,0.));
#3735 = ORIENTED_EDGE('',*,*,#3736,.F.);
#3736 = EDGE_CURVE('',#3737,#3729,#3739,.T.);
#3737 = VERTEX_POINT('',#3738);
#3738 = CARTESIAN_POINT('',(16.,100.,19.7));
#3739 = LINE('',#3740,#3741);
#3740 = CARTESIAN_POINT('',(16.,100.,6.));
#3741 = VECTOR('',#3742,1.);
#3742 = DIRECTION('',(0.,0.,1.));
#3743 = ORIENTED_EDGE('',*,*,#3744,.F.);
#3744 = EDGE_CURVE('',#3745,#3737,#3747,.T.);
#3745 = VERTEX_POINT('',#3746);
#3746 = CARTESIAN_POINT('',(13.,100.,19.7));
#3747 = LINE('',#3748,#3749);
#3748 = CARTESIAN_POINT('',(12.7,100.,19.7));
#3749 = VECTOR('',#3750,1.);
#3750 = DIRECTION('',(1.,0.,0.));
#3751 = ORIENTED_EDGE('',*,*,#3752,.F.);
#3752 = EDGE_CURVE('',#3753,#3745,#3755,.T.);
#3753 = VERTEX_POINT('',#3754);
#3754 = CARTESIAN_POINT('',(12.7,100.,19.4));
#3755 = CIRCLE('',#3756,0.3);
#3756 = AXIS2_PLACEMENT_3D('',#3757,#3758,#3759);
#3757 = CARTESIAN_POINT('',(13.,100.,19.4));
#3758 = DIRECTION('',(0.,1.,-0.));
#3759 = DIRECTION('',(-1.,0.,0.));
#3760 = ORIENTED_EDGE('',*,*,#3761,.F.);
#3761 = EDGE_CURVE('',#3762,#3753,#3764,.T.);
#3762 = VERTEX_POINT('',#3763);
#3763 = CARTESIAN_POINT('',(12.7,100.,13.4));
#3764 = LINE('',#3765,#3766);
#3765 = CARTESIAN_POINT('',(12.7,100.,13.1));
#3766 = VECTOR('',#3767,1.);
#3767 = DIRECTION('',(0.,0.,1.));
#3768 = ORIENTED_EDGE('',*,*,#3769,.F.);
#3769 = EDGE_CURVE('',#3495,#3762,#3770,.T.);
#3770 = CIRCLE('',#3771,0.3);
#3771 = AXIS2_PLACEMENT_3D('',#3772,#3773,#3774);
#3772 = CARTESIAN_POINT('',(13.,100.,13.4));
#3773 = DIRECTION('',(0.,1.,-0.));
#3774 = DIRECTION('',(-1.,0.,0.));
#3775 = ORIENTED_EDGE('',*,*,#3511,.T.);
#3776 = ORIENTED_EDGE('',*,*,#2601,.F.);
#3777 = ORIENTED_EDGE('',*,*,#2504,.F.);
#3778 = PLANE('',#3779);
#3779 = AXIS2_PLACEMENT_3D('',#3780,#3781,#3782);
#3780 = CARTESIAN_POINT('',(0.,100.,6.));
#3781 = DIRECTION('',(0.,1.,0.));
#3782 = DIRECTION('',(0.,0.,1.));
#3783 = ADVANCED_FACE('',(#3784),#3795,.F.);
#3784 = FACE_BOUND('',#3785,.F.);
#3785 = EDGE_LOOP('',(#3786,#3787,#3793,#3794));
#3786 = ORIENTED_EDGE('',*,*,#3695,.T.);
#3787 = ORIENTED_EDGE('',*,*,#3788,.F.);
#3788 = EDGE_CURVE('',#3529,#3696,#3789,.T.);
#3789 = LINE('',#3790,#3791);
#3790 = CARTESIAN_POINT('',(-2.2E-16,84.,59.));
#3791 = VECTOR('',#3792,1.);
#3792 = DIRECTION('',(0.,1.,0.));
#3793 = ORIENTED_EDGE('',*,*,#3528,.F.);
#3794 = ORIENTED_EDGE('',*,*,#2464,.T.);
#3795 = PLANE('',#3796);
#3796 = AXIS2_PLACEMENT_3D('',#3797,#3798,#3799);
#3797 = CARTESIAN_POINT('',(0.,84.,6.));
#3798 = DIRECTION('',(1.,0.,0.));
#3799 = DIRECTION('',(0.,0.,1.));
#3800 = ADVANCED_FACE('',(#3801),#3813,.T.);
#3801 = FACE_BOUND('',#3802,.T.);
#3802 = EDGE_LOOP('',(#3803,#3804,#3805,#3806));
#3803 = ORIENTED_EDGE('',*,*,#3621,.F.);
#3804 = ORIENTED_EDGE('',*,*,#2545,.T.);
#3805 = ORIENTED_EDGE('',*,*,#3637,.T.);
#3806 = ORIENTED_EDGE('',*,*,#3807,.F.);
#3807 = EDGE_CURVE('',#3614,#3638,#3808,.T.);
#3808 = CIRCLE('',#3809,9.);
#3809 = AXIS2_PLACEMENT_3D('',#3810,#3811,#3812);
#3810 = CARTESIAN_POINT('',(10.,10.,0.));
#3811 = DIRECTION('',(-0.,0.,-1.));
#3812 = DIRECTION('',(-1.8E-16,-1.,0.));
#3813 = TOROIDAL_SURFACE('',#3814,9.,1.);
#3814 = AXIS2_PLACEMENT_3D('',#3815,#3816,#3817);
#3815 = CARTESIAN_POINT('',(10.,10.,1.));
#3816 = DIRECTION('',(-0.,-0.,-1.));
#3817 = DIRECTION('',(-1.8E-16,-1.,0.));
#3818 = ADVANCED_FACE('',(#3819),#3825,.T.);
#3819 = FACE_BOUND('',#3820,.T.);
#3820 = EDGE_LOOP('',(#3821,#3822,#3823,#3824));
#3821 = ORIENTED_EDGE('',*,*,#2594,.F.);
#3822 = ORIENTED_EDGE('',*,*,#2570,.T.);
#3823 = ORIENTED_EDGE('',*,*,#2626,.T.);
#3824 = ORIENTED_EDGE('',*,*,#2864,.F.);
#3825 = PLANE('',#3826);
#3826 = AXIS2_PLACEMENT_3D('',#3827,#3828,#3829);
#3827 = CARTESIAN_POINT('',(0.,0.,6.));
#3828 = DIRECTION('',(0.,0.,1.));
#3829 = DIRECTION('',(1.,0.,0.));
#3830 = ADVANCED_FACE('',(#3831),#3837,.T.);
#3831 = FACE_BOUND('',#3832,.T.);
#3832 = EDGE_LOOP('',(#3833,#3834,#3835,#3836));
#3833 = ORIENTED_EDGE('',*,*,#2763,.F.);
#3834 = ORIENTED_EDGE('',*,*,#2683,.T.);
#3835 = ORIENTED_EDGE('',*,*,#2715,.T.);
#3836 = ORIENTED_EDGE('',*,*,#2738,.F.);
#3837 = PLANE('',#3838);
#3838 = AXIS2_PLACEMENT_3D('',#3839,#3840,#3841);
#3839 = CARTESIAN_POINT('',(17.5,93.9,1.7));
#3840 = DIRECTION('',(0.,0.,1.));
#3841 = DIRECTION('',(1.,0.,0.));
#3842 = ADVANCED_FACE('',(#3843,#3889,#3895,#3906,#3917,#3928),#3939,.F.
  );
#3843 = FACE_BOUND('',#3844,.T.);
#3844 = EDGE_LOOP('',(#3845,#3846,#3855,#3863,#3872,#3880,#3887,#3888));
#3845 = ORIENTED_EDGE('',*,*,#3646,.T.);
#3846 = ORIENTED_EDGE('',*,*,#3847,.T.);
#3847 = EDGE_CURVE('',#3647,#3848,#3850,.T.);
#3848 = VERTEX_POINT('',#3849);
#3849 = CARTESIAN_POINT('',(10.,99.,0.));
#3850 = CIRCLE('',#3851,9.);
#3851 = AXIS2_PLACEMENT_3D('',#3852,#3853,#3854);
#3852 = CARTESIAN_POINT('',(10.,90.,0.));
#3853 = DIRECTION('',(0.,0.,-1.));
#3854 = DIRECTION('',(-1.,0.,0.));
#3855 = ORIENTED_EDGE('',*,*,#3856,.T.);
#3856 = EDGE_CURVE('',#3848,#3857,#3859,.T.);
#3857 = VERTEX_POINT('',#3858);
#3858 = CARTESIAN_POINT('',(132.,99.,0.));
#3859 = LINE('',#3860,#3861);
#3860 = CARTESIAN_POINT('',(10.,99.,-2.2E-16));
#3861 = VECTOR('',#3862,1.);
#3862 = DIRECTION('',(1.,0.,0.));
#3863 = ORIENTED_EDGE('',*,*,#3864,.T.);
#3864 = EDGE_CURVE('',#3857,#3865,#3867,.T.);
#3865 = VERTEX_POINT('',#3866);
#3866 = CARTESIAN_POINT('',(141.,90.,0.));
#3867 = CIRCLE('',#3868,9.);
#3868 = AXIS2_PLACEMENT_3D('',#3869,#3870,#3871);
#3869 = CARTESIAN_POINT('',(132.,90.,0.));
#3870 = DIRECTION('',(0.,0.,-1.));
#3871 = DIRECTION('',(0.,1.,0.));
#3872 = ORIENTED_EDGE('',*,*,#3873,.T.);
#3873 = EDGE_CURVE('',#3865,#3874,#3876,.T.);
#3874 = VERTEX_POINT('',#3875);
#3875 = CARTESIAN_POINT('',(141.,10.,0.));
#3876 = LINE('',#3877,#3878);
#3877 = CARTESIAN_POINT('',(141.,90.,-2.2E-16));
#3878 = VECTOR('',#3879,1.);
#3879 = DIRECTION('',(-0.,-1.,-0.));
#3880 = ORIENTED_EDGE('',*,*,#3881,.T.);
#3881 = EDGE_CURVE('',#3874,#3605,#3882,.T.);
#3882 = CIRCLE('',#3883,9.);
#3883 = AXIS2_PLACEMENT_3D('',#3884,#3885,#3886);
#3884 = CARTESIAN_POINT('',(132.,10.,0.));
#3885 = DIRECTION('',(0.,0.,-1.));
#3886 = DIRECTION('',(1.,0.,0.));
#3887 = ORIENTED_EDGE('',*,*,#3613,.T.);
#3888 = ORIENTED_EDGE('',*,*,#3807,.T.);
#3889 = FACE_BOUND('',#3890,.F.);
#3890 = EDGE_LOOP('',(#3891,#3892,#3893,#3894));
#3891 = ORIENTED_EDGE('',*,*,#2846,.T.);
#3892 = ORIENTED_EDGE('',*,*,#2820,.F.);
#3893 = ORIENTED_EDGE('',*,*,#3136,.F.);
#3894 = ORIENTED_EDGE('',*,*,#2787,.T.);
#3895 = FACE_BOUND('',#3896,.F.);
#3896 = EDGE_LOOP('',(#3897));
#3897 = ORIENTED_EDGE('',*,*,#3898,.T.);
#3898 = EDGE_CURVE('',#3899,#3899,#3901,.T.);
#3899 = VERTEX_POINT('',#3900);
#3900 = CARTESIAN_POINT('',(137.9,92.,0.));
#3901 = CIRCLE('',#3902,3.9);
#3902 = AXIS2_PLACEMENT_3D('',#3903,#3904,#3905);
#3903 = CARTESIAN_POINT('',(134.,92.,0.));
#3904 = DIRECTION('',(0.,0.,-1.));
#3905 = DIRECTION('',(1.,0.,0.));
#3906 = FACE_BOUND('',#3907,.F.);
#3907 = EDGE_LOOP('',(#3908));
#3908 = ORIENTED_EDGE('',*,*,#3909,.T.);
#3909 = EDGE_CURVE('',#3910,#3910,#3912,.T.);
#3910 = VERTEX_POINT('',#3911);
#3911 = CARTESIAN_POINT('',(137.9,8.,0.));
#3912 = CIRCLE('',#3913,3.9);
#3913 = AXIS2_PLACEMENT_3D('',#3914,#3915,#3916);
#3914 = CARTESIAN_POINT('',(134.,8.,0.));
#3915 = DIRECTION('',(0.,0.,-1.));
#3916 = DIRECTION('',(1.,0.,0.));
#3917 = FACE_BOUND('',#3918,.F.);
#3918 = EDGE_LOOP('',(#3919));
#3919 = ORIENTED_EDGE('',*,*,#3920,.T.);
#3920 = EDGE_CURVE('',#3921,#3921,#3923,.T.);
#3921 = VERTEX_POINT('',#3922);
#3922 = CARTESIAN_POINT('',(11.9,92.,0.));
#3923 = CIRCLE('',#3924,3.9);
#3924 = AXIS2_PLACEMENT_3D('',#3925,#3926,#3927);
#3925 = CARTESIAN_POINT('',(8.,92.,0.));
#3926 = DIRECTION('',(0.,0.,-1.));
#3927 = DIRECTION('',(1.,0.,0.));
#3928 = FACE_BOUND('',#3929,.F.);
#3929 = EDGE_LOOP('',(#3930));
#3930 = ORIENTED_EDGE('',*,*,#3931,.T.);
#3931 = EDGE_CURVE('',#3932,#3932,#3934,.T.);
#3932 = VERTEX_POINT('',#3933);
#3933 = CARTESIAN_POINT('',(11.9,8.,0.));
#3934 = CIRCLE('',#3935,3.9);
#3935 = AXIS2_PLACEMENT_3D('',#3936,#3937,#3938);
#3936 = CARTESIAN_POINT('',(8.,8.,0.));
#3937 = DIRECTION('',(0.,0.,-1.));
#3938 = DIRECTION('',(1.,0.,0.));
#3939 = PLANE('',#3940);
#3940 = AXIS2_PLACEMENT_3D('',#3941,#3942,#3943);
#3941 = CARTESIAN_POINT('',(0.,0.,0.));
#3942 = DIRECTION('',(0.,0.,1.));
#3943 = DIRECTION('',(1.,0.,0.));
#3944 = ADVANCED_FACE('',(#3945),#3963,.T.);
#3945 = FACE_BOUND('',#3946,.T.);
#3946 = EDGE_LOOP('',(#3947,#3948,#3949,#3957));
#3947 = ORIENTED_EDGE('',*,*,#3680,.T.);
#3948 = ORIENTED_EDGE('',*,*,#2905,.T.);
#3949 = ORIENTED_EDGE('',*,*,#3950,.F.);
#3950 = EDGE_CURVE('',#3951,#2897,#3953,.T.);
#3951 = VERTEX_POINT('',#3952);
#3952 = CARTESIAN_POINT('',(132.,100.,1.));
#3953 = LINE('',#3954,#3955);
#3954 = CARTESIAN_POINT('',(132.,100.,0.));
#3955 = VECTOR('',#3956,1.);
#3956 = DIRECTION('',(0.,0.,1.));
#3957 = ORIENTED_EDGE('',*,*,#3958,.F.);
#3958 = EDGE_CURVE('',#3672,#3951,#3959,.T.);
#3959 = LINE('',#3960,#3961);
#3960 = CARTESIAN_POINT('',(10.,100.,1.));
#3961 = VECTOR('',#3962,1.);
#3962 = DIRECTION('',(1.,0.,0.));
#3963 = PLANE('',#3964);
#3964 = AXIS2_PLACEMENT_3D('',#3965,#3966,#3967);
#3965 = CARTESIAN_POINT('',(0.,100.,0.));
#3966 = DIRECTION('',(0.,1.,0.));
#3967 = DIRECTION('',(0.,0.,1.));
#3968 = ADVANCED_FACE('',(#3969),#3975,.T.);
#3969 = FACE_BOUND('',#3970,.T.);
#3970 = EDGE_LOOP('',(#3971,#3972,#3973,#3974));
#3971 = ORIENTED_EDGE('',*,*,#2880,.F.);
#3972 = ORIENTED_EDGE('',*,*,#3007,.F.);
#3973 = ORIENTED_EDGE('',*,*,#3023,.T.);
#3974 = ORIENTED_EDGE('',*,*,#2953,.T.);
#3975 = PLANE('',#3976);
#3976 = AXIS2_PLACEMENT_3D('',#3977,#3978,#3979);
#3977 = CARTESIAN_POINT('',(0.,0.,6.));
#3978 = DIRECTION('',(0.,0.,1.));
#3979 = DIRECTION('',(1.,0.,0.));
#3980 = ADVANCED_FACE('',(#3981),#4042,.T.);
#3981 = FACE_BOUND('',#3982,.T.);
#3982 = EDGE_LOOP('',(#3983,#3993,#3999,#4000,#4001,#4002,#4011,#4019,
    #4028,#4036));
#3983 = ORIENTED_EDGE('',*,*,#3984,.F.);
#3984 = EDGE_CURVE('',#3985,#3987,#3989,.T.);
#3985 = VERTEX_POINT('',#3986);
#3986 = CARTESIAN_POINT('',(132.,100.,59.));
#3987 = VERTEX_POINT('',#3988);
#3988 = CARTESIAN_POINT('',(126.,100.,59.));
#3989 = LINE('',#3990,#3991);
#3990 = CARTESIAN_POINT('',(132.,100.,59.));
#3991 = VECTOR('',#3992,1.);
#3992 = DIRECTION('',(-1.,-0.,-0.));
#3993 = ORIENTED_EDGE('',*,*,#3994,.F.);
#3994 = EDGE_CURVE('',#3229,#3985,#3995,.T.);
#3995 = LINE('',#3996,#3997);
#3996 = CARTESIAN_POINT('',(132.,100.,6.));
#3997 = VECTOR('',#3998,1.);
#3998 = DIRECTION('',(0.,0.,1.));
#3999 = ORIENTED_EDGE('',*,*,#3237,.F.);
#4000 = ORIENTED_EDGE('',*,*,#2977,.T.);
#4001 = ORIENTED_EDGE('',*,*,#3408,.T.);
#4002 = ORIENTED_EDGE('',*,*,#4003,.T.);
#4003 = EDGE_CURVE('',#3401,#4004,#4006,.T.);
#4004 = VERTEX_POINT('',#4005);
#4005 = CARTESIAN_POINT('',(129.3,100.,13.4));
#4006 = CIRCLE('',#4007,0.3);
#4007 = AXIS2_PLACEMENT_3D('',#4008,#4009,#4010);
#4008 = CARTESIAN_POINT('',(129.,100.,13.4));
#4009 = DIRECTION('',(0.,-1.,0.));
#4010 = DIRECTION('',(1.,0.,0.));
#4011 = ORIENTED_EDGE('',*,*,#4012,.T.);
#4012 = EDGE_CURVE('',#4004,#4013,#4015,.T.);
#4013 = VERTEX_POINT('',#4014);
#4014 = CARTESIAN_POINT('',(129.3,100.,19.4));
#4015 = LINE('',#4016,#4017);
#4016 = CARTESIAN_POINT('',(129.3,100.,13.1));
#4017 = VECTOR('',#4018,1.);
#4018 = DIRECTION('',(0.,0.,1.));
#4019 = ORIENTED_EDGE('',*,*,#4020,.T.);
#4020 = EDGE_CURVE('',#4013,#4021,#4023,.T.);
#4021 = VERTEX_POINT('',#4022);
#4022 = CARTESIAN_POINT('',(129.,100.,19.7));
#4023 = CIRCLE('',#4024,0.3);
#4024 = AXIS2_PLACEMENT_3D('',#4025,#4026,#4027);
#4025 = CARTESIAN_POINT('',(129.,100.,19.4));
#4026 = DIRECTION('',(0.,-1.,0.));
#4027 = DIRECTION('',(1.,0.,0.));
#4028 = ORIENTED_EDGE('',*,*,#4029,.F.);
#4029 = EDGE_CURVE('',#4030,#4021,#4032,.T.);
#4030 = VERTEX_POINT('',#4031);
#4031 = CARTESIAN_POINT('',(126.,100.,19.7));
#4032 = LINE('',#4033,#4034);
#4033 = CARTESIAN_POINT('',(125.7,100.,19.7));
#4034 = VECTOR('',#4035,1.);
#4035 = DIRECTION('',(1.,0.,0.));
#4036 = ORIENTED_EDGE('',*,*,#4037,.T.);
#4037 = EDGE_CURVE('',#4030,#3987,#4038,.T.);
#4038 = LINE('',#4039,#4040);
#4039 = CARTESIAN_POINT('',(126.,100.,6.));
#4040 = VECTOR('',#4041,1.);
#4041 = DIRECTION('',(0.,0.,1.));
#4042 = PLANE('',#4043);
#4043 = AXIS2_PLACEMENT_3D('',#4044,#4045,#4046);
#4044 = CARTESIAN_POINT('',(126.,100.,6.));
#4045 = DIRECTION('',(0.,1.,0.));
#4046 = DIRECTION('',(0.,0.,1.));
#4047 = ADVANCED_FACE('',(#4048),#4054,.T.);
#4048 = FACE_BOUND('',#4049,.T.);
#4049 = EDGE_LOOP('',(#4050,#4051,#4052,#4053));
#4050 = ORIENTED_EDGE('',*,*,#3120,.F.);
#4051 = ORIENTED_EDGE('',*,*,#3040,.T.);
#4052 = ORIENTED_EDGE('',*,*,#3072,.T.);
#4053 = ORIENTED_EDGE('',*,*,#3095,.F.);
#4054 = PLANE('',#4055);
#4055 = AXIS2_PLACEMENT_3D('',#4056,#4057,#4058);
#4056 = CARTESIAN_POINT('',(120.9,93.9,1.7));
#4057 = DIRECTION('',(0.,0.,1.));
#4058 = DIRECTION('',(1.,0.,0.));
#4059 = ADVANCED_FACE('',(#4060),#4072,.T.);
#4060 = FACE_BOUND('',#4061,.T.);
#4061 = EDGE_LOOP('',(#4062,#4069,#4070,#4071));
#4062 = ORIENTED_EDGE('',*,*,#4063,.F.);
#4063 = EDGE_CURVE('',#3154,#3874,#4064,.T.);
#4064 = CIRCLE('',#4065,1.);
#4065 = AXIS2_PLACEMENT_3D('',#4066,#4067,#4068);
#4066 = CARTESIAN_POINT('',(141.,10.,1.));
#4067 = DIRECTION('',(-0.,1.,0.));
#4068 = DIRECTION('',(1.,0.,0.));
#4069 = ORIENTED_EDGE('',*,*,#3161,.T.);
#4070 = ORIENTED_EDGE('',*,*,#3604,.T.);
#4071 = ORIENTED_EDGE('',*,*,#3881,.F.);
#4072 = TOROIDAL_SURFACE('',#4073,9.,1.);
#4073 = AXIS2_PLACEMENT_3D('',#4074,#4075,#4076);
#4074 = CARTESIAN_POINT('',(132.,10.,1.));
#4075 = DIRECTION('',(-0.,-0.,-1.));
#4076 = DIRECTION('',(1.,0.,0.));
#4077 = ADVANCED_FACE('',(#4078),#4090,.T.);
#4078 = FACE_BOUND('',#4079,.T.);
#4079 = EDGE_LOOP('',(#4080,#4081,#4088,#4089));
#4080 = ORIENTED_EDGE('',*,*,#3211,.F.);
#4081 = ORIENTED_EDGE('',*,*,#4082,.F.);
#4082 = EDGE_CURVE('',#3951,#3204,#4083,.T.);
#4083 = CIRCLE('',#4084,10.);
#4084 = AXIS2_PLACEMENT_3D('',#4085,#4086,#4087);
#4085 = CARTESIAN_POINT('',(132.,90.,1.));
#4086 = DIRECTION('',(0.,0.,-1.));
#4087 = DIRECTION('',(0.,1.,0.));
#4088 = ORIENTED_EDGE('',*,*,#3950,.T.);
#4089 = ORIENTED_EDGE('',*,*,#3179,.T.);
#4090 = CYLINDRICAL_SURFACE('',#4091,10.);
#4091 = AXIS2_PLACEMENT_3D('',#4092,#4093,#4094);
#4092 = CARTESIAN_POINT('',(132.,90.,0.));
#4093 = DIRECTION('',(0.,0.,1.));
#4094 = DIRECTION('',(1.,0.,0.));
#4095 = ADVANCED_FACE('',(#4096),#4108,.T.);
#4096 = FACE_BOUND('',#4097,.F.);
#4097 = EDGE_LOOP('',(#4098,#4105,#4106,#4107));
#4098 = ORIENTED_EDGE('',*,*,#4099,.T.);
#4099 = EDGE_CURVE('',#3204,#3865,#4100,.T.);
#4100 = CIRCLE('',#4101,1.);
#4101 = AXIS2_PLACEMENT_3D('',#4102,#4103,#4104);
#4102 = CARTESIAN_POINT('',(141.,90.,1.));
#4103 = DIRECTION('',(-6.E-17,1.,0.));
#4104 = DIRECTION('',(1.,6.E-17,0.));
#4105 = ORIENTED_EDGE('',*,*,#3873,.T.);
#4106 = ORIENTED_EDGE('',*,*,#4063,.F.);
#4107 = ORIENTED_EDGE('',*,*,#3203,.F.);
#4108 = CYLINDRICAL_SURFACE('',#4109,1.);
#4109 = AXIS2_PLACEMENT_3D('',#4110,#4111,#4112);
#4110 = CARTESIAN_POINT('',(141.,90.,1.));
#4111 = DIRECTION('',(-0.,-1.,-0.));
#4112 = DIRECTION('',(1.,0.,0.));
#4113 = ADVANCED_FACE('',(#4114),#4133,.T.);
#4114 = FACE_BOUND('',#4115,.T.);
#4115 = EDGE_LOOP('',(#4116,#4124,#4125,#4126));
#4116 = ORIENTED_EDGE('',*,*,#4117,.F.);
#4117 = EDGE_CURVE('',#3227,#4118,#4120,.T.);
#4118 = VERTEX_POINT('',#4119);
#4119 = CARTESIAN_POINT('',(142.,90.,59.));
#4120 = LINE('',#4121,#4122);
#4121 = CARTESIAN_POINT('',(142.,90.,6.));
#4122 = VECTOR('',#4123,1.);
#4123 = DIRECTION('',(0.,0.,1.));
#4124 = ORIENTED_EDGE('',*,*,#3226,.T.);
#4125 = ORIENTED_EDGE('',*,*,#3994,.T.);
#4126 = ORIENTED_EDGE('',*,*,#4127,.F.);
#4127 = EDGE_CURVE('',#4118,#3985,#4128,.T.);
#4128 = CIRCLE('',#4129,10.);
#4129 = AXIS2_PLACEMENT_3D('',#4130,#4131,#4132);
#4130 = CARTESIAN_POINT('',(132.,90.,59.));
#4131 = DIRECTION('',(0.,0.,1.));
#4132 = DIRECTION('',(1.,0.,0.));
#4133 = CYLINDRICAL_SURFACE('',#4134,10.);
#4134 = AXIS2_PLACEMENT_3D('',#4135,#4136,#4137);
#4135 = CARTESIAN_POINT('',(132.,90.,6.));
#4136 = DIRECTION('',(0.,0.,1.));
#4137 = DIRECTION('',(1.,0.,0.));
#4138 = ADVANCED_FACE('',(#4139),#4150,.T.);
#4139 = FACE_BOUND('',#4140,.T.);
#4140 = EDGE_LOOP('',(#4141,#4142,#4148,#4149));
#4141 = ORIENTED_EDGE('',*,*,#4117,.T.);
#4142 = ORIENTED_EDGE('',*,*,#4143,.F.);
#4143 = EDGE_CURVE('',#3433,#4118,#4144,.T.);
#4144 = LINE('',#4145,#4146);
#4145 = CARTESIAN_POINT('',(142.,84.,59.));
#4146 = VECTOR('',#4147,1.);
#4147 = DIRECTION('',(0.,1.,0.));
#4148 = ORIENTED_EDGE('',*,*,#3440,.F.);
#4149 = ORIENTED_EDGE('',*,*,#3255,.T.);
#4150 = PLANE('',#4151);
#4151 = AXIS2_PLACEMENT_3D('',#4152,#4153,#4154);
#4152 = CARTESIAN_POINT('',(142.,84.,6.));
#4153 = DIRECTION('',(1.,0.,0.));
#4154 = DIRECTION('',(0.,0.,1.));
#4155 = ADVANCED_FACE('',(#4156),#4175,.T.);
#4156 = FACE_BOUND('',#4157,.T.);
#4157 = EDGE_LOOP('',(#4158,#4166,#4167,#4168));
#4158 = ORIENTED_EDGE('',*,*,#4159,.F.);
#4159 = EDGE_CURVE('',#3365,#4160,#4162,.T.);
#4160 = VERTEX_POINT('',#4161);
#4161 = CARTESIAN_POINT('',(136.8,8.,65.5));
#4162 = LINE('',#4163,#4164);
#4163 = CARTESIAN_POINT('',(137.4,8.,64.9));
#4164 = VECTOR('',#4165,1.);
#4165 = DIRECTION('',(-0.707106781187,0.,0.707106781187));
#4166 = ORIENTED_EDGE('',*,*,#3372,.T.);
#4167 = ORIENTED_EDGE('',*,*,#4159,.T.);
#4168 = ORIENTED_EDGE('',*,*,#4169,.F.);
#4169 = EDGE_CURVE('',#4160,#4160,#4170,.T.);
#4170 = CIRCLE('',#4171,2.8);
#4171 = AXIS2_PLACEMENT_3D('',#4172,#4173,#4174);
#4172 = CARTESIAN_POINT('',(134.,8.,65.5));
#4173 = DIRECTION('',(0.,0.,1.));
#4174 = DIRECTION('',(1.,0.,0.));
#4175 = CONICAL_SURFACE('',#4176,3.4,0.785398163397);
#4176 = AXIS2_PLACEMENT_3D('',#4177,#4178,#4179);
#4177 = CARTESIAN_POINT('',(134.,8.,64.9));
#4178 = DIRECTION('',(-0.,-0.,-1.));
#4179 = DIRECTION('',(1.,0.,0.));
#4180 = ADVANCED_FACE('',(#4181),#4192,.F.);
#4181 = FACE_BOUND('',#4182,.F.);
#4182 = EDGE_LOOP('',(#4183,#4184,#4185,#4186));
#4183 = ORIENTED_EDGE('',*,*,#3452,.F.);
#4184 = ORIENTED_EDGE('',*,*,#3400,.T.);
#4185 = ORIENTED_EDGE('',*,*,#4003,.T.);
#4186 = ORIENTED_EDGE('',*,*,#4187,.F.);
#4187 = EDGE_CURVE('',#3453,#4004,#4188,.T.);
#4188 = LINE('',#4189,#4190);
#4189 = CARTESIAN_POINT('',(129.3,83.7,13.4));
#4190 = VECTOR('',#4191,1.);
#4191 = DIRECTION('',(0.,1.,0.));
#4192 = CYLINDRICAL_SURFACE('',#4193,0.3);
#4193 = AXIS2_PLACEMENT_3D('',#4194,#4195,#4196);
#4194 = CARTESIAN_POINT('',(129.,83.7,13.4));
#4195 = DIRECTION('',(0.,1.,0.));
#4196 = DIRECTION('',(1.,0.,0.));
#4197 = ADVANCED_FACE('',(#4198),#4214,.F.);
#4198 = FACE_BOUND('',#4199,.F.);
#4199 = EDGE_LOOP('',(#4200,#4201,#4207,#4208));
#4200 = ORIENTED_EDGE('',*,*,#3422,.F.);
#4201 = ORIENTED_EDGE('',*,*,#4202,.T.);
#4202 = EDGE_CURVE('',#3423,#4030,#4203,.T.);
#4203 = LINE('',#4204,#4205);
#4204 = CARTESIAN_POINT('',(126.,83.7,19.7));
#4205 = VECTOR('',#4206,1.);
#4206 = DIRECTION('',(0.,1.,0.));
#4207 = ORIENTED_EDGE('',*,*,#4037,.T.);
#4208 = ORIENTED_EDGE('',*,*,#4209,.F.);
#4209 = EDGE_CURVE('',#3425,#3987,#4210,.T.);
#4210 = LINE('',#4211,#4212);
#4211 = CARTESIAN_POINT('',(126.,84.,59.));
#4212 = VECTOR('',#4213,1.);
#4213 = DIRECTION('',(0.,1.,0.));
#4214 = PLANE('',#4215);
#4215 = AXIS2_PLACEMENT_3D('',#4216,#4217,#4218);
#4216 = CARTESIAN_POINT('',(126.,84.,6.));
#4217 = DIRECTION('',(1.,0.,0.));
#4218 = DIRECTION('',(0.,0.,1.));
#4219 = ADVANCED_FACE('',(#4220),#4231,.F.);
#4220 = FACE_BOUND('',#4221,.F.);
#4221 = EDGE_LOOP('',(#4222,#4223,#4224,#4230));
#4222 = ORIENTED_EDGE('',*,*,#4202,.F.);
#4223 = ORIENTED_EDGE('',*,*,#3478,.T.);
#4224 = ORIENTED_EDGE('',*,*,#4225,.T.);
#4225 = EDGE_CURVE('',#3470,#4021,#4226,.T.);
#4226 = LINE('',#4227,#4228);
#4227 = CARTESIAN_POINT('',(129.,83.7,19.7));
#4228 = VECTOR('',#4229,1.);
#4229 = DIRECTION('',(0.,1.,0.));
#4230 = ORIENTED_EDGE('',*,*,#4029,.F.);
#4231 = PLANE('',#4232);
#4232 = AXIS2_PLACEMENT_3D('',#4233,#4234,#4235);
#4233 = CARTESIAN_POINT('',(125.7,83.7,19.7));
#4234 = DIRECTION('',(0.,0.,1.));
#4235 = DIRECTION('',(1.,0.,0.));
#4236 = ADVANCED_FACE('',(#4237),#4248,.F.);
#4237 = FACE_BOUND('',#4238,.T.);
#4238 = EDGE_LOOP('',(#4239,#4240,#4241,#4242));
#4239 = ORIENTED_EDGE('',*,*,#3469,.F.);
#4240 = ORIENTED_EDGE('',*,*,#4225,.T.);
#4241 = ORIENTED_EDGE('',*,*,#4020,.F.);
#4242 = ORIENTED_EDGE('',*,*,#4243,.F.);
#4243 = EDGE_CURVE('',#3462,#4013,#4244,.T.);
#4244 = LINE('',#4245,#4246);
#4245 = CARTESIAN_POINT('',(129.3,83.7,19.4));
#4246 = VECTOR('',#4247,1.);
#4247 = DIRECTION('',(0.,1.,0.));
#4248 = CYLINDRICAL_SURFACE('',#4249,0.3);
#4249 = AXIS2_PLACEMENT_3D('',#4250,#4251,#4252);
#4250 = CARTESIAN_POINT('',(129.,83.7,19.4));
#4251 = DIRECTION('',(0.,1.,0.));
#4252 = DIRECTION('',(1.,0.,0.));
#4253 = ADVANCED_FACE('',(#4254),#4260,.F.);
#4254 = FACE_BOUND('',#4255,.F.);
#4255 = EDGE_LOOP('',(#4256,#4257,#4258,#4259));
#4256 = ORIENTED_EDGE('',*,*,#3461,.F.);
#4257 = ORIENTED_EDGE('',*,*,#4187,.T.);
#4258 = ORIENTED_EDGE('',*,*,#4012,.T.);
#4259 = ORIENTED_EDGE('',*,*,#4243,.F.);
#4260 = PLANE('',#4261);
#4261 = AXIS2_PLACEMENT_3D('',#4262,#4263,#4264);
#4262 = CARTESIAN_POINT('',(129.3,83.7,13.1));
#4263 = DIRECTION('',(1.,0.,0.));
#4264 = DIRECTION('',(0.,0.,1.));
#4265 = ADVANCED_FACE('',(#4266),#4293,.T.);
#4266 = FACE_BOUND('',#4267,.T.);
#4267 = EDGE_LOOP('',(#4268,#4277,#4278,#4287));
#4268 = ORIENTED_EDGE('',*,*,#4269,.T.);
#4269 = EDGE_CURVE('',#4270,#3425,#4272,.T.);
#4270 = VERTEX_POINT('',#4271);
#4271 = CARTESIAN_POINT('',(127.,85.,60.));
#4272 = ELLIPSE('',#4273,1.414213562373,1.);
#4273 = AXIS2_PLACEMENT_3D('',#4274,#4275,#4276);
#4274 = CARTESIAN_POINT('',(127.,85.,59.));
#4275 = DIRECTION('',(0.707106781187,-0.707106781187,0.));
#4276 = DIRECTION('',(0.707106781187,0.707106781187,0.));
#4277 = ORIENTED_EDGE('',*,*,#3432,.T.);
#4278 = ORIENTED_EDGE('',*,*,#4279,.T.);
#4279 = EDGE_CURVE('',#3433,#4280,#4282,.T.);
#4280 = VERTEX_POINT('',#4281);
#4281 = CARTESIAN_POINT('',(141.,85.,60.));
#4282 = ELLIPSE('',#4283,1.414213562373,1.);
#4283 = AXIS2_PLACEMENT_3D('',#4284,#4285,#4286);
#4284 = CARTESIAN_POINT('',(141.,85.,59.));
#4285 = DIRECTION('',(-0.707106781187,-0.707106781187,-0.));
#4286 = DIRECTION('',(-0.707106781187,0.707106781187,0.));
#4287 = ORIENTED_EDGE('',*,*,#4288,.F.);
#4288 = EDGE_CURVE('',#4270,#4280,#4289,.T.);
#4289 = LINE('',#4290,#4291);
#4290 = CARTESIAN_POINT('',(126.,85.,60.));
#4291 = VECTOR('',#4292,1.);
#4292 = DIRECTION('',(1.,0.,0.));
#4293 = CYLINDRICAL_SURFACE('',#4294,1.);
#4294 = AXIS2_PLACEMENT_3D('',#4295,#4296,#4297);
#4295 = CARTESIAN_POINT('',(126.,85.,59.));
#4296 = DIRECTION('',(1.,0.,0.));
#4297 = DIRECTION('',(0.,0.,1.));
#4298 = ADVANCED_FACE('',(#4299),#4310,.F.);
#4299 = FACE_BOUND('',#4300,.T.);
#4300 = EDGE_LOOP('',(#4301,#4302,#4303,#4304));
#4301 = ORIENTED_EDGE('',*,*,#3577,.F.);
#4302 = ORIENTED_EDGE('',*,*,#3492,.T.);
#4303 = ORIENTED_EDGE('',*,*,#3769,.T.);
#4304 = ORIENTED_EDGE('',*,*,#4305,.F.);
#4305 = EDGE_CURVE('',#3570,#3762,#4306,.T.);
#4306 = LINE('',#4307,#4308);
#4307 = CARTESIAN_POINT('',(12.7,83.7,13.4));
#4308 = VECTOR('',#4309,1.);
#4309 = DIRECTION('',(0.,1.,0.));
#4310 = CYLINDRICAL_SURFACE('',#4311,0.3);
#4311 = AXIS2_PLACEMENT_3D('',#4312,#4313,#4314);
#4312 = CARTESIAN_POINT('',(13.,83.7,13.4));
#4313 = DIRECTION('',(0.,1.,0.));
#4314 = DIRECTION('',(-1.,0.,0.));
#4315 = ADVANCED_FACE('',(#4316),#4327,.T.);
#4316 = FACE_BOUND('',#4317,.T.);
#4317 = EDGE_LOOP('',(#4318,#4319,#4320,#4321));
#4318 = ORIENTED_EDGE('',*,*,#3569,.F.);
#4319 = ORIENTED_EDGE('',*,*,#4305,.T.);
#4320 = ORIENTED_EDGE('',*,*,#3761,.T.);
#4321 = ORIENTED_EDGE('',*,*,#4322,.F.);
#4322 = EDGE_CURVE('',#3561,#3753,#4323,.T.);
#4323 = LINE('',#4324,#4325);
#4324 = CARTESIAN_POINT('',(12.7,83.7,19.4));
#4325 = VECTOR('',#4326,1.);
#4326 = DIRECTION('',(0.,1.,0.));
#4327 = PLANE('',#4328);
#4328 = AXIS2_PLACEMENT_3D('',#4329,#4330,#4331);
#4329 = CARTESIAN_POINT('',(12.7,83.7,13.1));
#4330 = DIRECTION('',(1.,0.,0.));
#4331 = DIRECTION('',(0.,0.,1.));
#4332 = ADVANCED_FACE('',(#4333),#4344,.F.);
#4333 = FACE_BOUND('',#4334,.F.);
#4334 = EDGE_LOOP('',(#4335,#4336,#4342,#4343));
#4335 = ORIENTED_EDGE('',*,*,#3560,.F.);
#4336 = ORIENTED_EDGE('',*,*,#4337,.T.);
#4337 = EDGE_CURVE('',#3553,#3745,#4338,.T.);
#4338 = LINE('',#4339,#4340);
#4339 = CARTESIAN_POINT('',(13.,83.7,19.7));
#4340 = VECTOR('',#4341,1.);
#4341 = DIRECTION('',(0.,1.,0.));
#4342 = ORIENTED_EDGE('',*,*,#3752,.F.);
#4343 = ORIENTED_EDGE('',*,*,#4322,.F.);
#4344 = CYLINDRICAL_SURFACE('',#4345,0.3);
#4345 = AXIS2_PLACEMENT_3D('',#4346,#4347,#4348);
#4346 = CARTESIAN_POINT('',(13.,83.7,19.4));
#4347 = DIRECTION('',(0.,1.,0.));
#4348 = DIRECTION('',(-1.,0.,0.));
#4349 = ADVANCED_FACE('',(#4350),#4361,.F.);
#4350 = FACE_BOUND('',#4351,.F.);
#4351 = EDGE_LOOP('',(#4352,#4353,#4354,#4360));
#4352 = ORIENTED_EDGE('',*,*,#4337,.F.);
#4353 = ORIENTED_EDGE('',*,*,#3552,.T.);
#4354 = ORIENTED_EDGE('',*,*,#4355,.T.);
#4355 = EDGE_CURVE('',#3545,#3737,#4356,.T.);
#4356 = LINE('',#4357,#4358);
#4357 = CARTESIAN_POINT('',(16.,83.7,19.7));
#4358 = VECTOR('',#4359,1.);
#4359 = DIRECTION('',(0.,1.,0.));
#4360 = ORIENTED_EDGE('',*,*,#3744,.F.);
#4361 = PLANE('',#4362);
#4362 = AXIS2_PLACEMENT_3D('',#4363,#4364,#4365);
#4363 = CARTESIAN_POINT('',(12.7,83.7,19.7));
#4364 = DIRECTION('',(0.,0.,1.));
#4365 = DIRECTION('',(1.,0.,0.));
#4366 = ADVANCED_FACE('',(#4367),#4378,.T.);
#4367 = FACE_BOUND('',#4368,.T.);
#4368 = EDGE_LOOP('',(#4369,#4370,#4371,#4372));
#4369 = ORIENTED_EDGE('',*,*,#3544,.F.);
#4370 = ORIENTED_EDGE('',*,*,#4355,.T.);
#4371 = ORIENTED_EDGE('',*,*,#3736,.T.);
#4372 = ORIENTED_EDGE('',*,*,#4373,.F.);
#4373 = EDGE_CURVE('',#3537,#3729,#4374,.T.);
#4374 = LINE('',#4375,#4376);
#4375 = CARTESIAN_POINT('',(16.,84.,59.));
#4376 = VECTOR('',#4377,1.);
#4377 = DIRECTION('',(0.,1.,0.));
#4378 = PLANE('',#4379);
#4379 = AXIS2_PLACEMENT_3D('',#4380,#4381,#4382);
#4380 = CARTESIAN_POINT('',(16.,84.,6.));
#4381 = DIRECTION('',(1.,0.,0.));
#4382 = DIRECTION('',(0.,0.,1.));
#4383 = ADVANCED_FACE('',(#4384),#4411,.T.);
#4384 = FACE_BOUND('',#4385,.T.);
#4385 = EDGE_LOOP('',(#4386,#4395,#4396,#4405));
#4386 = ORIENTED_EDGE('',*,*,#4387,.F.);
#4387 = EDGE_CURVE('',#3529,#4388,#4390,.T.);
#4388 = VERTEX_POINT('',#4389);
#4389 = CARTESIAN_POINT('',(1.,85.,60.));
#4390 = ELLIPSE('',#4391,1.414213562373,1.);
#4391 = AXIS2_PLACEMENT_3D('',#4392,#4393,#4394);
#4392 = CARTESIAN_POINT('',(1.,85.,59.));
#4393 = DIRECTION('',(-0.707106781187,0.707106781187,0.));
#4394 = DIRECTION('',(0.707106781187,0.707106781187,0.));
#4395 = ORIENTED_EDGE('',*,*,#3536,.T.);
#4396 = ORIENTED_EDGE('',*,*,#4397,.F.);
#4397 = EDGE_CURVE('',#4398,#3537,#4400,.T.);
#4398 = VERTEX_POINT('',#4399);
#4399 = CARTESIAN_POINT('',(15.,85.,60.));
#4400 = ELLIPSE('',#4401,1.414213562373,1.);
#4401 = AXIS2_PLACEMENT_3D('',#4402,#4403,#4404);
#4402 = CARTESIAN_POINT('',(15.,85.,59.));
#4403 = DIRECTION('',(0.707106781187,0.707106781187,0.));
#4404 = DIRECTION('',(0.707106781187,-0.707106781187,0.));
#4405 = ORIENTED_EDGE('',*,*,#4406,.F.);
#4406 = EDGE_CURVE('',#4388,#4398,#4407,.T.);
#4407 = LINE('',#4408,#4409);
#4408 = CARTESIAN_POINT('',(0.,85.,60.));
#4409 = VECTOR('',#4410,1.);
#4410 = DIRECTION('',(1.,0.,0.));
#4411 = CYLINDRICAL_SURFACE('',#4412,1.);
#4412 = AXIS2_PLACEMENT_3D('',#4413,#4414,#4415);
#4413 = CARTESIAN_POINT('',(0.,85.,59.));
#4414 = DIRECTION('',(1.,0.,0.));
#4415 = DIRECTION('',(0.,0.,1.));
#4416 = ADVANCED_FACE('',(#4417),#4429,.T.);
#4417 = FACE_BOUND('',#4418,.T.);
#4418 = EDGE_LOOP('',(#4419,#4420,#4421,#4428));
#4419 = ORIENTED_EDGE('',*,*,#3654,.F.);
#4420 = ORIENTED_EDGE('',*,*,#3671,.T.);
#4421 = ORIENTED_EDGE('',*,*,#4422,.T.);
#4422 = EDGE_CURVE('',#3672,#3848,#4423,.T.);
#4423 = CIRCLE('',#4424,1.);
#4424 = AXIS2_PLACEMENT_3D('',#4425,#4426,#4427);
#4425 = CARTESIAN_POINT('',(10.,99.,1.));
#4426 = DIRECTION('',(-1.,-6.E-17,-0.));
#4427 = DIRECTION('',(-6.E-17,1.,0.));
#4428 = ORIENTED_EDGE('',*,*,#3847,.F.);
#4429 = TOROIDAL_SURFACE('',#4430,9.,1.);
#4430 = AXIS2_PLACEMENT_3D('',#4431,#4432,#4433);
#4431 = CARTESIAN_POINT('',(10.,90.,1.));
#4432 = DIRECTION('',(-0.,-0.,-1.));
#4433 = DIRECTION('',(-1.,0.,0.));
#4434 = ADVANCED_FACE('',(#4435),#4463,.T.);
#4435 = FACE_BOUND('',#4436,.F.);
#4436 = EDGE_LOOP('',(#4437,#4446,#4447,#4456));
#4437 = ORIENTED_EDGE('',*,*,#4438,.F.);
#4438 = EDGE_CURVE('',#3696,#4439,#4441,.T.);
#4439 = VERTEX_POINT('',#4440);
#4440 = CARTESIAN_POINT('',(1.,90.,60.));
#4441 = CIRCLE('',#4442,1.);
#4442 = AXIS2_PLACEMENT_3D('',#4443,#4444,#4445);
#4443 = CARTESIAN_POINT('',(1.,90.,59.));
#4444 = DIRECTION('',(0.,1.,-0.));
#4445 = DIRECTION('',(-1.,0.,0.));
#4446 = ORIENTED_EDGE('',*,*,#3712,.T.);
#4447 = ORIENTED_EDGE('',*,*,#4448,.T.);
#4448 = EDGE_CURVE('',#3705,#4449,#4451,.T.);
#4449 = VERTEX_POINT('',#4450);
#4450 = CARTESIAN_POINT('',(10.,99.,60.));
#4451 = CIRCLE('',#4452,1.);
#4452 = AXIS2_PLACEMENT_3D('',#4453,#4454,#4455);
#4453 = CARTESIAN_POINT('',(10.,99.,59.));
#4454 = DIRECTION('',(1.,6.E-17,-0.));
#4455 = DIRECTION('',(-6.E-17,1.,0.));
#4456 = ORIENTED_EDGE('',*,*,#4457,.F.);
#4457 = EDGE_CURVE('',#4439,#4449,#4458,.T.);
#4458 = CIRCLE('',#4459,9.);
#4459 = AXIS2_PLACEMENT_3D('',#4460,#4461,#4462);
#4460 = CARTESIAN_POINT('',(10.,90.,60.));
#4461 = DIRECTION('',(0.,0.,-1.));
#4462 = DIRECTION('',(-1.,0.,0.));
#4463 = TOROIDAL_SURFACE('',#4464,9.,1.);
#4464 = AXIS2_PLACEMENT_3D('',#4465,#4466,#4467);
#4465 = CARTESIAN_POINT('',(10.,90.,59.));
#4466 = DIRECTION('',(0.,0.,1.));
#4467 = DIRECTION('',(-1.,0.,0.));
#4468 = ADVANCED_FACE('',(#4469),#4488,.T.);
#4469 = FACE_BOUND('',#4470,.T.);
#4470 = EDGE_LOOP('',(#4471,#4472,#4480,#4487));
#4471 = ORIENTED_EDGE('',*,*,#4448,.T.);
#4472 = ORIENTED_EDGE('',*,*,#4473,.T.);
#4473 = EDGE_CURVE('',#4449,#4474,#4476,.T.);
#4474 = VERTEX_POINT('',#4475);
#4475 = CARTESIAN_POINT('',(15.,99.,60.));
#4476 = LINE('',#4477,#4478);
#4477 = CARTESIAN_POINT('',(10.,99.,60.));
#4478 = VECTOR('',#4479,1.);
#4479 = DIRECTION('',(1.,0.,0.));
#4480 = ORIENTED_EDGE('',*,*,#4481,.F.);
#4481 = EDGE_CURVE('',#3729,#4474,#4482,.T.);
#4482 = ELLIPSE('',#4483,1.414213562373,1.);
#4483 = AXIS2_PLACEMENT_3D('',#4484,#4485,#4486);
#4484 = CARTESIAN_POINT('',(15.,99.,59.));
#4485 = DIRECTION('',(0.707106781187,-0.707106781187,0.));
#4486 = DIRECTION('',(0.707106781187,0.707106781187,0.));
#4487 = ORIENTED_EDGE('',*,*,#3728,.F.);
#4488 = CYLINDRICAL_SURFACE('',#4489,1.);
#4489 = AXIS2_PLACEMENT_3D('',#4490,#4491,#4492);
#4490 = CARTESIAN_POINT('',(10.,99.,59.));
#4491 = DIRECTION('',(1.,0.,0.));
#4492 = DIRECTION('',(0.,1.,0.));
#4493 = ADVANCED_FACE('',(#4494),#4505,.T.);
#4494 = FACE_BOUND('',#4495,.T.);
#4495 = EDGE_LOOP('',(#4496,#4497,#4503,#4504));
#4496 = ORIENTED_EDGE('',*,*,#4387,.T.);
#4497 = ORIENTED_EDGE('',*,*,#4498,.T.);
#4498 = EDGE_CURVE('',#4388,#4439,#4499,.T.);
#4499 = LINE('',#4500,#4501);
#4500 = CARTESIAN_POINT('',(1.,84.,60.));
#4501 = VECTOR('',#4502,1.);
#4502 = DIRECTION('',(0.,1.,0.));
#4503 = ORIENTED_EDGE('',*,*,#4438,.F.);
#4504 = ORIENTED_EDGE('',*,*,#3788,.F.);
#4505 = CYLINDRICAL_SURFACE('',#4506,1.);
#4506 = AXIS2_PLACEMENT_3D('',#4507,#4508,#4509);
#4507 = CARTESIAN_POINT('',(1.,84.,59.));
#4508 = DIRECTION('',(0.,1.,0.));
#4509 = DIRECTION('',(-1.,0.,0.));
#4510 = ADVANCED_FACE('',(#4511),#4523,.T.);
#4511 = FACE_BOUND('',#4512,.F.);
#4512 = EDGE_LOOP('',(#4513,#4514,#4515,#4522));
#4513 = ORIENTED_EDGE('',*,*,#4422,.T.);
#4514 = ORIENTED_EDGE('',*,*,#3856,.T.);
#4515 = ORIENTED_EDGE('',*,*,#4516,.F.);
#4516 = EDGE_CURVE('',#3951,#3857,#4517,.T.);
#4517 = CIRCLE('',#4518,1.);
#4518 = AXIS2_PLACEMENT_3D('',#4519,#4520,#4521);
#4519 = CARTESIAN_POINT('',(132.,99.,1.));
#4520 = DIRECTION('',(-1.,0.,0.));
#4521 = DIRECTION('',(0.,1.,0.));
#4522 = ORIENTED_EDGE('',*,*,#3958,.F.);
#4523 = CYLINDRICAL_SURFACE('',#4524,1.);
#4524 = AXIS2_PLACEMENT_3D('',#4525,#4526,#4527);
#4525 = CARTESIAN_POINT('',(10.,99.,1.));
#4526 = DIRECTION('',(1.,0.,0.));
#4527 = DIRECTION('',(0.,1.,0.));
#4528 = ADVANCED_FACE('',(#4529),#4535,.T.);
#4529 = FACE_BOUND('',#4530,.T.);
#4530 = EDGE_LOOP('',(#4531,#4532,#4533,#4534));
#4531 = ORIENTED_EDGE('',*,*,#4516,.F.);
#4532 = ORIENTED_EDGE('',*,*,#4082,.T.);
#4533 = ORIENTED_EDGE('',*,*,#4099,.T.);
#4534 = ORIENTED_EDGE('',*,*,#3864,.F.);
#4535 = TOROIDAL_SURFACE('',#4536,9.,1.);
#4536 = AXIS2_PLACEMENT_3D('',#4537,#4538,#4539);
#4537 = CARTESIAN_POINT('',(132.,90.,1.));
#4538 = DIRECTION('',(-0.,-0.,-1.));
#4539 = DIRECTION('',(0.,1.,0.));
#4540 = ADVANCED_FACE('',(#4541),#4560,.F.);
#4541 = FACE_BOUND('',#4542,.T.);
#4542 = EDGE_LOOP('',(#4543,#4544,#4552,#4559));
#4543 = ORIENTED_EDGE('',*,*,#3898,.T.);
#4544 = ORIENTED_EDGE('',*,*,#4545,.T.);
#4545 = EDGE_CURVE('',#3899,#4546,#4548,.T.);
#4546 = VERTEX_POINT('',#4547);
#4547 = CARTESIAN_POINT('',(137.9,92.,6.));
#4548 = LINE('',#4549,#4550);
#4549 = CARTESIAN_POINT('',(137.9,92.,-1.));
#4550 = VECTOR('',#4551,1.);
#4551 = DIRECTION('',(0.,0.,1.));
#4552 = ORIENTED_EDGE('',*,*,#4553,.T.);
#4553 = EDGE_CURVE('',#4546,#4546,#4554,.T.);
#4554 = CIRCLE('',#4555,3.9);
#4555 = AXIS2_PLACEMENT_3D('',#4556,#4557,#4558);
#4556 = CARTESIAN_POINT('',(134.,92.,6.));
#4557 = DIRECTION('',(0.,0.,1.));
#4558 = DIRECTION('',(1.,0.,0.));
#4559 = ORIENTED_EDGE('',*,*,#4545,.F.);
#4560 = CYLINDRICAL_SURFACE('',#4561,3.9);
#4561 = AXIS2_PLACEMENT_3D('',#4562,#4563,#4564);
#4562 = CARTESIAN_POINT('',(134.,92.,-1.));
#4563 = DIRECTION('',(-0.,-0.,-1.));
#4564 = DIRECTION('',(1.,0.,0.));
#4565 = ADVANCED_FACE('',(#4566),#4585,.F.);
#4566 = FACE_BOUND('',#4567,.T.);
#4567 = EDGE_LOOP('',(#4568,#4569,#4577,#4584));
#4568 = ORIENTED_EDGE('',*,*,#3909,.T.);
#4569 = ORIENTED_EDGE('',*,*,#4570,.T.);
#4570 = EDGE_CURVE('',#3910,#4571,#4573,.T.);
#4571 = VERTEX_POINT('',#4572);
#4572 = CARTESIAN_POINT('',(137.9,8.,6.));
#4573 = LINE('',#4574,#4575);
#4574 = CARTESIAN_POINT('',(137.9,8.,-1.));
#4575 = VECTOR('',#4576,1.);
#4576 = DIRECTION('',(0.,0.,1.));
#4577 = ORIENTED_EDGE('',*,*,#4578,.T.);
#4578 = EDGE_CURVE('',#4571,#4571,#4579,.T.);
#4579 = CIRCLE('',#4580,3.9);
#4580 = AXIS2_PLACEMENT_3D('',#4581,#4582,#4583);
#4581 = CARTESIAN_POINT('',(134.,8.,6.));
#4582 = DIRECTION('',(0.,0.,1.));
#4583 = DIRECTION('',(1.,0.,0.));
#4584 = ORIENTED_EDGE('',*,*,#4570,.F.);
#4585 = CYLINDRICAL_SURFACE('',#4586,3.9);
#4586 = AXIS2_PLACEMENT_3D('',#4587,#4588,#4589);
#4587 = CARTESIAN_POINT('',(134.,8.,-1.));
#4588 = DIRECTION('',(-0.,-0.,-1.));
#4589 = DIRECTION('',(1.,0.,0.));
#4590 = ADVANCED_FACE('',(#4591),#4610,.F.);
#4591 = FACE_BOUND('',#4592,.T.);
#4592 = EDGE_LOOP('',(#4593,#4594,#4602,#4609));
#4593 = ORIENTED_EDGE('',*,*,#3920,.T.);
#4594 = ORIENTED_EDGE('',*,*,#4595,.T.);
#4595 = EDGE_CURVE('',#3921,#4596,#4598,.T.);
#4596 = VERTEX_POINT('',#4597);
#4597 = CARTESIAN_POINT('',(11.9,92.,6.));
#4598 = LINE('',#4599,#4600);
#4599 = CARTESIAN_POINT('',(11.9,92.,-1.));
#4600 = VECTOR('',#4601,1.);
#4601 = DIRECTION('',(0.,0.,1.));
#4602 = ORIENTED_EDGE('',*,*,#4603,.T.);
#4603 = EDGE_CURVE('',#4596,#4596,#4604,.T.);
#4604 = CIRCLE('',#4605,3.9);
#4605 = AXIS2_PLACEMENT_3D('',#4606,#4607,#4608);
#4606 = CARTESIAN_POINT('',(8.,92.,6.));
#4607 = DIRECTION('',(0.,0.,1.));
#4608 = DIRECTION('',(1.,0.,0.));
#4609 = ORIENTED_EDGE('',*,*,#4595,.F.);
#4610 = CYLINDRICAL_SURFACE('',#4611,3.9);
#4611 = AXIS2_PLACEMENT_3D('',#4612,#4613,#4614);
#4612 = CARTESIAN_POINT('',(8.,92.,-1.));
#4613 = DIRECTION('',(-0.,-0.,-1.));
#4614 = DIRECTION('',(1.,0.,0.));
#4615 = ADVANCED_FACE('',(#4616),#4635,.F.);
#4616 = FACE_BOUND('',#4617,.T.);
#4617 = EDGE_LOOP('',(#4618,#4619,#4627,#4634));
#4618 = ORIENTED_EDGE('',*,*,#3931,.T.);
#4619 = ORIENTED_EDGE('',*,*,#4620,.T.);
#4620 = EDGE_CURVE('',#3932,#4621,#4623,.T.);
#4621 = VERTEX_POINT('',#4622);
#4622 = CARTESIAN_POINT('',(11.9,8.,6.));
#4623 = LINE('',#4624,#4625);
#4624 = CARTESIAN_POINT('',(11.9,8.,-1.));
#4625 = VECTOR('',#4626,1.);
#4626 = DIRECTION('',(0.,0.,1.));
#4627 = ORIENTED_EDGE('',*,*,#4628,.T.);
#4628 = EDGE_CURVE('',#4621,#4621,#4629,.T.);
#4629 = CIRCLE('',#4630,3.9);
#4630 = AXIS2_PLACEMENT_3D('',#4631,#4632,#4633);
#4631 = CARTESIAN_POINT('',(8.,8.,6.));
#4632 = DIRECTION('',(0.,0.,1.));
#4633 = DIRECTION('',(1.,0.,0.));
#4634 = ORIENTED_EDGE('',*,*,#4620,.F.);
#4635 = CYLINDRICAL_SURFACE('',#4636,3.9);
#4636 = AXIS2_PLACEMENT_3D('',#4637,#4638,#4639);
#4637 = CARTESIAN_POINT('',(8.,8.,-1.));
#4638 = DIRECTION('',(-0.,-0.,-1.));
#4639 = DIRECTION('',(1.,0.,0.));
#4640 = ADVANCED_FACE('',(#4641),#4668,.T.);
#4641 = FACE_BOUND('',#4642,.F.);
#4642 = EDGE_LOOP('',(#4643,#4652,#4660,#4667));
#4643 = ORIENTED_EDGE('',*,*,#4644,.T.);
#4644 = EDGE_CURVE('',#3985,#4645,#4647,.T.);
#4645 = VERTEX_POINT('',#4646);
#4646 = CARTESIAN_POINT('',(132.,99.,60.));
#4647 = CIRCLE('',#4648,1.);
#4648 = AXIS2_PLACEMENT_3D('',#4649,#4650,#4651);
#4649 = CARTESIAN_POINT('',(132.,99.,59.));
#4650 = DIRECTION('',(1.,-6.E-17,0.));
#4651 = DIRECTION('',(6.E-17,1.,0.));
#4652 = ORIENTED_EDGE('',*,*,#4653,.T.);
#4653 = EDGE_CURVE('',#4645,#4654,#4656,.T.);
#4654 = VERTEX_POINT('',#4655);
#4655 = CARTESIAN_POINT('',(127.,99.,60.));
#4656 = LINE('',#4657,#4658);
#4657 = CARTESIAN_POINT('',(132.,99.,60.));
#4658 = VECTOR('',#4659,1.);
#4659 = DIRECTION('',(-1.,-0.,-0.));
#4660 = ORIENTED_EDGE('',*,*,#4661,.F.);
#4661 = EDGE_CURVE('',#3987,#4654,#4662,.T.);
#4662 = ELLIPSE('',#4663,1.414213562373,1.);
#4663 = AXIS2_PLACEMENT_3D('',#4664,#4665,#4666);
#4664 = CARTESIAN_POINT('',(127.,99.,59.));
#4665 = DIRECTION('',(0.707106781187,0.707106781187,-0.));
#4666 = DIRECTION('',(-0.707106781187,0.707106781187,0.));
#4667 = ORIENTED_EDGE('',*,*,#3984,.F.);
#4668 = CYLINDRICAL_SURFACE('',#4669,1.);
#4669 = AXIS2_PLACEMENT_3D('',#4670,#4671,#4672);
#4670 = CARTESIAN_POINT('',(132.,99.,59.));
#4671 = DIRECTION('',(-1.,-0.,-0.));
#4672 = DIRECTION('',(0.,1.,0.));
#4673 = ADVANCED_FACE('',(#4674),#4694,.T.);
#4674 = FACE_BOUND('',#4675,.T.);
#4675 = EDGE_LOOP('',(#4676,#4685,#4686,#4687));
#4676 = ORIENTED_EDGE('',*,*,#4677,.F.);
#4677 = EDGE_CURVE('',#4118,#4678,#4680,.T.);
#4678 = VERTEX_POINT('',#4679);
#4679 = CARTESIAN_POINT('',(141.,90.,60.));
#4680 = CIRCLE('',#4681,1.);
#4681 = AXIS2_PLACEMENT_3D('',#4682,#4683,#4684);
#4682 = CARTESIAN_POINT('',(141.,90.,59.));
#4683 = DIRECTION('',(0.,-1.,0.));
#4684 = DIRECTION('',(1.,0.,0.));
#4685 = ORIENTED_EDGE('',*,*,#4127,.T.);
#4686 = ORIENTED_EDGE('',*,*,#4644,.T.);
#4687 = ORIENTED_EDGE('',*,*,#4688,.F.);
#4688 = EDGE_CURVE('',#4678,#4645,#4689,.T.);
#4689 = CIRCLE('',#4690,9.);
#4690 = AXIS2_PLACEMENT_3D('',#4691,#4692,#4693);
#4691 = CARTESIAN_POINT('',(132.,90.,60.));
#4692 = DIRECTION('',(0.,0.,1.));
#4693 = DIRECTION('',(1.,0.,0.));
#4694 = TOROIDAL_SURFACE('',#4695,9.,1.);
#4695 = AXIS2_PLACEMENT_3D('',#4696,#4697,#4698);
#4696 = CARTESIAN_POINT('',(132.,90.,59.));
#4697 = DIRECTION('',(0.,0.,1.));
#4698 = DIRECTION('',(1.,0.,0.));
#4699 = ADVANCED_FACE('',(#4700),#4711,.T.);
#4700 = FACE_BOUND('',#4701,.F.);
#4701 = EDGE_LOOP('',(#4702,#4703,#4709,#4710));
#4702 = ORIENTED_EDGE('',*,*,#4279,.T.);
#4703 = ORIENTED_EDGE('',*,*,#4704,.T.);
#4704 = EDGE_CURVE('',#4280,#4678,#4705,.T.);
#4705 = LINE('',#4706,#4707);
#4706 = CARTESIAN_POINT('',(141.,84.,60.));
#4707 = VECTOR('',#4708,1.);
#4708 = DIRECTION('',(0.,1.,0.));
#4709 = ORIENTED_EDGE('',*,*,#4677,.F.);
#4710 = ORIENTED_EDGE('',*,*,#4143,.F.);
#4711 = CYLINDRICAL_SURFACE('',#4712,1.);
#4712 = AXIS2_PLACEMENT_3D('',#4713,#4714,#4715);
#4713 = CARTESIAN_POINT('',(141.,84.,59.));
#4714 = DIRECTION('',(0.,1.,0.));
#4715 = DIRECTION('',(1.,0.,0.));
#4716 = ADVANCED_FACE('',(#4717),#4720,.T.);
#4717 = FACE_BOUND('',#4718,.T.);
#4718 = EDGE_LOOP('',(#4719));
#4719 = ORIENTED_EDGE('',*,*,#4169,.T.);
#4720 = PLANE('',#4721);
#4721 = AXIS2_PLACEMENT_3D('',#4722,#4723,#4724);
#4722 = CARTESIAN_POINT('',(134.,8.,65.5));
#4723 = DIRECTION('',(0.,0.,1.));
#4724 = DIRECTION('',(1.,0.,0.));
#4725 = ADVANCED_FACE('',(#4726),#4737,.T.);
#4726 = FACE_BOUND('',#4727,.F.);
#4727 = EDGE_LOOP('',(#4728,#4729,#4730,#4731));
#4728 = ORIENTED_EDGE('',*,*,#4269,.T.);
#4729 = ORIENTED_EDGE('',*,*,#4209,.T.);
#4730 = ORIENTED_EDGE('',*,*,#4661,.T.);
#4731 = ORIENTED_EDGE('',*,*,#4732,.F.);
#4732 = EDGE_CURVE('',#4270,#4654,#4733,.T.);
#4733 = LINE('',#4734,#4735);
#4734 = CARTESIAN_POINT('',(127.,84.,60.));
#4735 = VECTOR('',#4736,1.);
#4736 = DIRECTION('',(0.,1.,0.));
#4737 = CYLINDRICAL_SURFACE('',#4738,1.);
#4738 = AXIS2_PLACEMENT_3D('',#4739,#4740,#4741);
#4739 = CARTESIAN_POINT('',(127.,84.,59.));
#4740 = DIRECTION('',(0.,1.,0.));
#4741 = DIRECTION('',(0.,0.,1.));
#4742 = ADVANCED_FACE('',(#4743,#4750),#4761,.T.);
#4743 = FACE_BOUND('',#4744,.T.);
#4744 = EDGE_LOOP('',(#4745,#4746,#4747,#4748,#4749));
#4745 = ORIENTED_EDGE('',*,*,#4704,.T.);
#4746 = ORIENTED_EDGE('',*,*,#4688,.T.);
#4747 = ORIENTED_EDGE('',*,*,#4653,.T.);
#4748 = ORIENTED_EDGE('',*,*,#4732,.F.);
#4749 = ORIENTED_EDGE('',*,*,#4288,.T.);
#4750 = FACE_BOUND('',#4751,.T.);
#4751 = EDGE_LOOP('',(#4752));
#4752 = ORIENTED_EDGE('',*,*,#4753,.F.);
#4753 = EDGE_CURVE('',#4754,#4754,#4756,.T.);
#4754 = VERTEX_POINT('',#4755);
#4755 = CARTESIAN_POINT('',(137.4,92.,60.));
#4756 = CIRCLE('',#4757,3.4);
#4757 = AXIS2_PLACEMENT_3D('',#4758,#4759,#4760);
#4758 = CARTESIAN_POINT('',(134.,92.,60.));
#4759 = DIRECTION('',(0.,0.,1.));
#4760 = DIRECTION('',(1.,0.,0.));
#4761 = PLANE('',#4762);
#4762 = AXIS2_PLACEMENT_3D('',#4763,#4764,#4765);
#4763 = CARTESIAN_POINT('',(126.,84.,60.));
#4764 = DIRECTION('',(0.,0.,1.));
#4765 = DIRECTION('',(1.,0.,0.));
#4766 = ADVANCED_FACE('',(#4767),#4778,.T.);
#4767 = FACE_BOUND('',#4768,.T.);
#4768 = EDGE_LOOP('',(#4769,#4770,#4771,#4772));
#4769 = ORIENTED_EDGE('',*,*,#4397,.T.);
#4770 = ORIENTED_EDGE('',*,*,#4373,.T.);
#4771 = ORIENTED_EDGE('',*,*,#4481,.T.);
#4772 = ORIENTED_EDGE('',*,*,#4773,.F.);
#4773 = EDGE_CURVE('',#4398,#4474,#4774,.T.);
#4774 = LINE('',#4775,#4776);
#4775 = CARTESIAN_POINT('',(15.,84.,60.));
#4776 = VECTOR('',#4777,1.);
#4777 = DIRECTION('',(0.,1.,0.));
#4778 = CYLINDRICAL_SURFACE('',#4779,1.);
#4779 = AXIS2_PLACEMENT_3D('',#4780,#4781,#4782);
#4780 = CARTESIAN_POINT('',(15.,84.,59.));
#4781 = DIRECTION('',(0.,1.,0.));
#4782 = DIRECTION('',(0.,0.,1.));
#4783 = ADVANCED_FACE('',(#4784,#4791),#4802,.T.);
#4784 = FACE_BOUND('',#4785,.T.);
#4785 = EDGE_LOOP('',(#4786,#4787,#4788,#4789,#4790));
#4786 = ORIENTED_EDGE('',*,*,#4498,.F.);
#4787 = ORIENTED_EDGE('',*,*,#4406,.T.);
#4788 = ORIENTED_EDGE('',*,*,#4773,.T.);
#4789 = ORIENTED_EDGE('',*,*,#4473,.F.);
#4790 = ORIENTED_EDGE('',*,*,#4457,.F.);
#4791 = FACE_BOUND('',#4792,.T.);
#4792 = EDGE_LOOP('',(#4793));
#4793 = ORIENTED_EDGE('',*,*,#4794,.F.);
#4794 = EDGE_CURVE('',#4795,#4795,#4797,.T.);
#4795 = VERTEX_POINT('',#4796);
#4796 = CARTESIAN_POINT('',(11.4,92.,60.));
#4797 = CIRCLE('',#4798,3.4);
#4798 = AXIS2_PLACEMENT_3D('',#4799,#4800,#4801);
#4799 = CARTESIAN_POINT('',(8.,92.,60.));
#4800 = DIRECTION('',(0.,0.,1.));
#4801 = DIRECTION('',(1.,0.,0.));
#4802 = PLANE('',#4803);
#4803 = AXIS2_PLACEMENT_3D('',#4804,#4805,#4806);
#4804 = CARTESIAN_POINT('',(0.,84.,60.));
#4805 = DIRECTION('',(0.,0.,1.));
#4806 = DIRECTION('',(1.,0.,0.));
#4807 = ADVANCED_FACE('',(#4808),#4811,.F.);
#4808 = FACE_BOUND('',#4809,.T.);
#4809 = EDGE_LOOP('',(#4810));
#4810 = ORIENTED_EDGE('',*,*,#4553,.F.);
#4811 = PLANE('',#4812);
#4812 = AXIS2_PLACEMENT_3D('',#4813,#4814,#4815);
#4813 = CARTESIAN_POINT('',(134.,92.,6.));
#4814 = DIRECTION('',(0.,0.,1.));
#4815 = DIRECTION('',(1.,0.,0.));
#4816 = ADVANCED_FACE('',(#4817),#4820,.F.);
#4817 = FACE_BOUND('',#4818,.T.);
#4818 = EDGE_LOOP('',(#4819));
#4819 = ORIENTED_EDGE('',*,*,#4578,.F.);
#4820 = PLANE('',#4821);
#4821 = AXIS2_PLACEMENT_3D('',#4822,#4823,#4824);
#4822 = CARTESIAN_POINT('',(134.,8.,6.));
#4823 = DIRECTION('',(0.,0.,1.));
#4824 = DIRECTION('',(1.,0.,0.));
#4825 = ADVANCED_FACE('',(#4826),#4829,.F.);
#4826 = FACE_BOUND('',#4827,.T.);
#4827 = EDGE_LOOP('',(#4828));
#4828 = ORIENTED_EDGE('',*,*,#4603,.F.);
#4829 = PLANE('',#4830);
#4830 = AXIS2_PLACEMENT_3D('',#4831,#4832,#4833);
#4831 = CARTESIAN_POINT('',(8.,92.,6.));
#4832 = DIRECTION('',(0.,0.,1.));
#4833 = DIRECTION('',(1.,0.,0.));
#4834 = ADVANCED_FACE('',(#4835),#4838,.F.);
#4835 = FACE_BOUND('',#4836,.T.);
#4836 = EDGE_LOOP('',(#4837));
#4837 = ORIENTED_EDGE('',*,*,#4628,.F.);
#4838 = PLANE('',#4839);
#4839 = AXIS2_PLACEMENT_3D('',#4840,#4841,#4842);
#4840 = CARTESIAN_POINT('',(8.,8.,6.));
#4841 = DIRECTION('',(0.,0.,1.));
#4842 = DIRECTION('',(1.,0.,0.));
#4843 = ADVANCED_FACE('',(#4844),#4863,.T.);
#4844 = FACE_BOUND('',#4845,.F.);
#4845 = EDGE_LOOP('',(#4846,#4854,#4861,#4862));
#4846 = ORIENTED_EDGE('',*,*,#4847,.T.);
#4847 = EDGE_CURVE('',#4754,#4848,#4850,.T.);
#4848 = VERTEX_POINT('',#4849);
#4849 = CARTESIAN_POINT('',(137.4,92.,64.9));
#4850 = LINE('',#4851,#4852);
#4851 = CARTESIAN_POINT('',(137.4,92.,60.));
#4852 = VECTOR('',#4853,1.);
#4853 = DIRECTION('',(0.,0.,1.));
#4854 = ORIENTED_EDGE('',*,*,#4855,.T.);
#4855 = EDGE_CURVE('',#4848,#4848,#4856,.T.);
#4856 = CIRCLE('',#4857,3.4);
#4857 = AXIS2_PLACEMENT_3D('',#4858,#4859,#4860);
#4858 = CARTESIAN_POINT('',(134.,92.,64.9));
#4859 = DIRECTION('',(0.,0.,1.));
#4860 = DIRECTION('',(1.,0.,0.));
#4861 = ORIENTED_EDGE('',*,*,#4847,.F.);
#4862 = ORIENTED_EDGE('',*,*,#4753,.F.);
#4863 = CYLINDRICAL_SURFACE('',#4864,3.4);
#4864 = AXIS2_PLACEMENT_3D('',#4865,#4866,#4867);
#4865 = CARTESIAN_POINT('',(134.,92.,60.));
#4866 = DIRECTION('',(-0.,-0.,-1.));
#4867 = DIRECTION('',(1.,0.,0.));
#4868 = ADVANCED_FACE('',(#4869),#4888,.T.);
#4869 = FACE_BOUND('',#4870,.F.);
#4870 = EDGE_LOOP('',(#4871,#4879,#4886,#4887));
#4871 = ORIENTED_EDGE('',*,*,#4872,.T.);
#4872 = EDGE_CURVE('',#4795,#4873,#4875,.T.);
#4873 = VERTEX_POINT('',#4874);
#4874 = CARTESIAN_POINT('',(11.4,92.,64.9));
#4875 = LINE('',#4876,#4877);
#4876 = CARTESIAN_POINT('',(11.4,92.,60.));
#4877 = VECTOR('',#4878,1.);
#4878 = DIRECTION('',(0.,0.,1.));
#4879 = ORIENTED_EDGE('',*,*,#4880,.T.);
#4880 = EDGE_CURVE('',#4873,#4873,#4881,.T.);
#4881 = CIRCLE('',#4882,3.4);
#4882 = AXIS2_PLACEMENT_3D('',#4883,#4884,#4885);
#4883 = CARTESIAN_POINT('',(8.,92.,64.9));
#4884 = DIRECTION('',(0.,0.,1.));
#4885 = DIRECTION('',(1.,0.,0.));
#4886 = ORIENTED_EDGE('',*,*,#4872,.F.);
#4887 = ORIENTED_EDGE('',*,*,#4794,.F.);
#4888 = CYLINDRICAL_SURFACE('',#4889,3.4);
#4889 = AXIS2_PLACEMENT_3D('',#4890,#4891,#4892);
#4890 = CARTESIAN_POINT('',(8.,92.,60.));
#4891 = DIRECTION('',(-0.,-0.,-1.));
#4892 = DIRECTION('',(1.,0.,0.));
#4893 = ADVANCED_FACE('',(#4894),#4913,.T.);
#4894 = FACE_BOUND('',#4895,.T.);
#4895 = EDGE_LOOP('',(#4896,#4904,#4905,#4906));
#4896 = ORIENTED_EDGE('',*,*,#4897,.F.);
#4897 = EDGE_CURVE('',#4848,#4898,#4900,.T.);
#4898 = VERTEX_POINT('',#4899);
#4899 = CARTESIAN_POINT('',(136.8,92.,65.5));
#4900 = LINE('',#4901,#4902);
#4901 = CARTESIAN_POINT('',(137.4,92.,64.9));
#4902 = VECTOR('',#4903,1.);
#4903 = DIRECTION('',(-0.707106781187,0.,0.707106781187));
#4904 = ORIENTED_EDGE('',*,*,#4855,.T.);
#4905 = ORIENTED_EDGE('',*,*,#4897,.T.);
#4906 = ORIENTED_EDGE('',*,*,#4907,.F.);
#4907 = EDGE_CURVE('',#4898,#4898,#4908,.T.);
#4908 = CIRCLE('',#4909,2.8);
#4909 = AXIS2_PLACEMENT_3D('',#4910,#4911,#4912);
#4910 = CARTESIAN_POINT('',(134.,92.,65.5));
#4911 = DIRECTION('',(0.,0.,1.));
#4912 = DIRECTION('',(1.,0.,0.));
#4913 = CONICAL_SURFACE('',#4914,3.4,0.785398163397);
#4914 = AXIS2_PLACEMENT_3D('',#4915,#4916,#4917);
#4915 = CARTESIAN_POINT('',(134.,92.,64.9));
#4916 = DIRECTION('',(-0.,-0.,-1.));
#4917 = DIRECTION('',(1.,0.,0.));
#4918 = ADVANCED_FACE('',(#4919),#4938,.T.);
#4919 = FACE_BOUND('',#4920,.T.);
#4920 = EDGE_LOOP('',(#4921,#4929,#4930,#4931));
#4921 = ORIENTED_EDGE('',*,*,#4922,.F.);
#4922 = EDGE_CURVE('',#4873,#4923,#4925,.T.);
#4923 = VERTEX_POINT('',#4924);
#4924 = CARTESIAN_POINT('',(10.8,92.,65.5));
#4925 = LINE('',#4926,#4927);
#4926 = CARTESIAN_POINT('',(11.4,92.,64.9));
#4927 = VECTOR('',#4928,1.);
#4928 = DIRECTION('',(-0.707106781187,0.,0.707106781187));
#4929 = ORIENTED_EDGE('',*,*,#4880,.T.);
#4930 = ORIENTED_EDGE('',*,*,#4922,.T.);
#4931 = ORIENTED_EDGE('',*,*,#4932,.F.);
#4932 = EDGE_CURVE('',#4923,#4923,#4933,.T.);
#4933 = CIRCLE('',#4934,2.8);
#4934 = AXIS2_PLACEMENT_3D('',#4935,#4936,#4937);
#4935 = CARTESIAN_POINT('',(8.,92.,65.5));
#4936 = DIRECTION('',(0.,0.,1.));
#4937 = DIRECTION('',(1.,0.,0.));
#4938 = CONICAL_SURFACE('',#4939,3.4,0.785398163397);
#4939 = AXIS2_PLACEMENT_3D('',#4940,#4941,#4942);
#4940 = CARTESIAN_POINT('',(8.,92.,64.9));
#4941 = DIRECTION('',(-0.,-0.,-1.));
#4942 = DIRECTION('',(1.,0.,0.));
#4943 = ADVANCED_FACE('',(#4944),#4947,.T.);
#4944 = FACE_BOUND('',#4945,.T.);
#4945 = EDGE_LOOP('',(#4946));
#4946 = ORIENTED_EDGE('',*,*,#4907,.T.);
#4947 = PLANE('',#4948);
#4948 = AXIS2_PLACEMENT_3D('',#4949,#4950,#4951);
#4949 = CARTESIAN_POINT('',(134.,92.,65.5));
#4950 = DIRECTION('',(0.,0.,1.));
#4951 = DIRECTION('',(1.,0.,0.));
#4952 = ADVANCED_FACE('',(#4953),#4956,.T.);
#4953 = FACE_BOUND('',#4954,.T.);
#4954 = EDGE_LOOP('',(#4955));
#4955 = ORIENTED_EDGE('',*,*,#4932,.T.);
#4956 = PLANE('',#4957);
#4957 = AXIS2_PLACEMENT_3D('',#4958,#4959,#4960);
#4958 = CARTESIAN_POINT('',(8.,92.,65.5));
#4959 = DIRECTION('',(0.,0.,1.));
#4960 = DIRECTION('',(1.,0.,0.));
#4961 = ( GEOMETRIC_REPRESENTATION_CONTEXT(3) 
GLOBAL_UNCERTAINTY_ASSIGNED_CONTEXT((#4965)) 
GLOBAL_UNIT_ASSIGNED_CONTEXT((#4962,#4963,#4964)) REPRESENTATION_CONTEXT
('Context #1','3D Context with UNIT and UNCERTAINTY') );
#4962 = ( LENGTH_UNIT() NAMED_UNIT(*) SI_UNIT(.MILLI.,.METRE.) );
#4963 = ( NAMED_UNIT(*) PLANE_ANGLE_UNIT() SI_UNIT($,.RADIAN.) );
#4964 = ( NAMED_UNIT(*) SI_UNIT($,.STERADIAN.) SOLID_ANGLE_UNIT() );
#4965 = UNCERTAINTY_MEASURE_WITH_UNIT(LENGTH_MEASURE(1.E-04),#4962,
  'distance_accuracy_value','confusion accuracy');
#4966 = PRODUCT_RELATED_PRODUCT_CATEGORY('part',$,(#7));
ENDSEC;
END-ISO-10303-21;
