ISO-10303-21;
HEADER;
FILE_DESCRIPTION(('FreeCAD Model'),'2;1');
FILE_NAME('Open CASCADE Shape Model','2026-10-03T13:33:49',('FreeCAD'),(
    'FreeCAD'),'Open CASCADE STEP processor 7.8','FreeCAD','Unknown');
FILE_SCHEMA(('AUTOMOTIVE_DESIGN { 1 0 10303 214 1 1 1 1 }'));
ENDSEC;
DATA;
#1 = APPLICATION_PROTOCOL_DEFINITION('international standard',
  'automotive_design',2000,#2);
#2 = APPLICATION_CONTEXT(
  'core data for automotive mechanical design processes');
#3 = SHAPE_DEFINITION_REPRESENTATION(#4,#10);
#4 = PRODUCT_DEFINITION_SHAPE('','',#5);
#5 = PRODUCT_DEFINITION('design','',#6,#9);
#6 = PRODUCT_DEFINITION_FORMATION('','',#7);
#7 = PRODUCT('Open CASCADE STEP translator 7.8 5',
  'Open CASCADE STEP translator 7.8 5','',(#8));
#8 = PRODUCT_CONTEXT('',#2,'mechanical');
#9 = PRODUCT_DEFINITION_CONTEXT('part definition',#2,'design');
#10 = ADVANCED_BREP_SHAPE_REPRESENTATION('',(#11,#15),#4491);
#11 = AXIS2_PLACEMENT_3D('',#12,#13,#14);
#12 = CARTESIAN_POINT('',(0.,0.,0.));
#13 = DIRECTION('',(0.,0.,1.));
#14 = DIRECTION('',(1.,0.,-0.));
#15 = MANIFOLD_SOLID_BREP('',#16);
#16 = CLOSED_SHELL('',(#17,#59,#90,#124,#181,#333,#358,#422,#447,#483,
    #531,#580,#606,#647,#703,#751,#768,#790,#855,#879,#919,#975,#999,
    #1055,#1095,#1119,#1191,#1215,#1248,#1273,#1291,#1315,#1339,#1363,
    #1538,#1550,#1575,#1597,#1633,#1650,#1674,#1705,#1731,#1756,#1790,
    #1814,#1869,#1893,#1934,#1968,#1990,#2045,#2069,#2083,#2100,#2117,
    #2143,#2160,#2172,#2203,#2220,#2237,#2249,#2266,#2278,#2303,#2347,
    #2365,#2404,#2436,#2470,#2502,#2527,#2566,#2605,#2629,#2661,#2685,
    #2717,#2756,#2780,#2812,#2829,#2854,#2873,#2898,#2931,#2957,#2982,
    #3007,#3039,#3056,#3073,#3091,#3103,#3115,#3139,#3181,#3199,#3224,
    #3257,#3281,#3306,#3330,#3354,#3387,#3412,#3429,#3531,#3582,#3594,
    #3611,#3628,#3674,#3683,#3701,#3719,#3753,#3770,#3787,#3805,#3823,
    #3841,#3866,#3891,#3928,#3946,#3964,#3988,#4000,#4025,#4050,#4075,
    #4100,#4131,#4155,#4179,#4196,#4227,#4251,#4275,#4292,#4304,#4313,
    #4338,#4363,#4372,#4381,#4390,#4399,#4411,#4423,#4448,#4473,#4482));
#17 = ADVANCED_FACE('',(#18),#54,.T.);
#18 = FACE_BOUND('',#19,.F.);
#19 = EDGE_LOOP('',(#20,#30,#39,#47));
#20 = ORIENTED_EDGE('',*,*,#21,.F.);
#21 = EDGE_CURVE('',#22,#24,#26,.T.);
#22 = VERTEX_POINT('',#23);
#23 = CARTESIAN_POINT('',(142.,10.,6.));
#24 = VERTEX_POINT('',#25);
#25 = CARTESIAN_POINT('',(142.,10.,59.));
#26 = LINE('',#27,#28);
#27 = CARTESIAN_POINT('',(142.,10.,6.));
#28 = VECTOR('',#29,1.);
#29 = DIRECTION('',(0.,0.,1.));
#30 = ORIENTED_EDGE('',*,*,#31,.T.);
#31 = EDGE_CURVE('',#22,#32,#34,.T.);
#32 = VERTEX_POINT('',#33);
#33 = CARTESIAN_POINT('',(132.,-1.7763568394E-15,6.));
#34 = CIRCLE('',#35,10.);
#35 = AXIS2_PLACEMENT_3D('',#36,#37,#38);
#36 = CARTESIAN_POINT('',(132.,10.,6.));
#37 = DIRECTION('',(-0.,-0.,-1.));
#38 = DIRECTION('',(0.,-1.,0.));
#39 = ORIENTED_EDGE('',*,*,#40,.T.);
#40 = EDGE_CURVE('',#32,#41,#43,.T.);
#41 = VERTEX_POINT('',#42);
#42 = CARTESIAN_POINT('',(132.,-2.22044604925E-16,59.));
#43 = LINE('',#44,#45);
#44 = CARTESIAN_POINT('',(132.,-1.7763568394E-15,6.));
#45 = VECTOR('',#46,1.);
#46 = DIRECTION('',(0.,0.,1.));
#47 = ORIENTED_EDGE('',*,*,#48,.T.);
#48 = EDGE_CURVE('',#41,#24,#49,.T.);
#49 = CIRCLE('',#50,10.);
#50 = AXIS2_PLACEMENT_3D('',#51,#52,#53);
#51 = CARTESIAN_POINT('',(132.,10.,59.));
#52 = DIRECTION('',(-0.,0.,1.));
#53 = DIRECTION('',(0.,-1.,0.));
#54 = CYLINDRICAL_SURFACE('',#55,10.);
#55 = AXIS2_PLACEMENT_3D('',#56,#57,#58);
#56 = CARTESIAN_POINT('',(132.,10.,6.));
#57 = DIRECTION('',(0.,0.,1.));
#58 = DIRECTION('',(1.,0.,0.));
#59 = ADVANCED_FACE('',(#60),#85,.T.);
#60 = FACE_BOUND('',#61,.T.);
#61 = EDGE_LOOP('',(#62,#63,#71,#79));
#62 = ORIENTED_EDGE('',*,*,#21,.F.);
#63 = ORIENTED_EDGE('',*,*,#64,.T.);
#64 = EDGE_CURVE('',#22,#65,#67,.T.);
#65 = VERTEX_POINT('',#66);
#66 = CARTESIAN_POINT('',(142.,16.,6.));
#67 = LINE('',#68,#69);
#68 = CARTESIAN_POINT('',(142.,0.,6.));
#69 = VECTOR('',#70,1.);
#70 = DIRECTION('',(0.,1.,0.));
#71 = ORIENTED_EDGE('',*,*,#72,.T.);
#72 = EDGE_CURVE('',#65,#73,#75,.T.);
#73 = VERTEX_POINT('',#74);
#74 = CARTESIAN_POINT('',(142.,16.,59.));
#75 = LINE('',#76,#77);
#76 = CARTESIAN_POINT('',(142.,16.,6.));
#77 = VECTOR('',#78,1.);
#78 = DIRECTION('',(0.,0.,1.));
#79 = ORIENTED_EDGE('',*,*,#80,.F.);
#80 = EDGE_CURVE('',#24,#73,#81,.T.);
#81 = LINE('',#82,#83);
#82 = CARTESIAN_POINT('',(142.,10.,59.));
#83 = VECTOR('',#84,1.);
#84 = DIRECTION('',(0.,1.,0.));
#85 = PLANE('',#86);
#86 = AXIS2_PLACEMENT_3D('',#87,#88,#89);
#87 = CARTESIAN_POINT('',(142.,0.,6.));
#88 = DIRECTION('',(1.,0.,0.));
#89 = DIRECTION('',(0.,0.,1.));
#90 = ADVANCED_FACE('',(#91),#119,.T.);
#91 = FACE_BOUND('',#92,.T.);
#92 = EDGE_LOOP('',(#93,#102,#103,#112));
#93 = ORIENTED_EDGE('',*,*,#94,.F.);
#94 = EDGE_CURVE('',#41,#95,#97,.T.);
#95 = VERTEX_POINT('',#96);
#96 = CARTESIAN_POINT('',(132.,1.,60.));
#97 = CIRCLE('',#98,1.);
#98 = AXIS2_PLACEMENT_3D('',#99,#100,#101);
#99 = CARTESIAN_POINT('',(132.,1.,59.));
#100 = DIRECTION('',(-1.,0.,0.));
#101 = DIRECTION('',(0.,-1.,0.));
#102 = ORIENTED_EDGE('',*,*,#48,.T.);
#103 = ORIENTED_EDGE('',*,*,#104,.T.);
#104 = EDGE_CURVE('',#24,#105,#107,.T.);
#105 = VERTEX_POINT('',#106);
#106 = CARTESIAN_POINT('',(141.,10.,60.));
#107 = CIRCLE('',#108,1.);
#108 = AXIS2_PLACEMENT_3D('',#109,#110,#111);
#109 = CARTESIAN_POINT('',(141.,10.,59.));
#110 = DIRECTION('',(-6.123233995737E-17,-1.,0.));
#111 = DIRECTION('',(1.,-6.123233995737E-17,0.));
#112 = ORIENTED_EDGE('',*,*,#113,.F.);
#113 = EDGE_CURVE('',#95,#105,#114,.T.);
#114 = CIRCLE('',#115,9.);
#115 = AXIS2_PLACEMENT_3D('',#116,#117,#118);
#116 = CARTESIAN_POINT('',(132.,10.,60.));
#117 = DIRECTION('',(-0.,0.,1.));
#118 = DIRECTION('',(0.,-1.,0.));
#119 = TOROIDAL_SURFACE('',#120,9.,1.);
#120 = AXIS2_PLACEMENT_3D('',#121,#122,#123);
#121 = CARTESIAN_POINT('',(132.,10.,59.));
#122 = DIRECTION('',(0.,0.,1.));
#123 = DIRECTION('',(0.,-1.,0.));
#124 = ADVANCED_FACE('',(#125),#176,.T.);
#125 = FACE_BOUND('',#126,.T.);
#126 = EDGE_LOOP('',(#127,#128,#136,#144,#152,#161,#169,#175));
#127 = ORIENTED_EDGE('',*,*,#31,.T.);
#128 = ORIENTED_EDGE('',*,*,#129,.F.);
#129 = EDGE_CURVE('',#130,#32,#132,.T.);
#130 = VERTEX_POINT('',#131);
#131 = CARTESIAN_POINT('',(119.6,0.,6.));
#132 = LINE('',#133,#134);
#133 = CARTESIAN_POINT('',(126.,0.,6.));
#134 = VECTOR('',#135,1.);
#135 = DIRECTION('',(1.,0.,0.));
#136 = ORIENTED_EDGE('',*,*,#137,.T.);
#137 = EDGE_CURVE('',#130,#138,#140,.T.);
#138 = VERTEX_POINT('',#139);
#139 = CARTESIAN_POINT('',(119.6,1.,6.));
#140 = LINE('',#141,#142);
#141 = CARTESIAN_POINT('',(119.6,0.,6.));
#142 = VECTOR('',#143,1.);
#143 = DIRECTION('',(0.,1.,0.));
#144 = ORIENTED_EDGE('',*,*,#145,.F.);
#145 = EDGE_CURVE('',#146,#138,#148,.T.);
#146 = VERTEX_POINT('',#147);
#147 = CARTESIAN_POINT('',(132.,1.,6.));
#148 = LINE('',#149,#150);
#149 = CARTESIAN_POINT('',(132.,1.,6.));
#150 = VECTOR('',#151,1.);
#151 = DIRECTION('',(-1.,-0.,-0.));
#152 = ORIENTED_EDGE('',*,*,#153,.F.);
#153 = EDGE_CURVE('',#154,#146,#156,.T.);
#154 = VERTEX_POINT('',#155);
#155 = CARTESIAN_POINT('',(141.,10.,6.));
#156 = CIRCLE('',#157,9.);
#157 = AXIS2_PLACEMENT_3D('',#158,#159,#160);
#158 = CARTESIAN_POINT('',(132.,10.,6.));
#159 = DIRECTION('',(0.,0.,-1.));
#160 = DIRECTION('',(1.,0.,0.));
#161 = ORIENTED_EDGE('',*,*,#162,.F.);
#162 = EDGE_CURVE('',#163,#154,#165,.T.);
#163 = VERTEX_POINT('',#164);
#164 = CARTESIAN_POINT('',(141.,16.,6.));
#165 = LINE('',#166,#167);
#166 = CARTESIAN_POINT('',(141.,122.,6.));
#167 = VECTOR('',#168,1.);
#168 = DIRECTION('',(-0.,-1.,-0.));
#169 = ORIENTED_EDGE('',*,*,#170,.T.);
#170 = EDGE_CURVE('',#163,#65,#171,.T.);
#171 = LINE('',#172,#173);
#172 = CARTESIAN_POINT('',(126.,16.,6.));
#173 = VECTOR('',#174,1.);
#174 = DIRECTION('',(1.,0.,0.));
#175 = ORIENTED_EDGE('',*,*,#64,.F.);
#176 = PLANE('',#177);
#177 = AXIS2_PLACEMENT_3D('',#178,#179,#180);
#178 = CARTESIAN_POINT('',(133.93502461591,4.467015283844,6.));
#179 = DIRECTION('',(-0.,-0.,-1.));
#180 = DIRECTION('',(-1.,0.,0.));
#181 = ADVANCED_FACE('',(#182),#328,.T.);
#182 = FACE_BOUND('',#183,.T.);
#183 = EDGE_LOOP('',(#184,#194,#202,#210,#216,#217,#218,#226,#234,#242,
    #250,#258,#266,#274,#282,#290,#298,#306,#314,#322));
#184 = ORIENTED_EDGE('',*,*,#185,.T.);
#185 = EDGE_CURVE('',#186,#188,#190,.T.);
#186 = VERTEX_POINT('',#187);
#187 = CARTESIAN_POINT('',(10.,-1.7763568394E-15,6.));
#188 = VERTEX_POINT('',#189);
#189 = CARTESIAN_POINT('',(22.4,0.,6.));
#190 = LINE('',#191,#192);
#191 = CARTESIAN_POINT('',(12.,0.,6.));
#192 = VECTOR('',#193,1.);
#193 = DIRECTION('',(1.,0.,0.));
#194 = ORIENTED_EDGE('',*,*,#195,.T.);
#195 = EDGE_CURVE('',#188,#196,#198,.T.);
#196 = VERTEX_POINT('',#197);
#197 = CARTESIAN_POINT('',(22.4,0.,8.));
#198 = LINE('',#199,#200);
#199 = CARTESIAN_POINT('',(22.4,0.,6.));
#200 = VECTOR('',#201,1.);
#201 = DIRECTION('',(0.,0.,1.));
#202 = ORIENTED_EDGE('',*,*,#203,.T.);
#203 = EDGE_CURVE('',#196,#204,#206,.T.);
#204 = VERTEX_POINT('',#205);
#205 = CARTESIAN_POINT('',(119.6,0.,8.));
#206 = LINE('',#207,#208);
#207 = CARTESIAN_POINT('',(15.3,0.,8.));
#208 = VECTOR('',#209,1.);
#209 = DIRECTION('',(1.,0.,0.));
#210 = ORIENTED_EDGE('',*,*,#211,.F.);
#211 = EDGE_CURVE('',#130,#204,#212,.T.);
#212 = LINE('',#213,#214);
#213 = CARTESIAN_POINT('',(119.6,0.,6.));
#214 = VECTOR('',#215,1.);
#215 = DIRECTION('',(0.,0.,1.));
#216 = ORIENTED_EDGE('',*,*,#129,.T.);
#217 = ORIENTED_EDGE('',*,*,#40,.T.);
#218 = ORIENTED_EDGE('',*,*,#219,.F.);
#219 = EDGE_CURVE('',#220,#41,#222,.T.);
#220 = VERTEX_POINT('',#221);
#221 = CARTESIAN_POINT('',(126.,-2.22044604925E-16,59.));
#222 = LINE('',#223,#224);
#223 = CARTESIAN_POINT('',(126.,-2.22044604925E-16,59.));
#224 = VECTOR('',#225,1.);
#225 = DIRECTION('',(1.,0.,0.));
#226 = ORIENTED_EDGE('',*,*,#227,.F.);
#227 = EDGE_CURVE('',#228,#220,#230,.T.);
#228 = VERTEX_POINT('',#229);
#229 = CARTESIAN_POINT('',(126.,0.,17.4));
#230 = LINE('',#231,#232);
#231 = CARTESIAN_POINT('',(126.,0.,6.));
#232 = VECTOR('',#233,1.);
#233 = DIRECTION('',(0.,0.,1.));
#234 = ORIENTED_EDGE('',*,*,#235,.F.);
#235 = EDGE_CURVE('',#236,#228,#238,.T.);
#236 = VERTEX_POINT('',#237);
#237 = CARTESIAN_POINT('',(121.6,0.,17.4));
#238 = LINE('',#239,#240);
#239 = CARTESIAN_POINT('',(124.2,0.,17.4));
#240 = VECTOR('',#241,1.);
#241 = DIRECTION('',(1.,0.,0.));
#242 = ORIENTED_EDGE('',*,*,#243,.F.);
#243 = EDGE_CURVE('',#244,#236,#246,.T.);
#244 = VERTEX_POINT('',#245);
#245 = CARTESIAN_POINT('',(121.6,0.,15.));
#246 = LINE('',#247,#248);
#247 = CARTESIAN_POINT('',(121.6,0.,15.));
#248 = VECTOR('',#249,1.);
#249 = DIRECTION('',(0.,0.,1.));
#250 = ORIENTED_EDGE('',*,*,#251,.T.);
#251 = EDGE_CURVE('',#244,#252,#254,.T.);
#252 = VERTEX_POINT('',#253);
#253 = CARTESIAN_POINT('',(124.2,0.,15.));
#254 = LINE('',#255,#256);
#255 = CARTESIAN_POINT('',(121.6,0.,15.));
#256 = VECTOR('',#257,1.);
#257 = DIRECTION('',(1.,0.,0.));
#258 = ORIENTED_EDGE('',*,*,#259,.F.);
#259 = EDGE_CURVE('',#260,#252,#262,.T.);
#260 = VERTEX_POINT('',#261);
#261 = CARTESIAN_POINT('',(124.2,0.,14.));
#262 = LINE('',#263,#264);
#263 = CARTESIAN_POINT('',(124.2,0.,8.));
#264 = VECTOR('',#265,1.);
#265 = DIRECTION('',(0.,0.,1.));
#266 = ORIENTED_EDGE('',*,*,#267,.F.);
#267 = EDGE_CURVE('',#268,#260,#270,.T.);
#268 = VERTEX_POINT('',#269);
#269 = CARTESIAN_POINT('',(17.8,0.,14.));
#270 = LINE('',#271,#272);
#271 = CARTESIAN_POINT('',(15.3,0.,14.));
#272 = VECTOR('',#273,1.);
#273 = DIRECTION('',(1.,0.,0.));
#274 = ORIENTED_EDGE('',*,*,#275,.T.);
#275 = EDGE_CURVE('',#268,#276,#278,.T.);
#276 = VERTEX_POINT('',#277);
#277 = CARTESIAN_POINT('',(17.8,0.,15.));
#278 = LINE('',#279,#280);
#279 = CARTESIAN_POINT('',(17.8,0.,8.));
#280 = VECTOR('',#281,1.);
#281 = DIRECTION('',(0.,0.,1.));
#282 = ORIENTED_EDGE('',*,*,#283,.T.);
#283 = EDGE_CURVE('',#276,#284,#286,.T.);
#284 = VERTEX_POINT('',#285);
#285 = CARTESIAN_POINT('',(20.4,0.,15.));
#286 = LINE('',#287,#288);
#287 = CARTESIAN_POINT('',(14.3,0.,15.));
#288 = VECTOR('',#289,1.);
#289 = DIRECTION('',(1.,0.,0.));
#290 = ORIENTED_EDGE('',*,*,#291,.T.);
#291 = EDGE_CURVE('',#284,#292,#294,.T.);
#292 = VERTEX_POINT('',#293);
#293 = CARTESIAN_POINT('',(20.4,0.,17.4));
#294 = LINE('',#295,#296);
#295 = CARTESIAN_POINT('',(20.4,0.,15.));
#296 = VECTOR('',#297,1.);
#297 = DIRECTION('',(0.,0.,1.));
#298 = ORIENTED_EDGE('',*,*,#299,.F.);
#299 = EDGE_CURVE('',#300,#292,#302,.T.);
#300 = VERTEX_POINT('',#301);
#301 = CARTESIAN_POINT('',(16.,0.,17.4));
#302 = LINE('',#303,#304);
#303 = CARTESIAN_POINT('',(14.3,0.,17.4));
#304 = VECTOR('',#305,1.);
#305 = DIRECTION('',(1.,0.,0.));
#306 = ORIENTED_EDGE('',*,*,#307,.T.);
#307 = EDGE_CURVE('',#300,#308,#310,.T.);
#308 = VERTEX_POINT('',#309);
#309 = CARTESIAN_POINT('',(16.,-2.22044604925E-16,59.));
#310 = LINE('',#311,#312);
#311 = CARTESIAN_POINT('',(16.,0.,6.));
#312 = VECTOR('',#313,1.);
#313 = DIRECTION('',(0.,0.,1.));
#314 = ORIENTED_EDGE('',*,*,#315,.T.);
#315 = EDGE_CURVE('',#308,#316,#318,.T.);
#316 = VERTEX_POINT('',#317);
#317 = CARTESIAN_POINT('',(10.,-2.22044604925E-16,59.));
#318 = LINE('',#319,#320);
#319 = CARTESIAN_POINT('',(16.,-2.22044604925E-16,59.));
#320 = VECTOR('',#321,1.);
#321 = DIRECTION('',(-1.,-0.,-0.));
#322 = ORIENTED_EDGE('',*,*,#323,.F.);
#323 = EDGE_CURVE('',#186,#316,#324,.T.);
#324 = LINE('',#325,#326);
#325 = CARTESIAN_POINT('',(10.,-1.7763568394E-15,6.));
#326 = VECTOR('',#327,1.);
#327 = DIRECTION('',(0.,0.,1.));
#328 = PLANE('',#329);
#329 = AXIS2_PLACEMENT_3D('',#330,#331,#332);
#330 = CARTESIAN_POINT('',(71.,-4.202428702366E-16,22.255985915493));
#331 = DIRECTION('',(-0.,-1.,-0.));
#332 = DIRECTION('',(0.,0.,-1.));
#333 = ADVANCED_FACE('',(#334),#353,.T.);
#334 = FACE_BOUND('',#335,.F.);
#335 = EDGE_LOOP('',(#336,#337,#345,#352));
#336 = ORIENTED_EDGE('',*,*,#104,.T.);
#337 = ORIENTED_EDGE('',*,*,#338,.T.);
#338 = EDGE_CURVE('',#105,#339,#341,.T.);
#339 = VERTEX_POINT('',#340);
#340 = CARTESIAN_POINT('',(141.,15.,60.));
#341 = LINE('',#342,#343);
#342 = CARTESIAN_POINT('',(141.,10.,60.));
#343 = VECTOR('',#344,1.);
#344 = DIRECTION('',(0.,1.,0.));
#345 = ORIENTED_EDGE('',*,*,#346,.F.);
#346 = EDGE_CURVE('',#73,#339,#347,.T.);
#347 = ELLIPSE('',#348,1.414213562373,1.);
#348 = AXIS2_PLACEMENT_3D('',#349,#350,#351);
#349 = CARTESIAN_POINT('',(141.,15.,59.));
#350 = DIRECTION('',(0.707106781187,-0.707106781187,0.));
#351 = DIRECTION('',(0.707106781187,0.707106781187,0.));
#352 = ORIENTED_EDGE('',*,*,#80,.F.);
#353 = CYLINDRICAL_SURFACE('',#354,1.);
#354 = AXIS2_PLACEMENT_3D('',#355,#356,#357);
#355 = CARTESIAN_POINT('',(141.,10.,59.));
#356 = DIRECTION('',(0.,1.,0.));
#357 = DIRECTION('',(1.,0.,0.));
#358 = ADVANCED_FACE('',(#359),#417,.T.);
#359 = FACE_BOUND('',#360,.T.);
#360 = EDGE_LOOP('',(#361,#369,#370,#371,#379,#387,#395,#403,#411));
#361 = ORIENTED_EDGE('',*,*,#362,.T.);
#362 = EDGE_CURVE('',#363,#73,#365,.T.);
#363 = VERTEX_POINT('',#364);
#364 = CARTESIAN_POINT('',(126.,16.,59.));
#365 = LINE('',#366,#367);
#366 = CARTESIAN_POINT('',(126.,16.,59.));
#367 = VECTOR('',#368,1.);
#368 = DIRECTION('',(1.,0.,0.));
#369 = ORIENTED_EDGE('',*,*,#72,.F.);
#370 = ORIENTED_EDGE('',*,*,#170,.F.);
#371 = ORIENTED_EDGE('',*,*,#372,.F.);
#372 = EDGE_CURVE('',#373,#163,#375,.T.);
#373 = VERTEX_POINT('',#374);
#374 = CARTESIAN_POINT('',(130.,16.,6.));
#375 = LINE('',#376,#377);
#376 = CARTESIAN_POINT('',(126.,16.,6.));
#377 = VECTOR('',#378,1.);
#378 = DIRECTION('',(1.,0.,0.));
#379 = ORIENTED_EDGE('',*,*,#380,.F.);
#380 = EDGE_CURVE('',#381,#373,#383,.T.);
#381 = VERTEX_POINT('',#382);
#382 = CARTESIAN_POINT('',(130.,16.,8.));
#383 = LINE('',#384,#385);
#384 = CARTESIAN_POINT('',(130.,16.,6.));
#385 = VECTOR('',#386,1.);
#386 = DIRECTION('',(0.,0.,-1.));
#387 = ORIENTED_EDGE('',*,*,#388,.F.);
#388 = EDGE_CURVE('',#389,#381,#391,.T.);
#389 = VERTEX_POINT('',#390);
#390 = CARTESIAN_POINT('',(127.7,16.,8.));
#391 = LINE('',#392,#393);
#392 = CARTESIAN_POINT('',(122.8,16.,8.));
#393 = VECTOR('',#394,1.);
#394 = DIRECTION('',(1.,0.,0.));
#395 = ORIENTED_EDGE('',*,*,#396,.F.);
#396 = EDGE_CURVE('',#397,#389,#399,.T.);
#397 = VERTEX_POINT('',#398);
#398 = CARTESIAN_POINT('',(127.7,16.,17.4));
#399 = LINE('',#400,#401);
#400 = CARTESIAN_POINT('',(127.7,16.,7.));
#401 = VECTOR('',#402,1.);
#402 = DIRECTION('',(0.,0.,-1.));
#403 = ORIENTED_EDGE('',*,*,#404,.F.);
#404 = EDGE_CURVE('',#405,#397,#407,.T.);
#405 = VERTEX_POINT('',#406);
#406 = CARTESIAN_POINT('',(126.,16.,17.4));
#407 = LINE('',#408,#409);
#408 = CARTESIAN_POINT('',(123.8,16.,17.4));
#409 = VECTOR('',#410,1.);
#410 = DIRECTION('',(1.,0.,0.));
#411 = ORIENTED_EDGE('',*,*,#412,.T.);
#412 = EDGE_CURVE('',#405,#363,#413,.T.);
#413 = LINE('',#414,#415);
#414 = CARTESIAN_POINT('',(126.,16.,6.));
#415 = VECTOR('',#416,1.);
#416 = DIRECTION('',(0.,0.,1.));
#417 = PLANE('',#418);
#418 = AXIS2_PLACEMENT_3D('',#419,#420,#421);
#419 = CARTESIAN_POINT('',(126.,16.,6.));
#420 = DIRECTION('',(0.,1.,0.));
#421 = DIRECTION('',(0.,0.,1.));
#422 = ADVANCED_FACE('',(#423),#442,.T.);
#423 = FACE_BOUND('',#424,.F.);
#424 = EDGE_LOOP('',(#425,#434,#440,#441));
#425 = ORIENTED_EDGE('',*,*,#426,.T.);
#426 = EDGE_CURVE('',#220,#427,#429,.T.);
#427 = VERTEX_POINT('',#428);
#428 = CARTESIAN_POINT('',(127.,1.,60.));
#429 = ELLIPSE('',#430,1.414213562373,1.);
#430 = AXIS2_PLACEMENT_3D('',#431,#432,#433);
#431 = CARTESIAN_POINT('',(127.,1.,59.));
#432 = DIRECTION('',(-0.707106781187,0.707106781187,0.));
#433 = DIRECTION('',(0.707106781187,0.707106781187,0.));
#434 = ORIENTED_EDGE('',*,*,#435,.T.);
#435 = EDGE_CURVE('',#427,#95,#436,.T.);
#436 = LINE('',#437,#438);
#437 = CARTESIAN_POINT('',(126.,1.,60.));
#438 = VECTOR('',#439,1.);
#439 = DIRECTION('',(1.,0.,0.));
#440 = ORIENTED_EDGE('',*,*,#94,.F.);
#441 = ORIENTED_EDGE('',*,*,#219,.F.);
#442 = CYLINDRICAL_SURFACE('',#443,1.);
#443 = AXIS2_PLACEMENT_3D('',#444,#445,#446);
#444 = CARTESIAN_POINT('',(126.,1.,59.));
#445 = DIRECTION('',(1.,0.,0.));
#446 = DIRECTION('',(0.,-1.,0.));
#447 = ADVANCED_FACE('',(#448,#467),#478,.T.);
#448 = FACE_BOUND('',#449,.T.);
#449 = EDGE_LOOP('',(#450,#451,#452,#453,#461));
#450 = ORIENTED_EDGE('',*,*,#435,.T.);
#451 = ORIENTED_EDGE('',*,*,#113,.T.);
#452 = ORIENTED_EDGE('',*,*,#338,.T.);
#453 = ORIENTED_EDGE('',*,*,#454,.F.);
#454 = EDGE_CURVE('',#455,#339,#457,.T.);
#455 = VERTEX_POINT('',#456);
#456 = CARTESIAN_POINT('',(127.,15.,60.));
#457 = LINE('',#458,#459);
#458 = CARTESIAN_POINT('',(126.,15.,60.));
#459 = VECTOR('',#460,1.);
#460 = DIRECTION('',(1.,0.,0.));
#461 = ORIENTED_EDGE('',*,*,#462,.F.);
#462 = EDGE_CURVE('',#427,#455,#463,.T.);
#463 = LINE('',#464,#465);
#464 = CARTESIAN_POINT('',(127.,0.,60.));
#465 = VECTOR('',#466,1.);
#466 = DIRECTION('',(0.,1.,0.));
#467 = FACE_BOUND('',#468,.T.);
#468 = EDGE_LOOP('',(#469));
#469 = ORIENTED_EDGE('',*,*,#470,.F.);
#470 = EDGE_CURVE('',#471,#471,#473,.T.);
#471 = VERTEX_POINT('',#472);
#472 = CARTESIAN_POINT('',(137.4,8.,60.));
#473 = CIRCLE('',#474,3.4);
#474 = AXIS2_PLACEMENT_3D('',#475,#476,#477);
#475 = CARTESIAN_POINT('',(134.,8.,60.));
#476 = DIRECTION('',(0.,0.,1.));
#477 = DIRECTION('',(1.,0.,0.));
#478 = PLANE('',#479);
#479 = AXIS2_PLACEMENT_3D('',#480,#481,#482);
#480 = CARTESIAN_POINT('',(126.,0.,60.));
#481 = DIRECTION('',(0.,0.,1.));
#482 = DIRECTION('',(1.,0.,0.));
#483 = ADVANCED_FACE('',(#484),#526,.F.);
#484 = FACE_BOUND('',#485,.F.);
#485 = EDGE_LOOP('',(#486,#487,#488,#496,#504,#512,#520));
#486 = ORIENTED_EDGE('',*,*,#211,.F.);
#487 = ORIENTED_EDGE('',*,*,#137,.T.);
#488 = ORIENTED_EDGE('',*,*,#489,.T.);
#489 = EDGE_CURVE('',#138,#490,#492,.T.);
#490 = VERTEX_POINT('',#491);
#491 = CARTESIAN_POINT('',(119.6,17.,6.));
#492 = LINE('',#493,#494);
#493 = CARTESIAN_POINT('',(119.6,0.,6.));
#494 = VECTOR('',#495,1.);
#495 = DIRECTION('',(0.,1.,0.));
#496 = ORIENTED_EDGE('',*,*,#497,.T.);
#497 = EDGE_CURVE('',#490,#498,#500,.T.);
#498 = VERTEX_POINT('',#499);
#499 = CARTESIAN_POINT('',(119.6,92.,6.));
#500 = LINE('',#501,#502);
#501 = CARTESIAN_POINT('',(119.6,0.,6.));
#502 = VECTOR('',#503,1.);
#503 = DIRECTION('',(0.,1.,0.));
#504 = ORIENTED_EDGE('',*,*,#505,.T.);
#505 = EDGE_CURVE('',#498,#506,#508,.T.);
#506 = VERTEX_POINT('',#507);
#507 = CARTESIAN_POINT('',(119.6,92.,8.));
#508 = LINE('',#509,#510);
#509 = CARTESIAN_POINT('',(119.6,92.,6.));
#510 = VECTOR('',#511,1.);
#511 = DIRECTION('',(0.,0.,1.));
#512 = ORIENTED_EDGE('',*,*,#513,.F.);
#513 = EDGE_CURVE('',#514,#506,#516,.T.);
#514 = VERTEX_POINT('',#515);
#515 = CARTESIAN_POINT('',(119.6,2.,8.));
#516 = LINE('',#517,#518);
#517 = CARTESIAN_POINT('',(119.6,0.,8.));
#518 = VECTOR('',#519,1.);
#519 = DIRECTION('',(0.,1.,0.));
#520 = ORIENTED_EDGE('',*,*,#521,.F.);
#521 = EDGE_CURVE('',#204,#514,#522,.T.);
#522 = LINE('',#523,#524);
#523 = CARTESIAN_POINT('',(119.6,0.,8.));
#524 = VECTOR('',#525,1.);
#525 = DIRECTION('',(0.,1.,0.));
#526 = PLANE('',#527);
#527 = AXIS2_PLACEMENT_3D('',#528,#529,#530);
#528 = CARTESIAN_POINT('',(119.6,0.,6.));
#529 = DIRECTION('',(1.,0.,0.));
#530 = DIRECTION('',(0.,0.,1.));
#531 = ADVANCED_FACE('',(#532),#575,.T.);
#532 = FACE_BOUND('',#533,.T.);
#533 = EDGE_LOOP('',(#534,#543,#544,#552,#560,#569));
#534 = ORIENTED_EDGE('',*,*,#535,.T.);
#535 = EDGE_CURVE('',#536,#146,#538,.T.);
#536 = VERTEX_POINT('',#537);
#537 = CARTESIAN_POINT('',(132.,-1.7763568394E-15,5.));
#538 = CIRCLE('',#539,1.);
#539 = AXIS2_PLACEMENT_3D('',#540,#541,#542);
#540 = CARTESIAN_POINT('',(132.,1.,5.));
#541 = DIRECTION('',(-1.,-6.123233995737E-17,0.));
#542 = DIRECTION('',(6.123233995737E-17,-1.,0.));
#543 = ORIENTED_EDGE('',*,*,#145,.T.);
#544 = ORIENTED_EDGE('',*,*,#545,.T.);
#545 = EDGE_CURVE('',#138,#546,#548,.T.);
#546 = VERTEX_POINT('',#547);
#547 = CARTESIAN_POINT('',(22.4,1.,6.));
#548 = LINE('',#549,#550);
#549 = CARTESIAN_POINT('',(132.,1.,6.));
#550 = VECTOR('',#551,1.);
#551 = DIRECTION('',(-1.,-0.,-0.));
#552 = ORIENTED_EDGE('',*,*,#553,.T.);
#553 = EDGE_CURVE('',#546,#554,#556,.T.);
#554 = VERTEX_POINT('',#555);
#555 = CARTESIAN_POINT('',(10.,1.,6.));
#556 = LINE('',#557,#558);
#557 = CARTESIAN_POINT('',(132.,1.,6.));
#558 = VECTOR('',#559,1.);
#559 = DIRECTION('',(-1.,-0.,-0.));
#560 = ORIENTED_EDGE('',*,*,#561,.F.);
#561 = EDGE_CURVE('',#562,#554,#564,.T.);
#562 = VERTEX_POINT('',#563);
#563 = CARTESIAN_POINT('',(10.,-2.22044604925E-16,5.));
#564 = CIRCLE('',#565,1.);
#565 = AXIS2_PLACEMENT_3D('',#566,#567,#568);
#566 = CARTESIAN_POINT('',(10.,1.,5.));
#567 = DIRECTION('',(-1.,0.,0.));
#568 = DIRECTION('',(0.,-1.,0.));
#569 = ORIENTED_EDGE('',*,*,#570,.F.);
#570 = EDGE_CURVE('',#536,#562,#571,.T.);
#571 = LINE('',#572,#573);
#572 = CARTESIAN_POINT('',(132.,-2.22044604925E-16,5.));
#573 = VECTOR('',#574,1.);
#574 = DIRECTION('',(-1.,-0.,-0.));
#575 = CYLINDRICAL_SURFACE('',#576,1.);
#576 = AXIS2_PLACEMENT_3D('',#577,#578,#579);
#577 = CARTESIAN_POINT('',(132.,1.,5.));
#578 = DIRECTION('',(-1.,-0.,-0.));
#579 = DIRECTION('',(0.,-1.,0.));
#580 = ADVANCED_FACE('',(#581),#601,.T.);
#581 = FACE_BOUND('',#582,.F.);
#582 = EDGE_LOOP('',(#583,#592,#599,#600));
#583 = ORIENTED_EDGE('',*,*,#584,.F.);
#584 = EDGE_CURVE('',#585,#154,#587,.T.);
#585 = VERTEX_POINT('',#586);
#586 = CARTESIAN_POINT('',(142.,10.,5.));
#587 = CIRCLE('',#588,1.);
#588 = AXIS2_PLACEMENT_3D('',#589,#590,#591);
#589 = CARTESIAN_POINT('',(141.,10.,5.));
#590 = DIRECTION('',(0.,-1.,0.));
#591 = DIRECTION('',(1.,0.,0.));
#592 = ORIENTED_EDGE('',*,*,#593,.T.);
#593 = EDGE_CURVE('',#585,#536,#594,.T.);
#594 = CIRCLE('',#595,10.);
#595 = AXIS2_PLACEMENT_3D('',#596,#597,#598);
#596 = CARTESIAN_POINT('',(132.,10.,5.));
#597 = DIRECTION('',(0.,0.,-1.));
#598 = DIRECTION('',(1.,0.,0.));
#599 = ORIENTED_EDGE('',*,*,#535,.T.);
#600 = ORIENTED_EDGE('',*,*,#153,.F.);
#601 = TOROIDAL_SURFACE('',#602,9.,1.);
#602 = AXIS2_PLACEMENT_3D('',#603,#604,#605);
#603 = CARTESIAN_POINT('',(132.,10.,5.));
#604 = DIRECTION('',(0.,0.,1.));
#605 = DIRECTION('',(1.,0.,0.));
#606 = ADVANCED_FACE('',(#607),#642,.T.);
#607 = FACE_BOUND('',#608,.T.);
#608 = EDGE_LOOP('',(#609,#620,#628,#634,#635,#636));
#609 = ORIENTED_EDGE('',*,*,#610,.T.);
#610 = EDGE_CURVE('',#611,#613,#615,.T.);
#611 = VERTEX_POINT('',#612);
#612 = CARTESIAN_POINT('',(142.,122.,5.));
#613 = VERTEX_POINT('',#614);
#614 = CARTESIAN_POINT('',(141.,122.,6.));
#615 = CIRCLE('',#616,1.);
#616 = AXIS2_PLACEMENT_3D('',#617,#618,#619);
#617 = CARTESIAN_POINT('',(141.,122.,5.));
#618 = DIRECTION('',(6.123233995737E-17,-1.,0.));
#619 = DIRECTION('',(1.,6.123233995737E-17,0.));
#620 = ORIENTED_EDGE('',*,*,#621,.T.);
#621 = EDGE_CURVE('',#613,#622,#624,.T.);
#622 = VERTEX_POINT('',#623);
#623 = CARTESIAN_POINT('',(141.,116.,6.));
#624 = LINE('',#625,#626);
#625 = CARTESIAN_POINT('',(141.,122.,6.));
#626 = VECTOR('',#627,1.);
#627 = DIRECTION('',(-0.,-1.,-0.));
#628 = ORIENTED_EDGE('',*,*,#629,.T.);
#629 = EDGE_CURVE('',#622,#163,#630,.T.);
#630 = LINE('',#631,#632);
#631 = CARTESIAN_POINT('',(141.,122.,6.));
#632 = VECTOR('',#633,1.);
#633 = DIRECTION('',(-0.,-1.,-0.));
#634 = ORIENTED_EDGE('',*,*,#162,.T.);
#635 = ORIENTED_EDGE('',*,*,#584,.F.);
#636 = ORIENTED_EDGE('',*,*,#637,.F.);
#637 = EDGE_CURVE('',#611,#585,#638,.T.);
#638 = LINE('',#639,#640);
#639 = CARTESIAN_POINT('',(142.,122.,5.));
#640 = VECTOR('',#641,1.);
#641 = DIRECTION('',(-0.,-1.,-0.));
#642 = CYLINDRICAL_SURFACE('',#643,1.);
#643 = AXIS2_PLACEMENT_3D('',#644,#645,#646);
#644 = CARTESIAN_POINT('',(141.,122.,5.));
#645 = DIRECTION('',(-0.,-1.,-0.));
#646 = DIRECTION('',(1.,0.,0.));
#647 = ADVANCED_FACE('',(#648),#698,.T.);
#648 = FACE_BOUND('',#649,.T.);
#649 = EDGE_LOOP('',(#650,#651,#657,#658,#667,#675,#683,#691));
#650 = ORIENTED_EDGE('',*,*,#553,.F.);
#651 = ORIENTED_EDGE('',*,*,#652,.F.);
#652 = EDGE_CURVE('',#188,#546,#653,.T.);
#653 = LINE('',#654,#655);
#654 = CARTESIAN_POINT('',(22.4,0.,6.));
#655 = VECTOR('',#656,1.);
#656 = DIRECTION('',(0.,1.,0.));
#657 = ORIENTED_EDGE('',*,*,#185,.F.);
#658 = ORIENTED_EDGE('',*,*,#659,.F.);
#659 = EDGE_CURVE('',#660,#186,#662,.T.);
#660 = VERTEX_POINT('',#661);
#661 = CARTESIAN_POINT('',(-1.7763568394E-15,10.,6.));
#662 = CIRCLE('',#663,10.);
#663 = AXIS2_PLACEMENT_3D('',#664,#665,#666);
#664 = CARTESIAN_POINT('',(10.,10.,6.));
#665 = DIRECTION('',(-0.,0.,1.));
#666 = DIRECTION('',(0.,-1.,0.));
#667 = ORIENTED_EDGE('',*,*,#668,.T.);
#668 = EDGE_CURVE('',#660,#669,#671,.T.);
#669 = VERTEX_POINT('',#670);
#670 = CARTESIAN_POINT('',(0.,16.,6.));
#671 = LINE('',#672,#673);
#672 = CARTESIAN_POINT('',(0.,0.,6.));
#673 = VECTOR('',#674,1.);
#674 = DIRECTION('',(0.,1.,0.));
#675 = ORIENTED_EDGE('',*,*,#676,.T.);
#676 = EDGE_CURVE('',#669,#677,#679,.T.);
#677 = VERTEX_POINT('',#678);
#678 = CARTESIAN_POINT('',(1.,16.,6.));
#679 = LINE('',#680,#681);
#680 = CARTESIAN_POINT('',(0.,16.,6.));
#681 = VECTOR('',#682,1.);
#682 = DIRECTION('',(1.,0.,0.));
#683 = ORIENTED_EDGE('',*,*,#684,.F.);
#684 = EDGE_CURVE('',#685,#677,#687,.T.);
#685 = VERTEX_POINT('',#686);
#686 = CARTESIAN_POINT('',(1.,10.,6.));
#687 = LINE('',#688,#689);
#688 = CARTESIAN_POINT('',(1.,10.,6.));
#689 = VECTOR('',#690,1.);
#690 = DIRECTION('',(0.,1.,0.));
#691 = ORIENTED_EDGE('',*,*,#692,.F.);
#692 = EDGE_CURVE('',#554,#685,#693,.T.);
#693 = CIRCLE('',#694,9.);
#694 = AXIS2_PLACEMENT_3D('',#695,#696,#697);
#695 = CARTESIAN_POINT('',(10.,10.,6.));
#696 = DIRECTION('',(-0.,0.,-1.));
#697 = DIRECTION('',(-1.7763568394E-16,-1.,0.));
#698 = PLANE('',#699);
#699 = AXIS2_PLACEMENT_3D('',#700,#701,#702);
#700 = CARTESIAN_POINT('',(8.064975384086,4.467015283844,6.));
#701 = DIRECTION('',(-0.,-0.,-1.));
#702 = DIRECTION('',(-1.,0.,0.));
#703 = ADVANCED_FACE('',(#704),#746,.T.);
#704 = FACE_BOUND('',#705,.T.);
#705 = EDGE_LOOP('',(#706,#707,#708,#716,#724,#732,#740));
#706 = ORIENTED_EDGE('',*,*,#195,.F.);
#707 = ORIENTED_EDGE('',*,*,#652,.T.);
#708 = ORIENTED_EDGE('',*,*,#709,.T.);
#709 = EDGE_CURVE('',#546,#710,#712,.T.);
#710 = VERTEX_POINT('',#711);
#711 = CARTESIAN_POINT('',(22.4,17.,6.));
#712 = LINE('',#713,#714);
#713 = CARTESIAN_POINT('',(22.4,0.,6.));
#714 = VECTOR('',#715,1.);
#715 = DIRECTION('',(0.,1.,0.));
#716 = ORIENTED_EDGE('',*,*,#717,.T.);
#717 = EDGE_CURVE('',#710,#718,#720,.T.);
#718 = VERTEX_POINT('',#719);
#719 = CARTESIAN_POINT('',(22.4,92.,6.));
#720 = LINE('',#721,#722);
#721 = CARTESIAN_POINT('',(22.4,0.,6.));
#722 = VECTOR('',#723,1.);
#723 = DIRECTION('',(0.,1.,0.));
#724 = ORIENTED_EDGE('',*,*,#725,.T.);
#725 = EDGE_CURVE('',#718,#726,#728,.T.);
#726 = VERTEX_POINT('',#727);
#727 = CARTESIAN_POINT('',(22.4,92.,8.));
#728 = LINE('',#729,#730);
#729 = CARTESIAN_POINT('',(22.4,92.,6.));
#730 = VECTOR('',#731,1.);
#731 = DIRECTION('',(0.,0.,1.));
#732 = ORIENTED_EDGE('',*,*,#733,.F.);
#733 = EDGE_CURVE('',#734,#726,#736,.T.);
#734 = VERTEX_POINT('',#735);
#735 = CARTESIAN_POINT('',(22.4,2.,8.));
#736 = LINE('',#737,#738);
#737 = CARTESIAN_POINT('',(22.4,0.,8.));
#738 = VECTOR('',#739,1.);
#739 = DIRECTION('',(0.,1.,0.));
#740 = ORIENTED_EDGE('',*,*,#741,.F.);
#741 = EDGE_CURVE('',#196,#734,#742,.T.);
#742 = LINE('',#743,#744);
#743 = CARTESIAN_POINT('',(22.4,0.,8.));
#744 = VECTOR('',#745,1.);
#745 = DIRECTION('',(0.,1.,0.));
#746 = PLANE('',#747);
#747 = AXIS2_PLACEMENT_3D('',#748,#749,#750);
#748 = CARTESIAN_POINT('',(22.4,0.,6.));
#749 = DIRECTION('',(1.,0.,0.));
#750 = DIRECTION('',(0.,0.,1.));
#751 = ADVANCED_FACE('',(#752),#763,.F.);
#752 = FACE_BOUND('',#753,.F.);
#753 = EDGE_LOOP('',(#754,#755,#756,#757));
#754 = ORIENTED_EDGE('',*,*,#741,.F.);
#755 = ORIENTED_EDGE('',*,*,#203,.T.);
#756 = ORIENTED_EDGE('',*,*,#521,.T.);
#757 = ORIENTED_EDGE('',*,*,#758,.F.);
#758 = EDGE_CURVE('',#734,#514,#759,.T.);
#759 = LINE('',#760,#761);
#760 = CARTESIAN_POINT('',(15.3,2.,8.));
#761 = VECTOR('',#762,1.);
#762 = DIRECTION('',(1.,0.,0.));
#763 = PLANE('',#764);
#764 = AXIS2_PLACEMENT_3D('',#765,#766,#767);
#765 = CARTESIAN_POINT('',(15.3,0.,8.));
#766 = DIRECTION('',(0.,0.,1.));
#767 = DIRECTION('',(1.,0.,0.));
#768 = ADVANCED_FACE('',(#769),#785,.F.);
#769 = FACE_BOUND('',#770,.F.);
#770 = EDGE_LOOP('',(#771,#772,#778,#779));
#771 = ORIENTED_EDGE('',*,*,#227,.F.);
#772 = ORIENTED_EDGE('',*,*,#773,.F.);
#773 = EDGE_CURVE('',#405,#228,#774,.T.);
#774 = LINE('',#775,#776);
#775 = CARTESIAN_POINT('',(126.,0.,17.4));
#776 = VECTOR('',#777,1.);
#777 = DIRECTION('',(0.,-1.,0.));
#778 = ORIENTED_EDGE('',*,*,#412,.T.);
#779 = ORIENTED_EDGE('',*,*,#780,.F.);
#780 = EDGE_CURVE('',#220,#363,#781,.T.);
#781 = LINE('',#782,#783);
#782 = CARTESIAN_POINT('',(126.,0.,59.));
#783 = VECTOR('',#784,1.);
#784 = DIRECTION('',(0.,1.,0.));
#785 = PLANE('',#786);
#786 = AXIS2_PLACEMENT_3D('',#787,#788,#789);
#787 = CARTESIAN_POINT('',(126.,0.,6.));
#788 = DIRECTION('',(1.,0.,0.));
#789 = DIRECTION('',(0.,0.,1.));
#790 = ADVANCED_FACE('',(#791),#850,.T.);
#791 = FACE_BOUND('',#792,.T.);
#792 = EDGE_LOOP('',(#793,#803,#809,#810,#811,#812,#820,#828,#836,#844)
  );
#793 = ORIENTED_EDGE('',*,*,#794,.F.);
#794 = EDGE_CURVE('',#795,#797,#799,.T.);
#795 = VERTEX_POINT('',#796);
#796 = CARTESIAN_POINT('',(121.6,92.,17.4));
#797 = VERTEX_POINT('',#798);
#798 = CARTESIAN_POINT('',(122.9,92.,17.4));
#799 = LINE('',#800,#801);
#800 = CARTESIAN_POINT('',(124.2,92.,17.4));
#801 = VECTOR('',#802,1.);
#802 = DIRECTION('',(1.,0.,0.));
#803 = ORIENTED_EDGE('',*,*,#804,.F.);
#804 = EDGE_CURVE('',#236,#795,#805,.T.);
#805 = LINE('',#806,#807);
#806 = CARTESIAN_POINT('',(121.6,0.,17.4));
#807 = VECTOR('',#808,1.);
#808 = DIRECTION('',(0.,1.,0.));
#809 = ORIENTED_EDGE('',*,*,#235,.T.);
#810 = ORIENTED_EDGE('',*,*,#773,.F.);
#811 = ORIENTED_EDGE('',*,*,#404,.T.);
#812 = ORIENTED_EDGE('',*,*,#813,.T.);
#813 = EDGE_CURVE('',#397,#814,#816,.T.);
#814 = VERTEX_POINT('',#815);
#815 = CARTESIAN_POINT('',(127.7,92.,17.4));
#816 = LINE('',#817,#818);
#817 = CARTESIAN_POINT('',(127.7,0.,17.4));
#818 = VECTOR('',#819,1.);
#819 = DIRECTION('',(0.,1.,0.));
#820 = ORIENTED_EDGE('',*,*,#821,.F.);
#821 = EDGE_CURVE('',#822,#814,#824,.T.);
#822 = VERTEX_POINT('',#823);
#823 = CARTESIAN_POINT('',(124.5,92.,17.4));
#824 = LINE('',#825,#826);
#825 = CARTESIAN_POINT('',(124.2,92.,17.4));
#826 = VECTOR('',#827,1.);
#827 = DIRECTION('',(1.,0.,0.));
#828 = ORIENTED_EDGE('',*,*,#829,.F.);
#829 = EDGE_CURVE('',#830,#822,#832,.T.);
#830 = VERTEX_POINT('',#831);
#831 = CARTESIAN_POINT('',(124.5,83.7,17.4));
#832 = LINE('',#833,#834);
#833 = CARTESIAN_POINT('',(124.5,64.919317023445,17.4));
#834 = VECTOR('',#835,1.);
#835 = DIRECTION('',(0.,1.,0.));
#836 = ORIENTED_EDGE('',*,*,#837,.T.);
#837 = EDGE_CURVE('',#830,#838,#840,.T.);
#838 = VERTEX_POINT('',#839);
#839 = CARTESIAN_POINT('',(122.9,83.7,17.4));
#840 = LINE('',#841,#842);
#841 = CARTESIAN_POINT('',(123.70568297655,83.7,17.4));
#842 = VECTOR('',#843,1.);
#843 = DIRECTION('',(-1.,0.,0.));
#844 = ORIENTED_EDGE('',*,*,#845,.T.);
#845 = EDGE_CURVE('',#838,#797,#846,.T.);
#846 = LINE('',#847,#848);
#847 = CARTESIAN_POINT('',(122.9,64.919317023445,17.4));
#848 = VECTOR('',#849,1.);
#849 = DIRECTION('',(0.,1.,0.));
#850 = PLANE('',#851);
#851 = AXIS2_PLACEMENT_3D('',#852,#853,#854);
#852 = CARTESIAN_POINT('',(124.5113659531,46.138634046891,17.4));
#853 = DIRECTION('',(0.,0.,1.));
#854 = DIRECTION('',(1.,0.,0.));
#855 = ADVANCED_FACE('',(#856),#874,.F.);
#856 = FACE_BOUND('',#857,.F.);
#857 = EDGE_LOOP('',(#858,#859,#867,#873));
#858 = ORIENTED_EDGE('',*,*,#243,.F.);
#859 = ORIENTED_EDGE('',*,*,#860,.T.);
#860 = EDGE_CURVE('',#244,#861,#863,.T.);
#861 = VERTEX_POINT('',#862);
#862 = CARTESIAN_POINT('',(121.6,92.,15.));
#863 = LINE('',#864,#865);
#864 = CARTESIAN_POINT('',(121.6,0.,15.));
#865 = VECTOR('',#866,1.);
#866 = DIRECTION('',(0.,1.,0.));
#867 = ORIENTED_EDGE('',*,*,#868,.T.);
#868 = EDGE_CURVE('',#861,#795,#869,.T.);
#869 = LINE('',#870,#871);
#870 = CARTESIAN_POINT('',(121.6,92.,15.));
#871 = VECTOR('',#872,1.);
#872 = DIRECTION('',(0.,0.,1.));
#873 = ORIENTED_EDGE('',*,*,#804,.F.);
#874 = PLANE('',#875);
#875 = AXIS2_PLACEMENT_3D('',#876,#877,#878);
#876 = CARTESIAN_POINT('',(121.6,0.,15.));
#877 = DIRECTION('',(1.,0.,0.));
#878 = DIRECTION('',(0.,0.,1.));
#879 = ADVANCED_FACE('',(#880),#914,.F.);
#880 = FACE_BOUND('',#881,.F.);
#881 = EDGE_LOOP('',(#882,#890,#891,#892,#900,#908));
#882 = ORIENTED_EDGE('',*,*,#883,.F.);
#883 = EDGE_CURVE('',#861,#884,#886,.T.);
#884 = VERTEX_POINT('',#885);
#885 = CARTESIAN_POINT('',(122.9,92.,15.));
#886 = LINE('',#887,#888);
#887 = CARTESIAN_POINT('',(121.6,92.,15.));
#888 = VECTOR('',#889,1.);
#889 = DIRECTION('',(1.,0.,0.));
#890 = ORIENTED_EDGE('',*,*,#860,.F.);
#891 = ORIENTED_EDGE('',*,*,#251,.T.);
#892 = ORIENTED_EDGE('',*,*,#893,.F.);
#893 = EDGE_CURVE('',#894,#252,#896,.T.);
#894 = VERTEX_POINT('',#895);
#895 = CARTESIAN_POINT('',(124.2,83.7,15.));
#896 = LINE('',#897,#898);
#897 = CARTESIAN_POINT('',(124.2,0.,15.));
#898 = VECTOR('',#899,1.);
#899 = DIRECTION('',(0.,-1.,0.));
#900 = ORIENTED_EDGE('',*,*,#901,.T.);
#901 = EDGE_CURVE('',#894,#902,#904,.T.);
#902 = VERTEX_POINT('',#903);
#903 = CARTESIAN_POINT('',(122.9,83.7,15.));
#904 = LINE('',#905,#906);
#905 = CARTESIAN_POINT('',(122.25,83.7,15.));
#906 = VECTOR('',#907,1.);
#907 = DIRECTION('',(-1.,0.,0.));
#908 = ORIENTED_EDGE('',*,*,#909,.T.);
#909 = EDGE_CURVE('',#902,#884,#910,.T.);
#910 = LINE('',#911,#912);
#911 = CARTESIAN_POINT('',(122.9,41.85,15.));
#912 = VECTOR('',#913,1.);
#913 = DIRECTION('',(0.,1.,0.));
#914 = PLANE('',#915);
#915 = AXIS2_PLACEMENT_3D('',#916,#917,#918);
#916 = CARTESIAN_POINT('',(121.6,0.,15.));
#917 = DIRECTION('',(0.,0.,1.));
#918 = DIRECTION('',(1.,0.,0.));
#919 = ADVANCED_FACE('',(#920),#970,.F.);
#920 = FACE_BOUND('',#921,.F.);
#921 = EDGE_LOOP('',(#922,#923,#931,#939,#947,#955,#963,#969));
#922 = ORIENTED_EDGE('',*,*,#259,.F.);
#923 = ORIENTED_EDGE('',*,*,#924,.F.);
#924 = EDGE_CURVE('',#925,#260,#927,.T.);
#925 = VERTEX_POINT('',#926);
#926 = CARTESIAN_POINT('',(124.2,2.,14.));
#927 = LINE('',#928,#929);
#928 = CARTESIAN_POINT('',(124.2,0.,14.));
#929 = VECTOR('',#930,1.);
#930 = DIRECTION('',(0.,-1.,0.));
#931 = ORIENTED_EDGE('',*,*,#932,.F.);
#932 = EDGE_CURVE('',#933,#925,#935,.T.);
#933 = VERTEX_POINT('',#934);
#934 = CARTESIAN_POINT('',(124.2,2.,8.));
#935 = LINE('',#936,#937);
#936 = CARTESIAN_POINT('',(124.2,2.,8.));
#937 = VECTOR('',#938,1.);
#938 = DIRECTION('',(0.,0.,1.));
#939 = ORIENTED_EDGE('',*,*,#940,.T.);
#940 = EDGE_CURVE('',#933,#941,#943,.T.);
#941 = VERTEX_POINT('',#942);
#942 = CARTESIAN_POINT('',(124.2,92.,8.));
#943 = LINE('',#944,#945);
#944 = CARTESIAN_POINT('',(124.2,0.,8.));
#945 = VECTOR('',#946,1.);
#946 = DIRECTION('',(0.,1.,0.));
#947 = ORIENTED_EDGE('',*,*,#948,.T.);
#948 = EDGE_CURVE('',#941,#949,#951,.T.);
#949 = VERTEX_POINT('',#950);
#950 = CARTESIAN_POINT('',(124.2,92.,14.9));
#951 = LINE('',#952,#953);
#952 = CARTESIAN_POINT('',(124.2,92.,8.));
#953 = VECTOR('',#954,1.);
#954 = DIRECTION('',(0.,0.,1.));
#955 = ORIENTED_EDGE('',*,*,#956,.T.);
#956 = EDGE_CURVE('',#949,#957,#959,.T.);
#957 = VERTEX_POINT('',#958);
#958 = CARTESIAN_POINT('',(124.2,83.7,14.9));
#959 = LINE('',#960,#961);
#960 = CARTESIAN_POINT('',(124.2,41.85,14.9));
#961 = VECTOR('',#962,1.);
#962 = DIRECTION('',(0.,-1.,0.));
#963 = ORIENTED_EDGE('',*,*,#964,.T.);
#964 = EDGE_CURVE('',#957,#894,#965,.T.);
#965 = LINE('',#966,#967);
#966 = CARTESIAN_POINT('',(124.2,83.7,11.45));
#967 = VECTOR('',#968,1.);
#968 = DIRECTION('',(0.,0.,1.));
#969 = ORIENTED_EDGE('',*,*,#893,.T.);
#970 = PLANE('',#971);
#971 = AXIS2_PLACEMENT_3D('',#972,#973,#974);
#972 = CARTESIAN_POINT('',(124.2,0.,8.));
#973 = DIRECTION('',(1.,0.,0.));
#974 = DIRECTION('',(0.,0.,1.));
#975 = ADVANCED_FACE('',(#976),#994,.T.);
#976 = FACE_BOUND('',#977,.T.);
#977 = EDGE_LOOP('',(#978,#986,#987,#988));
#978 = ORIENTED_EDGE('',*,*,#979,.T.);
#979 = EDGE_CURVE('',#980,#268,#982,.T.);
#980 = VERTEX_POINT('',#981);
#981 = CARTESIAN_POINT('',(17.8,2.,14.));
#982 = LINE('',#983,#984);
#983 = CARTESIAN_POINT('',(17.8,0.,14.));
#984 = VECTOR('',#985,1.);
#985 = DIRECTION('',(0.,-1.,0.));
#986 = ORIENTED_EDGE('',*,*,#267,.T.);
#987 = ORIENTED_EDGE('',*,*,#924,.F.);
#988 = ORIENTED_EDGE('',*,*,#989,.F.);
#989 = EDGE_CURVE('',#980,#925,#990,.T.);
#990 = LINE('',#991,#992);
#991 = CARTESIAN_POINT('',(15.3,2.,14.));
#992 = VECTOR('',#993,1.);
#993 = DIRECTION('',(1.,0.,0.));
#994 = PLANE('',#995);
#995 = AXIS2_PLACEMENT_3D('',#996,#997,#998);
#996 = CARTESIAN_POINT('',(15.3,0.,14.));
#997 = DIRECTION('',(0.,0.,1.));
#998 = DIRECTION('',(1.,0.,0.));
#999 = ADVANCED_FACE('',(#1000),#1050,.T.);
#1000 = FACE_BOUND('',#1001,.T.);
#1001 = EDGE_LOOP('',(#1002,#1003,#1004,#1012,#1020,#1028,#1036,#1044));
#1002 = ORIENTED_EDGE('',*,*,#275,.F.);
#1003 = ORIENTED_EDGE('',*,*,#979,.F.);
#1004 = ORIENTED_EDGE('',*,*,#1005,.F.);
#1005 = EDGE_CURVE('',#1006,#980,#1008,.T.);
#1006 = VERTEX_POINT('',#1007);
#1007 = CARTESIAN_POINT('',(17.8,2.,8.));
#1008 = LINE('',#1009,#1010);
#1009 = CARTESIAN_POINT('',(17.8,2.,8.));
#1010 = VECTOR('',#1011,1.);
#1011 = DIRECTION('',(0.,0.,1.));
#1012 = ORIENTED_EDGE('',*,*,#1013,.T.);
#1013 = EDGE_CURVE('',#1006,#1014,#1016,.T.);
#1014 = VERTEX_POINT('',#1015);
#1015 = CARTESIAN_POINT('',(17.8,92.,8.));
#1016 = LINE('',#1017,#1018);
#1017 = CARTESIAN_POINT('',(17.8,0.,8.));
#1018 = VECTOR('',#1019,1.);
#1019 = DIRECTION('',(0.,1.,0.));
#1020 = ORIENTED_EDGE('',*,*,#1021,.T.);
#1021 = EDGE_CURVE('',#1014,#1022,#1024,.T.);
#1022 = VERTEX_POINT('',#1023);
#1023 = CARTESIAN_POINT('',(17.8,92.,14.9));
#1024 = LINE('',#1025,#1026);
#1025 = CARTESIAN_POINT('',(17.8,92.,8.));
#1026 = VECTOR('',#1027,1.);
#1027 = DIRECTION('',(0.,0.,1.));
#1028 = ORIENTED_EDGE('',*,*,#1029,.T.);
#1029 = EDGE_CURVE('',#1022,#1030,#1032,.T.);
#1030 = VERTEX_POINT('',#1031);
#1031 = CARTESIAN_POINT('',(17.8,83.7,14.9));
#1032 = LINE('',#1033,#1034);
#1033 = CARTESIAN_POINT('',(17.8,41.85,14.9));
#1034 = VECTOR('',#1035,1.);
#1035 = DIRECTION('',(0.,-1.,0.));
#1036 = ORIENTED_EDGE('',*,*,#1037,.T.);
#1037 = EDGE_CURVE('',#1030,#1038,#1040,.T.);
#1038 = VERTEX_POINT('',#1039);
#1039 = CARTESIAN_POINT('',(17.8,83.7,15.));
#1040 = LINE('',#1041,#1042);
#1041 = CARTESIAN_POINT('',(17.8,83.7,11.45));
#1042 = VECTOR('',#1043,1.);
#1043 = DIRECTION('',(0.,0.,1.));
#1044 = ORIENTED_EDGE('',*,*,#1045,.T.);
#1045 = EDGE_CURVE('',#1038,#276,#1046,.T.);
#1046 = LINE('',#1047,#1048);
#1047 = CARTESIAN_POINT('',(17.8,0.,15.));
#1048 = VECTOR('',#1049,1.);
#1049 = DIRECTION('',(0.,-1.,0.));
#1050 = PLANE('',#1051);
#1051 = AXIS2_PLACEMENT_3D('',#1052,#1053,#1054);
#1052 = CARTESIAN_POINT('',(17.8,0.,8.));
#1053 = DIRECTION('',(1.,0.,0.));
#1054 = DIRECTION('',(0.,0.,1.));
#1055 = ADVANCED_FACE('',(#1056),#1090,.F.);
#1056 = FACE_BOUND('',#1057,.F.);
#1057 = EDGE_LOOP('',(#1058,#1066,#1067,#1068,#1076,#1084));
#1058 = ORIENTED_EDGE('',*,*,#1059,.T.);
#1059 = EDGE_CURVE('',#1060,#1038,#1062,.T.);
#1060 = VERTEX_POINT('',#1061);
#1061 = CARTESIAN_POINT('',(19.1,83.7,15.));
#1062 = LINE('',#1063,#1064);
#1063 = CARTESIAN_POINT('',(15.9,83.7,15.));
#1064 = VECTOR('',#1065,1.);
#1065 = DIRECTION('',(-1.,0.,0.));
#1066 = ORIENTED_EDGE('',*,*,#1045,.T.);
#1067 = ORIENTED_EDGE('',*,*,#283,.T.);
#1068 = ORIENTED_EDGE('',*,*,#1069,.T.);
#1069 = EDGE_CURVE('',#284,#1070,#1072,.T.);
#1070 = VERTEX_POINT('',#1071);
#1071 = CARTESIAN_POINT('',(20.4,92.,15.));
#1072 = LINE('',#1073,#1074);
#1073 = CARTESIAN_POINT('',(20.4,0.,15.));
#1074 = VECTOR('',#1075,1.);
#1075 = DIRECTION('',(0.,1.,0.));
#1076 = ORIENTED_EDGE('',*,*,#1077,.F.);
#1077 = EDGE_CURVE('',#1078,#1070,#1080,.T.);
#1078 = VERTEX_POINT('',#1079);
#1079 = CARTESIAN_POINT('',(19.1,92.,15.));
#1080 = LINE('',#1081,#1082);
#1081 = CARTESIAN_POINT('',(14.3,92.,15.));
#1082 = VECTOR('',#1083,1.);
#1083 = DIRECTION('',(1.,0.,0.));
#1084 = ORIENTED_EDGE('',*,*,#1085,.F.);
#1085 = EDGE_CURVE('',#1060,#1078,#1086,.T.);
#1086 = LINE('',#1087,#1088);
#1087 = CARTESIAN_POINT('',(19.1,41.85,15.));
#1088 = VECTOR('',#1089,1.);
#1089 = DIRECTION('',(0.,1.,0.));
#1090 = PLANE('',#1091);
#1091 = AXIS2_PLACEMENT_3D('',#1092,#1093,#1094);
#1092 = CARTESIAN_POINT('',(14.3,0.,15.));
#1093 = DIRECTION('',(0.,0.,1.));
#1094 = DIRECTION('',(1.,0.,0.));
#1095 = ADVANCED_FACE('',(#1096),#1114,.T.);
#1096 = FACE_BOUND('',#1097,.T.);
#1097 = EDGE_LOOP('',(#1098,#1099,#1100,#1108));
#1098 = ORIENTED_EDGE('',*,*,#291,.F.);
#1099 = ORIENTED_EDGE('',*,*,#1069,.T.);
#1100 = ORIENTED_EDGE('',*,*,#1101,.T.);
#1101 = EDGE_CURVE('',#1070,#1102,#1104,.T.);
#1102 = VERTEX_POINT('',#1103);
#1103 = CARTESIAN_POINT('',(20.4,92.,17.4));
#1104 = LINE('',#1105,#1106);
#1105 = CARTESIAN_POINT('',(20.4,92.,15.));
#1106 = VECTOR('',#1107,1.);
#1107 = DIRECTION('',(0.,0.,1.));
#1108 = ORIENTED_EDGE('',*,*,#1109,.F.);
#1109 = EDGE_CURVE('',#292,#1102,#1110,.T.);
#1110 = LINE('',#1111,#1112);
#1111 = CARTESIAN_POINT('',(20.4,0.,17.4));
#1112 = VECTOR('',#1113,1.);
#1113 = DIRECTION('',(0.,1.,0.));
#1114 = PLANE('',#1115);
#1115 = AXIS2_PLACEMENT_3D('',#1116,#1117,#1118);
#1116 = CARTESIAN_POINT('',(20.4,0.,15.));
#1117 = DIRECTION('',(1.,0.,0.));
#1118 = DIRECTION('',(0.,0.,1.));
#1119 = ADVANCED_FACE('',(#1120),#1186,.T.);
#1120 = FACE_BOUND('',#1121,.T.);
#1121 = EDGE_LOOP('',(#1122,#1132,#1140,#1146,#1147,#1148,#1156,#1164,
    #1172,#1180));
#1122 = ORIENTED_EDGE('',*,*,#1123,.F.);
#1123 = EDGE_CURVE('',#1124,#1126,#1128,.T.);
#1124 = VERTEX_POINT('',#1125);
#1125 = CARTESIAN_POINT('',(14.3,16.,17.4));
#1126 = VERTEX_POINT('',#1127);
#1127 = CARTESIAN_POINT('',(14.3,92.,17.4));
#1128 = LINE('',#1129,#1130);
#1129 = CARTESIAN_POINT('',(14.3,0.,17.4));
#1130 = VECTOR('',#1131,1.);
#1131 = DIRECTION('',(0.,1.,0.));
#1132 = ORIENTED_EDGE('',*,*,#1133,.T.);
#1133 = EDGE_CURVE('',#1124,#1134,#1136,.T.);
#1134 = VERTEX_POINT('',#1135);
#1135 = CARTESIAN_POINT('',(16.,16.,17.4));
#1136 = LINE('',#1137,#1138);
#1137 = CARTESIAN_POINT('',(7.15,16.,17.4));
#1138 = VECTOR('',#1139,1.);
#1139 = DIRECTION('',(1.,0.,0.));
#1140 = ORIENTED_EDGE('',*,*,#1141,.T.);
#1141 = EDGE_CURVE('',#1134,#300,#1142,.T.);
#1142 = LINE('',#1143,#1144);
#1143 = CARTESIAN_POINT('',(16.,0.,17.4));
#1144 = VECTOR('',#1145,1.);
#1145 = DIRECTION('',(0.,-1.,0.));
#1146 = ORIENTED_EDGE('',*,*,#299,.T.);
#1147 = ORIENTED_EDGE('',*,*,#1109,.T.);
#1148 = ORIENTED_EDGE('',*,*,#1149,.F.);
#1149 = EDGE_CURVE('',#1150,#1102,#1152,.T.);
#1150 = VERTEX_POINT('',#1151);
#1151 = CARTESIAN_POINT('',(19.1,92.,17.4));
#1152 = LINE('',#1153,#1154);
#1153 = CARTESIAN_POINT('',(14.3,92.,17.4));
#1154 = VECTOR('',#1155,1.);
#1155 = DIRECTION('',(1.,0.,0.));
#1156 = ORIENTED_EDGE('',*,*,#1157,.F.);
#1157 = EDGE_CURVE('',#1158,#1150,#1160,.T.);
#1158 = VERTEX_POINT('',#1159);
#1159 = CARTESIAN_POINT('',(19.1,83.7,17.4));
#1160 = LINE('',#1161,#1162);
#1161 = CARTESIAN_POINT('',(19.1,64.919317023445,17.4));
#1162 = VECTOR('',#1163,1.);
#1163 = DIRECTION('',(0.,1.,0.));
#1164 = ORIENTED_EDGE('',*,*,#1165,.T.);
#1165 = EDGE_CURVE('',#1158,#1166,#1168,.T.);
#1166 = VERTEX_POINT('',#1167);
#1167 = CARTESIAN_POINT('',(17.5,83.7,17.4));
#1168 = LINE('',#1169,#1170);
#1169 = CARTESIAN_POINT('',(17.494317023445,83.7,17.4));
#1170 = VECTOR('',#1171,1.);
#1171 = DIRECTION('',(-1.,0.,0.));
#1172 = ORIENTED_EDGE('',*,*,#1173,.T.);
#1173 = EDGE_CURVE('',#1166,#1174,#1176,.T.);
#1174 = VERTEX_POINT('',#1175);
#1175 = CARTESIAN_POINT('',(17.5,92.,17.4));
#1176 = LINE('',#1177,#1178);
#1177 = CARTESIAN_POINT('',(17.5,64.919317023445,17.4));
#1178 = VECTOR('',#1179,1.);
#1179 = DIRECTION('',(0.,1.,0.));
#1180 = ORIENTED_EDGE('',*,*,#1181,.F.);
#1181 = EDGE_CURVE('',#1126,#1174,#1182,.T.);
#1182 = LINE('',#1183,#1184);
#1183 = CARTESIAN_POINT('',(14.3,92.,17.4));
#1184 = VECTOR('',#1185,1.);
#1185 = DIRECTION('',(1.,0.,0.));
#1186 = PLANE('',#1187);
#1187 = AXIS2_PLACEMENT_3D('',#1188,#1189,#1190);
#1188 = CARTESIAN_POINT('',(17.488634046891,46.138634046891,17.4));
#1189 = DIRECTION('',(0.,0.,1.));
#1190 = DIRECTION('',(1.,0.,0.));
#1191 = ADVANCED_FACE('',(#1192),#1210,.T.);
#1192 = FACE_BOUND('',#1193,.T.);
#1193 = EDGE_LOOP('',(#1194,#1195,#1196,#1204));
#1194 = ORIENTED_EDGE('',*,*,#307,.F.);
#1195 = ORIENTED_EDGE('',*,*,#1141,.F.);
#1196 = ORIENTED_EDGE('',*,*,#1197,.T.);
#1197 = EDGE_CURVE('',#1134,#1198,#1200,.T.);
#1198 = VERTEX_POINT('',#1199);
#1199 = CARTESIAN_POINT('',(16.,16.,59.));
#1200 = LINE('',#1201,#1202);
#1201 = CARTESIAN_POINT('',(16.,16.,6.));
#1202 = VECTOR('',#1203,1.);
#1203 = DIRECTION('',(0.,0.,1.));
#1204 = ORIENTED_EDGE('',*,*,#1205,.F.);
#1205 = EDGE_CURVE('',#308,#1198,#1206,.T.);
#1206 = LINE('',#1207,#1208);
#1207 = CARTESIAN_POINT('',(16.,0.,59.));
#1208 = VECTOR('',#1209,1.);
#1209 = DIRECTION('',(0.,1.,0.));
#1210 = PLANE('',#1211);
#1211 = AXIS2_PLACEMENT_3D('',#1212,#1213,#1214);
#1212 = CARTESIAN_POINT('',(16.,0.,6.));
#1213 = DIRECTION('',(1.,0.,0.));
#1214 = DIRECTION('',(0.,0.,1.));
#1215 = ADVANCED_FACE('',(#1216),#1243,.T.);
#1216 = FACE_BOUND('',#1217,.T.);
#1217 = EDGE_LOOP('',(#1218,#1227,#1235,#1242));
#1218 = ORIENTED_EDGE('',*,*,#1219,.T.);
#1219 = EDGE_CURVE('',#308,#1220,#1222,.T.);
#1220 = VERTEX_POINT('',#1221);
#1221 = CARTESIAN_POINT('',(15.,1.,60.));
#1222 = ELLIPSE('',#1223,1.414213562373,1.);
#1223 = AXIS2_PLACEMENT_3D('',#1224,#1225,#1226);
#1224 = CARTESIAN_POINT('',(15.,1.,59.));
#1225 = DIRECTION('',(-0.707106781187,-0.707106781187,-0.));
#1226 = DIRECTION('',(-0.707106781187,0.707106781187,0.));
#1227 = ORIENTED_EDGE('',*,*,#1228,.T.);
#1228 = EDGE_CURVE('',#1220,#1229,#1231,.T.);
#1229 = VERTEX_POINT('',#1230);
#1230 = CARTESIAN_POINT('',(10.,1.,60.));
#1231 = LINE('',#1232,#1233);
#1232 = CARTESIAN_POINT('',(16.,1.,60.));
#1233 = VECTOR('',#1234,1.);
#1234 = DIRECTION('',(-1.,-0.,-0.));
#1235 = ORIENTED_EDGE('',*,*,#1236,.F.);
#1236 = EDGE_CURVE('',#316,#1229,#1237,.T.);
#1237 = CIRCLE('',#1238,1.);
#1238 = AXIS2_PLACEMENT_3D('',#1239,#1240,#1241);
#1239 = CARTESIAN_POINT('',(10.,1.,59.));
#1240 = DIRECTION('',(-1.,0.,0.));
#1241 = DIRECTION('',(0.,-1.,0.));
#1242 = ORIENTED_EDGE('',*,*,#315,.F.);
#1243 = CYLINDRICAL_SURFACE('',#1244,1.);
#1244 = AXIS2_PLACEMENT_3D('',#1245,#1246,#1247);
#1245 = CARTESIAN_POINT('',(16.,1.,59.));
#1246 = DIRECTION('',(-1.,-0.,-0.));
#1247 = DIRECTION('',(0.,-1.,0.));
#1248 = ADVANCED_FACE('',(#1249),#1268,.T.);
#1249 = FACE_BOUND('',#1250,.T.);
#1250 = EDGE_LOOP('',(#1251,#1259,#1260,#1261));
#1251 = ORIENTED_EDGE('',*,*,#1252,.F.);
#1252 = EDGE_CURVE('',#660,#1253,#1255,.T.);
#1253 = VERTEX_POINT('',#1254);
#1254 = CARTESIAN_POINT('',(-1.7763568394E-15,10.,59.));
#1255 = LINE('',#1256,#1257);
#1256 = CARTESIAN_POINT('',(-1.7763568394E-15,10.,6.));
#1257 = VECTOR('',#1258,1.);
#1258 = DIRECTION('',(0.,0.,1.));
#1259 = ORIENTED_EDGE('',*,*,#659,.T.);
#1260 = ORIENTED_EDGE('',*,*,#323,.T.);
#1261 = ORIENTED_EDGE('',*,*,#1262,.T.);
#1262 = EDGE_CURVE('',#316,#1253,#1263,.T.);
#1263 = CIRCLE('',#1264,10.);
#1264 = AXIS2_PLACEMENT_3D('',#1265,#1266,#1267);
#1265 = CARTESIAN_POINT('',(10.,10.,59.));
#1266 = DIRECTION('',(-0.,0.,-1.));
#1267 = DIRECTION('',(-1.7763568394E-16,-1.,0.));
#1268 = CYLINDRICAL_SURFACE('',#1269,10.);
#1269 = AXIS2_PLACEMENT_3D('',#1270,#1271,#1272);
#1270 = CARTESIAN_POINT('',(10.,10.,6.));
#1271 = DIRECTION('',(0.,0.,1.));
#1272 = DIRECTION('',(-1.,0.,0.));
#1273 = ADVANCED_FACE('',(#1274),#1286,.T.);
#1274 = FACE_BOUND('',#1275,.F.);
#1275 = EDGE_LOOP('',(#1276,#1283,#1284,#1285));
#1276 = ORIENTED_EDGE('',*,*,#1277,.T.);
#1277 = EDGE_CURVE('',#455,#363,#1278,.T.);
#1278 = ELLIPSE('',#1279,1.414213562373,1.);
#1279 = AXIS2_PLACEMENT_3D('',#1280,#1281,#1282);
#1280 = CARTESIAN_POINT('',(127.,15.,59.));
#1281 = DIRECTION('',(-0.707106781187,-0.707106781187,0.));
#1282 = DIRECTION('',(0.707106781187,-0.707106781187,0.));
#1283 = ORIENTED_EDGE('',*,*,#362,.T.);
#1284 = ORIENTED_EDGE('',*,*,#346,.T.);
#1285 = ORIENTED_EDGE('',*,*,#454,.F.);
#1286 = CYLINDRICAL_SURFACE('',#1287,1.);
#1287 = AXIS2_PLACEMENT_3D('',#1288,#1289,#1290);
#1288 = CARTESIAN_POINT('',(126.,15.,59.));
#1289 = DIRECTION('',(1.,0.,0.));
#1290 = DIRECTION('',(0.,0.,1.));
#1291 = ADVANCED_FACE('',(#1292),#1310,.T.);
#1292 = FACE_BOUND('',#1293,.T.);
#1293 = EDGE_LOOP('',(#1294,#1295,#1303,#1309));
#1294 = ORIENTED_EDGE('',*,*,#396,.T.);
#1295 = ORIENTED_EDGE('',*,*,#1296,.T.);
#1296 = EDGE_CURVE('',#389,#1297,#1299,.T.);
#1297 = VERTEX_POINT('',#1298);
#1298 = CARTESIAN_POINT('',(127.7,92.,8.));
#1299 = LINE('',#1300,#1301);
#1300 = CARTESIAN_POINT('',(127.7,0.,8.));
#1301 = VECTOR('',#1302,1.);
#1302 = DIRECTION('',(0.,1.,0.));
#1303 = ORIENTED_EDGE('',*,*,#1304,.T.);
#1304 = EDGE_CURVE('',#1297,#814,#1305,.T.);
#1305 = LINE('',#1306,#1307);
#1306 = CARTESIAN_POINT('',(127.7,92.,8.));
#1307 = VECTOR('',#1308,1.);
#1308 = DIRECTION('',(0.,0.,1.));
#1309 = ORIENTED_EDGE('',*,*,#813,.F.);
#1310 = PLANE('',#1311);
#1311 = AXIS2_PLACEMENT_3D('',#1312,#1313,#1314);
#1312 = CARTESIAN_POINT('',(127.7,54.,12.7));
#1313 = DIRECTION('',(1.,0.,0.));
#1314 = DIRECTION('',(0.,0.,1.));
#1315 = ADVANCED_FACE('',(#1316),#1334,.T.);
#1316 = FACE_BOUND('',#1317,.T.);
#1317 = EDGE_LOOP('',(#1318,#1326,#1327,#1328));
#1318 = ORIENTED_EDGE('',*,*,#1319,.F.);
#1319 = EDGE_CURVE('',#1297,#1320,#1322,.T.);
#1320 = VERTEX_POINT('',#1321);
#1321 = CARTESIAN_POINT('',(130.,92.,8.));
#1322 = LINE('',#1323,#1324);
#1323 = CARTESIAN_POINT('',(119.6,92.,8.));
#1324 = VECTOR('',#1325,1.);
#1325 = DIRECTION('',(1.,0.,0.));
#1326 = ORIENTED_EDGE('',*,*,#1296,.F.);
#1327 = ORIENTED_EDGE('',*,*,#388,.T.);
#1328 = ORIENTED_EDGE('',*,*,#1329,.T.);
#1329 = EDGE_CURVE('',#381,#1320,#1330,.T.);
#1330 = LINE('',#1331,#1332);
#1331 = CARTESIAN_POINT('',(130.,0.,8.));
#1332 = VECTOR('',#1333,1.);
#1333 = DIRECTION('',(0.,1.,0.));
#1334 = PLANE('',#1335);
#1335 = AXIS2_PLACEMENT_3D('',#1336,#1337,#1338);
#1336 = CARTESIAN_POINT('',(119.6,0.,8.));
#1337 = DIRECTION('',(0.,0.,1.));
#1338 = DIRECTION('',(1.,0.,0.));
#1339 = ADVANCED_FACE('',(#1340),#1358,.T.);
#1340 = FACE_BOUND('',#1341,.T.);
#1341 = EDGE_LOOP('',(#1342,#1343,#1344,#1352));
#1342 = ORIENTED_EDGE('',*,*,#1329,.F.);
#1343 = ORIENTED_EDGE('',*,*,#380,.T.);
#1344 = ORIENTED_EDGE('',*,*,#1345,.T.);
#1345 = EDGE_CURVE('',#373,#1346,#1348,.T.);
#1346 = VERTEX_POINT('',#1347);
#1347 = CARTESIAN_POINT('',(130.,92.,6.));
#1348 = LINE('',#1349,#1350);
#1349 = CARTESIAN_POINT('',(130.,0.,6.));
#1350 = VECTOR('',#1351,1.);
#1351 = DIRECTION('',(0.,1.,0.));
#1352 = ORIENTED_EDGE('',*,*,#1353,.T.);
#1353 = EDGE_CURVE('',#1346,#1320,#1354,.T.);
#1354 = LINE('',#1355,#1356);
#1355 = CARTESIAN_POINT('',(130.,92.,6.));
#1356 = VECTOR('',#1357,1.);
#1357 = DIRECTION('',(0.,0.,1.));
#1358 = PLANE('',#1359);
#1359 = AXIS2_PLACEMENT_3D('',#1360,#1361,#1362);
#1360 = CARTESIAN_POINT('',(130.,0.,6.));
#1361 = DIRECTION('',(1.,0.,0.));
#1362 = DIRECTION('',(0.,0.,1.));
#1363 = ADVANCED_FACE('',(#1364),#1533,.T.);
#1364 = FACE_BOUND('',#1365,.T.);
#1365 = EDGE_LOOP('',(#1366,#1374,#1382,#1390,#1398,#1406,#1414,#1422,
    #1430,#1438,#1446,#1454,#1462,#1470,#1478,#1486,#1492,#1493,#1494,
    #1495,#1503,#1511,#1519,#1527));
#1366 = ORIENTED_EDGE('',*,*,#1367,.F.);
#1367 = EDGE_CURVE('',#677,#1368,#1370,.T.);
#1368 = VERTEX_POINT('',#1369);
#1369 = CARTESIAN_POINT('',(1.,116.,6.));
#1370 = LINE('',#1371,#1372);
#1371 = CARTESIAN_POINT('',(1.,10.,6.));
#1372 = VECTOR('',#1373,1.);
#1373 = DIRECTION('',(0.,1.,0.));
#1374 = ORIENTED_EDGE('',*,*,#1375,.T.);
#1375 = EDGE_CURVE('',#677,#1376,#1378,.T.);
#1376 = VERTEX_POINT('',#1377);
#1377 = CARTESIAN_POINT('',(12.,16.,6.));
#1378 = LINE('',#1379,#1380);
#1379 = CARTESIAN_POINT('',(0.,16.,6.));
#1380 = VECTOR('',#1381,1.);
#1381 = DIRECTION('',(1.,0.,0.));
#1382 = ORIENTED_EDGE('',*,*,#1383,.T.);
#1383 = EDGE_CURVE('',#1376,#1384,#1386,.T.);
#1384 = VERTEX_POINT('',#1385);
#1385 = CARTESIAN_POINT('',(12.,92.,6.));
#1386 = LINE('',#1387,#1388);
#1387 = CARTESIAN_POINT('',(12.,0.,6.));
#1388 = VECTOR('',#1389,1.);
#1389 = DIRECTION('',(0.,1.,0.));
#1390 = ORIENTED_EDGE('',*,*,#1391,.T.);
#1391 = EDGE_CURVE('',#1384,#1392,#1394,.T.);
#1392 = VERTEX_POINT('',#1393);
#1393 = CARTESIAN_POINT('',(16.,92.,6.));
#1394 = LINE('',#1395,#1396);
#1395 = CARTESIAN_POINT('',(12.,92.,6.));
#1396 = VECTOR('',#1397,1.);
#1397 = DIRECTION('',(1.,0.,0.));
#1398 = ORIENTED_EDGE('',*,*,#1399,.T.);
#1399 = EDGE_CURVE('',#1392,#1400,#1402,.T.);
#1400 = VERTEX_POINT('',#1401);
#1401 = CARTESIAN_POINT('',(16.,93.,6.));
#1402 = LINE('',#1403,#1404);
#1403 = CARTESIAN_POINT('',(16.,8.5,6.));
#1404 = VECTOR('',#1405,1.);
#1405 = DIRECTION('',(0.,1.,0.));
#1406 = ORIENTED_EDGE('',*,*,#1407,.F.);
#1407 = EDGE_CURVE('',#1408,#1400,#1410,.T.);
#1408 = VERTEX_POINT('',#1409);
#1409 = CARTESIAN_POINT('',(11.,93.,6.));
#1410 = LINE('',#1411,#1412);
#1411 = CARTESIAN_POINT('',(11.,93.,6.));
#1412 = VECTOR('',#1413,1.);
#1413 = DIRECTION('',(1.,0.,0.));
#1414 = ORIENTED_EDGE('',*,*,#1415,.T.);
#1415 = EDGE_CURVE('',#1408,#1416,#1418,.T.);
#1416 = VERTEX_POINT('',#1417);
#1417 = CARTESIAN_POINT('',(11.,99.,6.));
#1418 = LINE('',#1419,#1420);
#1419 = CARTESIAN_POINT('',(11.,93.,6.));
#1420 = VECTOR('',#1421,1.);
#1421 = DIRECTION('',(0.,1.,0.));
#1422 = ORIENTED_EDGE('',*,*,#1423,.T.);
#1423 = EDGE_CURVE('',#1416,#1424,#1426,.T.);
#1424 = VERTEX_POINT('',#1425);
#1425 = CARTESIAN_POINT('',(16.,99.,6.));
#1426 = LINE('',#1427,#1428);
#1427 = CARTESIAN_POINT('',(11.,99.,6.));
#1428 = VECTOR('',#1429,1.);
#1429 = DIRECTION('',(1.,0.,0.));
#1430 = ORIENTED_EDGE('',*,*,#1431,.T.);
#1431 = EDGE_CURVE('',#1424,#1432,#1434,.T.);
#1432 = VERTEX_POINT('',#1433);
#1433 = CARTESIAN_POINT('',(16.,115.,6.));
#1434 = LINE('',#1435,#1436);
#1435 = CARTESIAN_POINT('',(16.,8.5,6.));
#1436 = VECTOR('',#1437,1.);
#1437 = DIRECTION('',(0.,1.,0.));
#1438 = ORIENTED_EDGE('',*,*,#1439,.F.);
#1439 = EDGE_CURVE('',#1440,#1432,#1442,.T.);
#1440 = VERTEX_POINT('',#1441);
#1441 = CARTESIAN_POINT('',(126.,115.,6.));
#1442 = LINE('',#1443,#1444);
#1443 = CARTESIAN_POINT('',(8.,115.,6.));
#1444 = VECTOR('',#1445,1.);
#1445 = DIRECTION('',(-1.,0.,0.));
#1446 = ORIENTED_EDGE('',*,*,#1447,.F.);
#1447 = EDGE_CURVE('',#1448,#1440,#1450,.T.);
#1448 = VERTEX_POINT('',#1449);
#1449 = CARTESIAN_POINT('',(126.,99.,6.));
#1450 = LINE('',#1451,#1452);
#1451 = CARTESIAN_POINT('',(126.,8.5,6.));
#1452 = VECTOR('',#1453,1.);
#1453 = DIRECTION('',(0.,1.,0.));
#1454 = ORIENTED_EDGE('',*,*,#1455,.T.);
#1455 = EDGE_CURVE('',#1448,#1456,#1458,.T.);
#1456 = VERTEX_POINT('',#1457);
#1457 = CARTESIAN_POINT('',(131.,99.,6.));
#1458 = LINE('',#1459,#1460);
#1459 = CARTESIAN_POINT('',(125.,99.,6.));
#1460 = VECTOR('',#1461,1.);
#1461 = DIRECTION('',(1.,0.,0.));
#1462 = ORIENTED_EDGE('',*,*,#1463,.F.);
#1463 = EDGE_CURVE('',#1464,#1456,#1466,.T.);
#1464 = VERTEX_POINT('',#1465);
#1465 = CARTESIAN_POINT('',(131.,93.,6.));
#1466 = LINE('',#1467,#1468);
#1467 = CARTESIAN_POINT('',(131.,93.,6.));
#1468 = VECTOR('',#1469,1.);
#1469 = DIRECTION('',(0.,1.,0.));
#1470 = ORIENTED_EDGE('',*,*,#1471,.F.);
#1471 = EDGE_CURVE('',#1472,#1464,#1474,.T.);
#1472 = VERTEX_POINT('',#1473);
#1473 = CARTESIAN_POINT('',(126.,93.,6.));
#1474 = LINE('',#1475,#1476);
#1475 = CARTESIAN_POINT('',(125.,93.,6.));
#1476 = VECTOR('',#1477,1.);
#1477 = DIRECTION('',(1.,0.,0.));
#1478 = ORIENTED_EDGE('',*,*,#1479,.F.);
#1479 = EDGE_CURVE('',#1480,#1472,#1482,.T.);
#1480 = VERTEX_POINT('',#1481);
#1481 = CARTESIAN_POINT('',(126.,92.,6.));
#1482 = LINE('',#1483,#1484);
#1483 = CARTESIAN_POINT('',(126.,8.5,6.));
#1484 = VECTOR('',#1485,1.);
#1485 = DIRECTION('',(0.,1.,0.));
#1486 = ORIENTED_EDGE('',*,*,#1487,.T.);
#1487 = EDGE_CURVE('',#1480,#1346,#1488,.T.);
#1488 = LINE('',#1489,#1490);
#1489 = CARTESIAN_POINT('',(119.6,92.,6.));
#1490 = VECTOR('',#1491,1.);
#1491 = DIRECTION('',(1.,0.,0.));
#1492 = ORIENTED_EDGE('',*,*,#1345,.F.);
#1493 = ORIENTED_EDGE('',*,*,#372,.T.);
#1494 = ORIENTED_EDGE('',*,*,#629,.F.);
#1495 = ORIENTED_EDGE('',*,*,#1496,.F.);
#1496 = EDGE_CURVE('',#1497,#622,#1499,.T.);
#1497 = VERTEX_POINT('',#1498);
#1498 = CARTESIAN_POINT('',(126.,116.,6.));
#1499 = LINE('',#1500,#1501);
#1500 = CARTESIAN_POINT('',(126.,116.,6.));
#1501 = VECTOR('',#1502,1.);
#1502 = DIRECTION('',(1.,0.,0.));
#1503 = ORIENTED_EDGE('',*,*,#1504,.T.);
#1504 = EDGE_CURVE('',#1497,#1505,#1507,.T.);
#1505 = VERTEX_POINT('',#1506);
#1506 = CARTESIAN_POINT('',(126.,131.,6.));
#1507 = LINE('',#1508,#1509);
#1508 = CARTESIAN_POINT('',(126.,116.,6.));
#1509 = VECTOR('',#1510,1.);
#1510 = DIRECTION('',(0.,1.,0.));
#1511 = ORIENTED_EDGE('',*,*,#1512,.F.);
#1512 = EDGE_CURVE('',#1513,#1505,#1515,.T.);
#1513 = VERTEX_POINT('',#1514);
#1514 = CARTESIAN_POINT('',(16.,131.,6.));
#1515 = LINE('',#1516,#1517);
#1516 = CARTESIAN_POINT('',(10.,131.,6.));
#1517 = VECTOR('',#1518,1.);
#1518 = DIRECTION('',(1.,0.,0.));
#1519 = ORIENTED_EDGE('',*,*,#1520,.F.);
#1520 = EDGE_CURVE('',#1521,#1513,#1523,.T.);
#1521 = VERTEX_POINT('',#1522);
#1522 = CARTESIAN_POINT('',(16.,116.,6.));
#1523 = LINE('',#1524,#1525);
#1524 = CARTESIAN_POINT('',(16.,116.,6.));
#1525 = VECTOR('',#1526,1.);
#1526 = DIRECTION('',(0.,1.,0.));
#1527 = ORIENTED_EDGE('',*,*,#1528,.F.);
#1528 = EDGE_CURVE('',#1368,#1521,#1529,.T.);
#1529 = LINE('',#1530,#1531);
#1530 = CARTESIAN_POINT('',(0.,116.,6.));
#1531 = VECTOR('',#1532,1.);
#1532 = DIRECTION('',(1.,0.,0.));
#1533 = PLANE('',#1534);
#1534 = AXIS2_PLACEMENT_3D('',#1535,#1536,#1537);
#1535 = CARTESIAN_POINT('',(0.,0.,6.));
#1536 = DIRECTION('',(0.,0.,1.));
#1537 = DIRECTION('',(1.,0.,0.));
#1538 = ADVANCED_FACE('',(#1539),#1545,.T.);
#1539 = FACE_BOUND('',#1540,.F.);
#1540 = EDGE_LOOP('',(#1541,#1542,#1543,#1544));
#1541 = ORIENTED_EDGE('',*,*,#426,.F.);
#1542 = ORIENTED_EDGE('',*,*,#780,.T.);
#1543 = ORIENTED_EDGE('',*,*,#1277,.F.);
#1544 = ORIENTED_EDGE('',*,*,#462,.F.);
#1545 = CYLINDRICAL_SURFACE('',#1546,1.);
#1546 = AXIS2_PLACEMENT_3D('',#1547,#1548,#1549);
#1547 = CARTESIAN_POINT('',(127.,0.,59.));
#1548 = DIRECTION('',(0.,1.,0.));
#1549 = DIRECTION('',(0.,0.,1.));
#1550 = ADVANCED_FACE('',(#1551),#1570,.T.);
#1551 = FACE_BOUND('',#1552,.F.);
#1552 = EDGE_LOOP('',(#1553,#1561,#1568,#1569));
#1553 = ORIENTED_EDGE('',*,*,#1554,.T.);
#1554 = EDGE_CURVE('',#471,#1555,#1557,.T.);
#1555 = VERTEX_POINT('',#1556);
#1556 = CARTESIAN_POINT('',(137.4,8.,64.9));
#1557 = LINE('',#1558,#1559);
#1558 = CARTESIAN_POINT('',(137.4,8.,60.));
#1559 = VECTOR('',#1560,1.);
#1560 = DIRECTION('',(0.,0.,1.));
#1561 = ORIENTED_EDGE('',*,*,#1562,.T.);
#1562 = EDGE_CURVE('',#1555,#1555,#1563,.T.);
#1563 = CIRCLE('',#1564,3.4);
#1564 = AXIS2_PLACEMENT_3D('',#1565,#1566,#1567);
#1565 = CARTESIAN_POINT('',(134.,8.,64.9));
#1566 = DIRECTION('',(0.,0.,1.));
#1567 = DIRECTION('',(1.,0.,0.));
#1568 = ORIENTED_EDGE('',*,*,#1554,.F.);
#1569 = ORIENTED_EDGE('',*,*,#470,.F.);
#1570 = CYLINDRICAL_SURFACE('',#1571,3.4);
#1571 = AXIS2_PLACEMENT_3D('',#1572,#1573,#1574);
#1572 = CARTESIAN_POINT('',(134.,8.,60.));
#1573 = DIRECTION('',(-0.,-0.,-1.));
#1574 = DIRECTION('',(1.,0.,0.));
#1575 = ADVANCED_FACE('',(#1576),#1592,.T.);
#1576 = FACE_BOUND('',#1577,.T.);
#1577 = EDGE_LOOP('',(#1578,#1579,#1585,#1586));
#1578 = ORIENTED_EDGE('',*,*,#513,.F.);
#1579 = ORIENTED_EDGE('',*,*,#1580,.T.);
#1580 = EDGE_CURVE('',#514,#933,#1581,.T.);
#1581 = LINE('',#1582,#1583);
#1582 = CARTESIAN_POINT('',(15.3,2.,8.));
#1583 = VECTOR('',#1584,1.);
#1584 = DIRECTION('',(1.,0.,0.));
#1585 = ORIENTED_EDGE('',*,*,#940,.T.);
#1586 = ORIENTED_EDGE('',*,*,#1587,.F.);
#1587 = EDGE_CURVE('',#506,#941,#1588,.T.);
#1588 = LINE('',#1589,#1590);
#1589 = CARTESIAN_POINT('',(119.6,92.,8.));
#1590 = VECTOR('',#1591,1.);
#1591 = DIRECTION('',(1.,0.,0.));
#1592 = PLANE('',#1593);
#1593 = AXIS2_PLACEMENT_3D('',#1594,#1595,#1596);
#1594 = CARTESIAN_POINT('',(119.6,0.,8.));
#1595 = DIRECTION('',(0.,0.,1.));
#1596 = DIRECTION('',(1.,0.,0.));
#1597 = ADVANCED_FACE('',(#1598),#1628,.T.);
#1598 = FACE_BOUND('',#1599,.T.);
#1599 = EDGE_LOOP('',(#1600,#1606,#1607,#1608,#1609,#1617,#1623,#1624,
    #1625,#1626,#1627));
#1600 = ORIENTED_EDGE('',*,*,#1601,.F.);
#1601 = EDGE_CURVE('',#498,#1480,#1602,.T.);
#1602 = LINE('',#1603,#1604);
#1603 = CARTESIAN_POINT('',(119.6,92.,6.));
#1604 = VECTOR('',#1605,1.);
#1605 = DIRECTION('',(1.,0.,0.));
#1606 = ORIENTED_EDGE('',*,*,#505,.T.);
#1607 = ORIENTED_EDGE('',*,*,#1587,.T.);
#1608 = ORIENTED_EDGE('',*,*,#948,.T.);
#1609 = ORIENTED_EDGE('',*,*,#1610,.T.);
#1610 = EDGE_CURVE('',#949,#1611,#1613,.T.);
#1611 = VERTEX_POINT('',#1612);
#1612 = CARTESIAN_POINT('',(124.5,92.,14.9));
#1613 = LINE('',#1614,#1615);
#1614 = CARTESIAN_POINT('',(123.90635245901,92.,14.9));
#1615 = VECTOR('',#1616,1.);
#1616 = DIRECTION('',(1.,0.,0.));
#1617 = ORIENTED_EDGE('',*,*,#1618,.F.);
#1618 = EDGE_CURVE('',#822,#1611,#1619,.T.);
#1619 = LINE('',#1620,#1621);
#1620 = CARTESIAN_POINT('',(124.5,92.,12.875204918033));
#1621 = VECTOR('',#1622,1.);
#1622 = DIRECTION('',(0.,0.,-1.));
#1623 = ORIENTED_EDGE('',*,*,#821,.T.);
#1624 = ORIENTED_EDGE('',*,*,#1304,.F.);
#1625 = ORIENTED_EDGE('',*,*,#1319,.T.);
#1626 = ORIENTED_EDGE('',*,*,#1353,.F.);
#1627 = ORIENTED_EDGE('',*,*,#1487,.F.);
#1628 = PLANE('',#1629);
#1629 = AXIS2_PLACEMENT_3D('',#1630,#1631,#1632);
#1630 = CARTESIAN_POINT('',(124.91270491803,92.,10.850409836066));
#1631 = DIRECTION('',(0.,1.,0.));
#1632 = DIRECTION('',(0.,0.,1.));
#1633 = ADVANCED_FACE('',(#1634),#1645,.T.);
#1634 = FACE_BOUND('',#1635,.T.);
#1635 = EDGE_LOOP('',(#1636,#1637,#1638,#1639));
#1636 = ORIENTED_EDGE('',*,*,#709,.F.);
#1637 = ORIENTED_EDGE('',*,*,#545,.F.);
#1638 = ORIENTED_EDGE('',*,*,#489,.T.);
#1639 = ORIENTED_EDGE('',*,*,#1640,.T.);
#1640 = EDGE_CURVE('',#490,#710,#1641,.T.);
#1641 = LINE('',#1642,#1643);
#1642 = CARTESIAN_POINT('',(8.,17.,6.));
#1643 = VECTOR('',#1644,1.);
#1644 = DIRECTION('',(-1.,0.,0.));
#1645 = PLANE('',#1646);
#1646 = AXIS2_PLACEMENT_3D('',#1647,#1648,#1649);
#1647 = CARTESIAN_POINT('',(0.,0.,6.));
#1648 = DIRECTION('',(0.,0.,1.));
#1649 = DIRECTION('',(1.,0.,0.));
#1650 = ADVANCED_FACE('',(#1651),#1669,.F.);
#1651 = FACE_BOUND('',#1652,.F.);
#1652 = EDGE_LOOP('',(#1653,#1654,#1662,#1668));
#1653 = ORIENTED_EDGE('',*,*,#497,.F.);
#1654 = ORIENTED_EDGE('',*,*,#1655,.F.);
#1655 = EDGE_CURVE('',#1656,#490,#1658,.T.);
#1656 = VERTEX_POINT('',#1657);
#1657 = CARTESIAN_POINT('',(126.,17.,6.));
#1658 = LINE('',#1659,#1660);
#1659 = CARTESIAN_POINT('',(8.,17.,6.));
#1660 = VECTOR('',#1661,1.);
#1661 = DIRECTION('',(-1.,0.,0.));
#1662 = ORIENTED_EDGE('',*,*,#1663,.T.);
#1663 = EDGE_CURVE('',#1656,#1480,#1664,.T.);
#1664 = LINE('',#1665,#1666);
#1665 = CARTESIAN_POINT('',(126.,8.5,6.));
#1666 = VECTOR('',#1667,1.);
#1667 = DIRECTION('',(0.,1.,0.));
#1668 = ORIENTED_EDGE('',*,*,#1601,.F.);
#1669 = PLANE('',#1670);
#1670 = AXIS2_PLACEMENT_3D('',#1671,#1672,#1673);
#1671 = CARTESIAN_POINT('',(119.6,0.,6.));
#1672 = DIRECTION('',(0.,0.,1.));
#1673 = DIRECTION('',(1.,0.,0.));
#1674 = ADVANCED_FACE('',(#1675),#1700,.F.);
#1675 = FACE_BOUND('',#1676,.F.);
#1676 = EDGE_LOOP('',(#1677,#1685,#1686,#1694));
#1677 = ORIENTED_EDGE('',*,*,#1678,.T.);
#1678 = EDGE_CURVE('',#1679,#562,#1681,.T.);
#1679 = VERTEX_POINT('',#1680);
#1680 = CARTESIAN_POINT('',(10.,-2.22044604925E-16,1.));
#1681 = LINE('',#1682,#1683);
#1682 = CARTESIAN_POINT('',(10.,-1.7763568394E-15,0.));
#1683 = VECTOR('',#1684,1.);
#1684 = DIRECTION('',(0.,0.,1.));
#1685 = ORIENTED_EDGE('',*,*,#570,.F.);
#1686 = ORIENTED_EDGE('',*,*,#1687,.F.);
#1687 = EDGE_CURVE('',#1688,#536,#1690,.T.);
#1688 = VERTEX_POINT('',#1689);
#1689 = CARTESIAN_POINT('',(132.,-1.7763568394E-15,1.));
#1690 = LINE('',#1691,#1692);
#1691 = CARTESIAN_POINT('',(132.,-1.7763568394E-15,0.));
#1692 = VECTOR('',#1693,1.);
#1693 = DIRECTION('',(0.,0.,1.));
#1694 = ORIENTED_EDGE('',*,*,#1695,.T.);
#1695 = EDGE_CURVE('',#1688,#1679,#1696,.T.);
#1696 = LINE('',#1697,#1698);
#1697 = CARTESIAN_POINT('',(132.,-2.22044604925E-16,1.));
#1698 = VECTOR('',#1699,1.);
#1699 = DIRECTION('',(-1.,-0.,-0.));
#1700 = PLANE('',#1701);
#1701 = AXIS2_PLACEMENT_3D('',#1702,#1703,#1704);
#1702 = CARTESIAN_POINT('',(0.,0.,0.));
#1703 = DIRECTION('',(0.,1.,0.));
#1704 = DIRECTION('',(0.,0.,1.));
#1705 = ADVANCED_FACE('',(#1706),#1726,.T.);
#1706 = FACE_BOUND('',#1707,.F.);
#1707 = EDGE_LOOP('',(#1708,#1709,#1718,#1725));
#1708 = ORIENTED_EDGE('',*,*,#561,.F.);
#1709 = ORIENTED_EDGE('',*,*,#1710,.T.);
#1710 = EDGE_CURVE('',#562,#1711,#1713,.T.);
#1711 = VERTEX_POINT('',#1712);
#1712 = CARTESIAN_POINT('',(-2.22044604925E-16,10.,5.));
#1713 = CIRCLE('',#1714,10.);
#1714 = AXIS2_PLACEMENT_3D('',#1715,#1716,#1717);
#1715 = CARTESIAN_POINT('',(10.,10.,5.));
#1716 = DIRECTION('',(-0.,0.,-1.));
#1717 = DIRECTION('',(-1.7763568394E-16,-1.,0.));
#1718 = ORIENTED_EDGE('',*,*,#1719,.T.);
#1719 = EDGE_CURVE('',#1711,#685,#1720,.T.);
#1720 = CIRCLE('',#1721,1.);
#1721 = AXIS2_PLACEMENT_3D('',#1722,#1723,#1724);
#1722 = CARTESIAN_POINT('',(1.,10.,5.));
#1723 = DIRECTION('',(0.,1.,-0.));
#1724 = DIRECTION('',(-1.,0.,0.));
#1725 = ORIENTED_EDGE('',*,*,#692,.F.);
#1726 = TOROIDAL_SURFACE('',#1727,9.,1.);
#1727 = AXIS2_PLACEMENT_3D('',#1728,#1729,#1730);
#1728 = CARTESIAN_POINT('',(10.,10.,5.));
#1729 = DIRECTION('',(0.,0.,1.));
#1730 = DIRECTION('',(-1.7763568394E-16,-1.,0.));
#1731 = ADVANCED_FACE('',(#1732),#1751,.T.);
#1732 = FACE_BOUND('',#1733,.F.);
#1733 = EDGE_LOOP('',(#1734,#1742,#1749,#1750));
#1734 = ORIENTED_EDGE('',*,*,#1735,.F.);
#1735 = EDGE_CURVE('',#1736,#585,#1738,.T.);
#1736 = VERTEX_POINT('',#1737);
#1737 = CARTESIAN_POINT('',(142.,10.,1.));
#1738 = LINE('',#1739,#1740);
#1739 = CARTESIAN_POINT('',(142.,10.,0.));
#1740 = VECTOR('',#1741,1.);
#1741 = DIRECTION('',(0.,0.,1.));
#1742 = ORIENTED_EDGE('',*,*,#1743,.T.);
#1743 = EDGE_CURVE('',#1736,#1688,#1744,.T.);
#1744 = CIRCLE('',#1745,10.);
#1745 = AXIS2_PLACEMENT_3D('',#1746,#1747,#1748);
#1746 = CARTESIAN_POINT('',(132.,10.,1.));
#1747 = DIRECTION('',(0.,0.,-1.));
#1748 = DIRECTION('',(1.,0.,0.));
#1749 = ORIENTED_EDGE('',*,*,#1687,.T.);
#1750 = ORIENTED_EDGE('',*,*,#593,.F.);
#1751 = CYLINDRICAL_SURFACE('',#1752,10.);
#1752 = AXIS2_PLACEMENT_3D('',#1753,#1754,#1755);
#1753 = CARTESIAN_POINT('',(132.,10.,0.));
#1754 = DIRECTION('',(0.,0.,1.));
#1755 = DIRECTION('',(1.,0.,0.));
#1756 = ADVANCED_FACE('',(#1757),#1785,.T.);
#1757 = FACE_BOUND('',#1758,.F.);
#1758 = EDGE_LOOP('',(#1759,#1770,#1777,#1778));
#1759 = ORIENTED_EDGE('',*,*,#1760,.F.);
#1760 = EDGE_CURVE('',#1761,#1763,#1765,.T.);
#1761 = VERTEX_POINT('',#1762);
#1762 = CARTESIAN_POINT('',(132.,132.,5.));
#1763 = VERTEX_POINT('',#1764);
#1764 = CARTESIAN_POINT('',(132.,131.,6.));
#1765 = CIRCLE('',#1766,1.);
#1766 = AXIS2_PLACEMENT_3D('',#1767,#1768,#1769);
#1767 = CARTESIAN_POINT('',(132.,131.,5.));
#1768 = DIRECTION('',(1.,0.,0.));
#1769 = DIRECTION('',(0.,1.,0.));
#1770 = ORIENTED_EDGE('',*,*,#1771,.T.);
#1771 = EDGE_CURVE('',#1761,#611,#1772,.T.);
#1772 = CIRCLE('',#1773,10.);
#1773 = AXIS2_PLACEMENT_3D('',#1774,#1775,#1776);
#1774 = CARTESIAN_POINT('',(132.,122.,5.));
#1775 = DIRECTION('',(0.,0.,-1.));
#1776 = DIRECTION('',(0.,1.,0.));
#1777 = ORIENTED_EDGE('',*,*,#610,.T.);
#1778 = ORIENTED_EDGE('',*,*,#1779,.F.);
#1779 = EDGE_CURVE('',#1763,#613,#1780,.T.);
#1780 = CIRCLE('',#1781,9.);
#1781 = AXIS2_PLACEMENT_3D('',#1782,#1783,#1784);
#1782 = CARTESIAN_POINT('',(132.,122.,6.));
#1783 = DIRECTION('',(0.,0.,-1.));
#1784 = DIRECTION('',(0.,1.,0.));
#1785 = TOROIDAL_SURFACE('',#1786,9.,1.);
#1786 = AXIS2_PLACEMENT_3D('',#1787,#1788,#1789);
#1787 = CARTESIAN_POINT('',(132.,122.,5.));
#1788 = DIRECTION('',(0.,0.,1.));
#1789 = DIRECTION('',(0.,1.,0.));
#1790 = ADVANCED_FACE('',(#1791),#1809,.T.);
#1791 = FACE_BOUND('',#1792,.T.);
#1792 = EDGE_LOOP('',(#1793,#1794,#1802,#1808));
#1793 = ORIENTED_EDGE('',*,*,#1735,.F.);
#1794 = ORIENTED_EDGE('',*,*,#1795,.F.);
#1795 = EDGE_CURVE('',#1796,#1736,#1798,.T.);
#1796 = VERTEX_POINT('',#1797);
#1797 = CARTESIAN_POINT('',(142.,122.,1.));
#1798 = LINE('',#1799,#1800);
#1799 = CARTESIAN_POINT('',(142.,122.,1.));
#1800 = VECTOR('',#1801,1.);
#1801 = DIRECTION('',(-0.,-1.,-0.));
#1802 = ORIENTED_EDGE('',*,*,#1803,.T.);
#1803 = EDGE_CURVE('',#1796,#611,#1804,.T.);
#1804 = LINE('',#1805,#1806);
#1805 = CARTESIAN_POINT('',(142.,122.,0.));
#1806 = VECTOR('',#1807,1.);
#1807 = DIRECTION('',(0.,0.,1.));
#1808 = ORIENTED_EDGE('',*,*,#637,.T.);
#1809 = PLANE('',#1810);
#1810 = AXIS2_PLACEMENT_3D('',#1811,#1812,#1813);
#1811 = CARTESIAN_POINT('',(142.,0.,0.));
#1812 = DIRECTION('',(1.,0.,0.));
#1813 = DIRECTION('',(0.,0.,1.));
#1814 = ADVANCED_FACE('',(#1815),#1864,.F.);
#1815 = FACE_BOUND('',#1816,.F.);
#1816 = EDGE_LOOP('',(#1817,#1828,#1836,#1842,#1848,#1849,#1850,#1858));
#1817 = ORIENTED_EDGE('',*,*,#1818,.T.);
#1818 = EDGE_CURVE('',#1819,#1821,#1823,.T.);
#1819 = VERTEX_POINT('',#1820);
#1820 = CARTESIAN_POINT('',(142.,122.,6.));
#1821 = VERTEX_POINT('',#1822);
#1822 = CARTESIAN_POINT('',(132.,132.,6.));
#1823 = CIRCLE('',#1824,10.);
#1824 = AXIS2_PLACEMENT_3D('',#1825,#1826,#1827);
#1825 = CARTESIAN_POINT('',(132.,122.,6.));
#1826 = DIRECTION('',(-0.,0.,1.));
#1827 = DIRECTION('',(0.,-1.,0.));
#1828 = ORIENTED_EDGE('',*,*,#1829,.F.);
#1829 = EDGE_CURVE('',#1830,#1821,#1832,.T.);
#1830 = VERTEX_POINT('',#1831);
#1831 = CARTESIAN_POINT('',(126.,132.,6.));
#1832 = LINE('',#1833,#1834);
#1833 = CARTESIAN_POINT('',(126.,132.,6.));
#1834 = VECTOR('',#1835,1.);
#1835 = DIRECTION('',(1.,0.,0.));
#1836 = ORIENTED_EDGE('',*,*,#1837,.F.);
#1837 = EDGE_CURVE('',#1505,#1830,#1838,.T.);
#1838 = LINE('',#1839,#1840);
#1839 = CARTESIAN_POINT('',(126.,116.,6.));
#1840 = VECTOR('',#1841,1.);
#1841 = DIRECTION('',(0.,1.,0.));
#1842 = ORIENTED_EDGE('',*,*,#1843,.T.);
#1843 = EDGE_CURVE('',#1505,#1763,#1844,.T.);
#1844 = LINE('',#1845,#1846);
#1845 = CARTESIAN_POINT('',(10.,131.,6.));
#1846 = VECTOR('',#1847,1.);
#1847 = DIRECTION('',(1.,0.,0.));
#1848 = ORIENTED_EDGE('',*,*,#1779,.T.);
#1849 = ORIENTED_EDGE('',*,*,#621,.T.);
#1850 = ORIENTED_EDGE('',*,*,#1851,.T.);
#1851 = EDGE_CURVE('',#622,#1852,#1854,.T.);
#1852 = VERTEX_POINT('',#1853);
#1853 = CARTESIAN_POINT('',(142.,116.,6.));
#1854 = LINE('',#1855,#1856);
#1855 = CARTESIAN_POINT('',(126.,116.,6.));
#1856 = VECTOR('',#1857,1.);
#1857 = DIRECTION('',(1.,0.,0.));
#1858 = ORIENTED_EDGE('',*,*,#1859,.T.);
#1859 = EDGE_CURVE('',#1852,#1819,#1860,.T.);
#1860 = LINE('',#1861,#1862);
#1861 = CARTESIAN_POINT('',(142.,116.,6.));
#1862 = VECTOR('',#1863,1.);
#1863 = DIRECTION('',(0.,1.,0.));
#1864 = PLANE('',#1865);
#1865 = AXIS2_PLACEMENT_3D('',#1866,#1867,#1868);
#1866 = CARTESIAN_POINT('',(126.,116.,6.));
#1867 = DIRECTION('',(0.,0.,1.));
#1868 = DIRECTION('',(1.,0.,0.));
#1869 = ADVANCED_FACE('',(#1870),#1888,.F.);
#1870 = FACE_BOUND('',#1871,.F.);
#1871 = EDGE_LOOP('',(#1872,#1873,#1874,#1882));
#1872 = ORIENTED_EDGE('',*,*,#1252,.F.);
#1873 = ORIENTED_EDGE('',*,*,#668,.T.);
#1874 = ORIENTED_EDGE('',*,*,#1875,.T.);
#1875 = EDGE_CURVE('',#669,#1876,#1878,.T.);
#1876 = VERTEX_POINT('',#1877);
#1877 = CARTESIAN_POINT('',(-2.22044604925E-16,16.,59.));
#1878 = LINE('',#1879,#1880);
#1879 = CARTESIAN_POINT('',(0.,16.,6.));
#1880 = VECTOR('',#1881,1.);
#1881 = DIRECTION('',(0.,0.,1.));
#1882 = ORIENTED_EDGE('',*,*,#1883,.F.);
#1883 = EDGE_CURVE('',#1253,#1876,#1884,.T.);
#1884 = LINE('',#1885,#1886);
#1885 = CARTESIAN_POINT('',(-2.22044604925E-16,10.,59.));
#1886 = VECTOR('',#1887,1.);
#1887 = DIRECTION('',(0.,1.,0.));
#1888 = PLANE('',#1889);
#1889 = AXIS2_PLACEMENT_3D('',#1890,#1891,#1892);
#1890 = CARTESIAN_POINT('',(0.,0.,6.));
#1891 = DIRECTION('',(1.,0.,0.));
#1892 = DIRECTION('',(0.,0.,1.));
#1893 = ADVANCED_FACE('',(#1894),#1929,.T.);
#1894 = FACE_BOUND('',#1895,.T.);
#1895 = EDGE_LOOP('',(#1896,#1904,#1905,#1906,#1907,#1913,#1914,#1915,
    #1923));
#1896 = ORIENTED_EDGE('',*,*,#1897,.T.);
#1897 = EDGE_CURVE('',#1898,#1376,#1900,.T.);
#1898 = VERTEX_POINT('',#1899);
#1899 = CARTESIAN_POINT('',(12.,16.,8.));
#1900 = LINE('',#1901,#1902);
#1901 = CARTESIAN_POINT('',(12.,16.,6.));
#1902 = VECTOR('',#1903,1.);
#1903 = DIRECTION('',(0.,0.,-1.));
#1904 = ORIENTED_EDGE('',*,*,#1375,.F.);
#1905 = ORIENTED_EDGE('',*,*,#676,.F.);
#1906 = ORIENTED_EDGE('',*,*,#1875,.T.);
#1907 = ORIENTED_EDGE('',*,*,#1908,.T.);
#1908 = EDGE_CURVE('',#1876,#1198,#1909,.T.);
#1909 = LINE('',#1910,#1911);
#1910 = CARTESIAN_POINT('',(0.,16.,59.));
#1911 = VECTOR('',#1912,1.);
#1912 = DIRECTION('',(1.,0.,0.));
#1913 = ORIENTED_EDGE('',*,*,#1197,.F.);
#1914 = ORIENTED_EDGE('',*,*,#1133,.F.);
#1915 = ORIENTED_EDGE('',*,*,#1916,.T.);
#1916 = EDGE_CURVE('',#1124,#1917,#1919,.T.);
#1917 = VERTEX_POINT('',#1918);
#1918 = CARTESIAN_POINT('',(14.3,16.,8.));
#1919 = LINE('',#1920,#1921);
#1920 = CARTESIAN_POINT('',(14.3,16.,10.5));
#1921 = VECTOR('',#1922,1.);
#1922 = DIRECTION('',(0.,0.,-1.));
#1923 = ORIENTED_EDGE('',*,*,#1924,.F.);
#1924 = EDGE_CURVE('',#1898,#1917,#1925,.T.);
#1925 = LINE('',#1926,#1927);
#1926 = CARTESIAN_POINT('',(6.,16.,8.));
#1927 = VECTOR('',#1928,1.);
#1928 = DIRECTION('',(1.,0.,0.));
#1929 = PLANE('',#1930);
#1930 = AXIS2_PLACEMENT_3D('',#1931,#1932,#1933);
#1931 = CARTESIAN_POINT('',(0.,16.,6.));
#1932 = DIRECTION('',(0.,1.,0.));
#1933 = DIRECTION('',(0.,0.,1.));
#1934 = ADVANCED_FACE('',(#1935),#1963,.T.);
#1935 = FACE_BOUND('',#1936,.T.);
#1936 = EDGE_LOOP('',(#1937,#1938,#1939,#1940,#1948,#1957));
#1937 = ORIENTED_EDGE('',*,*,#1719,.T.);
#1938 = ORIENTED_EDGE('',*,*,#684,.T.);
#1939 = ORIENTED_EDGE('',*,*,#1367,.T.);
#1940 = ORIENTED_EDGE('',*,*,#1941,.T.);
#1941 = EDGE_CURVE('',#1368,#1942,#1944,.T.);
#1942 = VERTEX_POINT('',#1943);
#1943 = CARTESIAN_POINT('',(1.,122.,6.));
#1944 = LINE('',#1945,#1946);
#1945 = CARTESIAN_POINT('',(1.,10.,6.));
#1946 = VECTOR('',#1947,1.);
#1947 = DIRECTION('',(0.,1.,0.));
#1948 = ORIENTED_EDGE('',*,*,#1949,.F.);
#1949 = EDGE_CURVE('',#1950,#1942,#1952,.T.);
#1950 = VERTEX_POINT('',#1951);
#1951 = CARTESIAN_POINT('',(-2.22044604925E-16,122.,5.));
#1952 = CIRCLE('',#1953,1.);
#1953 = AXIS2_PLACEMENT_3D('',#1954,#1955,#1956);
#1954 = CARTESIAN_POINT('',(1.,122.,5.));
#1955 = DIRECTION('',(0.,1.,-0.));
#1956 = DIRECTION('',(-1.,0.,0.));
#1957 = ORIENTED_EDGE('',*,*,#1958,.F.);
#1958 = EDGE_CURVE('',#1711,#1950,#1959,.T.);
#1959 = LINE('',#1960,#1961);
#1960 = CARTESIAN_POINT('',(-2.22044604925E-16,10.,5.));
#1961 = VECTOR('',#1962,1.);
#1962 = DIRECTION('',(0.,1.,0.));
#1963 = CYLINDRICAL_SURFACE('',#1964,1.);
#1964 = AXIS2_PLACEMENT_3D('',#1965,#1966,#1967);
#1965 = CARTESIAN_POINT('',(1.,10.,5.));
#1966 = DIRECTION('',(0.,1.,0.));
#1967 = DIRECTION('',(-1.,0.,0.));
#1968 = ADVANCED_FACE('',(#1969),#1985,.T.);
#1969 = FACE_BOUND('',#1970,.T.);
#1970 = EDGE_LOOP('',(#1971,#1977,#1978,#1984));
#1971 = ORIENTED_EDGE('',*,*,#1972,.F.);
#1972 = EDGE_CURVE('',#1014,#726,#1973,.T.);
#1973 = LINE('',#1974,#1975);
#1974 = CARTESIAN_POINT('',(12.,92.,8.));
#1975 = VECTOR('',#1976,1.);
#1976 = DIRECTION('',(1.,0.,0.));
#1977 = ORIENTED_EDGE('',*,*,#1013,.F.);
#1978 = ORIENTED_EDGE('',*,*,#1979,.T.);
#1979 = EDGE_CURVE('',#1006,#734,#1980,.T.);
#1980 = LINE('',#1981,#1982);
#1981 = CARTESIAN_POINT('',(15.3,2.,8.));
#1982 = VECTOR('',#1983,1.);
#1983 = DIRECTION('',(1.,0.,0.));
#1984 = ORIENTED_EDGE('',*,*,#733,.T.);
#1985 = PLANE('',#1986);
#1986 = AXIS2_PLACEMENT_3D('',#1987,#1988,#1989);
#1987 = CARTESIAN_POINT('',(12.,0.,8.));
#1988 = DIRECTION('',(0.,0.,1.));
#1989 = DIRECTION('',(1.,0.,0.));
#1990 = ADVANCED_FACE('',(#1991),#2040,.T.);
#1991 = FACE_BOUND('',#1992,.T.);
#1992 = EDGE_LOOP('',(#1993,#1994,#2002,#2010,#2016,#2017,#2025,#2031,
    #2032,#2033,#2034));
#1993 = ORIENTED_EDGE('',*,*,#1391,.F.);
#1994 = ORIENTED_EDGE('',*,*,#1995,.T.);
#1995 = EDGE_CURVE('',#1384,#1996,#1998,.T.);
#1996 = VERTEX_POINT('',#1997);
#1997 = CARTESIAN_POINT('',(12.,92.,8.));
#1998 = LINE('',#1999,#2000);
#1999 = CARTESIAN_POINT('',(12.,92.,6.));
#2000 = VECTOR('',#2001,1.);
#2001 = DIRECTION('',(0.,0.,1.));
#2002 = ORIENTED_EDGE('',*,*,#2003,.T.);
#2003 = EDGE_CURVE('',#1996,#2004,#2006,.T.);
#2004 = VERTEX_POINT('',#2005);
#2005 = CARTESIAN_POINT('',(14.3,92.,8.));
#2006 = LINE('',#2007,#2008);
#2007 = CARTESIAN_POINT('',(12.,92.,8.));
#2008 = VECTOR('',#2009,1.);
#2009 = DIRECTION('',(1.,0.,0.));
#2010 = ORIENTED_EDGE('',*,*,#2011,.T.);
#2011 = EDGE_CURVE('',#2004,#1126,#2012,.T.);
#2012 = LINE('',#2013,#2014);
#2013 = CARTESIAN_POINT('',(14.3,92.,8.));
#2014 = VECTOR('',#2015,1.);
#2015 = DIRECTION('',(0.,0.,1.));
#2016 = ORIENTED_EDGE('',*,*,#1181,.T.);
#2017 = ORIENTED_EDGE('',*,*,#2018,.T.);
#2018 = EDGE_CURVE('',#1174,#2019,#2021,.T.);
#2019 = VERTEX_POINT('',#2020);
#2020 = CARTESIAN_POINT('',(17.5,92.,14.9));
#2021 = LINE('',#2022,#2023);
#2022 = CARTESIAN_POINT('',(17.5,92.,12.875204918033));
#2023 = VECTOR('',#2024,1.);
#2024 = DIRECTION('',(0.,0.,-1.));
#2025 = ORIENTED_EDGE('',*,*,#2026,.T.);
#2026 = EDGE_CURVE('',#2019,#1022,#2027,.T.);
#2027 = LINE('',#2028,#2029);
#2028 = CARTESIAN_POINT('',(17.293647540984,92.,14.9));
#2029 = VECTOR('',#2030,1.);
#2030 = DIRECTION('',(1.,0.,0.));
#2031 = ORIENTED_EDGE('',*,*,#1021,.F.);
#2032 = ORIENTED_EDGE('',*,*,#1972,.T.);
#2033 = ORIENTED_EDGE('',*,*,#725,.F.);
#2034 = ORIENTED_EDGE('',*,*,#2035,.F.);
#2035 = EDGE_CURVE('',#1392,#718,#2036,.T.);
#2036 = LINE('',#2037,#2038);
#2037 = CARTESIAN_POINT('',(12.,92.,6.));
#2038 = VECTOR('',#2039,1.);
#2039 = DIRECTION('',(1.,0.,0.));
#2040 = PLANE('',#2041);
#2041 = AXIS2_PLACEMENT_3D('',#2042,#2043,#2044);
#2042 = CARTESIAN_POINT('',(17.087295081967,92.,10.850409836066));
#2043 = DIRECTION('',(0.,1.,0.));
#2044 = DIRECTION('',(0.,0.,1.));
#2045 = ADVANCED_FACE('',(#2046),#2064,.F.);
#2046 = FACE_BOUND('',#2047,.F.);
#2047 = EDGE_LOOP('',(#2048,#2049,#2057,#2063));
#2048 = ORIENTED_EDGE('',*,*,#2035,.F.);
#2049 = ORIENTED_EDGE('',*,*,#2050,.F.);
#2050 = EDGE_CURVE('',#2051,#1392,#2053,.T.);
#2051 = VERTEX_POINT('',#2052);
#2052 = CARTESIAN_POINT('',(16.,17.,6.));
#2053 = LINE('',#2054,#2055);
#2054 = CARTESIAN_POINT('',(16.,8.5,6.));
#2055 = VECTOR('',#2056,1.);
#2056 = DIRECTION('',(0.,1.,0.));
#2057 = ORIENTED_EDGE('',*,*,#2058,.F.);
#2058 = EDGE_CURVE('',#710,#2051,#2059,.T.);
#2059 = LINE('',#2060,#2061);
#2060 = CARTESIAN_POINT('',(8.,17.,6.));
#2061 = VECTOR('',#2062,1.);
#2062 = DIRECTION('',(-1.,0.,0.));
#2063 = ORIENTED_EDGE('',*,*,#717,.T.);
#2064 = PLANE('',#2065);
#2065 = AXIS2_PLACEMENT_3D('',#2066,#2067,#2068);
#2066 = CARTESIAN_POINT('',(12.,0.,6.));
#2067 = DIRECTION('',(0.,0.,1.));
#2068 = DIRECTION('',(1.,0.,0.));
#2069 = ADVANCED_FACE('',(#2070),#2078,.T.);
#2070 = FACE_BOUND('',#2071,.T.);
#2071 = EDGE_LOOP('',(#2072,#2073,#2074,#2075,#2076,#2077));
#2072 = ORIENTED_EDGE('',*,*,#1979,.F.);
#2073 = ORIENTED_EDGE('',*,*,#1005,.T.);
#2074 = ORIENTED_EDGE('',*,*,#989,.T.);
#2075 = ORIENTED_EDGE('',*,*,#932,.F.);
#2076 = ORIENTED_EDGE('',*,*,#1580,.F.);
#2077 = ORIENTED_EDGE('',*,*,#758,.F.);
#2078 = PLANE('',#2079);
#2079 = AXIS2_PLACEMENT_3D('',#2080,#2081,#2082);
#2080 = CARTESIAN_POINT('',(15.3,2.,8.));
#2081 = DIRECTION('',(0.,1.,0.));
#2082 = DIRECTION('',(0.,0.,1.));
#2083 = ADVANCED_FACE('',(#2084),#2095,.T.);
#2084 = FACE_BOUND('',#2085,.T.);
#2085 = EDGE_LOOP('',(#2086,#2092,#2093,#2094));
#2086 = ORIENTED_EDGE('',*,*,#2087,.T.);
#2087 = EDGE_CURVE('',#797,#884,#2088,.T.);
#2088 = LINE('',#2089,#2090);
#2089 = CARTESIAN_POINT('',(122.9,92.,12.875204918033));
#2090 = VECTOR('',#2091,1.);
#2091 = DIRECTION('',(0.,0.,-1.));
#2092 = ORIENTED_EDGE('',*,*,#883,.F.);
#2093 = ORIENTED_EDGE('',*,*,#868,.T.);
#2094 = ORIENTED_EDGE('',*,*,#794,.T.);
#2095 = PLANE('',#2096);
#2096 = AXIS2_PLACEMENT_3D('',#2097,#2098,#2099);
#2097 = CARTESIAN_POINT('',(124.91270491803,92.,10.850409836066));
#2098 = DIRECTION('',(0.,1.,0.));
#2099 = DIRECTION('',(0.,0.,1.));
#2100 = ADVANCED_FACE('',(#2101),#2112,.T.);
#2101 = FACE_BOUND('',#2102,.T.);
#2102 = EDGE_LOOP('',(#2103,#2109,#2110,#2111));
#2103 = ORIENTED_EDGE('',*,*,#2104,.F.);
#2104 = EDGE_CURVE('',#902,#838,#2105,.T.);
#2105 = LINE('',#2106,#2107);
#2106 = CARTESIAN_POINT('',(122.9,83.7,14.9));
#2107 = VECTOR('',#2108,1.);
#2108 = DIRECTION('',(0.,0.,1.));
#2109 = ORIENTED_EDGE('',*,*,#909,.T.);
#2110 = ORIENTED_EDGE('',*,*,#2087,.F.);
#2111 = ORIENTED_EDGE('',*,*,#845,.F.);
#2112 = PLANE('',#2113);
#2113 = AXIS2_PLACEMENT_3D('',#2114,#2115,#2116);
#2114 = CARTESIAN_POINT('',(122.9,83.7,14.9));
#2115 = DIRECTION('',(1.,0.,0.));
#2116 = DIRECTION('',(0.,0.,1.));
#2117 = ADVANCED_FACE('',(#2118),#2138,.T.);
#2118 = FACE_BOUND('',#2119,.T.);
#2119 = EDGE_LOOP('',(#2120,#2128,#2129,#2130,#2131,#2132));
#2120 = ORIENTED_EDGE('',*,*,#2121,.F.);
#2121 = EDGE_CURVE('',#957,#2122,#2124,.T.);
#2122 = VERTEX_POINT('',#2123);
#2123 = CARTESIAN_POINT('',(124.5,83.7,14.9));
#2124 = LINE('',#2125,#2126);
#2125 = CARTESIAN_POINT('',(122.9,83.7,14.9));
#2126 = VECTOR('',#2127,1.);
#2127 = DIRECTION('',(1.,0.,0.));
#2128 = ORIENTED_EDGE('',*,*,#964,.T.);
#2129 = ORIENTED_EDGE('',*,*,#901,.T.);
#2130 = ORIENTED_EDGE('',*,*,#2104,.T.);
#2131 = ORIENTED_EDGE('',*,*,#837,.F.);
#2132 = ORIENTED_EDGE('',*,*,#2133,.F.);
#2133 = EDGE_CURVE('',#2122,#830,#2134,.T.);
#2134 = LINE('',#2135,#2136);
#2135 = CARTESIAN_POINT('',(124.5,83.7,14.9));
#2136 = VECTOR('',#2137,1.);
#2137 = DIRECTION('',(0.,0.,1.));
#2138 = PLANE('',#2139);
#2139 = AXIS2_PLACEMENT_3D('',#2140,#2141,#2142);
#2140 = CARTESIAN_POINT('',(122.9,83.7,14.9));
#2141 = DIRECTION('',(0.,1.,0.));
#2142 = DIRECTION('',(0.,0.,1.));
#2143 = ADVANCED_FACE('',(#2144),#2155,.F.);
#2144 = FACE_BOUND('',#2145,.F.);
#2145 = EDGE_LOOP('',(#2146,#2147,#2153,#2154));
#2146 = ORIENTED_EDGE('',*,*,#2133,.F.);
#2147 = ORIENTED_EDGE('',*,*,#2148,.T.);
#2148 = EDGE_CURVE('',#2122,#1611,#2149,.T.);
#2149 = LINE('',#2150,#2151);
#2150 = CARTESIAN_POINT('',(124.5,83.7,14.9));
#2151 = VECTOR('',#2152,1.);
#2152 = DIRECTION('',(0.,1.,0.));
#2153 = ORIENTED_EDGE('',*,*,#1618,.F.);
#2154 = ORIENTED_EDGE('',*,*,#829,.F.);
#2155 = PLANE('',#2156);
#2156 = AXIS2_PLACEMENT_3D('',#2157,#2158,#2159);
#2157 = CARTESIAN_POINT('',(124.5,83.7,14.9));
#2158 = DIRECTION('',(1.,0.,0.));
#2159 = DIRECTION('',(0.,0.,1.));
#2160 = ADVANCED_FACE('',(#2161),#2167,.T.);
#2161 = FACE_BOUND('',#2162,.T.);
#2162 = EDGE_LOOP('',(#2163,#2164,#2165,#2166));
#2163 = ORIENTED_EDGE('',*,*,#956,.T.);
#2164 = ORIENTED_EDGE('',*,*,#2121,.T.);
#2165 = ORIENTED_EDGE('',*,*,#2148,.T.);
#2166 = ORIENTED_EDGE('',*,*,#1610,.F.);
#2167 = PLANE('',#2168);
#2168 = AXIS2_PLACEMENT_3D('',#2169,#2170,#2171);
#2169 = CARTESIAN_POINT('',(122.9,83.7,14.9));
#2170 = DIRECTION('',(0.,0.,1.));
#2171 = DIRECTION('',(1.,0.,0.));
#2172 = ADVANCED_FACE('',(#2173),#2198,.T.);
#2173 = FACE_BOUND('',#2174,.T.);
#2174 = EDGE_LOOP('',(#2175,#2183,#2189,#2190,#2196,#2197));
#2175 = ORIENTED_EDGE('',*,*,#2176,.F.);
#2176 = EDGE_CURVE('',#2177,#1030,#2179,.T.);
#2177 = VERTEX_POINT('',#2178);
#2178 = CARTESIAN_POINT('',(17.5,83.7,14.9));
#2179 = LINE('',#2180,#2181);
#2180 = CARTESIAN_POINT('',(17.5,83.7,14.9));
#2181 = VECTOR('',#2182,1.);
#2182 = DIRECTION('',(1.,0.,0.));
#2183 = ORIENTED_EDGE('',*,*,#2184,.T.);
#2184 = EDGE_CURVE('',#2177,#1166,#2185,.T.);
#2185 = LINE('',#2186,#2187);
#2186 = CARTESIAN_POINT('',(17.5,83.7,14.9));
#2187 = VECTOR('',#2188,1.);
#2188 = DIRECTION('',(0.,0.,1.));
#2189 = ORIENTED_EDGE('',*,*,#1165,.F.);
#2190 = ORIENTED_EDGE('',*,*,#2191,.F.);
#2191 = EDGE_CURVE('',#1060,#1158,#2192,.T.);
#2192 = LINE('',#2193,#2194);
#2193 = CARTESIAN_POINT('',(19.1,83.7,14.9));
#2194 = VECTOR('',#2195,1.);
#2195 = DIRECTION('',(0.,0.,1.));
#2196 = ORIENTED_EDGE('',*,*,#1059,.T.);
#2197 = ORIENTED_EDGE('',*,*,#1037,.F.);
#2198 = PLANE('',#2199);
#2199 = AXIS2_PLACEMENT_3D('',#2200,#2201,#2202);
#2200 = CARTESIAN_POINT('',(17.5,83.7,14.9));
#2201 = DIRECTION('',(0.,1.,0.));
#2202 = DIRECTION('',(0.,0.,1.));
#2203 = ADVANCED_FACE('',(#2204),#2215,.T.);
#2204 = FACE_BOUND('',#2205,.T.);
#2205 = EDGE_LOOP('',(#2206,#2212,#2213,#2214));
#2206 = ORIENTED_EDGE('',*,*,#2207,.F.);
#2207 = EDGE_CURVE('',#2177,#2019,#2208,.T.);
#2208 = LINE('',#2209,#2210);
#2209 = CARTESIAN_POINT('',(17.5,83.7,14.9));
#2210 = VECTOR('',#2211,1.);
#2211 = DIRECTION('',(0.,1.,0.));
#2212 = ORIENTED_EDGE('',*,*,#2176,.T.);
#2213 = ORIENTED_EDGE('',*,*,#1029,.F.);
#2214 = ORIENTED_EDGE('',*,*,#2026,.F.);
#2215 = PLANE('',#2216);
#2216 = AXIS2_PLACEMENT_3D('',#2217,#2218,#2219);
#2217 = CARTESIAN_POINT('',(17.5,83.7,14.9));
#2218 = DIRECTION('',(0.,0.,1.));
#2219 = DIRECTION('',(1.,0.,0.));
#2220 = ADVANCED_FACE('',(#2221),#2232,.F.);
#2221 = FACE_BOUND('',#2222,.F.);
#2222 = EDGE_LOOP('',(#2223,#2224,#2225,#2231));
#2223 = ORIENTED_EDGE('',*,*,#2191,.F.);
#2224 = ORIENTED_EDGE('',*,*,#1085,.T.);
#2225 = ORIENTED_EDGE('',*,*,#2226,.F.);
#2226 = EDGE_CURVE('',#1150,#1078,#2227,.T.);
#2227 = LINE('',#2228,#2229);
#2228 = CARTESIAN_POINT('',(19.1,92.,12.875204918033));
#2229 = VECTOR('',#2230,1.);
#2230 = DIRECTION('',(0.,0.,-1.));
#2231 = ORIENTED_EDGE('',*,*,#1157,.F.);
#2232 = PLANE('',#2233);
#2233 = AXIS2_PLACEMENT_3D('',#2234,#2235,#2236);
#2234 = CARTESIAN_POINT('',(19.1,83.7,14.9));
#2235 = DIRECTION('',(1.,0.,0.));
#2236 = DIRECTION('',(0.,0.,1.));
#2237 = ADVANCED_FACE('',(#2238),#2244,.T.);
#2238 = FACE_BOUND('',#2239,.T.);
#2239 = EDGE_LOOP('',(#2240,#2241,#2242,#2243));
#2240 = ORIENTED_EDGE('',*,*,#2226,.F.);
#2241 = ORIENTED_EDGE('',*,*,#1149,.T.);
#2242 = ORIENTED_EDGE('',*,*,#1101,.F.);
#2243 = ORIENTED_EDGE('',*,*,#1077,.F.);
#2244 = PLANE('',#2245);
#2245 = AXIS2_PLACEMENT_3D('',#2246,#2247,#2248);
#2246 = CARTESIAN_POINT('',(17.087295081967,92.,10.850409836066));
#2247 = DIRECTION('',(0.,1.,0.));
#2248 = DIRECTION('',(0.,0.,1.));
#2249 = ADVANCED_FACE('',(#2250),#2261,.T.);
#2250 = FACE_BOUND('',#2251,.T.);
#2251 = EDGE_LOOP('',(#2252,#2253,#2254,#2255));
#2252 = ORIENTED_EDGE('',*,*,#1916,.F.);
#2253 = ORIENTED_EDGE('',*,*,#1123,.T.);
#2254 = ORIENTED_EDGE('',*,*,#2011,.F.);
#2255 = ORIENTED_EDGE('',*,*,#2256,.F.);
#2256 = EDGE_CURVE('',#1917,#2004,#2257,.T.);
#2257 = LINE('',#2258,#2259);
#2258 = CARTESIAN_POINT('',(14.3,0.,8.));
#2259 = VECTOR('',#2260,1.);
#2260 = DIRECTION('',(0.,1.,0.));
#2261 = PLANE('',#2262);
#2262 = AXIS2_PLACEMENT_3D('',#2263,#2264,#2265);
#2263 = CARTESIAN_POINT('',(14.3,54.,12.7));
#2264 = DIRECTION('',(-1.,-0.,-0.));
#2265 = DIRECTION('',(0.,0.,-1.));
#2266 = ADVANCED_FACE('',(#2267),#2273,.T.);
#2267 = FACE_BOUND('',#2268,.T.);
#2268 = EDGE_LOOP('',(#2269,#2270,#2271,#2272));
#2269 = ORIENTED_EDGE('',*,*,#2184,.F.);
#2270 = ORIENTED_EDGE('',*,*,#2207,.T.);
#2271 = ORIENTED_EDGE('',*,*,#2018,.F.);
#2272 = ORIENTED_EDGE('',*,*,#1173,.F.);
#2273 = PLANE('',#2274);
#2274 = AXIS2_PLACEMENT_3D('',#2275,#2276,#2277);
#2275 = CARTESIAN_POINT('',(17.5,83.7,14.9));
#2276 = DIRECTION('',(1.,0.,0.));
#2277 = DIRECTION('',(0.,0.,1.));
#2278 = ADVANCED_FACE('',(#2279),#2298,.T.);
#2279 = FACE_BOUND('',#2280,.T.);
#2280 = EDGE_LOOP('',(#2281,#2282,#2283,#2292));
#2281 = ORIENTED_EDGE('',*,*,#1219,.F.);
#2282 = ORIENTED_EDGE('',*,*,#1205,.T.);
#2283 = ORIENTED_EDGE('',*,*,#2284,.F.);
#2284 = EDGE_CURVE('',#2285,#1198,#2287,.T.);
#2285 = VERTEX_POINT('',#2286);
#2286 = CARTESIAN_POINT('',(15.,15.,60.));
#2287 = ELLIPSE('',#2288,1.414213562373,1.);
#2288 = AXIS2_PLACEMENT_3D('',#2289,#2290,#2291);
#2289 = CARTESIAN_POINT('',(15.,15.,59.));
#2290 = DIRECTION('',(-0.707106781187,0.707106781187,0.));
#2291 = DIRECTION('',(0.707106781187,0.707106781187,0.));
#2292 = ORIENTED_EDGE('',*,*,#2293,.F.);
#2293 = EDGE_CURVE('',#1220,#2285,#2294,.T.);
#2294 = LINE('',#2295,#2296);
#2295 = CARTESIAN_POINT('',(15.,0.,60.));
#2296 = VECTOR('',#2297,1.);
#2297 = DIRECTION('',(0.,1.,0.));
#2298 = CYLINDRICAL_SURFACE('',#2299,1.);
#2299 = AXIS2_PLACEMENT_3D('',#2300,#2301,#2302);
#2300 = CARTESIAN_POINT('',(15.,0.,59.));
#2301 = DIRECTION('',(0.,1.,0.));
#2302 = DIRECTION('',(0.,0.,1.));
#2303 = ADVANCED_FACE('',(#2304,#2331),#2342,.T.);
#2304 = FACE_BOUND('',#2305,.T.);
#2305 = EDGE_LOOP('',(#2306,#2307,#2308,#2316,#2324));
#2306 = ORIENTED_EDGE('',*,*,#1228,.F.);
#2307 = ORIENTED_EDGE('',*,*,#2293,.T.);
#2308 = ORIENTED_EDGE('',*,*,#2309,.F.);
#2309 = EDGE_CURVE('',#2310,#2285,#2312,.T.);
#2310 = VERTEX_POINT('',#2311);
#2311 = CARTESIAN_POINT('',(1.,15.,60.));
#2312 = LINE('',#2313,#2314);
#2313 = CARTESIAN_POINT('',(0.,15.,60.));
#2314 = VECTOR('',#2315,1.);
#2315 = DIRECTION('',(1.,0.,0.));
#2316 = ORIENTED_EDGE('',*,*,#2317,.F.);
#2317 = EDGE_CURVE('',#2318,#2310,#2320,.T.);
#2318 = VERTEX_POINT('',#2319);
#2319 = CARTESIAN_POINT('',(1.,10.,60.));
#2320 = LINE('',#2321,#2322);
#2321 = CARTESIAN_POINT('',(1.,10.,60.));
#2322 = VECTOR('',#2323,1.);
#2323 = DIRECTION('',(0.,1.,0.));
#2324 = ORIENTED_EDGE('',*,*,#2325,.F.);
#2325 = EDGE_CURVE('',#1229,#2318,#2326,.T.);
#2326 = CIRCLE('',#2327,9.);
#2327 = AXIS2_PLACEMENT_3D('',#2328,#2329,#2330);
#2328 = CARTESIAN_POINT('',(10.,10.,60.));
#2329 = DIRECTION('',(-0.,0.,-1.));
#2330 = DIRECTION('',(-1.7763568394E-16,-1.,0.));
#2331 = FACE_BOUND('',#2332,.T.);
#2332 = EDGE_LOOP('',(#2333));
#2333 = ORIENTED_EDGE('',*,*,#2334,.F.);
#2334 = EDGE_CURVE('',#2335,#2335,#2337,.T.);
#2335 = VERTEX_POINT('',#2336);
#2336 = CARTESIAN_POINT('',(11.4,8.,60.));
#2337 = CIRCLE('',#2338,3.4);
#2338 = AXIS2_PLACEMENT_3D('',#2339,#2340,#2341);
#2339 = CARTESIAN_POINT('',(8.,8.,60.));
#2340 = DIRECTION('',(0.,0.,1.));
#2341 = DIRECTION('',(1.,0.,0.));
#2342 = PLANE('',#2343);
#2343 = AXIS2_PLACEMENT_3D('',#2344,#2345,#2346);
#2344 = CARTESIAN_POINT('',(0.,0.,60.));
#2345 = DIRECTION('',(0.,0.,1.));
#2346 = DIRECTION('',(1.,0.,0.));
#2347 = ADVANCED_FACE('',(#2348),#2360,.T.);
#2348 = FACE_BOUND('',#2349,.F.);
#2349 = EDGE_LOOP('',(#2350,#2351,#2352,#2359));
#2350 = ORIENTED_EDGE('',*,*,#1236,.F.);
#2351 = ORIENTED_EDGE('',*,*,#1262,.T.);
#2352 = ORIENTED_EDGE('',*,*,#2353,.T.);
#2353 = EDGE_CURVE('',#1253,#2318,#2354,.T.);
#2354 = CIRCLE('',#2355,1.);
#2355 = AXIS2_PLACEMENT_3D('',#2356,#2357,#2358);
#2356 = CARTESIAN_POINT('',(1.,10.,59.));
#2357 = DIRECTION('',(-1.056412609424E-16,1.,0.));
#2358 = DIRECTION('',(-1.,-1.056412609424E-16,0.));
#2359 = ORIENTED_EDGE('',*,*,#2325,.F.);
#2360 = TOROIDAL_SURFACE('',#2361,9.,1.);
#2361 = AXIS2_PLACEMENT_3D('',#2362,#2363,#2364);
#2362 = CARTESIAN_POINT('',(10.,10.,59.));
#2363 = DIRECTION('',(0.,0.,1.));
#2364 = DIRECTION('',(-1.7763568394E-16,-1.,0.));
#2365 = ADVANCED_FACE('',(#2366),#2399,.F.);
#2366 = FACE_BOUND('',#2367,.F.);
#2367 = EDGE_LOOP('',(#2368,#2376,#2377,#2385,#2393));
#2368 = ORIENTED_EDGE('',*,*,#2369,.F.);
#2369 = EDGE_CURVE('',#1521,#2370,#2372,.T.);
#2370 = VERTEX_POINT('',#2371);
#2371 = CARTESIAN_POINT('',(16.,116.,59.));
#2372 = LINE('',#2373,#2374);
#2373 = CARTESIAN_POINT('',(16.,116.,6.));
#2374 = VECTOR('',#2375,1.);
#2375 = DIRECTION('',(0.,0.,1.));
#2376 = ORIENTED_EDGE('',*,*,#1528,.F.);
#2377 = ORIENTED_EDGE('',*,*,#2378,.F.);
#2378 = EDGE_CURVE('',#2379,#1368,#2381,.T.);
#2379 = VERTEX_POINT('',#2380);
#2380 = CARTESIAN_POINT('',(0.,116.,6.));
#2381 = LINE('',#2382,#2383);
#2382 = CARTESIAN_POINT('',(0.,116.,6.));
#2383 = VECTOR('',#2384,1.);
#2384 = DIRECTION('',(1.,0.,0.));
#2385 = ORIENTED_EDGE('',*,*,#2386,.T.);
#2386 = EDGE_CURVE('',#2379,#2387,#2389,.T.);
#2387 = VERTEX_POINT('',#2388);
#2388 = CARTESIAN_POINT('',(-2.22044604925E-16,116.,59.));
#2389 = LINE('',#2390,#2391);
#2390 = CARTESIAN_POINT('',(0.,116.,6.));
#2391 = VECTOR('',#2392,1.);
#2392 = DIRECTION('',(0.,0.,1.));
#2393 = ORIENTED_EDGE('',*,*,#2394,.T.);
#2394 = EDGE_CURVE('',#2387,#2370,#2395,.T.);
#2395 = LINE('',#2396,#2397);
#2396 = CARTESIAN_POINT('',(0.,116.,59.));
#2397 = VECTOR('',#2398,1.);
#2398 = DIRECTION('',(1.,0.,0.));
#2399 = PLANE('',#2400);
#2400 = AXIS2_PLACEMENT_3D('',#2401,#2402,#2403);
#2401 = CARTESIAN_POINT('',(0.,116.,6.));
#2402 = DIRECTION('',(0.,1.,0.));
#2403 = DIRECTION('',(0.,0.,1.));
#2404 = ADVANCED_FACE('',(#2405),#2431,.T.);
#2405 = FACE_BOUND('',#2406,.T.);
#2406 = EDGE_LOOP('',(#2407,#2408,#2409,#2417,#2425));
#2407 = ORIENTED_EDGE('',*,*,#2369,.F.);
#2408 = ORIENTED_EDGE('',*,*,#1520,.T.);
#2409 = ORIENTED_EDGE('',*,*,#2410,.T.);
#2410 = EDGE_CURVE('',#1513,#2411,#2413,.T.);
#2411 = VERTEX_POINT('',#2412);
#2412 = CARTESIAN_POINT('',(16.,132.,6.));
#2413 = LINE('',#2414,#2415);
#2414 = CARTESIAN_POINT('',(16.,116.,6.));
#2415 = VECTOR('',#2416,1.);
#2416 = DIRECTION('',(0.,1.,0.));
#2417 = ORIENTED_EDGE('',*,*,#2418,.T.);
#2418 = EDGE_CURVE('',#2411,#2419,#2421,.T.);
#2419 = VERTEX_POINT('',#2420);
#2420 = CARTESIAN_POINT('',(16.,132.,59.));
#2421 = LINE('',#2422,#2423);
#2422 = CARTESIAN_POINT('',(16.,132.,6.));
#2423 = VECTOR('',#2424,1.);
#2424 = DIRECTION('',(0.,0.,1.));
#2425 = ORIENTED_EDGE('',*,*,#2426,.F.);
#2426 = EDGE_CURVE('',#2370,#2419,#2427,.T.);
#2427 = LINE('',#2428,#2429);
#2428 = CARTESIAN_POINT('',(16.,116.,59.));
#2429 = VECTOR('',#2430,1.);
#2430 = DIRECTION('',(0.,1.,0.));
#2431 = PLANE('',#2432);
#2432 = AXIS2_PLACEMENT_3D('',#2433,#2434,#2435);
#2433 = CARTESIAN_POINT('',(16.,116.,6.));
#2434 = DIRECTION('',(1.,0.,0.));
#2435 = DIRECTION('',(0.,0.,1.));
#2436 = ADVANCED_FACE('',(#2437),#2465,.T.);
#2437 = FACE_BOUND('',#2438,.T.);
#2438 = EDGE_LOOP('',(#2439,#2450,#2456,#2457,#2458,#2459));
#2439 = ORIENTED_EDGE('',*,*,#2440,.T.);
#2440 = EDGE_CURVE('',#2441,#2443,#2445,.T.);
#2441 = VERTEX_POINT('',#2442);
#2442 = CARTESIAN_POINT('',(10.,132.,5.));
#2443 = VERTEX_POINT('',#2444);
#2444 = CARTESIAN_POINT('',(10.,131.,6.));
#2445 = CIRCLE('',#2446,1.);
#2446 = AXIS2_PLACEMENT_3D('',#2447,#2448,#2449);
#2447 = CARTESIAN_POINT('',(10.,131.,5.));
#2448 = DIRECTION('',(1.,6.123233995737E-17,-0.));
#2449 = DIRECTION('',(-6.123233995737E-17,1.,0.));
#2450 = ORIENTED_EDGE('',*,*,#2451,.T.);
#2451 = EDGE_CURVE('',#2443,#1513,#2452,.T.);
#2452 = LINE('',#2453,#2454);
#2453 = CARTESIAN_POINT('',(10.,131.,6.));
#2454 = VECTOR('',#2455,1.);
#2455 = DIRECTION('',(1.,0.,0.));
#2456 = ORIENTED_EDGE('',*,*,#1512,.T.);
#2457 = ORIENTED_EDGE('',*,*,#1843,.T.);
#2458 = ORIENTED_EDGE('',*,*,#1760,.F.);
#2459 = ORIENTED_EDGE('',*,*,#2460,.F.);
#2460 = EDGE_CURVE('',#2441,#1761,#2461,.T.);
#2461 = LINE('',#2462,#2463);
#2462 = CARTESIAN_POINT('',(10.,132.,5.));
#2463 = VECTOR('',#2464,1.);
#2464 = DIRECTION('',(1.,0.,0.));
#2465 = CYLINDRICAL_SURFACE('',#2466,1.);
#2466 = AXIS2_PLACEMENT_3D('',#2467,#2468,#2469);
#2467 = CARTESIAN_POINT('',(10.,131.,5.));
#2468 = DIRECTION('',(1.,0.,0.));
#2469 = DIRECTION('',(0.,1.,0.));
#2470 = ADVANCED_FACE('',(#2471),#2497,.F.);
#2471 = FACE_BOUND('',#2472,.F.);
#2472 = EDGE_LOOP('',(#2473,#2481,#2482,#2483,#2491));
#2473 = ORIENTED_EDGE('',*,*,#2474,.F.);
#2474 = EDGE_CURVE('',#1497,#2475,#2477,.T.);
#2475 = VERTEX_POINT('',#2476);
#2476 = CARTESIAN_POINT('',(126.,116.,59.));
#2477 = LINE('',#2478,#2479);
#2478 = CARTESIAN_POINT('',(126.,116.,6.));
#2479 = VECTOR('',#2480,1.);
#2480 = DIRECTION('',(0.,0.,1.));
#2481 = ORIENTED_EDGE('',*,*,#1504,.T.);
#2482 = ORIENTED_EDGE('',*,*,#1837,.T.);
#2483 = ORIENTED_EDGE('',*,*,#2484,.T.);
#2484 = EDGE_CURVE('',#1830,#2485,#2487,.T.);
#2485 = VERTEX_POINT('',#2486);
#2486 = CARTESIAN_POINT('',(126.,132.,59.));
#2487 = LINE('',#2488,#2489);
#2488 = CARTESIAN_POINT('',(126.,132.,6.));
#2489 = VECTOR('',#2490,1.);
#2490 = DIRECTION('',(0.,0.,1.));
#2491 = ORIENTED_EDGE('',*,*,#2492,.F.);
#2492 = EDGE_CURVE('',#2475,#2485,#2493,.T.);
#2493 = LINE('',#2494,#2495);
#2494 = CARTESIAN_POINT('',(126.,116.,59.));
#2495 = VECTOR('',#2496,1.);
#2496 = DIRECTION('',(0.,1.,0.));
#2497 = PLANE('',#2498);
#2498 = AXIS2_PLACEMENT_3D('',#2499,#2500,#2501);
#2499 = CARTESIAN_POINT('',(126.,116.,6.));
#2500 = DIRECTION('',(1.,0.,0.));
#2501 = DIRECTION('',(0.,0.,1.));
#2502 = ADVANCED_FACE('',(#2503),#2522,.F.);
#2503 = FACE_BOUND('',#2504,.F.);
#2504 = EDGE_LOOP('',(#2505,#2513,#2514,#2515,#2516));
#2505 = ORIENTED_EDGE('',*,*,#2506,.F.);
#2506 = EDGE_CURVE('',#1852,#2507,#2509,.T.);
#2507 = VERTEX_POINT('',#2508);
#2508 = CARTESIAN_POINT('',(142.,116.,59.));
#2509 = LINE('',#2510,#2511);
#2510 = CARTESIAN_POINT('',(142.,116.,6.));
#2511 = VECTOR('',#2512,1.);
#2512 = DIRECTION('',(0.,0.,1.));
#2513 = ORIENTED_EDGE('',*,*,#1851,.F.);
#2514 = ORIENTED_EDGE('',*,*,#1496,.F.);
#2515 = ORIENTED_EDGE('',*,*,#2474,.T.);
#2516 = ORIENTED_EDGE('',*,*,#2517,.T.);
#2517 = EDGE_CURVE('',#2475,#2507,#2518,.T.);
#2518 = LINE('',#2519,#2520);
#2519 = CARTESIAN_POINT('',(126.,116.,59.));
#2520 = VECTOR('',#2521,1.);
#2521 = DIRECTION('',(1.,0.,0.));
#2522 = PLANE('',#2523);
#2523 = AXIS2_PLACEMENT_3D('',#2524,#2525,#2526);
#2524 = CARTESIAN_POINT('',(126.,116.,6.));
#2525 = DIRECTION('',(0.,1.,0.));
#2526 = DIRECTION('',(0.,0.,1.));
#2527 = ADVANCED_FACE('',(#2528),#2561,.F.);
#2528 = FACE_BOUND('',#2529,.F.);
#2529 = EDGE_LOOP('',(#2530,#2538,#2546,#2552,#2553,#2559,#2560));
#2530 = ORIENTED_EDGE('',*,*,#2531,.F.);
#2531 = EDGE_CURVE('',#2532,#1656,#2534,.T.);
#2532 = VERTEX_POINT('',#2533);
#2533 = CARTESIAN_POINT('',(126.,17.,0.));
#2534 = LINE('',#2535,#2536);
#2535 = CARTESIAN_POINT('',(126.,17.,-1.));
#2536 = VECTOR('',#2537,1.);
#2537 = DIRECTION('',(0.,0.,1.));
#2538 = ORIENTED_EDGE('',*,*,#2539,.T.);
#2539 = EDGE_CURVE('',#2532,#2540,#2542,.T.);
#2540 = VERTEX_POINT('',#2541);
#2541 = CARTESIAN_POINT('',(126.,115.,0.));
#2542 = LINE('',#2543,#2544);
#2543 = CARTESIAN_POINT('',(126.,8.5,0.));
#2544 = VECTOR('',#2545,1.);
#2545 = DIRECTION('',(0.,1.,0.));
#2546 = ORIENTED_EDGE('',*,*,#2547,.T.);
#2547 = EDGE_CURVE('',#2540,#1440,#2548,.T.);
#2548 = LINE('',#2549,#2550);
#2549 = CARTESIAN_POINT('',(126.,115.,-1.));
#2550 = VECTOR('',#2551,1.);
#2551 = DIRECTION('',(0.,0.,1.));
#2552 = ORIENTED_EDGE('',*,*,#1447,.F.);
#2553 = ORIENTED_EDGE('',*,*,#2554,.F.);
#2554 = EDGE_CURVE('',#1472,#1448,#2555,.T.);
#2555 = LINE('',#2556,#2557);
#2556 = CARTESIAN_POINT('',(126.,8.5,6.));
#2557 = VECTOR('',#2558,1.);
#2558 = DIRECTION('',(0.,1.,0.));
#2559 = ORIENTED_EDGE('',*,*,#1479,.F.);
#2560 = ORIENTED_EDGE('',*,*,#1663,.F.);
#2561 = PLANE('',#2562);
#2562 = AXIS2_PLACEMENT_3D('',#2563,#2564,#2565);
#2563 = CARTESIAN_POINT('',(126.,17.,-1.));
#2564 = DIRECTION('',(1.,0.,0.));
#2565 = DIRECTION('',(0.,0.,1.));
#2566 = ADVANCED_FACE('',(#2567),#2600,.F.);
#2567 = FACE_BOUND('',#2568,.F.);
#2568 = EDGE_LOOP('',(#2569,#2577,#2585,#2593,#2599));
#2569 = ORIENTED_EDGE('',*,*,#2570,.F.);
#2570 = EDGE_CURVE('',#2571,#1472,#2573,.T.);
#2571 = VERTEX_POINT('',#2572);
#2572 = CARTESIAN_POINT('',(125.,93.,6.));
#2573 = LINE('',#2574,#2575);
#2574 = CARTESIAN_POINT('',(125.,93.,6.));
#2575 = VECTOR('',#2576,1.);
#2576 = DIRECTION('',(1.,0.,0.));
#2577 = ORIENTED_EDGE('',*,*,#2578,.T.);
#2578 = EDGE_CURVE('',#2571,#2579,#2581,.T.);
#2579 = VERTEX_POINT('',#2580);
#2580 = CARTESIAN_POINT('',(125.,93.,8.));
#2581 = LINE('',#2582,#2583);
#2582 = CARTESIAN_POINT('',(125.,93.,6.));
#2583 = VECTOR('',#2584,1.);
#2584 = DIRECTION('',(0.,0.,1.));
#2585 = ORIENTED_EDGE('',*,*,#2586,.T.);
#2586 = EDGE_CURVE('',#2579,#2587,#2589,.T.);
#2587 = VERTEX_POINT('',#2588);
#2588 = CARTESIAN_POINT('',(131.,93.,8.));
#2589 = LINE('',#2590,#2591);
#2590 = CARTESIAN_POINT('',(125.,93.,8.));
#2591 = VECTOR('',#2592,1.);
#2592 = DIRECTION('',(1.,0.,0.));
#2593 = ORIENTED_EDGE('',*,*,#2594,.F.);
#2594 = EDGE_CURVE('',#1464,#2587,#2595,.T.);
#2595 = LINE('',#2596,#2597);
#2596 = CARTESIAN_POINT('',(131.,93.,6.));
#2597 = VECTOR('',#2598,1.);
#2598 = DIRECTION('',(0.,0.,1.));
#2599 = ORIENTED_EDGE('',*,*,#1471,.F.);
#2600 = PLANE('',#2601);
#2601 = AXIS2_PLACEMENT_3D('',#2602,#2603,#2604);
#2602 = CARTESIAN_POINT('',(125.,93.,6.));
#2603 = DIRECTION('',(0.,1.,0.));
#2604 = DIRECTION('',(0.,0.,1.));
#2605 = ADVANCED_FACE('',(#2606),#2624,.T.);
#2606 = FACE_BOUND('',#2607,.T.);
#2607 = EDGE_LOOP('',(#2608,#2609,#2610,#2618));
#2608 = ORIENTED_EDGE('',*,*,#2594,.F.);
#2609 = ORIENTED_EDGE('',*,*,#1463,.T.);
#2610 = ORIENTED_EDGE('',*,*,#2611,.T.);
#2611 = EDGE_CURVE('',#1456,#2612,#2614,.T.);
#2612 = VERTEX_POINT('',#2613);
#2613 = CARTESIAN_POINT('',(131.,99.,8.));
#2614 = LINE('',#2615,#2616);
#2615 = CARTESIAN_POINT('',(131.,99.,6.));
#2616 = VECTOR('',#2617,1.);
#2617 = DIRECTION('',(0.,0.,1.));
#2618 = ORIENTED_EDGE('',*,*,#2619,.F.);
#2619 = EDGE_CURVE('',#2587,#2612,#2620,.T.);
#2620 = LINE('',#2621,#2622);
#2621 = CARTESIAN_POINT('',(131.,93.,8.));
#2622 = VECTOR('',#2623,1.);
#2623 = DIRECTION('',(0.,1.,0.));
#2624 = PLANE('',#2625);
#2625 = AXIS2_PLACEMENT_3D('',#2626,#2627,#2628);
#2626 = CARTESIAN_POINT('',(131.,93.,6.));
#2627 = DIRECTION('',(1.,0.,0.));
#2628 = DIRECTION('',(0.,0.,1.));
#2629 = ADVANCED_FACE('',(#2630),#2656,.T.);
#2630 = FACE_BOUND('',#2631,.T.);
#2631 = EDGE_LOOP('',(#2632,#2640,#2648,#2654,#2655));
#2632 = ORIENTED_EDGE('',*,*,#2633,.F.);
#2633 = EDGE_CURVE('',#2634,#1448,#2636,.T.);
#2634 = VERTEX_POINT('',#2635);
#2635 = CARTESIAN_POINT('',(125.,99.,6.));
#2636 = LINE('',#2637,#2638);
#2637 = CARTESIAN_POINT('',(125.,99.,6.));
#2638 = VECTOR('',#2639,1.);
#2639 = DIRECTION('',(1.,0.,0.));
#2640 = ORIENTED_EDGE('',*,*,#2641,.T.);
#2641 = EDGE_CURVE('',#2634,#2642,#2644,.T.);
#2642 = VERTEX_POINT('',#2643);
#2643 = CARTESIAN_POINT('',(125.,99.,8.));
#2644 = LINE('',#2645,#2646);
#2645 = CARTESIAN_POINT('',(125.,99.,6.));
#2646 = VECTOR('',#2647,1.);
#2647 = DIRECTION('',(0.,0.,1.));
#2648 = ORIENTED_EDGE('',*,*,#2649,.T.);
#2649 = EDGE_CURVE('',#2642,#2612,#2650,.T.);
#2650 = LINE('',#2651,#2652);
#2651 = CARTESIAN_POINT('',(125.,99.,8.));
#2652 = VECTOR('',#2653,1.);
#2653 = DIRECTION('',(1.,0.,0.));
#2654 = ORIENTED_EDGE('',*,*,#2611,.F.);
#2655 = ORIENTED_EDGE('',*,*,#1455,.F.);
#2656 = PLANE('',#2657);
#2657 = AXIS2_PLACEMENT_3D('',#2658,#2659,#2660);
#2658 = CARTESIAN_POINT('',(125.,99.,6.));
#2659 = DIRECTION('',(0.,1.,0.));
#2660 = DIRECTION('',(0.,0.,1.));
#2661 = ADVANCED_FACE('',(#2662),#2680,.F.);
#2662 = FACE_BOUND('',#2663,.F.);
#2663 = EDGE_LOOP('',(#2664,#2665,#2673,#2679));
#2664 = ORIENTED_EDGE('',*,*,#2547,.F.);
#2665 = ORIENTED_EDGE('',*,*,#2666,.T.);
#2666 = EDGE_CURVE('',#2540,#2667,#2669,.T.);
#2667 = VERTEX_POINT('',#2668);
#2668 = CARTESIAN_POINT('',(16.,115.,0.));
#2669 = LINE('',#2670,#2671);
#2670 = CARTESIAN_POINT('',(8.,115.,0.));
#2671 = VECTOR('',#2672,1.);
#2672 = DIRECTION('',(-1.,0.,0.));
#2673 = ORIENTED_EDGE('',*,*,#2674,.T.);
#2674 = EDGE_CURVE('',#2667,#1432,#2675,.T.);
#2675 = LINE('',#2676,#2677);
#2676 = CARTESIAN_POINT('',(16.,115.,-1.));
#2677 = VECTOR('',#2678,1.);
#2678 = DIRECTION('',(0.,0.,1.));
#2679 = ORIENTED_EDGE('',*,*,#1439,.F.);
#2680 = PLANE('',#2681);
#2681 = AXIS2_PLACEMENT_3D('',#2682,#2683,#2684);
#2682 = CARTESIAN_POINT('',(16.,115.,-1.));
#2683 = DIRECTION('',(0.,1.,0.));
#2684 = DIRECTION('',(0.,0.,1.));
#2685 = ADVANCED_FACE('',(#2686),#2712,.T.);
#2686 = FACE_BOUND('',#2687,.T.);
#2687 = EDGE_LOOP('',(#2688,#2696,#2702,#2703,#2704,#2710,#2711));
#2688 = ORIENTED_EDGE('',*,*,#2689,.F.);
#2689 = EDGE_CURVE('',#2690,#2051,#2692,.T.);
#2690 = VERTEX_POINT('',#2691);
#2691 = CARTESIAN_POINT('',(16.,17.,0.));
#2692 = LINE('',#2693,#2694);
#2693 = CARTESIAN_POINT('',(16.,17.,-1.));
#2694 = VECTOR('',#2695,1.);
#2695 = DIRECTION('',(0.,0.,1.));
#2696 = ORIENTED_EDGE('',*,*,#2697,.T.);
#2697 = EDGE_CURVE('',#2690,#2667,#2698,.T.);
#2698 = LINE('',#2699,#2700);
#2699 = CARTESIAN_POINT('',(16.,8.5,0.));
#2700 = VECTOR('',#2701,1.);
#2701 = DIRECTION('',(0.,1.,0.));
#2702 = ORIENTED_EDGE('',*,*,#2674,.T.);
#2703 = ORIENTED_EDGE('',*,*,#1431,.F.);
#2704 = ORIENTED_EDGE('',*,*,#2705,.F.);
#2705 = EDGE_CURVE('',#1400,#1424,#2706,.T.);
#2706 = LINE('',#2707,#2708);
#2707 = CARTESIAN_POINT('',(16.,8.5,6.));
#2708 = VECTOR('',#2709,1.);
#2709 = DIRECTION('',(0.,1.,0.));
#2710 = ORIENTED_EDGE('',*,*,#1399,.F.);
#2711 = ORIENTED_EDGE('',*,*,#2050,.F.);
#2712 = PLANE('',#2713);
#2713 = AXIS2_PLACEMENT_3D('',#2714,#2715,#2716);
#2714 = CARTESIAN_POINT('',(16.,17.,-1.));
#2715 = DIRECTION('',(1.,0.,0.));
#2716 = DIRECTION('',(0.,0.,1.));
#2717 = ADVANCED_FACE('',(#2718),#2751,.T.);
#2718 = FACE_BOUND('',#2719,.T.);
#2719 = EDGE_LOOP('',(#2720,#2721,#2729,#2737,#2745));
#2720 = ORIENTED_EDGE('',*,*,#1423,.F.);
#2721 = ORIENTED_EDGE('',*,*,#2722,.T.);
#2722 = EDGE_CURVE('',#1416,#2723,#2725,.T.);
#2723 = VERTEX_POINT('',#2724);
#2724 = CARTESIAN_POINT('',(11.,99.,8.));
#2725 = LINE('',#2726,#2727);
#2726 = CARTESIAN_POINT('',(11.,99.,6.));
#2727 = VECTOR('',#2728,1.);
#2728 = DIRECTION('',(0.,0.,1.));
#2729 = ORIENTED_EDGE('',*,*,#2730,.T.);
#2730 = EDGE_CURVE('',#2723,#2731,#2733,.T.);
#2731 = VERTEX_POINT('',#2732);
#2732 = CARTESIAN_POINT('',(17.,99.,8.));
#2733 = LINE('',#2734,#2735);
#2734 = CARTESIAN_POINT('',(11.,99.,8.));
#2735 = VECTOR('',#2736,1.);
#2736 = DIRECTION('',(1.,0.,0.));
#2737 = ORIENTED_EDGE('',*,*,#2738,.F.);
#2738 = EDGE_CURVE('',#2739,#2731,#2741,.T.);
#2739 = VERTEX_POINT('',#2740);
#2740 = CARTESIAN_POINT('',(17.,99.,6.));
#2741 = LINE('',#2742,#2743);
#2742 = CARTESIAN_POINT('',(17.,99.,6.));
#2743 = VECTOR('',#2744,1.);
#2744 = DIRECTION('',(0.,0.,1.));
#2745 = ORIENTED_EDGE('',*,*,#2746,.F.);
#2746 = EDGE_CURVE('',#1424,#2739,#2747,.T.);
#2747 = LINE('',#2748,#2749);
#2748 = CARTESIAN_POINT('',(11.,99.,6.));
#2749 = VECTOR('',#2750,1.);
#2750 = DIRECTION('',(1.,0.,0.));
#2751 = PLANE('',#2752);
#2752 = AXIS2_PLACEMENT_3D('',#2753,#2754,#2755);
#2753 = CARTESIAN_POINT('',(11.,99.,6.));
#2754 = DIRECTION('',(0.,1.,0.));
#2755 = DIRECTION('',(0.,0.,1.));
#2756 = ADVANCED_FACE('',(#2757),#2775,.F.);
#2757 = FACE_BOUND('',#2758,.F.);
#2758 = EDGE_LOOP('',(#2759,#2767,#2768,#2769));
#2759 = ORIENTED_EDGE('',*,*,#2760,.F.);
#2760 = EDGE_CURVE('',#1408,#2761,#2763,.T.);
#2761 = VERTEX_POINT('',#2762);
#2762 = CARTESIAN_POINT('',(11.,93.,8.));
#2763 = LINE('',#2764,#2765);
#2764 = CARTESIAN_POINT('',(11.,93.,6.));
#2765 = VECTOR('',#2766,1.);
#2766 = DIRECTION('',(0.,0.,1.));
#2767 = ORIENTED_EDGE('',*,*,#1415,.T.);
#2768 = ORIENTED_EDGE('',*,*,#2722,.T.);
#2769 = ORIENTED_EDGE('',*,*,#2770,.F.);
#2770 = EDGE_CURVE('',#2761,#2723,#2771,.T.);
#2771 = LINE('',#2772,#2773);
#2772 = CARTESIAN_POINT('',(11.,93.,8.));
#2773 = VECTOR('',#2774,1.);
#2774 = DIRECTION('',(0.,1.,0.));
#2775 = PLANE('',#2776);
#2776 = AXIS2_PLACEMENT_3D('',#2777,#2778,#2779);
#2777 = CARTESIAN_POINT('',(11.,93.,6.));
#2778 = DIRECTION('',(1.,0.,0.));
#2779 = DIRECTION('',(0.,0.,1.));
#2780 = ADVANCED_FACE('',(#2781),#2807,.F.);
#2781 = FACE_BOUND('',#2782,.F.);
#2782 = EDGE_LOOP('',(#2783,#2784,#2785,#2793,#2801));
#2783 = ORIENTED_EDGE('',*,*,#1407,.F.);
#2784 = ORIENTED_EDGE('',*,*,#2760,.T.);
#2785 = ORIENTED_EDGE('',*,*,#2786,.T.);
#2786 = EDGE_CURVE('',#2761,#2787,#2789,.T.);
#2787 = VERTEX_POINT('',#2788);
#2788 = CARTESIAN_POINT('',(17.,93.,8.));
#2789 = LINE('',#2790,#2791);
#2790 = CARTESIAN_POINT('',(11.,93.,8.));
#2791 = VECTOR('',#2792,1.);
#2792 = DIRECTION('',(1.,0.,0.));
#2793 = ORIENTED_EDGE('',*,*,#2794,.F.);
#2794 = EDGE_CURVE('',#2795,#2787,#2797,.T.);
#2795 = VERTEX_POINT('',#2796);
#2796 = CARTESIAN_POINT('',(17.,93.,6.));
#2797 = LINE('',#2798,#2799);
#2798 = CARTESIAN_POINT('',(17.,93.,6.));
#2799 = VECTOR('',#2800,1.);
#2800 = DIRECTION('',(0.,0.,1.));
#2801 = ORIENTED_EDGE('',*,*,#2802,.F.);
#2802 = EDGE_CURVE('',#1400,#2795,#2803,.T.);
#2803 = LINE('',#2804,#2805);
#2804 = CARTESIAN_POINT('',(11.,93.,6.));
#2805 = VECTOR('',#2806,1.);
#2806 = DIRECTION('',(1.,0.,0.));
#2807 = PLANE('',#2808);
#2808 = AXIS2_PLACEMENT_3D('',#2809,#2810,#2811);
#2809 = CARTESIAN_POINT('',(11.,93.,6.));
#2810 = DIRECTION('',(0.,1.,0.));
#2811 = DIRECTION('',(0.,0.,1.));
#2812 = ADVANCED_FACE('',(#2813),#2824,.F.);
#2813 = FACE_BOUND('',#2814,.F.);
#2814 = EDGE_LOOP('',(#2815,#2821,#2822,#2823));
#2815 = ORIENTED_EDGE('',*,*,#2816,.F.);
#2816 = EDGE_CURVE('',#1898,#1996,#2817,.T.);
#2817 = LINE('',#2818,#2819);
#2818 = CARTESIAN_POINT('',(12.,0.,8.));
#2819 = VECTOR('',#2820,1.);
#2820 = DIRECTION('',(0.,1.,0.));
#2821 = ORIENTED_EDGE('',*,*,#1897,.T.);
#2822 = ORIENTED_EDGE('',*,*,#1383,.T.);
#2823 = ORIENTED_EDGE('',*,*,#1995,.T.);
#2824 = PLANE('',#2825);
#2825 = AXIS2_PLACEMENT_3D('',#2826,#2827,#2828);
#2826 = CARTESIAN_POINT('',(12.,0.,6.));
#2827 = DIRECTION('',(1.,0.,0.));
#2828 = DIRECTION('',(0.,0.,1.));
#2829 = ADVANCED_FACE('',(#2830),#2849,.T.);
#2830 = FACE_BOUND('',#2831,.T.);
#2831 = EDGE_LOOP('',(#2832,#2840,#2841,#2842));
#2832 = ORIENTED_EDGE('',*,*,#2833,.F.);
#2833 = EDGE_CURVE('',#1555,#2834,#2836,.T.);
#2834 = VERTEX_POINT('',#2835);
#2835 = CARTESIAN_POINT('',(136.8,8.,65.5));
#2836 = LINE('',#2837,#2838);
#2837 = CARTESIAN_POINT('',(137.4,8.,64.9));
#2838 = VECTOR('',#2839,1.);
#2839 = DIRECTION('',(-0.707106781187,0.,0.707106781187));
#2840 = ORIENTED_EDGE('',*,*,#1562,.T.);
#2841 = ORIENTED_EDGE('',*,*,#2833,.T.);
#2842 = ORIENTED_EDGE('',*,*,#2843,.F.);
#2843 = EDGE_CURVE('',#2834,#2834,#2844,.T.);
#2844 = CIRCLE('',#2845,2.8);
#2845 = AXIS2_PLACEMENT_3D('',#2846,#2847,#2848);
#2846 = CARTESIAN_POINT('',(134.,8.,65.5));
#2847 = DIRECTION('',(0.,0.,1.));
#2848 = DIRECTION('',(1.,0.,0.));
#2849 = CONICAL_SURFACE('',#2850,3.4,0.785398163397);
#2850 = AXIS2_PLACEMENT_3D('',#2851,#2852,#2853);
#2851 = CARTESIAN_POINT('',(134.,8.,64.9));
#2852 = DIRECTION('',(-0.,-0.,-1.));
#2853 = DIRECTION('',(1.,0.,0.));
#2854 = ADVANCED_FACE('',(#2855),#2868,.T.);
#2855 = FACE_BOUND('',#2856,.T.);
#2856 = EDGE_LOOP('',(#2857,#2858,#2864,#2865,#2866,#2867));
#2857 = ORIENTED_EDGE('',*,*,#2531,.F.);
#2858 = ORIENTED_EDGE('',*,*,#2859,.T.);
#2859 = EDGE_CURVE('',#2532,#2690,#2860,.T.);
#2860 = LINE('',#2861,#2862);
#2861 = CARTESIAN_POINT('',(8.,17.,0.));
#2862 = VECTOR('',#2863,1.);
#2863 = DIRECTION('',(-1.,0.,0.));
#2864 = ORIENTED_EDGE('',*,*,#2689,.T.);
#2865 = ORIENTED_EDGE('',*,*,#2058,.F.);
#2866 = ORIENTED_EDGE('',*,*,#1640,.F.);
#2867 = ORIENTED_EDGE('',*,*,#1655,.F.);
#2868 = PLANE('',#2869);
#2869 = AXIS2_PLACEMENT_3D('',#2870,#2871,#2872);
#2870 = CARTESIAN_POINT('',(16.,17.,-1.));
#2871 = DIRECTION('',(0.,1.,0.));
#2872 = DIRECTION('',(0.,0.,1.));
#2873 = ADVANCED_FACE('',(#2874),#2893,.T.);
#2874 = FACE_BOUND('',#2875,.T.);
#2875 = EDGE_LOOP('',(#2876,#2884,#2891,#2892));
#2876 = ORIENTED_EDGE('',*,*,#2877,.F.);
#2877 = EDGE_CURVE('',#2878,#1711,#2880,.T.);
#2878 = VERTEX_POINT('',#2879);
#2879 = CARTESIAN_POINT('',(-2.22044604925E-16,10.,1.));
#2880 = LINE('',#2881,#2882);
#2881 = CARTESIAN_POINT('',(-1.7763568394E-15,10.,0.));
#2882 = VECTOR('',#2883,1.);
#2883 = DIRECTION('',(0.,0.,1.));
#2884 = ORIENTED_EDGE('',*,*,#2885,.F.);
#2885 = EDGE_CURVE('',#1679,#2878,#2886,.T.);
#2886 = CIRCLE('',#2887,10.);
#2887 = AXIS2_PLACEMENT_3D('',#2888,#2889,#2890);
#2888 = CARTESIAN_POINT('',(10.,10.,1.));
#2889 = DIRECTION('',(-0.,0.,-1.));
#2890 = DIRECTION('',(-1.7763568394E-16,-1.,0.));
#2891 = ORIENTED_EDGE('',*,*,#1678,.T.);
#2892 = ORIENTED_EDGE('',*,*,#1710,.T.);
#2893 = CYLINDRICAL_SURFACE('',#2894,10.);
#2894 = AXIS2_PLACEMENT_3D('',#2895,#2896,#2897);
#2895 = CARTESIAN_POINT('',(10.,10.,0.));
#2896 = DIRECTION('',(0.,0.,1.));
#2897 = DIRECTION('',(-1.,0.,0.));
#2898 = ADVANCED_FACE('',(#2899),#2926,.T.);
#2899 = FACE_BOUND('',#2900,.F.);
#2900 = EDGE_LOOP('',(#2901,#2910,#2918,#2925));
#2901 = ORIENTED_EDGE('',*,*,#2902,.T.);
#2902 = EDGE_CURVE('',#1688,#2903,#2905,.T.);
#2903 = VERTEX_POINT('',#2904);
#2904 = CARTESIAN_POINT('',(132.,1.,0.));
#2905 = CIRCLE('',#2906,1.);
#2906 = AXIS2_PLACEMENT_3D('',#2907,#2908,#2909);
#2907 = CARTESIAN_POINT('',(132.,1.,1.));
#2908 = DIRECTION('',(1.,6.123233995737E-17,0.));
#2909 = DIRECTION('',(6.123233995737E-17,-1.,0.));
#2910 = ORIENTED_EDGE('',*,*,#2911,.T.);
#2911 = EDGE_CURVE('',#2903,#2912,#2914,.T.);
#2912 = VERTEX_POINT('',#2913);
#2913 = CARTESIAN_POINT('',(10.,1.,-2.22044604925E-16));
#2914 = LINE('',#2915,#2916);
#2915 = CARTESIAN_POINT('',(132.,1.,-2.22044604925E-16));
#2916 = VECTOR('',#2917,1.);
#2917 = DIRECTION('',(-1.,-0.,-0.));
#2918 = ORIENTED_EDGE('',*,*,#2919,.F.);
#2919 = EDGE_CURVE('',#1679,#2912,#2920,.T.);
#2920 = CIRCLE('',#2921,1.);
#2921 = AXIS2_PLACEMENT_3D('',#2922,#2923,#2924);
#2922 = CARTESIAN_POINT('',(10.,1.,1.));
#2923 = DIRECTION('',(1.,0.,0.));
#2924 = DIRECTION('',(0.,-1.,0.));
#2925 = ORIENTED_EDGE('',*,*,#1695,.F.);
#2926 = CYLINDRICAL_SURFACE('',#2927,1.);
#2927 = AXIS2_PLACEMENT_3D('',#2928,#2929,#2930);
#2928 = CARTESIAN_POINT('',(132.,1.,1.));
#2929 = DIRECTION('',(-1.,-0.,-0.));
#2930 = DIRECTION('',(0.,-1.,0.));
#2931 = ADVANCED_FACE('',(#2932),#2952,.T.);
#2932 = FACE_BOUND('',#2933,.T.);
#2933 = EDGE_LOOP('',(#2934,#2943,#2944,#2945));
#2934 = ORIENTED_EDGE('',*,*,#2935,.F.);
#2935 = EDGE_CURVE('',#1736,#2936,#2938,.T.);
#2936 = VERTEX_POINT('',#2937);
#2937 = CARTESIAN_POINT('',(141.,10.,-2.22044604925E-16));
#2938 = CIRCLE('',#2939,1.);
#2939 = AXIS2_PLACEMENT_3D('',#2940,#2941,#2942);
#2940 = CARTESIAN_POINT('',(141.,10.,1.));
#2941 = DIRECTION('',(-0.,1.,0.));
#2942 = DIRECTION('',(1.,0.,0.));
#2943 = ORIENTED_EDGE('',*,*,#1743,.T.);
#2944 = ORIENTED_EDGE('',*,*,#2902,.T.);
#2945 = ORIENTED_EDGE('',*,*,#2946,.F.);
#2946 = EDGE_CURVE('',#2936,#2903,#2947,.T.);
#2947 = CIRCLE('',#2948,9.);
#2948 = AXIS2_PLACEMENT_3D('',#2949,#2950,#2951);
#2949 = CARTESIAN_POINT('',(132.,10.,0.));
#2950 = DIRECTION('',(0.,0.,-1.));
#2951 = DIRECTION('',(1.,0.,0.));
#2952 = TOROIDAL_SURFACE('',#2953,9.,1.);
#2953 = AXIS2_PLACEMENT_3D('',#2954,#2955,#2956);
#2954 = CARTESIAN_POINT('',(132.,10.,1.));
#2955 = DIRECTION('',(-0.,-0.,-1.));
#2956 = DIRECTION('',(1.,0.,0.));
#2957 = ADVANCED_FACE('',(#2958),#2977,.T.);
#2958 = FACE_BOUND('',#2959,.T.);
#2959 = EDGE_LOOP('',(#2960,#2961,#2970,#2976));
#2960 = ORIENTED_EDGE('',*,*,#1803,.F.);
#2961 = ORIENTED_EDGE('',*,*,#2962,.F.);
#2962 = EDGE_CURVE('',#2963,#1796,#2965,.T.);
#2963 = VERTEX_POINT('',#2964);
#2964 = CARTESIAN_POINT('',(132.,132.,1.));
#2965 = CIRCLE('',#2966,10.);
#2966 = AXIS2_PLACEMENT_3D('',#2967,#2968,#2969);
#2967 = CARTESIAN_POINT('',(132.,122.,1.));
#2968 = DIRECTION('',(0.,0.,-1.));
#2969 = DIRECTION('',(0.,1.,0.));
#2970 = ORIENTED_EDGE('',*,*,#2971,.T.);
#2971 = EDGE_CURVE('',#2963,#1761,#2972,.T.);
#2972 = LINE('',#2973,#2974);
#2973 = CARTESIAN_POINT('',(132.,132.,0.));
#2974 = VECTOR('',#2975,1.);
#2975 = DIRECTION('',(0.,0.,1.));
#2976 = ORIENTED_EDGE('',*,*,#1771,.T.);
#2977 = CYLINDRICAL_SURFACE('',#2978,10.);
#2978 = AXIS2_PLACEMENT_3D('',#2979,#2980,#2981);
#2979 = CARTESIAN_POINT('',(132.,122.,0.));
#2980 = DIRECTION('',(0.,0.,1.));
#2981 = DIRECTION('',(1.,0.,0.));
#2982 = ADVANCED_FACE('',(#2983),#3002,.T.);
#2983 = FACE_BOUND('',#2984,.F.);
#2984 = EDGE_LOOP('',(#2985,#2994,#3000,#3001));
#2985 = ORIENTED_EDGE('',*,*,#2986,.T.);
#2986 = EDGE_CURVE('',#1796,#2987,#2989,.T.);
#2987 = VERTEX_POINT('',#2988);
#2988 = CARTESIAN_POINT('',(141.,122.,0.));
#2989 = CIRCLE('',#2990,1.);
#2990 = AXIS2_PLACEMENT_3D('',#2991,#2992,#2993);
#2991 = CARTESIAN_POINT('',(141.,122.,1.));
#2992 = DIRECTION('',(-6.123233995737E-17,1.,0.));
#2993 = DIRECTION('',(1.,6.123233995737E-17,0.));
#2994 = ORIENTED_EDGE('',*,*,#2995,.T.);
#2995 = EDGE_CURVE('',#2987,#2936,#2996,.T.);
#2996 = LINE('',#2997,#2998);
#2997 = CARTESIAN_POINT('',(141.,122.,-2.22044604925E-16));
#2998 = VECTOR('',#2999,1.);
#2999 = DIRECTION('',(-0.,-1.,-0.));
#3000 = ORIENTED_EDGE('',*,*,#2935,.F.);
#3001 = ORIENTED_EDGE('',*,*,#1795,.F.);
#3002 = CYLINDRICAL_SURFACE('',#3003,1.);
#3003 = AXIS2_PLACEMENT_3D('',#3004,#3005,#3006);
#3004 = CARTESIAN_POINT('',(141.,122.,1.));
#3005 = DIRECTION('',(-0.,-1.,-0.));
#3006 = DIRECTION('',(1.,0.,0.));
#3007 = ADVANCED_FACE('',(#3008),#3034,.T.);
#3008 = FACE_BOUND('',#3009,.T.);
#3009 = EDGE_LOOP('',(#3010,#3018,#3019,#3027));
#3010 = ORIENTED_EDGE('',*,*,#3011,.F.);
#3011 = EDGE_CURVE('',#1819,#3012,#3014,.T.);
#3012 = VERTEX_POINT('',#3013);
#3013 = CARTESIAN_POINT('',(142.,122.,59.));
#3014 = LINE('',#3015,#3016);
#3015 = CARTESIAN_POINT('',(142.,122.,6.));
#3016 = VECTOR('',#3017,1.);
#3017 = DIRECTION('',(0.,0.,1.));
#3018 = ORIENTED_EDGE('',*,*,#1818,.T.);
#3019 = ORIENTED_EDGE('',*,*,#3020,.T.);
#3020 = EDGE_CURVE('',#1821,#3021,#3023,.T.);
#3021 = VERTEX_POINT('',#3022);
#3022 = CARTESIAN_POINT('',(132.,132.,59.));
#3023 = LINE('',#3024,#3025);
#3024 = CARTESIAN_POINT('',(132.,132.,6.));
#3025 = VECTOR('',#3026,1.);
#3026 = DIRECTION('',(0.,0.,1.));
#3027 = ORIENTED_EDGE('',*,*,#3028,.F.);
#3028 = EDGE_CURVE('',#3012,#3021,#3029,.T.);
#3029 = CIRCLE('',#3030,10.);
#3030 = AXIS2_PLACEMENT_3D('',#3031,#3032,#3033);
#3031 = CARTESIAN_POINT('',(132.,122.,59.));
#3032 = DIRECTION('',(0.,0.,1.));
#3033 = DIRECTION('',(1.,0.,0.));
#3034 = CYLINDRICAL_SURFACE('',#3035,10.);
#3035 = AXIS2_PLACEMENT_3D('',#3036,#3037,#3038);
#3036 = CARTESIAN_POINT('',(132.,122.,6.));
#3037 = DIRECTION('',(0.,0.,1.));
#3038 = DIRECTION('',(1.,0.,0.));
#3039 = ADVANCED_FACE('',(#3040),#3051,.T.);
#3040 = FACE_BOUND('',#3041,.T.);
#3041 = EDGE_LOOP('',(#3042,#3043,#3049,#3050));
#3042 = ORIENTED_EDGE('',*,*,#3011,.T.);
#3043 = ORIENTED_EDGE('',*,*,#3044,.F.);
#3044 = EDGE_CURVE('',#2507,#3012,#3045,.T.);
#3045 = LINE('',#3046,#3047);
#3046 = CARTESIAN_POINT('',(142.,116.,59.));
#3047 = VECTOR('',#3048,1.);
#3048 = DIRECTION('',(0.,1.,0.));
#3049 = ORIENTED_EDGE('',*,*,#2506,.F.);
#3050 = ORIENTED_EDGE('',*,*,#1859,.T.);
#3051 = PLANE('',#3052);
#3052 = AXIS2_PLACEMENT_3D('',#3053,#3054,#3055);
#3053 = CARTESIAN_POINT('',(142.,116.,6.));
#3054 = DIRECTION('',(1.,0.,0.));
#3055 = DIRECTION('',(0.,0.,1.));
#3056 = ADVANCED_FACE('',(#3057),#3068,.T.);
#3057 = FACE_BOUND('',#3058,.T.);
#3058 = EDGE_LOOP('',(#3059,#3060,#3061,#3062));
#3059 = ORIENTED_EDGE('',*,*,#3020,.F.);
#3060 = ORIENTED_EDGE('',*,*,#1829,.F.);
#3061 = ORIENTED_EDGE('',*,*,#2484,.T.);
#3062 = ORIENTED_EDGE('',*,*,#3063,.F.);
#3063 = EDGE_CURVE('',#3021,#2485,#3064,.T.);
#3064 = LINE('',#3065,#3066);
#3065 = CARTESIAN_POINT('',(132.,132.,59.));
#3066 = VECTOR('',#3067,1.);
#3067 = DIRECTION('',(-1.,-0.,-0.));
#3068 = PLANE('',#3069);
#3069 = AXIS2_PLACEMENT_3D('',#3070,#3071,#3072);
#3070 = CARTESIAN_POINT('',(126.,132.,6.));
#3071 = DIRECTION('',(0.,1.,0.));
#3072 = DIRECTION('',(0.,0.,1.));
#3073 = ADVANCED_FACE('',(#3074),#3086,.T.);
#3074 = FACE_BOUND('',#3075,.T.);
#3075 = EDGE_LOOP('',(#3076,#3077,#3078,#3085));
#3076 = ORIENTED_EDGE('',*,*,#2353,.T.);
#3077 = ORIENTED_EDGE('',*,*,#2317,.T.);
#3078 = ORIENTED_EDGE('',*,*,#3079,.F.);
#3079 = EDGE_CURVE('',#1876,#2310,#3080,.T.);
#3080 = ELLIPSE('',#3081,1.414213562373,1.);
#3081 = AXIS2_PLACEMENT_3D('',#3082,#3083,#3084);
#3082 = CARTESIAN_POINT('',(1.,15.,59.));
#3083 = DIRECTION('',(0.707106781187,0.707106781187,-0.));
#3084 = DIRECTION('',(-0.707106781187,0.707106781187,0.));
#3085 = ORIENTED_EDGE('',*,*,#1883,.F.);
#3086 = CYLINDRICAL_SURFACE('',#3087,1.);
#3087 = AXIS2_PLACEMENT_3D('',#3088,#3089,#3090);
#3088 = CARTESIAN_POINT('',(1.,10.,59.));
#3089 = DIRECTION('',(0.,1.,0.));
#3090 = DIRECTION('',(-1.,0.,0.));
#3091 = ADVANCED_FACE('',(#3092),#3098,.T.);
#3092 = FACE_BOUND('',#3093,.T.);
#3093 = EDGE_LOOP('',(#3094,#3095,#3096,#3097));
#3094 = ORIENTED_EDGE('',*,*,#2816,.F.);
#3095 = ORIENTED_EDGE('',*,*,#1924,.T.);
#3096 = ORIENTED_EDGE('',*,*,#2256,.T.);
#3097 = ORIENTED_EDGE('',*,*,#2003,.F.);
#3098 = PLANE('',#3099);
#3099 = AXIS2_PLACEMENT_3D('',#3100,#3101,#3102);
#3100 = CARTESIAN_POINT('',(12.,0.,8.));
#3101 = DIRECTION('',(0.,0.,1.));
#3102 = DIRECTION('',(1.,0.,0.));
#3103 = ADVANCED_FACE('',(#3104),#3110,.T.);
#3104 = FACE_BOUND('',#3105,.F.);
#3105 = EDGE_LOOP('',(#3106,#3107,#3108,#3109));
#3106 = ORIENTED_EDGE('',*,*,#3079,.F.);
#3107 = ORIENTED_EDGE('',*,*,#1908,.T.);
#3108 = ORIENTED_EDGE('',*,*,#2284,.F.);
#3109 = ORIENTED_EDGE('',*,*,#2309,.F.);
#3110 = CYLINDRICAL_SURFACE('',#3111,1.);
#3111 = AXIS2_PLACEMENT_3D('',#3112,#3113,#3114);
#3112 = CARTESIAN_POINT('',(0.,15.,59.));
#3113 = DIRECTION('',(1.,0.,0.));
#3114 = DIRECTION('',(0.,0.,1.));
#3115 = ADVANCED_FACE('',(#3116),#3134,.F.);
#3116 = FACE_BOUND('',#3117,.F.);
#3117 = EDGE_LOOP('',(#3118,#3119,#3127,#3133));
#3118 = ORIENTED_EDGE('',*,*,#2877,.F.);
#3119 = ORIENTED_EDGE('',*,*,#3120,.T.);
#3120 = EDGE_CURVE('',#2878,#3121,#3123,.T.);
#3121 = VERTEX_POINT('',#3122);
#3122 = CARTESIAN_POINT('',(-2.22044604925E-16,122.,1.));
#3123 = LINE('',#3124,#3125);
#3124 = CARTESIAN_POINT('',(-2.22044604925E-16,10.,1.));
#3125 = VECTOR('',#3126,1.);
#3126 = DIRECTION('',(0.,1.,0.));
#3127 = ORIENTED_EDGE('',*,*,#3128,.T.);
#3128 = EDGE_CURVE('',#3121,#1950,#3129,.T.);
#3129 = LINE('',#3130,#3131);
#3130 = CARTESIAN_POINT('',(-1.7763568394E-15,122.,0.));
#3131 = VECTOR('',#3132,1.);
#3132 = DIRECTION('',(0.,0.,1.));
#3133 = ORIENTED_EDGE('',*,*,#1958,.F.);
#3134 = PLANE('',#3135);
#3135 = AXIS2_PLACEMENT_3D('',#3136,#3137,#3138);
#3136 = CARTESIAN_POINT('',(0.,0.,0.));
#3137 = DIRECTION('',(1.,0.,0.));
#3138 = DIRECTION('',(0.,0.,1.));
#3139 = ADVANCED_FACE('',(#3140),#3176,.F.);
#3140 = FACE_BOUND('',#3141,.F.);
#3141 = EDGE_LOOP('',(#3142,#3153,#3159,#3160,#3161,#3168,#3169,#3170));
#3142 = ORIENTED_EDGE('',*,*,#3143,.F.);
#3143 = EDGE_CURVE('',#3144,#3146,#3148,.T.);
#3144 = VERTEX_POINT('',#3145);
#3145 = CARTESIAN_POINT('',(-1.7763568394E-15,122.,6.));
#3146 = VERTEX_POINT('',#3147);
#3147 = CARTESIAN_POINT('',(10.,132.,6.));
#3148 = CIRCLE('',#3149,10.);
#3149 = AXIS2_PLACEMENT_3D('',#3150,#3151,#3152);
#3150 = CARTESIAN_POINT('',(10.,122.,6.));
#3151 = DIRECTION('',(-0.,-0.,-1.));
#3152 = DIRECTION('',(0.,-1.,0.));
#3153 = ORIENTED_EDGE('',*,*,#3154,.F.);
#3154 = EDGE_CURVE('',#2379,#3144,#3155,.T.);
#3155 = LINE('',#3156,#3157);
#3156 = CARTESIAN_POINT('',(0.,116.,6.));
#3157 = VECTOR('',#3158,1.);
#3158 = DIRECTION('',(0.,1.,0.));
#3159 = ORIENTED_EDGE('',*,*,#2378,.T.);
#3160 = ORIENTED_EDGE('',*,*,#1941,.T.);
#3161 = ORIENTED_EDGE('',*,*,#3162,.T.);
#3162 = EDGE_CURVE('',#1942,#2443,#3163,.T.);
#3163 = CIRCLE('',#3164,9.);
#3164 = AXIS2_PLACEMENT_3D('',#3165,#3166,#3167);
#3165 = CARTESIAN_POINT('',(10.,122.,6.));
#3166 = DIRECTION('',(0.,0.,-1.));
#3167 = DIRECTION('',(-1.,0.,0.));
#3168 = ORIENTED_EDGE('',*,*,#2451,.T.);
#3169 = ORIENTED_EDGE('',*,*,#2410,.T.);
#3170 = ORIENTED_EDGE('',*,*,#3171,.F.);
#3171 = EDGE_CURVE('',#3146,#2411,#3172,.T.);
#3172 = LINE('',#3173,#3174);
#3173 = CARTESIAN_POINT('',(0.,132.,6.));
#3174 = VECTOR('',#3175,1.);
#3175 = DIRECTION('',(1.,0.,0.));
#3176 = PLANE('',#3177);
#3177 = AXIS2_PLACEMENT_3D('',#3178,#3179,#3180);
#3178 = CARTESIAN_POINT('',(0.,116.,6.));
#3179 = DIRECTION('',(0.,0.,1.));
#3180 = DIRECTION('',(1.,0.,0.));
#3181 = ADVANCED_FACE('',(#3182),#3194,.T.);
#3182 = FACE_BOUND('',#3183,.F.);
#3183 = EDGE_LOOP('',(#3184,#3185,#3192,#3193));
#3184 = ORIENTED_EDGE('',*,*,#1949,.F.);
#3185 = ORIENTED_EDGE('',*,*,#3186,.T.);
#3186 = EDGE_CURVE('',#1950,#2441,#3187,.T.);
#3187 = CIRCLE('',#3188,10.);
#3188 = AXIS2_PLACEMENT_3D('',#3189,#3190,#3191);
#3189 = CARTESIAN_POINT('',(10.,122.,5.));
#3190 = DIRECTION('',(0.,0.,-1.));
#3191 = DIRECTION('',(-1.,0.,0.));
#3192 = ORIENTED_EDGE('',*,*,#2440,.T.);
#3193 = ORIENTED_EDGE('',*,*,#3162,.F.);
#3194 = TOROIDAL_SURFACE('',#3195,9.,1.);
#3195 = AXIS2_PLACEMENT_3D('',#3196,#3197,#3198);
#3196 = CARTESIAN_POINT('',(10.,122.,5.));
#3197 = DIRECTION('',(0.,0.,1.));
#3198 = DIRECTION('',(-1.,0.,0.));
#3199 = ADVANCED_FACE('',(#3200),#3219,.T.);
#3200 = FACE_BOUND('',#3201,.F.);
#3201 = EDGE_LOOP('',(#3202,#3210,#3217,#3218));
#3202 = ORIENTED_EDGE('',*,*,#3203,.T.);
#3203 = EDGE_CURVE('',#2335,#3204,#3206,.T.);
#3204 = VERTEX_POINT('',#3205);
#3205 = CARTESIAN_POINT('',(11.4,8.,64.9));
#3206 = LINE('',#3207,#3208);
#3207 = CARTESIAN_POINT('',(11.4,8.,60.));
#3208 = VECTOR('',#3209,1.);
#3209 = DIRECTION('',(0.,0.,1.));
#3210 = ORIENTED_EDGE('',*,*,#3211,.T.);
#3211 = EDGE_CURVE('',#3204,#3204,#3212,.T.);
#3212 = CIRCLE('',#3213,3.4);
#3213 = AXIS2_PLACEMENT_3D('',#3214,#3215,#3216);
#3214 = CARTESIAN_POINT('',(8.,8.,64.9));
#3215 = DIRECTION('',(0.,0.,1.));
#3216 = DIRECTION('',(1.,0.,0.));
#3217 = ORIENTED_EDGE('',*,*,#3203,.F.);
#3218 = ORIENTED_EDGE('',*,*,#2334,.F.);
#3219 = CYLINDRICAL_SURFACE('',#3220,3.4);
#3220 = AXIS2_PLACEMENT_3D('',#3221,#3222,#3223);
#3221 = CARTESIAN_POINT('',(8.,8.,60.));
#3222 = DIRECTION('',(-0.,-0.,-1.));
#3223 = DIRECTION('',(1.,0.,0.));
#3224 = ADVANCED_FACE('',(#3225),#3252,.T.);
#3225 = FACE_BOUND('',#3226,.T.);
#3226 = EDGE_LOOP('',(#3227,#3236,#3237,#3246));
#3227 = ORIENTED_EDGE('',*,*,#3228,.F.);
#3228 = EDGE_CURVE('',#2387,#3229,#3231,.T.);
#3229 = VERTEX_POINT('',#3230);
#3230 = CARTESIAN_POINT('',(1.,117.,60.));
#3231 = ELLIPSE('',#3232,1.414213562373,1.);
#3232 = AXIS2_PLACEMENT_3D('',#3233,#3234,#3235);
#3233 = CARTESIAN_POINT('',(1.,117.,59.));
#3234 = DIRECTION('',(-0.707106781187,0.707106781187,0.));
#3235 = DIRECTION('',(0.707106781187,0.707106781187,0.));
#3236 = ORIENTED_EDGE('',*,*,#2394,.T.);
#3237 = ORIENTED_EDGE('',*,*,#3238,.F.);
#3238 = EDGE_CURVE('',#3239,#2370,#3241,.T.);
#3239 = VERTEX_POINT('',#3240);
#3240 = CARTESIAN_POINT('',(15.,117.,60.));
#3241 = ELLIPSE('',#3242,1.414213562373,1.);
#3242 = AXIS2_PLACEMENT_3D('',#3243,#3244,#3245);
#3243 = CARTESIAN_POINT('',(15.,117.,59.));
#3244 = DIRECTION('',(0.707106781187,0.707106781187,0.));
#3245 = DIRECTION('',(0.707106781187,-0.707106781187,0.));
#3246 = ORIENTED_EDGE('',*,*,#3247,.F.);
#3247 = EDGE_CURVE('',#3229,#3239,#3248,.T.);
#3248 = LINE('',#3249,#3250);
#3249 = CARTESIAN_POINT('',(0.,117.,60.));
#3250 = VECTOR('',#3251,1.);
#3251 = DIRECTION('',(1.,0.,0.));
#3252 = CYLINDRICAL_SURFACE('',#3253,1.);
#3253 = AXIS2_PLACEMENT_3D('',#3254,#3255,#3256);
#3254 = CARTESIAN_POINT('',(0.,117.,59.));
#3255 = DIRECTION('',(1.,0.,0.));
#3256 = DIRECTION('',(0.,0.,1.));
#3257 = ADVANCED_FACE('',(#3258),#3276,.F.);
#3258 = FACE_BOUND('',#3259,.F.);
#3259 = EDGE_LOOP('',(#3260,#3268,#3274,#3275));
#3260 = ORIENTED_EDGE('',*,*,#3261,.T.);
#3261 = EDGE_CURVE('',#3144,#3262,#3264,.T.);
#3262 = VERTEX_POINT('',#3263);
#3263 = CARTESIAN_POINT('',(-2.22044604925E-16,122.,59.));
#3264 = LINE('',#3265,#3266);
#3265 = CARTESIAN_POINT('',(-1.7763568394E-15,122.,6.));
#3266 = VECTOR('',#3267,1.);
#3267 = DIRECTION('',(0.,0.,1.));
#3268 = ORIENTED_EDGE('',*,*,#3269,.F.);
#3269 = EDGE_CURVE('',#2387,#3262,#3270,.T.);
#3270 = LINE('',#3271,#3272);
#3271 = CARTESIAN_POINT('',(-2.22044604925E-16,116.,59.));
#3272 = VECTOR('',#3273,1.);
#3273 = DIRECTION('',(0.,1.,0.));
#3274 = ORIENTED_EDGE('',*,*,#2386,.F.);
#3275 = ORIENTED_EDGE('',*,*,#3154,.T.);
#3276 = PLANE('',#3277);
#3277 = AXIS2_PLACEMENT_3D('',#3278,#3279,#3280);
#3278 = CARTESIAN_POINT('',(0.,116.,6.));
#3279 = DIRECTION('',(1.,0.,0.));
#3280 = DIRECTION('',(0.,0.,1.));
#3281 = ADVANCED_FACE('',(#3282),#3301,.T.);
#3282 = FACE_BOUND('',#3283,.T.);
#3283 = EDGE_LOOP('',(#3284,#3285,#3286,#3295));
#3284 = ORIENTED_EDGE('',*,*,#3238,.T.);
#3285 = ORIENTED_EDGE('',*,*,#2426,.T.);
#3286 = ORIENTED_EDGE('',*,*,#3287,.T.);
#3287 = EDGE_CURVE('',#2419,#3288,#3290,.T.);
#3288 = VERTEX_POINT('',#3289);
#3289 = CARTESIAN_POINT('',(15.,131.,60.));
#3290 = ELLIPSE('',#3291,1.414213562373,1.);
#3291 = AXIS2_PLACEMENT_3D('',#3292,#3293,#3294);
#3292 = CARTESIAN_POINT('',(15.,131.,59.));
#3293 = DIRECTION('',(0.707106781187,-0.707106781187,0.));
#3294 = DIRECTION('',(0.707106781187,0.707106781187,0.));
#3295 = ORIENTED_EDGE('',*,*,#3296,.F.);
#3296 = EDGE_CURVE('',#3239,#3288,#3297,.T.);
#3297 = LINE('',#3298,#3299);
#3298 = CARTESIAN_POINT('',(15.,116.,60.));
#3299 = VECTOR('',#3300,1.);
#3300 = DIRECTION('',(0.,1.,0.));
#3301 = CYLINDRICAL_SURFACE('',#3302,1.);
#3302 = AXIS2_PLACEMENT_3D('',#3303,#3304,#3305);
#3303 = CARTESIAN_POINT('',(15.,116.,59.));
#3304 = DIRECTION('',(0.,1.,0.));
#3305 = DIRECTION('',(0.,0.,1.));
#3306 = ADVANCED_FACE('',(#3307),#3325,.T.);
#3307 = FACE_BOUND('',#3308,.T.);
#3308 = EDGE_LOOP('',(#3309,#3317,#3323,#3324));
#3309 = ORIENTED_EDGE('',*,*,#3310,.T.);
#3310 = EDGE_CURVE('',#3146,#3311,#3313,.T.);
#3311 = VERTEX_POINT('',#3312);
#3312 = CARTESIAN_POINT('',(10.,132.,59.));
#3313 = LINE('',#3314,#3315);
#3314 = CARTESIAN_POINT('',(10.,132.,6.));
#3315 = VECTOR('',#3316,1.);
#3316 = DIRECTION('',(0.,0.,1.));
#3317 = ORIENTED_EDGE('',*,*,#3318,.T.);
#3318 = EDGE_CURVE('',#3311,#2419,#3319,.T.);
#3319 = LINE('',#3320,#3321);
#3320 = CARTESIAN_POINT('',(10.,132.,59.));
#3321 = VECTOR('',#3322,1.);
#3322 = DIRECTION('',(1.,0.,0.));
#3323 = ORIENTED_EDGE('',*,*,#2418,.F.);
#3324 = ORIENTED_EDGE('',*,*,#3171,.F.);
#3325 = PLANE('',#3326);
#3326 = AXIS2_PLACEMENT_3D('',#3327,#3328,#3329);
#3327 = CARTESIAN_POINT('',(0.,132.,6.));
#3328 = DIRECTION('',(0.,1.,0.));
#3329 = DIRECTION('',(0.,0.,1.));
#3330 = ADVANCED_FACE('',(#3331),#3349,.T.);
#3331 = FACE_BOUND('',#3332,.T.);
#3332 = EDGE_LOOP('',(#3333,#3341,#3342,#3343));
#3333 = ORIENTED_EDGE('',*,*,#3334,.T.);
#3334 = EDGE_CURVE('',#3335,#2441,#3337,.T.);
#3335 = VERTEX_POINT('',#3336);
#3336 = CARTESIAN_POINT('',(10.,132.,1.));
#3337 = LINE('',#3338,#3339);
#3338 = CARTESIAN_POINT('',(10.,132.,0.));
#3339 = VECTOR('',#3340,1.);
#3340 = DIRECTION('',(0.,0.,1.));
#3341 = ORIENTED_EDGE('',*,*,#2460,.T.);
#3342 = ORIENTED_EDGE('',*,*,#2971,.F.);
#3343 = ORIENTED_EDGE('',*,*,#3344,.F.);
#3344 = EDGE_CURVE('',#3335,#2963,#3345,.T.);
#3345 = LINE('',#3346,#3347);
#3346 = CARTESIAN_POINT('',(10.,132.,1.));
#3347 = VECTOR('',#3348,1.);
#3348 = DIRECTION('',(1.,0.,0.));
#3349 = PLANE('',#3350);
#3350 = AXIS2_PLACEMENT_3D('',#3351,#3352,#3353);
#3351 = CARTESIAN_POINT('',(0.,132.,0.));
#3352 = DIRECTION('',(0.,1.,0.));
#3353 = DIRECTION('',(0.,0.,1.));
#3354 = ADVANCED_FACE('',(#3355),#3382,.T.);
#3355 = FACE_BOUND('',#3356,.F.);
#3356 = EDGE_LOOP('',(#3357,#3366,#3367,#3376));
#3357 = ORIENTED_EDGE('',*,*,#3358,.T.);
#3358 = EDGE_CURVE('',#3359,#2475,#3361,.T.);
#3359 = VERTEX_POINT('',#3360);
#3360 = CARTESIAN_POINT('',(127.,117.,60.));
#3361 = ELLIPSE('',#3362,1.414213562373,1.);
#3362 = AXIS2_PLACEMENT_3D('',#3363,#3364,#3365);
#3363 = CARTESIAN_POINT('',(127.,117.,59.));
#3364 = DIRECTION('',(0.707106781187,-0.707106781187,0.));
#3365 = DIRECTION('',(0.707106781187,0.707106781187,0.));
#3366 = ORIENTED_EDGE('',*,*,#2492,.T.);
#3367 = ORIENTED_EDGE('',*,*,#3368,.T.);
#3368 = EDGE_CURVE('',#2485,#3369,#3371,.T.);
#3369 = VERTEX_POINT('',#3370);
#3370 = CARTESIAN_POINT('',(127.,131.,60.));
#3371 = ELLIPSE('',#3372,1.414213562373,1.);
#3372 = AXIS2_PLACEMENT_3D('',#3373,#3374,#3375);
#3373 = CARTESIAN_POINT('',(127.,131.,59.));
#3374 = DIRECTION('',(0.707106781187,0.707106781187,-0.));
#3375 = DIRECTION('',(-0.707106781187,0.707106781187,0.));
#3376 = ORIENTED_EDGE('',*,*,#3377,.F.);
#3377 = EDGE_CURVE('',#3359,#3369,#3378,.T.);
#3378 = LINE('',#3379,#3380);
#3379 = CARTESIAN_POINT('',(127.,116.,60.));
#3380 = VECTOR('',#3381,1.);
#3381 = DIRECTION('',(0.,1.,0.));
#3382 = CYLINDRICAL_SURFACE('',#3383,1.);
#3383 = AXIS2_PLACEMENT_3D('',#3384,#3385,#3386);
#3384 = CARTESIAN_POINT('',(127.,116.,59.));
#3385 = DIRECTION('',(0.,1.,0.));
#3386 = DIRECTION('',(0.,0.,1.));
#3387 = ADVANCED_FACE('',(#3388),#3407,.T.);
#3388 = FACE_BOUND('',#3389,.T.);
#3389 = EDGE_LOOP('',(#3390,#3391,#3392,#3401));
#3390 = ORIENTED_EDGE('',*,*,#3358,.T.);
#3391 = ORIENTED_EDGE('',*,*,#2517,.T.);
#3392 = ORIENTED_EDGE('',*,*,#3393,.T.);
#3393 = EDGE_CURVE('',#2507,#3394,#3396,.T.);
#3394 = VERTEX_POINT('',#3395);
#3395 = CARTESIAN_POINT('',(141.,117.,60.));
#3396 = ELLIPSE('',#3397,1.414213562373,1.);
#3397 = AXIS2_PLACEMENT_3D('',#3398,#3399,#3400);
#3398 = CARTESIAN_POINT('',(141.,117.,59.));
#3399 = DIRECTION('',(-0.707106781187,-0.707106781187,-0.));
#3400 = DIRECTION('',(-0.707106781187,0.707106781187,0.));
#3401 = ORIENTED_EDGE('',*,*,#3402,.F.);
#3402 = EDGE_CURVE('',#3359,#3394,#3403,.T.);
#3403 = LINE('',#3404,#3405);
#3404 = CARTESIAN_POINT('',(126.,117.,60.));
#3405 = VECTOR('',#3406,1.);
#3406 = DIRECTION('',(1.,0.,0.));
#3407 = CYLINDRICAL_SURFACE('',#3408,1.);
#3408 = AXIS2_PLACEMENT_3D('',#3409,#3410,#3411);
#3409 = CARTESIAN_POINT('',(126.,117.,59.));
#3410 = DIRECTION('',(1.,0.,0.));
#3411 = DIRECTION('',(0.,0.,1.));
#3412 = ADVANCED_FACE('',(#3413),#3424,.F.);
#3413 = FACE_BOUND('',#3414,.F.);
#3414 = EDGE_LOOP('',(#3415,#3416,#3422,#3423));
#3415 = ORIENTED_EDGE('',*,*,#2633,.F.);
#3416 = ORIENTED_EDGE('',*,*,#3417,.F.);
#3417 = EDGE_CURVE('',#2571,#2634,#3418,.T.);
#3418 = LINE('',#3419,#3420);
#3419 = CARTESIAN_POINT('',(125.,93.,6.));
#3420 = VECTOR('',#3421,1.);
#3421 = DIRECTION('',(0.,1.,0.));
#3422 = ORIENTED_EDGE('',*,*,#2570,.T.);
#3423 = ORIENTED_EDGE('',*,*,#2554,.T.);
#3424 = PLANE('',#3425);
#3425 = AXIS2_PLACEMENT_3D('',#3426,#3427,#3428);
#3426 = CARTESIAN_POINT('',(125.,93.,6.));
#3427 = DIRECTION('',(0.,0.,1.));
#3428 = DIRECTION('',(1.,0.,0.));
#3429 = ADVANCED_FACE('',(#3430,#3476,#3482,#3493,#3504,#3515),#3526,.F.
  );
#3430 = FACE_BOUND('',#3431,.T.);
#3431 = EDGE_LOOP('',(#3432,#3442,#3451,#3459,#3466,#3467,#3468,#3469));
#3432 = ORIENTED_EDGE('',*,*,#3433,.T.);
#3433 = EDGE_CURVE('',#3434,#3436,#3438,.T.);
#3434 = VERTEX_POINT('',#3435);
#3435 = CARTESIAN_POINT('',(1.,10.,-2.22044604925E-16));
#3436 = VERTEX_POINT('',#3437);
#3437 = CARTESIAN_POINT('',(1.,122.,-2.22044604925E-16));
#3438 = LINE('',#3439,#3440);
#3439 = CARTESIAN_POINT('',(1.,10.,-2.22044604925E-16));
#3440 = VECTOR('',#3441,1.);
#3441 = DIRECTION('',(0.,1.,0.));
#3442 = ORIENTED_EDGE('',*,*,#3443,.T.);
#3443 = EDGE_CURVE('',#3436,#3444,#3446,.T.);
#3444 = VERTEX_POINT('',#3445);
#3445 = CARTESIAN_POINT('',(10.,131.,0.));
#3446 = CIRCLE('',#3447,9.);
#3447 = AXIS2_PLACEMENT_3D('',#3448,#3449,#3450);
#3448 = CARTESIAN_POINT('',(10.,122.,0.));
#3449 = DIRECTION('',(0.,0.,-1.));
#3450 = DIRECTION('',(-1.,0.,0.));
#3451 = ORIENTED_EDGE('',*,*,#3452,.T.);
#3452 = EDGE_CURVE('',#3444,#3453,#3455,.T.);
#3453 = VERTEX_POINT('',#3454);
#3454 = CARTESIAN_POINT('',(132.,131.,-2.22044604925E-16));
#3455 = LINE('',#3456,#3457);
#3456 = CARTESIAN_POINT('',(10.,131.,-2.22044604925E-16));
#3457 = VECTOR('',#3458,1.);
#3458 = DIRECTION('',(1.,0.,0.));
#3459 = ORIENTED_EDGE('',*,*,#3460,.T.);
#3460 = EDGE_CURVE('',#3453,#2987,#3461,.T.);
#3461 = CIRCLE('',#3462,9.);
#3462 = AXIS2_PLACEMENT_3D('',#3463,#3464,#3465);
#3463 = CARTESIAN_POINT('',(132.,122.,0.));
#3464 = DIRECTION('',(0.,0.,-1.));
#3465 = DIRECTION('',(0.,1.,0.));
#3466 = ORIENTED_EDGE('',*,*,#2995,.T.);
#3467 = ORIENTED_EDGE('',*,*,#2946,.T.);
#3468 = ORIENTED_EDGE('',*,*,#2911,.T.);
#3469 = ORIENTED_EDGE('',*,*,#3470,.T.);
#3470 = EDGE_CURVE('',#2912,#3434,#3471,.T.);
#3471 = CIRCLE('',#3472,9.);
#3472 = AXIS2_PLACEMENT_3D('',#3473,#3474,#3475);
#3473 = CARTESIAN_POINT('',(10.,10.,0.));
#3474 = DIRECTION('',(-0.,0.,-1.));
#3475 = DIRECTION('',(-1.7763568394E-16,-1.,0.));
#3476 = FACE_BOUND('',#3477,.F.);
#3477 = EDGE_LOOP('',(#3478,#3479,#3480,#3481));
#3478 = ORIENTED_EDGE('',*,*,#2697,.T.);
#3479 = ORIENTED_EDGE('',*,*,#2666,.F.);
#3480 = ORIENTED_EDGE('',*,*,#2539,.F.);
#3481 = ORIENTED_EDGE('',*,*,#2859,.T.);
#3482 = FACE_BOUND('',#3483,.F.);
#3483 = EDGE_LOOP('',(#3484));
#3484 = ORIENTED_EDGE('',*,*,#3485,.T.);
#3485 = EDGE_CURVE('',#3486,#3486,#3488,.T.);
#3486 = VERTEX_POINT('',#3487);
#3487 = CARTESIAN_POINT('',(137.9,124.,0.));
#3488 = CIRCLE('',#3489,3.9);
#3489 = AXIS2_PLACEMENT_3D('',#3490,#3491,#3492);
#3490 = CARTESIAN_POINT('',(134.,124.,0.));
#3491 = DIRECTION('',(0.,0.,-1.));
#3492 = DIRECTION('',(1.,0.,0.));
#3493 = FACE_BOUND('',#3494,.F.);
#3494 = EDGE_LOOP('',(#3495));
#3495 = ORIENTED_EDGE('',*,*,#3496,.T.);
#3496 = EDGE_CURVE('',#3497,#3497,#3499,.T.);
#3497 = VERTEX_POINT('',#3498);
#3498 = CARTESIAN_POINT('',(137.9,8.,0.));
#3499 = CIRCLE('',#3500,3.9);
#3500 = AXIS2_PLACEMENT_3D('',#3501,#3502,#3503);
#3501 = CARTESIAN_POINT('',(134.,8.,0.));
#3502 = DIRECTION('',(0.,0.,-1.));
#3503 = DIRECTION('',(1.,0.,0.));
#3504 = FACE_BOUND('',#3505,.F.);
#3505 = EDGE_LOOP('',(#3506));
#3506 = ORIENTED_EDGE('',*,*,#3507,.T.);
#3507 = EDGE_CURVE('',#3508,#3508,#3510,.T.);
#3508 = VERTEX_POINT('',#3509);
#3509 = CARTESIAN_POINT('',(11.9,124.,0.));
#3510 = CIRCLE('',#3511,3.9);
#3511 = AXIS2_PLACEMENT_3D('',#3512,#3513,#3514);
#3512 = CARTESIAN_POINT('',(8.,124.,0.));
#3513 = DIRECTION('',(0.,0.,-1.));
#3514 = DIRECTION('',(1.,0.,0.));
#3515 = FACE_BOUND('',#3516,.F.);
#3516 = EDGE_LOOP('',(#3517));
#3517 = ORIENTED_EDGE('',*,*,#3518,.T.);
#3518 = EDGE_CURVE('',#3519,#3519,#3521,.T.);
#3519 = VERTEX_POINT('',#3520);
#3520 = CARTESIAN_POINT('',(11.9,8.,0.));
#3521 = CIRCLE('',#3522,3.9);
#3522 = AXIS2_PLACEMENT_3D('',#3523,#3524,#3525);
#3523 = CARTESIAN_POINT('',(8.,8.,0.));
#3524 = DIRECTION('',(0.,0.,-1.));
#3525 = DIRECTION('',(1.,0.,0.));
#3526 = PLANE('',#3527);
#3527 = AXIS2_PLACEMENT_3D('',#3528,#3529,#3530);
#3528 = CARTESIAN_POINT('',(0.,0.,0.));
#3529 = DIRECTION('',(0.,0.,1.));
#3530 = DIRECTION('',(1.,0.,0.));
#3531 = ADVANCED_FACE('',(#3532,#3543),#3577,.T.);
#3532 = FACE_BOUND('',#3533,.T.);
#3533 = EDGE_LOOP('',(#3534,#3540,#3541,#3542));
#3534 = ORIENTED_EDGE('',*,*,#3535,.F.);
#3535 = EDGE_CURVE('',#2579,#2642,#3536,.T.);
#3536 = LINE('',#3537,#3538);
#3537 = CARTESIAN_POINT('',(125.,93.,8.));
#3538 = VECTOR('',#3539,1.);
#3539 = DIRECTION('',(0.,1.,0.));
#3540 = ORIENTED_EDGE('',*,*,#2586,.T.);
#3541 = ORIENTED_EDGE('',*,*,#2619,.T.);
#3542 = ORIENTED_EDGE('',*,*,#2649,.F.);
#3543 = FACE_BOUND('',#3544,.T.);
#3544 = EDGE_LOOP('',(#3545,#3555,#3563,#3571));
#3545 = ORIENTED_EDGE('',*,*,#3546,.F.);
#3546 = EDGE_CURVE('',#3547,#3549,#3551,.T.);
#3547 = VERTEX_POINT('',#3548);
#3548 = CARTESIAN_POINT('',(126.5,93.9,8.));
#3549 = VERTEX_POINT('',#3550);
#3550 = CARTESIAN_POINT('',(130.1,93.9,8.));
#3551 = LINE('',#3552,#3553);
#3552 = CARTESIAN_POINT('',(126.5,93.9,8.));
#3553 = VECTOR('',#3554,1.);
#3554 = DIRECTION('',(1.,0.,0.));
#3555 = ORIENTED_EDGE('',*,*,#3556,.T.);
#3556 = EDGE_CURVE('',#3547,#3557,#3559,.T.);
#3557 = VERTEX_POINT('',#3558);
#3558 = CARTESIAN_POINT('',(126.5,96.9,8.));
#3559 = LINE('',#3560,#3561);
#3560 = CARTESIAN_POINT('',(126.5,93.9,8.));
#3561 = VECTOR('',#3562,1.);
#3562 = DIRECTION('',(0.,1.,0.));
#3563 = ORIENTED_EDGE('',*,*,#3564,.T.);
#3564 = EDGE_CURVE('',#3557,#3565,#3567,.T.);
#3565 = VERTEX_POINT('',#3566);
#3566 = CARTESIAN_POINT('',(130.1,96.9,8.));
#3567 = LINE('',#3568,#3569);
#3568 = CARTESIAN_POINT('',(126.5,96.9,8.));
#3569 = VECTOR('',#3570,1.);
#3570 = DIRECTION('',(1.,0.,0.));
#3571 = ORIENTED_EDGE('',*,*,#3572,.F.);
#3572 = EDGE_CURVE('',#3549,#3565,#3573,.T.);
#3573 = LINE('',#3574,#3575);
#3574 = CARTESIAN_POINT('',(130.1,93.9,8.));
#3575 = VECTOR('',#3576,1.);
#3576 = DIRECTION('',(0.,1.,0.));
#3577 = PLANE('',#3578);
#3578 = AXIS2_PLACEMENT_3D('',#3579,#3580,#3581);
#3579 = CARTESIAN_POINT('',(125.,93.,8.));
#3580 = DIRECTION('',(0.,0.,1.));
#3581 = DIRECTION('',(1.,0.,0.));
#3582 = ADVANCED_FACE('',(#3583),#3589,.F.);
#3583 = FACE_BOUND('',#3584,.F.);
#3584 = EDGE_LOOP('',(#3585,#3586,#3587,#3588));
#3585 = ORIENTED_EDGE('',*,*,#2578,.F.);
#3586 = ORIENTED_EDGE('',*,*,#3417,.T.);
#3587 = ORIENTED_EDGE('',*,*,#2641,.T.);
#3588 = ORIENTED_EDGE('',*,*,#3535,.F.);
#3589 = PLANE('',#3590);
#3590 = AXIS2_PLACEMENT_3D('',#3591,#3592,#3593);
#3591 = CARTESIAN_POINT('',(125.,93.,6.));
#3592 = DIRECTION('',(1.,0.,0.));
#3593 = DIRECTION('',(0.,0.,1.));
#3594 = ADVANCED_FACE('',(#3595),#3606,.F.);
#3595 = FACE_BOUND('',#3596,.F.);
#3596 = EDGE_LOOP('',(#3597,#3598,#3599,#3605));
#3597 = ORIENTED_EDGE('',*,*,#2705,.F.);
#3598 = ORIENTED_EDGE('',*,*,#2802,.T.);
#3599 = ORIENTED_EDGE('',*,*,#3600,.T.);
#3600 = EDGE_CURVE('',#2795,#2739,#3601,.T.);
#3601 = LINE('',#3602,#3603);
#3602 = CARTESIAN_POINT('',(17.,93.,6.));
#3603 = VECTOR('',#3604,1.);
#3604 = DIRECTION('',(0.,1.,0.));
#3605 = ORIENTED_EDGE('',*,*,#2746,.F.);
#3606 = PLANE('',#3607);
#3607 = AXIS2_PLACEMENT_3D('',#3608,#3609,#3610);
#3608 = CARTESIAN_POINT('',(11.,93.,6.));
#3609 = DIRECTION('',(0.,0.,1.));
#3610 = DIRECTION('',(1.,0.,0.));
#3611 = ADVANCED_FACE('',(#3612),#3623,.T.);
#3612 = FACE_BOUND('',#3613,.T.);
#3613 = EDGE_LOOP('',(#3614,#3615,#3616,#3617));
#3614 = ORIENTED_EDGE('',*,*,#2794,.F.);
#3615 = ORIENTED_EDGE('',*,*,#3600,.T.);
#3616 = ORIENTED_EDGE('',*,*,#2738,.T.);
#3617 = ORIENTED_EDGE('',*,*,#3618,.F.);
#3618 = EDGE_CURVE('',#2787,#2731,#3619,.T.);
#3619 = LINE('',#3620,#3621);
#3620 = CARTESIAN_POINT('',(17.,93.,8.));
#3621 = VECTOR('',#3622,1.);
#3622 = DIRECTION('',(0.,1.,0.));
#3623 = PLANE('',#3624);
#3624 = AXIS2_PLACEMENT_3D('',#3625,#3626,#3627);
#3625 = CARTESIAN_POINT('',(17.,93.,6.));
#3626 = DIRECTION('',(1.,0.,0.));
#3627 = DIRECTION('',(0.,0.,1.));
#3628 = ADVANCED_FACE('',(#3629,#3635),#3669,.T.);
#3629 = FACE_BOUND('',#3630,.T.);
#3630 = EDGE_LOOP('',(#3631,#3632,#3633,#3634));
#3631 = ORIENTED_EDGE('',*,*,#2770,.F.);
#3632 = ORIENTED_EDGE('',*,*,#2786,.T.);
#3633 = ORIENTED_EDGE('',*,*,#3618,.T.);
#3634 = ORIENTED_EDGE('',*,*,#2730,.F.);
#3635 = FACE_BOUND('',#3636,.T.);
#3636 = EDGE_LOOP('',(#3637,#3647,#3655,#3663));
#3637 = ORIENTED_EDGE('',*,*,#3638,.F.);
#3638 = EDGE_CURVE('',#3639,#3641,#3643,.T.);
#3639 = VERTEX_POINT('',#3640);
#3640 = CARTESIAN_POINT('',(11.9,93.9,8.));
#3641 = VERTEX_POINT('',#3642);
#3642 = CARTESIAN_POINT('',(15.5,93.9,8.));
#3643 = LINE('',#3644,#3645);
#3644 = CARTESIAN_POINT('',(11.9,93.9,8.));
#3645 = VECTOR('',#3646,1.);
#3646 = DIRECTION('',(1.,0.,0.));
#3647 = ORIENTED_EDGE('',*,*,#3648,.T.);
#3648 = EDGE_CURVE('',#3639,#3649,#3651,.T.);
#3649 = VERTEX_POINT('',#3650);
#3650 = CARTESIAN_POINT('',(11.9,96.9,8.));
#3651 = LINE('',#3652,#3653);
#3652 = CARTESIAN_POINT('',(11.9,93.9,8.));
#3653 = VECTOR('',#3654,1.);
#3654 = DIRECTION('',(0.,1.,0.));
#3655 = ORIENTED_EDGE('',*,*,#3656,.T.);
#3656 = EDGE_CURVE('',#3649,#3657,#3659,.T.);
#3657 = VERTEX_POINT('',#3658);
#3658 = CARTESIAN_POINT('',(15.5,96.9,8.));
#3659 = LINE('',#3660,#3661);
#3660 = CARTESIAN_POINT('',(11.9,96.9,8.));
#3661 = VECTOR('',#3662,1.);
#3662 = DIRECTION('',(1.,0.,0.));
#3663 = ORIENTED_EDGE('',*,*,#3664,.F.);
#3664 = EDGE_CURVE('',#3641,#3657,#3665,.T.);
#3665 = LINE('',#3666,#3667);
#3666 = CARTESIAN_POINT('',(15.5,93.9,8.));
#3667 = VECTOR('',#3668,1.);
#3668 = DIRECTION('',(0.,1.,0.));
#3669 = PLANE('',#3670);
#3670 = AXIS2_PLACEMENT_3D('',#3671,#3672,#3673);
#3671 = CARTESIAN_POINT('',(11.,93.,8.));
#3672 = DIRECTION('',(0.,0.,1.));
#3673 = DIRECTION('',(1.,0.,0.));
#3674 = ADVANCED_FACE('',(#3675),#3678,.T.);
#3675 = FACE_BOUND('',#3676,.T.);
#3676 = EDGE_LOOP('',(#3677));
#3677 = ORIENTED_EDGE('',*,*,#2843,.T.);
#3678 = PLANE('',#3679);
#3679 = AXIS2_PLACEMENT_3D('',#3680,#3681,#3682);
#3680 = CARTESIAN_POINT('',(134.,8.,65.5));
#3681 = DIRECTION('',(0.,0.,1.));
#3682 = DIRECTION('',(1.,0.,0.));
#3683 = ADVANCED_FACE('',(#3684),#3696,.T.);
#3684 = FACE_BOUND('',#3685,.T.);
#3685 = EDGE_LOOP('',(#3686,#3687,#3688,#3695));
#3686 = ORIENTED_EDGE('',*,*,#2919,.F.);
#3687 = ORIENTED_EDGE('',*,*,#2885,.T.);
#3688 = ORIENTED_EDGE('',*,*,#3689,.T.);
#3689 = EDGE_CURVE('',#2878,#3434,#3690,.T.);
#3690 = CIRCLE('',#3691,1.);
#3691 = AXIS2_PLACEMENT_3D('',#3692,#3693,#3694);
#3692 = CARTESIAN_POINT('',(1.,10.,1.));
#3693 = DIRECTION('',(-0.,-1.,-0.));
#3694 = DIRECTION('',(-1.,0.,0.));
#3695 = ORIENTED_EDGE('',*,*,#3470,.F.);
#3696 = TOROIDAL_SURFACE('',#3697,9.,1.);
#3697 = AXIS2_PLACEMENT_3D('',#3698,#3699,#3700);
#3698 = CARTESIAN_POINT('',(10.,10.,1.));
#3699 = DIRECTION('',(-0.,-0.,-1.));
#3700 = DIRECTION('',(-1.7763568394E-16,-1.,0.));
#3701 = ADVANCED_FACE('',(#3702),#3714,.T.);
#3702 = FACE_BOUND('',#3703,.T.);
#3703 = EDGE_LOOP('',(#3704,#3711,#3712,#3713));
#3704 = ORIENTED_EDGE('',*,*,#3705,.F.);
#3705 = EDGE_CURVE('',#2963,#3453,#3706,.T.);
#3706 = CIRCLE('',#3707,1.);
#3707 = AXIS2_PLACEMENT_3D('',#3708,#3709,#3710);
#3708 = CARTESIAN_POINT('',(132.,131.,1.));
#3709 = DIRECTION('',(-1.,0.,0.));
#3710 = DIRECTION('',(0.,1.,0.));
#3711 = ORIENTED_EDGE('',*,*,#2962,.T.);
#3712 = ORIENTED_EDGE('',*,*,#2986,.T.);
#3713 = ORIENTED_EDGE('',*,*,#3460,.F.);
#3714 = TOROIDAL_SURFACE('',#3715,9.,1.);
#3715 = AXIS2_PLACEMENT_3D('',#3716,#3717,#3718);
#3716 = CARTESIAN_POINT('',(132.,122.,1.));
#3717 = DIRECTION('',(-0.,-0.,-1.));
#3718 = DIRECTION('',(0.,1.,0.));
#3719 = ADVANCED_FACE('',(#3720),#3748,.T.);
#3720 = FACE_BOUND('',#3721,.T.);
#3721 = EDGE_LOOP('',(#3722,#3731,#3732,#3741));
#3722 = ORIENTED_EDGE('',*,*,#3723,.F.);
#3723 = EDGE_CURVE('',#3012,#3724,#3726,.T.);
#3724 = VERTEX_POINT('',#3725);
#3725 = CARTESIAN_POINT('',(141.,122.,60.));
#3726 = CIRCLE('',#3727,1.);
#3727 = AXIS2_PLACEMENT_3D('',#3728,#3729,#3730);
#3728 = CARTESIAN_POINT('',(141.,122.,59.));
#3729 = DIRECTION('',(0.,-1.,0.));
#3730 = DIRECTION('',(1.,0.,0.));
#3731 = ORIENTED_EDGE('',*,*,#3028,.T.);
#3732 = ORIENTED_EDGE('',*,*,#3733,.T.);
#3733 = EDGE_CURVE('',#3021,#3734,#3736,.T.);
#3734 = VERTEX_POINT('',#3735);
#3735 = CARTESIAN_POINT('',(132.,131.,60.));
#3736 = CIRCLE('',#3737,1.);
#3737 = AXIS2_PLACEMENT_3D('',#3738,#3739,#3740);
#3738 = CARTESIAN_POINT('',(132.,131.,59.));
#3739 = DIRECTION('',(1.,-6.123233995737E-17,0.));
#3740 = DIRECTION('',(6.123233995737E-17,1.,0.));
#3741 = ORIENTED_EDGE('',*,*,#3742,.F.);
#3742 = EDGE_CURVE('',#3724,#3734,#3743,.T.);
#3743 = CIRCLE('',#3744,9.);
#3744 = AXIS2_PLACEMENT_3D('',#3745,#3746,#3747);
#3745 = CARTESIAN_POINT('',(132.,122.,60.));
#3746 = DIRECTION('',(0.,0.,1.));
#3747 = DIRECTION('',(1.,0.,0.));
#3748 = TOROIDAL_SURFACE('',#3749,9.,1.);
#3749 = AXIS2_PLACEMENT_3D('',#3750,#3751,#3752);
#3750 = CARTESIAN_POINT('',(132.,122.,59.));
#3751 = DIRECTION('',(0.,0.,1.));
#3752 = DIRECTION('',(1.,0.,0.));
#3753 = ADVANCED_FACE('',(#3754),#3765,.T.);
#3754 = FACE_BOUND('',#3755,.F.);
#3755 = EDGE_LOOP('',(#3756,#3757,#3763,#3764));
#3756 = ORIENTED_EDGE('',*,*,#3393,.T.);
#3757 = ORIENTED_EDGE('',*,*,#3758,.T.);
#3758 = EDGE_CURVE('',#3394,#3724,#3759,.T.);
#3759 = LINE('',#3760,#3761);
#3760 = CARTESIAN_POINT('',(141.,116.,60.));
#3761 = VECTOR('',#3762,1.);
#3762 = DIRECTION('',(0.,1.,0.));
#3763 = ORIENTED_EDGE('',*,*,#3723,.F.);
#3764 = ORIENTED_EDGE('',*,*,#3044,.F.);
#3765 = CYLINDRICAL_SURFACE('',#3766,1.);
#3766 = AXIS2_PLACEMENT_3D('',#3767,#3768,#3769);
#3767 = CARTESIAN_POINT('',(141.,116.,59.));
#3768 = DIRECTION('',(0.,1.,0.));
#3769 = DIRECTION('',(1.,0.,0.));
#3770 = ADVANCED_FACE('',(#3771),#3782,.T.);
#3771 = FACE_BOUND('',#3772,.F.);
#3772 = EDGE_LOOP('',(#3773,#3774,#3780,#3781));
#3773 = ORIENTED_EDGE('',*,*,#3733,.T.);
#3774 = ORIENTED_EDGE('',*,*,#3775,.T.);
#3775 = EDGE_CURVE('',#3734,#3369,#3776,.T.);
#3776 = LINE('',#3777,#3778);
#3777 = CARTESIAN_POINT('',(132.,131.,60.));
#3778 = VECTOR('',#3779,1.);
#3779 = DIRECTION('',(-1.,-0.,-0.));
#3780 = ORIENTED_EDGE('',*,*,#3368,.F.);
#3781 = ORIENTED_EDGE('',*,*,#3063,.F.);
#3782 = CYLINDRICAL_SURFACE('',#3783,1.);
#3783 = AXIS2_PLACEMENT_3D('',#3784,#3785,#3786);
#3784 = CARTESIAN_POINT('',(132.,131.,59.));
#3785 = DIRECTION('',(-1.,-0.,-0.));
#3786 = DIRECTION('',(0.,1.,0.));
#3787 = ADVANCED_FACE('',(#3788),#3800,.T.);
#3788 = FACE_BOUND('',#3789,.F.);
#3789 = EDGE_LOOP('',(#3790,#3791,#3792,#3799));
#3790 = ORIENTED_EDGE('',*,*,#3689,.T.);
#3791 = ORIENTED_EDGE('',*,*,#3433,.T.);
#3792 = ORIENTED_EDGE('',*,*,#3793,.F.);
#3793 = EDGE_CURVE('',#3121,#3436,#3794,.T.);
#3794 = CIRCLE('',#3795,1.);
#3795 = AXIS2_PLACEMENT_3D('',#3796,#3797,#3798);
#3796 = CARTESIAN_POINT('',(1.,122.,1.));
#3797 = DIRECTION('',(-0.,-1.,-0.));
#3798 = DIRECTION('',(-1.,0.,0.));
#3799 = ORIENTED_EDGE('',*,*,#3120,.F.);
#3800 = CYLINDRICAL_SURFACE('',#3801,1.);
#3801 = AXIS2_PLACEMENT_3D('',#3802,#3803,#3804);
#3802 = CARTESIAN_POINT('',(1.,10.,1.));
#3803 = DIRECTION('',(0.,1.,0.));
#3804 = DIRECTION('',(-1.,0.,0.));
#3805 = ADVANCED_FACE('',(#3806),#3818,.T.);
#3806 = FACE_BOUND('',#3807,.F.);
#3807 = EDGE_LOOP('',(#3808,#3809,#3816,#3817));
#3808 = ORIENTED_EDGE('',*,*,#3128,.F.);
#3809 = ORIENTED_EDGE('',*,*,#3810,.T.);
#3810 = EDGE_CURVE('',#3121,#3335,#3811,.T.);
#3811 = CIRCLE('',#3812,10.);
#3812 = AXIS2_PLACEMENT_3D('',#3813,#3814,#3815);
#3813 = CARTESIAN_POINT('',(10.,122.,1.));
#3814 = DIRECTION('',(0.,0.,-1.));
#3815 = DIRECTION('',(-1.,0.,0.));
#3816 = ORIENTED_EDGE('',*,*,#3334,.T.);
#3817 = ORIENTED_EDGE('',*,*,#3186,.F.);
#3818 = CYLINDRICAL_SURFACE('',#3819,10.);
#3819 = AXIS2_PLACEMENT_3D('',#3820,#3821,#3822);
#3820 = CARTESIAN_POINT('',(10.,122.,0.));
#3821 = DIRECTION('',(0.,0.,1.));
#3822 = DIRECTION('',(-1.,0.,0.));
#3823 = ADVANCED_FACE('',(#3824),#3836,.T.);
#3824 = FACE_BOUND('',#3825,.F.);
#3825 = EDGE_LOOP('',(#3826,#3827,#3828,#3829));
#3826 = ORIENTED_EDGE('',*,*,#3261,.F.);
#3827 = ORIENTED_EDGE('',*,*,#3143,.T.);
#3828 = ORIENTED_EDGE('',*,*,#3310,.T.);
#3829 = ORIENTED_EDGE('',*,*,#3830,.F.);
#3830 = EDGE_CURVE('',#3262,#3311,#3831,.T.);
#3831 = CIRCLE('',#3832,10.);
#3832 = AXIS2_PLACEMENT_3D('',#3833,#3834,#3835);
#3833 = CARTESIAN_POINT('',(10.,122.,59.));
#3834 = DIRECTION('',(0.,0.,-1.));
#3835 = DIRECTION('',(-1.,0.,0.));
#3836 = CYLINDRICAL_SURFACE('',#3837,10.);
#3837 = AXIS2_PLACEMENT_3D('',#3838,#3839,#3840);
#3838 = CARTESIAN_POINT('',(10.,122.,6.));
#3839 = DIRECTION('',(0.,0.,1.));
#3840 = DIRECTION('',(-1.,0.,0.));
#3841 = ADVANCED_FACE('',(#3842),#3861,.T.);
#3842 = FACE_BOUND('',#3843,.T.);
#3843 = EDGE_LOOP('',(#3844,#3852,#3853,#3854));
#3844 = ORIENTED_EDGE('',*,*,#3845,.F.);
#3845 = EDGE_CURVE('',#3204,#3846,#3848,.T.);
#3846 = VERTEX_POINT('',#3847);
#3847 = CARTESIAN_POINT('',(10.8,8.,65.5));
#3848 = LINE('',#3849,#3850);
#3849 = CARTESIAN_POINT('',(11.4,8.,64.9));
#3850 = VECTOR('',#3851,1.);
#3851 = DIRECTION('',(-0.707106781187,0.,0.707106781187));
#3852 = ORIENTED_EDGE('',*,*,#3211,.T.);
#3853 = ORIENTED_EDGE('',*,*,#3845,.T.);
#3854 = ORIENTED_EDGE('',*,*,#3855,.F.);
#3855 = EDGE_CURVE('',#3846,#3846,#3856,.T.);
#3856 = CIRCLE('',#3857,2.8);
#3857 = AXIS2_PLACEMENT_3D('',#3858,#3859,#3860);
#3858 = CARTESIAN_POINT('',(8.,8.,65.5));
#3859 = DIRECTION('',(0.,0.,1.));
#3860 = DIRECTION('',(1.,0.,0.));
#3861 = CONICAL_SURFACE('',#3862,3.4,0.785398163397);
#3862 = AXIS2_PLACEMENT_3D('',#3863,#3864,#3865);
#3863 = CARTESIAN_POINT('',(8.,8.,64.9));
#3864 = DIRECTION('',(-0.,-0.,-1.));
#3865 = DIRECTION('',(1.,0.,0.));
#3866 = ADVANCED_FACE('',(#3867),#3886,.T.);
#3867 = FACE_BOUND('',#3868,.T.);
#3868 = EDGE_LOOP('',(#3869,#3870,#3878,#3885));
#3869 = ORIENTED_EDGE('',*,*,#3228,.T.);
#3870 = ORIENTED_EDGE('',*,*,#3871,.T.);
#3871 = EDGE_CURVE('',#3229,#3872,#3874,.T.);
#3872 = VERTEX_POINT('',#3873);
#3873 = CARTESIAN_POINT('',(1.,122.,60.));
#3874 = LINE('',#3875,#3876);
#3875 = CARTESIAN_POINT('',(1.,116.,60.));
#3876 = VECTOR('',#3877,1.);
#3877 = DIRECTION('',(0.,1.,0.));
#3878 = ORIENTED_EDGE('',*,*,#3879,.F.);
#3879 = EDGE_CURVE('',#3262,#3872,#3880,.T.);
#3880 = CIRCLE('',#3881,1.);
#3881 = AXIS2_PLACEMENT_3D('',#3882,#3883,#3884);
#3882 = CARTESIAN_POINT('',(1.,122.,59.));
#3883 = DIRECTION('',(0.,1.,-0.));
#3884 = DIRECTION('',(-1.,0.,0.));
#3885 = ORIENTED_EDGE('',*,*,#3269,.F.);
#3886 = CYLINDRICAL_SURFACE('',#3887,1.);
#3887 = AXIS2_PLACEMENT_3D('',#3888,#3889,#3890);
#3888 = CARTESIAN_POINT('',(1.,116.,59.));
#3889 = DIRECTION('',(0.,1.,0.));
#3890 = DIRECTION('',(-1.,0.,0.));
#3891 = ADVANCED_FACE('',(#3892,#3912),#3923,.T.);
#3892 = FACE_BOUND('',#3893,.T.);
#3893 = EDGE_LOOP('',(#3894,#3895,#3896,#3897,#3905));
#3894 = ORIENTED_EDGE('',*,*,#3871,.F.);
#3895 = ORIENTED_EDGE('',*,*,#3247,.T.);
#3896 = ORIENTED_EDGE('',*,*,#3296,.T.);
#3897 = ORIENTED_EDGE('',*,*,#3898,.F.);
#3898 = EDGE_CURVE('',#3899,#3288,#3901,.T.);
#3899 = VERTEX_POINT('',#3900);
#3900 = CARTESIAN_POINT('',(10.,131.,60.));
#3901 = LINE('',#3902,#3903);
#3902 = CARTESIAN_POINT('',(10.,131.,60.));
#3903 = VECTOR('',#3904,1.);
#3904 = DIRECTION('',(1.,0.,0.));
#3905 = ORIENTED_EDGE('',*,*,#3906,.F.);
#3906 = EDGE_CURVE('',#3872,#3899,#3907,.T.);
#3907 = CIRCLE('',#3908,9.);
#3908 = AXIS2_PLACEMENT_3D('',#3909,#3910,#3911);
#3909 = CARTESIAN_POINT('',(10.,122.,60.));
#3910 = DIRECTION('',(0.,0.,-1.));
#3911 = DIRECTION('',(-1.,0.,0.));
#3912 = FACE_BOUND('',#3913,.T.);
#3913 = EDGE_LOOP('',(#3914));
#3914 = ORIENTED_EDGE('',*,*,#3915,.F.);
#3915 = EDGE_CURVE('',#3916,#3916,#3918,.T.);
#3916 = VERTEX_POINT('',#3917);
#3917 = CARTESIAN_POINT('',(11.4,124.,60.));
#3918 = CIRCLE('',#3919,3.4);
#3919 = AXIS2_PLACEMENT_3D('',#3920,#3921,#3922);
#3920 = CARTESIAN_POINT('',(8.,124.,60.));
#3921 = DIRECTION('',(0.,0.,1.));
#3922 = DIRECTION('',(1.,0.,0.));
#3923 = PLANE('',#3924);
#3924 = AXIS2_PLACEMENT_3D('',#3925,#3926,#3927);
#3925 = CARTESIAN_POINT('',(0.,116.,60.));
#3926 = DIRECTION('',(0.,0.,1.));
#3927 = DIRECTION('',(1.,0.,0.));
#3928 = ADVANCED_FACE('',(#3929),#3941,.T.);
#3929 = FACE_BOUND('',#3930,.T.);
#3930 = EDGE_LOOP('',(#3931,#3938,#3939,#3940));
#3931 = ORIENTED_EDGE('',*,*,#3932,.T.);
#3932 = EDGE_CURVE('',#3311,#3899,#3933,.T.);
#3933 = CIRCLE('',#3934,1.);
#3934 = AXIS2_PLACEMENT_3D('',#3935,#3936,#3937);
#3935 = CARTESIAN_POINT('',(10.,131.,59.));
#3936 = DIRECTION('',(1.,6.123233995737E-17,-0.));
#3937 = DIRECTION('',(-6.123233995737E-17,1.,0.));
#3938 = ORIENTED_EDGE('',*,*,#3898,.T.);
#3939 = ORIENTED_EDGE('',*,*,#3287,.F.);
#3940 = ORIENTED_EDGE('',*,*,#3318,.F.);
#3941 = CYLINDRICAL_SURFACE('',#3942,1.);
#3942 = AXIS2_PLACEMENT_3D('',#3943,#3944,#3945);
#3943 = CARTESIAN_POINT('',(10.,131.,59.));
#3944 = DIRECTION('',(1.,0.,0.));
#3945 = DIRECTION('',(0.,1.,0.));
#3946 = ADVANCED_FACE('',(#3947),#3959,.T.);
#3947 = FACE_BOUND('',#3948,.F.);
#3948 = EDGE_LOOP('',(#3949,#3956,#3957,#3958));
#3949 = ORIENTED_EDGE('',*,*,#3950,.T.);
#3950 = EDGE_CURVE('',#3335,#3444,#3951,.T.);
#3951 = CIRCLE('',#3952,1.);
#3952 = AXIS2_PLACEMENT_3D('',#3953,#3954,#3955);
#3953 = CARTESIAN_POINT('',(10.,131.,1.));
#3954 = DIRECTION('',(-1.,-6.123233995737E-17,-0.));
#3955 = DIRECTION('',(-6.123233995737E-17,1.,0.));
#3956 = ORIENTED_EDGE('',*,*,#3452,.T.);
#3957 = ORIENTED_EDGE('',*,*,#3705,.F.);
#3958 = ORIENTED_EDGE('',*,*,#3344,.F.);
#3959 = CYLINDRICAL_SURFACE('',#3960,1.);
#3960 = AXIS2_PLACEMENT_3D('',#3961,#3962,#3963);
#3961 = CARTESIAN_POINT('',(10.,131.,1.));
#3962 = DIRECTION('',(1.,0.,0.));
#3963 = DIRECTION('',(0.,1.,0.));
#3964 = ADVANCED_FACE('',(#3965,#3972),#3983,.T.);
#3965 = FACE_BOUND('',#3966,.T.);
#3966 = EDGE_LOOP('',(#3967,#3968,#3969,#3970,#3971));
#3967 = ORIENTED_EDGE('',*,*,#3758,.T.);
#3968 = ORIENTED_EDGE('',*,*,#3742,.T.);
#3969 = ORIENTED_EDGE('',*,*,#3775,.T.);
#3970 = ORIENTED_EDGE('',*,*,#3377,.F.);
#3971 = ORIENTED_EDGE('',*,*,#3402,.T.);
#3972 = FACE_BOUND('',#3973,.T.);
#3973 = EDGE_LOOP('',(#3974));
#3974 = ORIENTED_EDGE('',*,*,#3975,.F.);
#3975 = EDGE_CURVE('',#3976,#3976,#3978,.T.);
#3976 = VERTEX_POINT('',#3977);
#3977 = CARTESIAN_POINT('',(137.4,124.,60.));
#3978 = CIRCLE('',#3979,3.4);
#3979 = AXIS2_PLACEMENT_3D('',#3980,#3981,#3982);
#3980 = CARTESIAN_POINT('',(134.,124.,60.));
#3981 = DIRECTION('',(0.,0.,1.));
#3982 = DIRECTION('',(1.,0.,0.));
#3983 = PLANE('',#3984);
#3984 = AXIS2_PLACEMENT_3D('',#3985,#3986,#3987);
#3985 = CARTESIAN_POINT('',(126.,116.,60.));
#3986 = DIRECTION('',(0.,0.,1.));
#3987 = DIRECTION('',(1.,0.,0.));
#3988 = ADVANCED_FACE('',(#3989),#3995,.T.);
#3989 = FACE_BOUND('',#3990,.T.);
#3990 = EDGE_LOOP('',(#3991,#3992,#3993,#3994));
#3991 = ORIENTED_EDGE('',*,*,#3793,.F.);
#3992 = ORIENTED_EDGE('',*,*,#3810,.T.);
#3993 = ORIENTED_EDGE('',*,*,#3950,.T.);
#3994 = ORIENTED_EDGE('',*,*,#3443,.F.);
#3995 = TOROIDAL_SURFACE('',#3996,9.,1.);
#3996 = AXIS2_PLACEMENT_3D('',#3997,#3998,#3999);
#3997 = CARTESIAN_POINT('',(10.,122.,1.));
#3998 = DIRECTION('',(-0.,-0.,-1.));
#3999 = DIRECTION('',(-1.,0.,0.));
#4000 = ADVANCED_FACE('',(#4001),#4020,.F.);
#4001 = FACE_BOUND('',#4002,.T.);
#4002 = EDGE_LOOP('',(#4003,#4004,#4012,#4019));
#4003 = ORIENTED_EDGE('',*,*,#3485,.T.);
#4004 = ORIENTED_EDGE('',*,*,#4005,.T.);
#4005 = EDGE_CURVE('',#3486,#4006,#4008,.T.);
#4006 = VERTEX_POINT('',#4007);
#4007 = CARTESIAN_POINT('',(137.9,124.,6.));
#4008 = LINE('',#4009,#4010);
#4009 = CARTESIAN_POINT('',(137.9,124.,-1.));
#4010 = VECTOR('',#4011,1.);
#4011 = DIRECTION('',(0.,0.,1.));
#4012 = ORIENTED_EDGE('',*,*,#4013,.T.);
#4013 = EDGE_CURVE('',#4006,#4006,#4014,.T.);
#4014 = CIRCLE('',#4015,3.9);
#4015 = AXIS2_PLACEMENT_3D('',#4016,#4017,#4018);
#4016 = CARTESIAN_POINT('',(134.,124.,6.));
#4017 = DIRECTION('',(0.,0.,1.));
#4018 = DIRECTION('',(1.,0.,0.));
#4019 = ORIENTED_EDGE('',*,*,#4005,.F.);
#4020 = CYLINDRICAL_SURFACE('',#4021,3.9);
#4021 = AXIS2_PLACEMENT_3D('',#4022,#4023,#4024);
#4022 = CARTESIAN_POINT('',(134.,124.,-1.));
#4023 = DIRECTION('',(-0.,-0.,-1.));
#4024 = DIRECTION('',(1.,0.,0.));
#4025 = ADVANCED_FACE('',(#4026),#4045,.F.);
#4026 = FACE_BOUND('',#4027,.T.);
#4027 = EDGE_LOOP('',(#4028,#4029,#4037,#4044));
#4028 = ORIENTED_EDGE('',*,*,#3496,.T.);
#4029 = ORIENTED_EDGE('',*,*,#4030,.T.);
#4030 = EDGE_CURVE('',#3497,#4031,#4033,.T.);
#4031 = VERTEX_POINT('',#4032);
#4032 = CARTESIAN_POINT('',(137.9,8.,6.));
#4033 = LINE('',#4034,#4035);
#4034 = CARTESIAN_POINT('',(137.9,8.,-1.));
#4035 = VECTOR('',#4036,1.);
#4036 = DIRECTION('',(0.,0.,1.));
#4037 = ORIENTED_EDGE('',*,*,#4038,.T.);
#4038 = EDGE_CURVE('',#4031,#4031,#4039,.T.);
#4039 = CIRCLE('',#4040,3.9);
#4040 = AXIS2_PLACEMENT_3D('',#4041,#4042,#4043);
#4041 = CARTESIAN_POINT('',(134.,8.,6.));
#4042 = DIRECTION('',(0.,0.,1.));
#4043 = DIRECTION('',(1.,0.,0.));
#4044 = ORIENTED_EDGE('',*,*,#4030,.F.);
#4045 = CYLINDRICAL_SURFACE('',#4046,3.9);
#4046 = AXIS2_PLACEMENT_3D('',#4047,#4048,#4049);
#4047 = CARTESIAN_POINT('',(134.,8.,-1.));
#4048 = DIRECTION('',(-0.,-0.,-1.));
#4049 = DIRECTION('',(1.,0.,0.));
#4050 = ADVANCED_FACE('',(#4051),#4070,.F.);
#4051 = FACE_BOUND('',#4052,.T.);
#4052 = EDGE_LOOP('',(#4053,#4054,#4062,#4069));
#4053 = ORIENTED_EDGE('',*,*,#3507,.T.);
#4054 = ORIENTED_EDGE('',*,*,#4055,.T.);
#4055 = EDGE_CURVE('',#3508,#4056,#4058,.T.);
#4056 = VERTEX_POINT('',#4057);
#4057 = CARTESIAN_POINT('',(11.9,124.,6.));
#4058 = LINE('',#4059,#4060);
#4059 = CARTESIAN_POINT('',(11.9,124.,-1.));
#4060 = VECTOR('',#4061,1.);
#4061 = DIRECTION('',(0.,0.,1.));
#4062 = ORIENTED_EDGE('',*,*,#4063,.T.);
#4063 = EDGE_CURVE('',#4056,#4056,#4064,.T.);
#4064 = CIRCLE('',#4065,3.9);
#4065 = AXIS2_PLACEMENT_3D('',#4066,#4067,#4068);
#4066 = CARTESIAN_POINT('',(8.,124.,6.));
#4067 = DIRECTION('',(0.,0.,1.));
#4068 = DIRECTION('',(1.,0.,0.));
#4069 = ORIENTED_EDGE('',*,*,#4055,.F.);
#4070 = CYLINDRICAL_SURFACE('',#4071,3.9);
#4071 = AXIS2_PLACEMENT_3D('',#4072,#4073,#4074);
#4072 = CARTESIAN_POINT('',(8.,124.,-1.));
#4073 = DIRECTION('',(-0.,-0.,-1.));
#4074 = DIRECTION('',(1.,0.,0.));
#4075 = ADVANCED_FACE('',(#4076),#4095,.F.);
#4076 = FACE_BOUND('',#4077,.T.);
#4077 = EDGE_LOOP('',(#4078,#4079,#4087,#4094));
#4078 = ORIENTED_EDGE('',*,*,#3518,.T.);
#4079 = ORIENTED_EDGE('',*,*,#4080,.T.);
#4080 = EDGE_CURVE('',#3519,#4081,#4083,.T.);
#4081 = VERTEX_POINT('',#4082);
#4082 = CARTESIAN_POINT('',(11.9,8.,6.));
#4083 = LINE('',#4084,#4085);
#4084 = CARTESIAN_POINT('',(11.9,8.,-1.));
#4085 = VECTOR('',#4086,1.);
#4086 = DIRECTION('',(0.,0.,1.));
#4087 = ORIENTED_EDGE('',*,*,#4088,.T.);
#4088 = EDGE_CURVE('',#4081,#4081,#4089,.T.);
#4089 = CIRCLE('',#4090,3.9);
#4090 = AXIS2_PLACEMENT_3D('',#4091,#4092,#4093);
#4091 = CARTESIAN_POINT('',(8.,8.,6.));
#4092 = DIRECTION('',(0.,0.,1.));
#4093 = DIRECTION('',(1.,0.,0.));
#4094 = ORIENTED_EDGE('',*,*,#4080,.F.);
#4095 = CYLINDRICAL_SURFACE('',#4096,3.9);
#4096 = AXIS2_PLACEMENT_3D('',#4097,#4098,#4099);
#4097 = CARTESIAN_POINT('',(8.,8.,-1.));
#4098 = DIRECTION('',(-0.,-0.,-1.));
#4099 = DIRECTION('',(1.,0.,0.));
#4100 = ADVANCED_FACE('',(#4101),#4126,.T.);
#4101 = FACE_BOUND('',#4102,.T.);
#4102 = EDGE_LOOP('',(#4103,#4113,#4119,#4120));
#4103 = ORIENTED_EDGE('',*,*,#4104,.F.);
#4104 = EDGE_CURVE('',#4105,#4107,#4109,.T.);
#4105 = VERTEX_POINT('',#4106);
#4106 = CARTESIAN_POINT('',(126.5,93.9,1.7));
#4107 = VERTEX_POINT('',#4108);
#4108 = CARTESIAN_POINT('',(130.1,93.9,1.7));
#4109 = LINE('',#4110,#4111);
#4110 = CARTESIAN_POINT('',(126.5,93.9,1.7));
#4111 = VECTOR('',#4112,1.);
#4112 = DIRECTION('',(1.,0.,0.));
#4113 = ORIENTED_EDGE('',*,*,#4114,.T.);
#4114 = EDGE_CURVE('',#4105,#3547,#4115,.T.);
#4115 = LINE('',#4116,#4117);
#4116 = CARTESIAN_POINT('',(126.5,93.9,1.7));
#4117 = VECTOR('',#4118,1.);
#4118 = DIRECTION('',(0.,0.,1.));
#4119 = ORIENTED_EDGE('',*,*,#3546,.T.);
#4120 = ORIENTED_EDGE('',*,*,#4121,.F.);
#4121 = EDGE_CURVE('',#4107,#3549,#4122,.T.);
#4122 = LINE('',#4123,#4124);
#4123 = CARTESIAN_POINT('',(130.1,93.9,1.7));
#4124 = VECTOR('',#4125,1.);
#4125 = DIRECTION('',(0.,0.,1.));
#4126 = PLANE('',#4127);
#4127 = AXIS2_PLACEMENT_3D('',#4128,#4129,#4130);
#4128 = CARTESIAN_POINT('',(126.5,93.9,1.7));
#4129 = DIRECTION('',(0.,1.,0.));
#4130 = DIRECTION('',(0.,0.,1.));
#4131 = ADVANCED_FACE('',(#4132),#4150,.F.);
#4132 = FACE_BOUND('',#4133,.F.);
#4133 = EDGE_LOOP('',(#4134,#4135,#4143,#4149));
#4134 = ORIENTED_EDGE('',*,*,#4121,.F.);
#4135 = ORIENTED_EDGE('',*,*,#4136,.T.);
#4136 = EDGE_CURVE('',#4107,#4137,#4139,.T.);
#4137 = VERTEX_POINT('',#4138);
#4138 = CARTESIAN_POINT('',(130.1,96.9,1.7));
#4139 = LINE('',#4140,#4141);
#4140 = CARTESIAN_POINT('',(130.1,93.9,1.7));
#4141 = VECTOR('',#4142,1.);
#4142 = DIRECTION('',(0.,1.,0.));
#4143 = ORIENTED_EDGE('',*,*,#4144,.T.);
#4144 = EDGE_CURVE('',#4137,#3565,#4145,.T.);
#4145 = LINE('',#4146,#4147);
#4146 = CARTESIAN_POINT('',(130.1,96.9,1.7));
#4147 = VECTOR('',#4148,1.);
#4148 = DIRECTION('',(0.,0.,1.));
#4149 = ORIENTED_EDGE('',*,*,#3572,.F.);
#4150 = PLANE('',#4151);
#4151 = AXIS2_PLACEMENT_3D('',#4152,#4153,#4154);
#4152 = CARTESIAN_POINT('',(130.1,93.9,1.7));
#4153 = DIRECTION('',(1.,0.,0.));
#4154 = DIRECTION('',(0.,0.,1.));
#4155 = ADVANCED_FACE('',(#4156),#4174,.F.);
#4156 = FACE_BOUND('',#4157,.F.);
#4157 = EDGE_LOOP('',(#4158,#4166,#4172,#4173));
#4158 = ORIENTED_EDGE('',*,*,#4159,.F.);
#4159 = EDGE_CURVE('',#4160,#4137,#4162,.T.);
#4160 = VERTEX_POINT('',#4161);
#4161 = CARTESIAN_POINT('',(126.5,96.9,1.7));
#4162 = LINE('',#4163,#4164);
#4163 = CARTESIAN_POINT('',(126.5,96.9,1.7));
#4164 = VECTOR('',#4165,1.);
#4165 = DIRECTION('',(1.,0.,0.));
#4166 = ORIENTED_EDGE('',*,*,#4167,.T.);
#4167 = EDGE_CURVE('',#4160,#3557,#4168,.T.);
#4168 = LINE('',#4169,#4170);
#4169 = CARTESIAN_POINT('',(126.5,96.9,1.7));
#4170 = VECTOR('',#4171,1.);
#4171 = DIRECTION('',(0.,0.,1.));
#4172 = ORIENTED_EDGE('',*,*,#3564,.T.);
#4173 = ORIENTED_EDGE('',*,*,#4144,.F.);
#4174 = PLANE('',#4175);
#4175 = AXIS2_PLACEMENT_3D('',#4176,#4177,#4178);
#4176 = CARTESIAN_POINT('',(126.5,96.9,1.7));
#4177 = DIRECTION('',(0.,1.,0.));
#4178 = DIRECTION('',(0.,0.,1.));
#4179 = ADVANCED_FACE('',(#4180),#4191,.T.);
#4180 = FACE_BOUND('',#4181,.T.);
#4181 = EDGE_LOOP('',(#4182,#4183,#4189,#4190));
#4182 = ORIENTED_EDGE('',*,*,#4114,.F.);
#4183 = ORIENTED_EDGE('',*,*,#4184,.T.);
#4184 = EDGE_CURVE('',#4105,#4160,#4185,.T.);
#4185 = LINE('',#4186,#4187);
#4186 = CARTESIAN_POINT('',(126.5,93.9,1.7));
#4187 = VECTOR('',#4188,1.);
#4188 = DIRECTION('',(0.,1.,0.));
#4189 = ORIENTED_EDGE('',*,*,#4167,.T.);
#4190 = ORIENTED_EDGE('',*,*,#3556,.F.);
#4191 = PLANE('',#4192);
#4192 = AXIS2_PLACEMENT_3D('',#4193,#4194,#4195);
#4193 = CARTESIAN_POINT('',(126.5,93.9,1.7));
#4194 = DIRECTION('',(1.,0.,0.));
#4195 = DIRECTION('',(0.,0.,1.));
#4196 = ADVANCED_FACE('',(#4197),#4222,.T.);
#4197 = FACE_BOUND('',#4198,.T.);
#4198 = EDGE_LOOP('',(#4199,#4209,#4215,#4216));
#4199 = ORIENTED_EDGE('',*,*,#4200,.F.);
#4200 = EDGE_CURVE('',#4201,#4203,#4205,.T.);
#4201 = VERTEX_POINT('',#4202);
#4202 = CARTESIAN_POINT('',(11.9,93.9,1.7));
#4203 = VERTEX_POINT('',#4204);
#4204 = CARTESIAN_POINT('',(15.5,93.9,1.7));
#4205 = LINE('',#4206,#4207);
#4206 = CARTESIAN_POINT('',(11.9,93.9,1.7));
#4207 = VECTOR('',#4208,1.);
#4208 = DIRECTION('',(1.,0.,0.));
#4209 = ORIENTED_EDGE('',*,*,#4210,.T.);
#4210 = EDGE_CURVE('',#4201,#3639,#4211,.T.);
#4211 = LINE('',#4212,#4213);
#4212 = CARTESIAN_POINT('',(11.9,93.9,1.7));
#4213 = VECTOR('',#4214,1.);
#4214 = DIRECTION('',(0.,0.,1.));
#4215 = ORIENTED_EDGE('',*,*,#3638,.T.);
#4216 = ORIENTED_EDGE('',*,*,#4217,.F.);
#4217 = EDGE_CURVE('',#4203,#3641,#4218,.T.);
#4218 = LINE('',#4219,#4220);
#4219 = CARTESIAN_POINT('',(15.5,93.9,1.7));
#4220 = VECTOR('',#4221,1.);
#4221 = DIRECTION('',(0.,0.,1.));
#4222 = PLANE('',#4223);
#4223 = AXIS2_PLACEMENT_3D('',#4224,#4225,#4226);
#4224 = CARTESIAN_POINT('',(11.9,93.9,1.7));
#4225 = DIRECTION('',(0.,1.,0.));
#4226 = DIRECTION('',(0.,0.,1.));
#4227 = ADVANCED_FACE('',(#4228),#4246,.F.);
#4228 = FACE_BOUND('',#4229,.F.);
#4229 = EDGE_LOOP('',(#4230,#4231,#4239,#4245));
#4230 = ORIENTED_EDGE('',*,*,#4217,.F.);
#4231 = ORIENTED_EDGE('',*,*,#4232,.T.);
#4232 = EDGE_CURVE('',#4203,#4233,#4235,.T.);
#4233 = VERTEX_POINT('',#4234);
#4234 = CARTESIAN_POINT('',(15.5,96.9,1.7));
#4235 = LINE('',#4236,#4237);
#4236 = CARTESIAN_POINT('',(15.5,93.9,1.7));
#4237 = VECTOR('',#4238,1.);
#4238 = DIRECTION('',(0.,1.,0.));
#4239 = ORIENTED_EDGE('',*,*,#4240,.T.);
#4240 = EDGE_CURVE('',#4233,#3657,#4241,.T.);
#4241 = LINE('',#4242,#4243);
#4242 = CARTESIAN_POINT('',(15.5,96.9,1.7));
#4243 = VECTOR('',#4244,1.);
#4244 = DIRECTION('',(0.,0.,1.));
#4245 = ORIENTED_EDGE('',*,*,#3664,.F.);
#4246 = PLANE('',#4247);
#4247 = AXIS2_PLACEMENT_3D('',#4248,#4249,#4250);
#4248 = CARTESIAN_POINT('',(15.5,93.9,1.7));
#4249 = DIRECTION('',(1.,0.,0.));
#4250 = DIRECTION('',(0.,0.,1.));
#4251 = ADVANCED_FACE('',(#4252),#4270,.F.);
#4252 = FACE_BOUND('',#4253,.F.);
#4253 = EDGE_LOOP('',(#4254,#4262,#4268,#4269));
#4254 = ORIENTED_EDGE('',*,*,#4255,.F.);
#4255 = EDGE_CURVE('',#4256,#4233,#4258,.T.);
#4256 = VERTEX_POINT('',#4257);
#4257 = CARTESIAN_POINT('',(11.9,96.9,1.7));
#4258 = LINE('',#4259,#4260);
#4259 = CARTESIAN_POINT('',(11.9,96.9,1.7));
#4260 = VECTOR('',#4261,1.);
#4261 = DIRECTION('',(1.,0.,0.));
#4262 = ORIENTED_EDGE('',*,*,#4263,.T.);
#4263 = EDGE_CURVE('',#4256,#3649,#4264,.T.);
#4264 = LINE('',#4265,#4266);
#4265 = CARTESIAN_POINT('',(11.9,96.9,1.7));
#4266 = VECTOR('',#4267,1.);
#4267 = DIRECTION('',(0.,0.,1.));
#4268 = ORIENTED_EDGE('',*,*,#3656,.T.);
#4269 = ORIENTED_EDGE('',*,*,#4240,.F.);
#4270 = PLANE('',#4271);
#4271 = AXIS2_PLACEMENT_3D('',#4272,#4273,#4274);
#4272 = CARTESIAN_POINT('',(11.9,96.9,1.7));
#4273 = DIRECTION('',(0.,1.,0.));
#4274 = DIRECTION('',(0.,0.,1.));
#4275 = ADVANCED_FACE('',(#4276),#4287,.T.);
#4276 = FACE_BOUND('',#4277,.T.);
#4277 = EDGE_LOOP('',(#4278,#4279,#4285,#4286));
#4278 = ORIENTED_EDGE('',*,*,#4210,.F.);
#4279 = ORIENTED_EDGE('',*,*,#4280,.T.);
#4280 = EDGE_CURVE('',#4201,#4256,#4281,.T.);
#4281 = LINE('',#4282,#4283);
#4282 = CARTESIAN_POINT('',(11.9,93.9,1.7));
#4283 = VECTOR('',#4284,1.);
#4284 = DIRECTION('',(0.,1.,0.));
#4285 = ORIENTED_EDGE('',*,*,#4263,.T.);
#4286 = ORIENTED_EDGE('',*,*,#3648,.F.);
#4287 = PLANE('',#4288);
#4288 = AXIS2_PLACEMENT_3D('',#4289,#4290,#4291);
#4289 = CARTESIAN_POINT('',(11.9,93.9,1.7));
#4290 = DIRECTION('',(1.,0.,0.));
#4291 = DIRECTION('',(0.,0.,1.));
#4292 = ADVANCED_FACE('',(#4293),#4299,.T.);
#4293 = FACE_BOUND('',#4294,.F.);
#4294 = EDGE_LOOP('',(#4295,#4296,#4297,#4298));
#4295 = ORIENTED_EDGE('',*,*,#3879,.F.);
#4296 = ORIENTED_EDGE('',*,*,#3830,.T.);
#4297 = ORIENTED_EDGE('',*,*,#3932,.T.);
#4298 = ORIENTED_EDGE('',*,*,#3906,.F.);
#4299 = TOROIDAL_SURFACE('',#4300,9.,1.);
#4300 = AXIS2_PLACEMENT_3D('',#4301,#4302,#4303);
#4301 = CARTESIAN_POINT('',(10.,122.,59.));
#4302 = DIRECTION('',(0.,0.,1.));
#4303 = DIRECTION('',(-1.,0.,0.));
#4304 = ADVANCED_FACE('',(#4305),#4308,.T.);
#4305 = FACE_BOUND('',#4306,.T.);
#4306 = EDGE_LOOP('',(#4307));
#4307 = ORIENTED_EDGE('',*,*,#3855,.T.);
#4308 = PLANE('',#4309);
#4309 = AXIS2_PLACEMENT_3D('',#4310,#4311,#4312);
#4310 = CARTESIAN_POINT('',(8.,8.,65.5));
#4311 = DIRECTION('',(0.,0.,1.));
#4312 = DIRECTION('',(1.,0.,0.));
#4313 = ADVANCED_FACE('',(#4314),#4333,.T.);
#4314 = FACE_BOUND('',#4315,.F.);
#4315 = EDGE_LOOP('',(#4316,#4324,#4331,#4332));
#4316 = ORIENTED_EDGE('',*,*,#4317,.T.);
#4317 = EDGE_CURVE('',#3916,#4318,#4320,.T.);
#4318 = VERTEX_POINT('',#4319);
#4319 = CARTESIAN_POINT('',(11.4,124.,64.9));
#4320 = LINE('',#4321,#4322);
#4321 = CARTESIAN_POINT('',(11.4,124.,60.));
#4322 = VECTOR('',#4323,1.);
#4323 = DIRECTION('',(0.,0.,1.));
#4324 = ORIENTED_EDGE('',*,*,#4325,.T.);
#4325 = EDGE_CURVE('',#4318,#4318,#4326,.T.);
#4326 = CIRCLE('',#4327,3.4);
#4327 = AXIS2_PLACEMENT_3D('',#4328,#4329,#4330);
#4328 = CARTESIAN_POINT('',(8.,124.,64.9));
#4329 = DIRECTION('',(0.,0.,1.));
#4330 = DIRECTION('',(1.,0.,0.));
#4331 = ORIENTED_EDGE('',*,*,#4317,.F.);
#4332 = ORIENTED_EDGE('',*,*,#3915,.F.);
#4333 = CYLINDRICAL_SURFACE('',#4334,3.4);
#4334 = AXIS2_PLACEMENT_3D('',#4335,#4336,#4337);
#4335 = CARTESIAN_POINT('',(8.,124.,60.));
#4336 = DIRECTION('',(-0.,-0.,-1.));
#4337 = DIRECTION('',(1.,0.,0.));
#4338 = ADVANCED_FACE('',(#4339),#4358,.T.);
#4339 = FACE_BOUND('',#4340,.F.);
#4340 = EDGE_LOOP('',(#4341,#4349,#4356,#4357));
#4341 = ORIENTED_EDGE('',*,*,#4342,.T.);
#4342 = EDGE_CURVE('',#3976,#4343,#4345,.T.);
#4343 = VERTEX_POINT('',#4344);
#4344 = CARTESIAN_POINT('',(137.4,124.,64.9));
#4345 = LINE('',#4346,#4347);
#4346 = CARTESIAN_POINT('',(137.4,124.,60.));
#4347 = VECTOR('',#4348,1.);
#4348 = DIRECTION('',(0.,0.,1.));
#4349 = ORIENTED_EDGE('',*,*,#4350,.T.);
#4350 = EDGE_CURVE('',#4343,#4343,#4351,.T.);
#4351 = CIRCLE('',#4352,3.4);
#4352 = AXIS2_PLACEMENT_3D('',#4353,#4354,#4355);
#4353 = CARTESIAN_POINT('',(134.,124.,64.9));
#4354 = DIRECTION('',(0.,0.,1.));
#4355 = DIRECTION('',(1.,0.,0.));
#4356 = ORIENTED_EDGE('',*,*,#4342,.F.);
#4357 = ORIENTED_EDGE('',*,*,#3975,.F.);
#4358 = CYLINDRICAL_SURFACE('',#4359,3.4);
#4359 = AXIS2_PLACEMENT_3D('',#4360,#4361,#4362);
#4360 = CARTESIAN_POINT('',(134.,124.,60.));
#4361 = DIRECTION('',(-0.,-0.,-1.));
#4362 = DIRECTION('',(1.,0.,0.));
#4363 = ADVANCED_FACE('',(#4364),#4367,.F.);
#4364 = FACE_BOUND('',#4365,.T.);
#4365 = EDGE_LOOP('',(#4366));
#4366 = ORIENTED_EDGE('',*,*,#4013,.F.);
#4367 = PLANE('',#4368);
#4368 = AXIS2_PLACEMENT_3D('',#4369,#4370,#4371);
#4369 = CARTESIAN_POINT('',(134.,124.,6.));
#4370 = DIRECTION('',(0.,0.,1.));
#4371 = DIRECTION('',(1.,0.,0.));
#4372 = ADVANCED_FACE('',(#4373),#4376,.F.);
#4373 = FACE_BOUND('',#4374,.T.);
#4374 = EDGE_LOOP('',(#4375));
#4375 = ORIENTED_EDGE('',*,*,#4038,.F.);
#4376 = PLANE('',#4377);
#4377 = AXIS2_PLACEMENT_3D('',#4378,#4379,#4380);
#4378 = CARTESIAN_POINT('',(134.,8.,6.));
#4379 = DIRECTION('',(0.,0.,1.));
#4380 = DIRECTION('',(1.,0.,0.));
#4381 = ADVANCED_FACE('',(#4382),#4385,.F.);
#4382 = FACE_BOUND('',#4383,.T.);
#4383 = EDGE_LOOP('',(#4384));
#4384 = ORIENTED_EDGE('',*,*,#4063,.F.);
#4385 = PLANE('',#4386);
#4386 = AXIS2_PLACEMENT_3D('',#4387,#4388,#4389);
#4387 = CARTESIAN_POINT('',(8.,124.,6.));
#4388 = DIRECTION('',(0.,0.,1.));
#4389 = DIRECTION('',(1.,0.,0.));
#4390 = ADVANCED_FACE('',(#4391),#4394,.F.);
#4391 = FACE_BOUND('',#4392,.T.);
#4392 = EDGE_LOOP('',(#4393));
#4393 = ORIENTED_EDGE('',*,*,#4088,.F.);
#4394 = PLANE('',#4395);
#4395 = AXIS2_PLACEMENT_3D('',#4396,#4397,#4398);
#4396 = CARTESIAN_POINT('',(8.,8.,6.));
#4397 = DIRECTION('',(0.,0.,1.));
#4398 = DIRECTION('',(1.,0.,0.));
#4399 = ADVANCED_FACE('',(#4400),#4406,.T.);
#4400 = FACE_BOUND('',#4401,.T.);
#4401 = EDGE_LOOP('',(#4402,#4403,#4404,#4405));
#4402 = ORIENTED_EDGE('',*,*,#4184,.F.);
#4403 = ORIENTED_EDGE('',*,*,#4104,.T.);
#4404 = ORIENTED_EDGE('',*,*,#4136,.T.);
#4405 = ORIENTED_EDGE('',*,*,#4159,.F.);
#4406 = PLANE('',#4407);
#4407 = AXIS2_PLACEMENT_3D('',#4408,#4409,#4410);
#4408 = CARTESIAN_POINT('',(126.5,93.9,1.7));
#4409 = DIRECTION('',(0.,0.,1.));
#4410 = DIRECTION('',(1.,0.,0.));
#4411 = ADVANCED_FACE('',(#4412),#4418,.T.);
#4412 = FACE_BOUND('',#4413,.T.);
#4413 = EDGE_LOOP('',(#4414,#4415,#4416,#4417));
#4414 = ORIENTED_EDGE('',*,*,#4280,.F.);
#4415 = ORIENTED_EDGE('',*,*,#4200,.T.);
#4416 = ORIENTED_EDGE('',*,*,#4232,.T.);
#4417 = ORIENTED_EDGE('',*,*,#4255,.F.);
#4418 = PLANE('',#4419);
#4419 = AXIS2_PLACEMENT_3D('',#4420,#4421,#4422);
#4420 = CARTESIAN_POINT('',(11.9,93.9,1.7));
#4421 = DIRECTION('',(0.,0.,1.));
#4422 = DIRECTION('',(1.,0.,0.));
#4423 = ADVANCED_FACE('',(#4424),#4443,.T.);
#4424 = FACE_BOUND('',#4425,.T.);
#4425 = EDGE_LOOP('',(#4426,#4434,#4435,#4436));
#4426 = ORIENTED_EDGE('',*,*,#4427,.F.);
#4427 = EDGE_CURVE('',#4318,#4428,#4430,.T.);
#4428 = VERTEX_POINT('',#4429);
#4429 = CARTESIAN_POINT('',(10.8,124.,65.5));
#4430 = LINE('',#4431,#4432);
#4431 = CARTESIAN_POINT('',(11.4,124.,64.9));
#4432 = VECTOR('',#4433,1.);
#4433 = DIRECTION('',(-0.707106781187,0.,0.707106781187));
#4434 = ORIENTED_EDGE('',*,*,#4325,.T.);
#4435 = ORIENTED_EDGE('',*,*,#4427,.T.);
#4436 = ORIENTED_EDGE('',*,*,#4437,.F.);
#4437 = EDGE_CURVE('',#4428,#4428,#4438,.T.);
#4438 = CIRCLE('',#4439,2.8);
#4439 = AXIS2_PLACEMENT_3D('',#4440,#4441,#4442);
#4440 = CARTESIAN_POINT('',(8.,124.,65.5));
#4441 = DIRECTION('',(0.,0.,1.));
#4442 = DIRECTION('',(1.,0.,0.));
#4443 = CONICAL_SURFACE('',#4444,3.4,0.785398163397);
#4444 = AXIS2_PLACEMENT_3D('',#4445,#4446,#4447);
#4445 = CARTESIAN_POINT('',(8.,124.,64.9));
#4446 = DIRECTION('',(-0.,-0.,-1.));
#4447 = DIRECTION('',(1.,0.,0.));
#4448 = ADVANCED_FACE('',(#4449),#4468,.T.);
#4449 = FACE_BOUND('',#4450,.T.);
#4450 = EDGE_LOOP('',(#4451,#4459,#4460,#4461));
#4451 = ORIENTED_EDGE('',*,*,#4452,.F.);
#4452 = EDGE_CURVE('',#4343,#4453,#4455,.T.);
#4453 = VERTEX_POINT('',#4454);
#4454 = CARTESIAN_POINT('',(136.8,124.,65.5));
#4455 = LINE('',#4456,#4457);
#4456 = CARTESIAN_POINT('',(137.4,124.,64.9));
#4457 = VECTOR('',#4458,1.);
#4458 = DIRECTION('',(-0.707106781187,0.,0.707106781187));
#4459 = ORIENTED_EDGE('',*,*,#4350,.T.);
#4460 = ORIENTED_EDGE('',*,*,#4452,.T.);
#4461 = ORIENTED_EDGE('',*,*,#4462,.F.);
#4462 = EDGE_CURVE('',#4453,#4453,#4463,.T.);
#4463 = CIRCLE('',#4464,2.8);
#4464 = AXIS2_PLACEMENT_3D('',#4465,#4466,#4467);
#4465 = CARTESIAN_POINT('',(134.,124.,65.5));
#4466 = DIRECTION('',(0.,0.,1.));
#4467 = DIRECTION('',(1.,0.,0.));
#4468 = CONICAL_SURFACE('',#4469,3.4,0.785398163397);
#4469 = AXIS2_PLACEMENT_3D('',#4470,#4471,#4472);
#4470 = CARTESIAN_POINT('',(134.,124.,64.9));
#4471 = DIRECTION('',(-0.,-0.,-1.));
#4472 = DIRECTION('',(1.,0.,0.));
#4473 = ADVANCED_FACE('',(#4474),#4477,.T.);
#4474 = FACE_BOUND('',#4475,.T.);
#4475 = EDGE_LOOP('',(#4476));
#4476 = ORIENTED_EDGE('',*,*,#4437,.T.);
#4477 = PLANE('',#4478);
#4478 = AXIS2_PLACEMENT_3D('',#4479,#4480,#4481);
#4479 = CARTESIAN_POINT('',(8.,124.,65.5));
#4480 = DIRECTION('',(0.,0.,1.));
#4481 = DIRECTION('',(1.,0.,0.));
#4482 = ADVANCED_FACE('',(#4483),#4486,.T.);
#4483 = FACE_BOUND('',#4484,.T.);
#4484 = EDGE_LOOP('',(#4485));
#4485 = ORIENTED_EDGE('',*,*,#4462,.T.);
#4486 = PLANE('',#4487);
#4487 = AXIS2_PLACEMENT_3D('',#4488,#4489,#4490);
#4488 = CARTESIAN_POINT('',(134.,124.,65.5));
#4489 = DIRECTION('',(0.,0.,1.));
#4490 = DIRECTION('',(1.,0.,0.));
#4491 = ( GEOMETRIC_REPRESENTATION_CONTEXT(3) 
GLOBAL_UNCERTAINTY_ASSIGNED_CONTEXT((#4495)) 
GLOBAL_UNIT_ASSIGNED_CONTEXT((#4492,#4493,#4494)) REPRESENTATION_CONTEXT
('Context #1','3D Context with UNIT and UNCERTAINTY') );
#4492 = ( LENGTH_UNIT() NAMED_UNIT(*) SI_UNIT(.MILLI.,.METRE.) );
#4493 = ( NAMED_UNIT(*) PLANE_ANGLE_UNIT() SI_UNIT($,.RADIAN.) );
#4494 = ( NAMED_UNIT(*) SI_UNIT($,.STERADIAN.) SOLID_ANGLE_UNIT() );
#4495 = UNCERTAINTY_MEASURE_WITH_UNIT(LENGTH_MEASURE(5.E-05),#4492,
  'distance_accuracy_value','confusion accuracy');
#4496 = PRODUCT_RELATED_PRODUCT_CATEGORY('part',$,(#7));
ENDSEC;
END-ISO-10303-21;
