ISO-10303-21;
HEADER;
FILE_DESCRIPTION(('FreeCAD Model'),'2;1');
FILE_NAME('Open CASCADE Shape Model','2026-10-03T13:33:52',('FreeCAD'),(
    'FreeCAD'),'Open CASCADE STEP processor 7.8','FreeCAD','Unknown');
FILE_SCHEMA(('AUTOMOTIVE_DESIGN { 1 0 10303 214 1 1 1 1 }'));
ENDSEC;
DATA;
#1 = APPLICATION_PROTOCOL_DEFINITION('international standard',
  'automotive_design',2000,#2);
#2 = APPLICATION_CONTEXT(
  'core data for automotive mechanical design processes');
#3 = SHAPE_DEFINITION_REPRESENTATION(#4,#10);
#4 = PRODUCT_DEFINITION_SHAPE('','',#5);
#5 = PRODUCT_DEFINITION('design','',#6,#9);
#6 = PRODUCT_DEFINITION_FORMATION('','',#7);
#7 = PRODUCT('Open CASCADE STEP translator 7.8 12',
  'Open CASCADE STEP translator 7.8 12','',(#8));
#8 = PRODUCT_CONTEXT('',#2,'mechanical');
#9 = PRODUCT_DEFINITION_CONTEXT('part definition',#2,'design');
#10 = SHAPE_REPRESENTATION('',(#11,#15,#4491,#4905,#5253,#5601,#10077,
    #10491,#10839,#11187,#15663,#16077,#16425),#16773);
#11 = AXIS2_PLACEMENT_3D('',#12,#13,#14);
#12 = CARTESIAN_POINT('',(0.,0.,0.));
#13 = DIRECTION('',(0.,0.,1.));
#14 = DIRECTION('',(1.,0.,-0.));
#15 = MANIFOLD_SOLID_BREP('',#16);
#16 = CLOSED_SHELL('',(#17,#59,#90,#124,#181,#333,#358,#422,#447,#483,
    #531,#580,#606,#647,#703,#751,#768,#790,#855,#879,#919,#975,#999,
    #1055,#1095,#1119,#1191,#1215,#1248,#1273,#1291,#1315,#1339,#1363,
    #1538,#1550,#1575,#1597,#1633,#1650,#1674,#1705,#1731,#1756,#1790,
    #1814,#1869,#1893,#1934,#1968,#1990,#2045,#2069,#2083,#2100,#2117,
    #2143,#2160,#2172,#2203,#2220,#2237,#2249,#2266,#2278,#2303,#2347,
    #2365,#2404,#2436,#2470,#2502,#2527,#2566,#2605,#2629,#2661,#2685,
    #2717,#2756,#2780,#2812,#2829,#2854,#2873,#2898,#2931,#2957,#2982,
    #3007,#3039,#3056,#3073,#3091,#3103,#3115,#3139,#3181,#3199,#3224,
    #3257,#3281,#3306,#3330,#3354,#3387,#3412,#3429,#3531,#3582,#3594,
    #3611,#3628,#3674,#3683,#3701,#3719,#3753,#3770,#3787,#3805,#3823,
    #3841,#3866,#3891,#3928,#3946,#3964,#3988,#4000,#4025,#4050,#4075,
    #4100,#4131,#4155,#4179,#4196,#4227,#4251,#4275,#4292,#4304,#4313,
    #4338,#4363,#4372,#4381,#4390,#4399,#4411,#4423,#4448,#4473,#4482));
#17 = ADVANCED_FACE('',(#18),#54,.T.);
#18 = FACE_BOUND('',#19,.F.);
#19 = EDGE_LOOP('',(#20,#30,#39,#47));
#20 = ORIENTED_EDGE('',*,*,#21,.F.);
#21 = EDGE_CURVE('',#22,#24,#26,.T.);
#22 = VERTEX_POINT('',#23);
#23 = CARTESIAN_POINT('',(142.,10.,6.));
#24 = VERTEX_POINT('',#25);
#25 = CARTESIAN_POINT('',(142.,10.,59.));
#26 = LINE('',#27,#28);
#27 = CARTESIAN_POINT('',(142.,10.,6.));
#28 = VECTOR('',#29,1.);
#29 = DIRECTION('',(0.,0.,1.));
#30 = ORIENTED_EDGE('',*,*,#31,.T.);
#31 = EDGE_CURVE('',#22,#32,#34,.T.);
#32 = VERTEX_POINT('',#33);
#33 = CARTESIAN_POINT('',(132.,-1.7763568394E-15,6.));
#34 = CIRCLE('',#35,10.);
#35 = AXIS2_PLACEMENT_3D('',#36,#37,#38);
#36 = CARTESIAN_POINT('',(132.,10.,6.));
#37 = DIRECTION('',(-0.,-0.,-1.));
#38 = DIRECTION('',(0.,-1.,0.));
#39 = ORIENTED_EDGE('',*,*,#40,.T.);
#40 = EDGE_CURVE('',#32,#41,#43,.T.);
#41 = VERTEX_POINT('',#42);
#42 = CARTESIAN_POINT('',(132.,-2.22044604925E-16,59.));
#43 = LINE('',#44,#45);
#44 = CARTESIAN_POINT('',(132.,-1.7763568394E-15,6.));
#45 = VECTOR('',#46,1.);
#46 = DIRECTION('',(0.,0.,1.));
#47 = ORIENTED_EDGE('',*,*,#48,.T.);
#48 = EDGE_CURVE('',#41,#24,#49,.T.);
#49 = CIRCLE('',#50,10.);
#50 = AXIS2_PLACEMENT_3D('',#51,#52,#53);
#51 = CARTESIAN_POINT('',(132.,10.,59.));
#52 = DIRECTION('',(-0.,0.,1.));
#53 = DIRECTION('',(0.,-1.,0.));
#54 = CYLINDRICAL_SURFACE('',#55,10.);
#55 = AXIS2_PLACEMENT_3D('',#56,#57,#58);
#56 = CARTESIAN_POINT('',(132.,10.,6.));
#57 = DIRECTION('',(0.,0.,1.));
#58 = DIRECTION('',(1.,0.,0.));
#59 = ADVANCED_FACE('',(#60),#85,.T.);
#60 = FACE_BOUND('',#61,.T.);
#61 = EDGE_LOOP('',(#62,#63,#71,#79));
#62 = ORIENTED_EDGE('',*,*,#21,.F.);
#63 = ORIENTED_EDGE('',*,*,#64,.T.);
#64 = EDGE_CURVE('',#22,#65,#67,.T.);
#65 = VERTEX_POINT('',#66);
#66 = CARTESIAN_POINT('',(142.,16.,6.));
#67 = LINE('',#68,#69);
#68 = CARTESIAN_POINT('',(142.,0.,6.));
#69 = VECTOR('',#70,1.);
#70 = DIRECTION('',(0.,1.,0.));
#71 = ORIENTED_EDGE('',*,*,#72,.T.);
#72 = EDGE_CURVE('',#65,#73,#75,.T.);
#73 = VERTEX_POINT('',#74);
#74 = CARTESIAN_POINT('',(142.,16.,59.));
#75 = LINE('',#76,#77);
#76 = CARTESIAN_POINT('',(142.,16.,6.));
#77 = VECTOR('',#78,1.);
#78 = DIRECTION('',(0.,0.,1.));
#79 = ORIENTED_EDGE('',*,*,#80,.F.);
#80 = EDGE_CURVE('',#24,#73,#81,.T.);
#81 = LINE('',#82,#83);
#82 = CARTESIAN_POINT('',(142.,10.,59.));
#83 = VECTOR('',#84,1.);
#84 = DIRECTION('',(0.,1.,0.));
#85 = PLANE('',#86);
#86 = AXIS2_PLACEMENT_3D('',#87,#88,#89);
#87 = CARTESIAN_POINT('',(142.,0.,6.));
#88 = DIRECTION('',(1.,0.,0.));
#89 = DIRECTION('',(0.,0.,1.));
#90 = ADVANCED_FACE('',(#91),#119,.T.);
#91 = FACE_BOUND('',#92,.T.);
#92 = EDGE_LOOP('',(#93,#102,#103,#112));
#93 = ORIENTED_EDGE('',*,*,#94,.F.);
#94 = EDGE_CURVE('',#41,#95,#97,.T.);
#95 = VERTEX_POINT('',#96);
#96 = CARTESIAN_POINT('',(132.,1.,60.));
#97 = CIRCLE('',#98,1.);
#98 = AXIS2_PLACEMENT_3D('',#99,#100,#101);
#99 = CARTESIAN_POINT('',(132.,1.,59.));
#100 = DIRECTION('',(-1.,0.,0.));
#101 = DIRECTION('',(0.,-1.,0.));
#102 = ORIENTED_EDGE('',*,*,#48,.T.);
#103 = ORIENTED_EDGE('',*,*,#104,.T.);
#104 = EDGE_CURVE('',#24,#105,#107,.T.);
#105 = VERTEX_POINT('',#106);
#106 = CARTESIAN_POINT('',(141.,10.,60.));
#107 = CIRCLE('',#108,1.);
#108 = AXIS2_PLACEMENT_3D('',#109,#110,#111);
#109 = CARTESIAN_POINT('',(141.,10.,59.));
#110 = DIRECTION('',(-6.123233995737E-17,-1.,0.));
#111 = DIRECTION('',(1.,-6.123233995737E-17,0.));
#112 = ORIENTED_EDGE('',*,*,#113,.F.);
#113 = EDGE_CURVE('',#95,#105,#114,.T.);
#114 = CIRCLE('',#115,9.);
#115 = AXIS2_PLACEMENT_3D('',#116,#117,#118);
#116 = CARTESIAN_POINT('',(132.,10.,60.));
#117 = DIRECTION('',(-0.,0.,1.));
#118 = DIRECTION('',(0.,-1.,0.));
#119 = TOROIDAL_SURFACE('',#120,9.,1.);
#120 = AXIS2_PLACEMENT_3D('',#121,#122,#123);
#121 = CARTESIAN_POINT('',(132.,10.,59.));
#122 = DIRECTION('',(0.,0.,1.));
#123 = DIRECTION('',(0.,-1.,0.));
#124 = ADVANCED_FACE('',(#125),#176,.T.);
#125 = FACE_BOUND('',#126,.T.);
#126 = EDGE_LOOP('',(#127,#128,#136,#144,#152,#161,#169,#175));
#127 = ORIENTED_EDGE('',*,*,#31,.T.);
#128 = ORIENTED_EDGE('',*,*,#129,.F.);
#129 = EDGE_CURVE('',#130,#32,#132,.T.);
#130 = VERTEX_POINT('',#131);
#131 = CARTESIAN_POINT('',(119.6,0.,6.));
#132 = LINE('',#133,#134);
#133 = CARTESIAN_POINT('',(126.,0.,6.));
#134 = VECTOR('',#135,1.);
#135 = DIRECTION('',(1.,0.,0.));
#136 = ORIENTED_EDGE('',*,*,#137,.T.);
#137 = EDGE_CURVE('',#130,#138,#140,.T.);
#138 = VERTEX_POINT('',#139);
#139 = CARTESIAN_POINT('',(119.6,1.,6.));
#140 = LINE('',#141,#142);
#141 = CARTESIAN_POINT('',(119.6,0.,6.));
#142 = VECTOR('',#143,1.);
#143 = DIRECTION('',(0.,1.,0.));
#144 = ORIENTED_EDGE('',*,*,#145,.F.);
#145 = EDGE_CURVE('',#146,#138,#148,.T.);
#146 = VERTEX_POINT('',#147);
#147 = CARTESIAN_POINT('',(132.,1.,6.));
#148 = LINE('',#149,#150);
#149 = CARTESIAN_POINT('',(132.,1.,6.));
#150 = VECTOR('',#151,1.);
#151 = DIRECTION('',(-1.,-0.,-0.));
#152 = ORIENTED_EDGE('',*,*,#153,.F.);
#153 = EDGE_CURVE('',#154,#146,#156,.T.);
#154 = VERTEX_POINT('',#155);
#155 = CARTESIAN_POINT('',(141.,10.,6.));
#156 = CIRCLE('',#157,9.);
#157 = AXIS2_PLACEMENT_3D('',#158,#159,#160);
#158 = CARTESIAN_POINT('',(132.,10.,6.));
#159 = DIRECTION('',(0.,0.,-1.));
#160 = DIRECTION('',(1.,0.,0.));
#161 = ORIENTED_EDGE('',*,*,#162,.F.);
#162 = EDGE_CURVE('',#163,#154,#165,.T.);
#163 = VERTEX_POINT('',#164);
#164 = CARTESIAN_POINT('',(141.,16.,6.));
#165 = LINE('',#166,#167);
#166 = CARTESIAN_POINT('',(141.,122.,6.));
#167 = VECTOR('',#168,1.);
#168 = DIRECTION('',(-0.,-1.,-0.));
#169 = ORIENTED_EDGE('',*,*,#170,.T.);
#170 = EDGE_CURVE('',#163,#65,#171,.T.);
#171 = LINE('',#172,#173);
#172 = CARTESIAN_POINT('',(126.,16.,6.));
#173 = VECTOR('',#174,1.);
#174 = DIRECTION('',(1.,0.,0.));
#175 = ORIENTED_EDGE('',*,*,#64,.F.);
#176 = PLANE('',#177);
#177 = AXIS2_PLACEMENT_3D('',#178,#179,#180);
#178 = CARTESIAN_POINT('',(133.93502461591,4.467015283844,6.));
#179 = DIRECTION('',(-0.,-0.,-1.));
#180 = DIRECTION('',(-1.,0.,0.));
#181 = ADVANCED_FACE('',(#182),#328,.T.);
#182 = FACE_BOUND('',#183,.T.);
#183 = EDGE_LOOP('',(#184,#194,#202,#210,#216,#217,#218,#226,#234,#242,
    #250,#258,#266,#274,#282,#290,#298,#306,#314,#322));
#184 = ORIENTED_EDGE('',*,*,#185,.T.);
#185 = EDGE_CURVE('',#186,#188,#190,.T.);
#186 = VERTEX_POINT('',#187);
#187 = CARTESIAN_POINT('',(10.,-1.7763568394E-15,6.));
#188 = VERTEX_POINT('',#189);
#189 = CARTESIAN_POINT('',(22.4,0.,6.));
#190 = LINE('',#191,#192);
#191 = CARTESIAN_POINT('',(12.,0.,6.));
#192 = VECTOR('',#193,1.);
#193 = DIRECTION('',(1.,0.,0.));
#194 = ORIENTED_EDGE('',*,*,#195,.T.);
#195 = EDGE_CURVE('',#188,#196,#198,.T.);
#196 = VERTEX_POINT('',#197);
#197 = CARTESIAN_POINT('',(22.4,0.,8.));
#198 = LINE('',#199,#200);
#199 = CARTESIAN_POINT('',(22.4,0.,6.));
#200 = VECTOR('',#201,1.);
#201 = DIRECTION('',(0.,0.,1.));
#202 = ORIENTED_EDGE('',*,*,#203,.T.);
#203 = EDGE_CURVE('',#196,#204,#206,.T.);
#204 = VERTEX_POINT('',#205);
#205 = CARTESIAN_POINT('',(119.6,0.,8.));
#206 = LINE('',#207,#208);
#207 = CARTESIAN_POINT('',(15.3,0.,8.));
#208 = VECTOR('',#209,1.);
#209 = DIRECTION('',(1.,0.,0.));
#210 = ORIENTED_EDGE('',*,*,#211,.F.);
#211 = EDGE_CURVE('',#130,#204,#212,.T.);
#212 = LINE('',#213,#214);
#213 = CARTESIAN_POINT('',(119.6,0.,6.));
#214 = VECTOR('',#215,1.);
#215 = DIRECTION('',(0.,0.,1.));
#216 = ORIENTED_EDGE('',*,*,#129,.T.);
#217 = ORIENTED_EDGE('',*,*,#40,.T.);
#218 = ORIENTED_EDGE('',*,*,#219,.F.);
#219 = EDGE_CURVE('',#220,#41,#222,.T.);
#220 = VERTEX_POINT('',#221);
#221 = CARTESIAN_POINT('',(126.,-2.22044604925E-16,59.));
#222 = LINE('',#223,#224);
#223 = CARTESIAN_POINT('',(126.,-2.22044604925E-16,59.));
#224 = VECTOR('',#225,1.);
#225 = DIRECTION('',(1.,0.,0.));
#226 = ORIENTED_EDGE('',*,*,#227,.F.);
#227 = EDGE_CURVE('',#228,#220,#230,.T.);
#228 = VERTEX_POINT('',#229);
#229 = CARTESIAN_POINT('',(126.,0.,17.4));
#230 = LINE('',#231,#232);
#231 = CARTESIAN_POINT('',(126.,0.,6.));
#232 = VECTOR('',#233,1.);
#233 = DIRECTION('',(0.,0.,1.));
#234 = ORIENTED_EDGE('',*,*,#235,.F.);
#235 = EDGE_CURVE('',#236,#228,#238,.T.);
#236 = VERTEX_POINT('',#237);
#237 = CARTESIAN_POINT('',(121.6,0.,17.4));
#238 = LINE('',#239,#240);
#239 = CARTESIAN_POINT('',(124.2,0.,17.4));
#240 = VECTOR('',#241,1.);
#241 = DIRECTION('',(1.,0.,0.));
#242 = ORIENTED_EDGE('',*,*,#243,.F.);
#243 = EDGE_CURVE('',#244,#236,#246,.T.);
#244 = VERTEX_POINT('',#245);
#245 = CARTESIAN_POINT('',(121.6,0.,15.));
#246 = LINE('',#247,#248);
#247 = CARTESIAN_POINT('',(121.6,0.,15.));
#248 = VECTOR('',#249,1.);
#249 = DIRECTION('',(0.,0.,1.));
#250 = ORIENTED_EDGE('',*,*,#251,.T.);
#251 = EDGE_CURVE('',#244,#252,#254,.T.);
#252 = VERTEX_POINT('',#253);
#253 = CARTESIAN_POINT('',(124.2,0.,15.));
#254 = LINE('',#255,#256);
#255 = CARTESIAN_POINT('',(121.6,0.,15.));
#256 = VECTOR('',#257,1.);
#257 = DIRECTION('',(1.,0.,0.));
#258 = ORIENTED_EDGE('',*,*,#259,.F.);
#259 = EDGE_CURVE('',#260,#252,#262,.T.);
#260 = VERTEX_POINT('',#261);
#261 = CARTESIAN_POINT('',(124.2,0.,14.));
#262 = LINE('',#263,#264);
#263 = CARTESIAN_POINT('',(124.2,0.,8.));
#264 = VECTOR('',#265,1.);
#265 = DIRECTION('',(0.,0.,1.));
#266 = ORIENTED_EDGE('',*,*,#267,.F.);
#267 = EDGE_CURVE('',#268,#260,#270,.T.);
#268 = VERTEX_POINT('',#269);
#269 = CARTESIAN_POINT('',(17.8,0.,14.));
#270 = LINE('',#271,#272);
#271 = CARTESIAN_POINT('',(15.3,0.,14.));
#272 = VECTOR('',#273,1.);
#273 = DIRECTION('',(1.,0.,0.));
#274 = ORIENTED_EDGE('',*,*,#275,.T.);
#275 = EDGE_CURVE('',#268,#276,#278,.T.);
#276 = VERTEX_POINT('',#277);
#277 = CARTESIAN_POINT('',(17.8,0.,15.));
#278 = LINE('',#279,#280);
#279 = CARTESIAN_POINT('',(17.8,0.,8.));
#280 = VECTOR('',#281,1.);
#281 = DIRECTION('',(0.,0.,1.));
#282 = ORIENTED_EDGE('',*,*,#283,.T.);
#283 = EDGE_CURVE('',#276,#284,#286,.T.);
#284 = VERTEX_POINT('',#285);
#285 = CARTESIAN_POINT('',(20.4,0.,15.));
#286 = LINE('',#287,#288);
#287 = CARTESIAN_POINT('',(14.3,0.,15.));
#288 = VECTOR('',#289,1.);
#289 = DIRECTION('',(1.,0.,0.));
#290 = ORIENTED_EDGE('',*,*,#291,.T.);
#291 = EDGE_CURVE('',#284,#292,#294,.T.);
#292 = VERTEX_POINT('',#293);
#293 = CARTESIAN_POINT('',(20.4,0.,17.4));
#294 = LINE('',#295,#296);
#295 = CARTESIAN_POINT('',(20.4,0.,15.));
#296 = VECTOR('',#297,1.);
#297 = DIRECTION('',(0.,0.,1.));
#298 = ORIENTED_EDGE('',*,*,#299,.F.);
#299 = EDGE_CURVE('',#300,#292,#302,.T.);
#300 = VERTEX_POINT('',#301);
#301 = CARTESIAN_POINT('',(16.,0.,17.4));
#302 = LINE('',#303,#304);
#303 = CARTESIAN_POINT('',(14.3,0.,17.4));
#304 = VECTOR('',#305,1.);
#305 = DIRECTION('',(1.,0.,0.));
#306 = ORIENTED_EDGE('',*,*,#307,.T.);
#307 = EDGE_CURVE('',#300,#308,#310,.T.);
#308 = VERTEX_POINT('',#309);
#309 = CARTESIAN_POINT('',(16.,-2.22044604925E-16,59.));
#310 = LINE('',#311,#312);
#311 = CARTESIAN_POINT('',(16.,0.,6.));
#312 = VECTOR('',#313,1.);
#313 = DIRECTION('',(0.,0.,1.));
#314 = ORIENTED_EDGE('',*,*,#315,.T.);
#315 = EDGE_CURVE('',#308,#316,#318,.T.);
#316 = VERTEX_POINT('',#317);
#317 = CARTESIAN_POINT('',(10.,-2.22044604925E-16,59.));
#318 = LINE('',#319,#320);
#319 = CARTESIAN_POINT('',(16.,-2.22044604925E-16,59.));
#320 = VECTOR('',#321,1.);
#321 = DIRECTION('',(-1.,-0.,-0.));
#322 = ORIENTED_EDGE('',*,*,#323,.F.);
#323 = EDGE_CURVE('',#186,#316,#324,.T.);
#324 = LINE('',#325,#326);
#325 = CARTESIAN_POINT('',(10.,-1.7763568394E-15,6.));
#326 = VECTOR('',#327,1.);
#327 = DIRECTION('',(0.,0.,1.));
#328 = PLANE('',#329);
#329 = AXIS2_PLACEMENT_3D('',#330,#331,#332);
#330 = CARTESIAN_POINT('',(71.,-4.202428702366E-16,22.255985915493));
#331 = DIRECTION('',(-0.,-1.,-0.));
#332 = DIRECTION('',(0.,0.,-1.));
#333 = ADVANCED_FACE('',(#334),#353,.T.);
#334 = FACE_BOUND('',#335,.F.);
#335 = EDGE_LOOP('',(#336,#337,#345,#352));
#336 = ORIENTED_EDGE('',*,*,#104,.T.);
#337 = ORIENTED_EDGE('',*,*,#338,.T.);
#338 = EDGE_CURVE('',#105,#339,#341,.T.);
#339 = VERTEX_POINT('',#340);
#340 = CARTESIAN_POINT('',(141.,15.,60.));
#341 = LINE('',#342,#343);
#342 = CARTESIAN_POINT('',(141.,10.,60.));
#343 = VECTOR('',#344,1.);
#344 = DIRECTION('',(0.,1.,0.));
#345 = ORIENTED_EDGE('',*,*,#346,.F.);
#346 = EDGE_CURVE('',#73,#339,#347,.T.);
#347 = ELLIPSE('',#348,1.414213562373,1.);
#348 = AXIS2_PLACEMENT_3D('',#349,#350,#351);
#349 = CARTESIAN_POINT('',(141.,15.,59.));
#350 = DIRECTION('',(0.707106781187,-0.707106781187,0.));
#351 = DIRECTION('',(0.707106781187,0.707106781187,0.));
#352 = ORIENTED_EDGE('',*,*,#80,.F.);
#353 = CYLINDRICAL_SURFACE('',#354,1.);
#354 = AXIS2_PLACEMENT_3D('',#355,#356,#357);
#355 = CARTESIAN_POINT('',(141.,10.,59.));
#356 = DIRECTION('',(0.,1.,0.));
#357 = DIRECTION('',(1.,0.,0.));
#358 = ADVANCED_FACE('',(#359),#417,.T.);
#359 = FACE_BOUND('',#360,.T.);
#360 = EDGE_LOOP('',(#361,#369,#370,#371,#379,#387,#395,#403,#411));
#361 = ORIENTED_EDGE('',*,*,#362,.T.);
#362 = EDGE_CURVE('',#363,#73,#365,.T.);
#363 = VERTEX_POINT('',#364);
#364 = CARTESIAN_POINT('',(126.,16.,59.));
#365 = LINE('',#366,#367);
#366 = CARTESIAN_POINT('',(126.,16.,59.));
#367 = VECTOR('',#368,1.);
#368 = DIRECTION('',(1.,0.,0.));
#369 = ORIENTED_EDGE('',*,*,#72,.F.);
#370 = ORIENTED_EDGE('',*,*,#170,.F.);
#371 = ORIENTED_EDGE('',*,*,#372,.F.);
#372 = EDGE_CURVE('',#373,#163,#375,.T.);
#373 = VERTEX_POINT('',#374);
#374 = CARTESIAN_POINT('',(130.,16.,6.));
#375 = LINE('',#376,#377);
#376 = CARTESIAN_POINT('',(126.,16.,6.));
#377 = VECTOR('',#378,1.);
#378 = DIRECTION('',(1.,0.,0.));
#379 = ORIENTED_EDGE('',*,*,#380,.F.);
#380 = EDGE_CURVE('',#381,#373,#383,.T.);
#381 = VERTEX_POINT('',#382);
#382 = CARTESIAN_POINT('',(130.,16.,8.));
#383 = LINE('',#384,#385);
#384 = CARTESIAN_POINT('',(130.,16.,6.));
#385 = VECTOR('',#386,1.);
#386 = DIRECTION('',(0.,0.,-1.));
#387 = ORIENTED_EDGE('',*,*,#388,.F.);
#388 = EDGE_CURVE('',#389,#381,#391,.T.);
#389 = VERTEX_POINT('',#390);
#390 = CARTESIAN_POINT('',(127.7,16.,8.));
#391 = LINE('',#392,#393);
#392 = CARTESIAN_POINT('',(122.8,16.,8.));
#393 = VECTOR('',#394,1.);
#394 = DIRECTION('',(1.,0.,0.));
#395 = ORIENTED_EDGE('',*,*,#396,.F.);
#396 = EDGE_CURVE('',#397,#389,#399,.T.);
#397 = VERTEX_POINT('',#398);
#398 = CARTESIAN_POINT('',(127.7,16.,17.4));
#399 = LINE('',#400,#401);
#400 = CARTESIAN_POINT('',(127.7,16.,7.));
#401 = VECTOR('',#402,1.);
#402 = DIRECTION('',(0.,0.,-1.));
#403 = ORIENTED_EDGE('',*,*,#404,.F.);
#404 = EDGE_CURVE('',#405,#397,#407,.T.);
#405 = VERTEX_POINT('',#406);
#406 = CARTESIAN_POINT('',(126.,16.,17.4));
#407 = LINE('',#408,#409);
#408 = CARTESIAN_POINT('',(123.8,16.,17.4));
#409 = VECTOR('',#410,1.);
#410 = DIRECTION('',(1.,0.,0.));
#411 = ORIENTED_EDGE('',*,*,#412,.T.);
#412 = EDGE_CURVE('',#405,#363,#413,.T.);
#413 = LINE('',#414,#415);
#414 = CARTESIAN_POINT('',(126.,16.,6.));
#415 = VECTOR('',#416,1.);
#416 = DIRECTION('',(0.,0.,1.));
#417 = PLANE('',#418);
#418 = AXIS2_PLACEMENT_3D('',#419,#420,#421);
#419 = CARTESIAN_POINT('',(126.,16.,6.));
#420 = DIRECTION('',(0.,1.,0.));
#421 = DIRECTION('',(0.,0.,1.));
#422 = ADVANCED_FACE('',(#423),#442,.T.);
#423 = FACE_BOUND('',#424,.F.);
#424 = EDGE_LOOP('',(#425,#434,#440,#441));
#425 = ORIENTED_EDGE('',*,*,#426,.T.);
#426 = EDGE_CURVE('',#220,#427,#429,.T.);
#427 = VERTEX_POINT('',#428);
#428 = CARTESIAN_POINT('',(127.,1.,60.));
#429 = ELLIPSE('',#430,1.414213562373,1.);
#430 = AXIS2_PLACEMENT_3D('',#431,#432,#433);
#431 = CARTESIAN_POINT('',(127.,1.,59.));
#432 = DIRECTION('',(-0.707106781187,0.707106781187,0.));
#433 = DIRECTION('',(0.707106781187,0.707106781187,0.));
#434 = ORIENTED_EDGE('',*,*,#435,.T.);
#435 = EDGE_CURVE('',#427,#95,#436,.T.);
#436 = LINE('',#437,#438);
#437 = CARTESIAN_POINT('',(126.,1.,60.));
#438 = VECTOR('',#439,1.);
#439 = DIRECTION('',(1.,0.,0.));
#440 = ORIENTED_EDGE('',*,*,#94,.F.);
#441 = ORIENTED_EDGE('',*,*,#219,.F.);
#442 = CYLINDRICAL_SURFACE('',#443,1.);
#443 = AXIS2_PLACEMENT_3D('',#444,#445,#446);
#444 = CARTESIAN_POINT('',(126.,1.,59.));
#445 = DIRECTION('',(1.,0.,0.));
#446 = DIRECTION('',(0.,-1.,0.));
#447 = ADVANCED_FACE('',(#448,#467),#478,.T.);
#448 = FACE_BOUND('',#449,.T.);
#449 = EDGE_LOOP('',(#450,#451,#452,#453,#461));
#450 = ORIENTED_EDGE('',*,*,#435,.T.);
#451 = ORIENTED_EDGE('',*,*,#113,.T.);
#452 = ORIENTED_EDGE('',*,*,#338,.T.);
#453 = ORIENTED_EDGE('',*,*,#454,.F.);
#454 = EDGE_CURVE('',#455,#339,#457,.T.);
#455 = VERTEX_POINT('',#456);
#456 = CARTESIAN_POINT('',(127.,15.,60.));
#457 = LINE('',#458,#459);
#458 = CARTESIAN_POINT('',(126.,15.,60.));
#459 = VECTOR('',#460,1.);
#460 = DIRECTION('',(1.,0.,0.));
#461 = ORIENTED_EDGE('',*,*,#462,.F.);
#462 = EDGE_CURVE('',#427,#455,#463,.T.);
#463 = LINE('',#464,#465);
#464 = CARTESIAN_POINT('',(127.,0.,60.));
#465 = VECTOR('',#466,1.);
#466 = DIRECTION('',(0.,1.,0.));
#467 = FACE_BOUND('',#468,.T.);
#468 = EDGE_LOOP('',(#469));
#469 = ORIENTED_EDGE('',*,*,#470,.F.);
#470 = EDGE_CURVE('',#471,#471,#473,.T.);
#471 = VERTEX_POINT('',#472);
#472 = CARTESIAN_POINT('',(137.4,8.,60.));
#473 = CIRCLE('',#474,3.4);
#474 = AXIS2_PLACEMENT_3D('',#475,#476,#477);
#475 = CARTESIAN_POINT('',(134.,8.,60.));
#476 = DIRECTION('',(0.,0.,1.));
#477 = DIRECTION('',(1.,0.,0.));
#478 = PLANE('',#479);
#479 = AXIS2_PLACEMENT_3D('',#480,#481,#482);
#480 = CARTESIAN_POINT('',(126.,0.,60.));
#481 = DIRECTION('',(0.,0.,1.));
#482 = DIRECTION('',(1.,0.,0.));
#483 = ADVANCED_FACE('',(#484),#526,.F.);
#484 = FACE_BOUND('',#485,.F.);
#485 = EDGE_LOOP('',(#486,#487,#488,#496,#504,#512,#520));
#486 = ORIENTED_EDGE('',*,*,#211,.F.);
#487 = ORIENTED_EDGE('',*,*,#137,.T.);
#488 = ORIENTED_EDGE('',*,*,#489,.T.);
#489 = EDGE_CURVE('',#138,#490,#492,.T.);
#490 = VERTEX_POINT('',#491);
#491 = CARTESIAN_POINT('',(119.6,17.,6.));
#492 = LINE('',#493,#494);
#493 = CARTESIAN_POINT('',(119.6,0.,6.));
#494 = VECTOR('',#495,1.);
#495 = DIRECTION('',(0.,1.,0.));
#496 = ORIENTED_EDGE('',*,*,#497,.T.);
#497 = EDGE_CURVE('',#490,#498,#500,.T.);
#498 = VERTEX_POINT('',#499);
#499 = CARTESIAN_POINT('',(119.6,92.,6.));
#500 = LINE('',#501,#502);
#501 = CARTESIAN_POINT('',(119.6,0.,6.));
#502 = VECTOR('',#503,1.);
#503 = DIRECTION('',(0.,1.,0.));
#504 = ORIENTED_EDGE('',*,*,#505,.T.);
#505 = EDGE_CURVE('',#498,#506,#508,.T.);
#506 = VERTEX_POINT('',#507);
#507 = CARTESIAN_POINT('',(119.6,92.,8.));
#508 = LINE('',#509,#510);
#509 = CARTESIAN_POINT('',(119.6,92.,6.));
#510 = VECTOR('',#511,1.);
#511 = DIRECTION('',(0.,0.,1.));
#512 = ORIENTED_EDGE('',*,*,#513,.F.);
#513 = EDGE_CURVE('',#514,#506,#516,.T.);
#514 = VERTEX_POINT('',#515);
#515 = CARTESIAN_POINT('',(119.6,2.,8.));
#516 = LINE('',#517,#518);
#517 = CARTESIAN_POINT('',(119.6,0.,8.));
#518 = VECTOR('',#519,1.);
#519 = DIRECTION('',(0.,1.,0.));
#520 = ORIENTED_EDGE('',*,*,#521,.F.);
#521 = EDGE_CURVE('',#204,#514,#522,.T.);
#522 = LINE('',#523,#524);
#523 = CARTESIAN_POINT('',(119.6,0.,8.));
#524 = VECTOR('',#525,1.);
#525 = DIRECTION('',(0.,1.,0.));
#526 = PLANE('',#527);
#527 = AXIS2_PLACEMENT_3D('',#528,#529,#530);
#528 = CARTESIAN_POINT('',(119.6,0.,6.));
#529 = DIRECTION('',(1.,0.,0.));
#530 = DIRECTION('',(0.,0.,1.));
#531 = ADVANCED_FACE('',(#532),#575,.T.);
#532 = FACE_BOUND('',#533,.T.);
#533 = EDGE_LOOP('',(#534,#543,#544,#552,#560,#569));
#534 = ORIENTED_EDGE('',*,*,#535,.T.);
#535 = EDGE_CURVE('',#536,#146,#538,.T.);
#536 = VERTEX_POINT('',#537);
#537 = CARTESIAN_POINT('',(132.,-1.7763568394E-15,5.));
#538 = CIRCLE('',#539,1.);
#539 = AXIS2_PLACEMENT_3D('',#540,#541,#542);
#540 = CARTESIAN_POINT('',(132.,1.,5.));
#541 = DIRECTION('',(-1.,-6.123233995737E-17,0.));
#542 = DIRECTION('',(6.123233995737E-17,-1.,0.));
#543 = ORIENTED_EDGE('',*,*,#145,.T.);
#544 = ORIENTED_EDGE('',*,*,#545,.T.);
#545 = EDGE_CURVE('',#138,#546,#548,.T.);
#546 = VERTEX_POINT('',#547);
#547 = CARTESIAN_POINT('',(22.4,1.,6.));
#548 = LINE('',#549,#550);
#549 = CARTESIAN_POINT('',(132.,1.,6.));
#550 = VECTOR('',#551,1.);
#551 = DIRECTION('',(-1.,-0.,-0.));
#552 = ORIENTED_EDGE('',*,*,#553,.T.);
#553 = EDGE_CURVE('',#546,#554,#556,.T.);
#554 = VERTEX_POINT('',#555);
#555 = CARTESIAN_POINT('',(10.,1.,6.));
#556 = LINE('',#557,#558);
#557 = CARTESIAN_POINT('',(132.,1.,6.));
#558 = VECTOR('',#559,1.);
#559 = DIRECTION('',(-1.,-0.,-0.));
#560 = ORIENTED_EDGE('',*,*,#561,.F.);
#561 = EDGE_CURVE('',#562,#554,#564,.T.);
#562 = VERTEX_POINT('',#563);
#563 = CARTESIAN_POINT('',(10.,-2.22044604925E-16,5.));
#564 = CIRCLE('',#565,1.);
#565 = AXIS2_PLACEMENT_3D('',#566,#567,#568);
#566 = CARTESIAN_POINT('',(10.,1.,5.));
#567 = DIRECTION('',(-1.,0.,0.));
#568 = DIRECTION('',(0.,-1.,0.));
#569 = ORIENTED_EDGE('',*,*,#570,.F.);
#570 = EDGE_CURVE('',#536,#562,#571,.T.);
#571 = LINE('',#572,#573);
#572 = CARTESIAN_POINT('',(132.,-2.22044604925E-16,5.));
#573 = VECTOR('',#574,1.);
#574 = DIRECTION('',(-1.,-0.,-0.));
#575 = CYLINDRICAL_SURFACE('',#576,1.);
#576 = AXIS2_PLACEMENT_3D('',#577,#578,#579);
#577 = CARTESIAN_POINT('',(132.,1.,5.));
#578 = DIRECTION('',(-1.,-0.,-0.));
#579 = DIRECTION('',(0.,-1.,0.));
#580 = ADVANCED_FACE('',(#581),#601,.T.);
#581 = FACE_BOUND('',#582,.F.);
#582 = EDGE_LOOP('',(#583,#592,#599,#600));
#583 = ORIENTED_EDGE('',*,*,#584,.F.);
#584 = EDGE_CURVE('',#585,#154,#587,.T.);
#585 = VERTEX_POINT('',#586);
#586 = CARTESIAN_POINT('',(142.,10.,5.));
#587 = CIRCLE('',#588,1.);
#588 = AXIS2_PLACEMENT_3D('',#589,#590,#591);
#589 = CARTESIAN_POINT('',(141.,10.,5.));
#590 = DIRECTION('',(0.,-1.,0.));
#591 = DIRECTION('',(1.,0.,0.));
#592 = ORIENTED_EDGE('',*,*,#593,.T.);
#593 = EDGE_CURVE('',#585,#536,#594,.T.);
#594 = CIRCLE('',#595,10.);
#595 = AXIS2_PLACEMENT_3D('',#596,#597,#598);
#596 = CARTESIAN_POINT('',(132.,10.,5.));
#597 = DIRECTION('',(0.,0.,-1.));
#598 = DIRECTION('',(1.,0.,0.));
#599 = ORIENTED_EDGE('',*,*,#535,.T.);
#600 = ORIENTED_EDGE('',*,*,#153,.F.);
#601 = TOROIDAL_SURFACE('',#602,9.,1.);
#602 = AXIS2_PLACEMENT_3D('',#603,#604,#605);
#603 = CARTESIAN_POINT('',(132.,10.,5.));
#604 = DIRECTION('',(0.,0.,1.));
#605 = DIRECTION('',(1.,0.,0.));
#606 = ADVANCED_FACE('',(#607),#642,.T.);
#607 = FACE_BOUND('',#608,.T.);
#608 = EDGE_LOOP('',(#609,#620,#628,#634,#635,#636));
#609 = ORIENTED_EDGE('',*,*,#610,.T.);
#610 = EDGE_CURVE('',#611,#613,#615,.T.);
#611 = VERTEX_POINT('',#612);
#612 = CARTESIAN_POINT('',(142.,122.,5.));
#613 = VERTEX_POINT('',#614);
#614 = CARTESIAN_POINT('',(141.,122.,6.));
#615 = CIRCLE('',#616,1.);
#616 = AXIS2_PLACEMENT_3D('',#617,#618,#619);
#617 = CARTESIAN_POINT('',(141.,122.,5.));
#618 = DIRECTION('',(6.123233995737E-17,-1.,0.));
#619 = DIRECTION('',(1.,6.123233995737E-17,0.));
#620 = ORIENTED_EDGE('',*,*,#621,.T.);
#621 = EDGE_CURVE('',#613,#622,#624,.T.);
#622 = VERTEX_POINT('',#623);
#623 = CARTESIAN_POINT('',(141.,116.,6.));
#624 = LINE('',#625,#626);
#625 = CARTESIAN_POINT('',(141.,122.,6.));
#626 = VECTOR('',#627,1.);
#627 = DIRECTION('',(-0.,-1.,-0.));
#628 = ORIENTED_EDGE('',*,*,#629,.T.);
#629 = EDGE_CURVE('',#622,#163,#630,.T.);
#630 = LINE('',#631,#632);
#631 = CARTESIAN_POINT('',(141.,122.,6.));
#632 = VECTOR('',#633,1.);
#633 = DIRECTION('',(-0.,-1.,-0.));
#634 = ORIENTED_EDGE('',*,*,#162,.T.);
#635 = ORIENTED_EDGE('',*,*,#584,.F.);
#636 = ORIENTED_EDGE('',*,*,#637,.F.);
#637 = EDGE_CURVE('',#611,#585,#638,.T.);
#638 = LINE('',#639,#640);
#639 = CARTESIAN_POINT('',(142.,122.,5.));
#640 = VECTOR('',#641,1.);
#641 = DIRECTION('',(-0.,-1.,-0.));
#642 = CYLINDRICAL_SURFACE('',#643,1.);
#643 = AXIS2_PLACEMENT_3D('',#644,#645,#646);
#644 = CARTESIAN_POINT('',(141.,122.,5.));
#645 = DIRECTION('',(-0.,-1.,-0.));
#646 = DIRECTION('',(1.,0.,0.));
#647 = ADVANCED_FACE('',(#648),#698,.T.);
#648 = FACE_BOUND('',#649,.T.);
#649 = EDGE_LOOP('',(#650,#651,#657,#658,#667,#675,#683,#691));
#650 = ORIENTED_EDGE('',*,*,#553,.F.);
#651 = ORIENTED_EDGE('',*,*,#652,.F.);
#652 = EDGE_CURVE('',#188,#546,#653,.T.);
#653 = LINE('',#654,#655);
#654 = CARTESIAN_POINT('',(22.4,0.,6.));
#655 = VECTOR('',#656,1.);
#656 = DIRECTION('',(0.,1.,0.));
#657 = ORIENTED_EDGE('',*,*,#185,.F.);
#658 = ORIENTED_EDGE('',*,*,#659,.F.);
#659 = EDGE_CURVE('',#660,#186,#662,.T.);
#660 = VERTEX_POINT('',#661);
#661 = CARTESIAN_POINT('',(-1.7763568394E-15,10.,6.));
#662 = CIRCLE('',#663,10.);
#663 = AXIS2_PLACEMENT_3D('',#664,#665,#666);
#664 = CARTESIAN_POINT('',(10.,10.,6.));
#665 = DIRECTION('',(-0.,0.,1.));
#666 = DIRECTION('',(0.,-1.,0.));
#667 = ORIENTED_EDGE('',*,*,#668,.T.);
#668 = EDGE_CURVE('',#660,#669,#671,.T.);
#669 = VERTEX_POINT('',#670);
#670 = CARTESIAN_POINT('',(0.,16.,6.));
#671 = LINE('',#672,#673);
#672 = CARTESIAN_POINT('',(0.,0.,6.));
#673 = VECTOR('',#674,1.);
#674 = DIRECTION('',(0.,1.,0.));
#675 = ORIENTED_EDGE('',*,*,#676,.T.);
#676 = EDGE_CURVE('',#669,#677,#679,.T.);
#677 = VERTEX_POINT('',#678);
#678 = CARTESIAN_POINT('',(1.,16.,6.));
#679 = LINE('',#680,#681);
#680 = CARTESIAN_POINT('',(0.,16.,6.));
#681 = VECTOR('',#682,1.);
#682 = DIRECTION('',(1.,0.,0.));
#683 = ORIENTED_EDGE('',*,*,#684,.F.);
#684 = EDGE_CURVE('',#685,#677,#687,.T.);
#685 = VERTEX_POINT('',#686);
#686 = CARTESIAN_POINT('',(1.,10.,6.));
#687 = LINE('',#688,#689);
#688 = CARTESIAN_POINT('',(1.,10.,6.));
#689 = VECTOR('',#690,1.);
#690 = DIRECTION('',(0.,1.,0.));
#691 = ORIENTED_EDGE('',*,*,#692,.F.);
#692 = EDGE_CURVE('',#554,#685,#693,.T.);
#693 = CIRCLE('',#694,9.);
#694 = AXIS2_PLACEMENT_3D('',#695,#696,#697);
#695 = CARTESIAN_POINT('',(10.,10.,6.));
#696 = DIRECTION('',(-0.,0.,-1.));
#697 = DIRECTION('',(-1.7763568394E-16,-1.,0.));
#698 = PLANE('',#699);
#699 = AXIS2_PLACEMENT_3D('',#700,#701,#702);
#700 = CARTESIAN_POINT('',(8.064975384086,4.467015283844,6.));
#701 = DIRECTION('',(-0.,-0.,-1.));
#702 = DIRECTION('',(-1.,0.,0.));
#703 = ADVANCED_FACE('',(#704),#746,.T.);
#704 = FACE_BOUND('',#705,.T.);
#705 = EDGE_LOOP('',(#706,#707,#708,#716,#724,#732,#740));
#706 = ORIENTED_EDGE('',*,*,#195,.F.);
#707 = ORIENTED_EDGE('',*,*,#652,.T.);
#708 = ORIENTED_EDGE('',*,*,#709,.T.);
#709 = EDGE_CURVE('',#546,#710,#712,.T.);
#710 = VERTEX_POINT('',#711);
#711 = CARTESIAN_POINT('',(22.4,17.,6.));
#712 = LINE('',#713,#714);
#713 = CARTESIAN_POINT('',(22.4,0.,6.));
#714 = VECTOR('',#715,1.);
#715 = DIRECTION('',(0.,1.,0.));
#716 = ORIENTED_EDGE('',*,*,#717,.T.);
#717 = EDGE_CURVE('',#710,#718,#720,.T.);
#718 = VERTEX_POINT('',#719);
#719 = CARTESIAN_POINT('',(22.4,92.,6.));
#720 = LINE('',#721,#722);
#721 = CARTESIAN_POINT('',(22.4,0.,6.));
#722 = VECTOR('',#723,1.);
#723 = DIRECTION('',(0.,1.,0.));
#724 = ORIENTED_EDGE('',*,*,#725,.T.);
#725 = EDGE_CURVE('',#718,#726,#728,.T.);
#726 = VERTEX_POINT('',#727);
#727 = CARTESIAN_POINT('',(22.4,92.,8.));
#728 = LINE('',#729,#730);
#729 = CARTESIAN_POINT('',(22.4,92.,6.));
#730 = VECTOR('',#731,1.);
#731 = DIRECTION('',(0.,0.,1.));
#732 = ORIENTED_EDGE('',*,*,#733,.F.);
#733 = EDGE_CURVE('',#734,#726,#736,.T.);
#734 = VERTEX_POINT('',#735);
#735 = CARTESIAN_POINT('',(22.4,2.,8.));
#736 = LINE('',#737,#738);
#737 = CARTESIAN_POINT('',(22.4,0.,8.));
#738 = VECTOR('',#739,1.);
#739 = DIRECTION('',(0.,1.,0.));
#740 = ORIENTED_EDGE('',*,*,#741,.F.);
#741 = EDGE_CURVE('',#196,#734,#742,.T.);
#742 = LINE('',#743,#744);
#743 = CARTESIAN_POINT('',(22.4,0.,8.));
#744 = VECTOR('',#745,1.);
#745 = DIRECTION('',(0.,1.,0.));
#746 = PLANE('',#747);
#747 = AXIS2_PLACEMENT_3D('',#748,#749,#750);
#748 = CARTESIAN_POINT('',(22.4,0.,6.));
#749 = DIRECTION('',(1.,0.,0.));
#750 = DIRECTION('',(0.,0.,1.));
#751 = ADVANCED_FACE('',(#752),#763,.F.);
#752 = FACE_BOUND('',#753,.F.);
#753 = EDGE_LOOP('',(#754,#755,#756,#757));
#754 = ORIENTED_EDGE('',*,*,#741,.F.);
#755 = ORIENTED_EDGE('',*,*,#203,.T.);
#756 = ORIENTED_EDGE('',*,*,#521,.T.);
#757 = ORIENTED_EDGE('',*,*,#758,.F.);
#758 = EDGE_CURVE('',#734,#514,#759,.T.);
#759 = LINE('',#760,#761);
#760 = CARTESIAN_POINT('',(15.3,2.,8.));
#761 = VECTOR('',#762,1.);
#762 = DIRECTION('',(1.,0.,0.));
#763 = PLANE('',#764);
#764 = AXIS2_PLACEMENT_3D('',#765,#766,#767);
#765 = CARTESIAN_POINT('',(15.3,0.,8.));
#766 = DIRECTION('',(0.,0.,1.));
#767 = DIRECTION('',(1.,0.,0.));
#768 = ADVANCED_FACE('',(#769),#785,.F.);
#769 = FACE_BOUND('',#770,.F.);
#770 = EDGE_LOOP('',(#771,#772,#778,#779));
#771 = ORIENTED_EDGE('',*,*,#227,.F.);
#772 = ORIENTED_EDGE('',*,*,#773,.F.);
#773 = EDGE_CURVE('',#405,#228,#774,.T.);
#774 = LINE('',#775,#776);
#775 = CARTESIAN_POINT('',(126.,0.,17.4));
#776 = VECTOR('',#777,1.);
#777 = DIRECTION('',(0.,-1.,0.));
#778 = ORIENTED_EDGE('',*,*,#412,.T.);
#779 = ORIENTED_EDGE('',*,*,#780,.F.);
#780 = EDGE_CURVE('',#220,#363,#781,.T.);
#781 = LINE('',#782,#783);
#782 = CARTESIAN_POINT('',(126.,0.,59.));
#783 = VECTOR('',#784,1.);
#784 = DIRECTION('',(0.,1.,0.));
#785 = PLANE('',#786);
#786 = AXIS2_PLACEMENT_3D('',#787,#788,#789);
#787 = CARTESIAN_POINT('',(126.,0.,6.));
#788 = DIRECTION('',(1.,0.,0.));
#789 = DIRECTION('',(0.,0.,1.));
#790 = ADVANCED_FACE('',(#791),#850,.T.);
#791 = FACE_BOUND('',#792,.T.);
#792 = EDGE_LOOP('',(#793,#803,#809,#810,#811,#812,#820,#828,#836,#844)
  );
#793 = ORIENTED_EDGE('',*,*,#794,.F.);
#794 = EDGE_CURVE('',#795,#797,#799,.T.);
#795 = VERTEX_POINT('',#796);
#796 = CARTESIAN_POINT('',(121.6,92.,17.4));
#797 = VERTEX_POINT('',#798);
#798 = CARTESIAN_POINT('',(122.9,92.,17.4));
#799 = LINE('',#800,#801);
#800 = CARTESIAN_POINT('',(124.2,92.,17.4));
#801 = VECTOR('',#802,1.);
#802 = DIRECTION('',(1.,0.,0.));
#803 = ORIENTED_EDGE('',*,*,#804,.F.);
#804 = EDGE_CURVE('',#236,#795,#805,.T.);
#805 = LINE('',#806,#807);
#806 = CARTESIAN_POINT('',(121.6,0.,17.4));
#807 = VECTOR('',#808,1.);
#808 = DIRECTION('',(0.,1.,0.));
#809 = ORIENTED_EDGE('',*,*,#235,.T.);
#810 = ORIENTED_EDGE('',*,*,#773,.F.);
#811 = ORIENTED_EDGE('',*,*,#404,.T.);
#812 = ORIENTED_EDGE('',*,*,#813,.T.);
#813 = EDGE_CURVE('',#397,#814,#816,.T.);
#814 = VERTEX_POINT('',#815);
#815 = CARTESIAN_POINT('',(127.7,92.,17.4));
#816 = LINE('',#817,#818);
#817 = CARTESIAN_POINT('',(127.7,0.,17.4));
#818 = VECTOR('',#819,1.);
#819 = DIRECTION('',(0.,1.,0.));
#820 = ORIENTED_EDGE('',*,*,#821,.F.);
#821 = EDGE_CURVE('',#822,#814,#824,.T.);
#822 = VERTEX_POINT('',#823);
#823 = CARTESIAN_POINT('',(124.5,92.,17.4));
#824 = LINE('',#825,#826);
#825 = CARTESIAN_POINT('',(124.2,92.,17.4));
#826 = VECTOR('',#827,1.);
#827 = DIRECTION('',(1.,0.,0.));
#828 = ORIENTED_EDGE('',*,*,#829,.F.);
#829 = EDGE_CURVE('',#830,#822,#832,.T.);
#830 = VERTEX_POINT('',#831);
#831 = CARTESIAN_POINT('',(124.5,83.7,17.4));
#832 = LINE('',#833,#834);
#833 = CARTESIAN_POINT('',(124.5,64.919317023445,17.4));
#834 = VECTOR('',#835,1.);
#835 = DIRECTION('',(0.,1.,0.));
#836 = ORIENTED_EDGE('',*,*,#837,.T.);
#837 = EDGE_CURVE('',#830,#838,#840,.T.);
#838 = VERTEX_POINT('',#839);
#839 = CARTESIAN_POINT('',(122.9,83.7,17.4));
#840 = LINE('',#841,#842);
#841 = CARTESIAN_POINT('',(123.70568297655,83.7,17.4));
#842 = VECTOR('',#843,1.);
#843 = DIRECTION('',(-1.,0.,0.));
#844 = ORIENTED_EDGE('',*,*,#845,.T.);
#845 = EDGE_CURVE('',#838,#797,#846,.T.);
#846 = LINE('',#847,#848);
#847 = CARTESIAN_POINT('',(122.9,64.919317023445,17.4));
#848 = VECTOR('',#849,1.);
#849 = DIRECTION('',(0.,1.,0.));
#850 = PLANE('',#851);
#851 = AXIS2_PLACEMENT_3D('',#852,#853,#854);
#852 = CARTESIAN_POINT('',(124.5113659531,46.138634046891,17.4));
#853 = DIRECTION('',(0.,0.,1.));
#854 = DIRECTION('',(1.,0.,0.));
#855 = ADVANCED_FACE('',(#856),#874,.F.);
#856 = FACE_BOUND('',#857,.F.);
#857 = EDGE_LOOP('',(#858,#859,#867,#873));
#858 = ORIENTED_EDGE('',*,*,#243,.F.);
#859 = ORIENTED_EDGE('',*,*,#860,.T.);
#860 = EDGE_CURVE('',#244,#861,#863,.T.);
#861 = VERTEX_POINT('',#862);
#862 = CARTESIAN_POINT('',(121.6,92.,15.));
#863 = LINE('',#864,#865);
#864 = CARTESIAN_POINT('',(121.6,0.,15.));
#865 = VECTOR('',#866,1.);
#866 = DIRECTION('',(0.,1.,0.));
#867 = ORIENTED_EDGE('',*,*,#868,.T.);
#868 = EDGE_CURVE('',#861,#795,#869,.T.);
#869 = LINE('',#870,#871);
#870 = CARTESIAN_POINT('',(121.6,92.,15.));
#871 = VECTOR('',#872,1.);
#872 = DIRECTION('',(0.,0.,1.));
#873 = ORIENTED_EDGE('',*,*,#804,.F.);
#874 = PLANE('',#875);
#875 = AXIS2_PLACEMENT_3D('',#876,#877,#878);
#876 = CARTESIAN_POINT('',(121.6,0.,15.));
#877 = DIRECTION('',(1.,0.,0.));
#878 = DIRECTION('',(0.,0.,1.));
#879 = ADVANCED_FACE('',(#880),#914,.F.);
#880 = FACE_BOUND('',#881,.F.);
#881 = EDGE_LOOP('',(#882,#890,#891,#892,#900,#908));
#882 = ORIENTED_EDGE('',*,*,#883,.F.);
#883 = EDGE_CURVE('',#861,#884,#886,.T.);
#884 = VERTEX_POINT('',#885);
#885 = CARTESIAN_POINT('',(122.9,92.,15.));
#886 = LINE('',#887,#888);
#887 = CARTESIAN_POINT('',(121.6,92.,15.));
#888 = VECTOR('',#889,1.);
#889 = DIRECTION('',(1.,0.,0.));
#890 = ORIENTED_EDGE('',*,*,#860,.F.);
#891 = ORIENTED_EDGE('',*,*,#251,.T.);
#892 = ORIENTED_EDGE('',*,*,#893,.F.);
#893 = EDGE_CURVE('',#894,#252,#896,.T.);
#894 = VERTEX_POINT('',#895);
#895 = CARTESIAN_POINT('',(124.2,83.7,15.));
#896 = LINE('',#897,#898);
#897 = CARTESIAN_POINT('',(124.2,0.,15.));
#898 = VECTOR('',#899,1.);
#899 = DIRECTION('',(0.,-1.,0.));
#900 = ORIENTED_EDGE('',*,*,#901,.T.);
#901 = EDGE_CURVE('',#894,#902,#904,.T.);
#902 = VERTEX_POINT('',#903);
#903 = CARTESIAN_POINT('',(122.9,83.7,15.));
#904 = LINE('',#905,#906);
#905 = CARTESIAN_POINT('',(122.25,83.7,15.));
#906 = VECTOR('',#907,1.);
#907 = DIRECTION('',(-1.,0.,0.));
#908 = ORIENTED_EDGE('',*,*,#909,.T.);
#909 = EDGE_CURVE('',#902,#884,#910,.T.);
#910 = LINE('',#911,#912);
#911 = CARTESIAN_POINT('',(122.9,41.85,15.));
#912 = VECTOR('',#913,1.);
#913 = DIRECTION('',(0.,1.,0.));
#914 = PLANE('',#915);
#915 = AXIS2_PLACEMENT_3D('',#916,#917,#918);
#916 = CARTESIAN_POINT('',(121.6,0.,15.));
#917 = DIRECTION('',(0.,0.,1.));
#918 = DIRECTION('',(1.,0.,0.));
#919 = ADVANCED_FACE('',(#920),#970,.F.);
#920 = FACE_BOUND('',#921,.F.);
#921 = EDGE_LOOP('',(#922,#923,#931,#939,#947,#955,#963,#969));
#922 = ORIENTED_EDGE('',*,*,#259,.F.);
#923 = ORIENTED_EDGE('',*,*,#924,.F.);
#924 = EDGE_CURVE('',#925,#260,#927,.T.);
#925 = VERTEX_POINT('',#926);
#926 = CARTESIAN_POINT('',(124.2,2.,14.));
#927 = LINE('',#928,#929);
#928 = CARTESIAN_POINT('',(124.2,0.,14.));
#929 = VECTOR('',#930,1.);
#930 = DIRECTION('',(0.,-1.,0.));
#931 = ORIENTED_EDGE('',*,*,#932,.F.);
#932 = EDGE_CURVE('',#933,#925,#935,.T.);
#933 = VERTEX_POINT('',#934);
#934 = CARTESIAN_POINT('',(124.2,2.,8.));
#935 = LINE('',#936,#937);
#936 = CARTESIAN_POINT('',(124.2,2.,8.));
#937 = VECTOR('',#938,1.);
#938 = DIRECTION('',(0.,0.,1.));
#939 = ORIENTED_EDGE('',*,*,#940,.T.);
#940 = EDGE_CURVE('',#933,#941,#943,.T.);
#941 = VERTEX_POINT('',#942);
#942 = CARTESIAN_POINT('',(124.2,92.,8.));
#943 = LINE('',#944,#945);
#944 = CARTESIAN_POINT('',(124.2,0.,8.));
#945 = VECTOR('',#946,1.);
#946 = DIRECTION('',(0.,1.,0.));
#947 = ORIENTED_EDGE('',*,*,#948,.T.);
#948 = EDGE_CURVE('',#941,#949,#951,.T.);
#949 = VERTEX_POINT('',#950);
#950 = CARTESIAN_POINT('',(124.2,92.,14.9));
#951 = LINE('',#952,#953);
#952 = CARTESIAN_POINT('',(124.2,92.,8.));
#953 = VECTOR('',#954,1.);
#954 = DIRECTION('',(0.,0.,1.));
#955 = ORIENTED_EDGE('',*,*,#956,.T.);
#956 = EDGE_CURVE('',#949,#957,#959,.T.);
#957 = VERTEX_POINT('',#958);
#958 = CARTESIAN_POINT('',(124.2,83.7,14.9));
#959 = LINE('',#960,#961);
#960 = CARTESIAN_POINT('',(124.2,41.85,14.9));
#961 = VECTOR('',#962,1.);
#962 = DIRECTION('',(0.,-1.,0.));
#963 = ORIENTED_EDGE('',*,*,#964,.T.);
#964 = EDGE_CURVE('',#957,#894,#965,.T.);
#965 = LINE('',#966,#967);
#966 = CARTESIAN_POINT('',(124.2,83.7,11.45));
#967 = VECTOR('',#968,1.);
#968 = DIRECTION('',(0.,0.,1.));
#969 = ORIENTED_EDGE('',*,*,#893,.T.);
#970 = PLANE('',#971);
#971 = AXIS2_PLACEMENT_3D('',#972,#973,#974);
#972 = CARTESIAN_POINT('',(124.2,0.,8.));
#973 = DIRECTION('',(1.,0.,0.));
#974 = DIRECTION('',(0.,0.,1.));
#975 = ADVANCED_FACE('',(#976),#994,.T.);
#976 = FACE_BOUND('',#977,.T.);
#977 = EDGE_LOOP('',(#978,#986,#987,#988));
#978 = ORIENTED_EDGE('',*,*,#979,.T.);
#979 = EDGE_CURVE('',#980,#268,#982,.T.);
#980 = VERTEX_POINT('',#981);
#981 = CARTESIAN_POINT('',(17.8,2.,14.));
#982 = LINE('',#983,#984);
#983 = CARTESIAN_POINT('',(17.8,0.,14.));
#984 = VECTOR('',#985,1.);
#985 = DIRECTION('',(0.,-1.,0.));
#986 = ORIENTED_EDGE('',*,*,#267,.T.);
#987 = ORIENTED_EDGE('',*,*,#924,.F.);
#988 = ORIENTED_EDGE('',*,*,#989,.F.);
#989 = EDGE_CURVE('',#980,#925,#990,.T.);
#990 = LINE('',#991,#992);
#991 = CARTESIAN_POINT('',(15.3,2.,14.));
#992 = VECTOR('',#993,1.);
#993 = DIRECTION('',(1.,0.,0.));
#994 = PLANE('',#995);
#995 = AXIS2_PLACEMENT_3D('',#996,#997,#998);
#996 = CARTESIAN_POINT('',(15.3,0.,14.));
#997 = DIRECTION('',(0.,0.,1.));
#998 = DIRECTION('',(1.,0.,0.));
#999 = ADVANCED_FACE('',(#1000),#1050,.T.);
#1000 = FACE_BOUND('',#1001,.T.);
#1001 = EDGE_LOOP('',(#1002,#1003,#1004,#1012,#1020,#1028,#1036,#1044));
#1002 = ORIENTED_EDGE('',*,*,#275,.F.);
#1003 = ORIENTED_EDGE('',*,*,#979,.F.);
#1004 = ORIENTED_EDGE('',*,*,#1005,.F.);
#1005 = EDGE_CURVE('',#1006,#980,#1008,.T.);
#1006 = VERTEX_POINT('',#1007);
#1007 = CARTESIAN_POINT('',(17.8,2.,8.));
#1008 = LINE('',#1009,#1010);
#1009 = CARTESIAN_POINT('',(17.8,2.,8.));
#1010 = VECTOR('',#1011,1.);
#1011 = DIRECTION('',(0.,0.,1.));
#1012 = ORIENTED_EDGE('',*,*,#1013,.T.);
#1013 = EDGE_CURVE('',#1006,#1014,#1016,.T.);
#1014 = VERTEX_POINT('',#1015);
#1015 = CARTESIAN_POINT('',(17.8,92.,8.));
#1016 = LINE('',#1017,#1018);
#1017 = CARTESIAN_POINT('',(17.8,0.,8.));
#1018 = VECTOR('',#1019,1.);
#1019 = DIRECTION('',(0.,1.,0.));
#1020 = ORIENTED_EDGE('',*,*,#1021,.T.);
#1021 = EDGE_CURVE('',#1014,#1022,#1024,.T.);
#1022 = VERTEX_POINT('',#1023);
#1023 = CARTESIAN_POINT('',(17.8,92.,14.9));
#1024 = LINE('',#1025,#1026);
#1025 = CARTESIAN_POINT('',(17.8,92.,8.));
#1026 = VECTOR('',#1027,1.);
#1027 = DIRECTION('',(0.,0.,1.));
#1028 = ORIENTED_EDGE('',*,*,#1029,.T.);
#1029 = EDGE_CURVE('',#1022,#1030,#1032,.T.);
#1030 = VERTEX_POINT('',#1031);
#1031 = CARTESIAN_POINT('',(17.8,83.7,14.9));
#1032 = LINE('',#1033,#1034);
#1033 = CARTESIAN_POINT('',(17.8,41.85,14.9));
#1034 = VECTOR('',#1035,1.);
#1035 = DIRECTION('',(0.,-1.,0.));
#1036 = ORIENTED_EDGE('',*,*,#1037,.T.);
#1037 = EDGE_CURVE('',#1030,#1038,#1040,.T.);
#1038 = VERTEX_POINT('',#1039);
#1039 = CARTESIAN_POINT('',(17.8,83.7,15.));
#1040 = LINE('',#1041,#1042);
#1041 = CARTESIAN_POINT('',(17.8,83.7,11.45));
#1042 = VECTOR('',#1043,1.);
#1043 = DIRECTION('',(0.,0.,1.));
#1044 = ORIENTED_EDGE('',*,*,#1045,.T.);
#1045 = EDGE_CURVE('',#1038,#276,#1046,.T.);
#1046 = LINE('',#1047,#1048);
#1047 = CARTESIAN_POINT('',(17.8,0.,15.));
#1048 = VECTOR('',#1049,1.);
#1049 = DIRECTION('',(0.,-1.,0.));
#1050 = PLANE('',#1051);
#1051 = AXIS2_PLACEMENT_3D('',#1052,#1053,#1054);
#1052 = CARTESIAN_POINT('',(17.8,0.,8.));
#1053 = DIRECTION('',(1.,0.,0.));
#1054 = DIRECTION('',(0.,0.,1.));
#1055 = ADVANCED_FACE('',(#1056),#1090,.F.);
#1056 = FACE_BOUND('',#1057,.F.);
#1057 = EDGE_LOOP('',(#1058,#1066,#1067,#1068,#1076,#1084));
#1058 = ORIENTED_EDGE('',*,*,#1059,.T.);
#1059 = EDGE_CURVE('',#1060,#1038,#1062,.T.);
#1060 = VERTEX_POINT('',#1061);
#1061 = CARTESIAN_POINT('',(19.1,83.7,15.));
#1062 = LINE('',#1063,#1064);
#1063 = CARTESIAN_POINT('',(15.9,83.7,15.));
#1064 = VECTOR('',#1065,1.);
#1065 = DIRECTION('',(-1.,0.,0.));
#1066 = ORIENTED_EDGE('',*,*,#1045,.T.);
#1067 = ORIENTED_EDGE('',*,*,#283,.T.);
#1068 = ORIENTED_EDGE('',*,*,#1069,.T.);
#1069 = EDGE_CURVE('',#284,#1070,#1072,.T.);
#1070 = VERTEX_POINT('',#1071);
#1071 = CARTESIAN_POINT('',(20.4,92.,15.));
#1072 = LINE('',#1073,#1074);
#1073 = CARTESIAN_POINT('',(20.4,0.,15.));
#1074 = VECTOR('',#1075,1.);
#1075 = DIRECTION('',(0.,1.,0.));
#1076 = ORIENTED_EDGE('',*,*,#1077,.F.);
#1077 = EDGE_CURVE('',#1078,#1070,#1080,.T.);
#1078 = VERTEX_POINT('',#1079);
#1079 = CARTESIAN_POINT('',(19.1,92.,15.));
#1080 = LINE('',#1081,#1082);
#1081 = CARTESIAN_POINT('',(14.3,92.,15.));
#1082 = VECTOR('',#1083,1.);
#1083 = DIRECTION('',(1.,0.,0.));
#1084 = ORIENTED_EDGE('',*,*,#1085,.F.);
#1085 = EDGE_CURVE('',#1060,#1078,#1086,.T.);
#1086 = LINE('',#1087,#1088);
#1087 = CARTESIAN_POINT('',(19.1,41.85,15.));
#1088 = VECTOR('',#1089,1.);
#1089 = DIRECTION('',(0.,1.,0.));
#1090 = PLANE('',#1091);
#1091 = AXIS2_PLACEMENT_3D('',#1092,#1093,#1094);
#1092 = CARTESIAN_POINT('',(14.3,0.,15.));
#1093 = DIRECTION('',(0.,0.,1.));
#1094 = DIRECTION('',(1.,0.,0.));
#1095 = ADVANCED_FACE('',(#1096),#1114,.T.);
#1096 = FACE_BOUND('',#1097,.T.);
#1097 = EDGE_LOOP('',(#1098,#1099,#1100,#1108));
#1098 = ORIENTED_EDGE('',*,*,#291,.F.);
#1099 = ORIENTED_EDGE('',*,*,#1069,.T.);
#1100 = ORIENTED_EDGE('',*,*,#1101,.T.);
#1101 = EDGE_CURVE('',#1070,#1102,#1104,.T.);
#1102 = VERTEX_POINT('',#1103);
#1103 = CARTESIAN_POINT('',(20.4,92.,17.4));
#1104 = LINE('',#1105,#1106);
#1105 = CARTESIAN_POINT('',(20.4,92.,15.));
#1106 = VECTOR('',#1107,1.);
#1107 = DIRECTION('',(0.,0.,1.));
#1108 = ORIENTED_EDGE('',*,*,#1109,.F.);
#1109 = EDGE_CURVE('',#292,#1102,#1110,.T.);
#1110 = LINE('',#1111,#1112);
#1111 = CARTESIAN_POINT('',(20.4,0.,17.4));
#1112 = VECTOR('',#1113,1.);
#1113 = DIRECTION('',(0.,1.,0.));
#1114 = PLANE('',#1115);
#1115 = AXIS2_PLACEMENT_3D('',#1116,#1117,#1118);
#1116 = CARTESIAN_POINT('',(20.4,0.,15.));
#1117 = DIRECTION('',(1.,0.,0.));
#1118 = DIRECTION('',(0.,0.,1.));
#1119 = ADVANCED_FACE('',(#1120),#1186,.T.);
#1120 = FACE_BOUND('',#1121,.T.);
#1121 = EDGE_LOOP('',(#1122,#1132,#1140,#1146,#1147,#1148,#1156,#1164,
    #1172,#1180));
#1122 = ORIENTED_EDGE('',*,*,#1123,.F.);
#1123 = EDGE_CURVE('',#1124,#1126,#1128,.T.);
#1124 = VERTEX_POINT('',#1125);
#1125 = CARTESIAN_POINT('',(14.3,16.,17.4));
#1126 = VERTEX_POINT('',#1127);
#1127 = CARTESIAN_POINT('',(14.3,92.,17.4));
#1128 = LINE('',#1129,#1130);
#1129 = CARTESIAN_POINT('',(14.3,0.,17.4));
#1130 = VECTOR('',#1131,1.);
#1131 = DIRECTION('',(0.,1.,0.));
#1132 = ORIENTED_EDGE('',*,*,#1133,.T.);
#1133 = EDGE_CURVE('',#1124,#1134,#1136,.T.);
#1134 = VERTEX_POINT('',#1135);
#1135 = CARTESIAN_POINT('',(16.,16.,17.4));
#1136 = LINE('',#1137,#1138);
#1137 = CARTESIAN_POINT('',(7.15,16.,17.4));
#1138 = VECTOR('',#1139,1.);
#1139 = DIRECTION('',(1.,0.,0.));
#1140 = ORIENTED_EDGE('',*,*,#1141,.T.);
#1141 = EDGE_CURVE('',#1134,#300,#1142,.T.);
#1142 = LINE('',#1143,#1144);
#1143 = CARTESIAN_POINT('',(16.,0.,17.4));
#1144 = VECTOR('',#1145,1.);
#1145 = DIRECTION('',(0.,-1.,0.));
#1146 = ORIENTED_EDGE('',*,*,#299,.T.);
#1147 = ORIENTED_EDGE('',*,*,#1109,.T.);
#1148 = ORIENTED_EDGE('',*,*,#1149,.F.);
#1149 = EDGE_CURVE('',#1150,#1102,#1152,.T.);
#1150 = VERTEX_POINT('',#1151);
#1151 = CARTESIAN_POINT('',(19.1,92.,17.4));
#1152 = LINE('',#1153,#1154);
#1153 = CARTESIAN_POINT('',(14.3,92.,17.4));
#1154 = VECTOR('',#1155,1.);
#1155 = DIRECTION('',(1.,0.,0.));
#1156 = ORIENTED_EDGE('',*,*,#1157,.F.);
#1157 = EDGE_CURVE('',#1158,#1150,#1160,.T.);
#1158 = VERTEX_POINT('',#1159);
#1159 = CARTESIAN_POINT('',(19.1,83.7,17.4));
#1160 = LINE('',#1161,#1162);
#1161 = CARTESIAN_POINT('',(19.1,64.919317023445,17.4));
#1162 = VECTOR('',#1163,1.);
#1163 = DIRECTION('',(0.,1.,0.));
#1164 = ORIENTED_EDGE('',*,*,#1165,.T.);
#1165 = EDGE_CURVE('',#1158,#1166,#1168,.T.);
#1166 = VERTEX_POINT('',#1167);
#1167 = CARTESIAN_POINT('',(17.5,83.7,17.4));
#1168 = LINE('',#1169,#1170);
#1169 = CARTESIAN_POINT('',(17.494317023445,83.7,17.4));
#1170 = VECTOR('',#1171,1.);
#1171 = DIRECTION('',(-1.,0.,0.));
#1172 = ORIENTED_EDGE('',*,*,#1173,.T.);
#1173 = EDGE_CURVE('',#1166,#1174,#1176,.T.);
#1174 = VERTEX_POINT('',#1175);
#1175 = CARTESIAN_POINT('',(17.5,92.,17.4));
#1176 = LINE('',#1177,#1178);
#1177 = CARTESIAN_POINT('',(17.5,64.919317023445,17.4));
#1178 = VECTOR('',#1179,1.);
#1179 = DIRECTION('',(0.,1.,0.));
#1180 = ORIENTED_EDGE('',*,*,#1181,.F.);
#1181 = EDGE_CURVE('',#1126,#1174,#1182,.T.);
#1182 = LINE('',#1183,#1184);
#1183 = CARTESIAN_POINT('',(14.3,92.,17.4));
#1184 = VECTOR('',#1185,1.);
#1185 = DIRECTION('',(1.,0.,0.));
#1186 = PLANE('',#1187);
#1187 = AXIS2_PLACEMENT_3D('',#1188,#1189,#1190);
#1188 = CARTESIAN_POINT('',(17.488634046891,46.138634046891,17.4));
#1189 = DIRECTION('',(0.,0.,1.));
#1190 = DIRECTION('',(1.,0.,0.));
#1191 = ADVANCED_FACE('',(#1192),#1210,.T.);
#1192 = FACE_BOUND('',#1193,.T.);
#1193 = EDGE_LOOP('',(#1194,#1195,#1196,#1204));
#1194 = ORIENTED_EDGE('',*,*,#307,.F.);
#1195 = ORIENTED_EDGE('',*,*,#1141,.F.);
#1196 = ORIENTED_EDGE('',*,*,#1197,.T.);
#1197 = EDGE_CURVE('',#1134,#1198,#1200,.T.);
#1198 = VERTEX_POINT('',#1199);
#1199 = CARTESIAN_POINT('',(16.,16.,59.));
#1200 = LINE('',#1201,#1202);
#1201 = CARTESIAN_POINT('',(16.,16.,6.));
#1202 = VECTOR('',#1203,1.);
#1203 = DIRECTION('',(0.,0.,1.));
#1204 = ORIENTED_EDGE('',*,*,#1205,.F.);
#1205 = EDGE_CURVE('',#308,#1198,#1206,.T.);
#1206 = LINE('',#1207,#1208);
#1207 = CARTESIAN_POINT('',(16.,0.,59.));
#1208 = VECTOR('',#1209,1.);
#1209 = DIRECTION('',(0.,1.,0.));
#1210 = PLANE('',#1211);
#1211 = AXIS2_PLACEMENT_3D('',#1212,#1213,#1214);
#1212 = CARTESIAN_POINT('',(16.,0.,6.));
#1213 = DIRECTION('',(1.,0.,0.));
#1214 = DIRECTION('',(0.,0.,1.));
#1215 = ADVANCED_FACE('',(#1216),#1243,.T.);
#1216 = FACE_BOUND('',#1217,.T.);
#1217 = EDGE_LOOP('',(#1218,#1227,#1235,#1242));
#1218 = ORIENTED_EDGE('',*,*,#1219,.T.);
#1219 = EDGE_CURVE('',#308,#1220,#1222,.T.);
#1220 = VERTEX_POINT('',#1221);
#1221 = CARTESIAN_POINT('',(15.,1.,60.));
#1222 = ELLIPSE('',#1223,1.414213562373,1.);
#1223 = AXIS2_PLACEMENT_3D('',#1224,#1225,#1226);
#1224 = CARTESIAN_POINT('',(15.,1.,59.));
#1225 = DIRECTION('',(-0.707106781187,-0.707106781187,-0.));
#1226 = DIRECTION('',(-0.707106781187,0.707106781187,0.));
#1227 = ORIENTED_EDGE('',*,*,#1228,.T.);
#1228 = EDGE_CURVE('',#1220,#1229,#1231,.T.);
#1229 = VERTEX_POINT('',#1230);
#1230 = CARTESIAN_POINT('',(10.,1.,60.));
#1231 = LINE('',#1232,#1233);
#1232 = CARTESIAN_POINT('',(16.,1.,60.));
#1233 = VECTOR('',#1234,1.);
#1234 = DIRECTION('',(-1.,-0.,-0.));
#1235 = ORIENTED_EDGE('',*,*,#1236,.F.);
#1236 = EDGE_CURVE('',#316,#1229,#1237,.T.);
#1237 = CIRCLE('',#1238,1.);
#1238 = AXIS2_PLACEMENT_3D('',#1239,#1240,#1241);
#1239 = CARTESIAN_POINT('',(10.,1.,59.));
#1240 = DIRECTION('',(-1.,0.,0.));
#1241 = DIRECTION('',(0.,-1.,0.));
#1242 = ORIENTED_EDGE('',*,*,#315,.F.);
#1243 = CYLINDRICAL_SURFACE('',#1244,1.);
#1244 = AXIS2_PLACEMENT_3D('',#1245,#1246,#1247);
#1245 = CARTESIAN_POINT('',(16.,1.,59.));
#1246 = DIRECTION('',(-1.,-0.,-0.));
#1247 = DIRECTION('',(0.,-1.,0.));
#1248 = ADVANCED_FACE('',(#1249),#1268,.T.);
#1249 = FACE_BOUND('',#1250,.T.);
#1250 = EDGE_LOOP('',(#1251,#1259,#1260,#1261));
#1251 = ORIENTED_EDGE('',*,*,#1252,.F.);
#1252 = EDGE_CURVE('',#660,#1253,#1255,.T.);
#1253 = VERTEX_POINT('',#1254);
#1254 = CARTESIAN_POINT('',(-1.7763568394E-15,10.,59.));
#1255 = LINE('',#1256,#1257);
#1256 = CARTESIAN_POINT('',(-1.7763568394E-15,10.,6.));
#1257 = VECTOR('',#1258,1.);
#1258 = DIRECTION('',(0.,0.,1.));
#1259 = ORIENTED_EDGE('',*,*,#659,.T.);
#1260 = ORIENTED_EDGE('',*,*,#323,.T.);
#1261 = ORIENTED_EDGE('',*,*,#1262,.T.);
#1262 = EDGE_CURVE('',#316,#1253,#1263,.T.);
#1263 = CIRCLE('',#1264,10.);
#1264 = AXIS2_PLACEMENT_3D('',#1265,#1266,#1267);
#1265 = CARTESIAN_POINT('',(10.,10.,59.));
#1266 = DIRECTION('',(-0.,0.,-1.));
#1267 = DIRECTION('',(-1.7763568394E-16,-1.,0.));
#1268 = CYLINDRICAL_SURFACE('',#1269,10.);
#1269 = AXIS2_PLACEMENT_3D('',#1270,#1271,#1272);
#1270 = CARTESIAN_POINT('',(10.,10.,6.));
#1271 = DIRECTION('',(0.,0.,1.));
#1272 = DIRECTION('',(-1.,0.,0.));
#1273 = ADVANCED_FACE('',(#1274),#1286,.T.);
#1274 = FACE_BOUND('',#1275,.F.);
#1275 = EDGE_LOOP('',(#1276,#1283,#1284,#1285));
#1276 = ORIENTED_EDGE('',*,*,#1277,.T.);
#1277 = EDGE_CURVE('',#455,#363,#1278,.T.);
#1278 = ELLIPSE('',#1279,1.414213562373,1.);
#1279 = AXIS2_PLACEMENT_3D('',#1280,#1281,#1282);
#1280 = CARTESIAN_POINT('',(127.,15.,59.));
#1281 = DIRECTION('',(-0.707106781187,-0.707106781187,0.));
#1282 = DIRECTION('',(0.707106781187,-0.707106781187,0.));
#1283 = ORIENTED_EDGE('',*,*,#362,.T.);
#1284 = ORIENTED_EDGE('',*,*,#346,.T.);
#1285 = ORIENTED_EDGE('',*,*,#454,.F.);
#1286 = CYLINDRICAL_SURFACE('',#1287,1.);
#1287 = AXIS2_PLACEMENT_3D('',#1288,#1289,#1290);
#1288 = CARTESIAN_POINT('',(126.,15.,59.));
#1289 = DIRECTION('',(1.,0.,0.));
#1290 = DIRECTION('',(0.,0.,1.));
#1291 = ADVANCED_FACE('',(#1292),#1310,.T.);
#1292 = FACE_BOUND('',#1293,.T.);
#1293 = EDGE_LOOP('',(#1294,#1295,#1303,#1309));
#1294 = ORIENTED_EDGE('',*,*,#396,.T.);
#1295 = ORIENTED_EDGE('',*,*,#1296,.T.);
#1296 = EDGE_CURVE('',#389,#1297,#1299,.T.);
#1297 = VERTEX_POINT('',#1298);
#1298 = CARTESIAN_POINT('',(127.7,92.,8.));
#1299 = LINE('',#1300,#1301);
#1300 = CARTESIAN_POINT('',(127.7,0.,8.));
#1301 = VECTOR('',#1302,1.);
#1302 = DIRECTION('',(0.,1.,0.));
#1303 = ORIENTED_EDGE('',*,*,#1304,.T.);
#1304 = EDGE_CURVE('',#1297,#814,#1305,.T.);
#1305 = LINE('',#1306,#1307);
#1306 = CARTESIAN_POINT('',(127.7,92.,8.));
#1307 = VECTOR('',#1308,1.);
#1308 = DIRECTION('',(0.,0.,1.));
#1309 = ORIENTED_EDGE('',*,*,#813,.F.);
#1310 = PLANE('',#1311);
#1311 = AXIS2_PLACEMENT_3D('',#1312,#1313,#1314);
#1312 = CARTESIAN_POINT('',(127.7,54.,12.7));
#1313 = DIRECTION('',(1.,0.,0.));
#1314 = DIRECTION('',(0.,0.,1.));
#1315 = ADVANCED_FACE('',(#1316),#1334,.T.);
#1316 = FACE_BOUND('',#1317,.T.);
#1317 = EDGE_LOOP('',(#1318,#1326,#1327,#1328));
#1318 = ORIENTED_EDGE('',*,*,#1319,.F.);
#1319 = EDGE_CURVE('',#1297,#1320,#1322,.T.);
#1320 = VERTEX_POINT('',#1321);
#1321 = CARTESIAN_POINT('',(130.,92.,8.));
#1322 = LINE('',#1323,#1324);
#1323 = CARTESIAN_POINT('',(119.6,92.,8.));
#1324 = VECTOR('',#1325,1.);
#1325 = DIRECTION('',(1.,0.,0.));
#1326 = ORIENTED_EDGE('',*,*,#1296,.F.);
#1327 = ORIENTED_EDGE('',*,*,#388,.T.);
#1328 = ORIENTED_EDGE('',*,*,#1329,.T.);
#1329 = EDGE_CURVE('',#381,#1320,#1330,.T.);
#1330 = LINE('',#1331,#1332);
#1331 = CARTESIAN_POINT('',(130.,0.,8.));
#1332 = VECTOR('',#1333,1.);
#1333 = DIRECTION('',(0.,1.,0.));
#1334 = PLANE('',#1335);
#1335 = AXIS2_PLACEMENT_3D('',#1336,#1337,#1338);
#1336 = CARTESIAN_POINT('',(119.6,0.,8.));
#1337 = DIRECTION('',(0.,0.,1.));
#1338 = DIRECTION('',(1.,0.,0.));
#1339 = ADVANCED_FACE('',(#1340),#1358,.T.);
#1340 = FACE_BOUND('',#1341,.T.);
#1341 = EDGE_LOOP('',(#1342,#1343,#1344,#1352));
#1342 = ORIENTED_EDGE('',*,*,#1329,.F.);
#1343 = ORIENTED_EDGE('',*,*,#380,.T.);
#1344 = ORIENTED_EDGE('',*,*,#1345,.T.);
#1345 = EDGE_CURVE('',#373,#1346,#1348,.T.);
#1346 = VERTEX_POINT('',#1347);
#1347 = CARTESIAN_POINT('',(130.,92.,6.));
#1348 = LINE('',#1349,#1350);
#1349 = CARTESIAN_POINT('',(130.,0.,6.));
#1350 = VECTOR('',#1351,1.);
#1351 = DIRECTION('',(0.,1.,0.));
#1352 = ORIENTED_EDGE('',*,*,#1353,.T.);
#1353 = EDGE_CURVE('',#1346,#1320,#1354,.T.);
#1354 = LINE('',#1355,#1356);
#1355 = CARTESIAN_POINT('',(130.,92.,6.));
#1356 = VECTOR('',#1357,1.);
#1357 = DIRECTION('',(0.,0.,1.));
#1358 = PLANE('',#1359);
#1359 = AXIS2_PLACEMENT_3D('',#1360,#1361,#1362);
#1360 = CARTESIAN_POINT('',(130.,0.,6.));
#1361 = DIRECTION('',(1.,0.,0.));
#1362 = DIRECTION('',(0.,0.,1.));
#1363 = ADVANCED_FACE('',(#1364),#1533,.T.);
#1364 = FACE_BOUND('',#1365,.T.);
#1365 = EDGE_LOOP('',(#1366,#1374,#1382,#1390,#1398,#1406,#1414,#1422,
    #1430,#1438,#1446,#1454,#1462,#1470,#1478,#1486,#1492,#1493,#1494,
    #1495,#1503,#1511,#1519,#1527));
#1366 = ORIENTED_EDGE('',*,*,#1367,.F.);
#1367 = EDGE_CURVE('',#677,#1368,#1370,.T.);
#1368 = VERTEX_POINT('',#1369);
#1369 = CARTESIAN_POINT('',(1.,116.,6.));
#1370 = LINE('',#1371,#1372);
#1371 = CARTESIAN_POINT('',(1.,10.,6.));
#1372 = VECTOR('',#1373,1.);
#1373 = DIRECTION('',(0.,1.,0.));
#1374 = ORIENTED_EDGE('',*,*,#1375,.T.);
#1375 = EDGE_CURVE('',#677,#1376,#1378,.T.);
#1376 = VERTEX_POINT('',#1377);
#1377 = CARTESIAN_POINT('',(12.,16.,6.));
#1378 = LINE('',#1379,#1380);
#1379 = CARTESIAN_POINT('',(0.,16.,6.));
#1380 = VECTOR('',#1381,1.);
#1381 = DIRECTION('',(1.,0.,0.));
#1382 = ORIENTED_EDGE('',*,*,#1383,.T.);
#1383 = EDGE_CURVE('',#1376,#1384,#1386,.T.);
#1384 = VERTEX_POINT('',#1385);
#1385 = CARTESIAN_POINT('',(12.,92.,6.));
#1386 = LINE('',#1387,#1388);
#1387 = CARTESIAN_POINT('',(12.,0.,6.));
#1388 = VECTOR('',#1389,1.);
#1389 = DIRECTION('',(0.,1.,0.));
#1390 = ORIENTED_EDGE('',*,*,#1391,.T.);
#1391 = EDGE_CURVE('',#1384,#1392,#1394,.T.);
#1392 = VERTEX_POINT('',#1393);
#1393 = CARTESIAN_POINT('',(16.,92.,6.));
#1394 = LINE('',#1395,#1396);
#1395 = CARTESIAN_POINT('',(12.,92.,6.));
#1396 = VECTOR('',#1397,1.);
#1397 = DIRECTION('',(1.,0.,0.));
#1398 = ORIENTED_EDGE('',*,*,#1399,.T.);
#1399 = EDGE_CURVE('',#1392,#1400,#1402,.T.);
#1400 = VERTEX_POINT('',#1401);
#1401 = CARTESIAN_POINT('',(16.,93.,6.));
#1402 = LINE('',#1403,#1404);
#1403 = CARTESIAN_POINT('',(16.,8.5,6.));
#1404 = VECTOR('',#1405,1.);
#1405 = DIRECTION('',(0.,1.,0.));
#1406 = ORIENTED_EDGE('',*,*,#1407,.F.);
#1407 = EDGE_CURVE('',#1408,#1400,#1410,.T.);
#1408 = VERTEX_POINT('',#1409);
#1409 = CARTESIAN_POINT('',(11.,93.,6.));
#1410 = LINE('',#1411,#1412);
#1411 = CARTESIAN_POINT('',(11.,93.,6.));
#1412 = VECTOR('',#1413,1.);
#1413 = DIRECTION('',(1.,0.,0.));
#1414 = ORIENTED_EDGE('',*,*,#1415,.T.);
#1415 = EDGE_CURVE('',#1408,#1416,#1418,.T.);
#1416 = VERTEX_POINT('',#1417);
#1417 = CARTESIAN_POINT('',(11.,99.,6.));
#1418 = LINE('',#1419,#1420);
#1419 = CARTESIAN_POINT('',(11.,93.,6.));
#1420 = VECTOR('',#1421,1.);
#1421 = DIRECTION('',(0.,1.,0.));
#1422 = ORIENTED_EDGE('',*,*,#1423,.T.);
#1423 = EDGE_CURVE('',#1416,#1424,#1426,.T.);
#1424 = VERTEX_POINT('',#1425);
#1425 = CARTESIAN_POINT('',(16.,99.,6.));
#1426 = LINE('',#1427,#1428);
#1427 = CARTESIAN_POINT('',(11.,99.,6.));
#1428 = VECTOR('',#1429,1.);
#1429 = DIRECTION('',(1.,0.,0.));
#1430 = ORIENTED_EDGE('',*,*,#1431,.T.);
#1431 = EDGE_CURVE('',#1424,#1432,#1434,.T.);
#1432 = VERTEX_POINT('',#1433);
#1433 = CARTESIAN_POINT('',(16.,115.,6.));
#1434 = LINE('',#1435,#1436);
#1435 = CARTESIAN_POINT('',(16.,8.5,6.));
#1436 = VECTOR('',#1437,1.);
#1437 = DIRECTION('',(0.,1.,0.));
#1438 = ORIENTED_EDGE('',*,*,#1439,.F.);
#1439 = EDGE_CURVE('',#1440,#1432,#1442,.T.);
#1440 = VERTEX_POINT('',#1441);
#1441 = CARTESIAN_POINT('',(126.,115.,6.));
#1442 = LINE('',#1443,#1444);
#1443 = CARTESIAN_POINT('',(8.,115.,6.));
#1444 = VECTOR('',#1445,1.);
#1445 = DIRECTION('',(-1.,0.,0.));
#1446 = ORIENTED_EDGE('',*,*,#1447,.F.);
#1447 = EDGE_CURVE('',#1448,#1440,#1450,.T.);
#1448 = VERTEX_POINT('',#1449);
#1449 = CARTESIAN_POINT('',(126.,99.,6.));
#1450 = LINE('',#1451,#1452);
#1451 = CARTESIAN_POINT('',(126.,8.5,6.));
#1452 = VECTOR('',#1453,1.);
#1453 = DIRECTION('',(0.,1.,0.));
#1454 = ORIENTED_EDGE('',*,*,#1455,.T.);
#1455 = EDGE_CURVE('',#1448,#1456,#1458,.T.);
#1456 = VERTEX_POINT('',#1457);
#1457 = CARTESIAN_POINT('',(131.,99.,6.));
#1458 = LINE('',#1459,#1460);
#1459 = CARTESIAN_POINT('',(125.,99.,6.));
#1460 = VECTOR('',#1461,1.);
#1461 = DIRECTION('',(1.,0.,0.));
#1462 = ORIENTED_EDGE('',*,*,#1463,.F.);
#1463 = EDGE_CURVE('',#1464,#1456,#1466,.T.);
#1464 = VERTEX_POINT('',#1465);
#1465 = CARTESIAN_POINT('',(131.,93.,6.));
#1466 = LINE('',#1467,#1468);
#1467 = CARTESIAN_POINT('',(131.,93.,6.));
#1468 = VECTOR('',#1469,1.);
#1469 = DIRECTION('',(0.,1.,0.));
#1470 = ORIENTED_EDGE('',*,*,#1471,.F.);
#1471 = EDGE_CURVE('',#1472,#1464,#1474,.T.);
#1472 = VERTEX_POINT('',#1473);
#1473 = CARTESIAN_POINT('',(126.,93.,6.));
#1474 = LINE('',#1475,#1476);
#1475 = CARTESIAN_POINT('',(125.,93.,6.));
#1476 = VECTOR('',#1477,1.);
#1477 = DIRECTION('',(1.,0.,0.));
#1478 = ORIENTED_EDGE('',*,*,#1479,.F.);
#1479 = EDGE_CURVE('',#1480,#1472,#1482,.T.);
#1480 = VERTEX_POINT('',#1481);
#1481 = CARTESIAN_POINT('',(126.,92.,6.));
#1482 = LINE('',#1483,#1484);
#1483 = CARTESIAN_POINT('',(126.,8.5,6.));
#1484 = VECTOR('',#1485,1.);
#1485 = DIRECTION('',(0.,1.,0.));
#1486 = ORIENTED_EDGE('',*,*,#1487,.T.);
#1487 = EDGE_CURVE('',#1480,#1346,#1488,.T.);
#1488 = LINE('',#1489,#1490);
#1489 = CARTESIAN_POINT('',(119.6,92.,6.));
#1490 = VECTOR('',#1491,1.);
#1491 = DIRECTION('',(1.,0.,0.));
#1492 = ORIENTED_EDGE('',*,*,#1345,.F.);
#1493 = ORIENTED_EDGE('',*,*,#372,.T.);
#1494 = ORIENTED_EDGE('',*,*,#629,.F.);
#1495 = ORIENTED_EDGE('',*,*,#1496,.F.);
#1496 = EDGE_CURVE('',#1497,#622,#1499,.T.);
#1497 = VERTEX_POINT('',#1498);
#1498 = CARTESIAN_POINT('',(126.,116.,6.));
#1499 = LINE('',#1500,#1501);
#1500 = CARTESIAN_POINT('',(126.,116.,6.));
#1501 = VECTOR('',#1502,1.);
#1502 = DIRECTION('',(1.,0.,0.));
#1503 = ORIENTED_EDGE('',*,*,#1504,.T.);
#1504 = EDGE_CURVE('',#1497,#1505,#1507,.T.);
#1505 = VERTEX_POINT('',#1506);
#1506 = CARTESIAN_POINT('',(126.,131.,6.));
#1507 = LINE('',#1508,#1509);
#1508 = CARTESIAN_POINT('',(126.,116.,6.));
#1509 = VECTOR('',#1510,1.);
#1510 = DIRECTION('',(0.,1.,0.));
#1511 = ORIENTED_EDGE('',*,*,#1512,.F.);
#1512 = EDGE_CURVE('',#1513,#1505,#1515,.T.);
#1513 = VERTEX_POINT('',#1514);
#1514 = CARTESIAN_POINT('',(16.,131.,6.));
#1515 = LINE('',#1516,#1517);
#1516 = CARTESIAN_POINT('',(10.,131.,6.));
#1517 = VECTOR('',#1518,1.);
#1518 = DIRECTION('',(1.,0.,0.));
#1519 = ORIENTED_EDGE('',*,*,#1520,.F.);
#1520 = EDGE_CURVE('',#1521,#1513,#1523,.T.);
#1521 = VERTEX_POINT('',#1522);
#1522 = CARTESIAN_POINT('',(16.,116.,6.));
#1523 = LINE('',#1524,#1525);
#1524 = CARTESIAN_POINT('',(16.,116.,6.));
#1525 = VECTOR('',#1526,1.);
#1526 = DIRECTION('',(0.,1.,0.));
#1527 = ORIENTED_EDGE('',*,*,#1528,.F.);
#1528 = EDGE_CURVE('',#1368,#1521,#1529,.T.);
#1529 = LINE('',#1530,#1531);
#1530 = CARTESIAN_POINT('',(0.,116.,6.));
#1531 = VECTOR('',#1532,1.);
#1532 = DIRECTION('',(1.,0.,0.));
#1533 = PLANE('',#1534);
#1534 = AXIS2_PLACEMENT_3D('',#1535,#1536,#1537);
#1535 = CARTESIAN_POINT('',(0.,0.,6.));
#1536 = DIRECTION('',(0.,0.,1.));
#1537 = DIRECTION('',(1.,0.,0.));
#1538 = ADVANCED_FACE('',(#1539),#1545,.T.);
#1539 = FACE_BOUND('',#1540,.F.);
#1540 = EDGE_LOOP('',(#1541,#1542,#1543,#1544));
#1541 = ORIENTED_EDGE('',*,*,#426,.F.);
#1542 = ORIENTED_EDGE('',*,*,#780,.T.);
#1543 = ORIENTED_EDGE('',*,*,#1277,.F.);
#1544 = ORIENTED_EDGE('',*,*,#462,.F.);
#1545 = CYLINDRICAL_SURFACE('',#1546,1.);
#1546 = AXIS2_PLACEMENT_3D('',#1547,#1548,#1549);
#1547 = CARTESIAN_POINT('',(127.,0.,59.));
#1548 = DIRECTION('',(0.,1.,0.));
#1549 = DIRECTION('',(0.,0.,1.));
#1550 = ADVANCED_FACE('',(#1551),#1570,.T.);
#1551 = FACE_BOUND('',#1552,.F.);
#1552 = EDGE_LOOP('',(#1553,#1561,#1568,#1569));
#1553 = ORIENTED_EDGE('',*,*,#1554,.T.);
#1554 = EDGE_CURVE('',#471,#1555,#1557,.T.);
#1555 = VERTEX_POINT('',#1556);
#1556 = CARTESIAN_POINT('',(137.4,8.,64.9));
#1557 = LINE('',#1558,#1559);
#1558 = CARTESIAN_POINT('',(137.4,8.,60.));
#1559 = VECTOR('',#1560,1.);
#1560 = DIRECTION('',(0.,0.,1.));
#1561 = ORIENTED_EDGE('',*,*,#1562,.T.);
#1562 = EDGE_CURVE('',#1555,#1555,#1563,.T.);
#1563 = CIRCLE('',#1564,3.4);
#1564 = AXIS2_PLACEMENT_3D('',#1565,#1566,#1567);
#1565 = CARTESIAN_POINT('',(134.,8.,64.9));
#1566 = DIRECTION('',(0.,0.,1.));
#1567 = DIRECTION('',(1.,0.,0.));
#1568 = ORIENTED_EDGE('',*,*,#1554,.F.);
#1569 = ORIENTED_EDGE('',*,*,#470,.F.);
#1570 = CYLINDRICAL_SURFACE('',#1571,3.4);
#1571 = AXIS2_PLACEMENT_3D('',#1572,#1573,#1574);
#1572 = CARTESIAN_POINT('',(134.,8.,60.));
#1573 = DIRECTION('',(-0.,-0.,-1.));
#1574 = DIRECTION('',(1.,0.,0.));
#1575 = ADVANCED_FACE('',(#1576),#1592,.T.);
#1576 = FACE_BOUND('',#1577,.T.);
#1577 = EDGE_LOOP('',(#1578,#1579,#1585,#1586));
#1578 = ORIENTED_EDGE('',*,*,#513,.F.);
#1579 = ORIENTED_EDGE('',*,*,#1580,.T.);
#1580 = EDGE_CURVE('',#514,#933,#1581,.T.);
#1581 = LINE('',#1582,#1583);
#1582 = CARTESIAN_POINT('',(15.3,2.,8.));
#1583 = VECTOR('',#1584,1.);
#1584 = DIRECTION('',(1.,0.,0.));
#1585 = ORIENTED_EDGE('',*,*,#940,.T.);
#1586 = ORIENTED_EDGE('',*,*,#1587,.F.);
#1587 = EDGE_CURVE('',#506,#941,#1588,.T.);
#1588 = LINE('',#1589,#1590);
#1589 = CARTESIAN_POINT('',(119.6,92.,8.));
#1590 = VECTOR('',#1591,1.);
#1591 = DIRECTION('',(1.,0.,0.));
#1592 = PLANE('',#1593);
#1593 = AXIS2_PLACEMENT_3D('',#1594,#1595,#1596);
#1594 = CARTESIAN_POINT('',(119.6,0.,8.));
#1595 = DIRECTION('',(0.,0.,1.));
#1596 = DIRECTION('',(1.,0.,0.));
#1597 = ADVANCED_FACE('',(#1598),#1628,.T.);
#1598 = FACE_BOUND('',#1599,.T.);
#1599 = EDGE_LOOP('',(#1600,#1606,#1607,#1608,#1609,#1617,#1623,#1624,
    #1625,#1626,#1627));
#1600 = ORIENTED_EDGE('',*,*,#1601,.F.);
#1601 = EDGE_CURVE('',#498,#1480,#1602,.T.);
#1602 = LINE('',#1603,#1604);
#1603 = CARTESIAN_POINT('',(119.6,92.,6.));
#1604 = VECTOR('',#1605,1.);
#1605 = DIRECTION('',(1.,0.,0.));
#1606 = ORIENTED_EDGE('',*,*,#505,.T.);
#1607 = ORIENTED_EDGE('',*,*,#1587,.T.);
#1608 = ORIENTED_EDGE('',*,*,#948,.T.);
#1609 = ORIENTED_EDGE('',*,*,#1610,.T.);
#1610 = EDGE_CURVE('',#949,#1611,#1613,.T.);
#1611 = VERTEX_POINT('',#1612);
#1612 = CARTESIAN_POINT('',(124.5,92.,14.9));
#1613 = LINE('',#1614,#1615);
#1614 = CARTESIAN_POINT('',(123.90635245901,92.,14.9));
#1615 = VECTOR('',#1616,1.);
#1616 = DIRECTION('',(1.,0.,0.));
#1617 = ORIENTED_EDGE('',*,*,#1618,.F.);
#1618 = EDGE_CURVE('',#822,#1611,#1619,.T.);
#1619 = LINE('',#1620,#1621);
#1620 = CARTESIAN_POINT('',(124.5,92.,12.875204918033));
#1621 = VECTOR('',#1622,1.);
#1622 = DIRECTION('',(0.,0.,-1.));
#1623 = ORIENTED_EDGE('',*,*,#821,.T.);
#1624 = ORIENTED_EDGE('',*,*,#1304,.F.);
#1625 = ORIENTED_EDGE('',*,*,#1319,.T.);
#1626 = ORIENTED_EDGE('',*,*,#1353,.F.);
#1627 = ORIENTED_EDGE('',*,*,#1487,.F.);
#1628 = PLANE('',#1629);
#1629 = AXIS2_PLACEMENT_3D('',#1630,#1631,#1632);
#1630 = CARTESIAN_POINT('',(124.91270491803,92.,10.850409836066));
#1631 = DIRECTION('',(0.,1.,0.));
#1632 = DIRECTION('',(0.,0.,1.));
#1633 = ADVANCED_FACE('',(#1634),#1645,.T.);
#1634 = FACE_BOUND('',#1635,.T.);
#1635 = EDGE_LOOP('',(#1636,#1637,#1638,#1639));
#1636 = ORIENTED_EDGE('',*,*,#709,.F.);
#1637 = ORIENTED_EDGE('',*,*,#545,.F.);
#1638 = ORIENTED_EDGE('',*,*,#489,.T.);
#1639 = ORIENTED_EDGE('',*,*,#1640,.T.);
#1640 = EDGE_CURVE('',#490,#710,#1641,.T.);
#1641 = LINE('',#1642,#1643);
#1642 = CARTESIAN_POINT('',(8.,17.,6.));
#1643 = VECTOR('',#1644,1.);
#1644 = DIRECTION('',(-1.,0.,0.));
#1645 = PLANE('',#1646);
#1646 = AXIS2_PLACEMENT_3D('',#1647,#1648,#1649);
#1647 = CARTESIAN_POINT('',(0.,0.,6.));
#1648 = DIRECTION('',(0.,0.,1.));
#1649 = DIRECTION('',(1.,0.,0.));
#1650 = ADVANCED_FACE('',(#1651),#1669,.F.);
#1651 = FACE_BOUND('',#1652,.F.);
#1652 = EDGE_LOOP('',(#1653,#1654,#1662,#1668));
#1653 = ORIENTED_EDGE('',*,*,#497,.F.);
#1654 = ORIENTED_EDGE('',*,*,#1655,.F.);
#1655 = EDGE_CURVE('',#1656,#490,#1658,.T.);
#1656 = VERTEX_POINT('',#1657);
#1657 = CARTESIAN_POINT('',(126.,17.,6.));
#1658 = LINE('',#1659,#1660);
#1659 = CARTESIAN_POINT('',(8.,17.,6.));
#1660 = VECTOR('',#1661,1.);
#1661 = DIRECTION('',(-1.,0.,0.));
#1662 = ORIENTED_EDGE('',*,*,#1663,.T.);
#1663 = EDGE_CURVE('',#1656,#1480,#1664,.T.);
#1664 = LINE('',#1665,#1666);
#1665 = CARTESIAN_POINT('',(126.,8.5,6.));
#1666 = VECTOR('',#1667,1.);
#1667 = DIRECTION('',(0.,1.,0.));
#1668 = ORIENTED_EDGE('',*,*,#1601,.F.);
#1669 = PLANE('',#1670);
#1670 = AXIS2_PLACEMENT_3D('',#1671,#1672,#1673);
#1671 = CARTESIAN_POINT('',(119.6,0.,6.));
#1672 = DIRECTION('',(0.,0.,1.));
#1673 = DIRECTION('',(1.,0.,0.));
#1674 = ADVANCED_FACE('',(#1675),#1700,.F.);
#1675 = FACE_BOUND('',#1676,.F.);
#1676 = EDGE_LOOP('',(#1677,#1685,#1686,#1694));
#1677 = ORIENTED_EDGE('',*,*,#1678,.T.);
#1678 = EDGE_CURVE('',#1679,#562,#1681,.T.);
#1679 = VERTEX_POINT('',#1680);
#1680 = CARTESIAN_POINT('',(10.,-2.22044604925E-16,1.));
#1681 = LINE('',#1682,#1683);
#1682 = CARTESIAN_POINT('',(10.,-1.7763568394E-15,0.));
#1683 = VECTOR('',#1684,1.);
#1684 = DIRECTION('',(0.,0.,1.));
#1685 = ORIENTED_EDGE('',*,*,#570,.F.);
#1686 = ORIENTED_EDGE('',*,*,#1687,.F.);
#1687 = EDGE_CURVE('',#1688,#536,#1690,.T.);
#1688 = VERTEX_POINT('',#1689);
#1689 = CARTESIAN_POINT('',(132.,-1.7763568394E-15,1.));
#1690 = LINE('',#1691,#1692);
#1691 = CARTESIAN_POINT('',(132.,-1.7763568394E-15,0.));
#1692 = VECTOR('',#1693,1.);
#1693 = DIRECTION('',(0.,0.,1.));
#1694 = ORIENTED_EDGE('',*,*,#1695,.T.);
#1695 = EDGE_CURVE('',#1688,#1679,#1696,.T.);
#1696 = LINE('',#1697,#1698);
#1697 = CARTESIAN_POINT('',(132.,-2.22044604925E-16,1.));
#1698 = VECTOR('',#1699,1.);
#1699 = DIRECTION('',(-1.,-0.,-0.));
#1700 = PLANE('',#1701);
#1701 = AXIS2_PLACEMENT_3D('',#1702,#1703,#1704);
#1702 = CARTESIAN_POINT('',(0.,0.,0.));
#1703 = DIRECTION('',(0.,1.,0.));
#1704 = DIRECTION('',(0.,0.,1.));
#1705 = ADVANCED_FACE('',(#1706),#1726,.T.);
#1706 = FACE_BOUND('',#1707,.F.);
#1707 = EDGE_LOOP('',(#1708,#1709,#1718,#1725));
#1708 = ORIENTED_EDGE('',*,*,#561,.F.);
#1709 = ORIENTED_EDGE('',*,*,#1710,.T.);
#1710 = EDGE_CURVE('',#562,#1711,#1713,.T.);
#1711 = VERTEX_POINT('',#1712);
#1712 = CARTESIAN_POINT('',(-2.22044604925E-16,10.,5.));
#1713 = CIRCLE('',#1714,10.);
#1714 = AXIS2_PLACEMENT_3D('',#1715,#1716,#1717);
#1715 = CARTESIAN_POINT('',(10.,10.,5.));
#1716 = DIRECTION('',(-0.,0.,-1.));
#1717 = DIRECTION('',(-1.7763568394E-16,-1.,0.));
#1718 = ORIENTED_EDGE('',*,*,#1719,.T.);
#1719 = EDGE_CURVE('',#1711,#685,#1720,.T.);
#1720 = CIRCLE('',#1721,1.);
#1721 = AXIS2_PLACEMENT_3D('',#1722,#1723,#1724);
#1722 = CARTESIAN_POINT('',(1.,10.,5.));
#1723 = DIRECTION('',(0.,1.,-0.));
#1724 = DIRECTION('',(-1.,0.,0.));
#1725 = ORIENTED_EDGE('',*,*,#692,.F.);
#1726 = TOROIDAL_SURFACE('',#1727,9.,1.);
#1727 = AXIS2_PLACEMENT_3D('',#1728,#1729,#1730);
#1728 = CARTESIAN_POINT('',(10.,10.,5.));
#1729 = DIRECTION('',(0.,0.,1.));
#1730 = DIRECTION('',(-1.7763568394E-16,-1.,0.));
#1731 = ADVANCED_FACE('',(#1732),#1751,.T.);
#1732 = FACE_BOUND('',#1733,.F.);
#1733 = EDGE_LOOP('',(#1734,#1742,#1749,#1750));
#1734 = ORIENTED_EDGE('',*,*,#1735,.F.);
#1735 = EDGE_CURVE('',#1736,#585,#1738,.T.);
#1736 = VERTEX_POINT('',#1737);
#1737 = CARTESIAN_POINT('',(142.,10.,1.));
#1738 = LINE('',#1739,#1740);
#1739 = CARTESIAN_POINT('',(142.,10.,0.));
#1740 = VECTOR('',#1741,1.);
#1741 = DIRECTION('',(0.,0.,1.));
#1742 = ORIENTED_EDGE('',*,*,#1743,.T.);
#1743 = EDGE_CURVE('',#1736,#1688,#1744,.T.);
#1744 = CIRCLE('',#1745,10.);
#1745 = AXIS2_PLACEMENT_3D('',#1746,#1747,#1748);
#1746 = CARTESIAN_POINT('',(132.,10.,1.));
#1747 = DIRECTION('',(0.,0.,-1.));
#1748 = DIRECTION('',(1.,0.,0.));
#1749 = ORIENTED_EDGE('',*,*,#1687,.T.);
#1750 = ORIENTED_EDGE('',*,*,#593,.F.);
#1751 = CYLINDRICAL_SURFACE('',#1752,10.);
#1752 = AXIS2_PLACEMENT_3D('',#1753,#1754,#1755);
#1753 = CARTESIAN_POINT('',(132.,10.,0.));
#1754 = DIRECTION('',(0.,0.,1.));
#1755 = DIRECTION('',(1.,0.,0.));
#1756 = ADVANCED_FACE('',(#1757),#1785,.T.);
#1757 = FACE_BOUND('',#1758,.F.);
#1758 = EDGE_LOOP('',(#1759,#1770,#1777,#1778));
#1759 = ORIENTED_EDGE('',*,*,#1760,.F.);
#1760 = EDGE_CURVE('',#1761,#1763,#1765,.T.);
#1761 = VERTEX_POINT('',#1762);
#1762 = CARTESIAN_POINT('',(132.,132.,5.));
#1763 = VERTEX_POINT('',#1764);
#1764 = CARTESIAN_POINT('',(132.,131.,6.));
#1765 = CIRCLE('',#1766,1.);
#1766 = AXIS2_PLACEMENT_3D('',#1767,#1768,#1769);
#1767 = CARTESIAN_POINT('',(132.,131.,5.));
#1768 = DIRECTION('',(1.,0.,0.));
#1769 = DIRECTION('',(0.,1.,0.));
#1770 = ORIENTED_EDGE('',*,*,#1771,.T.);
#1771 = EDGE_CURVE('',#1761,#611,#1772,.T.);
#1772 = CIRCLE('',#1773,10.);
#1773 = AXIS2_PLACEMENT_3D('',#1774,#1775,#1776);
#1774 = CARTESIAN_POINT('',(132.,122.,5.));
#1775 = DIRECTION('',(0.,0.,-1.));
#1776 = DIRECTION('',(0.,1.,0.));
#1777 = ORIENTED_EDGE('',*,*,#610,.T.);
#1778 = ORIENTED_EDGE('',*,*,#1779,.F.);
#1779 = EDGE_CURVE('',#1763,#613,#1780,.T.);
#1780 = CIRCLE('',#1781,9.);
#1781 = AXIS2_PLACEMENT_3D('',#1782,#1783,#1784);
#1782 = CARTESIAN_POINT('',(132.,122.,6.));
#1783 = DIRECTION('',(0.,0.,-1.));
#1784 = DIRECTION('',(0.,1.,0.));
#1785 = TOROIDAL_SURFACE('',#1786,9.,1.);
#1786 = AXIS2_PLACEMENT_3D('',#1787,#1788,#1789);
#1787 = CARTESIAN_POINT('',(132.,122.,5.));
#1788 = DIRECTION('',(0.,0.,1.));
#1789 = DIRECTION('',(0.,1.,0.));
#1790 = ADVANCED_FACE('',(#1791),#1809,.T.);
#1791 = FACE_BOUND('',#1792,.T.);
#1792 = EDGE_LOOP('',(#1793,#1794,#1802,#1808));
#1793 = ORIENTED_EDGE('',*,*,#1735,.F.);
#1794 = ORIENTED_EDGE('',*,*,#1795,.F.);
#1795 = EDGE_CURVE('',#1796,#1736,#1798,.T.);
#1796 = VERTEX_POINT('',#1797);
#1797 = CARTESIAN_POINT('',(142.,122.,1.));
#1798 = LINE('',#1799,#1800);
#1799 = CARTESIAN_POINT('',(142.,122.,1.));
#1800 = VECTOR('',#1801,1.);
#1801 = DIRECTION('',(-0.,-1.,-0.));
#1802 = ORIENTED_EDGE('',*,*,#1803,.T.);
#1803 = EDGE_CURVE('',#1796,#611,#1804,.T.);
#1804 = LINE('',#1805,#1806);
#1805 = CARTESIAN_POINT('',(142.,122.,0.));
#1806 = VECTOR('',#1807,1.);
#1807 = DIRECTION('',(0.,0.,1.));
#1808 = ORIENTED_EDGE('',*,*,#637,.T.);
#1809 = PLANE('',#1810);
#1810 = AXIS2_PLACEMENT_3D('',#1811,#1812,#1813);
#1811 = CARTESIAN_POINT('',(142.,0.,0.));
#1812 = DIRECTION('',(1.,0.,0.));
#1813 = DIRECTION('',(0.,0.,1.));
#1814 = ADVANCED_FACE('',(#1815),#1864,.F.);
#1815 = FACE_BOUND('',#1816,.F.);
#1816 = EDGE_LOOP('',(#1817,#1828,#1836,#1842,#1848,#1849,#1850,#1858));
#1817 = ORIENTED_EDGE('',*,*,#1818,.T.);
#1818 = EDGE_CURVE('',#1819,#1821,#1823,.T.);
#1819 = VERTEX_POINT('',#1820);
#1820 = CARTESIAN_POINT('',(142.,122.,6.));
#1821 = VERTEX_POINT('',#1822);
#1822 = CARTESIAN_POINT('',(132.,132.,6.));
#1823 = CIRCLE('',#1824,10.);
#1824 = AXIS2_PLACEMENT_3D('',#1825,#1826,#1827);
#1825 = CARTESIAN_POINT('',(132.,122.,6.));
#1826 = DIRECTION('',(-0.,0.,1.));
#1827 = DIRECTION('',(0.,-1.,0.));
#1828 = ORIENTED_EDGE('',*,*,#1829,.F.);
#1829 = EDGE_CURVE('',#1830,#1821,#1832,.T.);
#1830 = VERTEX_POINT('',#1831);
#1831 = CARTESIAN_POINT('',(126.,132.,6.));
#1832 = LINE('',#1833,#1834);
#1833 = CARTESIAN_POINT('',(126.,132.,6.));
#1834 = VECTOR('',#1835,1.);
#1835 = DIRECTION('',(1.,0.,0.));
#1836 = ORIENTED_EDGE('',*,*,#1837,.F.);
#1837 = EDGE_CURVE('',#1505,#1830,#1838,.T.);
#1838 = LINE('',#1839,#1840);
#1839 = CARTESIAN_POINT('',(126.,116.,6.));
#1840 = VECTOR('',#1841,1.);
#1841 = DIRECTION('',(0.,1.,0.));
#1842 = ORIENTED_EDGE('',*,*,#1843,.T.);
#1843 = EDGE_CURVE('',#1505,#1763,#1844,.T.);
#1844 = LINE('',#1845,#1846);
#1845 = CARTESIAN_POINT('',(10.,131.,6.));
#1846 = VECTOR('',#1847,1.);
#1847 = DIRECTION('',(1.,0.,0.));
#1848 = ORIENTED_EDGE('',*,*,#1779,.T.);
#1849 = ORIENTED_EDGE('',*,*,#621,.T.);
#1850 = ORIENTED_EDGE('',*,*,#1851,.T.);
#1851 = EDGE_CURVE('',#622,#1852,#1854,.T.);
#1852 = VERTEX_POINT('',#1853);
#1853 = CARTESIAN_POINT('',(142.,116.,6.));
#1854 = LINE('',#1855,#1856);
#1855 = CARTESIAN_POINT('',(126.,116.,6.));
#1856 = VECTOR('',#1857,1.);
#1857 = DIRECTION('',(1.,0.,0.));
#1858 = ORIENTED_EDGE('',*,*,#1859,.T.);
#1859 = EDGE_CURVE('',#1852,#1819,#1860,.T.);
#1860 = LINE('',#1861,#1862);
#1861 = CARTESIAN_POINT('',(142.,116.,6.));
#1862 = VECTOR('',#1863,1.);
#1863 = DIRECTION('',(0.,1.,0.));
#1864 = PLANE('',#1865);
#1865 = AXIS2_PLACEMENT_3D('',#1866,#1867,#1868);
#1866 = CARTESIAN_POINT('',(126.,116.,6.));
#1867 = DIRECTION('',(0.,0.,1.));
#1868 = DIRECTION('',(1.,0.,0.));
#1869 = ADVANCED_FACE('',(#1870),#1888,.F.);
#1870 = FACE_BOUND('',#1871,.F.);
#1871 = EDGE_LOOP('',(#1872,#1873,#1874,#1882));
#1872 = ORIENTED_EDGE('',*,*,#1252,.F.);
#1873 = ORIENTED_EDGE('',*,*,#668,.T.);
#1874 = ORIENTED_EDGE('',*,*,#1875,.T.);
#1875 = EDGE_CURVE('',#669,#1876,#1878,.T.);
#1876 = VERTEX_POINT('',#1877);
#1877 = CARTESIAN_POINT('',(-2.22044604925E-16,16.,59.));
#1878 = LINE('',#1879,#1880);
#1879 = CARTESIAN_POINT('',(0.,16.,6.));
#1880 = VECTOR('',#1881,1.);
#1881 = DIRECTION('',(0.,0.,1.));
#1882 = ORIENTED_EDGE('',*,*,#1883,.F.);
#1883 = EDGE_CURVE('',#1253,#1876,#1884,.T.);
#1884 = LINE('',#1885,#1886);
#1885 = CARTESIAN_POINT('',(-2.22044604925E-16,10.,59.));
#1886 = VECTOR('',#1887,1.);
#1887 = DIRECTION('',(0.,1.,0.));
#1888 = PLANE('',#1889);
#1889 = AXIS2_PLACEMENT_3D('',#1890,#1891,#1892);
#1890 = CARTESIAN_POINT('',(0.,0.,6.));
#1891 = DIRECTION('',(1.,0.,0.));
#1892 = DIRECTION('',(0.,0.,1.));
#1893 = ADVANCED_FACE('',(#1894),#1929,.T.);
#1894 = FACE_BOUND('',#1895,.T.);
#1895 = EDGE_LOOP('',(#1896,#1904,#1905,#1906,#1907,#1913,#1914,#1915,
    #1923));
#1896 = ORIENTED_EDGE('',*,*,#1897,.T.);
#1897 = EDGE_CURVE('',#1898,#1376,#1900,.T.);
#1898 = VERTEX_POINT('',#1899);
#1899 = CARTESIAN_POINT('',(12.,16.,8.));
#1900 = LINE('',#1901,#1902);
#1901 = CARTESIAN_POINT('',(12.,16.,6.));
#1902 = VECTOR('',#1903,1.);
#1903 = DIRECTION('',(0.,0.,-1.));
#1904 = ORIENTED_EDGE('',*,*,#1375,.F.);
#1905 = ORIENTED_EDGE('',*,*,#676,.F.);
#1906 = ORIENTED_EDGE('',*,*,#1875,.T.);
#1907 = ORIENTED_EDGE('',*,*,#1908,.T.);
#1908 = EDGE_CURVE('',#1876,#1198,#1909,.T.);
#1909 = LINE('',#1910,#1911);
#1910 = CARTESIAN_POINT('',(0.,16.,59.));
#1911 = VECTOR('',#1912,1.);
#1912 = DIRECTION('',(1.,0.,0.));
#1913 = ORIENTED_EDGE('',*,*,#1197,.F.);
#1914 = ORIENTED_EDGE('',*,*,#1133,.F.);
#1915 = ORIENTED_EDGE('',*,*,#1916,.T.);
#1916 = EDGE_CURVE('',#1124,#1917,#1919,.T.);
#1917 = VERTEX_POINT('',#1918);
#1918 = CARTESIAN_POINT('',(14.3,16.,8.));
#1919 = LINE('',#1920,#1921);
#1920 = CARTESIAN_POINT('',(14.3,16.,10.5));
#1921 = VECTOR('',#1922,1.);
#1922 = DIRECTION('',(0.,0.,-1.));
#1923 = ORIENTED_EDGE('',*,*,#1924,.F.);
#1924 = EDGE_CURVE('',#1898,#1917,#1925,.T.);
#1925 = LINE('',#1926,#1927);
#1926 = CARTESIAN_POINT('',(6.,16.,8.));
#1927 = VECTOR('',#1928,1.);
#1928 = DIRECTION('',(1.,0.,0.));
#1929 = PLANE('',#1930);
#1930 = AXIS2_PLACEMENT_3D('',#1931,#1932,#1933);
#1931 = CARTESIAN_POINT('',(0.,16.,6.));
#1932 = DIRECTION('',(0.,1.,0.));
#1933 = DIRECTION('',(0.,0.,1.));
#1934 = ADVANCED_FACE('',(#1935),#1963,.T.);
#1935 = FACE_BOUND('',#1936,.T.);
#1936 = EDGE_LOOP('',(#1937,#1938,#1939,#1940,#1948,#1957));
#1937 = ORIENTED_EDGE('',*,*,#1719,.T.);
#1938 = ORIENTED_EDGE('',*,*,#684,.T.);
#1939 = ORIENTED_EDGE('',*,*,#1367,.T.);
#1940 = ORIENTED_EDGE('',*,*,#1941,.T.);
#1941 = EDGE_CURVE('',#1368,#1942,#1944,.T.);
#1942 = VERTEX_POINT('',#1943);
#1943 = CARTESIAN_POINT('',(1.,122.,6.));
#1944 = LINE('',#1945,#1946);
#1945 = CARTESIAN_POINT('',(1.,10.,6.));
#1946 = VECTOR('',#1947,1.);
#1947 = DIRECTION('',(0.,1.,0.));
#1948 = ORIENTED_EDGE('',*,*,#1949,.F.);
#1949 = EDGE_CURVE('',#1950,#1942,#1952,.T.);
#1950 = VERTEX_POINT('',#1951);
#1951 = CARTESIAN_POINT('',(-2.22044604925E-16,122.,5.));
#1952 = CIRCLE('',#1953,1.);
#1953 = AXIS2_PLACEMENT_3D('',#1954,#1955,#1956);
#1954 = CARTESIAN_POINT('',(1.,122.,5.));
#1955 = DIRECTION('',(0.,1.,-0.));
#1956 = DIRECTION('',(-1.,0.,0.));
#1957 = ORIENTED_EDGE('',*,*,#1958,.F.);
#1958 = EDGE_CURVE('',#1711,#1950,#1959,.T.);
#1959 = LINE('',#1960,#1961);
#1960 = CARTESIAN_POINT('',(-2.22044604925E-16,10.,5.));
#1961 = VECTOR('',#1962,1.);
#1962 = DIRECTION('',(0.,1.,0.));
#1963 = CYLINDRICAL_SURFACE('',#1964,1.);
#1964 = AXIS2_PLACEMENT_3D('',#1965,#1966,#1967);
#1965 = CARTESIAN_POINT('',(1.,10.,5.));
#1966 = DIRECTION('',(0.,1.,0.));
#1967 = DIRECTION('',(-1.,0.,0.));
#1968 = ADVANCED_FACE('',(#1969),#1985,.T.);
#1969 = FACE_BOUND('',#1970,.T.);
#1970 = EDGE_LOOP('',(#1971,#1977,#1978,#1984));
#1971 = ORIENTED_EDGE('',*,*,#1972,.F.);
#1972 = EDGE_CURVE('',#1014,#726,#1973,.T.);
#1973 = LINE('',#1974,#1975);
#1974 = CARTESIAN_POINT('',(12.,92.,8.));
#1975 = VECTOR('',#1976,1.);
#1976 = DIRECTION('',(1.,0.,0.));
#1977 = ORIENTED_EDGE('',*,*,#1013,.F.);
#1978 = ORIENTED_EDGE('',*,*,#1979,.T.);
#1979 = EDGE_CURVE('',#1006,#734,#1980,.T.);
#1980 = LINE('',#1981,#1982);
#1981 = CARTESIAN_POINT('',(15.3,2.,8.));
#1982 = VECTOR('',#1983,1.);
#1983 = DIRECTION('',(1.,0.,0.));
#1984 = ORIENTED_EDGE('',*,*,#733,.T.);
#1985 = PLANE('',#1986);
#1986 = AXIS2_PLACEMENT_3D('',#1987,#1988,#1989);
#1987 = CARTESIAN_POINT('',(12.,0.,8.));
#1988 = DIRECTION('',(0.,0.,1.));
#1989 = DIRECTION('',(1.,0.,0.));
#1990 = ADVANCED_FACE('',(#1991),#2040,.T.);
#1991 = FACE_BOUND('',#1992,.T.);
#1992 = EDGE_LOOP('',(#1993,#1994,#2002,#2010,#2016,#2017,#2025,#2031,
    #2032,#2033,#2034));
#1993 = ORIENTED_EDGE('',*,*,#1391,.F.);
#1994 = ORIENTED_EDGE('',*,*,#1995,.T.);
#1995 = EDGE_CURVE('',#1384,#1996,#1998,.T.);
#1996 = VERTEX_POINT('',#1997);
#1997 = CARTESIAN_POINT('',(12.,92.,8.));
#1998 = LINE('',#1999,#2000);
#1999 = CARTESIAN_POINT('',(12.,92.,6.));
#2000 = VECTOR('',#2001,1.);
#2001 = DIRECTION('',(0.,0.,1.));
#2002 = ORIENTED_EDGE('',*,*,#2003,.T.);
#2003 = EDGE_CURVE('',#1996,#2004,#2006,.T.);
#2004 = VERTEX_POINT('',#2005);
#2005 = CARTESIAN_POINT('',(14.3,92.,8.));
#2006 = LINE('',#2007,#2008);
#2007 = CARTESIAN_POINT('',(12.,92.,8.));
#2008 = VECTOR('',#2009,1.);
#2009 = DIRECTION('',(1.,0.,0.));
#2010 = ORIENTED_EDGE('',*,*,#2011,.T.);
#2011 = EDGE_CURVE('',#2004,#1126,#2012,.T.);
#2012 = LINE('',#2013,#2014);
#2013 = CARTESIAN_POINT('',(14.3,92.,8.));
#2014 = VECTOR('',#2015,1.);
#2015 = DIRECTION('',(0.,0.,1.));
#2016 = ORIENTED_EDGE('',*,*,#1181,.T.);
#2017 = ORIENTED_EDGE('',*,*,#2018,.T.);
#2018 = EDGE_CURVE('',#1174,#2019,#2021,.T.);
#2019 = VERTEX_POINT('',#2020);
#2020 = CARTESIAN_POINT('',(17.5,92.,14.9));
#2021 = LINE('',#2022,#2023);
#2022 = CARTESIAN_POINT('',(17.5,92.,12.875204918033));
#2023 = VECTOR('',#2024,1.);
#2024 = DIRECTION('',(0.,0.,-1.));
#2025 = ORIENTED_EDGE('',*,*,#2026,.T.);
#2026 = EDGE_CURVE('',#2019,#1022,#2027,.T.);
#2027 = LINE('',#2028,#2029);
#2028 = CARTESIAN_POINT('',(17.293647540984,92.,14.9));
#2029 = VECTOR('',#2030,1.);
#2030 = DIRECTION('',(1.,0.,0.));
#2031 = ORIENTED_EDGE('',*,*,#1021,.F.);
#2032 = ORIENTED_EDGE('',*,*,#1972,.T.);
#2033 = ORIENTED_EDGE('',*,*,#725,.F.);
#2034 = ORIENTED_EDGE('',*,*,#2035,.F.);
#2035 = EDGE_CURVE('',#1392,#718,#2036,.T.);
#2036 = LINE('',#2037,#2038);
#2037 = CARTESIAN_POINT('',(12.,92.,6.));
#2038 = VECTOR('',#2039,1.);
#2039 = DIRECTION('',(1.,0.,0.));
#2040 = PLANE('',#2041);
#2041 = AXIS2_PLACEMENT_3D('',#2042,#2043,#2044);
#2042 = CARTESIAN_POINT('',(17.087295081967,92.,10.850409836066));
#2043 = DIRECTION('',(0.,1.,0.));
#2044 = DIRECTION('',(0.,0.,1.));
#2045 = ADVANCED_FACE('',(#2046),#2064,.F.);
#2046 = FACE_BOUND('',#2047,.F.);
#2047 = EDGE_LOOP('',(#2048,#2049,#2057,#2063));
#2048 = ORIENTED_EDGE('',*,*,#2035,.F.);
#2049 = ORIENTED_EDGE('',*,*,#2050,.F.);
#2050 = EDGE_CURVE('',#2051,#1392,#2053,.T.);
#2051 = VERTEX_POINT('',#2052);
#2052 = CARTESIAN_POINT('',(16.,17.,6.));
#2053 = LINE('',#2054,#2055);
#2054 = CARTESIAN_POINT('',(16.,8.5,6.));
#2055 = VECTOR('',#2056,1.);
#2056 = DIRECTION('',(0.,1.,0.));
#2057 = ORIENTED_EDGE('',*,*,#2058,.F.);
#2058 = EDGE_CURVE('',#710,#2051,#2059,.T.);
#2059 = LINE('',#2060,#2061);
#2060 = CARTESIAN_POINT('',(8.,17.,6.));
#2061 = VECTOR('',#2062,1.);
#2062 = DIRECTION('',(-1.,0.,0.));
#2063 = ORIENTED_EDGE('',*,*,#717,.T.);
#2064 = PLANE('',#2065);
#2065 = AXIS2_PLACEMENT_3D('',#2066,#2067,#2068);
#2066 = CARTESIAN_POINT('',(12.,0.,6.));
#2067 = DIRECTION('',(0.,0.,1.));
#2068 = DIRECTION('',(1.,0.,0.));
#2069 = ADVANCED_FACE('',(#2070),#2078,.T.);
#2070 = FACE_BOUND('',#2071,.T.);
#2071 = EDGE_LOOP('',(#2072,#2073,#2074,#2075,#2076,#2077));
#2072 = ORIENTED_EDGE('',*,*,#1979,.F.);
#2073 = ORIENTED_EDGE('',*,*,#1005,.T.);
#2074 = ORIENTED_EDGE('',*,*,#989,.T.);
#2075 = ORIENTED_EDGE('',*,*,#932,.F.);
#2076 = ORIENTED_EDGE('',*,*,#1580,.F.);
#2077 = ORIENTED_EDGE('',*,*,#758,.F.);
#2078 = PLANE('',#2079);
#2079 = AXIS2_PLACEMENT_3D('',#2080,#2081,#2082);
#2080 = CARTESIAN_POINT('',(15.3,2.,8.));
#2081 = DIRECTION('',(0.,1.,0.));
#2082 = DIRECTION('',(0.,0.,1.));
#2083 = ADVANCED_FACE('',(#2084),#2095,.T.);
#2084 = FACE_BOUND('',#2085,.T.);
#2085 = EDGE_LOOP('',(#2086,#2092,#2093,#2094));
#2086 = ORIENTED_EDGE('',*,*,#2087,.T.);
#2087 = EDGE_CURVE('',#797,#884,#2088,.T.);
#2088 = LINE('',#2089,#2090);
#2089 = CARTESIAN_POINT('',(122.9,92.,12.875204918033));
#2090 = VECTOR('',#2091,1.);
#2091 = DIRECTION('',(0.,0.,-1.));
#2092 = ORIENTED_EDGE('',*,*,#883,.F.);
#2093 = ORIENTED_EDGE('',*,*,#868,.T.);
#2094 = ORIENTED_EDGE('',*,*,#794,.T.);
#2095 = PLANE('',#2096);
#2096 = AXIS2_PLACEMENT_3D('',#2097,#2098,#2099);
#2097 = CARTESIAN_POINT('',(124.91270491803,92.,10.850409836066));
#2098 = DIRECTION('',(0.,1.,0.));
#2099 = DIRECTION('',(0.,0.,1.));
#2100 = ADVANCED_FACE('',(#2101),#2112,.T.);
#2101 = FACE_BOUND('',#2102,.T.);
#2102 = EDGE_LOOP('',(#2103,#2109,#2110,#2111));
#2103 = ORIENTED_EDGE('',*,*,#2104,.F.);
#2104 = EDGE_CURVE('',#902,#838,#2105,.T.);
#2105 = LINE('',#2106,#2107);
#2106 = CARTESIAN_POINT('',(122.9,83.7,14.9));
#2107 = VECTOR('',#2108,1.);
#2108 = DIRECTION('',(0.,0.,1.));
#2109 = ORIENTED_EDGE('',*,*,#909,.T.);
#2110 = ORIENTED_EDGE('',*,*,#2087,.F.);
#2111 = ORIENTED_EDGE('',*,*,#845,.F.);
#2112 = PLANE('',#2113);
#2113 = AXIS2_PLACEMENT_3D('',#2114,#2115,#2116);
#2114 = CARTESIAN_POINT('',(122.9,83.7,14.9));
#2115 = DIRECTION('',(1.,0.,0.));
#2116 = DIRECTION('',(0.,0.,1.));
#2117 = ADVANCED_FACE('',(#2118),#2138,.T.);
#2118 = FACE_BOUND('',#2119,.T.);
#2119 = EDGE_LOOP('',(#2120,#2128,#2129,#2130,#2131,#2132));
#2120 = ORIENTED_EDGE('',*,*,#2121,.F.);
#2121 = EDGE_CURVE('',#957,#2122,#2124,.T.);
#2122 = VERTEX_POINT('',#2123);
#2123 = CARTESIAN_POINT('',(124.5,83.7,14.9));
#2124 = LINE('',#2125,#2126);
#2125 = CARTESIAN_POINT('',(122.9,83.7,14.9));
#2126 = VECTOR('',#2127,1.);
#2127 = DIRECTION('',(1.,0.,0.));
#2128 = ORIENTED_EDGE('',*,*,#964,.T.);
#2129 = ORIENTED_EDGE('',*,*,#901,.T.);
#2130 = ORIENTED_EDGE('',*,*,#2104,.T.);
#2131 = ORIENTED_EDGE('',*,*,#837,.F.);
#2132 = ORIENTED_EDGE('',*,*,#2133,.F.);
#2133 = EDGE_CURVE('',#2122,#830,#2134,.T.);
#2134 = LINE('',#2135,#2136);
#2135 = CARTESIAN_POINT('',(124.5,83.7,14.9));
#2136 = VECTOR('',#2137,1.);
#2137 = DIRECTION('',(0.,0.,1.));
#2138 = PLANE('',#2139);
#2139 = AXIS2_PLACEMENT_3D('',#2140,#2141,#2142);
#2140 = CARTESIAN_POINT('',(122.9,83.7,14.9));
#2141 = DIRECTION('',(0.,1.,0.));
#2142 = DIRECTION('',(0.,0.,1.));
#2143 = ADVANCED_FACE('',(#2144),#2155,.F.);
#2144 = FACE_BOUND('',#2145,.F.);
#2145 = EDGE_LOOP('',(#2146,#2147,#2153,#2154));
#2146 = ORIENTED_EDGE('',*,*,#2133,.F.);
#2147 = ORIENTED_EDGE('',*,*,#2148,.T.);
#2148 = EDGE_CURVE('',#2122,#1611,#2149,.T.);
#2149 = LINE('',#2150,#2151);
#2150 = CARTESIAN_POINT('',(124.5,83.7,14.9));
#2151 = VECTOR('',#2152,1.);
#2152 = DIRECTION('',(0.,1.,0.));
#2153 = ORIENTED_EDGE('',*,*,#1618,.F.);
#2154 = ORIENTED_EDGE('',*,*,#829,.F.);
#2155 = PLANE('',#2156);
#2156 = AXIS2_PLACEMENT_3D('',#2157,#2158,#2159);
#2157 = CARTESIAN_POINT('',(124.5,83.7,14.9));
#2158 = DIRECTION('',(1.,0.,0.));
#2159 = DIRECTION('',(0.,0.,1.));
#2160 = ADVANCED_FACE('',(#2161),#2167,.T.);
#2161 = FACE_BOUND('',#2162,.T.);
#2162 = EDGE_LOOP('',(#2163,#2164,#2165,#2166));
#2163 = ORIENTED_EDGE('',*,*,#956,.T.);
#2164 = ORIENTED_EDGE('',*,*,#2121,.T.);
#2165 = ORIENTED_EDGE('',*,*,#2148,.T.);
#2166 = ORIENTED_EDGE('',*,*,#1610,.F.);
#2167 = PLANE('',#2168);
#2168 = AXIS2_PLACEMENT_3D('',#2169,#2170,#2171);
#2169 = CARTESIAN_POINT('',(122.9,83.7,14.9));
#2170 = DIRECTION('',(0.,0.,1.));
#2171 = DIRECTION('',(1.,0.,0.));
#2172 = ADVANCED_FACE('',(#2173),#2198,.T.);
#2173 = FACE_BOUND('',#2174,.T.);
#2174 = EDGE_LOOP('',(#2175,#2183,#2189,#2190,#2196,#2197));
#2175 = ORIENTED_EDGE('',*,*,#2176,.F.);
#2176 = EDGE_CURVE('',#2177,#1030,#2179,.T.);
#2177 = VERTEX_POINT('',#2178);
#2178 = CARTESIAN_POINT('',(17.5,83.7,14.9));
#2179 = LINE('',#2180,#2181);
#2180 = CARTESIAN_POINT('',(17.5,83.7,14.9));
#2181 = VECTOR('',#2182,1.);
#2182 = DIRECTION('',(1.,0.,0.));
#2183 = ORIENTED_EDGE('',*,*,#2184,.T.);
#2184 = EDGE_CURVE('',#2177,#1166,#2185,.T.);
#2185 = LINE('',#2186,#2187);
#2186 = CARTESIAN_POINT('',(17.5,83.7,14.9));
#2187 = VECTOR('',#2188,1.);
#2188 = DIRECTION('',(0.,0.,1.));
#2189 = ORIENTED_EDGE('',*,*,#1165,.F.);
#2190 = ORIENTED_EDGE('',*,*,#2191,.F.);
#2191 = EDGE_CURVE('',#1060,#1158,#2192,.T.);
#2192 = LINE('',#2193,#2194);
#2193 = CARTESIAN_POINT('',(19.1,83.7,14.9));
#2194 = VECTOR('',#2195,1.);
#2195 = DIRECTION('',(0.,0.,1.));
#2196 = ORIENTED_EDGE('',*,*,#1059,.T.);
#2197 = ORIENTED_EDGE('',*,*,#1037,.F.);
#2198 = PLANE('',#2199);
#2199 = AXIS2_PLACEMENT_3D('',#2200,#2201,#2202);
#2200 = CARTESIAN_POINT('',(17.5,83.7,14.9));
#2201 = DIRECTION('',(0.,1.,0.));
#2202 = DIRECTION('',(0.,0.,1.));
#2203 = ADVANCED_FACE('',(#2204),#2215,.T.);
#2204 = FACE_BOUND('',#2205,.T.);
#2205 = EDGE_LOOP('',(#2206,#2212,#2213,#2214));
#2206 = ORIENTED_EDGE('',*,*,#2207,.F.);
#2207 = EDGE_CURVE('',#2177,#2019,#2208,.T.);
#2208 = LINE('',#2209,#2210);
#2209 = CARTESIAN_POINT('',(17.5,83.7,14.9));
#2210 = VECTOR('',#2211,1.);
#2211 = DIRECTION('',(0.,1.,0.));
#2212 = ORIENTED_EDGE('',*,*,#2176,.T.);
#2213 = ORIENTED_EDGE('',*,*,#1029,.F.);
#2214 = ORIENTED_EDGE('',*,*,#2026,.F.);
#2215 = PLANE('',#2216);
#2216 = AXIS2_PLACEMENT_3D('',#2217,#2218,#2219);
#2217 = CARTESIAN_POINT('',(17.5,83.7,14.9));
#2218 = DIRECTION('',(0.,0.,1.));
#2219 = DIRECTION('',(1.,0.,0.));
#2220 = ADVANCED_FACE('',(#2221),#2232,.F.);
#2221 = FACE_BOUND('',#2222,.F.);
#2222 = EDGE_LOOP('',(#2223,#2224,#2225,#2231));
#2223 = ORIENTED_EDGE('',*,*,#2191,.F.);
#2224 = ORIENTED_EDGE('',*,*,#1085,.T.);
#2225 = ORIENTED_EDGE('',*,*,#2226,.F.);
#2226 = EDGE_CURVE('',#1150,#1078,#2227,.T.);
#2227 = LINE('',#2228,#2229);
#2228 = CARTESIAN_POINT('',(19.1,92.,12.875204918033));
#2229 = VECTOR('',#2230,1.);
#2230 = DIRECTION('',(0.,0.,-1.));
#2231 = ORIENTED_EDGE('',*,*,#1157,.F.);
#2232 = PLANE('',#2233);
#2233 = AXIS2_PLACEMENT_3D('',#2234,#2235,#2236);
#2234 = CARTESIAN_POINT('',(19.1,83.7,14.9));
#2235 = DIRECTION('',(1.,0.,0.));
#2236 = DIRECTION('',(0.,0.,1.));
#2237 = ADVANCED_FACE('',(#2238),#2244,.T.);
#2238 = FACE_BOUND('',#2239,.T.);
#2239 = EDGE_LOOP('',(#2240,#2241,#2242,#2243));
#2240 = ORIENTED_EDGE('',*,*,#2226,.F.);
#2241 = ORIENTED_EDGE('',*,*,#1149,.T.);
#2242 = ORIENTED_EDGE('',*,*,#1101,.F.);
#2243 = ORIENTED_EDGE('',*,*,#1077,.F.);
#2244 = PLANE('',#2245);
#2245 = AXIS2_PLACEMENT_3D('',#2246,#2247,#2248);
#2246 = CARTESIAN_POINT('',(17.087295081967,92.,10.850409836066));
#2247 = DIRECTION('',(0.,1.,0.));
#2248 = DIRECTION('',(0.,0.,1.));
#2249 = ADVANCED_FACE('',(#2250),#2261,.T.);
#2250 = FACE_BOUND('',#2251,.T.);
#2251 = EDGE_LOOP('',(#2252,#2253,#2254,#2255));
#2252 = ORIENTED_EDGE('',*,*,#1916,.F.);
#2253 = ORIENTED_EDGE('',*,*,#1123,.T.);
#2254 = ORIENTED_EDGE('',*,*,#2011,.F.);
#2255 = ORIENTED_EDGE('',*,*,#2256,.F.);
#2256 = EDGE_CURVE('',#1917,#2004,#2257,.T.);
#2257 = LINE('',#2258,#2259);
#2258 = CARTESIAN_POINT('',(14.3,0.,8.));
#2259 = VECTOR('',#2260,1.);
#2260 = DIRECTION('',(0.,1.,0.));
#2261 = PLANE('',#2262);
#2262 = AXIS2_PLACEMENT_3D('',#2263,#2264,#2265);
#2263 = CARTESIAN_POINT('',(14.3,54.,12.7));
#2264 = DIRECTION('',(-1.,-0.,-0.));
#2265 = DIRECTION('',(0.,0.,-1.));
#2266 = ADVANCED_FACE('',(#2267),#2273,.T.);
#2267 = FACE_BOUND('',#2268,.T.);
#2268 = EDGE_LOOP('',(#2269,#2270,#2271,#2272));
#2269 = ORIENTED_EDGE('',*,*,#2184,.F.);
#2270 = ORIENTED_EDGE('',*,*,#2207,.T.);
#2271 = ORIENTED_EDGE('',*,*,#2018,.F.);
#2272 = ORIENTED_EDGE('',*,*,#1173,.F.);
#2273 = PLANE('',#2274);
#2274 = AXIS2_PLACEMENT_3D('',#2275,#2276,#2277);
#2275 = CARTESIAN_POINT('',(17.5,83.7,14.9));
#2276 = DIRECTION('',(1.,0.,0.));
#2277 = DIRECTION('',(0.,0.,1.));
#2278 = ADVANCED_FACE('',(#2279),#2298,.T.);
#2279 = FACE_BOUND('',#2280,.T.);
#2280 = EDGE_LOOP('',(#2281,#2282,#2283,#2292));
#2281 = ORIENTED_EDGE('',*,*,#1219,.F.);
#2282 = ORIENTED_EDGE('',*,*,#1205,.T.);
#2283 = ORIENTED_EDGE('',*,*,#2284,.F.);
#2284 = EDGE_CURVE('',#2285,#1198,#2287,.T.);
#2285 = VERTEX_POINT('',#2286);
#2286 = CARTESIAN_POINT('',(15.,15.,60.));
#2287 = ELLIPSE('',#2288,1.414213562373,1.);
#2288 = AXIS2_PLACEMENT_3D('',#2289,#2290,#2291);
#2289 = CARTESIAN_POINT('',(15.,15.,59.));
#2290 = DIRECTION('',(-0.707106781187,0.707106781187,0.));
#2291 = DIRECTION('',(0.707106781187,0.707106781187,0.));
#2292 = ORIENTED_EDGE('',*,*,#2293,.F.);
#2293 = EDGE_CURVE('',#1220,#2285,#2294,.T.);
#2294 = LINE('',#2295,#2296);
#2295 = CARTESIAN_POINT('',(15.,0.,60.));
#2296 = VECTOR('',#2297,1.);
#2297 = DIRECTION('',(0.,1.,0.));
#2298 = CYLINDRICAL_SURFACE('',#2299,1.);
#2299 = AXIS2_PLACEMENT_3D('',#2300,#2301,#2302);
#2300 = CARTESIAN_POINT('',(15.,0.,59.));
#2301 = DIRECTION('',(0.,1.,0.));
#2302 = DIRECTION('',(0.,0.,1.));
#2303 = ADVANCED_FACE('',(#2304,#2331),#2342,.T.);
#2304 = FACE_BOUND('',#2305,.T.);
#2305 = EDGE_LOOP('',(#2306,#2307,#2308,#2316,#2324));
#2306 = ORIENTED_EDGE('',*,*,#1228,.F.);
#2307 = ORIENTED_EDGE('',*,*,#2293,.T.);
#2308 = ORIENTED_EDGE('',*,*,#2309,.F.);
#2309 = EDGE_CURVE('',#2310,#2285,#2312,.T.);
#2310 = VERTEX_POINT('',#2311);
#2311 = CARTESIAN_POINT('',(1.,15.,60.));
#2312 = LINE('',#2313,#2314);
#2313 = CARTESIAN_POINT('',(0.,15.,60.));
#2314 = VECTOR('',#2315,1.);
#2315 = DIRECTION('',(1.,0.,0.));
#2316 = ORIENTED_EDGE('',*,*,#2317,.F.);
#2317 = EDGE_CURVE('',#2318,#2310,#2320,.T.);
#2318 = VERTEX_POINT('',#2319);
#2319 = CARTESIAN_POINT('',(1.,10.,60.));
#2320 = LINE('',#2321,#2322);
#2321 = CARTESIAN_POINT('',(1.,10.,60.));
#2322 = VECTOR('',#2323,1.);
#2323 = DIRECTION('',(0.,1.,0.));
#2324 = ORIENTED_EDGE('',*,*,#2325,.F.);
#2325 = EDGE_CURVE('',#1229,#2318,#2326,.T.);
#2326 = CIRCLE('',#2327,9.);
#2327 = AXIS2_PLACEMENT_3D('',#2328,#2329,#2330);
#2328 = CARTESIAN_POINT('',(10.,10.,60.));
#2329 = DIRECTION('',(-0.,0.,-1.));
#2330 = DIRECTION('',(-1.7763568394E-16,-1.,0.));
#2331 = FACE_BOUND('',#2332,.T.);
#2332 = EDGE_LOOP('',(#2333));
#2333 = ORIENTED_EDGE('',*,*,#2334,.F.);
#2334 = EDGE_CURVE('',#2335,#2335,#2337,.T.);
#2335 = VERTEX_POINT('',#2336);
#2336 = CARTESIAN_POINT('',(11.4,8.,60.));
#2337 = CIRCLE('',#2338,3.4);
#2338 = AXIS2_PLACEMENT_3D('',#2339,#2340,#2341);
#2339 = CARTESIAN_POINT('',(8.,8.,60.));
#2340 = DIRECTION('',(0.,0.,1.));
#2341 = DIRECTION('',(1.,0.,0.));
#2342 = PLANE('',#2343);
#2343 = AXIS2_PLACEMENT_3D('',#2344,#2345,#2346);
#2344 = CARTESIAN_POINT('',(0.,0.,60.));
#2345 = DIRECTION('',(0.,0.,1.));
#2346 = DIRECTION('',(1.,0.,0.));
#2347 = ADVANCED_FACE('',(#2348),#2360,.T.);
#2348 = FACE_BOUND('',#2349,.F.);
#2349 = EDGE_LOOP('',(#2350,#2351,#2352,#2359));
#2350 = ORIENTED_EDGE('',*,*,#1236,.F.);
#2351 = ORIENTED_EDGE('',*,*,#1262,.T.);
#2352 = ORIENTED_EDGE('',*,*,#2353,.T.);
#2353 = EDGE_CURVE('',#1253,#2318,#2354,.T.);
#2354 = CIRCLE('',#2355,1.);
#2355 = AXIS2_PLACEMENT_3D('',#2356,#2357,#2358);
#2356 = CARTESIAN_POINT('',(1.,10.,59.));
#2357 = DIRECTION('',(-1.056412609424E-16,1.,0.));
#2358 = DIRECTION('',(-1.,-1.056412609424E-16,0.));
#2359 = ORIENTED_EDGE('',*,*,#2325,.F.);
#2360 = TOROIDAL_SURFACE('',#2361,9.,1.);
#2361 = AXIS2_PLACEMENT_3D('',#2362,#2363,#2364);
#2362 = CARTESIAN_POINT('',(10.,10.,59.));
#2363 = DIRECTION('',(0.,0.,1.));
#2364 = DIRECTION('',(-1.7763568394E-16,-1.,0.));
#2365 = ADVANCED_FACE('',(#2366),#2399,.F.);
#2366 = FACE_BOUND('',#2367,.F.);
#2367 = EDGE_LOOP('',(#2368,#2376,#2377,#2385,#2393));
#2368 = ORIENTED_EDGE('',*,*,#2369,.F.);
#2369 = EDGE_CURVE('',#1521,#2370,#2372,.T.);
#2370 = VERTEX_POINT('',#2371);
#2371 = CARTESIAN_POINT('',(16.,116.,59.));
#2372 = LINE('',#2373,#2374);
#2373 = CARTESIAN_POINT('',(16.,116.,6.));
#2374 = VECTOR('',#2375,1.);
#2375 = DIRECTION('',(0.,0.,1.));
#2376 = ORIENTED_EDGE('',*,*,#1528,.F.);
#2377 = ORIENTED_EDGE('',*,*,#2378,.F.);
#2378 = EDGE_CURVE('',#2379,#1368,#2381,.T.);
#2379 = VERTEX_POINT('',#2380);
#2380 = CARTESIAN_POINT('',(0.,116.,6.));
#2381 = LINE('',#2382,#2383);
#2382 = CARTESIAN_POINT('',(0.,116.,6.));
#2383 = VECTOR('',#2384,1.);
#2384 = DIRECTION('',(1.,0.,0.));
#2385 = ORIENTED_EDGE('',*,*,#2386,.T.);
#2386 = EDGE_CURVE('',#2379,#2387,#2389,.T.);
#2387 = VERTEX_POINT('',#2388);
#2388 = CARTESIAN_POINT('',(-2.22044604925E-16,116.,59.));
#2389 = LINE('',#2390,#2391);
#2390 = CARTESIAN_POINT('',(0.,116.,6.));
#2391 = VECTOR('',#2392,1.);
#2392 = DIRECTION('',(0.,0.,1.));
#2393 = ORIENTED_EDGE('',*,*,#2394,.T.);
#2394 = EDGE_CURVE('',#2387,#2370,#2395,.T.);
#2395 = LINE('',#2396,#2397);
#2396 = CARTESIAN_POINT('',(0.,116.,59.));
#2397 = VECTOR('',#2398,1.);
#2398 = DIRECTION('',(1.,0.,0.));
#2399 = PLANE('',#2400);
#2400 = AXIS2_PLACEMENT_3D('',#2401,#2402,#2403);
#2401 = CARTESIAN_POINT('',(0.,116.,6.));
#2402 = DIRECTION('',(0.,1.,0.));
#2403 = DIRECTION('',(0.,0.,1.));
#2404 = ADVANCED_FACE('',(#2405),#2431,.T.);
#2405 = FACE_BOUND('',#2406,.T.);
#2406 = EDGE_LOOP('',(#2407,#2408,#2409,#2417,#2425));
#2407 = ORIENTED_EDGE('',*,*,#2369,.F.);
#2408 = ORIENTED_EDGE('',*,*,#1520,.T.);
#2409 = ORIENTED_EDGE('',*,*,#2410,.T.);
#2410 = EDGE_CURVE('',#1513,#2411,#2413,.T.);
#2411 = VERTEX_POINT('',#2412);
#2412 = CARTESIAN_POINT('',(16.,132.,6.));
#2413 = LINE('',#2414,#2415);
#2414 = CARTESIAN_POINT('',(16.,116.,6.));
#2415 = VECTOR('',#2416,1.);
#2416 = DIRECTION('',(0.,1.,0.));
#2417 = ORIENTED_EDGE('',*,*,#2418,.T.);
#2418 = EDGE_CURVE('',#2411,#2419,#2421,.T.);
#2419 = VERTEX_POINT('',#2420);
#2420 = CARTESIAN_POINT('',(16.,132.,59.));
#2421 = LINE('',#2422,#2423);
#2422 = CARTESIAN_POINT('',(16.,132.,6.));
#2423 = VECTOR('',#2424,1.);
#2424 = DIRECTION('',(0.,0.,1.));
#2425 = ORIENTED_EDGE('',*,*,#2426,.F.);
#2426 = EDGE_CURVE('',#2370,#2419,#2427,.T.);
#2427 = LINE('',#2428,#2429);
#2428 = CARTESIAN_POINT('',(16.,116.,59.));
#2429 = VECTOR('',#2430,1.);
#2430 = DIRECTION('',(0.,1.,0.));
#2431 = PLANE('',#2432);
#2432 = AXIS2_PLACEMENT_3D('',#2433,#2434,#2435);
#2433 = CARTESIAN_POINT('',(16.,116.,6.));
#2434 = DIRECTION('',(1.,0.,0.));
#2435 = DIRECTION('',(0.,0.,1.));
#2436 = ADVANCED_FACE('',(#2437),#2465,.T.);
#2437 = FACE_BOUND('',#2438,.T.);
#2438 = EDGE_LOOP('',(#2439,#2450,#2456,#2457,#2458,#2459));
#2439 = ORIENTED_EDGE('',*,*,#2440,.T.);
#2440 = EDGE_CURVE('',#2441,#2443,#2445,.T.);
#2441 = VERTEX_POINT('',#2442);
#2442 = CARTESIAN_POINT('',(10.,132.,5.));
#2443 = VERTEX_POINT('',#2444);
#2444 = CARTESIAN_POINT('',(10.,131.,6.));
#2445 = CIRCLE('',#2446,1.);
#2446 = AXIS2_PLACEMENT_3D('',#2447,#2448,#2449);
#2447 = CARTESIAN_POINT('',(10.,131.,5.));
#2448 = DIRECTION('',(1.,6.123233995737E-17,-0.));
#2449 = DIRECTION('',(-6.123233995737E-17,1.,0.));
#2450 = ORIENTED_EDGE('',*,*,#2451,.T.);
#2451 = EDGE_CURVE('',#2443,#1513,#2452,.T.);
#2452 = LINE('',#2453,#2454);
#2453 = CARTESIAN_POINT('',(10.,131.,6.));
#2454 = VECTOR('',#2455,1.);
#2455 = DIRECTION('',(1.,0.,0.));
#2456 = ORIENTED_EDGE('',*,*,#1512,.T.);
#2457 = ORIENTED_EDGE('',*,*,#1843,.T.);
#2458 = ORIENTED_EDGE('',*,*,#1760,.F.);
#2459 = ORIENTED_EDGE('',*,*,#2460,.F.);
#2460 = EDGE_CURVE('',#2441,#1761,#2461,.T.);
#2461 = LINE('',#2462,#2463);
#2462 = CARTESIAN_POINT('',(10.,132.,5.));
#2463 = VECTOR('',#2464,1.);
#2464 = DIRECTION('',(1.,0.,0.));
#2465 = CYLINDRICAL_SURFACE('',#2466,1.);
#2466 = AXIS2_PLACEMENT_3D('',#2467,#2468,#2469);
#2467 = CARTESIAN_POINT('',(10.,131.,5.));
#2468 = DIRECTION('',(1.,0.,0.));
#2469 = DIRECTION('',(0.,1.,0.));
#2470 = ADVANCED_FACE('',(#2471),#2497,.F.);
#2471 = FACE_BOUND('',#2472,.F.);
#2472 = EDGE_LOOP('',(#2473,#2481,#2482,#2483,#2491));
#2473 = ORIENTED_EDGE('',*,*,#2474,.F.);
#2474 = EDGE_CURVE('',#1497,#2475,#2477,.T.);
#2475 = VERTEX_POINT('',#2476);
#2476 = CARTESIAN_POINT('',(126.,116.,59.));
#2477 = LINE('',#2478,#2479);
#2478 = CARTESIAN_POINT('',(126.,116.,6.));
#2479 = VECTOR('',#2480,1.);
#2480 = DIRECTION('',(0.,0.,1.));
#2481 = ORIENTED_EDGE('',*,*,#1504,.T.);
#2482 = ORIENTED_EDGE('',*,*,#1837,.T.);
#2483 = ORIENTED_EDGE('',*,*,#2484,.T.);
#2484 = EDGE_CURVE('',#1830,#2485,#2487,.T.);
#2485 = VERTEX_POINT('',#2486);
#2486 = CARTESIAN_POINT('',(126.,132.,59.));
#2487 = LINE('',#2488,#2489);
#2488 = CARTESIAN_POINT('',(126.,132.,6.));
#2489 = VECTOR('',#2490,1.);
#2490 = DIRECTION('',(0.,0.,1.));
#2491 = ORIENTED_EDGE('',*,*,#2492,.F.);
#2492 = EDGE_CURVE('',#2475,#2485,#2493,.T.);
#2493 = LINE('',#2494,#2495);
#2494 = CARTESIAN_POINT('',(126.,116.,59.));
#2495 = VECTOR('',#2496,1.);
#2496 = DIRECTION('',(0.,1.,0.));
#2497 = PLANE('',#2498);
#2498 = AXIS2_PLACEMENT_3D('',#2499,#2500,#2501);
#2499 = CARTESIAN_POINT('',(126.,116.,6.));
#2500 = DIRECTION('',(1.,0.,0.));
#2501 = DIRECTION('',(0.,0.,1.));
#2502 = ADVANCED_FACE('',(#2503),#2522,.F.);
#2503 = FACE_BOUND('',#2504,.F.);
#2504 = EDGE_LOOP('',(#2505,#2513,#2514,#2515,#2516));
#2505 = ORIENTED_EDGE('',*,*,#2506,.F.);
#2506 = EDGE_CURVE('',#1852,#2507,#2509,.T.);
#2507 = VERTEX_POINT('',#2508);
#2508 = CARTESIAN_POINT('',(142.,116.,59.));
#2509 = LINE('',#2510,#2511);
#2510 = CARTESIAN_POINT('',(142.,116.,6.));
#2511 = VECTOR('',#2512,1.);
#2512 = DIRECTION('',(0.,0.,1.));
#2513 = ORIENTED_EDGE('',*,*,#1851,.F.);
#2514 = ORIENTED_EDGE('',*,*,#1496,.F.);
#2515 = ORIENTED_EDGE('',*,*,#2474,.T.);
#2516 = ORIENTED_EDGE('',*,*,#2517,.T.);
#2517 = EDGE_CURVE('',#2475,#2507,#2518,.T.);
#2518 = LINE('',#2519,#2520);
#2519 = CARTESIAN_POINT('',(126.,116.,59.));
#2520 = VECTOR('',#2521,1.);
#2521 = DIRECTION('',(1.,0.,0.));
#2522 = PLANE('',#2523);
#2523 = AXIS2_PLACEMENT_3D('',#2524,#2525,#2526);
#2524 = CARTESIAN_POINT('',(126.,116.,6.));
#2525 = DIRECTION('',(0.,1.,0.));
#2526 = DIRECTION('',(0.,0.,1.));
#2527 = ADVANCED_FACE('',(#2528),#2561,.F.);
#2528 = FACE_BOUND('',#2529,.F.);
#2529 = EDGE_LOOP('',(#2530,#2538,#2546,#2552,#2553,#2559,#2560));
#2530 = ORIENTED_EDGE('',*,*,#2531,.F.);
#2531 = EDGE_CURVE('',#2532,#1656,#2534,.T.);
#2532 = VERTEX_POINT('',#2533);
#2533 = CARTESIAN_POINT('',(126.,17.,0.));
#2534 = LINE('',#2535,#2536);
#2535 = CARTESIAN_POINT('',(126.,17.,-1.));
#2536 = VECTOR('',#2537,1.);
#2537 = DIRECTION('',(0.,0.,1.));
#2538 = ORIENTED_EDGE('',*,*,#2539,.T.);
#2539 = EDGE_CURVE('',#2532,#2540,#2542,.T.);
#2540 = VERTEX_POINT('',#2541);
#2541 = CARTESIAN_POINT('',(126.,115.,0.));
#2542 = LINE('',#2543,#2544);
#2543 = CARTESIAN_POINT('',(126.,8.5,0.));
#2544 = VECTOR('',#2545,1.);
#2545 = DIRECTION('',(0.,1.,0.));
#2546 = ORIENTED_EDGE('',*,*,#2547,.T.);
#2547 = EDGE_CURVE('',#2540,#1440,#2548,.T.);
#2548 = LINE('',#2549,#2550);
#2549 = CARTESIAN_POINT('',(126.,115.,-1.));
#2550 = VECTOR('',#2551,1.);
#2551 = DIRECTION('',(0.,0.,1.));
#2552 = ORIENTED_EDGE('',*,*,#1447,.F.);
#2553 = ORIENTED_EDGE('',*,*,#2554,.F.);
#2554 = EDGE_CURVE('',#1472,#1448,#2555,.T.);
#2555 = LINE('',#2556,#2557);
#2556 = CARTESIAN_POINT('',(126.,8.5,6.));
#2557 = VECTOR('',#2558,1.);
#2558 = DIRECTION('',(0.,1.,0.));
#2559 = ORIENTED_EDGE('',*,*,#1479,.F.);
#2560 = ORIENTED_EDGE('',*,*,#1663,.F.);
#2561 = PLANE('',#2562);
#2562 = AXIS2_PLACEMENT_3D('',#2563,#2564,#2565);
#2563 = CARTESIAN_POINT('',(126.,17.,-1.));
#2564 = DIRECTION('',(1.,0.,0.));
#2565 = DIRECTION('',(0.,0.,1.));
#2566 = ADVANCED_FACE('',(#2567),#2600,.F.);
#2567 = FACE_BOUND('',#2568,.F.);
#2568 = EDGE_LOOP('',(#2569,#2577,#2585,#2593,#2599));
#2569 = ORIENTED_EDGE('',*,*,#2570,.F.);
#2570 = EDGE_CURVE('',#2571,#1472,#2573,.T.);
#2571 = VERTEX_POINT('',#2572);
#2572 = CARTESIAN_POINT('',(125.,93.,6.));
#2573 = LINE('',#2574,#2575);
#2574 = CARTESIAN_POINT('',(125.,93.,6.));
#2575 = VECTOR('',#2576,1.);
#2576 = DIRECTION('',(1.,0.,0.));
#2577 = ORIENTED_EDGE('',*,*,#2578,.T.);
#2578 = EDGE_CURVE('',#2571,#2579,#2581,.T.);
#2579 = VERTEX_POINT('',#2580);
#2580 = CARTESIAN_POINT('',(125.,93.,8.));
#2581 = LINE('',#2582,#2583);
#2582 = CARTESIAN_POINT('',(125.,93.,6.));
#2583 = VECTOR('',#2584,1.);
#2584 = DIRECTION('',(0.,0.,1.));
#2585 = ORIENTED_EDGE('',*,*,#2586,.T.);
#2586 = EDGE_CURVE('',#2579,#2587,#2589,.T.);
#2587 = VERTEX_POINT('',#2588);
#2588 = CARTESIAN_POINT('',(131.,93.,8.));
#2589 = LINE('',#2590,#2591);
#2590 = CARTESIAN_POINT('',(125.,93.,8.));
#2591 = VECTOR('',#2592,1.);
#2592 = DIRECTION('',(1.,0.,0.));
#2593 = ORIENTED_EDGE('',*,*,#2594,.F.);
#2594 = EDGE_CURVE('',#1464,#2587,#2595,.T.);
#2595 = LINE('',#2596,#2597);
#2596 = CARTESIAN_POINT('',(131.,93.,6.));
#2597 = VECTOR('',#2598,1.);
#2598 = DIRECTION('',(0.,0.,1.));
#2599 = ORIENTED_EDGE('',*,*,#1471,.F.);
#2600 = PLANE('',#2601);
#2601 = AXIS2_PLACEMENT_3D('',#2602,#2603,#2604);
#2602 = CARTESIAN_POINT('',(125.,93.,6.));
#2603 = DIRECTION('',(0.,1.,0.));
#2604 = DIRECTION('',(0.,0.,1.));
#2605 = ADVANCED_FACE('',(#2606),#2624,.T.);
#2606 = FACE_BOUND('',#2607,.T.);
#2607 = EDGE_LOOP('',(#2608,#2609,#2610,#2618));
#2608 = ORIENTED_EDGE('',*,*,#2594,.F.);
#2609 = ORIENTED_EDGE('',*,*,#1463,.T.);
#2610 = ORIENTED_EDGE('',*,*,#2611,.T.);
#2611 = EDGE_CURVE('',#1456,#2612,#2614,.T.);
#2612 = VERTEX_POINT('',#2613);
#2613 = CARTESIAN_POINT('',(131.,99.,8.));
#2614 = LINE('',#2615,#2616);
#2615 = CARTESIAN_POINT('',(131.,99.,6.));
#2616 = VECTOR('',#2617,1.);
#2617 = DIRECTION('',(0.,0.,1.));
#2618 = ORIENTED_EDGE('',*,*,#2619,.F.);
#2619 = EDGE_CURVE('',#2587,#2612,#2620,.T.);
#2620 = LINE('',#2621,#2622);
#2621 = CARTESIAN_POINT('',(131.,93.,8.));
#2622 = VECTOR('',#2623,1.);
#2623 = DIRECTION('',(0.,1.,0.));
#2624 = PLANE('',#2625);
#2625 = AXIS2_PLACEMENT_3D('',#2626,#2627,#2628);
#2626 = CARTESIAN_POINT('',(131.,93.,6.));
#2627 = DIRECTION('',(1.,0.,0.));
#2628 = DIRECTION('',(0.,0.,1.));
#2629 = ADVANCED_FACE('',(#2630),#2656,.T.);
#2630 = FACE_BOUND('',#2631,.T.);
#2631 = EDGE_LOOP('',(#2632,#2640,#2648,#2654,#2655));
#2632 = ORIENTED_EDGE('',*,*,#2633,.F.);
#2633 = EDGE_CURVE('',#2634,#1448,#2636,.T.);
#2634 = VERTEX_POINT('',#2635);
#2635 = CARTESIAN_POINT('',(125.,99.,6.));
#2636 = LINE('',#2637,#2638);
#2637 = CARTESIAN_POINT('',(125.,99.,6.));
#2638 = VECTOR('',#2639,1.);
#2639 = DIRECTION('',(1.,0.,0.));
#2640 = ORIENTED_EDGE('',*,*,#2641,.T.);
#2641 = EDGE_CURVE('',#2634,#2642,#2644,.T.);
#2642 = VERTEX_POINT('',#2643);
#2643 = CARTESIAN_POINT('',(125.,99.,8.));
#2644 = LINE('',#2645,#2646);
#2645 = CARTESIAN_POINT('',(125.,99.,6.));
#2646 = VECTOR('',#2647,1.);
#2647 = DIRECTION('',(0.,0.,1.));
#2648 = ORIENTED_EDGE('',*,*,#2649,.T.);
#2649 = EDGE_CURVE('',#2642,#2612,#2650,.T.);
#2650 = LINE('',#2651,#2652);
#2651 = CARTESIAN_POINT('',(125.,99.,8.));
#2652 = VECTOR('',#2653,1.);
#2653 = DIRECTION('',(1.,0.,0.));
#2654 = ORIENTED_EDGE('',*,*,#2611,.F.);
#2655 = ORIENTED_EDGE('',*,*,#1455,.F.);
#2656 = PLANE('',#2657);
#2657 = AXIS2_PLACEMENT_3D('',#2658,#2659,#2660);
#2658 = CARTESIAN_POINT('',(125.,99.,6.));
#2659 = DIRECTION('',(0.,1.,0.));
#2660 = DIRECTION('',(0.,0.,1.));
#2661 = ADVANCED_FACE('',(#2662),#2680,.F.);
#2662 = FACE_BOUND('',#2663,.F.);
#2663 = EDGE_LOOP('',(#2664,#2665,#2673,#2679));
#2664 = ORIENTED_EDGE('',*,*,#2547,.F.);
#2665 = ORIENTED_EDGE('',*,*,#2666,.T.);
#2666 = EDGE_CURVE('',#2540,#2667,#2669,.T.);
#2667 = VERTEX_POINT('',#2668);
#2668 = CARTESIAN_POINT('',(16.,115.,0.));
#2669 = LINE('',#2670,#2671);
#2670 = CARTESIAN_POINT('',(8.,115.,0.));
#2671 = VECTOR('',#2672,1.);
#2672 = DIRECTION('',(-1.,0.,0.));
#2673 = ORIENTED_EDGE('',*,*,#2674,.T.);
#2674 = EDGE_CURVE('',#2667,#1432,#2675,.T.);
#2675 = LINE('',#2676,#2677);
#2676 = CARTESIAN_POINT('',(16.,115.,-1.));
#2677 = VECTOR('',#2678,1.);
#2678 = DIRECTION('',(0.,0.,1.));
#2679 = ORIENTED_EDGE('',*,*,#1439,.F.);
#2680 = PLANE('',#2681);
#2681 = AXIS2_PLACEMENT_3D('',#2682,#2683,#2684);
#2682 = CARTESIAN_POINT('',(16.,115.,-1.));
#2683 = DIRECTION('',(0.,1.,0.));
#2684 = DIRECTION('',(0.,0.,1.));
#2685 = ADVANCED_FACE('',(#2686),#2712,.T.);
#2686 = FACE_BOUND('',#2687,.T.);
#2687 = EDGE_LOOP('',(#2688,#2696,#2702,#2703,#2704,#2710,#2711));
#2688 = ORIENTED_EDGE('',*,*,#2689,.F.);
#2689 = EDGE_CURVE('',#2690,#2051,#2692,.T.);
#2690 = VERTEX_POINT('',#2691);
#2691 = CARTESIAN_POINT('',(16.,17.,0.));
#2692 = LINE('',#2693,#2694);
#2693 = CARTESIAN_POINT('',(16.,17.,-1.));
#2694 = VECTOR('',#2695,1.);
#2695 = DIRECTION('',(0.,0.,1.));
#2696 = ORIENTED_EDGE('',*,*,#2697,.T.);
#2697 = EDGE_CURVE('',#2690,#2667,#2698,.T.);
#2698 = LINE('',#2699,#2700);
#2699 = CARTESIAN_POINT('',(16.,8.5,0.));
#2700 = VECTOR('',#2701,1.);
#2701 = DIRECTION('',(0.,1.,0.));
#2702 = ORIENTED_EDGE('',*,*,#2674,.T.);
#2703 = ORIENTED_EDGE('',*,*,#1431,.F.);
#2704 = ORIENTED_EDGE('',*,*,#2705,.F.);
#2705 = EDGE_CURVE('',#1400,#1424,#2706,.T.);
#2706 = LINE('',#2707,#2708);
#2707 = CARTESIAN_POINT('',(16.,8.5,6.));
#2708 = VECTOR('',#2709,1.);
#2709 = DIRECTION('',(0.,1.,0.));
#2710 = ORIENTED_EDGE('',*,*,#1399,.F.);
#2711 = ORIENTED_EDGE('',*,*,#2050,.F.);
#2712 = PLANE('',#2713);
#2713 = AXIS2_PLACEMENT_3D('',#2714,#2715,#2716);
#2714 = CARTESIAN_POINT('',(16.,17.,-1.));
#2715 = DIRECTION('',(1.,0.,0.));
#2716 = DIRECTION('',(0.,0.,1.));
#2717 = ADVANCED_FACE('',(#2718),#2751,.T.);
#2718 = FACE_BOUND('',#2719,.T.);
#2719 = EDGE_LOOP('',(#2720,#2721,#2729,#2737,#2745));
#2720 = ORIENTED_EDGE('',*,*,#1423,.F.);
#2721 = ORIENTED_EDGE('',*,*,#2722,.T.);
#2722 = EDGE_CURVE('',#1416,#2723,#2725,.T.);
#2723 = VERTEX_POINT('',#2724);
#2724 = CARTESIAN_POINT('',(11.,99.,8.));
#2725 = LINE('',#2726,#2727);
#2726 = CARTESIAN_POINT('',(11.,99.,6.));
#2727 = VECTOR('',#2728,1.);
#2728 = DIRECTION('',(0.,0.,1.));
#2729 = ORIENTED_EDGE('',*,*,#2730,.T.);
#2730 = EDGE_CURVE('',#2723,#2731,#2733,.T.);
#2731 = VERTEX_POINT('',#2732);
#2732 = CARTESIAN_POINT('',(17.,99.,8.));
#2733 = LINE('',#2734,#2735);
#2734 = CARTESIAN_POINT('',(11.,99.,8.));
#2735 = VECTOR('',#2736,1.);
#2736 = DIRECTION('',(1.,0.,0.));
#2737 = ORIENTED_EDGE('',*,*,#2738,.F.);
#2738 = EDGE_CURVE('',#2739,#2731,#2741,.T.);
#2739 = VERTEX_POINT('',#2740);
#2740 = CARTESIAN_POINT('',(17.,99.,6.));
#2741 = LINE('',#2742,#2743);
#2742 = CARTESIAN_POINT('',(17.,99.,6.));
#2743 = VECTOR('',#2744,1.);
#2744 = DIRECTION('',(0.,0.,1.));
#2745 = ORIENTED_EDGE('',*,*,#2746,.F.);
#2746 = EDGE_CURVE('',#1424,#2739,#2747,.T.);
#2747 = LINE('',#2748,#2749);
#2748 = CARTESIAN_POINT('',(11.,99.,6.));
#2749 = VECTOR('',#2750,1.);
#2750 = DIRECTION('',(1.,0.,0.));
#2751 = PLANE('',#2752);
#2752 = AXIS2_PLACEMENT_3D('',#2753,#2754,#2755);
#2753 = CARTESIAN_POINT('',(11.,99.,6.));
#2754 = DIRECTION('',(0.,1.,0.));
#2755 = DIRECTION('',(0.,0.,1.));
#2756 = ADVANCED_FACE('',(#2757),#2775,.F.);
#2757 = FACE_BOUND('',#2758,.F.);
#2758 = EDGE_LOOP('',(#2759,#2767,#2768,#2769));
#2759 = ORIENTED_EDGE('',*,*,#2760,.F.);
#2760 = EDGE_CURVE('',#1408,#2761,#2763,.T.);
#2761 = VERTEX_POINT('',#2762);
#2762 = CARTESIAN_POINT('',(11.,93.,8.));
#2763 = LINE('',#2764,#2765);
#2764 = CARTESIAN_POINT('',(11.,93.,6.));
#2765 = VECTOR('',#2766,1.);
#2766 = DIRECTION('',(0.,0.,1.));
#2767 = ORIENTED_EDGE('',*,*,#1415,.T.);
#2768 = ORIENTED_EDGE('',*,*,#2722,.T.);
#2769 = ORIENTED_EDGE('',*,*,#2770,.F.);
#2770 = EDGE_CURVE('',#2761,#2723,#2771,.T.);
#2771 = LINE('',#2772,#2773);
#2772 = CARTESIAN_POINT('',(11.,93.,8.));
#2773 = VECTOR('',#2774,1.);
#2774 = DIRECTION('',(0.,1.,0.));
#2775 = PLANE('',#2776);
#2776 = AXIS2_PLACEMENT_3D('',#2777,#2778,#2779);
#2777 = CARTESIAN_POINT('',(11.,93.,6.));
#2778 = DIRECTION('',(1.,0.,0.));
#2779 = DIRECTION('',(0.,0.,1.));
#2780 = ADVANCED_FACE('',(#2781),#2807,.F.);
#2781 = FACE_BOUND('',#2782,.F.);
#2782 = EDGE_LOOP('',(#2783,#2784,#2785,#2793,#2801));
#2783 = ORIENTED_EDGE('',*,*,#1407,.F.);
#2784 = ORIENTED_EDGE('',*,*,#2760,.T.);
#2785 = ORIENTED_EDGE('',*,*,#2786,.T.);
#2786 = EDGE_CURVE('',#2761,#2787,#2789,.T.);
#2787 = VERTEX_POINT('',#2788);
#2788 = CARTESIAN_POINT('',(17.,93.,8.));
#2789 = LINE('',#2790,#2791);
#2790 = CARTESIAN_POINT('',(11.,93.,8.));
#2791 = VECTOR('',#2792,1.);
#2792 = DIRECTION('',(1.,0.,0.));
#2793 = ORIENTED_EDGE('',*,*,#2794,.F.);
#2794 = EDGE_CURVE('',#2795,#2787,#2797,.T.);
#2795 = VERTEX_POINT('',#2796);
#2796 = CARTESIAN_POINT('',(17.,93.,6.));
#2797 = LINE('',#2798,#2799);
#2798 = CARTESIAN_POINT('',(17.,93.,6.));
#2799 = VECTOR('',#2800,1.);
#2800 = DIRECTION('',(0.,0.,1.));
#2801 = ORIENTED_EDGE('',*,*,#2802,.F.);
#2802 = EDGE_CURVE('',#1400,#2795,#2803,.T.);
#2803 = LINE('',#2804,#2805);
#2804 = CARTESIAN_POINT('',(11.,93.,6.));
#2805 = VECTOR('',#2806,1.);
#2806 = DIRECTION('',(1.,0.,0.));
#2807 = PLANE('',#2808);
#2808 = AXIS2_PLACEMENT_3D('',#2809,#2810,#2811);
#2809 = CARTESIAN_POINT('',(11.,93.,6.));
#2810 = DIRECTION('',(0.,1.,0.));
#2811 = DIRECTION('',(0.,0.,1.));
#2812 = ADVANCED_FACE('',(#2813),#2824,.F.);
#2813 = FACE_BOUND('',#2814,.F.);
#2814 = EDGE_LOOP('',(#2815,#2821,#2822,#2823));
#2815 = ORIENTED_EDGE('',*,*,#2816,.F.);
#2816 = EDGE_CURVE('',#1898,#1996,#2817,.T.);
#2817 = LINE('',#2818,#2819);
#2818 = CARTESIAN_POINT('',(12.,0.,8.));
#2819 = VECTOR('',#2820,1.);
#2820 = DIRECTION('',(0.,1.,0.));
#2821 = ORIENTED_EDGE('',*,*,#1897,.T.);
#2822 = ORIENTED_EDGE('',*,*,#1383,.T.);
#2823 = ORIENTED_EDGE('',*,*,#1995,.T.);
#2824 = PLANE('',#2825);
#2825 = AXIS2_PLACEMENT_3D('',#2826,#2827,#2828);
#2826 = CARTESIAN_POINT('',(12.,0.,6.));
#2827 = DIRECTION('',(1.,0.,0.));
#2828 = DIRECTION('',(0.,0.,1.));
#2829 = ADVANCED_FACE('',(#2830),#2849,.T.);
#2830 = FACE_BOUND('',#2831,.T.);
#2831 = EDGE_LOOP('',(#2832,#2840,#2841,#2842));
#2832 = ORIENTED_EDGE('',*,*,#2833,.F.);
#2833 = EDGE_CURVE('',#1555,#2834,#2836,.T.);
#2834 = VERTEX_POINT('',#2835);
#2835 = CARTESIAN_POINT('',(136.8,8.,65.5));
#2836 = LINE('',#2837,#2838);
#2837 = CARTESIAN_POINT('',(137.4,8.,64.9));
#2838 = VECTOR('',#2839,1.);
#2839 = DIRECTION('',(-0.707106781187,0.,0.707106781187));
#2840 = ORIENTED_EDGE('',*,*,#1562,.T.);
#2841 = ORIENTED_EDGE('',*,*,#2833,.T.);
#2842 = ORIENTED_EDGE('',*,*,#2843,.F.);
#2843 = EDGE_CURVE('',#2834,#2834,#2844,.T.);
#2844 = CIRCLE('',#2845,2.8);
#2845 = AXIS2_PLACEMENT_3D('',#2846,#2847,#2848);
#2846 = CARTESIAN_POINT('',(134.,8.,65.5));
#2847 = DIRECTION('',(0.,0.,1.));
#2848 = DIRECTION('',(1.,0.,0.));
#2849 = CONICAL_SURFACE('',#2850,3.4,0.785398163397);
#2850 = AXIS2_PLACEMENT_3D('',#2851,#2852,#2853);
#2851 = CARTESIAN_POINT('',(134.,8.,64.9));
#2852 = DIRECTION('',(-0.,-0.,-1.));
#2853 = DIRECTION('',(1.,0.,0.));
#2854 = ADVANCED_FACE('',(#2855),#2868,.T.);
#2855 = FACE_BOUND('',#2856,.T.);
#2856 = EDGE_LOOP('',(#2857,#2858,#2864,#2865,#2866,#2867));
#2857 = ORIENTED_EDGE('',*,*,#2531,.F.);
#2858 = ORIENTED_EDGE('',*,*,#2859,.T.);
#2859 = EDGE_CURVE('',#2532,#2690,#2860,.T.);
#2860 = LINE('',#2861,#2862);
#2861 = CARTESIAN_POINT('',(8.,17.,0.));
#2862 = VECTOR('',#2863,1.);
#2863 = DIRECTION('',(-1.,0.,0.));
#2864 = ORIENTED_EDGE('',*,*,#2689,.T.);
#2865 = ORIENTED_EDGE('',*,*,#2058,.F.);
#2866 = ORIENTED_EDGE('',*,*,#1640,.F.);
#2867 = ORIENTED_EDGE('',*,*,#1655,.F.);
#2868 = PLANE('',#2869);
#2869 = AXIS2_PLACEMENT_3D('',#2870,#2871,#2872);
#2870 = CARTESIAN_POINT('',(16.,17.,-1.));
#2871 = DIRECTION('',(0.,1.,0.));
#2872 = DIRECTION('',(0.,0.,1.));
#2873 = ADVANCED_FACE('',(#2874),#2893,.T.);
#2874 = FACE_BOUND('',#2875,.T.);
#2875 = EDGE_LOOP('',(#2876,#2884,#2891,#2892));
#2876 = ORIENTED_EDGE('',*,*,#2877,.F.);
#2877 = EDGE_CURVE('',#2878,#1711,#2880,.T.);
#2878 = VERTEX_POINT('',#2879);
#2879 = CARTESIAN_POINT('',(-2.22044604925E-16,10.,1.));
#2880 = LINE('',#2881,#2882);
#2881 = CARTESIAN_POINT('',(-1.7763568394E-15,10.,0.));
#2882 = VECTOR('',#2883,1.);
#2883 = DIRECTION('',(0.,0.,1.));
#2884 = ORIENTED_EDGE('',*,*,#2885,.F.);
#2885 = EDGE_CURVE('',#1679,#2878,#2886,.T.);
#2886 = CIRCLE('',#2887,10.);
#2887 = AXIS2_PLACEMENT_3D('',#2888,#2889,#2890);
#2888 = CARTESIAN_POINT('',(10.,10.,1.));
#2889 = DIRECTION('',(-0.,0.,-1.));
#2890 = DIRECTION('',(-1.7763568394E-16,-1.,0.));
#2891 = ORIENTED_EDGE('',*,*,#1678,.T.);
#2892 = ORIENTED_EDGE('',*,*,#1710,.T.);
#2893 = CYLINDRICAL_SURFACE('',#2894,10.);
#2894 = AXIS2_PLACEMENT_3D('',#2895,#2896,#2897);
#2895 = CARTESIAN_POINT('',(10.,10.,0.));
#2896 = DIRECTION('',(0.,0.,1.));
#2897 = DIRECTION('',(-1.,0.,0.));
#2898 = ADVANCED_FACE('',(#2899),#2926,.T.);
#2899 = FACE_BOUND('',#2900,.F.);
#2900 = EDGE_LOOP('',(#2901,#2910,#2918,#2925));
#2901 = ORIENTED_EDGE('',*,*,#2902,.T.);
#2902 = EDGE_CURVE('',#1688,#2903,#2905,.T.);
#2903 = VERTEX_POINT('',#2904);
#2904 = CARTESIAN_POINT('',(132.,1.,0.));
#2905 = CIRCLE('',#2906,1.);
#2906 = AXIS2_PLACEMENT_3D('',#2907,#2908,#2909);
#2907 = CARTESIAN_POINT('',(132.,1.,1.));
#2908 = DIRECTION('',(1.,6.123233995737E-17,0.));
#2909 = DIRECTION('',(6.123233995737E-17,-1.,0.));
#2910 = ORIENTED_EDGE('',*,*,#2911,.T.);
#2911 = EDGE_CURVE('',#2903,#2912,#2914,.T.);
#2912 = VERTEX_POINT('',#2913);
#2913 = CARTESIAN_POINT('',(10.,1.,-2.22044604925E-16));
#2914 = LINE('',#2915,#2916);
#2915 = CARTESIAN_POINT('',(132.,1.,-2.22044604925E-16));
#2916 = VECTOR('',#2917,1.);
#2917 = DIRECTION('',(-1.,-0.,-0.));
#2918 = ORIENTED_EDGE('',*,*,#2919,.F.);
#2919 = EDGE_CURVE('',#1679,#2912,#2920,.T.);
#2920 = CIRCLE('',#2921,1.);
#2921 = AXIS2_PLACEMENT_3D('',#2922,#2923,#2924);
#2922 = CARTESIAN_POINT('',(10.,1.,1.));
#2923 = DIRECTION('',(1.,0.,0.));
#2924 = DIRECTION('',(0.,-1.,0.));
#2925 = ORIENTED_EDGE('',*,*,#1695,.F.);
#2926 = CYLINDRICAL_SURFACE('',#2927,1.);
#2927 = AXIS2_PLACEMENT_3D('',#2928,#2929,#2930);
#2928 = CARTESIAN_POINT('',(132.,1.,1.));
#2929 = DIRECTION('',(-1.,-0.,-0.));
#2930 = DIRECTION('',(0.,-1.,0.));
#2931 = ADVANCED_FACE('',(#2932),#2952,.T.);
#2932 = FACE_BOUND('',#2933,.T.);
#2933 = EDGE_LOOP('',(#2934,#2943,#2944,#2945));
#2934 = ORIENTED_EDGE('',*,*,#2935,.F.);
#2935 = EDGE_CURVE('',#1736,#2936,#2938,.T.);
#2936 = VERTEX_POINT('',#2937);
#2937 = CARTESIAN_POINT('',(141.,10.,-2.22044604925E-16));
#2938 = CIRCLE('',#2939,1.);
#2939 = AXIS2_PLACEMENT_3D('',#2940,#2941,#2942);
#2940 = CARTESIAN_POINT('',(141.,10.,1.));
#2941 = DIRECTION('',(-0.,1.,0.));
#2942 = DIRECTION('',(1.,0.,0.));
#2943 = ORIENTED_EDGE('',*,*,#1743,.T.);
#2944 = ORIENTED_EDGE('',*,*,#2902,.T.);
#2945 = ORIENTED_EDGE('',*,*,#2946,.F.);
#2946 = EDGE_CURVE('',#2936,#2903,#2947,.T.);
#2947 = CIRCLE('',#2948,9.);
#2948 = AXIS2_PLACEMENT_3D('',#2949,#2950,#2951);
#2949 = CARTESIAN_POINT('',(132.,10.,0.));
#2950 = DIRECTION('',(0.,0.,-1.));
#2951 = DIRECTION('',(1.,0.,0.));
#2952 = TOROIDAL_SURFACE('',#2953,9.,1.);
#2953 = AXIS2_PLACEMENT_3D('',#2954,#2955,#2956);
#2954 = CARTESIAN_POINT('',(132.,10.,1.));
#2955 = DIRECTION('',(-0.,-0.,-1.));
#2956 = DIRECTION('',(1.,0.,0.));
#2957 = ADVANCED_FACE('',(#2958),#2977,.T.);
#2958 = FACE_BOUND('',#2959,.T.);
#2959 = EDGE_LOOP('',(#2960,#2961,#2970,#2976));
#2960 = ORIENTED_EDGE('',*,*,#1803,.F.);
#2961 = ORIENTED_EDGE('',*,*,#2962,.F.);
#2962 = EDGE_CURVE('',#2963,#1796,#2965,.T.);
#2963 = VERTEX_POINT('',#2964);
#2964 = CARTESIAN_POINT('',(132.,132.,1.));
#2965 = CIRCLE('',#2966,10.);
#2966 = AXIS2_PLACEMENT_3D('',#2967,#2968,#2969);
#2967 = CARTESIAN_POINT('',(132.,122.,1.));
#2968 = DIRECTION('',(0.,0.,-1.));
#2969 = DIRECTION('',(0.,1.,0.));
#2970 = ORIENTED_EDGE('',*,*,#2971,.T.);
#2971 = EDGE_CURVE('',#2963,#1761,#2972,.T.);
#2972 = LINE('',#2973,#2974);
#2973 = CARTESIAN_POINT('',(132.,132.,0.));
#2974 = VECTOR('',#2975,1.);
#2975 = DIRECTION('',(0.,0.,1.));
#2976 = ORIENTED_EDGE('',*,*,#1771,.T.);
#2977 = CYLINDRICAL_SURFACE('',#2978,10.);
#2978 = AXIS2_PLACEMENT_3D('',#2979,#2980,#2981);
#2979 = CARTESIAN_POINT('',(132.,122.,0.));
#2980 = DIRECTION('',(0.,0.,1.));
#2981 = DIRECTION('',(1.,0.,0.));
#2982 = ADVANCED_FACE('',(#2983),#3002,.T.);
#2983 = FACE_BOUND('',#2984,.F.);
#2984 = EDGE_LOOP('',(#2985,#2994,#3000,#3001));
#2985 = ORIENTED_EDGE('',*,*,#2986,.T.);
#2986 = EDGE_CURVE('',#1796,#2987,#2989,.T.);
#2987 = VERTEX_POINT('',#2988);
#2988 = CARTESIAN_POINT('',(141.,122.,0.));
#2989 = CIRCLE('',#2990,1.);
#2990 = AXIS2_PLACEMENT_3D('',#2991,#2992,#2993);
#2991 = CARTESIAN_POINT('',(141.,122.,1.));
#2992 = DIRECTION('',(-6.123233995737E-17,1.,0.));
#2993 = DIRECTION('',(1.,6.123233995737E-17,0.));
#2994 = ORIENTED_EDGE('',*,*,#2995,.T.);
#2995 = EDGE_CURVE('',#2987,#2936,#2996,.T.);
#2996 = LINE('',#2997,#2998);
#2997 = CARTESIAN_POINT('',(141.,122.,-2.22044604925E-16));
#2998 = VECTOR('',#2999,1.);
#2999 = DIRECTION('',(-0.,-1.,-0.));
#3000 = ORIENTED_EDGE('',*,*,#2935,.F.);
#3001 = ORIENTED_EDGE('',*,*,#1795,.F.);
#3002 = CYLINDRICAL_SURFACE('',#3003,1.);
#3003 = AXIS2_PLACEMENT_3D('',#3004,#3005,#3006);
#3004 = CARTESIAN_POINT('',(141.,122.,1.));
#3005 = DIRECTION('',(-0.,-1.,-0.));
#3006 = DIRECTION('',(1.,0.,0.));
#3007 = ADVANCED_FACE('',(#3008),#3034,.T.);
#3008 = FACE_BOUND('',#3009,.T.);
#3009 = EDGE_LOOP('',(#3010,#3018,#3019,#3027));
#3010 = ORIENTED_EDGE('',*,*,#3011,.F.);
#3011 = EDGE_CURVE('',#1819,#3012,#3014,.T.);
#3012 = VERTEX_POINT('',#3013);
#3013 = CARTESIAN_POINT('',(142.,122.,59.));
#3014 = LINE('',#3015,#3016);
#3015 = CARTESIAN_POINT('',(142.,122.,6.));
#3016 = VECTOR('',#3017,1.);
#3017 = DIRECTION('',(0.,0.,1.));
#3018 = ORIENTED_EDGE('',*,*,#1818,.T.);
#3019 = ORIENTED_EDGE('',*,*,#3020,.T.);
#3020 = EDGE_CURVE('',#1821,#3021,#3023,.T.);
#3021 = VERTEX_POINT('',#3022);
#3022 = CARTESIAN_POINT('',(132.,132.,59.));
#3023 = LINE('',#3024,#3025);
#3024 = CARTESIAN_POINT('',(132.,132.,6.));
#3025 = VECTOR('',#3026,1.);
#3026 = DIRECTION('',(0.,0.,1.));
#3027 = ORIENTED_EDGE('',*,*,#3028,.F.);
#3028 = EDGE_CURVE('',#3012,#3021,#3029,.T.);
#3029 = CIRCLE('',#3030,10.);
#3030 = AXIS2_PLACEMENT_3D('',#3031,#3032,#3033);
#3031 = CARTESIAN_POINT('',(132.,122.,59.));
#3032 = DIRECTION('',(0.,0.,1.));
#3033 = DIRECTION('',(1.,0.,0.));
#3034 = CYLINDRICAL_SURFACE('',#3035,10.);
#3035 = AXIS2_PLACEMENT_3D('',#3036,#3037,#3038);
#3036 = CARTESIAN_POINT('',(132.,122.,6.));
#3037 = DIRECTION('',(0.,0.,1.));
#3038 = DIRECTION('',(1.,0.,0.));
#3039 = ADVANCED_FACE('',(#3040),#3051,.T.);
#3040 = FACE_BOUND('',#3041,.T.);
#3041 = EDGE_LOOP('',(#3042,#3043,#3049,#3050));
#3042 = ORIENTED_EDGE('',*,*,#3011,.T.);
#3043 = ORIENTED_EDGE('',*,*,#3044,.F.);
#3044 = EDGE_CURVE('',#2507,#3012,#3045,.T.);
#3045 = LINE('',#3046,#3047);
#3046 = CARTESIAN_POINT('',(142.,116.,59.));
#3047 = VECTOR('',#3048,1.);
#3048 = DIRECTION('',(0.,1.,0.));
#3049 = ORIENTED_EDGE('',*,*,#2506,.F.);
#3050 = ORIENTED_EDGE('',*,*,#1859,.T.);
#3051 = PLANE('',#3052);
#3052 = AXIS2_PLACEMENT_3D('',#3053,#3054,#3055);
#3053 = CARTESIAN_POINT('',(142.,116.,6.));
#3054 = DIRECTION('',(1.,0.,0.));
#3055 = DIRECTION('',(0.,0.,1.));
#3056 = ADVANCED_FACE('',(#3057),#3068,.T.);
#3057 = FACE_BOUND('',#3058,.T.);
#3058 = EDGE_LOOP('',(#3059,#3060,#3061,#3062));
#3059 = ORIENTED_EDGE('',*,*,#3020,.F.);
#3060 = ORIENTED_EDGE('',*,*,#1829,.F.);
#3061 = ORIENTED_EDGE('',*,*,#2484,.T.);
#3062 = ORIENTED_EDGE('',*,*,#3063,.F.);
#3063 = EDGE_CURVE('',#3021,#2485,#3064,.T.);
#3064 = LINE('',#3065,#3066);
#3065 = CARTESIAN_POINT('',(132.,132.,59.));
#3066 = VECTOR('',#3067,1.);
#3067 = DIRECTION('',(-1.,-0.,-0.));
#3068 = PLANE('',#3069);
#3069 = AXIS2_PLACEMENT_3D('',#3070,#3071,#3072);
#3070 = CARTESIAN_POINT('',(126.,132.,6.));
#3071 = DIRECTION('',(0.,1.,0.));
#3072 = DIRECTION('',(0.,0.,1.));
#3073 = ADVANCED_FACE('',(#3074),#3086,.T.);
#3074 = FACE_BOUND('',#3075,.T.);
#3075 = EDGE_LOOP('',(#3076,#3077,#3078,#3085));
#3076 = ORIENTED_EDGE('',*,*,#2353,.T.);
#3077 = ORIENTED_EDGE('',*,*,#2317,.T.);
#3078 = ORIENTED_EDGE('',*,*,#3079,.F.);
#3079 = EDGE_CURVE('',#1876,#2310,#3080,.T.);
#3080 = ELLIPSE('',#3081,1.414213562373,1.);
#3081 = AXIS2_PLACEMENT_3D('',#3082,#3083,#3084);
#3082 = CARTESIAN_POINT('',(1.,15.,59.));
#3083 = DIRECTION('',(0.707106781187,0.707106781187,-0.));
#3084 = DIRECTION('',(-0.707106781187,0.707106781187,0.));
#3085 = ORIENTED_EDGE('',*,*,#1883,.F.);
#3086 = CYLINDRICAL_SURFACE('',#3087,1.);
#3087 = AXIS2_PLACEMENT_3D('',#3088,#3089,#3090);
#3088 = CARTESIAN_POINT('',(1.,10.,59.));
#3089 = DIRECTION('',(0.,1.,0.));
#3090 = DIRECTION('',(-1.,0.,0.));
#3091 = ADVANCED_FACE('',(#3092),#3098,.T.);
#3092 = FACE_BOUND('',#3093,.T.);
#3093 = EDGE_LOOP('',(#3094,#3095,#3096,#3097));
#3094 = ORIENTED_EDGE('',*,*,#2816,.F.);
#3095 = ORIENTED_EDGE('',*,*,#1924,.T.);
#3096 = ORIENTED_EDGE('',*,*,#2256,.T.);
#3097 = ORIENTED_EDGE('',*,*,#2003,.F.);
#3098 = PLANE('',#3099);
#3099 = AXIS2_PLACEMENT_3D('',#3100,#3101,#3102);
#3100 = CARTESIAN_POINT('',(12.,0.,8.));
#3101 = DIRECTION('',(0.,0.,1.));
#3102 = DIRECTION('',(1.,0.,0.));
#3103 = ADVANCED_FACE('',(#3104),#3110,.T.);
#3104 = FACE_BOUND('',#3105,.F.);
#3105 = EDGE_LOOP('',(#3106,#3107,#3108,#3109));
#3106 = ORIENTED_EDGE('',*,*,#3079,.F.);
#3107 = ORIENTED_EDGE('',*,*,#1908,.T.);
#3108 = ORIENTED_EDGE('',*,*,#2284,.F.);
#3109 = ORIENTED_EDGE('',*,*,#2309,.F.);
#3110 = CYLINDRICAL_SURFACE('',#3111,1.);
#3111 = AXIS2_PLACEMENT_3D('',#3112,#3113,#3114);
#3112 = CARTESIAN_POINT('',(0.,15.,59.));
#3113 = DIRECTION('',(1.,0.,0.));
#3114 = DIRECTION('',(0.,0.,1.));
#3115 = ADVANCED_FACE('',(#3116),#3134,.F.);
#3116 = FACE_BOUND('',#3117,.F.);
#3117 = EDGE_LOOP('',(#3118,#3119,#3127,#3133));
#3118 = ORIENTED_EDGE('',*,*,#2877,.F.);
#3119 = ORIENTED_EDGE('',*,*,#3120,.T.);
#3120 = EDGE_CURVE('',#2878,#3121,#3123,.T.);
#3121 = VERTEX_POINT('',#3122);
#3122 = CARTESIAN_POINT('',(-2.22044604925E-16,122.,1.));
#3123 = LINE('',#3124,#3125);
#3124 = CARTESIAN_POINT('',(-2.22044604925E-16,10.,1.));
#3125 = VECTOR('',#3126,1.);
#3126 = DIRECTION('',(0.,1.,0.));
#3127 = ORIENTED_EDGE('',*,*,#3128,.T.);
#3128 = EDGE_CURVE('',#3121,#1950,#3129,.T.);
#3129 = LINE('',#3130,#3131);
#3130 = CARTESIAN_POINT('',(-1.7763568394E-15,122.,0.));
#3131 = VECTOR('',#3132,1.);
#3132 = DIRECTION('',(0.,0.,1.));
#3133 = ORIENTED_EDGE('',*,*,#1958,.F.);
#3134 = PLANE('',#3135);
#3135 = AXIS2_PLACEMENT_3D('',#3136,#3137,#3138);
#3136 = CARTESIAN_POINT('',(0.,0.,0.));
#3137 = DIRECTION('',(1.,0.,0.));
#3138 = DIRECTION('',(0.,0.,1.));
#3139 = ADVANCED_FACE('',(#3140),#3176,.F.);
#3140 = FACE_BOUND('',#3141,.F.);
#3141 = EDGE_LOOP('',(#3142,#3153,#3159,#3160,#3161,#3168,#3169,#3170));
#3142 = ORIENTED_EDGE('',*,*,#3143,.F.);
#3143 = EDGE_CURVE('',#3144,#3146,#3148,.T.);
#3144 = VERTEX_POINT('',#3145);
#3145 = CARTESIAN_POINT('',(-1.7763568394E-15,122.,6.));
#3146 = VERTEX_POINT('',#3147);
#3147 = CARTESIAN_POINT('',(10.,132.,6.));
#3148 = CIRCLE('',#3149,10.);
#3149 = AXIS2_PLACEMENT_3D('',#3150,#3151,#3152);
#3150 = CARTESIAN_POINT('',(10.,122.,6.));
#3151 = DIRECTION('',(-0.,-0.,-1.));
#3152 = DIRECTION('',(0.,-1.,0.));
#3153 = ORIENTED_EDGE('',*,*,#3154,.F.);
#3154 = EDGE_CURVE('',#2379,#3144,#3155,.T.);
#3155 = LINE('',#3156,#3157);
#3156 = CARTESIAN_POINT('',(0.,116.,6.));
#3157 = VECTOR('',#3158,1.);
#3158 = DIRECTION('',(0.,1.,0.));
#3159 = ORIENTED_EDGE('',*,*,#2378,.T.);
#3160 = ORIENTED_EDGE('',*,*,#1941,.T.);
#3161 = ORIENTED_EDGE('',*,*,#3162,.T.);
#3162 = EDGE_CURVE('',#1942,#2443,#3163,.T.);
#3163 = CIRCLE('',#3164,9.);
#3164 = AXIS2_PLACEMENT_3D('',#3165,#3166,#3167);
#3165 = CARTESIAN_POINT('',(10.,122.,6.));
#3166 = DIRECTION('',(0.,0.,-1.));
#3167 = DIRECTION('',(-1.,0.,0.));
#3168 = ORIENTED_EDGE('',*,*,#2451,.T.);
#3169 = ORIENTED_EDGE('',*,*,#2410,.T.);
#3170 = ORIENTED_EDGE('',*,*,#3171,.F.);
#3171 = EDGE_CURVE('',#3146,#2411,#3172,.T.);
#3172 = LINE('',#3173,#3174);
#3173 = CARTESIAN_POINT('',(0.,132.,6.));
#3174 = VECTOR('',#3175,1.);
#3175 = DIRECTION('',(1.,0.,0.));
#3176 = PLANE('',#3177);
#3177 = AXIS2_PLACEMENT_3D('',#3178,#3179,#3180);
#3178 = CARTESIAN_POINT('',(0.,116.,6.));
#3179 = DIRECTION('',(0.,0.,1.));
#3180 = DIRECTION('',(1.,0.,0.));
#3181 = ADVANCED_FACE('',(#3182),#3194,.T.);
#3182 = FACE_BOUND('',#3183,.F.);
#3183 = EDGE_LOOP('',(#3184,#3185,#3192,#3193));
#3184 = ORIENTED_EDGE('',*,*,#1949,.F.);
#3185 = ORIENTED_EDGE('',*,*,#3186,.T.);
#3186 = EDGE_CURVE('',#1950,#2441,#3187,.T.);
#3187 = CIRCLE('',#3188,10.);
#3188 = AXIS2_PLACEMENT_3D('',#3189,#3190,#3191);
#3189 = CARTESIAN_POINT('',(10.,122.,5.));
#3190 = DIRECTION('',(0.,0.,-1.));
#3191 = DIRECTION('',(-1.,0.,0.));
#3192 = ORIENTED_EDGE('',*,*,#2440,.T.);
#3193 = ORIENTED_EDGE('',*,*,#3162,.F.);
#3194 = TOROIDAL_SURFACE('',#3195,9.,1.);
#3195 = AXIS2_PLACEMENT_3D('',#3196,#3197,#3198);
#3196 = CARTESIAN_POINT('',(10.,122.,5.));
#3197 = DIRECTION('',(0.,0.,1.));
#3198 = DIRECTION('',(-1.,0.,0.));
#3199 = ADVANCED_FACE('',(#3200),#3219,.T.);
#3200 = FACE_BOUND('',#3201,.F.);
#3201 = EDGE_LOOP('',(#3202,#3210,#3217,#3218));
#3202 = ORIENTED_EDGE('',*,*,#3203,.T.);
#3203 = EDGE_CURVE('',#2335,#3204,#3206,.T.);
#3204 = VERTEX_POINT('',#3205);
#3205 = CARTESIAN_POINT('',(11.4,8.,64.9));
#3206 = LINE('',#3207,#3208);
#3207 = CARTESIAN_POINT('',(11.4,8.,60.));
#3208 = VECTOR('',#3209,1.);
#3209 = DIRECTION('',(0.,0.,1.));
#3210 = ORIENTED_EDGE('',*,*,#3211,.T.);
#3211 = EDGE_CURVE('',#3204,#3204,#3212,.T.);
#3212 = CIRCLE('',#3213,3.4);
#3213 = AXIS2_PLACEMENT_3D('',#3214,#3215,#3216);
#3214 = CARTESIAN_POINT('',(8.,8.,64.9));
#3215 = DIRECTION('',(0.,0.,1.));
#3216 = DIRECTION('',(1.,0.,0.));
#3217 = ORIENTED_EDGE('',*,*,#3203,.F.);
#3218 = ORIENTED_EDGE('',*,*,#2334,.F.);
#3219 = CYLINDRICAL_SURFACE('',#3220,3.4);
#3220 = AXIS2_PLACEMENT_3D('',#3221,#3222,#3223);
#3221 = CARTESIAN_POINT('',(8.,8.,60.));
#3222 = DIRECTION('',(-0.,-0.,-1.));
#3223 = DIRECTION('',(1.,0.,0.));
#3224 = ADVANCED_FACE('',(#3225),#3252,.T.);
#3225 = FACE_BOUND('',#3226,.T.);
#3226 = EDGE_LOOP('',(#3227,#3236,#3237,#3246));
#3227 = ORIENTED_EDGE('',*,*,#3228,.F.);
#3228 = EDGE_CURVE('',#2387,#3229,#3231,.T.);
#3229 = VERTEX_POINT('',#3230);
#3230 = CARTESIAN_POINT('',(1.,117.,60.));
#3231 = ELLIPSE('',#3232,1.414213562373,1.);
#3232 = AXIS2_PLACEMENT_3D('',#3233,#3234,#3235);
#3233 = CARTESIAN_POINT('',(1.,117.,59.));
#3234 = DIRECTION('',(-0.707106781187,0.707106781187,0.));
#3235 = DIRECTION('',(0.707106781187,0.707106781187,0.));
#3236 = ORIENTED_EDGE('',*,*,#2394,.T.);
#3237 = ORIENTED_EDGE('',*,*,#3238,.F.);
#3238 = EDGE_CURVE('',#3239,#2370,#3241,.T.);
#3239 = VERTEX_POINT('',#3240);
#3240 = CARTESIAN_POINT('',(15.,117.,60.));
#3241 = ELLIPSE('',#3242,1.414213562373,1.);
#3242 = AXIS2_PLACEMENT_3D('',#3243,#3244,#3245);
#3243 = CARTESIAN_POINT('',(15.,117.,59.));
#3244 = DIRECTION('',(0.707106781187,0.707106781187,0.));
#3245 = DIRECTION('',(0.707106781187,-0.707106781187,0.));
#3246 = ORIENTED_EDGE('',*,*,#3247,.F.);
#3247 = EDGE_CURVE('',#3229,#3239,#3248,.T.);
#3248 = LINE('',#3249,#3250);
#3249 = CARTESIAN_POINT('',(0.,117.,60.));
#3250 = VECTOR('',#3251,1.);
#3251 = DIRECTION('',(1.,0.,0.));
#3252 = CYLINDRICAL_SURFACE('',#3253,1.);
#3253 = AXIS2_PLACEMENT_3D('',#3254,#3255,#3256);
#3254 = CARTESIAN_POINT('',(0.,117.,59.));
#3255 = DIRECTION('',(1.,0.,0.));
#3256 = DIRECTION('',(0.,0.,1.));
#3257 = ADVANCED_FACE('',(#3258),#3276,.F.);
#3258 = FACE_BOUND('',#3259,.F.);
#3259 = EDGE_LOOP('',(#3260,#3268,#3274,#3275));
#3260 = ORIENTED_EDGE('',*,*,#3261,.T.);
#3261 = EDGE_CURVE('',#3144,#3262,#3264,.T.);
#3262 = VERTEX_POINT('',#3263);
#3263 = CARTESIAN_POINT('',(-2.22044604925E-16,122.,59.));
#3264 = LINE('',#3265,#3266);
#3265 = CARTESIAN_POINT('',(-1.7763568394E-15,122.,6.));
#3266 = VECTOR('',#3267,1.);
#3267 = DIRECTION('',(0.,0.,1.));
#3268 = ORIENTED_EDGE('',*,*,#3269,.F.);
#3269 = EDGE_CURVE('',#2387,#3262,#3270,.T.);
#3270 = LINE('',#3271,#3272);
#3271 = CARTESIAN_POINT('',(-2.22044604925E-16,116.,59.));
#3272 = VECTOR('',#3273,1.);
#3273 = DIRECTION('',(0.,1.,0.));
#3274 = ORIENTED_EDGE('',*,*,#2386,.F.);
#3275 = ORIENTED_EDGE('',*,*,#3154,.T.);
#3276 = PLANE('',#3277);
#3277 = AXIS2_PLACEMENT_3D('',#3278,#3279,#3280);
#3278 = CARTESIAN_POINT('',(0.,116.,6.));
#3279 = DIRECTION('',(1.,0.,0.));
#3280 = DIRECTION('',(0.,0.,1.));
#3281 = ADVANCED_FACE('',(#3282),#3301,.T.);
#3282 = FACE_BOUND('',#3283,.T.);
#3283 = EDGE_LOOP('',(#3284,#3285,#3286,#3295));
#3284 = ORIENTED_EDGE('',*,*,#3238,.T.);
#3285 = ORIENTED_EDGE('',*,*,#2426,.T.);
#3286 = ORIENTED_EDGE('',*,*,#3287,.T.);
#3287 = EDGE_CURVE('',#2419,#3288,#3290,.T.);
#3288 = VERTEX_POINT('',#3289);
#3289 = CARTESIAN_POINT('',(15.,131.,60.));
#3290 = ELLIPSE('',#3291,1.414213562373,1.);
#3291 = AXIS2_PLACEMENT_3D('',#3292,#3293,#3294);
#3292 = CARTESIAN_POINT('',(15.,131.,59.));
#3293 = DIRECTION('',(0.707106781187,-0.707106781187,0.));
#3294 = DIRECTION('',(0.707106781187,0.707106781187,0.));
#3295 = ORIENTED_EDGE('',*,*,#3296,.F.);
#3296 = EDGE_CURVE('',#3239,#3288,#3297,.T.);
#3297 = LINE('',#3298,#3299);
#3298 = CARTESIAN_POINT('',(15.,116.,60.));
#3299 = VECTOR('',#3300,1.);
#3300 = DIRECTION('',(0.,1.,0.));
#3301 = CYLINDRICAL_SURFACE('',#3302,1.);
#3302 = AXIS2_PLACEMENT_3D('',#3303,#3304,#3305);
#3303 = CARTESIAN_POINT('',(15.,116.,59.));
#3304 = DIRECTION('',(0.,1.,0.));
#3305 = DIRECTION('',(0.,0.,1.));
#3306 = ADVANCED_FACE('',(#3307),#3325,.T.);
#3307 = FACE_BOUND('',#3308,.T.);
#3308 = EDGE_LOOP('',(#3309,#3317,#3323,#3324));
#3309 = ORIENTED_EDGE('',*,*,#3310,.T.);
#3310 = EDGE_CURVE('',#3146,#3311,#3313,.T.);
#3311 = VERTEX_POINT('',#3312);
#3312 = CARTESIAN_POINT('',(10.,132.,59.));
#3313 = LINE('',#3314,#3315);
#3314 = CARTESIAN_POINT('',(10.,132.,6.));
#3315 = VECTOR('',#3316,1.);
#3316 = DIRECTION('',(0.,0.,1.));
#3317 = ORIENTED_EDGE('',*,*,#3318,.T.);
#3318 = EDGE_CURVE('',#3311,#2419,#3319,.T.);
#3319 = LINE('',#3320,#3321);
#3320 = CARTESIAN_POINT('',(10.,132.,59.));
#3321 = VECTOR('',#3322,1.);
#3322 = DIRECTION('',(1.,0.,0.));
#3323 = ORIENTED_EDGE('',*,*,#2418,.F.);
#3324 = ORIENTED_EDGE('',*,*,#3171,.F.);
#3325 = PLANE('',#3326);
#3326 = AXIS2_PLACEMENT_3D('',#3327,#3328,#3329);
#3327 = CARTESIAN_POINT('',(0.,132.,6.));
#3328 = DIRECTION('',(0.,1.,0.));
#3329 = DIRECTION('',(0.,0.,1.));
#3330 = ADVANCED_FACE('',(#3331),#3349,.T.);
#3331 = FACE_BOUND('',#3332,.T.);
#3332 = EDGE_LOOP('',(#3333,#3341,#3342,#3343));
#3333 = ORIENTED_EDGE('',*,*,#3334,.T.);
#3334 = EDGE_CURVE('',#3335,#2441,#3337,.T.);
#3335 = VERTEX_POINT('',#3336);
#3336 = CARTESIAN_POINT('',(10.,132.,1.));
#3337 = LINE('',#3338,#3339);
#3338 = CARTESIAN_POINT('',(10.,132.,0.));
#3339 = VECTOR('',#3340,1.);
#3340 = DIRECTION('',(0.,0.,1.));
#3341 = ORIENTED_EDGE('',*,*,#2460,.T.);
#3342 = ORIENTED_EDGE('',*,*,#2971,.F.);
#3343 = ORIENTED_EDGE('',*,*,#3344,.F.);
#3344 = EDGE_CURVE('',#3335,#2963,#3345,.T.);
#3345 = LINE('',#3346,#3347);
#3346 = CARTESIAN_POINT('',(10.,132.,1.));
#3347 = VECTOR('',#3348,1.);
#3348 = DIRECTION('',(1.,0.,0.));
#3349 = PLANE('',#3350);
#3350 = AXIS2_PLACEMENT_3D('',#3351,#3352,#3353);
#3351 = CARTESIAN_POINT('',(0.,132.,0.));
#3352 = DIRECTION('',(0.,1.,0.));
#3353 = DIRECTION('',(0.,0.,1.));
#3354 = ADVANCED_FACE('',(#3355),#3382,.T.);
#3355 = FACE_BOUND('',#3356,.F.);
#3356 = EDGE_LOOP('',(#3357,#3366,#3367,#3376));
#3357 = ORIENTED_EDGE('',*,*,#3358,.T.);
#3358 = EDGE_CURVE('',#3359,#2475,#3361,.T.);
#3359 = VERTEX_POINT('',#3360);
#3360 = CARTESIAN_POINT('',(127.,117.,60.));
#3361 = ELLIPSE('',#3362,1.414213562373,1.);
#3362 = AXIS2_PLACEMENT_3D('',#3363,#3364,#3365);
#3363 = CARTESIAN_POINT('',(127.,117.,59.));
#3364 = DIRECTION('',(0.707106781187,-0.707106781187,0.));
#3365 = DIRECTION('',(0.707106781187,0.707106781187,0.));
#3366 = ORIENTED_EDGE('',*,*,#2492,.T.);
#3367 = ORIENTED_EDGE('',*,*,#3368,.T.);
#3368 = EDGE_CURVE('',#2485,#3369,#3371,.T.);
#3369 = VERTEX_POINT('',#3370);
#3370 = CARTESIAN_POINT('',(127.,131.,60.));
#3371 = ELLIPSE('',#3372,1.414213562373,1.);
#3372 = AXIS2_PLACEMENT_3D('',#3373,#3374,#3375);
#3373 = CARTESIAN_POINT('',(127.,131.,59.));
#3374 = DIRECTION('',(0.707106781187,0.707106781187,-0.));
#3375 = DIRECTION('',(-0.707106781187,0.707106781187,0.));
#3376 = ORIENTED_EDGE('',*,*,#3377,.F.);
#3377 = EDGE_CURVE('',#3359,#3369,#3378,.T.);
#3378 = LINE('',#3379,#3380);
#3379 = CARTESIAN_POINT('',(127.,116.,60.));
#3380 = VECTOR('',#3381,1.);
#3381 = DIRECTION('',(0.,1.,0.));
#3382 = CYLINDRICAL_SURFACE('',#3383,1.);
#3383 = AXIS2_PLACEMENT_3D('',#3384,#3385,#3386);
#3384 = CARTESIAN_POINT('',(127.,116.,59.));
#3385 = DIRECTION('',(0.,1.,0.));
#3386 = DIRECTION('',(0.,0.,1.));
#3387 = ADVANCED_FACE('',(#3388),#3407,.T.);
#3388 = FACE_BOUND('',#3389,.T.);
#3389 = EDGE_LOOP('',(#3390,#3391,#3392,#3401));
#3390 = ORIENTED_EDGE('',*,*,#3358,.T.);
#3391 = ORIENTED_EDGE('',*,*,#2517,.T.);
#3392 = ORIENTED_EDGE('',*,*,#3393,.T.);
#3393 = EDGE_CURVE('',#2507,#3394,#3396,.T.);
#3394 = VERTEX_POINT('',#3395);
#3395 = CARTESIAN_POINT('',(141.,117.,60.));
#3396 = ELLIPSE('',#3397,1.414213562373,1.);
#3397 = AXIS2_PLACEMENT_3D('',#3398,#3399,#3400);
#3398 = CARTESIAN_POINT('',(141.,117.,59.));
#3399 = DIRECTION('',(-0.707106781187,-0.707106781187,-0.));
#3400 = DIRECTION('',(-0.707106781187,0.707106781187,0.));
#3401 = ORIENTED_EDGE('',*,*,#3402,.F.);
#3402 = EDGE_CURVE('',#3359,#3394,#3403,.T.);
#3403 = LINE('',#3404,#3405);
#3404 = CARTESIAN_POINT('',(126.,117.,60.));
#3405 = VECTOR('',#3406,1.);
#3406 = DIRECTION('',(1.,0.,0.));
#3407 = CYLINDRICAL_SURFACE('',#3408,1.);
#3408 = AXIS2_PLACEMENT_3D('',#3409,#3410,#3411);
#3409 = CARTESIAN_POINT('',(126.,117.,59.));
#3410 = DIRECTION('',(1.,0.,0.));
#3411 = DIRECTION('',(0.,0.,1.));
#3412 = ADVANCED_FACE('',(#3413),#3424,.F.);
#3413 = FACE_BOUND('',#3414,.F.);
#3414 = EDGE_LOOP('',(#3415,#3416,#3422,#3423));
#3415 = ORIENTED_EDGE('',*,*,#2633,.F.);
#3416 = ORIENTED_EDGE('',*,*,#3417,.F.);
#3417 = EDGE_CURVE('',#2571,#2634,#3418,.T.);
#3418 = LINE('',#3419,#3420);
#3419 = CARTESIAN_POINT('',(125.,93.,6.));
#3420 = VECTOR('',#3421,1.);
#3421 = DIRECTION('',(0.,1.,0.));
#3422 = ORIENTED_EDGE('',*,*,#2570,.T.);
#3423 = ORIENTED_EDGE('',*,*,#2554,.T.);
#3424 = PLANE('',#3425);
#3425 = AXIS2_PLACEMENT_3D('',#3426,#3427,#3428);
#3426 = CARTESIAN_POINT('',(125.,93.,6.));
#3427 = DIRECTION('',(0.,0.,1.));
#3428 = DIRECTION('',(1.,0.,0.));
#3429 = ADVANCED_FACE('',(#3430,#3476,#3482,#3493,#3504,#3515),#3526,.F.
  );
#3430 = FACE_BOUND('',#3431,.T.);
#3431 = EDGE_LOOP('',(#3432,#3442,#3451,#3459,#3466,#3467,#3468,#3469));
#3432 = ORIENTED_EDGE('',*,*,#3433,.T.);
#3433 = EDGE_CURVE('',#3434,#3436,#3438,.T.);
#3434 = VERTEX_POINT('',#3435);
#3435 = CARTESIAN_POINT('',(1.,10.,-2.22044604925E-16));
#3436 = VERTEX_POINT('',#3437);
#3437 = CARTESIAN_POINT('',(1.,122.,-2.22044604925E-16));
#3438 = LINE('',#3439,#3440);
#3439 = CARTESIAN_POINT('',(1.,10.,-2.22044604925E-16));
#3440 = VECTOR('',#3441,1.);
#3441 = DIRECTION('',(0.,1.,0.));
#3442 = ORIENTED_EDGE('',*,*,#3443,.T.);
#3443 = EDGE_CURVE('',#3436,#3444,#3446,.T.);
#3444 = VERTEX_POINT('',#3445);
#3445 = CARTESIAN_POINT('',(10.,131.,0.));
#3446 = CIRCLE('',#3447,9.);
#3447 = AXIS2_PLACEMENT_3D('',#3448,#3449,#3450);
#3448 = CARTESIAN_POINT('',(10.,122.,0.));
#3449 = DIRECTION('',(0.,0.,-1.));
#3450 = DIRECTION('',(-1.,0.,0.));
#3451 = ORIENTED_EDGE('',*,*,#3452,.T.);
#3452 = EDGE_CURVE('',#3444,#3453,#3455,.T.);
#3453 = VERTEX_POINT('',#3454);
#3454 = CARTESIAN_POINT('',(132.,131.,-2.22044604925E-16));
#3455 = LINE('',#3456,#3457);
#3456 = CARTESIAN_POINT('',(10.,131.,-2.22044604925E-16));
#3457 = VECTOR('',#3458,1.);
#3458 = DIRECTION('',(1.,0.,0.));
#3459 = ORIENTED_EDGE('',*,*,#3460,.T.);
#3460 = EDGE_CURVE('',#3453,#2987,#3461,.T.);
#3461 = CIRCLE('',#3462,9.);
#3462 = AXIS2_PLACEMENT_3D('',#3463,#3464,#3465);
#3463 = CARTESIAN_POINT('',(132.,122.,0.));
#3464 = DIRECTION('',(0.,0.,-1.));
#3465 = DIRECTION('',(0.,1.,0.));
#3466 = ORIENTED_EDGE('',*,*,#2995,.T.);
#3467 = ORIENTED_EDGE('',*,*,#2946,.T.);
#3468 = ORIENTED_EDGE('',*,*,#2911,.T.);
#3469 = ORIENTED_EDGE('',*,*,#3470,.T.);
#3470 = EDGE_CURVE('',#2912,#3434,#3471,.T.);
#3471 = CIRCLE('',#3472,9.);
#3472 = AXIS2_PLACEMENT_3D('',#3473,#3474,#3475);
#3473 = CARTESIAN_POINT('',(10.,10.,0.));
#3474 = DIRECTION('',(-0.,0.,-1.));
#3475 = DIRECTION('',(-1.7763568394E-16,-1.,0.));
#3476 = FACE_BOUND('',#3477,.F.);
#3477 = EDGE_LOOP('',(#3478,#3479,#3480,#3481));
#3478 = ORIENTED_EDGE('',*,*,#2697,.T.);
#3479 = ORIENTED_EDGE('',*,*,#2666,.F.);
#3480 = ORIENTED_EDGE('',*,*,#2539,.F.);
#3481 = ORIENTED_EDGE('',*,*,#2859,.T.);
#3482 = FACE_BOUND('',#3483,.F.);
#3483 = EDGE_LOOP('',(#3484));
#3484 = ORIENTED_EDGE('',*,*,#3485,.T.);
#3485 = EDGE_CURVE('',#3486,#3486,#3488,.T.);
#3486 = VERTEX_POINT('',#3487);
#3487 = CARTESIAN_POINT('',(137.9,124.,0.));
#3488 = CIRCLE('',#3489,3.9);
#3489 = AXIS2_PLACEMENT_3D('',#3490,#3491,#3492);
#3490 = CARTESIAN_POINT('',(134.,124.,0.));
#3491 = DIRECTION('',(0.,0.,-1.));
#3492 = DIRECTION('',(1.,0.,0.));
#3493 = FACE_BOUND('',#3494,.F.);
#3494 = EDGE_LOOP('',(#3495));
#3495 = ORIENTED_EDGE('',*,*,#3496,.T.);
#3496 = EDGE_CURVE('',#3497,#3497,#3499,.T.);
#3497 = VERTEX_POINT('',#3498);
#3498 = CARTESIAN_POINT('',(137.9,8.,0.));
#3499 = CIRCLE('',#3500,3.9);
#3500 = AXIS2_PLACEMENT_3D('',#3501,#3502,#3503);
#3501 = CARTESIAN_POINT('',(134.,8.,0.));
#3502 = DIRECTION('',(0.,0.,-1.));
#3503 = DIRECTION('',(1.,0.,0.));
#3504 = FACE_BOUND('',#3505,.F.);
#3505 = EDGE_LOOP('',(#3506));
#3506 = ORIENTED_EDGE('',*,*,#3507,.T.);
#3507 = EDGE_CURVE('',#3508,#3508,#3510,.T.);
#3508 = VERTEX_POINT('',#3509);
#3509 = CARTESIAN_POINT('',(11.9,124.,0.));
#3510 = CIRCLE('',#3511,3.9);
#3511 = AXIS2_PLACEMENT_3D('',#3512,#3513,#3514);
#3512 = CARTESIAN_POINT('',(8.,124.,0.));
#3513 = DIRECTION('',(0.,0.,-1.));
#3514 = DIRECTION('',(1.,0.,0.));
#3515 = FACE_BOUND('',#3516,.F.);
#3516 = EDGE_LOOP('',(#3517));
#3517 = ORIENTED_EDGE('',*,*,#3518,.T.);
#3518 = EDGE_CURVE('',#3519,#3519,#3521,.T.);
#3519 = VERTEX_POINT('',#3520);
#3520 = CARTESIAN_POINT('',(11.9,8.,0.));
#3521 = CIRCLE('',#3522,3.9);
#3522 = AXIS2_PLACEMENT_3D('',#3523,#3524,#3525);
#3523 = CARTESIAN_POINT('',(8.,8.,0.));
#3524 = DIRECTION('',(0.,0.,-1.));
#3525 = DIRECTION('',(1.,0.,0.));
#3526 = PLANE('',#3527);
#3527 = AXIS2_PLACEMENT_3D('',#3528,#3529,#3530);
#3528 = CARTESIAN_POINT('',(0.,0.,0.));
#3529 = DIRECTION('',(0.,0.,1.));
#3530 = DIRECTION('',(1.,0.,0.));
#3531 = ADVANCED_FACE('',(#3532,#3543),#3577,.T.);
#3532 = FACE_BOUND('',#3533,.T.);
#3533 = EDGE_LOOP('',(#3534,#3540,#3541,#3542));
#3534 = ORIENTED_EDGE('',*,*,#3535,.F.);
#3535 = EDGE_CURVE('',#2579,#2642,#3536,.T.);
#3536 = LINE('',#3537,#3538);
#3537 = CARTESIAN_POINT('',(125.,93.,8.));
#3538 = VECTOR('',#3539,1.);
#3539 = DIRECTION('',(0.,1.,0.));
#3540 = ORIENTED_EDGE('',*,*,#2586,.T.);
#3541 = ORIENTED_EDGE('',*,*,#2619,.T.);
#3542 = ORIENTED_EDGE('',*,*,#2649,.F.);
#3543 = FACE_BOUND('',#3544,.T.);
#3544 = EDGE_LOOP('',(#3545,#3555,#3563,#3571));
#3545 = ORIENTED_EDGE('',*,*,#3546,.F.);
#3546 = EDGE_CURVE('',#3547,#3549,#3551,.T.);
#3547 = VERTEX_POINT('',#3548);
#3548 = CARTESIAN_POINT('',(126.5,93.9,8.));
#3549 = VERTEX_POINT('',#3550);
#3550 = CARTESIAN_POINT('',(130.1,93.9,8.));
#3551 = LINE('',#3552,#3553);
#3552 = CARTESIAN_POINT('',(126.5,93.9,8.));
#3553 = VECTOR('',#3554,1.);
#3554 = DIRECTION('',(1.,0.,0.));
#3555 = ORIENTED_EDGE('',*,*,#3556,.T.);
#3556 = EDGE_CURVE('',#3547,#3557,#3559,.T.);
#3557 = VERTEX_POINT('',#3558);
#3558 = CARTESIAN_POINT('',(126.5,96.9,8.));
#3559 = LINE('',#3560,#3561);
#3560 = CARTESIAN_POINT('',(126.5,93.9,8.));
#3561 = VECTOR('',#3562,1.);
#3562 = DIRECTION('',(0.,1.,0.));
#3563 = ORIENTED_EDGE('',*,*,#3564,.T.);
#3564 = EDGE_CURVE('',#3557,#3565,#3567,.T.);
#3565 = VERTEX_POINT('',#3566);
#3566 = CARTESIAN_POINT('',(130.1,96.9,8.));
#3567 = LINE('',#3568,#3569);
#3568 = CARTESIAN_POINT('',(126.5,96.9,8.));
#3569 = VECTOR('',#3570,1.);
#3570 = DIRECTION('',(1.,0.,0.));
#3571 = ORIENTED_EDGE('',*,*,#3572,.F.);
#3572 = EDGE_CURVE('',#3549,#3565,#3573,.T.);
#3573 = LINE('',#3574,#3575);
#3574 = CARTESIAN_POINT('',(130.1,93.9,8.));
#3575 = VECTOR('',#3576,1.);
#3576 = DIRECTION('',(0.,1.,0.));
#3577 = PLANE('',#3578);
#3578 = AXIS2_PLACEMENT_3D('',#3579,#3580,#3581);
#3579 = CARTESIAN_POINT('',(125.,93.,8.));
#3580 = DIRECTION('',(0.,0.,1.));
#3581 = DIRECTION('',(1.,0.,0.));
#3582 = ADVANCED_FACE('',(#3583),#3589,.F.);
#3583 = FACE_BOUND('',#3584,.F.);
#3584 = EDGE_LOOP('',(#3585,#3586,#3587,#3588));
#3585 = ORIENTED_EDGE('',*,*,#2578,.F.);
#3586 = ORIENTED_EDGE('',*,*,#3417,.T.);
#3587 = ORIENTED_EDGE('',*,*,#2641,.T.);
#3588 = ORIENTED_EDGE('',*,*,#3535,.F.);
#3589 = PLANE('',#3590);
#3590 = AXIS2_PLACEMENT_3D('',#3591,#3592,#3593);
#3591 = CARTESIAN_POINT('',(125.,93.,6.));
#3592 = DIRECTION('',(1.,0.,0.));
#3593 = DIRECTION('',(0.,0.,1.));
#3594 = ADVANCED_FACE('',(#3595),#3606,.F.);
#3595 = FACE_BOUND('',#3596,.F.);
#3596 = EDGE_LOOP('',(#3597,#3598,#3599,#3605));
#3597 = ORIENTED_EDGE('',*,*,#2705,.F.);
#3598 = ORIENTED_EDGE('',*,*,#2802,.T.);
#3599 = ORIENTED_EDGE('',*,*,#3600,.T.);
#3600 = EDGE_CURVE('',#2795,#2739,#3601,.T.);
#3601 = LINE('',#3602,#3603);
#3602 = CARTESIAN_POINT('',(17.,93.,6.));
#3603 = VECTOR('',#3604,1.);
#3604 = DIRECTION('',(0.,1.,0.));
#3605 = ORIENTED_EDGE('',*,*,#2746,.F.);
#3606 = PLANE('',#3607);
#3607 = AXIS2_PLACEMENT_3D('',#3608,#3609,#3610);
#3608 = CARTESIAN_POINT('',(11.,93.,6.));
#3609 = DIRECTION('',(0.,0.,1.));
#3610 = DIRECTION('',(1.,0.,0.));
#3611 = ADVANCED_FACE('',(#3612),#3623,.T.);
#3612 = FACE_BOUND('',#3613,.T.);
#3613 = EDGE_LOOP('',(#3614,#3615,#3616,#3617));
#3614 = ORIENTED_EDGE('',*,*,#2794,.F.);
#3615 = ORIENTED_EDGE('',*,*,#3600,.T.);
#3616 = ORIENTED_EDGE('',*,*,#2738,.T.);
#3617 = ORIENTED_EDGE('',*,*,#3618,.F.);
#3618 = EDGE_CURVE('',#2787,#2731,#3619,.T.);
#3619 = LINE('',#3620,#3621);
#3620 = CARTESIAN_POINT('',(17.,93.,8.));
#3621 = VECTOR('',#3622,1.);
#3622 = DIRECTION('',(0.,1.,0.));
#3623 = PLANE('',#3624);
#3624 = AXIS2_PLACEMENT_3D('',#3625,#3626,#3627);
#3625 = CARTESIAN_POINT('',(17.,93.,6.));
#3626 = DIRECTION('',(1.,0.,0.));
#3627 = DIRECTION('',(0.,0.,1.));
#3628 = ADVANCED_FACE('',(#3629,#3635),#3669,.T.);
#3629 = FACE_BOUND('',#3630,.T.);
#3630 = EDGE_LOOP('',(#3631,#3632,#3633,#3634));
#3631 = ORIENTED_EDGE('',*,*,#2770,.F.);
#3632 = ORIENTED_EDGE('',*,*,#2786,.T.);
#3633 = ORIENTED_EDGE('',*,*,#3618,.T.);
#3634 = ORIENTED_EDGE('',*,*,#2730,.F.);
#3635 = FACE_BOUND('',#3636,.T.);
#3636 = EDGE_LOOP('',(#3637,#3647,#3655,#3663));
#3637 = ORIENTED_EDGE('',*,*,#3638,.F.);
#3638 = EDGE_CURVE('',#3639,#3641,#3643,.T.);
#3639 = VERTEX_POINT('',#3640);
#3640 = CARTESIAN_POINT('',(11.9,93.9,8.));
#3641 = VERTEX_POINT('',#3642);
#3642 = CARTESIAN_POINT('',(15.5,93.9,8.));
#3643 = LINE('',#3644,#3645);
#3644 = CARTESIAN_POINT('',(11.9,93.9,8.));
#3645 = VECTOR('',#3646,1.);
#3646 = DIRECTION('',(1.,0.,0.));
#3647 = ORIENTED_EDGE('',*,*,#3648,.T.);
#3648 = EDGE_CURVE('',#3639,#3649,#3651,.T.);
#3649 = VERTEX_POINT('',#3650);
#3650 = CARTESIAN_POINT('',(11.9,96.9,8.));
#3651 = LINE('',#3652,#3653);
#3652 = CARTESIAN_POINT('',(11.9,93.9,8.));
#3653 = VECTOR('',#3654,1.);
#3654 = DIRECTION('',(0.,1.,0.));
#3655 = ORIENTED_EDGE('',*,*,#3656,.T.);
#3656 = EDGE_CURVE('',#3649,#3657,#3659,.T.);
#3657 = VERTEX_POINT('',#3658);
#3658 = CARTESIAN_POINT('',(15.5,96.9,8.));
#3659 = LINE('',#3660,#3661);
#3660 = CARTESIAN_POINT('',(11.9,96.9,8.));
#3661 = VECTOR('',#3662,1.);
#3662 = DIRECTION('',(1.,0.,0.));
#3663 = ORIENTED_EDGE('',*,*,#3664,.F.);
#3664 = EDGE_CURVE('',#3641,#3657,#3665,.T.);
#3665 = LINE('',#3666,#3667);
#3666 = CARTESIAN_POINT('',(15.5,93.9,8.));
#3667 = VECTOR('',#3668,1.);
#3668 = DIRECTION('',(0.,1.,0.));
#3669 = PLANE('',#3670);
#3670 = AXIS2_PLACEMENT_3D('',#3671,#3672,#3673);
#3671 = CARTESIAN_POINT('',(11.,93.,8.));
#3672 = DIRECTION('',(0.,0.,1.));
#3673 = DIRECTION('',(1.,0.,0.));
#3674 = ADVANCED_FACE('',(#3675),#3678,.T.);
#3675 = FACE_BOUND('',#3676,.T.);
#3676 = EDGE_LOOP('',(#3677));
#3677 = ORIENTED_EDGE('',*,*,#2843,.T.);
#3678 = PLANE('',#3679);
#3679 = AXIS2_PLACEMENT_3D('',#3680,#3681,#3682);
#3680 = CARTESIAN_POINT('',(134.,8.,65.5));
#3681 = DIRECTION('',(0.,0.,1.));
#3682 = DIRECTION('',(1.,0.,0.));
#3683 = ADVANCED_FACE('',(#3684),#3696,.T.);
#3684 = FACE_BOUND('',#3685,.T.);
#3685 = EDGE_LOOP('',(#3686,#3687,#3688,#3695));
#3686 = ORIENTED_EDGE('',*,*,#2919,.F.);
#3687 = ORIENTED_EDGE('',*,*,#2885,.T.);
#3688 = ORIENTED_EDGE('',*,*,#3689,.T.);
#3689 = EDGE_CURVE('',#2878,#3434,#3690,.T.);
#3690 = CIRCLE('',#3691,1.);
#3691 = AXIS2_PLACEMENT_3D('',#3692,#3693,#3694);
#3692 = CARTESIAN_POINT('',(1.,10.,1.));
#3693 = DIRECTION('',(-0.,-1.,-0.));
#3694 = DIRECTION('',(-1.,0.,0.));
#3695 = ORIENTED_EDGE('',*,*,#3470,.F.);
#3696 = TOROIDAL_SURFACE('',#3697,9.,1.);
#3697 = AXIS2_PLACEMENT_3D('',#3698,#3699,#3700);
#3698 = CARTESIAN_POINT('',(10.,10.,1.));
#3699 = DIRECTION('',(-0.,-0.,-1.));
#3700 = DIRECTION('',(-1.7763568394E-16,-1.,0.));
#3701 = ADVANCED_FACE('',(#3702),#3714,.T.);
#3702 = FACE_BOUND('',#3703,.T.);
#3703 = EDGE_LOOP('',(#3704,#3711,#3712,#3713));
#3704 = ORIENTED_EDGE('',*,*,#3705,.F.);
#3705 = EDGE_CURVE('',#2963,#3453,#3706,.T.);
#3706 = CIRCLE('',#3707,1.);
#3707 = AXIS2_PLACEMENT_3D('',#3708,#3709,#3710);
#3708 = CARTESIAN_POINT('',(132.,131.,1.));
#3709 = DIRECTION('',(-1.,0.,0.));
#3710 = DIRECTION('',(0.,1.,0.));
#3711 = ORIENTED_EDGE('',*,*,#2962,.T.);
#3712 = ORIENTED_EDGE('',*,*,#2986,.T.);
#3713 = ORIENTED_EDGE('',*,*,#3460,.F.);
#3714 = TOROIDAL_SURFACE('',#3715,9.,1.);
#3715 = AXIS2_PLACEMENT_3D('',#3716,#3717,#3718);
#3716 = CARTESIAN_POINT('',(132.,122.,1.));
#3717 = DIRECTION('',(-0.,-0.,-1.));
#3718 = DIRECTION('',(0.,1.,0.));
#3719 = ADVANCED_FACE('',(#3720),#3748,.T.);
#3720 = FACE_BOUND('',#3721,.T.);
#3721 = EDGE_LOOP('',(#3722,#3731,#3732,#3741));
#3722 = ORIENTED_EDGE('',*,*,#3723,.F.);
#3723 = EDGE_CURVE('',#3012,#3724,#3726,.T.);
#3724 = VERTEX_POINT('',#3725);
#3725 = CARTESIAN_POINT('',(141.,122.,60.));
#3726 = CIRCLE('',#3727,1.);
#3727 = AXIS2_PLACEMENT_3D('',#3728,#3729,#3730);
#3728 = CARTESIAN_POINT('',(141.,122.,59.));
#3729 = DIRECTION('',(0.,-1.,0.));
#3730 = DIRECTION('',(1.,0.,0.));
#3731 = ORIENTED_EDGE('',*,*,#3028,.T.);
#3732 = ORIENTED_EDGE('',*,*,#3733,.T.);
#3733 = EDGE_CURVE('',#3021,#3734,#3736,.T.);
#3734 = VERTEX_POINT('',#3735);
#3735 = CARTESIAN_POINT('',(132.,131.,60.));
#3736 = CIRCLE('',#3737,1.);
#3737 = AXIS2_PLACEMENT_3D('',#3738,#3739,#3740);
#3738 = CARTESIAN_POINT('',(132.,131.,59.));
#3739 = DIRECTION('',(1.,-6.123233995737E-17,0.));
#3740 = DIRECTION('',(6.123233995737E-17,1.,0.));
#3741 = ORIENTED_EDGE('',*,*,#3742,.F.);
#3742 = EDGE_CURVE('',#3724,#3734,#3743,.T.);
#3743 = CIRCLE('',#3744,9.);
#3744 = AXIS2_PLACEMENT_3D('',#3745,#3746,#3747);
#3745 = CARTESIAN_POINT('',(132.,122.,60.));
#3746 = DIRECTION('',(0.,0.,1.));
#3747 = DIRECTION('',(1.,0.,0.));
#3748 = TOROIDAL_SURFACE('',#3749,9.,1.);
#3749 = AXIS2_PLACEMENT_3D('',#3750,#3751,#3752);
#3750 = CARTESIAN_POINT('',(132.,122.,59.));
#3751 = DIRECTION('',(0.,0.,1.));
#3752 = DIRECTION('',(1.,0.,0.));
#3753 = ADVANCED_FACE('',(#3754),#3765,.T.);
#3754 = FACE_BOUND('',#3755,.F.);
#3755 = EDGE_LOOP('',(#3756,#3757,#3763,#3764));
#3756 = ORIENTED_EDGE('',*,*,#3393,.T.);
#3757 = ORIENTED_EDGE('',*,*,#3758,.T.);
#3758 = EDGE_CURVE('',#3394,#3724,#3759,.T.);
#3759 = LINE('',#3760,#3761);
#3760 = CARTESIAN_POINT('',(141.,116.,60.));
#3761 = VECTOR('',#3762,1.);
#3762 = DIRECTION('',(0.,1.,0.));
#3763 = ORIENTED_EDGE('',*,*,#3723,.F.);
#3764 = ORIENTED_EDGE('',*,*,#3044,.F.);
#3765 = CYLINDRICAL_SURFACE('',#3766,1.);
#3766 = AXIS2_PLACEMENT_3D('',#3767,#3768,#3769);
#3767 = CARTESIAN_POINT('',(141.,116.,59.));
#3768 = DIRECTION('',(0.,1.,0.));
#3769 = DIRECTION('',(1.,0.,0.));
#3770 = ADVANCED_FACE('',(#3771),#3782,.T.);
#3771 = FACE_BOUND('',#3772,.F.);
#3772 = EDGE_LOOP('',(#3773,#3774,#3780,#3781));
#3773 = ORIENTED_EDGE('',*,*,#3733,.T.);
#3774 = ORIENTED_EDGE('',*,*,#3775,.T.);
#3775 = EDGE_CURVE('',#3734,#3369,#3776,.T.);
#3776 = LINE('',#3777,#3778);
#3777 = CARTESIAN_POINT('',(132.,131.,60.));
#3778 = VECTOR('',#3779,1.);
#3779 = DIRECTION('',(-1.,-0.,-0.));
#3780 = ORIENTED_EDGE('',*,*,#3368,.F.);
#3781 = ORIENTED_EDGE('',*,*,#3063,.F.);
#3782 = CYLINDRICAL_SURFACE('',#3783,1.);
#3783 = AXIS2_PLACEMENT_3D('',#3784,#3785,#3786);
#3784 = CARTESIAN_POINT('',(132.,131.,59.));
#3785 = DIRECTION('',(-1.,-0.,-0.));
#3786 = DIRECTION('',(0.,1.,0.));
#3787 = ADVANCED_FACE('',(#3788),#3800,.T.);
#3788 = FACE_BOUND('',#3789,.F.);
#3789 = EDGE_LOOP('',(#3790,#3791,#3792,#3799));
#3790 = ORIENTED_EDGE('',*,*,#3689,.T.);
#3791 = ORIENTED_EDGE('',*,*,#3433,.T.);
#3792 = ORIENTED_EDGE('',*,*,#3793,.F.);
#3793 = EDGE_CURVE('',#3121,#3436,#3794,.T.);
#3794 = CIRCLE('',#3795,1.);
#3795 = AXIS2_PLACEMENT_3D('',#3796,#3797,#3798);
#3796 = CARTESIAN_POINT('',(1.,122.,1.));
#3797 = DIRECTION('',(-0.,-1.,-0.));
#3798 = DIRECTION('',(-1.,0.,0.));
#3799 = ORIENTED_EDGE('',*,*,#3120,.F.);
#3800 = CYLINDRICAL_SURFACE('',#3801,1.);
#3801 = AXIS2_PLACEMENT_3D('',#3802,#3803,#3804);
#3802 = CARTESIAN_POINT('',(1.,10.,1.));
#3803 = DIRECTION('',(0.,1.,0.));
#3804 = DIRECTION('',(-1.,0.,0.));
#3805 = ADVANCED_FACE('',(#3806),#3818,.T.);
#3806 = FACE_BOUND('',#3807,.F.);
#3807 = EDGE_LOOP('',(#3808,#3809,#3816,#3817));
#3808 = ORIENTED_EDGE('',*,*,#3128,.F.);
#3809 = ORIENTED_EDGE('',*,*,#3810,.T.);
#3810 = EDGE_CURVE('',#3121,#3335,#3811,.T.);
#3811 = CIRCLE('',#3812,10.);
#3812 = AXIS2_PLACEMENT_3D('',#3813,#3814,#3815);
#3813 = CARTESIAN_POINT('',(10.,122.,1.));
#3814 = DIRECTION('',(0.,0.,-1.));
#3815 = DIRECTION('',(-1.,0.,0.));
#3816 = ORIENTED_EDGE('',*,*,#3334,.T.);
#3817 = ORIENTED_EDGE('',*,*,#3186,.F.);
#3818 = CYLINDRICAL_SURFACE('',#3819,10.);
#3819 = AXIS2_PLACEMENT_3D('',#3820,#3821,#3822);
#3820 = CARTESIAN_POINT('',(10.,122.,0.));
#3821 = DIRECTION('',(0.,0.,1.));
#3822 = DIRECTION('',(-1.,0.,0.));
#3823 = ADVANCED_FACE('',(#3824),#3836,.T.);
#3824 = FACE_BOUND('',#3825,.F.);
#3825 = EDGE_LOOP('',(#3826,#3827,#3828,#3829));
#3826 = ORIENTED_EDGE('',*,*,#3261,.F.);
#3827 = ORIENTED_EDGE('',*,*,#3143,.T.);
#3828 = ORIENTED_EDGE('',*,*,#3310,.T.);
#3829 = ORIENTED_EDGE('',*,*,#3830,.F.);
#3830 = EDGE_CURVE('',#3262,#3311,#3831,.T.);
#3831 = CIRCLE('',#3832,10.);
#3832 = AXIS2_PLACEMENT_3D('',#3833,#3834,#3835);
#3833 = CARTESIAN_POINT('',(10.,122.,59.));
#3834 = DIRECTION('',(0.,0.,-1.));
#3835 = DIRECTION('',(-1.,0.,0.));
#3836 = CYLINDRICAL_SURFACE('',#3837,10.);
#3837 = AXIS2_PLACEMENT_3D('',#3838,#3839,#3840);
#3838 = CARTESIAN_POINT('',(10.,122.,6.));
#3839 = DIRECTION('',(0.,0.,1.));
#3840 = DIRECTION('',(-1.,0.,0.));
#3841 = ADVANCED_FACE('',(#3842),#3861,.T.);
#3842 = FACE_BOUND('',#3843,.T.);
#3843 = EDGE_LOOP('',(#3844,#3852,#3853,#3854));
#3844 = ORIENTED_EDGE('',*,*,#3845,.F.);
#3845 = EDGE_CURVE('',#3204,#3846,#3848,.T.);
#3846 = VERTEX_POINT('',#3847);
#3847 = CARTESIAN_POINT('',(10.8,8.,65.5));
#3848 = LINE('',#3849,#3850);
#3849 = CARTESIAN_POINT('',(11.4,8.,64.9));
#3850 = VECTOR('',#3851,1.);
#3851 = DIRECTION('',(-0.707106781187,0.,0.707106781187));
#3852 = ORIENTED_EDGE('',*,*,#3211,.T.);
#3853 = ORIENTED_EDGE('',*,*,#3845,.T.);
#3854 = ORIENTED_EDGE('',*,*,#3855,.F.);
#3855 = EDGE_CURVE('',#3846,#3846,#3856,.T.);
#3856 = CIRCLE('',#3857,2.8);
#3857 = AXIS2_PLACEMENT_3D('',#3858,#3859,#3860);
#3858 = CARTESIAN_POINT('',(8.,8.,65.5));
#3859 = DIRECTION('',(0.,0.,1.));
#3860 = DIRECTION('',(1.,0.,0.));
#3861 = CONICAL_SURFACE('',#3862,3.4,0.785398163397);
#3862 = AXIS2_PLACEMENT_3D('',#3863,#3864,#3865);
#3863 = CARTESIAN_POINT('',(8.,8.,64.9));
#3864 = DIRECTION('',(-0.,-0.,-1.));
#3865 = DIRECTION('',(1.,0.,0.));
#3866 = ADVANCED_FACE('',(#3867),#3886,.T.);
#3867 = FACE_BOUND('',#3868,.T.);
#3868 = EDGE_LOOP('',(#3869,#3870,#3878,#3885));
#3869 = ORIENTED_EDGE('',*,*,#3228,.T.);
#3870 = ORIENTED_EDGE('',*,*,#3871,.T.);
#3871 = EDGE_CURVE('',#3229,#3872,#3874,.T.);
#3872 = VERTEX_POINT('',#3873);
#3873 = CARTESIAN_POINT('',(1.,122.,60.));
#3874 = LINE('',#3875,#3876);
#3875 = CARTESIAN_POINT('',(1.,116.,60.));
#3876 = VECTOR('',#3877,1.);
#3877 = DIRECTION('',(0.,1.,0.));
#3878 = ORIENTED_EDGE('',*,*,#3879,.F.);
#3879 = EDGE_CURVE('',#3262,#3872,#3880,.T.);
#3880 = CIRCLE('',#3881,1.);
#3881 = AXIS2_PLACEMENT_3D('',#3882,#3883,#3884);
#3882 = CARTESIAN_POINT('',(1.,122.,59.));
#3883 = DIRECTION('',(0.,1.,-0.));
#3884 = DIRECTION('',(-1.,0.,0.));
#3885 = ORIENTED_EDGE('',*,*,#3269,.F.);
#3886 = CYLINDRICAL_SURFACE('',#3887,1.);
#3887 = AXIS2_PLACEMENT_3D('',#3888,#3889,#3890);
#3888 = CARTESIAN_POINT('',(1.,116.,59.));
#3889 = DIRECTION('',(0.,1.,0.));
#3890 = DIRECTION('',(-1.,0.,0.));
#3891 = ADVANCED_FACE('',(#3892,#3912),#3923,.T.);
#3892 = FACE_BOUND('',#3893,.T.);
#3893 = EDGE_LOOP('',(#3894,#3895,#3896,#3897,#3905));
#3894 = ORIENTED_EDGE('',*,*,#3871,.F.);
#3895 = ORIENTED_EDGE('',*,*,#3247,.T.);
#3896 = ORIENTED_EDGE('',*,*,#3296,.T.);
#3897 = ORIENTED_EDGE('',*,*,#3898,.F.);
#3898 = EDGE_CURVE('',#3899,#3288,#3901,.T.);
#3899 = VERTEX_POINT('',#3900);
#3900 = CARTESIAN_POINT('',(10.,131.,60.));
#3901 = LINE('',#3902,#3903);
#3902 = CARTESIAN_POINT('',(10.,131.,60.));
#3903 = VECTOR('',#3904,1.);
#3904 = DIRECTION('',(1.,0.,0.));
#3905 = ORIENTED_EDGE('',*,*,#3906,.F.);
#3906 = EDGE_CURVE('',#3872,#3899,#3907,.T.);
#3907 = CIRCLE('',#3908,9.);
#3908 = AXIS2_PLACEMENT_3D('',#3909,#3910,#3911);
#3909 = CARTESIAN_POINT('',(10.,122.,60.));
#3910 = DIRECTION('',(0.,0.,-1.));
#3911 = DIRECTION('',(-1.,0.,0.));
#3912 = FACE_BOUND('',#3913,.T.);
#3913 = EDGE_LOOP('',(#3914));
#3914 = ORIENTED_EDGE('',*,*,#3915,.F.);
#3915 = EDGE_CURVE('',#3916,#3916,#3918,.T.);
#3916 = VERTEX_POINT('',#3917);
#3917 = CARTESIAN_POINT('',(11.4,124.,60.));
#3918 = CIRCLE('',#3919,3.4);
#3919 = AXIS2_PLACEMENT_3D('',#3920,#3921,#3922);
#3920 = CARTESIAN_POINT('',(8.,124.,60.));
#3921 = DIRECTION('',(0.,0.,1.));
#3922 = DIRECTION('',(1.,0.,0.));
#3923 = PLANE('',#3924);
#3924 = AXIS2_PLACEMENT_3D('',#3925,#3926,#3927);
#3925 = CARTESIAN_POINT('',(0.,116.,60.));
#3926 = DIRECTION('',(0.,0.,1.));
#3927 = DIRECTION('',(1.,0.,0.));
#3928 = ADVANCED_FACE('',(#3929),#3941,.T.);
#3929 = FACE_BOUND('',#3930,.T.);
#3930 = EDGE_LOOP('',(#3931,#3938,#3939,#3940));
#3931 = ORIENTED_EDGE('',*,*,#3932,.T.);
#3932 = EDGE_CURVE('',#3311,#3899,#3933,.T.);
#3933 = CIRCLE('',#3934,1.);
#3934 = AXIS2_PLACEMENT_3D('',#3935,#3936,#3937);
#3935 = CARTESIAN_POINT('',(10.,131.,59.));
#3936 = DIRECTION('',(1.,6.123233995737E-17,-0.));
#3937 = DIRECTION('',(-6.123233995737E-17,1.,0.));
#3938 = ORIENTED_EDGE('',*,*,#3898,.T.);
#3939 = ORIENTED_EDGE('',*,*,#3287,.F.);
#3940 = ORIENTED_EDGE('',*,*,#3318,.F.);
#3941 = CYLINDRICAL_SURFACE('',#3942,1.);
#3942 = AXIS2_PLACEMENT_3D('',#3943,#3944,#3945);
#3943 = CARTESIAN_POINT('',(10.,131.,59.));
#3944 = DIRECTION('',(1.,0.,0.));
#3945 = DIRECTION('',(0.,1.,0.));
#3946 = ADVANCED_FACE('',(#3947),#3959,.T.);
#3947 = FACE_BOUND('',#3948,.F.);
#3948 = EDGE_LOOP('',(#3949,#3956,#3957,#3958));
#3949 = ORIENTED_EDGE('',*,*,#3950,.T.);
#3950 = EDGE_CURVE('',#3335,#3444,#3951,.T.);
#3951 = CIRCLE('',#3952,1.);
#3952 = AXIS2_PLACEMENT_3D('',#3953,#3954,#3955);
#3953 = CARTESIAN_POINT('',(10.,131.,1.));
#3954 = DIRECTION('',(-1.,-6.123233995737E-17,-0.));
#3955 = DIRECTION('',(-6.123233995737E-17,1.,0.));
#3956 = ORIENTED_EDGE('',*,*,#3452,.T.);
#3957 = ORIENTED_EDGE('',*,*,#3705,.F.);
#3958 = ORIENTED_EDGE('',*,*,#3344,.F.);
#3959 = CYLINDRICAL_SURFACE('',#3960,1.);
#3960 = AXIS2_PLACEMENT_3D('',#3961,#3962,#3963);
#3961 = CARTESIAN_POINT('',(10.,131.,1.));
#3962 = DIRECTION('',(1.,0.,0.));
#3963 = DIRECTION('',(0.,1.,0.));
#3964 = ADVANCED_FACE('',(#3965,#3972),#3983,.T.);
#3965 = FACE_BOUND('',#3966,.T.);
#3966 = EDGE_LOOP('',(#3967,#3968,#3969,#3970,#3971));
#3967 = ORIENTED_EDGE('',*,*,#3758,.T.);
#3968 = ORIENTED_EDGE('',*,*,#3742,.T.);
#3969 = ORIENTED_EDGE('',*,*,#3775,.T.);
#3970 = ORIENTED_EDGE('',*,*,#3377,.F.);
#3971 = ORIENTED_EDGE('',*,*,#3402,.T.);
#3972 = FACE_BOUND('',#3973,.T.);
#3973 = EDGE_LOOP('',(#3974));
#3974 = ORIENTED_EDGE('',*,*,#3975,.F.);
#3975 = EDGE_CURVE('',#3976,#3976,#3978,.T.);
#3976 = VERTEX_POINT('',#3977);
#3977 = CARTESIAN_POINT('',(137.4,124.,60.));
#3978 = CIRCLE('',#3979,3.4);
#3979 = AXIS2_PLACEMENT_3D('',#3980,#3981,#3982);
#3980 = CARTESIAN_POINT('',(134.,124.,60.));
#3981 = DIRECTION('',(0.,0.,1.));
#3982 = DIRECTION('',(1.,0.,0.));
#3983 = PLANE('',#3984);
#3984 = AXIS2_PLACEMENT_3D('',#3985,#3986,#3987);
#3985 = CARTESIAN_POINT('',(126.,116.,60.));
#3986 = DIRECTION('',(0.,0.,1.));
#3987 = DIRECTION('',(1.,0.,0.));
#3988 = ADVANCED_FACE('',(#3989),#3995,.T.);
#3989 = FACE_BOUND('',#3990,.T.);
#3990 = EDGE_LOOP('',(#3991,#3992,#3993,#3994));
#3991 = ORIENTED_EDGE('',*,*,#3793,.F.);
#3992 = ORIENTED_EDGE('',*,*,#3810,.T.);
#3993 = ORIENTED_EDGE('',*,*,#3950,.T.);
#3994 = ORIENTED_EDGE('',*,*,#3443,.F.);
#3995 = TOROIDAL_SURFACE('',#3996,9.,1.);
#3996 = AXIS2_PLACEMENT_3D('',#3997,#3998,#3999);
#3997 = CARTESIAN_POINT('',(10.,122.,1.));
#3998 = DIRECTION('',(-0.,-0.,-1.));
#3999 = DIRECTION('',(-1.,0.,0.));
#4000 = ADVANCED_FACE('',(#4001),#4020,.F.);
#4001 = FACE_BOUND('',#4002,.T.);
#4002 = EDGE_LOOP('',(#4003,#4004,#4012,#4019));
#4003 = ORIENTED_EDGE('',*,*,#3485,.T.);
#4004 = ORIENTED_EDGE('',*,*,#4005,.T.);
#4005 = EDGE_CURVE('',#3486,#4006,#4008,.T.);
#4006 = VERTEX_POINT('',#4007);
#4007 = CARTESIAN_POINT('',(137.9,124.,6.));
#4008 = LINE('',#4009,#4010);
#4009 = CARTESIAN_POINT('',(137.9,124.,-1.));
#4010 = VECTOR('',#4011,1.);
#4011 = DIRECTION('',(0.,0.,1.));
#4012 = ORIENTED_EDGE('',*,*,#4013,.T.);
#4013 = EDGE_CURVE('',#4006,#4006,#4014,.T.);
#4014 = CIRCLE('',#4015,3.9);
#4015 = AXIS2_PLACEMENT_3D('',#4016,#4017,#4018);
#4016 = CARTESIAN_POINT('',(134.,124.,6.));
#4017 = DIRECTION('',(0.,0.,1.));
#4018 = DIRECTION('',(1.,0.,0.));
#4019 = ORIENTED_EDGE('',*,*,#4005,.F.);
#4020 = CYLINDRICAL_SURFACE('',#4021,3.9);
#4021 = AXIS2_PLACEMENT_3D('',#4022,#4023,#4024);
#4022 = CARTESIAN_POINT('',(134.,124.,-1.));
#4023 = DIRECTION('',(-0.,-0.,-1.));
#4024 = DIRECTION('',(1.,0.,0.));
#4025 = ADVANCED_FACE('',(#4026),#4045,.F.);
#4026 = FACE_BOUND('',#4027,.T.);
#4027 = EDGE_LOOP('',(#4028,#4029,#4037,#4044));
#4028 = ORIENTED_EDGE('',*,*,#3496,.T.);
#4029 = ORIENTED_EDGE('',*,*,#4030,.T.);
#4030 = EDGE_CURVE('',#3497,#4031,#4033,.T.);
#4031 = VERTEX_POINT('',#4032);
#4032 = CARTESIAN_POINT('',(137.9,8.,6.));
#4033 = LINE('',#4034,#4035);
#4034 = CARTESIAN_POINT('',(137.9,8.,-1.));
#4035 = VECTOR('',#4036,1.);
#4036 = DIRECTION('',(0.,0.,1.));
#4037 = ORIENTED_EDGE('',*,*,#4038,.T.);
#4038 = EDGE_CURVE('',#4031,#4031,#4039,.T.);
#4039 = CIRCLE('',#4040,3.9);
#4040 = AXIS2_PLACEMENT_3D('',#4041,#4042,#4043);
#4041 = CARTESIAN_POINT('',(134.,8.,6.));
#4042 = DIRECTION('',(0.,0.,1.));
#4043 = DIRECTION('',(1.,0.,0.));
#4044 = ORIENTED_EDGE('',*,*,#4030,.F.);
#4045 = CYLINDRICAL_SURFACE('',#4046,3.9);
#4046 = AXIS2_PLACEMENT_3D('',#4047,#4048,#4049);
#4047 = CARTESIAN_POINT('',(134.,8.,-1.));
#4048 = DIRECTION('',(-0.,-0.,-1.));
#4049 = DIRECTION('',(1.,0.,0.));
#4050 = ADVANCED_FACE('',(#4051),#4070,.F.);
#4051 = FACE_BOUND('',#4052,.T.);
#4052 = EDGE_LOOP('',(#4053,#4054,#4062,#4069));
#4053 = ORIENTED_EDGE('',*,*,#3507,.T.);
#4054 = ORIENTED_EDGE('',*,*,#4055,.T.);
#4055 = EDGE_CURVE('',#3508,#4056,#4058,.T.);
#4056 = VERTEX_POINT('',#4057);
#4057 = CARTESIAN_POINT('',(11.9,124.,6.));
#4058 = LINE('',#4059,#4060);
#4059 = CARTESIAN_POINT('',(11.9,124.,-1.));
#4060 = VECTOR('',#4061,1.);
#4061 = DIRECTION('',(0.,0.,1.));
#4062 = ORIENTED_EDGE('',*,*,#4063,.T.);
#4063 = EDGE_CURVE('',#4056,#4056,#4064,.T.);
#4064 = CIRCLE('',#4065,3.9);
#4065 = AXIS2_PLACEMENT_3D('',#4066,#4067,#4068);
#4066 = CARTESIAN_POINT('',(8.,124.,6.));
#4067 = DIRECTION('',(0.,0.,1.));
#4068 = DIRECTION('',(1.,0.,0.));
#4069 = ORIENTED_EDGE('',*,*,#4055,.F.);
#4070 = CYLINDRICAL_SURFACE('',#4071,3.9);
#4071 = AXIS2_PLACEMENT_3D('',#4072,#4073,#4074);
#4072 = CARTESIAN_POINT('',(8.,124.,-1.));
#4073 = DIRECTION('',(-0.,-0.,-1.));
#4074 = DIRECTION('',(1.,0.,0.));
#4075 = ADVANCED_FACE('',(#4076),#4095,.F.);
#4076 = FACE_BOUND('',#4077,.T.);
#4077 = EDGE_LOOP('',(#4078,#4079,#4087,#4094));
#4078 = ORIENTED_EDGE('',*,*,#3518,.T.);
#4079 = ORIENTED_EDGE('',*,*,#4080,.T.);
#4080 = EDGE_CURVE('',#3519,#4081,#4083,.T.);
#4081 = VERTEX_POINT('',#4082);
#4082 = CARTESIAN_POINT('',(11.9,8.,6.));
#4083 = LINE('',#4084,#4085);
#4084 = CARTESIAN_POINT('',(11.9,8.,-1.));
#4085 = VECTOR('',#4086,1.);
#4086 = DIRECTION('',(0.,0.,1.));
#4087 = ORIENTED_EDGE('',*,*,#4088,.T.);
#4088 = EDGE_CURVE('',#4081,#4081,#4089,.T.);
#4089 = CIRCLE('',#4090,3.9);
#4090 = AXIS2_PLACEMENT_3D('',#4091,#4092,#4093);
#4091 = CARTESIAN_POINT('',(8.,8.,6.));
#4092 = DIRECTION('',(0.,0.,1.));
#4093 = DIRECTION('',(1.,0.,0.));
#4094 = ORIENTED_EDGE('',*,*,#4080,.F.);
#4095 = CYLINDRICAL_SURFACE('',#4096,3.9);
#4096 = AXIS2_PLACEMENT_3D('',#4097,#4098,#4099);
#4097 = CARTESIAN_POINT('',(8.,8.,-1.));
#4098 = DIRECTION('',(-0.,-0.,-1.));
#4099 = DIRECTION('',(1.,0.,0.));
#4100 = ADVANCED_FACE('',(#4101),#4126,.T.);
#4101 = FACE_BOUND('',#4102,.T.);
#4102 = EDGE_LOOP('',(#4103,#4113,#4119,#4120));
#4103 = ORIENTED_EDGE('',*,*,#4104,.F.);
#4104 = EDGE_CURVE('',#4105,#4107,#4109,.T.);
#4105 = VERTEX_POINT('',#4106);
#4106 = CARTESIAN_POINT('',(126.5,93.9,1.7));
#4107 = VERTEX_POINT('',#4108);
#4108 = CARTESIAN_POINT('',(130.1,93.9,1.7));
#4109 = LINE('',#4110,#4111);
#4110 = CARTESIAN_POINT('',(126.5,93.9,1.7));
#4111 = VECTOR('',#4112,1.);
#4112 = DIRECTION('',(1.,0.,0.));
#4113 = ORIENTED_EDGE('',*,*,#4114,.T.);
#4114 = EDGE_CURVE('',#4105,#3547,#4115,.T.);
#4115 = LINE('',#4116,#4117);
#4116 = CARTESIAN_POINT('',(126.5,93.9,1.7));
#4117 = VECTOR('',#4118,1.);
#4118 = DIRECTION('',(0.,0.,1.));
#4119 = ORIENTED_EDGE('',*,*,#3546,.T.);
#4120 = ORIENTED_EDGE('',*,*,#4121,.F.);
#4121 = EDGE_CURVE('',#4107,#3549,#4122,.T.);
#4122 = LINE('',#4123,#4124);
#4123 = CARTESIAN_POINT('',(130.1,93.9,1.7));
#4124 = VECTOR('',#4125,1.);
#4125 = DIRECTION('',(0.,0.,1.));
#4126 = PLANE('',#4127);
#4127 = AXIS2_PLACEMENT_3D('',#4128,#4129,#4130);
#4128 = CARTESIAN_POINT('',(126.5,93.9,1.7));
#4129 = DIRECTION('',(0.,1.,0.));
#4130 = DIRECTION('',(0.,0.,1.));
#4131 = ADVANCED_FACE('',(#4132),#4150,.F.);
#4132 = FACE_BOUND('',#4133,.F.);
#4133 = EDGE_LOOP('',(#4134,#4135,#4143,#4149));
#4134 = ORIENTED_EDGE('',*,*,#4121,.F.);
#4135 = ORIENTED_EDGE('',*,*,#4136,.T.);
#4136 = EDGE_CURVE('',#4107,#4137,#4139,.T.);
#4137 = VERTEX_POINT('',#4138);
#4138 = CARTESIAN_POINT('',(130.1,96.9,1.7));
#4139 = LINE('',#4140,#4141);
#4140 = CARTESIAN_POINT('',(130.1,93.9,1.7));
#4141 = VECTOR('',#4142,1.);
#4142 = DIRECTION('',(0.,1.,0.));
#4143 = ORIENTED_EDGE('',*,*,#4144,.T.);
#4144 = EDGE_CURVE('',#4137,#3565,#4145,.T.);
#4145 = LINE('',#4146,#4147);
#4146 = CARTESIAN_POINT('',(130.1,96.9,1.7));
#4147 = VECTOR('',#4148,1.);
#4148 = DIRECTION('',(0.,0.,1.));
#4149 = ORIENTED_EDGE('',*,*,#3572,.F.);
#4150 = PLANE('',#4151);
#4151 = AXIS2_PLACEMENT_3D('',#4152,#4153,#4154);
#4152 = CARTESIAN_POINT('',(130.1,93.9,1.7));
#4153 = DIRECTION('',(1.,0.,0.));
#4154 = DIRECTION('',(0.,0.,1.));
#4155 = ADVANCED_FACE('',(#4156),#4174,.F.);
#4156 = FACE_BOUND('',#4157,.F.);
#4157 = EDGE_LOOP('',(#4158,#4166,#4172,#4173));
#4158 = ORIENTED_EDGE('',*,*,#4159,.F.);
#4159 = EDGE_CURVE('',#4160,#4137,#4162,.T.);
#4160 = VERTEX_POINT('',#4161);
#4161 = CARTESIAN_POINT('',(126.5,96.9,1.7));
#4162 = LINE('',#4163,#4164);
#4163 = CARTESIAN_POINT('',(126.5,96.9,1.7));
#4164 = VECTOR('',#4165,1.);
#4165 = DIRECTION('',(1.,0.,0.));
#4166 = ORIENTED_EDGE('',*,*,#4167,.T.);
#4167 = EDGE_CURVE('',#4160,#3557,#4168,.T.);
#4168 = LINE('',#4169,#4170);
#4169 = CARTESIAN_POINT('',(126.5,96.9,1.7));
#4170 = VECTOR('',#4171,1.);
#4171 = DIRECTION('',(0.,0.,1.));
#4172 = ORIENTED_EDGE('',*,*,#3564,.T.);
#4173 = ORIENTED_EDGE('',*,*,#4144,.F.);
#4174 = PLANE('',#4175);
#4175 = AXIS2_PLACEMENT_3D('',#4176,#4177,#4178);
#4176 = CARTESIAN_POINT('',(126.5,96.9,1.7));
#4177 = DIRECTION('',(0.,1.,0.));
#4178 = DIRECTION('',(0.,0.,1.));
#4179 = ADVANCED_FACE('',(#4180),#4191,.T.);
#4180 = FACE_BOUND('',#4181,.T.);
#4181 = EDGE_LOOP('',(#4182,#4183,#4189,#4190));
#4182 = ORIENTED_EDGE('',*,*,#4114,.F.);
#4183 = ORIENTED_EDGE('',*,*,#4184,.T.);
#4184 = EDGE_CURVE('',#4105,#4160,#4185,.T.);
#4185 = LINE('',#4186,#4187);
#4186 = CARTESIAN_POINT('',(126.5,93.9,1.7));
#4187 = VECTOR('',#4188,1.);
#4188 = DIRECTION('',(0.,1.,0.));
#4189 = ORIENTED_EDGE('',*,*,#4167,.T.);
#4190 = ORIENTED_EDGE('',*,*,#3556,.F.);
#4191 = PLANE('',#4192);
#4192 = AXIS2_PLACEMENT_3D('',#4193,#4194,#4195);
#4193 = CARTESIAN_POINT('',(126.5,93.9,1.7));
#4194 = DIRECTION('',(1.,0.,0.));
#4195 = DIRECTION('',(0.,0.,1.));
#4196 = ADVANCED_FACE('',(#4197),#4222,.T.);
#4197 = FACE_BOUND('',#4198,.T.);
#4198 = EDGE_LOOP('',(#4199,#4209,#4215,#4216));
#4199 = ORIENTED_EDGE('',*,*,#4200,.F.);
#4200 = EDGE_CURVE('',#4201,#4203,#4205,.T.);
#4201 = VERTEX_POINT('',#4202);
#4202 = CARTESIAN_POINT('',(11.9,93.9,1.7));
#4203 = VERTEX_POINT('',#4204);
#4204 = CARTESIAN_POINT('',(15.5,93.9,1.7));
#4205 = LINE('',#4206,#4207);
#4206 = CARTESIAN_POINT('',(11.9,93.9,1.7));
#4207 = VECTOR('',#4208,1.);
#4208 = DIRECTION('',(1.,0.,0.));
#4209 = ORIENTED_EDGE('',*,*,#4210,.T.);
#4210 = EDGE_CURVE('',#4201,#3639,#4211,.T.);
#4211 = LINE('',#4212,#4213);
#4212 = CARTESIAN_POINT('',(11.9,93.9,1.7));
#4213 = VECTOR('',#4214,1.);
#4214 = DIRECTION('',(0.,0.,1.));
#4215 = ORIENTED_EDGE('',*,*,#3638,.T.);
#4216 = ORIENTED_EDGE('',*,*,#4217,.F.);
#4217 = EDGE_CURVE('',#4203,#3641,#4218,.T.);
#4218 = LINE('',#4219,#4220);
#4219 = CARTESIAN_POINT('',(15.5,93.9,1.7));
#4220 = VECTOR('',#4221,1.);
#4221 = DIRECTION('',(0.,0.,1.));
#4222 = PLANE('',#4223);
#4223 = AXIS2_PLACEMENT_3D('',#4224,#4225,#4226);
#4224 = CARTESIAN_POINT('',(11.9,93.9,1.7));
#4225 = DIRECTION('',(0.,1.,0.));
#4226 = DIRECTION('',(0.,0.,1.));
#4227 = ADVANCED_FACE('',(#4228),#4246,.F.);
#4228 = FACE_BOUND('',#4229,.F.);
#4229 = EDGE_LOOP('',(#4230,#4231,#4239,#4245));
#4230 = ORIENTED_EDGE('',*,*,#4217,.F.);
#4231 = ORIENTED_EDGE('',*,*,#4232,.T.);
#4232 = EDGE_CURVE('',#4203,#4233,#4235,.T.);
#4233 = VERTEX_POINT('',#4234);
#4234 = CARTESIAN_POINT('',(15.5,96.9,1.7));
#4235 = LINE('',#4236,#4237);
#4236 = CARTESIAN_POINT('',(15.5,93.9,1.7));
#4237 = VECTOR('',#4238,1.);
#4238 = DIRECTION('',(0.,1.,0.));
#4239 = ORIENTED_EDGE('',*,*,#4240,.T.);
#4240 = EDGE_CURVE('',#4233,#3657,#4241,.T.);
#4241 = LINE('',#4242,#4243);
#4242 = CARTESIAN_POINT('',(15.5,96.9,1.7));
#4243 = VECTOR('',#4244,1.);
#4244 = DIRECTION('',(0.,0.,1.));
#4245 = ORIENTED_EDGE('',*,*,#3664,.F.);
#4246 = PLANE('',#4247);
#4247 = AXIS2_PLACEMENT_3D('',#4248,#4249,#4250);
#4248 = CARTESIAN_POINT('',(15.5,93.9,1.7));
#4249 = DIRECTION('',(1.,0.,0.));
#4250 = DIRECTION('',(0.,0.,1.));
#4251 = ADVANCED_FACE('',(#4252),#4270,.F.);
#4252 = FACE_BOUND('',#4253,.F.);
#4253 = EDGE_LOOP('',(#4254,#4262,#4268,#4269));
#4254 = ORIENTED_EDGE('',*,*,#4255,.F.);
#4255 = EDGE_CURVE('',#4256,#4233,#4258,.T.);
#4256 = VERTEX_POINT('',#4257);
#4257 = CARTESIAN_POINT('',(11.9,96.9,1.7));
#4258 = LINE('',#4259,#4260);
#4259 = CARTESIAN_POINT('',(11.9,96.9,1.7));
#4260 = VECTOR('',#4261,1.);
#4261 = DIRECTION('',(1.,0.,0.));
#4262 = ORIENTED_EDGE('',*,*,#4263,.T.);
#4263 = EDGE_CURVE('',#4256,#3649,#4264,.T.);
#4264 = LINE('',#4265,#4266);
#4265 = CARTESIAN_POINT('',(11.9,96.9,1.7));
#4266 = VECTOR('',#4267,1.);
#4267 = DIRECTION('',(0.,0.,1.));
#4268 = ORIENTED_EDGE('',*,*,#3656,.T.);
#4269 = ORIENTED_EDGE('',*,*,#4240,.F.);
#4270 = PLANE('',#4271);
#4271 = AXIS2_PLACEMENT_3D('',#4272,#4273,#4274);
#4272 = CARTESIAN_POINT('',(11.9,96.9,1.7));
#4273 = DIRECTION('',(0.,1.,0.));
#4274 = DIRECTION('',(0.,0.,1.));
#4275 = ADVANCED_FACE('',(#4276),#4287,.T.);
#4276 = FACE_BOUND('',#4277,.T.);
#4277 = EDGE_LOOP('',(#4278,#4279,#4285,#4286));
#4278 = ORIENTED_EDGE('',*,*,#4210,.F.);
#4279 = ORIENTED_EDGE('',*,*,#4280,.T.);
#4280 = EDGE_CURVE('',#4201,#4256,#4281,.T.);
#4281 = LINE('',#4282,#4283);
#4282 = CARTESIAN_POINT('',(11.9,93.9,1.7));
#4283 = VECTOR('',#4284,1.);
#4284 = DIRECTION('',(0.,1.,0.));
#4285 = ORIENTED_EDGE('',*,*,#4263,.T.);
#4286 = ORIENTED_EDGE('',*,*,#3648,.F.);
#4287 = PLANE('',#4288);
#4288 = AXIS2_PLACEMENT_3D('',#4289,#4290,#4291);
#4289 = CARTESIAN_POINT('',(11.9,93.9,1.7));
#4290 = DIRECTION('',(1.,0.,0.));
#4291 = DIRECTION('',(0.,0.,1.));
#4292 = ADVANCED_FACE('',(#4293),#4299,.T.);
#4293 = FACE_BOUND('',#4294,.F.);
#4294 = EDGE_LOOP('',(#4295,#4296,#4297,#4298));
#4295 = ORIENTED_EDGE('',*,*,#3879,.F.);
#4296 = ORIENTED_EDGE('',*,*,#3830,.T.);
#4297 = ORIENTED_EDGE('',*,*,#3932,.T.);
#4298 = ORIENTED_EDGE('',*,*,#3906,.F.);
#4299 = TOROIDAL_SURFACE('',#4300,9.,1.);
#4300 = AXIS2_PLACEMENT_3D('',#4301,#4302,#4303);
#4301 = CARTESIAN_POINT('',(10.,122.,59.));
#4302 = DIRECTION('',(0.,0.,1.));
#4303 = DIRECTION('',(-1.,0.,0.));
#4304 = ADVANCED_FACE('',(#4305),#4308,.T.);
#4305 = FACE_BOUND('',#4306,.T.);
#4306 = EDGE_LOOP('',(#4307));
#4307 = ORIENTED_EDGE('',*,*,#3855,.T.);
#4308 = PLANE('',#4309);
#4309 = AXIS2_PLACEMENT_3D('',#4310,#4311,#4312);
#4310 = CARTESIAN_POINT('',(8.,8.,65.5));
#4311 = DIRECTION('',(0.,0.,1.));
#4312 = DIRECTION('',(1.,0.,0.));
#4313 = ADVANCED_FACE('',(#4314),#4333,.T.);
#4314 = FACE_BOUND('',#4315,.F.);
#4315 = EDGE_LOOP('',(#4316,#4324,#4331,#4332));
#4316 = ORIENTED_EDGE('',*,*,#4317,.T.);
#4317 = EDGE_CURVE('',#3916,#4318,#4320,.T.);
#4318 = VERTEX_POINT('',#4319);
#4319 = CARTESIAN_POINT('',(11.4,124.,64.9));
#4320 = LINE('',#4321,#4322);
#4321 = CARTESIAN_POINT('',(11.4,124.,60.));
#4322 = VECTOR('',#4323,1.);
#4323 = DIRECTION('',(0.,0.,1.));
#4324 = ORIENTED_EDGE('',*,*,#4325,.T.);
#4325 = EDGE_CURVE('',#4318,#4318,#4326,.T.);
#4326 = CIRCLE('',#4327,3.4);
#4327 = AXIS2_PLACEMENT_3D('',#4328,#4329,#4330);
#4328 = CARTESIAN_POINT('',(8.,124.,64.9));
#4329 = DIRECTION('',(0.,0.,1.));
#4330 = DIRECTION('',(1.,0.,0.));
#4331 = ORIENTED_EDGE('',*,*,#4317,.F.);
#4332 = ORIENTED_EDGE('',*,*,#3915,.F.);
#4333 = CYLINDRICAL_SURFACE('',#4334,3.4);
#4334 = AXIS2_PLACEMENT_3D('',#4335,#4336,#4337);
#4335 = CARTESIAN_POINT('',(8.,124.,60.));
#4336 = DIRECTION('',(-0.,-0.,-1.));
#4337 = DIRECTION('',(1.,0.,0.));
#4338 = ADVANCED_FACE('',(#4339),#4358,.T.);
#4339 = FACE_BOUND('',#4340,.F.);
#4340 = EDGE_LOOP('',(#4341,#4349,#4356,#4357));
#4341 = ORIENTED_EDGE('',*,*,#4342,.T.);
#4342 = EDGE_CURVE('',#3976,#4343,#4345,.T.);
#4343 = VERTEX_POINT('',#4344);
#4344 = CARTESIAN_POINT('',(137.4,124.,64.9));
#4345 = LINE('',#4346,#4347);
#4346 = CARTESIAN_POINT('',(137.4,124.,60.));
#4347 = VECTOR('',#4348,1.);
#4348 = DIRECTION('',(0.,0.,1.));
#4349 = ORIENTED_EDGE('',*,*,#4350,.T.);
#4350 = EDGE_CURVE('',#4343,#4343,#4351,.T.);
#4351 = CIRCLE('',#4352,3.4);
#4352 = AXIS2_PLACEMENT_3D('',#4353,#4354,#4355);
#4353 = CARTESIAN_POINT('',(134.,124.,64.9));
#4354 = DIRECTION('',(0.,0.,1.));
#4355 = DIRECTION('',(1.,0.,0.));
#4356 = ORIENTED_EDGE('',*,*,#4342,.F.);
#4357 = ORIENTED_EDGE('',*,*,#3975,.F.);
#4358 = CYLINDRICAL_SURFACE('',#4359,3.4);
#4359 = AXIS2_PLACEMENT_3D('',#4360,#4361,#4362);
#4360 = CARTESIAN_POINT('',(134.,124.,60.));
#4361 = DIRECTION('',(-0.,-0.,-1.));
#4362 = DIRECTION('',(1.,0.,0.));
#4363 = ADVANCED_FACE('',(#4364),#4367,.F.);
#4364 = FACE_BOUND('',#4365,.T.);
#4365 = EDGE_LOOP('',(#4366));
#4366 = ORIENTED_EDGE('',*,*,#4013,.F.);
#4367 = PLANE('',#4368);
#4368 = AXIS2_PLACEMENT_3D('',#4369,#4370,#4371);
#4369 = CARTESIAN_POINT('',(134.,124.,6.));
#4370 = DIRECTION('',(0.,0.,1.));
#4371 = DIRECTION('',(1.,0.,0.));
#4372 = ADVANCED_FACE('',(#4373),#4376,.F.);
#4373 = FACE_BOUND('',#4374,.T.);
#4374 = EDGE_LOOP('',(#4375));
#4375 = ORIENTED_EDGE('',*,*,#4038,.F.);
#4376 = PLANE('',#4377);
#4377 = AXIS2_PLACEMENT_3D('',#4378,#4379,#4380);
#4378 = CARTESIAN_POINT('',(134.,8.,6.));
#4379 = DIRECTION('',(0.,0.,1.));
#4380 = DIRECTION('',(1.,0.,0.));
#4381 = ADVANCED_FACE('',(#4382),#4385,.F.);
#4382 = FACE_BOUND('',#4383,.T.);
#4383 = EDGE_LOOP('',(#4384));
#4384 = ORIENTED_EDGE('',*,*,#4063,.F.);
#4385 = PLANE('',#4386);
#4386 = AXIS2_PLACEMENT_3D('',#4387,#4388,#4389);
#4387 = CARTESIAN_POINT('',(8.,124.,6.));
#4388 = DIRECTION('',(0.,0.,1.));
#4389 = DIRECTION('',(1.,0.,0.));
#4390 = ADVANCED_FACE('',(#4391),#4394,.F.);
#4391 = FACE_BOUND('',#4392,.T.);
#4392 = EDGE_LOOP('',(#4393));
#4393 = ORIENTED_EDGE('',*,*,#4088,.F.);
#4394 = PLANE('',#4395);
#4395 = AXIS2_PLACEMENT_3D('',#4396,#4397,#4398);
#4396 = CARTESIAN_POINT('',(8.,8.,6.));
#4397 = DIRECTION('',(0.,0.,1.));
#4398 = DIRECTION('',(1.,0.,0.));
#4399 = ADVANCED_FACE('',(#4400),#4406,.T.);
#4400 = FACE_BOUND('',#4401,.T.);
#4401 = EDGE_LOOP('',(#4402,#4403,#4404,#4405));
#4402 = ORIENTED_EDGE('',*,*,#4184,.F.);
#4403 = ORIENTED_EDGE('',*,*,#4104,.T.);
#4404 = ORIENTED_EDGE('',*,*,#4136,.T.);
#4405 = ORIENTED_EDGE('',*,*,#4159,.F.);
#4406 = PLANE('',#4407);
#4407 = AXIS2_PLACEMENT_3D('',#4408,#4409,#4410);
#4408 = CARTESIAN_POINT('',(126.5,93.9,1.7));
#4409 = DIRECTION('',(0.,0.,1.));
#4410 = DIRECTION('',(1.,0.,0.));
#4411 = ADVANCED_FACE('',(#4412),#4418,.T.);
#4412 = FACE_BOUND('',#4413,.T.);
#4413 = EDGE_LOOP('',(#4414,#4415,#4416,#4417));
#4414 = ORIENTED_EDGE('',*,*,#4280,.F.);
#4415 = ORIENTED_EDGE('',*,*,#4200,.T.);
#4416 = ORIENTED_EDGE('',*,*,#4232,.T.);
#4417 = ORIENTED_EDGE('',*,*,#4255,.F.);
#4418 = PLANE('',#4419);
#4419 = AXIS2_PLACEMENT_3D('',#4420,#4421,#4422);
#4420 = CARTESIAN_POINT('',(11.9,93.9,1.7));
#4421 = DIRECTION('',(0.,0.,1.));
#4422 = DIRECTION('',(1.,0.,0.));
#4423 = ADVANCED_FACE('',(#4424),#4443,.T.);
#4424 = FACE_BOUND('',#4425,.T.);
#4425 = EDGE_LOOP('',(#4426,#4434,#4435,#4436));
#4426 = ORIENTED_EDGE('',*,*,#4427,.F.);
#4427 = EDGE_CURVE('',#4318,#4428,#4430,.T.);
#4428 = VERTEX_POINT('',#4429);
#4429 = CARTESIAN_POINT('',(10.8,124.,65.5));
#4430 = LINE('',#4431,#4432);
#4431 = CARTESIAN_POINT('',(11.4,124.,64.9));
#4432 = VECTOR('',#4433,1.);
#4433 = DIRECTION('',(-0.707106781187,0.,0.707106781187));
#4434 = ORIENTED_EDGE('',*,*,#4325,.T.);
#4435 = ORIENTED_EDGE('',*,*,#4427,.T.);
#4436 = ORIENTED_EDGE('',*,*,#4437,.F.);
#4437 = EDGE_CURVE('',#4428,#4428,#4438,.T.);
#4438 = CIRCLE('',#4439,2.8);
#4439 = AXIS2_PLACEMENT_3D('',#4440,#4441,#4442);
#4440 = CARTESIAN_POINT('',(8.,124.,65.5));
#4441 = DIRECTION('',(0.,0.,1.));
#4442 = DIRECTION('',(1.,0.,0.));
#4443 = CONICAL_SURFACE('',#4444,3.4,0.785398163397);
#4444 = AXIS2_PLACEMENT_3D('',#4445,#4446,#4447);
#4445 = CARTESIAN_POINT('',(8.,124.,64.9));
#4446 = DIRECTION('',(-0.,-0.,-1.));
#4447 = DIRECTION('',(1.,0.,0.));
#4448 = ADVANCED_FACE('',(#4449),#4468,.T.);
#4449 = FACE_BOUND('',#4450,.T.);
#4450 = EDGE_LOOP('',(#4451,#4459,#4460,#4461));
#4451 = ORIENTED_EDGE('',*,*,#4452,.F.);
#4452 = EDGE_CURVE('',#4343,#4453,#4455,.T.);
#4453 = VERTEX_POINT('',#4454);
#4454 = CARTESIAN_POINT('',(136.8,124.,65.5));
#4455 = LINE('',#4456,#4457);
#4456 = CARTESIAN_POINT('',(137.4,124.,64.9));
#4457 = VECTOR('',#4458,1.);
#4458 = DIRECTION('',(-0.707106781187,0.,0.707106781187));
#4459 = ORIENTED_EDGE('',*,*,#4350,.T.);
#4460 = ORIENTED_EDGE('',*,*,#4452,.T.);
#4461 = ORIENTED_EDGE('',*,*,#4462,.F.);
#4462 = EDGE_CURVE('',#4453,#4453,#4463,.T.);
#4463 = CIRCLE('',#4464,2.8);
#4464 = AXIS2_PLACEMENT_3D('',#4465,#4466,#4467);
#4465 = CARTESIAN_POINT('',(134.,124.,65.5));
#4466 = DIRECTION('',(0.,0.,1.));
#4467 = DIRECTION('',(1.,0.,0.));
#4468 = CONICAL_SURFACE('',#4469,3.4,0.785398163397);
#4469 = AXIS2_PLACEMENT_3D('',#4470,#4471,#4472);
#4470 = CARTESIAN_POINT('',(134.,124.,64.9));
#4471 = DIRECTION('',(-0.,-0.,-1.));
#4472 = DIRECTION('',(1.,0.,0.));
#4473 = ADVANCED_FACE('',(#4474),#4477,.T.);
#4474 = FACE_BOUND('',#4475,.T.);
#4475 = EDGE_LOOP('',(#4476));
#4476 = ORIENTED_EDGE('',*,*,#4437,.T.);
#4477 = PLANE('',#4478);
#4478 = AXIS2_PLACEMENT_3D('',#4479,#4480,#4481);
#4479 = CARTESIAN_POINT('',(8.,124.,65.5));
#4480 = DIRECTION('',(0.,0.,1.));
#4481 = DIRECTION('',(1.,0.,0.));
#4482 = ADVANCED_FACE('',(#4483),#4486,.T.);
#4483 = FACE_BOUND('',#4484,.T.);
#4484 = EDGE_LOOP('',(#4485));
#4485 = ORIENTED_EDGE('',*,*,#4462,.T.);
#4486 = PLANE('',#4487);
#4487 = AXIS2_PLACEMENT_3D('',#4488,#4489,#4490);
#4488 = CARTESIAN_POINT('',(134.,124.,65.5));
#4489 = DIRECTION('',(0.,0.,1.));
#4490 = DIRECTION('',(1.,0.,0.));
#4491 = MANIFOLD_SOLID_BREP('',#4492);
#4492 = CLOSED_SHELL('',(#4493,#4533,#4564,#4595,#4681,#4712,#4736,#4760
    ,#4791,#4815,#4839,#4856,#4873,#4889));
#4493 = ADVANCED_FACE('',(#4494),#4528,.F.);
#4494 = FACE_BOUND('',#4495,.F.);
#4495 = EDGE_LOOP('',(#4496,#4506,#4514,#4522));
#4496 = ORIENTED_EDGE('',*,*,#4497,.F.);
#4497 = EDGE_CURVE('',#4498,#4500,#4502,.T.);
#4498 = VERTEX_POINT('',#4499);
#4499 = CARTESIAN_POINT('',(12.2,94.,8.));
#4500 = VERTEX_POINT('',#4501);
#4501 = CARTESIAN_POINT('',(129.8,94.,8.));
#4502 = LINE('',#4503,#4504);
#4503 = CARTESIAN_POINT('',(12.2,94.,8.));
#4504 = VECTOR('',#4505,1.);
#4505 = DIRECTION('',(1.,0.,0.));
#4506 = ORIENTED_EDGE('',*,*,#4507,.T.);
#4507 = EDGE_CURVE('',#4498,#4508,#4510,.T.);
#4508 = VERTEX_POINT('',#4509);
#4509 = CARTESIAN_POINT('',(12.2,94.,14.));
#4510 = LINE('',#4511,#4512);
#4511 = CARTESIAN_POINT('',(12.2,94.,8.));
#4512 = VECTOR('',#4513,1.);
#4513 = DIRECTION('',(0.,0.,1.));
#4514 = ORIENTED_EDGE('',*,*,#4515,.T.);
#4515 = EDGE_CURVE('',#4508,#4516,#4518,.T.);
#4516 = VERTEX_POINT('',#4517);
#4517 = CARTESIAN_POINT('',(129.8,94.,14.));
#4518 = LINE('',#4519,#4520);
#4519 = CARTESIAN_POINT('',(12.2,94.,14.));
#4520 = VECTOR('',#4521,1.);
#4521 = DIRECTION('',(1.,0.,0.));
#4522 = ORIENTED_EDGE('',*,*,#4523,.F.);
#4523 = EDGE_CURVE('',#4500,#4516,#4524,.T.);
#4524 = LINE('',#4525,#4526);
#4525 = CARTESIAN_POINT('',(129.8,94.,8.));
#4526 = VECTOR('',#4527,1.);
#4527 = DIRECTION('',(0.,0.,1.));
#4528 = PLANE('',#4529);
#4529 = AXIS2_PLACEMENT_3D('',#4530,#4531,#4532);
#4530 = CARTESIAN_POINT('',(12.2,94.,8.));
#4531 = DIRECTION('',(0.,1.,0.));
#4532 = DIRECTION('',(0.,0.,1.));
#4533 = ADVANCED_FACE('',(#4534),#4559,.T.);
#4534 = FACE_BOUND('',#4535,.T.);
#4535 = EDGE_LOOP('',(#4536,#4544,#4545,#4553));
#4536 = ORIENTED_EDGE('',*,*,#4537,.F.);
#4537 = EDGE_CURVE('',#4508,#4538,#4540,.T.);
#4538 = VERTEX_POINT('',#4539);
#4539 = CARTESIAN_POINT('',(12.2,96.8,14.));
#4540 = LINE('',#4541,#4542);
#4541 = CARTESIAN_POINT('',(12.2,94.,14.));
#4542 = VECTOR('',#4543,1.);
#4543 = DIRECTION('',(0.,1.,0.));
#4544 = ORIENTED_EDGE('',*,*,#4515,.T.);
#4545 = ORIENTED_EDGE('',*,*,#4546,.T.);
#4546 = EDGE_CURVE('',#4516,#4547,#4549,.T.);
#4547 = VERTEX_POINT('',#4548);
#4548 = CARTESIAN_POINT('',(129.8,96.8,14.));
#4549 = LINE('',#4550,#4551);
#4550 = CARTESIAN_POINT('',(129.8,94.,14.));
#4551 = VECTOR('',#4552,1.);
#4552 = DIRECTION('',(0.,1.,0.));
#4553 = ORIENTED_EDGE('',*,*,#4554,.F.);
#4554 = EDGE_CURVE('',#4538,#4547,#4555,.T.);
#4555 = LINE('',#4556,#4557);
#4556 = CARTESIAN_POINT('',(12.2,96.8,14.));
#4557 = VECTOR('',#4558,1.);
#4558 = DIRECTION('',(1.,0.,0.));
#4559 = PLANE('',#4560);
#4560 = AXIS2_PLACEMENT_3D('',#4561,#4562,#4563);
#4561 = CARTESIAN_POINT('',(12.2,94.,14.));
#4562 = DIRECTION('',(0.,0.,1.));
#4563 = DIRECTION('',(1.,0.,0.));
#4564 = ADVANCED_FACE('',(#4565),#4590,.T.);
#4565 = FACE_BOUND('',#4566,.T.);
#4566 = EDGE_LOOP('',(#4567,#4577,#4583,#4584));
#4567 = ORIENTED_EDGE('',*,*,#4568,.F.);
#4568 = EDGE_CURVE('',#4569,#4571,#4573,.T.);
#4569 = VERTEX_POINT('',#4570);
#4570 = CARTESIAN_POINT('',(12.2,96.8,8.));
#4571 = VERTEX_POINT('',#4572);
#4572 = CARTESIAN_POINT('',(129.8,96.8,8.));
#4573 = LINE('',#4574,#4575);
#4574 = CARTESIAN_POINT('',(12.2,96.8,8.));
#4575 = VECTOR('',#4576,1.);
#4576 = DIRECTION('',(1.,0.,0.));
#4577 = ORIENTED_EDGE('',*,*,#4578,.T.);
#4578 = EDGE_CURVE('',#4569,#4538,#4579,.T.);
#4579 = LINE('',#4580,#4581);
#4580 = CARTESIAN_POINT('',(12.2,96.8,8.));
#4581 = VECTOR('',#4582,1.);
#4582 = DIRECTION('',(0.,0.,1.));
#4583 = ORIENTED_EDGE('',*,*,#4554,.T.);
#4584 = ORIENTED_EDGE('',*,*,#4585,.F.);
#4585 = EDGE_CURVE('',#4571,#4547,#4586,.T.);
#4586 = LINE('',#4587,#4588);
#4587 = CARTESIAN_POINT('',(129.8,96.8,8.));
#4588 = VECTOR('',#4589,1.);
#4589 = DIRECTION('',(0.,0.,1.));
#4590 = PLANE('',#4591);
#4591 = AXIS2_PLACEMENT_3D('',#4592,#4593,#4594);
#4592 = CARTESIAN_POINT('',(12.2,96.8,8.));
#4593 = DIRECTION('',(0.,1.,0.));
#4594 = DIRECTION('',(0.,0.,1.));
#4595 = ADVANCED_FACE('',(#4596),#4676,.F.);
#4596 = FACE_BOUND('',#4597,.F.);
#4597 = EDGE_LOOP('',(#4598,#4606,#4607,#4615,#4623,#4631,#4639,#4645,
    #4646,#4654,#4662,#4670));
#4598 = ORIENTED_EDGE('',*,*,#4599,.F.);
#4599 = EDGE_CURVE('',#4498,#4600,#4602,.T.);
#4600 = VERTEX_POINT('',#4601);
#4601 = CARTESIAN_POINT('',(12.2,94.2,8.));
#4602 = LINE('',#4603,#4604);
#4603 = CARTESIAN_POINT('',(12.2,94.,8.));
#4604 = VECTOR('',#4605,1.);
#4605 = DIRECTION('',(0.,1.,0.));
#4606 = ORIENTED_EDGE('',*,*,#4497,.T.);
#4607 = ORIENTED_EDGE('',*,*,#4608,.T.);
#4608 = EDGE_CURVE('',#4500,#4609,#4611,.T.);
#4609 = VERTEX_POINT('',#4610);
#4610 = CARTESIAN_POINT('',(129.8,94.2,8.));
#4611 = LINE('',#4612,#4613);
#4612 = CARTESIAN_POINT('',(129.8,94.,8.));
#4613 = VECTOR('',#4614,1.);
#4614 = DIRECTION('',(0.,1.,0.));
#4615 = ORIENTED_EDGE('',*,*,#4616,.F.);
#4616 = EDGE_CURVE('',#4617,#4609,#4619,.T.);
#4617 = VERTEX_POINT('',#4618);
#4618 = CARTESIAN_POINT('',(126.8,94.2,8.));
#4619 = LINE('',#4620,#4621);
#4620 = CARTESIAN_POINT('',(126.8,94.2,8.));
#4621 = VECTOR('',#4622,1.);
#4622 = DIRECTION('',(1.,0.,0.));
#4623 = ORIENTED_EDGE('',*,*,#4624,.T.);
#4624 = EDGE_CURVE('',#4617,#4625,#4627,.T.);
#4625 = VERTEX_POINT('',#4626);
#4626 = CARTESIAN_POINT('',(126.8,96.6,8.));
#4627 = LINE('',#4628,#4629);
#4628 = CARTESIAN_POINT('',(126.8,94.2,8.));
#4629 = VECTOR('',#4630,1.);
#4630 = DIRECTION('',(0.,1.,0.));
#4631 = ORIENTED_EDGE('',*,*,#4632,.T.);
#4632 = EDGE_CURVE('',#4625,#4633,#4635,.T.);
#4633 = VERTEX_POINT('',#4634);
#4634 = CARTESIAN_POINT('',(129.8,96.6,8.));
#4635 = LINE('',#4636,#4637);
#4636 = CARTESIAN_POINT('',(126.8,96.6,8.));
#4637 = VECTOR('',#4638,1.);
#4638 = DIRECTION('',(1.,0.,0.));
#4639 = ORIENTED_EDGE('',*,*,#4640,.T.);
#4640 = EDGE_CURVE('',#4633,#4571,#4641,.T.);
#4641 = LINE('',#4642,#4643);
#4642 = CARTESIAN_POINT('',(129.8,94.,8.));
#4643 = VECTOR('',#4644,1.);
#4644 = DIRECTION('',(0.,1.,0.));
#4645 = ORIENTED_EDGE('',*,*,#4568,.F.);
#4646 = ORIENTED_EDGE('',*,*,#4647,.F.);
#4647 = EDGE_CURVE('',#4648,#4569,#4650,.T.);
#4648 = VERTEX_POINT('',#4649);
#4649 = CARTESIAN_POINT('',(12.2,96.6,8.));
#4650 = LINE('',#4651,#4652);
#4651 = CARTESIAN_POINT('',(12.2,94.,8.));
#4652 = VECTOR('',#4653,1.);
#4653 = DIRECTION('',(0.,1.,0.));
#4654 = ORIENTED_EDGE('',*,*,#4655,.T.);
#4655 = EDGE_CURVE('',#4648,#4656,#4658,.T.);
#4656 = VERTEX_POINT('',#4657);
#4657 = CARTESIAN_POINT('',(15.2,96.6,8.));
#4658 = LINE('',#4659,#4660);
#4659 = CARTESIAN_POINT('',(12.2,96.6,8.));
#4660 = VECTOR('',#4661,1.);
#4661 = DIRECTION('',(1.,0.,0.));
#4662 = ORIENTED_EDGE('',*,*,#4663,.F.);
#4663 = EDGE_CURVE('',#4664,#4656,#4666,.T.);
#4664 = VERTEX_POINT('',#4665);
#4665 = CARTESIAN_POINT('',(15.2,94.2,8.));
#4666 = LINE('',#4667,#4668);
#4667 = CARTESIAN_POINT('',(15.2,94.2,8.));
#4668 = VECTOR('',#4669,1.);
#4669 = DIRECTION('',(0.,1.,0.));
#4670 = ORIENTED_EDGE('',*,*,#4671,.F.);
#4671 = EDGE_CURVE('',#4600,#4664,#4672,.T.);
#4672 = LINE('',#4673,#4674);
#4673 = CARTESIAN_POINT('',(12.2,94.2,8.));
#4674 = VECTOR('',#4675,1.);
#4675 = DIRECTION('',(1.,0.,0.));
#4676 = PLANE('',#4677);
#4677 = AXIS2_PLACEMENT_3D('',#4678,#4679,#4680);
#4678 = CARTESIAN_POINT('',(12.2,94.,8.));
#4679 = DIRECTION('',(0.,0.,1.));
#4680 = DIRECTION('',(1.,0.,0.));
#4681 = ADVANCED_FACE('',(#4682),#4707,.F.);
#4682 = FACE_BOUND('',#4683,.F.);
#4683 = EDGE_LOOP('',(#4684,#4694,#4700,#4701));
#4684 = ORIENTED_EDGE('',*,*,#4685,.F.);
#4685 = EDGE_CURVE('',#4686,#4688,#4690,.T.);
#4686 = VERTEX_POINT('',#4687);
#4687 = CARTESIAN_POINT('',(12.2,94.2,2.));
#4688 = VERTEX_POINT('',#4689);
#4689 = CARTESIAN_POINT('',(15.2,94.2,2.));
#4690 = LINE('',#4691,#4692);
#4691 = CARTESIAN_POINT('',(12.2,94.2,2.));
#4692 = VECTOR('',#4693,1.);
#4693 = DIRECTION('',(1.,0.,0.));
#4694 = ORIENTED_EDGE('',*,*,#4695,.T.);
#4695 = EDGE_CURVE('',#4686,#4600,#4696,.T.);
#4696 = LINE('',#4697,#4698);
#4697 = CARTESIAN_POINT('',(12.2,94.2,2.));
#4698 = VECTOR('',#4699,1.);
#4699 = DIRECTION('',(0.,0.,1.));
#4700 = ORIENTED_EDGE('',*,*,#4671,.T.);
#4701 = ORIENTED_EDGE('',*,*,#4702,.F.);
#4702 = EDGE_CURVE('',#4688,#4664,#4703,.T.);
#4703 = LINE('',#4704,#4705);
#4704 = CARTESIAN_POINT('',(15.2,94.2,2.));
#4705 = VECTOR('',#4706,1.);
#4706 = DIRECTION('',(0.,0.,1.));
#4707 = PLANE('',#4708);
#4708 = AXIS2_PLACEMENT_3D('',#4709,#4710,#4711);
#4709 = CARTESIAN_POINT('',(12.2,94.2,2.));
#4710 = DIRECTION('',(0.,1.,0.));
#4711 = DIRECTION('',(0.,0.,1.));
#4712 = ADVANCED_FACE('',(#4713),#4731,.T.);
#4713 = FACE_BOUND('',#4714,.T.);
#4714 = EDGE_LOOP('',(#4715,#4716,#4724,#4730));
#4715 = ORIENTED_EDGE('',*,*,#4702,.F.);
#4716 = ORIENTED_EDGE('',*,*,#4717,.T.);
#4717 = EDGE_CURVE('',#4688,#4718,#4720,.T.);
#4718 = VERTEX_POINT('',#4719);
#4719 = CARTESIAN_POINT('',(15.2,96.6,2.));
#4720 = LINE('',#4721,#4722);
#4721 = CARTESIAN_POINT('',(15.2,94.2,2.));
#4722 = VECTOR('',#4723,1.);
#4723 = DIRECTION('',(0.,1.,0.));
#4724 = ORIENTED_EDGE('',*,*,#4725,.T.);
#4725 = EDGE_CURVE('',#4718,#4656,#4726,.T.);
#4726 = LINE('',#4727,#4728);
#4727 = CARTESIAN_POINT('',(15.2,96.6,2.));
#4728 = VECTOR('',#4729,1.);
#4729 = DIRECTION('',(0.,0.,1.));
#4730 = ORIENTED_EDGE('',*,*,#4663,.F.);
#4731 = PLANE('',#4732);
#4732 = AXIS2_PLACEMENT_3D('',#4733,#4734,#4735);
#4733 = CARTESIAN_POINT('',(15.2,94.2,2.));
#4734 = DIRECTION('',(1.,0.,0.));
#4735 = DIRECTION('',(0.,0.,1.));
#4736 = ADVANCED_FACE('',(#4737),#4755,.T.);
#4737 = FACE_BOUND('',#4738,.T.);
#4738 = EDGE_LOOP('',(#4739,#4747,#4753,#4754));
#4739 = ORIENTED_EDGE('',*,*,#4740,.F.);
#4740 = EDGE_CURVE('',#4741,#4718,#4743,.T.);
#4741 = VERTEX_POINT('',#4742);
#4742 = CARTESIAN_POINT('',(12.2,96.6,2.));
#4743 = LINE('',#4744,#4745);
#4744 = CARTESIAN_POINT('',(12.2,96.6,2.));
#4745 = VECTOR('',#4746,1.);
#4746 = DIRECTION('',(1.,0.,0.));
#4747 = ORIENTED_EDGE('',*,*,#4748,.T.);
#4748 = EDGE_CURVE('',#4741,#4648,#4749,.T.);
#4749 = LINE('',#4750,#4751);
#4750 = CARTESIAN_POINT('',(12.2,96.6,2.));
#4751 = VECTOR('',#4752,1.);
#4752 = DIRECTION('',(0.,0.,1.));
#4753 = ORIENTED_EDGE('',*,*,#4655,.T.);
#4754 = ORIENTED_EDGE('',*,*,#4725,.F.);
#4755 = PLANE('',#4756);
#4756 = AXIS2_PLACEMENT_3D('',#4757,#4758,#4759);
#4757 = CARTESIAN_POINT('',(12.2,96.6,2.));
#4758 = DIRECTION('',(0.,1.,0.));
#4759 = DIRECTION('',(0.,0.,1.));
#4760 = ADVANCED_FACE('',(#4761),#4786,.T.);
#4761 = FACE_BOUND('',#4762,.T.);
#4762 = EDGE_LOOP('',(#4763,#4773,#4779,#4780));
#4763 = ORIENTED_EDGE('',*,*,#4764,.F.);
#4764 = EDGE_CURVE('',#4765,#4767,#4769,.T.);
#4765 = VERTEX_POINT('',#4766);
#4766 = CARTESIAN_POINT('',(126.8,96.6,2.));
#4767 = VERTEX_POINT('',#4768);
#4768 = CARTESIAN_POINT('',(129.8,96.6,2.));
#4769 = LINE('',#4770,#4771);
#4770 = CARTESIAN_POINT('',(126.8,96.6,2.));
#4771 = VECTOR('',#4772,1.);
#4772 = DIRECTION('',(1.,0.,0.));
#4773 = ORIENTED_EDGE('',*,*,#4774,.T.);
#4774 = EDGE_CURVE('',#4765,#4625,#4775,.T.);
#4775 = LINE('',#4776,#4777);
#4776 = CARTESIAN_POINT('',(126.8,96.6,2.));
#4777 = VECTOR('',#4778,1.);
#4778 = DIRECTION('',(0.,0.,1.));
#4779 = ORIENTED_EDGE('',*,*,#4632,.T.);
#4780 = ORIENTED_EDGE('',*,*,#4781,.F.);
#4781 = EDGE_CURVE('',#4767,#4633,#4782,.T.);
#4782 = LINE('',#4783,#4784);
#4783 = CARTESIAN_POINT('',(129.8,96.6,2.));
#4784 = VECTOR('',#4785,1.);
#4785 = DIRECTION('',(0.,0.,1.));
#4786 = PLANE('',#4787);
#4787 = AXIS2_PLACEMENT_3D('',#4788,#4789,#4790);
#4788 = CARTESIAN_POINT('',(126.8,96.6,2.));
#4789 = DIRECTION('',(0.,1.,0.));
#4790 = DIRECTION('',(0.,0.,1.));
#4791 = ADVANCED_FACE('',(#4792),#4810,.F.);
#4792 = FACE_BOUND('',#4793,.F.);
#4793 = EDGE_LOOP('',(#4794,#4802,#4808,#4809));
#4794 = ORIENTED_EDGE('',*,*,#4795,.F.);
#4795 = EDGE_CURVE('',#4796,#4617,#4798,.T.);
#4796 = VERTEX_POINT('',#4797);
#4797 = CARTESIAN_POINT('',(126.8,94.2,2.));
#4798 = LINE('',#4799,#4800);
#4799 = CARTESIAN_POINT('',(126.8,94.2,2.));
#4800 = VECTOR('',#4801,1.);
#4801 = DIRECTION('',(0.,0.,1.));
#4802 = ORIENTED_EDGE('',*,*,#4803,.T.);
#4803 = EDGE_CURVE('',#4796,#4765,#4804,.T.);
#4804 = LINE('',#4805,#4806);
#4805 = CARTESIAN_POINT('',(126.8,94.2,2.));
#4806 = VECTOR('',#4807,1.);
#4807 = DIRECTION('',(0.,1.,0.));
#4808 = ORIENTED_EDGE('',*,*,#4774,.T.);
#4809 = ORIENTED_EDGE('',*,*,#4624,.F.);
#4810 = PLANE('',#4811);
#4811 = AXIS2_PLACEMENT_3D('',#4812,#4813,#4814);
#4812 = CARTESIAN_POINT('',(126.8,94.2,2.));
#4813 = DIRECTION('',(1.,0.,0.));
#4814 = DIRECTION('',(0.,0.,1.));
#4815 = ADVANCED_FACE('',(#4816),#4834,.F.);
#4816 = FACE_BOUND('',#4817,.F.);
#4817 = EDGE_LOOP('',(#4818,#4826,#4827,#4828));
#4818 = ORIENTED_EDGE('',*,*,#4819,.F.);
#4819 = EDGE_CURVE('',#4796,#4820,#4822,.T.);
#4820 = VERTEX_POINT('',#4821);
#4821 = CARTESIAN_POINT('',(129.8,94.2,2.));
#4822 = LINE('',#4823,#4824);
#4823 = CARTESIAN_POINT('',(126.8,94.2,2.));
#4824 = VECTOR('',#4825,1.);
#4825 = DIRECTION('',(1.,0.,0.));
#4826 = ORIENTED_EDGE('',*,*,#4795,.T.);
#4827 = ORIENTED_EDGE('',*,*,#4616,.T.);
#4828 = ORIENTED_EDGE('',*,*,#4829,.F.);
#4829 = EDGE_CURVE('',#4820,#4609,#4830,.T.);
#4830 = LINE('',#4831,#4832);
#4831 = CARTESIAN_POINT('',(129.8,94.2,2.));
#4832 = VECTOR('',#4833,1.);
#4833 = DIRECTION('',(0.,0.,1.));
#4834 = PLANE('',#4835);
#4835 = AXIS2_PLACEMENT_3D('',#4836,#4837,#4838);
#4836 = CARTESIAN_POINT('',(126.8,94.2,2.));
#4837 = DIRECTION('',(0.,1.,0.));
#4838 = DIRECTION('',(0.,0.,1.));
#4839 = ADVANCED_FACE('',(#4840),#4851,.F.);
#4840 = FACE_BOUND('',#4841,.F.);
#4841 = EDGE_LOOP('',(#4842,#4848,#4849,#4850));
#4842 = ORIENTED_EDGE('',*,*,#4843,.F.);
#4843 = EDGE_CURVE('',#4686,#4741,#4844,.T.);
#4844 = LINE('',#4845,#4846);
#4845 = CARTESIAN_POINT('',(12.2,94.2,2.));
#4846 = VECTOR('',#4847,1.);
#4847 = DIRECTION('',(0.,1.,0.));
#4848 = ORIENTED_EDGE('',*,*,#4685,.T.);
#4849 = ORIENTED_EDGE('',*,*,#4717,.T.);
#4850 = ORIENTED_EDGE('',*,*,#4740,.F.);
#4851 = PLANE('',#4852);
#4852 = AXIS2_PLACEMENT_3D('',#4853,#4854,#4855);
#4853 = CARTESIAN_POINT('',(12.2,94.2,2.));
#4854 = DIRECTION('',(0.,0.,1.));
#4855 = DIRECTION('',(1.,0.,0.));
#4856 = ADVANCED_FACE('',(#4857),#4868,.F.);
#4857 = FACE_BOUND('',#4858,.F.);
#4858 = EDGE_LOOP('',(#4859,#4860,#4861,#4867));
#4859 = ORIENTED_EDGE('',*,*,#4803,.F.);
#4860 = ORIENTED_EDGE('',*,*,#4819,.T.);
#4861 = ORIENTED_EDGE('',*,*,#4862,.T.);
#4862 = EDGE_CURVE('',#4820,#4767,#4863,.T.);
#4863 = LINE('',#4864,#4865);
#4864 = CARTESIAN_POINT('',(129.8,94.2,2.));
#4865 = VECTOR('',#4866,1.);
#4866 = DIRECTION('',(0.,1.,0.));
#4867 = ORIENTED_EDGE('',*,*,#4764,.F.);
#4868 = PLANE('',#4869);
#4869 = AXIS2_PLACEMENT_3D('',#4870,#4871,#4872);
#4870 = CARTESIAN_POINT('',(126.8,94.2,2.));
#4871 = DIRECTION('',(0.,0.,1.));
#4872 = DIRECTION('',(1.,0.,0.));
#4873 = ADVANCED_FACE('',(#4874),#4884,.T.);
#4874 = FACE_BOUND('',#4875,.T.);
#4875 = EDGE_LOOP('',(#4876,#4877,#4878,#4879,#4880,#4881,#4882,#4883));
#4876 = ORIENTED_EDGE('',*,*,#4507,.T.);
#4877 = ORIENTED_EDGE('',*,*,#4537,.T.);
#4878 = ORIENTED_EDGE('',*,*,#4578,.F.);
#4879 = ORIENTED_EDGE('',*,*,#4647,.F.);
#4880 = ORIENTED_EDGE('',*,*,#4748,.F.);
#4881 = ORIENTED_EDGE('',*,*,#4843,.F.);
#4882 = ORIENTED_EDGE('',*,*,#4695,.T.);
#4883 = ORIENTED_EDGE('',*,*,#4599,.F.);
#4884 = PLANE('',#4885);
#4885 = AXIS2_PLACEMENT_3D('',#4886,#4887,#4888);
#4886 = CARTESIAN_POINT('',(12.2,95.4,8.081081081081));
#4887 = DIRECTION('',(-1.,-0.,-0.));
#4888 = DIRECTION('',(0.,0.,-1.));
#4889 = ADVANCED_FACE('',(#4890),#4900,.T.);
#4890 = FACE_BOUND('',#4891,.T.);
#4891 = EDGE_LOOP('',(#4892,#4893,#4894,#4895,#4896,#4897,#4898,#4899));
#4892 = ORIENTED_EDGE('',*,*,#4523,.F.);
#4893 = ORIENTED_EDGE('',*,*,#4608,.T.);
#4894 = ORIENTED_EDGE('',*,*,#4829,.F.);
#4895 = ORIENTED_EDGE('',*,*,#4862,.T.);
#4896 = ORIENTED_EDGE('',*,*,#4781,.T.);
#4897 = ORIENTED_EDGE('',*,*,#4640,.T.);
#4898 = ORIENTED_EDGE('',*,*,#4585,.T.);
#4899 = ORIENTED_EDGE('',*,*,#4546,.F.);
#4900 = PLANE('',#4901);
#4901 = AXIS2_PLACEMENT_3D('',#4902,#4903,#4904);
#4902 = CARTESIAN_POINT('',(129.8,95.4,8.081081081081));
#4903 = DIRECTION('',(1.,0.,2.367731216302E-15));
#4904 = DIRECTION('',(-2.367731216302E-15,0.,1.));
#4905 = MANIFOLD_SOLID_BREP('',#4906);
#4906 = CLOSED_SHELL('',(#4907,#4947,#4978,#5018,#5049,#5080,#5111,#5135
    ,#5170,#5196,#5224,#5241));
#4907 = ADVANCED_FACE('',(#4908),#4942,.T.);
#4908 = FACE_BOUND('',#4909,.T.);
#4909 = EDGE_LOOP('',(#4910,#4920,#4928,#4936));
#4910 = ORIENTED_EDGE('',*,*,#4911,.F.);
#4911 = EDGE_CURVE('',#4912,#4914,#4916,.T.);
#4912 = VERTEX_POINT('',#4913);
#4913 = CARTESIAN_POINT('',(17.8,2.2,14.8));
#4914 = VERTEX_POINT('',#4915);
#4915 = CARTESIAN_POINT('',(17.8,84.,14.8));
#4916 = LINE('',#4917,#4918);
#4917 = CARTESIAN_POINT('',(17.8,2.2,14.8));
#4918 = VECTOR('',#4919,1.);
#4919 = DIRECTION('',(0.,1.,0.));
#4920 = ORIENTED_EDGE('',*,*,#4921,.T.);
#4921 = EDGE_CURVE('',#4912,#4922,#4924,.T.);
#4922 = VERTEX_POINT('',#4923);
#4923 = CARTESIAN_POINT('',(18.8,2.2,14.8));
#4924 = LINE('',#4925,#4926);
#4925 = CARTESIAN_POINT('',(17.8,2.2,14.8));
#4926 = VECTOR('',#4927,1.);
#4927 = DIRECTION('',(1.,0.,0.));
#4928 = ORIENTED_EDGE('',*,*,#4929,.T.);
#4929 = EDGE_CURVE('',#4922,#4930,#4932,.T.);
#4930 = VERTEX_POINT('',#4931);
#4931 = CARTESIAN_POINT('',(18.8,84.,14.8));
#4932 = LINE('',#4933,#4934);
#4933 = CARTESIAN_POINT('',(18.8,2.2,14.8));
#4934 = VECTOR('',#4935,1.);
#4935 = DIRECTION('',(0.,1.,0.));
#4936 = ORIENTED_EDGE('',*,*,#4937,.T.);
#4937 = EDGE_CURVE('',#4930,#4914,#4938,.T.);
#4938 = LINE('',#4939,#4940);
#4939 = CARTESIAN_POINT('',(17.8,84.,14.8));
#4940 = VECTOR('',#4941,1.);
#4941 = DIRECTION('',(-1.,0.,0.));
#4942 = PLANE('',#4943);
#4943 = AXIS2_PLACEMENT_3D('',#4944,#4945,#4946);
#4944 = CARTESIAN_POINT('',(17.8,2.2,14.8));
#4945 = DIRECTION('',(0.,0.,1.));
#4946 = DIRECTION('',(1.,0.,0.));
#4947 = ADVANCED_FACE('',(#4948),#4973,.F.);
#4948 = FACE_BOUND('',#4949,.F.);
#4949 = EDGE_LOOP('',(#4950,#4960,#4966,#4967));
#4950 = ORIENTED_EDGE('',*,*,#4951,.F.);
#4951 = EDGE_CURVE('',#4952,#4954,#4956,.T.);
#4952 = VERTEX_POINT('',#4953);
#4953 = CARTESIAN_POINT('',(17.8,2.2,8.));
#4954 = VERTEX_POINT('',#4955);
#4955 = CARTESIAN_POINT('',(18.8,2.2,8.));
#4956 = LINE('',#4957,#4958);
#4957 = CARTESIAN_POINT('',(17.8,2.2,8.));
#4958 = VECTOR('',#4959,1.);
#4959 = DIRECTION('',(1.,0.,0.));
#4960 = ORIENTED_EDGE('',*,*,#4961,.T.);
#4961 = EDGE_CURVE('',#4952,#4912,#4962,.T.);
#4962 = LINE('',#4963,#4964);
#4963 = CARTESIAN_POINT('',(17.8,2.2,8.));
#4964 = VECTOR('',#4965,1.);
#4965 = DIRECTION('',(0.,0.,1.));
#4966 = ORIENTED_EDGE('',*,*,#4921,.T.);
#4967 = ORIENTED_EDGE('',*,*,#4968,.F.);
#4968 = EDGE_CURVE('',#4954,#4922,#4969,.T.);
#4969 = LINE('',#4970,#4971);
#4970 = CARTESIAN_POINT('',(18.8,2.2,8.));
#4971 = VECTOR('',#4972,1.);
#4972 = DIRECTION('',(0.,0.,1.));
#4973 = PLANE('',#4974);
#4974 = AXIS2_PLACEMENT_3D('',#4975,#4976,#4977);
#4975 = CARTESIAN_POINT('',(17.8,2.2,8.));
#4976 = DIRECTION('',(0.,1.,0.));
#4977 = DIRECTION('',(0.,0.,1.));
#4978 = ADVANCED_FACE('',(#4979),#5013,.T.);
#4979 = FACE_BOUND('',#4980,.T.);
#4980 = EDGE_LOOP('',(#4981,#4982,#4990,#4998,#5006,#5012));
#4981 = ORIENTED_EDGE('',*,*,#4911,.T.);
#4982 = ORIENTED_EDGE('',*,*,#4983,.T.);
#4983 = EDGE_CURVE('',#4914,#4984,#4986,.T.);
#4984 = VERTEX_POINT('',#4985);
#4985 = CARTESIAN_POINT('',(17.8,84.,17.4));
#4986 = LINE('',#4987,#4988);
#4987 = CARTESIAN_POINT('',(17.8,84.,8.));
#4988 = VECTOR('',#4989,1.);
#4989 = DIRECTION('',(0.,0.,1.));
#4990 = ORIENTED_EDGE('',*,*,#4991,.F.);
#4991 = EDGE_CURVE('',#4992,#4984,#4994,.T.);
#4992 = VERTEX_POINT('',#4993);
#4993 = CARTESIAN_POINT('',(17.8,92.,17.4));
#4994 = LINE('',#4995,#4996);
#4995 = CARTESIAN_POINT('',(17.8,84.,17.4));
#4996 = VECTOR('',#4997,1.);
#4997 = DIRECTION('',(0.,-1.,0.));
#4998 = ORIENTED_EDGE('',*,*,#4999,.F.);
#4999 = EDGE_CURVE('',#5000,#4992,#5002,.T.);
#5000 = VERTEX_POINT('',#5001);
#5001 = CARTESIAN_POINT('',(17.8,92.,8.));
#5002 = LINE('',#5003,#5004);
#5003 = CARTESIAN_POINT('',(17.8,92.,8.));
#5004 = VECTOR('',#5005,1.);
#5005 = DIRECTION('',(0.,0.,1.));
#5006 = ORIENTED_EDGE('',*,*,#5007,.F.);
#5007 = EDGE_CURVE('',#4952,#5000,#5008,.T.);
#5008 = LINE('',#5009,#5010);
#5009 = CARTESIAN_POINT('',(17.8,2.2,8.));
#5010 = VECTOR('',#5011,1.);
#5011 = DIRECTION('',(0.,1.,0.));
#5012 = ORIENTED_EDGE('',*,*,#4961,.T.);
#5013 = PLANE('',#5014);
#5014 = AXIS2_PLACEMENT_3D('',#5015,#5016,#5017);
#5015 = CARTESIAN_POINT('',(17.8,48.171975806452,11.628024193548));
#5016 = DIRECTION('',(-1.,-0.,-0.));
#5017 = DIRECTION('',(0.,0.,-1.));
#5018 = ADVANCED_FACE('',(#5019),#5044,.F.);
#5019 = FACE_BOUND('',#5020,.F.);
#5020 = EDGE_LOOP('',(#5021,#5031,#5037,#5038));
#5021 = ORIENTED_EDGE('',*,*,#5022,.F.);
#5022 = EDGE_CURVE('',#5023,#5025,#5027,.T.);
#5023 = VERTEX_POINT('',#5024);
#5024 = CARTESIAN_POINT('',(14.,84.,17.4));
#5025 = VERTEX_POINT('',#5026);
#5026 = CARTESIAN_POINT('',(14.,92.,17.4));
#5027 = LINE('',#5028,#5029);
#5028 = CARTESIAN_POINT('',(14.,84.,17.4));
#5029 = VECTOR('',#5030,1.);
#5030 = DIRECTION('',(0.,1.,0.));
#5031 = ORIENTED_EDGE('',*,*,#5032,.T.);
#5032 = EDGE_CURVE('',#5023,#4984,#5033,.T.);
#5033 = LINE('',#5034,#5035);
#5034 = CARTESIAN_POINT('',(13.,84.,17.4));
#5035 = VECTOR('',#5036,1.);
#5036 = DIRECTION('',(1.,0.,0.));
#5037 = ORIENTED_EDGE('',*,*,#4991,.F.);
#5038 = ORIENTED_EDGE('',*,*,#5039,.F.);
#5039 = EDGE_CURVE('',#5025,#4992,#5040,.T.);
#5040 = LINE('',#5041,#5042);
#5041 = CARTESIAN_POINT('',(13.,92.,17.4));
#5042 = VECTOR('',#5043,1.);
#5043 = DIRECTION('',(1.,0.,0.));
#5044 = PLANE('',#5045);
#5045 = AXIS2_PLACEMENT_3D('',#5046,#5047,#5048);
#5046 = CARTESIAN_POINT('',(13.,84.,17.4));
#5047 = DIRECTION('',(0.,0.,1.));
#5048 = DIRECTION('',(1.,0.,0.));
#5049 = ADVANCED_FACE('',(#5050),#5075,.T.);
#5050 = FACE_BOUND('',#5051,.T.);
#5051 = EDGE_LOOP('',(#5052,#5060,#5068,#5074));
#5052 = ORIENTED_EDGE('',*,*,#5053,.F.);
#5053 = EDGE_CURVE('',#5054,#5023,#5056,.T.);
#5054 = VERTEX_POINT('',#5055);
#5055 = CARTESIAN_POINT('',(14.,84.,13.4));
#5056 = LINE('',#5057,#5058);
#5057 = CARTESIAN_POINT('',(14.,84.,13.4));
#5058 = VECTOR('',#5059,1.);
#5059 = DIRECTION('',(0.,0.,1.));
#5060 = ORIENTED_EDGE('',*,*,#5061,.T.);
#5061 = EDGE_CURVE('',#5054,#5062,#5064,.T.);
#5062 = VERTEX_POINT('',#5063);
#5063 = CARTESIAN_POINT('',(14.,92.,13.4));
#5064 = LINE('',#5065,#5066);
#5065 = CARTESIAN_POINT('',(14.,84.,13.4));
#5066 = VECTOR('',#5067,1.);
#5067 = DIRECTION('',(0.,1.,0.));
#5068 = ORIENTED_EDGE('',*,*,#5069,.T.);
#5069 = EDGE_CURVE('',#5062,#5025,#5070,.T.);
#5070 = LINE('',#5071,#5072);
#5071 = CARTESIAN_POINT('',(14.,92.,13.4));
#5072 = VECTOR('',#5073,1.);
#5073 = DIRECTION('',(0.,0.,1.));
#5074 = ORIENTED_EDGE('',*,*,#5022,.F.);
#5075 = PLANE('',#5076);
#5076 = AXIS2_PLACEMENT_3D('',#5077,#5078,#5079);
#5077 = CARTESIAN_POINT('',(14.,84.,13.4));
#5078 = DIRECTION('',(1.,0.,0.));
#5079 = DIRECTION('',(0.,0.,1.));
#5080 = ADVANCED_FACE('',(#5081),#5106,.F.);
#5081 = FACE_BOUND('',#5082,.F.);
#5082 = EDGE_LOOP('',(#5083,#5093,#5099,#5100));
#5083 = ORIENTED_EDGE('',*,*,#5084,.F.);
#5084 = EDGE_CURVE('',#5085,#5087,#5089,.T.);
#5085 = VERTEX_POINT('',#5086);
#5086 = CARTESIAN_POINT('',(13.,84.,13.4));
#5087 = VERTEX_POINT('',#5088);
#5088 = CARTESIAN_POINT('',(13.,92.,13.4));
#5089 = LINE('',#5090,#5091);
#5090 = CARTESIAN_POINT('',(13.,84.,13.4));
#5091 = VECTOR('',#5092,1.);
#5092 = DIRECTION('',(0.,1.,0.));
#5093 = ORIENTED_EDGE('',*,*,#5094,.T.);
#5094 = EDGE_CURVE('',#5085,#5054,#5095,.T.);
#5095 = LINE('',#5096,#5097);
#5096 = CARTESIAN_POINT('',(13.,84.,13.4));
#5097 = VECTOR('',#5098,1.);
#5098 = DIRECTION('',(1.,0.,0.));
#5099 = ORIENTED_EDGE('',*,*,#5061,.T.);
#5100 = ORIENTED_EDGE('',*,*,#5101,.F.);
#5101 = EDGE_CURVE('',#5087,#5062,#5102,.T.);
#5102 = LINE('',#5103,#5104);
#5103 = CARTESIAN_POINT('',(13.,92.,13.4));
#5104 = VECTOR('',#5105,1.);
#5105 = DIRECTION('',(1.,0.,0.));
#5106 = PLANE('',#5107);
#5107 = AXIS2_PLACEMENT_3D('',#5108,#5109,#5110);
#5108 = CARTESIAN_POINT('',(13.,84.,13.4));
#5109 = DIRECTION('',(0.,0.,1.));
#5110 = DIRECTION('',(1.,0.,0.));
#5111 = ADVANCED_FACE('',(#5112),#5130,.F.);
#5112 = FACE_BOUND('',#5113,.T.);
#5113 = EDGE_LOOP('',(#5114,#5115,#5123,#5129));
#5114 = ORIENTED_EDGE('',*,*,#5007,.T.);
#5115 = ORIENTED_EDGE('',*,*,#5116,.T.);
#5116 = EDGE_CURVE('',#5000,#5117,#5119,.T.);
#5117 = VERTEX_POINT('',#5118);
#5118 = CARTESIAN_POINT('',(18.8,92.,8.));
#5119 = LINE('',#5120,#5121);
#5120 = CARTESIAN_POINT('',(17.8,92.,8.));
#5121 = VECTOR('',#5122,1.);
#5122 = DIRECTION('',(1.,0.,0.));
#5123 = ORIENTED_EDGE('',*,*,#5124,.F.);
#5124 = EDGE_CURVE('',#4954,#5117,#5125,.T.);
#5125 = LINE('',#5126,#5127);
#5126 = CARTESIAN_POINT('',(18.8,2.2,8.));
#5127 = VECTOR('',#5128,1.);
#5128 = DIRECTION('',(0.,1.,0.));
#5129 = ORIENTED_EDGE('',*,*,#4951,.F.);
#5130 = PLANE('',#5131);
#5131 = AXIS2_PLACEMENT_3D('',#5132,#5133,#5134);
#5132 = CARTESIAN_POINT('',(17.8,2.2,8.));
#5133 = DIRECTION('',(0.,0.,1.));
#5134 = DIRECTION('',(1.,0.,0.));
#5135 = ADVANCED_FACE('',(#5136),#5165,.T.);
#5136 = FACE_BOUND('',#5137,.T.);
#5137 = EDGE_LOOP('',(#5138,#5139,#5147,#5155,#5161,#5162,#5163,#5164));
#5138 = ORIENTED_EDGE('',*,*,#4937,.F.);
#5139 = ORIENTED_EDGE('',*,*,#5140,.T.);
#5140 = EDGE_CURVE('',#4930,#5141,#5143,.T.);
#5141 = VERTEX_POINT('',#5142);
#5142 = CARTESIAN_POINT('',(18.8,84.,19.4));
#5143 = LINE('',#5144,#5145);
#5144 = CARTESIAN_POINT('',(18.8,84.,8.));
#5145 = VECTOR('',#5146,1.);
#5146 = DIRECTION('',(0.,0.,1.));
#5147 = ORIENTED_EDGE('',*,*,#5148,.F.);
#5148 = EDGE_CURVE('',#5149,#5141,#5151,.T.);
#5149 = VERTEX_POINT('',#5150);
#5150 = CARTESIAN_POINT('',(13.,84.,19.4));
#5151 = LINE('',#5152,#5153);
#5152 = CARTESIAN_POINT('',(17.8,84.,19.4));
#5153 = VECTOR('',#5154,1.);
#5154 = DIRECTION('',(1.,0.,0.));
#5155 = ORIENTED_EDGE('',*,*,#5156,.F.);
#5156 = EDGE_CURVE('',#5085,#5149,#5157,.T.);
#5157 = LINE('',#5158,#5159);
#5158 = CARTESIAN_POINT('',(13.,84.,17.4));
#5159 = VECTOR('',#5160,1.);
#5160 = DIRECTION('',(0.,0.,1.));
#5161 = ORIENTED_EDGE('',*,*,#5094,.T.);
#5162 = ORIENTED_EDGE('',*,*,#5053,.T.);
#5163 = ORIENTED_EDGE('',*,*,#5032,.T.);
#5164 = ORIENTED_EDGE('',*,*,#4983,.F.);
#5165 = PLANE('',#5166);
#5166 = AXIS2_PLACEMENT_3D('',#5167,#5168,#5169);
#5167 = CARTESIAN_POINT('',(15.666666666667,84.,16.922222222222));
#5168 = DIRECTION('',(-0.,-1.,-0.));
#5169 = DIRECTION('',(0.,0.,-1.));
#5170 = ADVANCED_FACE('',(#5171),#5191,.T.);
#5171 = FACE_BOUND('',#5172,.T.);
#5172 = EDGE_LOOP('',(#5173,#5174,#5175,#5176,#5184,#5190));
#5173 = ORIENTED_EDGE('',*,*,#4929,.F.);
#5174 = ORIENTED_EDGE('',*,*,#4968,.F.);
#5175 = ORIENTED_EDGE('',*,*,#5124,.T.);
#5176 = ORIENTED_EDGE('',*,*,#5177,.T.);
#5177 = EDGE_CURVE('',#5117,#5178,#5180,.T.);
#5178 = VERTEX_POINT('',#5179);
#5179 = CARTESIAN_POINT('',(18.8,92.,19.4));
#5180 = LINE('',#5181,#5182);
#5181 = CARTESIAN_POINT('',(18.8,92.,8.));
#5182 = VECTOR('',#5183,1.);
#5183 = DIRECTION('',(0.,0.,1.));
#5184 = ORIENTED_EDGE('',*,*,#5185,.F.);
#5185 = EDGE_CURVE('',#5141,#5178,#5186,.T.);
#5186 = LINE('',#5187,#5188);
#5187 = CARTESIAN_POINT('',(18.8,84.,19.4));
#5188 = VECTOR('',#5189,1.);
#5189 = DIRECTION('',(0.,1.,0.));
#5190 = ORIENTED_EDGE('',*,*,#5140,.F.);
#5191 = PLANE('',#5192);
#5192 = AXIS2_PLACEMENT_3D('',#5193,#5194,#5195);
#5193 = CARTESIAN_POINT('',(18.8,48.959090909091,11.840909090909));
#5194 = DIRECTION('',(1.,0.,0.));
#5195 = DIRECTION('',(0.,0.,1.));
#5196 = ADVANCED_FACE('',(#5197),#5219,.T.);
#5197 = FACE_BOUND('',#5198,.T.);
#5198 = EDGE_LOOP('',(#5199,#5200,#5201,#5202,#5203,#5204,#5212,#5218));
#5199 = ORIENTED_EDGE('',*,*,#5116,.F.);
#5200 = ORIENTED_EDGE('',*,*,#4999,.T.);
#5201 = ORIENTED_EDGE('',*,*,#5039,.F.);
#5202 = ORIENTED_EDGE('',*,*,#5069,.F.);
#5203 = ORIENTED_EDGE('',*,*,#5101,.F.);
#5204 = ORIENTED_EDGE('',*,*,#5205,.T.);
#5205 = EDGE_CURVE('',#5087,#5206,#5208,.T.);
#5206 = VERTEX_POINT('',#5207);
#5207 = CARTESIAN_POINT('',(13.,92.,19.4));
#5208 = LINE('',#5209,#5210);
#5209 = CARTESIAN_POINT('',(13.,92.,13.4));
#5210 = VECTOR('',#5211,1.);
#5211 = DIRECTION('',(0.,0.,1.));
#5212 = ORIENTED_EDGE('',*,*,#5213,.T.);
#5213 = EDGE_CURVE('',#5206,#5178,#5214,.T.);
#5214 = LINE('',#5215,#5216);
#5215 = CARTESIAN_POINT('',(13.,92.,19.4));
#5216 = VECTOR('',#5217,1.);
#5217 = DIRECTION('',(1.,0.,0.));
#5218 = ORIENTED_EDGE('',*,*,#5177,.F.);
#5219 = PLANE('',#5220);
#5220 = AXIS2_PLACEMENT_3D('',#5221,#5222,#5223);
#5221 = CARTESIAN_POINT('',(16.511320754717,92.,14.990566037736));
#5222 = DIRECTION('',(0.,1.,0.));
#5223 = DIRECTION('',(0.,0.,1.));
#5224 = ADVANCED_FACE('',(#5225),#5236,.T.);
#5225 = FACE_BOUND('',#5226,.T.);
#5226 = EDGE_LOOP('',(#5227,#5228,#5234,#5235));
#5227 = ORIENTED_EDGE('',*,*,#5213,.F.);
#5228 = ORIENTED_EDGE('',*,*,#5229,.F.);
#5229 = EDGE_CURVE('',#5149,#5206,#5230,.T.);
#5230 = LINE('',#5231,#5232);
#5231 = CARTESIAN_POINT('',(13.,84.,19.4));
#5232 = VECTOR('',#5233,1.);
#5233 = DIRECTION('',(0.,1.,0.));
#5234 = ORIENTED_EDGE('',*,*,#5148,.T.);
#5235 = ORIENTED_EDGE('',*,*,#5185,.T.);
#5236 = PLANE('',#5237);
#5237 = AXIS2_PLACEMENT_3D('',#5238,#5239,#5240);
#5238 = CARTESIAN_POINT('',(15.9,88.,19.4));
#5239 = DIRECTION('',(0.,0.,1.));
#5240 = DIRECTION('',(1.,0.,0.));
#5241 = ADVANCED_FACE('',(#5242),#5248,.T.);
#5242 = FACE_BOUND('',#5243,.T.);
#5243 = EDGE_LOOP('',(#5244,#5245,#5246,#5247));
#5244 = ORIENTED_EDGE('',*,*,#5156,.T.);
#5245 = ORIENTED_EDGE('',*,*,#5229,.T.);
#5246 = ORIENTED_EDGE('',*,*,#5205,.F.);
#5247 = ORIENTED_EDGE('',*,*,#5084,.F.);
#5248 = PLANE('',#5249);
#5249 = AXIS2_PLACEMENT_3D('',#5250,#5251,#5252);
#5250 = CARTESIAN_POINT('',(13.,88.,16.4));
#5251 = DIRECTION('',(-1.,-0.,-0.));
#5252 = DIRECTION('',(0.,0.,-1.));
#5253 = MANIFOLD_SOLID_BREP('',#5254);
#5254 = CLOSED_SHELL('',(#5255,#5295,#5326,#5366,#5390,#5446,#5477,#5501
    ,#5525,#5544,#5572,#5589));
#5255 = ADVANCED_FACE('',(#5256),#5290,.T.);
#5256 = FACE_BOUND('',#5257,.T.);
#5257 = EDGE_LOOP('',(#5258,#5268,#5276,#5284));
#5258 = ORIENTED_EDGE('',*,*,#5259,.F.);
#5259 = EDGE_CURVE('',#5260,#5262,#5264,.T.);
#5260 = VERTEX_POINT('',#5261);
#5261 = CARTESIAN_POINT('',(123.2,2.2,14.8));
#5262 = VERTEX_POINT('',#5263);
#5263 = CARTESIAN_POINT('',(123.2,84.,14.8));
#5264 = LINE('',#5265,#5266);
#5265 = CARTESIAN_POINT('',(123.2,2.2,14.8));
#5266 = VECTOR('',#5267,1.);
#5267 = DIRECTION('',(0.,1.,0.));
#5268 = ORIENTED_EDGE('',*,*,#5269,.T.);
#5269 = EDGE_CURVE('',#5260,#5270,#5272,.T.);
#5270 = VERTEX_POINT('',#5271);
#5271 = CARTESIAN_POINT('',(124.2,2.2,14.8));
#5272 = LINE('',#5273,#5274);
#5273 = CARTESIAN_POINT('',(123.2,2.2,14.8));
#5274 = VECTOR('',#5275,1.);
#5275 = DIRECTION('',(1.,0.,0.));
#5276 = ORIENTED_EDGE('',*,*,#5277,.T.);
#5277 = EDGE_CURVE('',#5270,#5278,#5280,.T.);
#5278 = VERTEX_POINT('',#5279);
#5279 = CARTESIAN_POINT('',(124.2,84.,14.8));
#5280 = LINE('',#5281,#5282);
#5281 = CARTESIAN_POINT('',(124.2,2.2,14.8));
#5282 = VECTOR('',#5283,1.);
#5283 = DIRECTION('',(0.,1.,0.));
#5284 = ORIENTED_EDGE('',*,*,#5285,.T.);
#5285 = EDGE_CURVE('',#5278,#5262,#5286,.T.);
#5286 = LINE('',#5287,#5288);
#5287 = CARTESIAN_POINT('',(123.2,84.,14.8));
#5288 = VECTOR('',#5289,1.);
#5289 = DIRECTION('',(-1.,0.,0.));
#5290 = PLANE('',#5291);
#5291 = AXIS2_PLACEMENT_3D('',#5292,#5293,#5294);
#5292 = CARTESIAN_POINT('',(123.2,2.2,14.8));
#5293 = DIRECTION('',(0.,0.,1.));
#5294 = DIRECTION('',(1.,0.,0.));
#5295 = ADVANCED_FACE('',(#5296),#5321,.F.);
#5296 = FACE_BOUND('',#5297,.F.);
#5297 = EDGE_LOOP('',(#5298,#5308,#5314,#5315));
#5298 = ORIENTED_EDGE('',*,*,#5299,.F.);
#5299 = EDGE_CURVE('',#5300,#5302,#5304,.T.);
#5300 = VERTEX_POINT('',#5301);
#5301 = CARTESIAN_POINT('',(123.2,2.2,8.));
#5302 = VERTEX_POINT('',#5303);
#5303 = CARTESIAN_POINT('',(124.2,2.2,8.));
#5304 = LINE('',#5305,#5306);
#5305 = CARTESIAN_POINT('',(123.2,2.2,8.));
#5306 = VECTOR('',#5307,1.);
#5307 = DIRECTION('',(1.,0.,0.));
#5308 = ORIENTED_EDGE('',*,*,#5309,.T.);
#5309 = EDGE_CURVE('',#5300,#5260,#5310,.T.);
#5310 = LINE('',#5311,#5312);
#5311 = CARTESIAN_POINT('',(123.2,2.2,8.));
#5312 = VECTOR('',#5313,1.);
#5313 = DIRECTION('',(0.,0.,1.));
#5314 = ORIENTED_EDGE('',*,*,#5269,.T.);
#5315 = ORIENTED_EDGE('',*,*,#5316,.F.);
#5316 = EDGE_CURVE('',#5302,#5270,#5317,.T.);
#5317 = LINE('',#5318,#5319);
#5318 = CARTESIAN_POINT('',(124.2,2.2,8.));
#5319 = VECTOR('',#5320,1.);
#5320 = DIRECTION('',(0.,0.,1.));
#5321 = PLANE('',#5322);
#5322 = AXIS2_PLACEMENT_3D('',#5323,#5324,#5325);
#5323 = CARTESIAN_POINT('',(123.2,2.2,8.));
#5324 = DIRECTION('',(0.,1.,0.));
#5325 = DIRECTION('',(0.,0.,1.));
#5326 = ADVANCED_FACE('',(#5327),#5361,.T.);
#5327 = FACE_BOUND('',#5328,.T.);
#5328 = EDGE_LOOP('',(#5329,#5330,#5338,#5346,#5354,#5360));
#5329 = ORIENTED_EDGE('',*,*,#5259,.T.);
#5330 = ORIENTED_EDGE('',*,*,#5331,.T.);
#5331 = EDGE_CURVE('',#5262,#5332,#5334,.T.);
#5332 = VERTEX_POINT('',#5333);
#5333 = CARTESIAN_POINT('',(123.2,84.,19.4));
#5334 = LINE('',#5335,#5336);
#5335 = CARTESIAN_POINT('',(123.2,84.,8.));
#5336 = VECTOR('',#5337,1.);
#5337 = DIRECTION('',(0.,0.,1.));
#5338 = ORIENTED_EDGE('',*,*,#5339,.T.);
#5339 = EDGE_CURVE('',#5332,#5340,#5342,.T.);
#5340 = VERTEX_POINT('',#5341);
#5341 = CARTESIAN_POINT('',(123.2,92.,19.4));
#5342 = LINE('',#5343,#5344);
#5343 = CARTESIAN_POINT('',(123.2,84.,19.4));
#5344 = VECTOR('',#5345,1.);
#5345 = DIRECTION('',(0.,1.,0.));
#5346 = ORIENTED_EDGE('',*,*,#5347,.F.);
#5347 = EDGE_CURVE('',#5348,#5340,#5350,.T.);
#5348 = VERTEX_POINT('',#5349);
#5349 = CARTESIAN_POINT('',(123.2,92.,8.));
#5350 = LINE('',#5351,#5352);
#5351 = CARTESIAN_POINT('',(123.2,92.,8.));
#5352 = VECTOR('',#5353,1.);
#5353 = DIRECTION('',(0.,0.,1.));
#5354 = ORIENTED_EDGE('',*,*,#5355,.F.);
#5355 = EDGE_CURVE('',#5300,#5348,#5356,.T.);
#5356 = LINE('',#5357,#5358);
#5357 = CARTESIAN_POINT('',(123.2,2.2,8.));
#5358 = VECTOR('',#5359,1.);
#5359 = DIRECTION('',(0.,1.,0.));
#5360 = ORIENTED_EDGE('',*,*,#5309,.T.);
#5361 = PLANE('',#5362);
#5362 = AXIS2_PLACEMENT_3D('',#5363,#5364,#5365);
#5363 = CARTESIAN_POINT('',(123.2,48.959090909091,11.840909090909));
#5364 = DIRECTION('',(-1.,-0.,-0.));
#5365 = DIRECTION('',(0.,0.,-1.));
#5366 = ADVANCED_FACE('',(#5367),#5385,.F.);
#5367 = FACE_BOUND('',#5368,.T.);
#5368 = EDGE_LOOP('',(#5369,#5370,#5378,#5384));
#5369 = ORIENTED_EDGE('',*,*,#5355,.T.);
#5370 = ORIENTED_EDGE('',*,*,#5371,.T.);
#5371 = EDGE_CURVE('',#5348,#5372,#5374,.T.);
#5372 = VERTEX_POINT('',#5373);
#5373 = CARTESIAN_POINT('',(124.2,92.,8.));
#5374 = LINE('',#5375,#5376);
#5375 = CARTESIAN_POINT('',(123.2,92.,8.));
#5376 = VECTOR('',#5377,1.);
#5377 = DIRECTION('',(1.,0.,0.));
#5378 = ORIENTED_EDGE('',*,*,#5379,.F.);
#5379 = EDGE_CURVE('',#5302,#5372,#5380,.T.);
#5380 = LINE('',#5381,#5382);
#5381 = CARTESIAN_POINT('',(124.2,2.2,8.));
#5382 = VECTOR('',#5383,1.);
#5383 = DIRECTION('',(0.,1.,0.));
#5384 = ORIENTED_EDGE('',*,*,#5299,.F.);
#5385 = PLANE('',#5386);
#5386 = AXIS2_PLACEMENT_3D('',#5387,#5388,#5389);
#5387 = CARTESIAN_POINT('',(123.2,2.2,8.));
#5388 = DIRECTION('',(0.,0.,1.));
#5389 = DIRECTION('',(1.,0.,0.));
#5390 = ADVANCED_FACE('',(#5391),#5441,.T.);
#5391 = FACE_BOUND('',#5392,.T.);
#5392 = EDGE_LOOP('',(#5393,#5394,#5402,#5410,#5418,#5426,#5434,#5440));
#5393 = ORIENTED_EDGE('',*,*,#5285,.F.);
#5394 = ORIENTED_EDGE('',*,*,#5395,.T.);
#5395 = EDGE_CURVE('',#5278,#5396,#5398,.T.);
#5396 = VERTEX_POINT('',#5397);
#5397 = CARTESIAN_POINT('',(124.2,84.,17.4));
#5398 = LINE('',#5399,#5400);
#5399 = CARTESIAN_POINT('',(124.2,84.,8.));
#5400 = VECTOR('',#5401,1.);
#5401 = DIRECTION('',(0.,0.,1.));
#5402 = ORIENTED_EDGE('',*,*,#5403,.T.);
#5403 = EDGE_CURVE('',#5396,#5404,#5406,.T.);
#5404 = VERTEX_POINT('',#5405);
#5405 = CARTESIAN_POINT('',(128.,84.,17.4));
#5406 = LINE('',#5407,#5408);
#5407 = CARTESIAN_POINT('',(123.2,84.,17.4));
#5408 = VECTOR('',#5409,1.);
#5409 = DIRECTION('',(1.,0.,0.));
#5410 = ORIENTED_EDGE('',*,*,#5411,.F.);
#5411 = EDGE_CURVE('',#5412,#5404,#5414,.T.);
#5412 = VERTEX_POINT('',#5413);
#5413 = CARTESIAN_POINT('',(128.,84.,13.4));
#5414 = LINE('',#5415,#5416);
#5415 = CARTESIAN_POINT('',(128.,84.,13.4));
#5416 = VECTOR('',#5417,1.);
#5417 = DIRECTION('',(0.,0.,1.));
#5418 = ORIENTED_EDGE('',*,*,#5419,.T.);
#5419 = EDGE_CURVE('',#5412,#5420,#5422,.T.);
#5420 = VERTEX_POINT('',#5421);
#5421 = CARTESIAN_POINT('',(129.,84.,13.4));
#5422 = LINE('',#5423,#5424);
#5423 = CARTESIAN_POINT('',(128.,84.,13.4));
#5424 = VECTOR('',#5425,1.);
#5425 = DIRECTION('',(1.,0.,0.));
#5426 = ORIENTED_EDGE('',*,*,#5427,.T.);
#5427 = EDGE_CURVE('',#5420,#5428,#5430,.T.);
#5428 = VERTEX_POINT('',#5429);
#5429 = CARTESIAN_POINT('',(129.,84.,19.4));
#5430 = LINE('',#5431,#5432);
#5431 = CARTESIAN_POINT('',(129.,84.,13.4));
#5432 = VECTOR('',#5433,1.);
#5433 = DIRECTION('',(0.,0.,1.));
#5434 = ORIENTED_EDGE('',*,*,#5435,.F.);
#5435 = EDGE_CURVE('',#5332,#5428,#5436,.T.);
#5436 = LINE('',#5437,#5438);
#5437 = CARTESIAN_POINT('',(123.2,84.,19.4));
#5438 = VECTOR('',#5439,1.);
#5439 = DIRECTION('',(1.,0.,0.));
#5440 = ORIENTED_EDGE('',*,*,#5331,.F.);
#5441 = PLANE('',#5442);
#5442 = AXIS2_PLACEMENT_3D('',#5443,#5444,#5445);
#5443 = CARTESIAN_POINT('',(126.33333333333,84.,16.922222222222));
#5444 = DIRECTION('',(-0.,-1.,-0.));
#5445 = DIRECTION('',(0.,0.,-1.));
#5446 = ADVANCED_FACE('',(#5447),#5472,.F.);
#5447 = FACE_BOUND('',#5448,.F.);
#5448 = EDGE_LOOP('',(#5449,#5457,#5458,#5466));
#5449 = ORIENTED_EDGE('',*,*,#5450,.T.);
#5450 = EDGE_CURVE('',#5451,#5396,#5453,.T.);
#5451 = VERTEX_POINT('',#5452);
#5452 = CARTESIAN_POINT('',(124.2,92.,17.4));
#5453 = LINE('',#5454,#5455);
#5454 = CARTESIAN_POINT('',(124.2,84.,17.4));
#5455 = VECTOR('',#5456,1.);
#5456 = DIRECTION('',(0.,-1.,0.));
#5457 = ORIENTED_EDGE('',*,*,#5403,.T.);
#5458 = ORIENTED_EDGE('',*,*,#5459,.T.);
#5459 = EDGE_CURVE('',#5404,#5460,#5462,.T.);
#5460 = VERTEX_POINT('',#5461);
#5461 = CARTESIAN_POINT('',(128.,92.,17.4));
#5462 = LINE('',#5463,#5464);
#5463 = CARTESIAN_POINT('',(128.,84.,17.4));
#5464 = VECTOR('',#5465,1.);
#5465 = DIRECTION('',(0.,1.,0.));
#5466 = ORIENTED_EDGE('',*,*,#5467,.F.);
#5467 = EDGE_CURVE('',#5451,#5460,#5468,.T.);
#5468 = LINE('',#5469,#5470);
#5469 = CARTESIAN_POINT('',(123.2,92.,17.4));
#5470 = VECTOR('',#5471,1.);
#5471 = DIRECTION('',(1.,0.,0.));
#5472 = PLANE('',#5473);
#5473 = AXIS2_PLACEMENT_3D('',#5474,#5475,#5476);
#5474 = CARTESIAN_POINT('',(123.2,84.,17.4));
#5475 = DIRECTION('',(0.,0.,1.));
#5476 = DIRECTION('',(1.,0.,0.));
#5477 = ADVANCED_FACE('',(#5478),#5496,.F.);
#5478 = FACE_BOUND('',#5479,.F.);
#5479 = EDGE_LOOP('',(#5480,#5481,#5489,#5495));
#5480 = ORIENTED_EDGE('',*,*,#5411,.F.);
#5481 = ORIENTED_EDGE('',*,*,#5482,.T.);
#5482 = EDGE_CURVE('',#5412,#5483,#5485,.T.);
#5483 = VERTEX_POINT('',#5484);
#5484 = CARTESIAN_POINT('',(128.,92.,13.4));
#5485 = LINE('',#5486,#5487);
#5486 = CARTESIAN_POINT('',(128.,84.,13.4));
#5487 = VECTOR('',#5488,1.);
#5488 = DIRECTION('',(0.,1.,0.));
#5489 = ORIENTED_EDGE('',*,*,#5490,.T.);
#5490 = EDGE_CURVE('',#5483,#5460,#5491,.T.);
#5491 = LINE('',#5492,#5493);
#5492 = CARTESIAN_POINT('',(128.,92.,13.4));
#5493 = VECTOR('',#5494,1.);
#5494 = DIRECTION('',(0.,0.,1.));
#5495 = ORIENTED_EDGE('',*,*,#5459,.F.);
#5496 = PLANE('',#5497);
#5497 = AXIS2_PLACEMENT_3D('',#5498,#5499,#5500);
#5498 = CARTESIAN_POINT('',(128.,84.,13.4));
#5499 = DIRECTION('',(1.,0.,0.));
#5500 = DIRECTION('',(0.,0.,1.));
#5501 = ADVANCED_FACE('',(#5502),#5520,.F.);
#5502 = FACE_BOUND('',#5503,.F.);
#5503 = EDGE_LOOP('',(#5504,#5505,#5506,#5514));
#5504 = ORIENTED_EDGE('',*,*,#5482,.F.);
#5505 = ORIENTED_EDGE('',*,*,#5419,.T.);
#5506 = ORIENTED_EDGE('',*,*,#5507,.T.);
#5507 = EDGE_CURVE('',#5420,#5508,#5510,.T.);
#5508 = VERTEX_POINT('',#5509);
#5509 = CARTESIAN_POINT('',(129.,92.,13.4));
#5510 = LINE('',#5511,#5512);
#5511 = CARTESIAN_POINT('',(129.,84.,13.4));
#5512 = VECTOR('',#5513,1.);
#5513 = DIRECTION('',(0.,1.,0.));
#5514 = ORIENTED_EDGE('',*,*,#5515,.F.);
#5515 = EDGE_CURVE('',#5483,#5508,#5516,.T.);
#5516 = LINE('',#5517,#5518);
#5517 = CARTESIAN_POINT('',(128.,92.,13.4));
#5518 = VECTOR('',#5519,1.);
#5519 = DIRECTION('',(1.,0.,0.));
#5520 = PLANE('',#5521);
#5521 = AXIS2_PLACEMENT_3D('',#5522,#5523,#5524);
#5522 = CARTESIAN_POINT('',(128.,84.,13.4));
#5523 = DIRECTION('',(0.,0.,1.));
#5524 = DIRECTION('',(1.,0.,0.));
#5525 = ADVANCED_FACE('',(#5526),#5539,.T.);
#5526 = FACE_BOUND('',#5527,.T.);
#5527 = EDGE_LOOP('',(#5528,#5529,#5530,#5531,#5537,#5538));
#5528 = ORIENTED_EDGE('',*,*,#5277,.F.);
#5529 = ORIENTED_EDGE('',*,*,#5316,.F.);
#5530 = ORIENTED_EDGE('',*,*,#5379,.T.);
#5531 = ORIENTED_EDGE('',*,*,#5532,.T.);
#5532 = EDGE_CURVE('',#5372,#5451,#5533,.T.);
#5533 = LINE('',#5534,#5535);
#5534 = CARTESIAN_POINT('',(124.2,92.,8.));
#5535 = VECTOR('',#5536,1.);
#5536 = DIRECTION('',(0.,0.,1.));
#5537 = ORIENTED_EDGE('',*,*,#5450,.T.);
#5538 = ORIENTED_EDGE('',*,*,#5395,.F.);
#5539 = PLANE('',#5540);
#5540 = AXIS2_PLACEMENT_3D('',#5541,#5542,#5543);
#5541 = CARTESIAN_POINT('',(124.2,48.171975806452,11.628024193548));
#5542 = DIRECTION('',(1.,0.,0.));
#5543 = DIRECTION('',(0.,0.,1.));
#5544 = ADVANCED_FACE('',(#5545),#5567,.T.);
#5545 = FACE_BOUND('',#5546,.T.);
#5546 = EDGE_LOOP('',(#5547,#5548,#5549,#5557,#5563,#5564,#5565,#5566));
#5547 = ORIENTED_EDGE('',*,*,#5371,.F.);
#5548 = ORIENTED_EDGE('',*,*,#5347,.T.);
#5549 = ORIENTED_EDGE('',*,*,#5550,.T.);
#5550 = EDGE_CURVE('',#5340,#5551,#5553,.T.);
#5551 = VERTEX_POINT('',#5552);
#5552 = CARTESIAN_POINT('',(129.,92.,19.4));
#5553 = LINE('',#5554,#5555);
#5554 = CARTESIAN_POINT('',(123.2,92.,19.4));
#5555 = VECTOR('',#5556,1.);
#5556 = DIRECTION('',(1.,0.,0.));
#5557 = ORIENTED_EDGE('',*,*,#5558,.F.);
#5558 = EDGE_CURVE('',#5508,#5551,#5559,.T.);
#5559 = LINE('',#5560,#5561);
#5560 = CARTESIAN_POINT('',(129.,92.,17.4));
#5561 = VECTOR('',#5562,1.);
#5562 = DIRECTION('',(0.,0.,1.));
#5563 = ORIENTED_EDGE('',*,*,#5515,.F.);
#5564 = ORIENTED_EDGE('',*,*,#5490,.T.);
#5565 = ORIENTED_EDGE('',*,*,#5467,.F.);
#5566 = ORIENTED_EDGE('',*,*,#5532,.F.);
#5567 = PLANE('',#5568);
#5568 = AXIS2_PLACEMENT_3D('',#5569,#5570,#5571);
#5569 = CARTESIAN_POINT('',(125.48867924528,92.,14.990566037736));
#5570 = DIRECTION('',(0.,1.,0.));
#5571 = DIRECTION('',(0.,0.,1.));
#5572 = ADVANCED_FACE('',(#5573),#5584,.T.);
#5573 = FACE_BOUND('',#5574,.T.);
#5574 = EDGE_LOOP('',(#5575,#5576,#5577,#5583));
#5575 = ORIENTED_EDGE('',*,*,#5339,.F.);
#5576 = ORIENTED_EDGE('',*,*,#5435,.T.);
#5577 = ORIENTED_EDGE('',*,*,#5578,.T.);
#5578 = EDGE_CURVE('',#5428,#5551,#5579,.T.);
#5579 = LINE('',#5580,#5581);
#5580 = CARTESIAN_POINT('',(129.,84.,19.4));
#5581 = VECTOR('',#5582,1.);
#5582 = DIRECTION('',(0.,1.,0.));
#5583 = ORIENTED_EDGE('',*,*,#5550,.F.);
#5584 = PLANE('',#5585);
#5585 = AXIS2_PLACEMENT_3D('',#5586,#5587,#5588);
#5586 = CARTESIAN_POINT('',(126.1,88.,19.4));
#5587 = DIRECTION('',(0.,0.,1.));
#5588 = DIRECTION('',(1.,0.,0.));
#5589 = ADVANCED_FACE('',(#5590),#5596,.T.);
#5590 = FACE_BOUND('',#5591,.T.);
#5591 = EDGE_LOOP('',(#5592,#5593,#5594,#5595));
#5592 = ORIENTED_EDGE('',*,*,#5427,.F.);
#5593 = ORIENTED_EDGE('',*,*,#5507,.T.);
#5594 = ORIENTED_EDGE('',*,*,#5558,.T.);
#5595 = ORIENTED_EDGE('',*,*,#5578,.F.);
#5596 = PLANE('',#5597);
#5597 = AXIS2_PLACEMENT_3D('',#5598,#5599,#5600);
#5598 = CARTESIAN_POINT('',(129.,88.,16.4));
#5599 = DIRECTION('',(1.,0.,0.));
#5600 = DIRECTION('',(0.,0.,1.));
#5601 = MANIFOLD_SOLID_BREP('',#5602);
#5602 = CLOSED_SHELL('',(#5603,#5645,#5676,#5710,#5767,#5919,#5944,#6008
    ,#6033,#6069,#6117,#6166,#6192,#6233,#6289,#6337,#6354,#6376,#6441,
    #6465,#6505,#6561,#6585,#6641,#6681,#6705,#6777,#6801,#6834,#6859,
    #6877,#6901,#6925,#6949,#7124,#7136,#7161,#7183,#7219,#7236,#7260,
    #7291,#7317,#7342,#7376,#7400,#7455,#7479,#7520,#7554,#7576,#7631,
    #7655,#7669,#7686,#7703,#7729,#7746,#7758,#7789,#7806,#7823,#7835,
    #7852,#7864,#7889,#7933,#7951,#7990,#8022,#8056,#8088,#8113,#8152,
    #8191,#8215,#8247,#8271,#8303,#8342,#8366,#8398,#8415,#8440,#8459,
    #8484,#8517,#8543,#8568,#8593,#8625,#8642,#8659,#8677,#8689,#8701,
    #8725,#8767,#8785,#8810,#8843,#8867,#8892,#8916,#8940,#8973,#8998,
    #9015,#9117,#9168,#9180,#9197,#9214,#9260,#9269,#9287,#9305,#9339,
    #9356,#9373,#9391,#9409,#9427,#9452,#9477,#9514,#9532,#9550,#9574,
    #9586,#9611,#9636,#9661,#9686,#9717,#9741,#9765,#9782,#9813,#9837,
    #9861,#9878,#9890,#9899,#9924,#9949,#9958,#9967,#9976,#9985,#9997,
    #10009,#10034,#10059,#10068));
#5603 = ADVANCED_FACE('',(#5604),#5640,.T.);
#5604 = FACE_BOUND('',#5605,.F.);
#5605 = EDGE_LOOP('',(#5606,#5616,#5625,#5633));
#5606 = ORIENTED_EDGE('',*,*,#5607,.F.);
#5607 = EDGE_CURVE('',#5608,#5610,#5612,.T.);
#5608 = VERTEX_POINT('',#5609);
#5609 = CARTESIAN_POINT('',(142.,10.,66.));
#5610 = VERTEX_POINT('',#5611);
#5611 = CARTESIAN_POINT('',(142.,10.,119.));
#5612 = LINE('',#5613,#5614);
#5613 = CARTESIAN_POINT('',(142.,10.,66.));
#5614 = VECTOR('',#5615,1.);
#5615 = DIRECTION('',(0.,0.,1.));
#5616 = ORIENTED_EDGE('',*,*,#5617,.T.);
#5617 = EDGE_CURVE('',#5608,#5618,#5620,.T.);
#5618 = VERTEX_POINT('',#5619);
#5619 = CARTESIAN_POINT('',(132.,-1.7763568394E-15,66.));
#5620 = CIRCLE('',#5621,10.);
#5621 = AXIS2_PLACEMENT_3D('',#5622,#5623,#5624);
#5622 = CARTESIAN_POINT('',(132.,10.,66.));
#5623 = DIRECTION('',(-0.,-0.,-1.));
#5624 = DIRECTION('',(0.,-1.,0.));
#5625 = ORIENTED_EDGE('',*,*,#5626,.T.);
#5626 = EDGE_CURVE('',#5618,#5627,#5629,.T.);
#5627 = VERTEX_POINT('',#5628);
#5628 = CARTESIAN_POINT('',(132.,-2.22044604925E-16,119.));
#5629 = LINE('',#5630,#5631);
#5630 = CARTESIAN_POINT('',(132.,-1.7763568394E-15,66.));
#5631 = VECTOR('',#5632,1.);
#5632 = DIRECTION('',(0.,0.,1.));
#5633 = ORIENTED_EDGE('',*,*,#5634,.T.);
#5634 = EDGE_CURVE('',#5627,#5610,#5635,.T.);
#5635 = CIRCLE('',#5636,10.);
#5636 = AXIS2_PLACEMENT_3D('',#5637,#5638,#5639);
#5637 = CARTESIAN_POINT('',(132.,10.,119.));
#5638 = DIRECTION('',(-0.,0.,1.));
#5639 = DIRECTION('',(0.,-1.,0.));
#5640 = CYLINDRICAL_SURFACE('',#5641,10.);
#5641 = AXIS2_PLACEMENT_3D('',#5642,#5643,#5644);
#5642 = CARTESIAN_POINT('',(132.,10.,66.));
#5643 = DIRECTION('',(0.,0.,1.));
#5644 = DIRECTION('',(1.,0.,0.));
#5645 = ADVANCED_FACE('',(#5646),#5671,.T.);
#5646 = FACE_BOUND('',#5647,.T.);
#5647 = EDGE_LOOP('',(#5648,#5649,#5657,#5665));
#5648 = ORIENTED_EDGE('',*,*,#5607,.F.);
#5649 = ORIENTED_EDGE('',*,*,#5650,.T.);
#5650 = EDGE_CURVE('',#5608,#5651,#5653,.T.);
#5651 = VERTEX_POINT('',#5652);
#5652 = CARTESIAN_POINT('',(142.,16.,66.));
#5653 = LINE('',#5654,#5655);
#5654 = CARTESIAN_POINT('',(142.,0.,66.));
#5655 = VECTOR('',#5656,1.);
#5656 = DIRECTION('',(0.,1.,0.));
#5657 = ORIENTED_EDGE('',*,*,#5658,.T.);
#5658 = EDGE_CURVE('',#5651,#5659,#5661,.T.);
#5659 = VERTEX_POINT('',#5660);
#5660 = CARTESIAN_POINT('',(142.,16.,119.));
#5661 = LINE('',#5662,#5663);
#5662 = CARTESIAN_POINT('',(142.,16.,66.));
#5663 = VECTOR('',#5664,1.);
#5664 = DIRECTION('',(0.,0.,1.));
#5665 = ORIENTED_EDGE('',*,*,#5666,.F.);
#5666 = EDGE_CURVE('',#5610,#5659,#5667,.T.);
#5667 = LINE('',#5668,#5669);
#5668 = CARTESIAN_POINT('',(142.,10.,119.));
#5669 = VECTOR('',#5670,1.);
#5670 = DIRECTION('',(0.,1.,0.));
#5671 = PLANE('',#5672);
#5672 = AXIS2_PLACEMENT_3D('',#5673,#5674,#5675);
#5673 = CARTESIAN_POINT('',(142.,0.,66.));
#5674 = DIRECTION('',(1.,0.,0.));
#5675 = DIRECTION('',(0.,0.,1.));
#5676 = ADVANCED_FACE('',(#5677),#5705,.T.);
#5677 = FACE_BOUND('',#5678,.T.);
#5678 = EDGE_LOOP('',(#5679,#5688,#5689,#5698));
#5679 = ORIENTED_EDGE('',*,*,#5680,.F.);
#5680 = EDGE_CURVE('',#5627,#5681,#5683,.T.);
#5681 = VERTEX_POINT('',#5682);
#5682 = CARTESIAN_POINT('',(132.,1.,120.));
#5683 = CIRCLE('',#5684,1.);
#5684 = AXIS2_PLACEMENT_3D('',#5685,#5686,#5687);
#5685 = CARTESIAN_POINT('',(132.,1.,119.));
#5686 = DIRECTION('',(-1.,0.,0.));
#5687 = DIRECTION('',(0.,-1.,0.));
#5688 = ORIENTED_EDGE('',*,*,#5634,.T.);
#5689 = ORIENTED_EDGE('',*,*,#5690,.T.);
#5690 = EDGE_CURVE('',#5610,#5691,#5693,.T.);
#5691 = VERTEX_POINT('',#5692);
#5692 = CARTESIAN_POINT('',(141.,10.,120.));
#5693 = CIRCLE('',#5694,1.);
#5694 = AXIS2_PLACEMENT_3D('',#5695,#5696,#5697);
#5695 = CARTESIAN_POINT('',(141.,10.,119.));
#5696 = DIRECTION('',(-6.123233995737E-17,-1.,0.));
#5697 = DIRECTION('',(1.,-6.123233995737E-17,0.));
#5698 = ORIENTED_EDGE('',*,*,#5699,.F.);
#5699 = EDGE_CURVE('',#5681,#5691,#5700,.T.);
#5700 = CIRCLE('',#5701,9.);
#5701 = AXIS2_PLACEMENT_3D('',#5702,#5703,#5704);
#5702 = CARTESIAN_POINT('',(132.,10.,120.));
#5703 = DIRECTION('',(-0.,0.,1.));
#5704 = DIRECTION('',(0.,-1.,0.));
#5705 = TOROIDAL_SURFACE('',#5706,9.,1.);
#5706 = AXIS2_PLACEMENT_3D('',#5707,#5708,#5709);
#5707 = CARTESIAN_POINT('',(132.,10.,119.));
#5708 = DIRECTION('',(0.,0.,1.));
#5709 = DIRECTION('',(0.,-1.,0.));
#5710 = ADVANCED_FACE('',(#5711),#5762,.T.);
#5711 = FACE_BOUND('',#5712,.T.);
#5712 = EDGE_LOOP('',(#5713,#5714,#5722,#5730,#5738,#5747,#5755,#5761));
#5713 = ORIENTED_EDGE('',*,*,#5617,.T.);
#5714 = ORIENTED_EDGE('',*,*,#5715,.F.);
#5715 = EDGE_CURVE('',#5716,#5618,#5718,.T.);
#5716 = VERTEX_POINT('',#5717);
#5717 = CARTESIAN_POINT('',(119.6,0.,66.));
#5718 = LINE('',#5719,#5720);
#5719 = CARTESIAN_POINT('',(126.,0.,66.));
#5720 = VECTOR('',#5721,1.);
#5721 = DIRECTION('',(1.,0.,0.));
#5722 = ORIENTED_EDGE('',*,*,#5723,.T.);
#5723 = EDGE_CURVE('',#5716,#5724,#5726,.T.);
#5724 = VERTEX_POINT('',#5725);
#5725 = CARTESIAN_POINT('',(119.6,1.,66.));
#5726 = LINE('',#5727,#5728);
#5727 = CARTESIAN_POINT('',(119.6,0.,66.));
#5728 = VECTOR('',#5729,1.);
#5729 = DIRECTION('',(0.,1.,0.));
#5730 = ORIENTED_EDGE('',*,*,#5731,.F.);
#5731 = EDGE_CURVE('',#5732,#5724,#5734,.T.);
#5732 = VERTEX_POINT('',#5733);
#5733 = CARTESIAN_POINT('',(132.,1.,66.));
#5734 = LINE('',#5735,#5736);
#5735 = CARTESIAN_POINT('',(132.,1.,66.));
#5736 = VECTOR('',#5737,1.);
#5737 = DIRECTION('',(-1.,-0.,-0.));
#5738 = ORIENTED_EDGE('',*,*,#5739,.F.);
#5739 = EDGE_CURVE('',#5740,#5732,#5742,.T.);
#5740 = VERTEX_POINT('',#5741);
#5741 = CARTESIAN_POINT('',(141.,10.,66.));
#5742 = CIRCLE('',#5743,9.);
#5743 = AXIS2_PLACEMENT_3D('',#5744,#5745,#5746);
#5744 = CARTESIAN_POINT('',(132.,10.,66.));
#5745 = DIRECTION('',(0.,0.,-1.));
#5746 = DIRECTION('',(1.,0.,0.));
#5747 = ORIENTED_EDGE('',*,*,#5748,.F.);
#5748 = EDGE_CURVE('',#5749,#5740,#5751,.T.);
#5749 = VERTEX_POINT('',#5750);
#5750 = CARTESIAN_POINT('',(141.,16.,66.));
#5751 = LINE('',#5752,#5753);
#5752 = CARTESIAN_POINT('',(141.,122.,66.));
#5753 = VECTOR('',#5754,1.);
#5754 = DIRECTION('',(-0.,-1.,-0.));
#5755 = ORIENTED_EDGE('',*,*,#5756,.T.);
#5756 = EDGE_CURVE('',#5749,#5651,#5757,.T.);
#5757 = LINE('',#5758,#5759);
#5758 = CARTESIAN_POINT('',(126.,16.,66.));
#5759 = VECTOR('',#5760,1.);
#5760 = DIRECTION('',(1.,0.,0.));
#5761 = ORIENTED_EDGE('',*,*,#5650,.F.);
#5762 = PLANE('',#5763);
#5763 = AXIS2_PLACEMENT_3D('',#5764,#5765,#5766);
#5764 = CARTESIAN_POINT('',(133.93502461591,4.467015283844,66.));
#5765 = DIRECTION('',(-0.,-0.,-1.));
#5766 = DIRECTION('',(-1.,0.,0.));
#5767 = ADVANCED_FACE('',(#5768),#5914,.T.);
#5768 = FACE_BOUND('',#5769,.T.);
#5769 = EDGE_LOOP('',(#5770,#5780,#5788,#5796,#5802,#5803,#5804,#5812,
    #5820,#5828,#5836,#5844,#5852,#5860,#5868,#5876,#5884,#5892,#5900,
    #5908));
#5770 = ORIENTED_EDGE('',*,*,#5771,.T.);
#5771 = EDGE_CURVE('',#5772,#5774,#5776,.T.);
#5772 = VERTEX_POINT('',#5773);
#5773 = CARTESIAN_POINT('',(10.,-1.7763568394E-15,66.));
#5774 = VERTEX_POINT('',#5775);
#5775 = CARTESIAN_POINT('',(22.4,0.,66.));
#5776 = LINE('',#5777,#5778);
#5777 = CARTESIAN_POINT('',(12.,0.,66.));
#5778 = VECTOR('',#5779,1.);
#5779 = DIRECTION('',(1.,0.,0.));
#5780 = ORIENTED_EDGE('',*,*,#5781,.T.);
#5781 = EDGE_CURVE('',#5774,#5782,#5784,.T.);
#5782 = VERTEX_POINT('',#5783);
#5783 = CARTESIAN_POINT('',(22.4,0.,68.));
#5784 = LINE('',#5785,#5786);
#5785 = CARTESIAN_POINT('',(22.4,0.,66.));
#5786 = VECTOR('',#5787,1.);
#5787 = DIRECTION('',(0.,0.,1.));
#5788 = ORIENTED_EDGE('',*,*,#5789,.T.);
#5789 = EDGE_CURVE('',#5782,#5790,#5792,.T.);
#5790 = VERTEX_POINT('',#5791);
#5791 = CARTESIAN_POINT('',(119.6,0.,68.));
#5792 = LINE('',#5793,#5794);
#5793 = CARTESIAN_POINT('',(15.3,0.,68.));
#5794 = VECTOR('',#5795,1.);
#5795 = DIRECTION('',(1.,0.,0.));
#5796 = ORIENTED_EDGE('',*,*,#5797,.F.);
#5797 = EDGE_CURVE('',#5716,#5790,#5798,.T.);
#5798 = LINE('',#5799,#5800);
#5799 = CARTESIAN_POINT('',(119.6,0.,66.));
#5800 = VECTOR('',#5801,1.);
#5801 = DIRECTION('',(0.,0.,1.));
#5802 = ORIENTED_EDGE('',*,*,#5715,.T.);
#5803 = ORIENTED_EDGE('',*,*,#5626,.T.);
#5804 = ORIENTED_EDGE('',*,*,#5805,.F.);
#5805 = EDGE_CURVE('',#5806,#5627,#5808,.T.);
#5806 = VERTEX_POINT('',#5807);
#5807 = CARTESIAN_POINT('',(126.,-2.22044604925E-16,119.));
#5808 = LINE('',#5809,#5810);
#5809 = CARTESIAN_POINT('',(126.,-2.22044604925E-16,119.));
#5810 = VECTOR('',#5811,1.);
#5811 = DIRECTION('',(1.,0.,0.));
#5812 = ORIENTED_EDGE('',*,*,#5813,.F.);
#5813 = EDGE_CURVE('',#5814,#5806,#5816,.T.);
#5814 = VERTEX_POINT('',#5815);
#5815 = CARTESIAN_POINT('',(126.,0.,77.4));
#5816 = LINE('',#5817,#5818);
#5817 = CARTESIAN_POINT('',(126.,0.,66.));
#5818 = VECTOR('',#5819,1.);
#5819 = DIRECTION('',(0.,0.,1.));
#5820 = ORIENTED_EDGE('',*,*,#5821,.F.);
#5821 = EDGE_CURVE('',#5822,#5814,#5824,.T.);
#5822 = VERTEX_POINT('',#5823);
#5823 = CARTESIAN_POINT('',(121.6,0.,77.4));
#5824 = LINE('',#5825,#5826);
#5825 = CARTESIAN_POINT('',(124.2,0.,77.4));
#5826 = VECTOR('',#5827,1.);
#5827 = DIRECTION('',(1.,0.,0.));
#5828 = ORIENTED_EDGE('',*,*,#5829,.F.);
#5829 = EDGE_CURVE('',#5830,#5822,#5832,.T.);
#5830 = VERTEX_POINT('',#5831);
#5831 = CARTESIAN_POINT('',(121.6,0.,75.));
#5832 = LINE('',#5833,#5834);
#5833 = CARTESIAN_POINT('',(121.6,0.,75.));
#5834 = VECTOR('',#5835,1.);
#5835 = DIRECTION('',(0.,0.,1.));
#5836 = ORIENTED_EDGE('',*,*,#5837,.T.);
#5837 = EDGE_CURVE('',#5830,#5838,#5840,.T.);
#5838 = VERTEX_POINT('',#5839);
#5839 = CARTESIAN_POINT('',(124.2,0.,75.));
#5840 = LINE('',#5841,#5842);
#5841 = CARTESIAN_POINT('',(121.6,0.,75.));
#5842 = VECTOR('',#5843,1.);
#5843 = DIRECTION('',(1.,0.,0.));
#5844 = ORIENTED_EDGE('',*,*,#5845,.F.);
#5845 = EDGE_CURVE('',#5846,#5838,#5848,.T.);
#5846 = VERTEX_POINT('',#5847);
#5847 = CARTESIAN_POINT('',(124.2,0.,74.));
#5848 = LINE('',#5849,#5850);
#5849 = CARTESIAN_POINT('',(124.2,0.,68.));
#5850 = VECTOR('',#5851,1.);
#5851 = DIRECTION('',(0.,0.,1.));
#5852 = ORIENTED_EDGE('',*,*,#5853,.F.);
#5853 = EDGE_CURVE('',#5854,#5846,#5856,.T.);
#5854 = VERTEX_POINT('',#5855);
#5855 = CARTESIAN_POINT('',(17.8,0.,74.));
#5856 = LINE('',#5857,#5858);
#5857 = CARTESIAN_POINT('',(15.3,0.,74.));
#5858 = VECTOR('',#5859,1.);
#5859 = DIRECTION('',(1.,0.,0.));
#5860 = ORIENTED_EDGE('',*,*,#5861,.T.);
#5861 = EDGE_CURVE('',#5854,#5862,#5864,.T.);
#5862 = VERTEX_POINT('',#5863);
#5863 = CARTESIAN_POINT('',(17.8,0.,75.));
#5864 = LINE('',#5865,#5866);
#5865 = CARTESIAN_POINT('',(17.8,0.,68.));
#5866 = VECTOR('',#5867,1.);
#5867 = DIRECTION('',(0.,0.,1.));
#5868 = ORIENTED_EDGE('',*,*,#5869,.T.);
#5869 = EDGE_CURVE('',#5862,#5870,#5872,.T.);
#5870 = VERTEX_POINT('',#5871);
#5871 = CARTESIAN_POINT('',(20.4,0.,75.));
#5872 = LINE('',#5873,#5874);
#5873 = CARTESIAN_POINT('',(14.3,0.,75.));
#5874 = VECTOR('',#5875,1.);
#5875 = DIRECTION('',(1.,0.,0.));
#5876 = ORIENTED_EDGE('',*,*,#5877,.T.);
#5877 = EDGE_CURVE('',#5870,#5878,#5880,.T.);
#5878 = VERTEX_POINT('',#5879);
#5879 = CARTESIAN_POINT('',(20.4,0.,77.4));
#5880 = LINE('',#5881,#5882);
#5881 = CARTESIAN_POINT('',(20.4,0.,75.));
#5882 = VECTOR('',#5883,1.);
#5883 = DIRECTION('',(0.,0.,1.));
#5884 = ORIENTED_EDGE('',*,*,#5885,.F.);
#5885 = EDGE_CURVE('',#5886,#5878,#5888,.T.);
#5886 = VERTEX_POINT('',#5887);
#5887 = CARTESIAN_POINT('',(16.,0.,77.4));
#5888 = LINE('',#5889,#5890);
#5889 = CARTESIAN_POINT('',(14.3,0.,77.4));
#5890 = VECTOR('',#5891,1.);
#5891 = DIRECTION('',(1.,0.,0.));
#5892 = ORIENTED_EDGE('',*,*,#5893,.T.);
#5893 = EDGE_CURVE('',#5886,#5894,#5896,.T.);
#5894 = VERTEX_POINT('',#5895);
#5895 = CARTESIAN_POINT('',(16.,-2.22044604925E-16,119.));
#5896 = LINE('',#5897,#5898);
#5897 = CARTESIAN_POINT('',(16.,0.,66.));
#5898 = VECTOR('',#5899,1.);
#5899 = DIRECTION('',(0.,0.,1.));
#5900 = ORIENTED_EDGE('',*,*,#5901,.T.);
#5901 = EDGE_CURVE('',#5894,#5902,#5904,.T.);
#5902 = VERTEX_POINT('',#5903);
#5903 = CARTESIAN_POINT('',(10.,-2.22044604925E-16,119.));
#5904 = LINE('',#5905,#5906);
#5905 = CARTESIAN_POINT('',(16.,-2.22044604925E-16,119.));
#5906 = VECTOR('',#5907,1.);
#5907 = DIRECTION('',(-1.,-0.,-0.));
#5908 = ORIENTED_EDGE('',*,*,#5909,.F.);
#5909 = EDGE_CURVE('',#5772,#5902,#5910,.T.);
#5910 = LINE('',#5911,#5912);
#5911 = CARTESIAN_POINT('',(10.,-1.7763568394E-15,66.));
#5912 = VECTOR('',#5913,1.);
#5913 = DIRECTION('',(0.,0.,1.));
#5914 = PLANE('',#5915);
#5915 = AXIS2_PLACEMENT_3D('',#5916,#5917,#5918);
#5916 = CARTESIAN_POINT('',(71.,-4.202428702366E-16,82.255985915493));
#5917 = DIRECTION('',(-0.,-1.,-0.));
#5918 = DIRECTION('',(0.,0.,-1.));
#5919 = ADVANCED_FACE('',(#5920),#5939,.T.);
#5920 = FACE_BOUND('',#5921,.F.);
#5921 = EDGE_LOOP('',(#5922,#5923,#5931,#5938));
#5922 = ORIENTED_EDGE('',*,*,#5690,.T.);
#5923 = ORIENTED_EDGE('',*,*,#5924,.T.);
#5924 = EDGE_CURVE('',#5691,#5925,#5927,.T.);
#5925 = VERTEX_POINT('',#5926);
#5926 = CARTESIAN_POINT('',(141.,15.,120.));
#5927 = LINE('',#5928,#5929);
#5928 = CARTESIAN_POINT('',(141.,10.,120.));
#5929 = VECTOR('',#5930,1.);
#5930 = DIRECTION('',(0.,1.,0.));
#5931 = ORIENTED_EDGE('',*,*,#5932,.F.);
#5932 = EDGE_CURVE('',#5659,#5925,#5933,.T.);
#5933 = ELLIPSE('',#5934,1.414213562373,1.);
#5934 = AXIS2_PLACEMENT_3D('',#5935,#5936,#5937);
#5935 = CARTESIAN_POINT('',(141.,15.,119.));
#5936 = DIRECTION('',(0.707106781187,-0.707106781187,0.));
#5937 = DIRECTION('',(0.707106781187,0.707106781187,0.));
#5938 = ORIENTED_EDGE('',*,*,#5666,.F.);
#5939 = CYLINDRICAL_SURFACE('',#5940,1.);
#5940 = AXIS2_PLACEMENT_3D('',#5941,#5942,#5943);
#5941 = CARTESIAN_POINT('',(141.,10.,119.));
#5942 = DIRECTION('',(0.,1.,0.));
#5943 = DIRECTION('',(1.,0.,0.));
#5944 = ADVANCED_FACE('',(#5945),#6003,.T.);
#5945 = FACE_BOUND('',#5946,.T.);
#5946 = EDGE_LOOP('',(#5947,#5955,#5956,#5957,#5965,#5973,#5981,#5989,
    #5997));
#5947 = ORIENTED_EDGE('',*,*,#5948,.T.);
#5948 = EDGE_CURVE('',#5949,#5659,#5951,.T.);
#5949 = VERTEX_POINT('',#5950);
#5950 = CARTESIAN_POINT('',(126.,16.,119.));
#5951 = LINE('',#5952,#5953);
#5952 = CARTESIAN_POINT('',(126.,16.,119.));
#5953 = VECTOR('',#5954,1.);
#5954 = DIRECTION('',(1.,0.,0.));
#5955 = ORIENTED_EDGE('',*,*,#5658,.F.);
#5956 = ORIENTED_EDGE('',*,*,#5756,.F.);
#5957 = ORIENTED_EDGE('',*,*,#5958,.F.);
#5958 = EDGE_CURVE('',#5959,#5749,#5961,.T.);
#5959 = VERTEX_POINT('',#5960);
#5960 = CARTESIAN_POINT('',(130.,16.,66.));
#5961 = LINE('',#5962,#5963);
#5962 = CARTESIAN_POINT('',(126.,16.,66.));
#5963 = VECTOR('',#5964,1.);
#5964 = DIRECTION('',(1.,0.,0.));
#5965 = ORIENTED_EDGE('',*,*,#5966,.F.);
#5966 = EDGE_CURVE('',#5967,#5959,#5969,.T.);
#5967 = VERTEX_POINT('',#5968);
#5968 = CARTESIAN_POINT('',(130.,16.,68.));
#5969 = LINE('',#5970,#5971);
#5970 = CARTESIAN_POINT('',(130.,16.,66.));
#5971 = VECTOR('',#5972,1.);
#5972 = DIRECTION('',(0.,0.,-1.));
#5973 = ORIENTED_EDGE('',*,*,#5974,.F.);
#5974 = EDGE_CURVE('',#5975,#5967,#5977,.T.);
#5975 = VERTEX_POINT('',#5976);
#5976 = CARTESIAN_POINT('',(127.7,16.,68.));
#5977 = LINE('',#5978,#5979);
#5978 = CARTESIAN_POINT('',(122.8,16.,68.));
#5979 = VECTOR('',#5980,1.);
#5980 = DIRECTION('',(1.,0.,0.));
#5981 = ORIENTED_EDGE('',*,*,#5982,.F.);
#5982 = EDGE_CURVE('',#5983,#5975,#5985,.T.);
#5983 = VERTEX_POINT('',#5984);
#5984 = CARTESIAN_POINT('',(127.7,16.,77.4));
#5985 = LINE('',#5986,#5987);
#5986 = CARTESIAN_POINT('',(127.7,16.,67.));
#5987 = VECTOR('',#5988,1.);
#5988 = DIRECTION('',(0.,0.,-1.));
#5989 = ORIENTED_EDGE('',*,*,#5990,.F.);
#5990 = EDGE_CURVE('',#5991,#5983,#5993,.T.);
#5991 = VERTEX_POINT('',#5992);
#5992 = CARTESIAN_POINT('',(126.,16.,77.4));
#5993 = LINE('',#5994,#5995);
#5994 = CARTESIAN_POINT('',(123.8,16.,77.4));
#5995 = VECTOR('',#5996,1.);
#5996 = DIRECTION('',(1.,0.,0.));
#5997 = ORIENTED_EDGE('',*,*,#5998,.T.);
#5998 = EDGE_CURVE('',#5991,#5949,#5999,.T.);
#5999 = LINE('',#6000,#6001);
#6000 = CARTESIAN_POINT('',(126.,16.,66.));
#6001 = VECTOR('',#6002,1.);
#6002 = DIRECTION('',(0.,0.,1.));
#6003 = PLANE('',#6004);
#6004 = AXIS2_PLACEMENT_3D('',#6005,#6006,#6007);
#6005 = CARTESIAN_POINT('',(126.,16.,66.));
#6006 = DIRECTION('',(0.,1.,0.));
#6007 = DIRECTION('',(0.,0.,1.));
#6008 = ADVANCED_FACE('',(#6009),#6028,.T.);
#6009 = FACE_BOUND('',#6010,.F.);
#6010 = EDGE_LOOP('',(#6011,#6020,#6026,#6027));
#6011 = ORIENTED_EDGE('',*,*,#6012,.T.);
#6012 = EDGE_CURVE('',#5806,#6013,#6015,.T.);
#6013 = VERTEX_POINT('',#6014);
#6014 = CARTESIAN_POINT('',(127.,1.,120.));
#6015 = ELLIPSE('',#6016,1.414213562373,1.);
#6016 = AXIS2_PLACEMENT_3D('',#6017,#6018,#6019);
#6017 = CARTESIAN_POINT('',(127.,1.,119.));
#6018 = DIRECTION('',(-0.707106781187,0.707106781187,0.));
#6019 = DIRECTION('',(0.707106781187,0.707106781187,0.));
#6020 = ORIENTED_EDGE('',*,*,#6021,.T.);
#6021 = EDGE_CURVE('',#6013,#5681,#6022,.T.);
#6022 = LINE('',#6023,#6024);
#6023 = CARTESIAN_POINT('',(126.,1.,120.));
#6024 = VECTOR('',#6025,1.);
#6025 = DIRECTION('',(1.,0.,0.));
#6026 = ORIENTED_EDGE('',*,*,#5680,.F.);
#6027 = ORIENTED_EDGE('',*,*,#5805,.F.);
#6028 = CYLINDRICAL_SURFACE('',#6029,1.);
#6029 = AXIS2_PLACEMENT_3D('',#6030,#6031,#6032);
#6030 = CARTESIAN_POINT('',(126.,1.,119.));
#6031 = DIRECTION('',(1.,0.,0.));
#6032 = DIRECTION('',(0.,-1.,0.));
#6033 = ADVANCED_FACE('',(#6034,#6053),#6064,.T.);
#6034 = FACE_BOUND('',#6035,.T.);
#6035 = EDGE_LOOP('',(#6036,#6037,#6038,#6039,#6047));
#6036 = ORIENTED_EDGE('',*,*,#6021,.T.);
#6037 = ORIENTED_EDGE('',*,*,#5699,.T.);
#6038 = ORIENTED_EDGE('',*,*,#5924,.T.);
#6039 = ORIENTED_EDGE('',*,*,#6040,.F.);
#6040 = EDGE_CURVE('',#6041,#5925,#6043,.T.);
#6041 = VERTEX_POINT('',#6042);
#6042 = CARTESIAN_POINT('',(127.,15.,120.));
#6043 = LINE('',#6044,#6045);
#6044 = CARTESIAN_POINT('',(126.,15.,120.));
#6045 = VECTOR('',#6046,1.);
#6046 = DIRECTION('',(1.,0.,0.));
#6047 = ORIENTED_EDGE('',*,*,#6048,.F.);
#6048 = EDGE_CURVE('',#6013,#6041,#6049,.T.);
#6049 = LINE('',#6050,#6051);
#6050 = CARTESIAN_POINT('',(127.,0.,120.));
#6051 = VECTOR('',#6052,1.);
#6052 = DIRECTION('',(0.,1.,0.));
#6053 = FACE_BOUND('',#6054,.T.);
#6054 = EDGE_LOOP('',(#6055));
#6055 = ORIENTED_EDGE('',*,*,#6056,.F.);
#6056 = EDGE_CURVE('',#6057,#6057,#6059,.T.);
#6057 = VERTEX_POINT('',#6058);
#6058 = CARTESIAN_POINT('',(137.4,8.,120.));
#6059 = CIRCLE('',#6060,3.4);
#6060 = AXIS2_PLACEMENT_3D('',#6061,#6062,#6063);
#6061 = CARTESIAN_POINT('',(134.,8.,120.));
#6062 = DIRECTION('',(0.,0.,1.));
#6063 = DIRECTION('',(1.,0.,0.));
#6064 = PLANE('',#6065);
#6065 = AXIS2_PLACEMENT_3D('',#6066,#6067,#6068);
#6066 = CARTESIAN_POINT('',(126.,0.,120.));
#6067 = DIRECTION('',(0.,0.,1.));
#6068 = DIRECTION('',(1.,0.,0.));
#6069 = ADVANCED_FACE('',(#6070),#6112,.F.);
#6070 = FACE_BOUND('',#6071,.F.);
#6071 = EDGE_LOOP('',(#6072,#6073,#6074,#6082,#6090,#6098,#6106));
#6072 = ORIENTED_EDGE('',*,*,#5797,.F.);
#6073 = ORIENTED_EDGE('',*,*,#5723,.T.);
#6074 = ORIENTED_EDGE('',*,*,#6075,.T.);
#6075 = EDGE_CURVE('',#5724,#6076,#6078,.T.);
#6076 = VERTEX_POINT('',#6077);
#6077 = CARTESIAN_POINT('',(119.6,17.,66.));
#6078 = LINE('',#6079,#6080);
#6079 = CARTESIAN_POINT('',(119.6,0.,66.));
#6080 = VECTOR('',#6081,1.);
#6081 = DIRECTION('',(0.,1.,0.));
#6082 = ORIENTED_EDGE('',*,*,#6083,.T.);
#6083 = EDGE_CURVE('',#6076,#6084,#6086,.T.);
#6084 = VERTEX_POINT('',#6085);
#6085 = CARTESIAN_POINT('',(119.6,92.,66.));
#6086 = LINE('',#6087,#6088);
#6087 = CARTESIAN_POINT('',(119.6,0.,66.));
#6088 = VECTOR('',#6089,1.);
#6089 = DIRECTION('',(0.,1.,0.));
#6090 = ORIENTED_EDGE('',*,*,#6091,.T.);
#6091 = EDGE_CURVE('',#6084,#6092,#6094,.T.);
#6092 = VERTEX_POINT('',#6093);
#6093 = CARTESIAN_POINT('',(119.6,92.,68.));
#6094 = LINE('',#6095,#6096);
#6095 = CARTESIAN_POINT('',(119.6,92.,66.));
#6096 = VECTOR('',#6097,1.);
#6097 = DIRECTION('',(0.,0.,1.));
#6098 = ORIENTED_EDGE('',*,*,#6099,.F.);
#6099 = EDGE_CURVE('',#6100,#6092,#6102,.T.);
#6100 = VERTEX_POINT('',#6101);
#6101 = CARTESIAN_POINT('',(119.6,2.,68.));
#6102 = LINE('',#6103,#6104);
#6103 = CARTESIAN_POINT('',(119.6,0.,68.));
#6104 = VECTOR('',#6105,1.);
#6105 = DIRECTION('',(0.,1.,0.));
#6106 = ORIENTED_EDGE('',*,*,#6107,.F.);
#6107 = EDGE_CURVE('',#5790,#6100,#6108,.T.);
#6108 = LINE('',#6109,#6110);
#6109 = CARTESIAN_POINT('',(119.6,0.,68.));
#6110 = VECTOR('',#6111,1.);
#6111 = DIRECTION('',(0.,1.,0.));
#6112 = PLANE('',#6113);
#6113 = AXIS2_PLACEMENT_3D('',#6114,#6115,#6116);
#6114 = CARTESIAN_POINT('',(119.6,0.,66.));
#6115 = DIRECTION('',(1.,0.,0.));
#6116 = DIRECTION('',(0.,0.,1.));
#6117 = ADVANCED_FACE('',(#6118),#6161,.T.);
#6118 = FACE_BOUND('',#6119,.T.);
#6119 = EDGE_LOOP('',(#6120,#6129,#6130,#6138,#6146,#6155));
#6120 = ORIENTED_EDGE('',*,*,#6121,.T.);
#6121 = EDGE_CURVE('',#6122,#5732,#6124,.T.);
#6122 = VERTEX_POINT('',#6123);
#6123 = CARTESIAN_POINT('',(132.,-1.7763568394E-15,65.));
#6124 = CIRCLE('',#6125,1.);
#6125 = AXIS2_PLACEMENT_3D('',#6126,#6127,#6128);
#6126 = CARTESIAN_POINT('',(132.,1.,65.));
#6127 = DIRECTION('',(-1.,-6.123233995737E-17,0.));
#6128 = DIRECTION('',(6.123233995737E-17,-1.,0.));
#6129 = ORIENTED_EDGE('',*,*,#5731,.T.);
#6130 = ORIENTED_EDGE('',*,*,#6131,.T.);
#6131 = EDGE_CURVE('',#5724,#6132,#6134,.T.);
#6132 = VERTEX_POINT('',#6133);
#6133 = CARTESIAN_POINT('',(22.4,1.,66.));
#6134 = LINE('',#6135,#6136);
#6135 = CARTESIAN_POINT('',(132.,1.,66.));
#6136 = VECTOR('',#6137,1.);
#6137 = DIRECTION('',(-1.,-0.,-0.));
#6138 = ORIENTED_EDGE('',*,*,#6139,.T.);
#6139 = EDGE_CURVE('',#6132,#6140,#6142,.T.);
#6140 = VERTEX_POINT('',#6141);
#6141 = CARTESIAN_POINT('',(10.,1.,66.));
#6142 = LINE('',#6143,#6144);
#6143 = CARTESIAN_POINT('',(132.,1.,66.));
#6144 = VECTOR('',#6145,1.);
#6145 = DIRECTION('',(-1.,-0.,-0.));
#6146 = ORIENTED_EDGE('',*,*,#6147,.F.);
#6147 = EDGE_CURVE('',#6148,#6140,#6150,.T.);
#6148 = VERTEX_POINT('',#6149);
#6149 = CARTESIAN_POINT('',(10.,-2.22044604925E-16,65.));
#6150 = CIRCLE('',#6151,1.);
#6151 = AXIS2_PLACEMENT_3D('',#6152,#6153,#6154);
#6152 = CARTESIAN_POINT('',(10.,1.,65.));
#6153 = DIRECTION('',(-1.,0.,0.));
#6154 = DIRECTION('',(0.,-1.,0.));
#6155 = ORIENTED_EDGE('',*,*,#6156,.F.);
#6156 = EDGE_CURVE('',#6122,#6148,#6157,.T.);
#6157 = LINE('',#6158,#6159);
#6158 = CARTESIAN_POINT('',(132.,-2.22044604925E-16,65.));
#6159 = VECTOR('',#6160,1.);
#6160 = DIRECTION('',(-1.,-0.,-0.));
#6161 = CYLINDRICAL_SURFACE('',#6162,1.);
#6162 = AXIS2_PLACEMENT_3D('',#6163,#6164,#6165);
#6163 = CARTESIAN_POINT('',(132.,1.,65.));
#6164 = DIRECTION('',(-1.,-0.,-0.));
#6165 = DIRECTION('',(0.,-1.,0.));
#6166 = ADVANCED_FACE('',(#6167),#6187,.T.);
#6167 = FACE_BOUND('',#6168,.F.);
#6168 = EDGE_LOOP('',(#6169,#6178,#6185,#6186));
#6169 = ORIENTED_EDGE('',*,*,#6170,.F.);
#6170 = EDGE_CURVE('',#6171,#5740,#6173,.T.);
#6171 = VERTEX_POINT('',#6172);
#6172 = CARTESIAN_POINT('',(142.,10.,65.));
#6173 = CIRCLE('',#6174,1.);
#6174 = AXIS2_PLACEMENT_3D('',#6175,#6176,#6177);
#6175 = CARTESIAN_POINT('',(141.,10.,65.));
#6176 = DIRECTION('',(0.,-1.,0.));
#6177 = DIRECTION('',(1.,0.,0.));
#6178 = ORIENTED_EDGE('',*,*,#6179,.T.);
#6179 = EDGE_CURVE('',#6171,#6122,#6180,.T.);
#6180 = CIRCLE('',#6181,10.);
#6181 = AXIS2_PLACEMENT_3D('',#6182,#6183,#6184);
#6182 = CARTESIAN_POINT('',(132.,10.,65.));
#6183 = DIRECTION('',(0.,0.,-1.));
#6184 = DIRECTION('',(1.,0.,0.));
#6185 = ORIENTED_EDGE('',*,*,#6121,.T.);
#6186 = ORIENTED_EDGE('',*,*,#5739,.F.);
#6187 = TOROIDAL_SURFACE('',#6188,9.,1.);
#6188 = AXIS2_PLACEMENT_3D('',#6189,#6190,#6191);
#6189 = CARTESIAN_POINT('',(132.,10.,65.));
#6190 = DIRECTION('',(0.,0.,1.));
#6191 = DIRECTION('',(1.,0.,0.));
#6192 = ADVANCED_FACE('',(#6193),#6228,.T.);
#6193 = FACE_BOUND('',#6194,.T.);
#6194 = EDGE_LOOP('',(#6195,#6206,#6214,#6220,#6221,#6222));
#6195 = ORIENTED_EDGE('',*,*,#6196,.T.);
#6196 = EDGE_CURVE('',#6197,#6199,#6201,.T.);
#6197 = VERTEX_POINT('',#6198);
#6198 = CARTESIAN_POINT('',(142.,122.,65.));
#6199 = VERTEX_POINT('',#6200);
#6200 = CARTESIAN_POINT('',(141.,122.,66.));
#6201 = CIRCLE('',#6202,1.);
#6202 = AXIS2_PLACEMENT_3D('',#6203,#6204,#6205);
#6203 = CARTESIAN_POINT('',(141.,122.,65.));
#6204 = DIRECTION('',(6.123233995737E-17,-1.,0.));
#6205 = DIRECTION('',(1.,6.123233995737E-17,0.));
#6206 = ORIENTED_EDGE('',*,*,#6207,.T.);
#6207 = EDGE_CURVE('',#6199,#6208,#6210,.T.);
#6208 = VERTEX_POINT('',#6209);
#6209 = CARTESIAN_POINT('',(141.,116.,66.));
#6210 = LINE('',#6211,#6212);
#6211 = CARTESIAN_POINT('',(141.,122.,66.));
#6212 = VECTOR('',#6213,1.);
#6213 = DIRECTION('',(-0.,-1.,-0.));
#6214 = ORIENTED_EDGE('',*,*,#6215,.T.);
#6215 = EDGE_CURVE('',#6208,#5749,#6216,.T.);
#6216 = LINE('',#6217,#6218);
#6217 = CARTESIAN_POINT('',(141.,122.,66.));
#6218 = VECTOR('',#6219,1.);
#6219 = DIRECTION('',(-0.,-1.,-0.));
#6220 = ORIENTED_EDGE('',*,*,#5748,.T.);
#6221 = ORIENTED_EDGE('',*,*,#6170,.F.);
#6222 = ORIENTED_EDGE('',*,*,#6223,.F.);
#6223 = EDGE_CURVE('',#6197,#6171,#6224,.T.);
#6224 = LINE('',#6225,#6226);
#6225 = CARTESIAN_POINT('',(142.,122.,65.));
#6226 = VECTOR('',#6227,1.);
#6227 = DIRECTION('',(-0.,-1.,-0.));
#6228 = CYLINDRICAL_SURFACE('',#6229,1.);
#6229 = AXIS2_PLACEMENT_3D('',#6230,#6231,#6232);
#6230 = CARTESIAN_POINT('',(141.,122.,65.));
#6231 = DIRECTION('',(-0.,-1.,-0.));
#6232 = DIRECTION('',(1.,0.,0.));
#6233 = ADVANCED_FACE('',(#6234),#6284,.T.);
#6234 = FACE_BOUND('',#6235,.T.);
#6235 = EDGE_LOOP('',(#6236,#6237,#6243,#6244,#6253,#6261,#6269,#6277));
#6236 = ORIENTED_EDGE('',*,*,#6139,.F.);
#6237 = ORIENTED_EDGE('',*,*,#6238,.F.);
#6238 = EDGE_CURVE('',#5774,#6132,#6239,.T.);
#6239 = LINE('',#6240,#6241);
#6240 = CARTESIAN_POINT('',(22.4,0.,66.));
#6241 = VECTOR('',#6242,1.);
#6242 = DIRECTION('',(0.,1.,0.));
#6243 = ORIENTED_EDGE('',*,*,#5771,.F.);
#6244 = ORIENTED_EDGE('',*,*,#6245,.F.);
#6245 = EDGE_CURVE('',#6246,#5772,#6248,.T.);
#6246 = VERTEX_POINT('',#6247);
#6247 = CARTESIAN_POINT('',(-1.7763568394E-15,10.,66.));
#6248 = CIRCLE('',#6249,10.);
#6249 = AXIS2_PLACEMENT_3D('',#6250,#6251,#6252);
#6250 = CARTESIAN_POINT('',(10.,10.,66.));
#6251 = DIRECTION('',(-0.,0.,1.));
#6252 = DIRECTION('',(0.,-1.,0.));
#6253 = ORIENTED_EDGE('',*,*,#6254,.T.);
#6254 = EDGE_CURVE('',#6246,#6255,#6257,.T.);
#6255 = VERTEX_POINT('',#6256);
#6256 = CARTESIAN_POINT('',(0.,16.,66.));
#6257 = LINE('',#6258,#6259);
#6258 = CARTESIAN_POINT('',(0.,0.,66.));
#6259 = VECTOR('',#6260,1.);
#6260 = DIRECTION('',(0.,1.,0.));
#6261 = ORIENTED_EDGE('',*,*,#6262,.T.);
#6262 = EDGE_CURVE('',#6255,#6263,#6265,.T.);
#6263 = VERTEX_POINT('',#6264);
#6264 = CARTESIAN_POINT('',(1.,16.,66.));
#6265 = LINE('',#6266,#6267);
#6266 = CARTESIAN_POINT('',(0.,16.,66.));
#6267 = VECTOR('',#6268,1.);
#6268 = DIRECTION('',(1.,0.,0.));
#6269 = ORIENTED_EDGE('',*,*,#6270,.F.);
#6270 = EDGE_CURVE('',#6271,#6263,#6273,.T.);
#6271 = VERTEX_POINT('',#6272);
#6272 = CARTESIAN_POINT('',(1.,10.,66.));
#6273 = LINE('',#6274,#6275);
#6274 = CARTESIAN_POINT('',(1.,10.,66.));
#6275 = VECTOR('',#6276,1.);
#6276 = DIRECTION('',(0.,1.,0.));
#6277 = ORIENTED_EDGE('',*,*,#6278,.F.);
#6278 = EDGE_CURVE('',#6140,#6271,#6279,.T.);
#6279 = CIRCLE('',#6280,9.);
#6280 = AXIS2_PLACEMENT_3D('',#6281,#6282,#6283);
#6281 = CARTESIAN_POINT('',(10.,10.,66.));
#6282 = DIRECTION('',(-0.,0.,-1.));
#6283 = DIRECTION('',(-1.7763568394E-16,-1.,0.));
#6284 = PLANE('',#6285);
#6285 = AXIS2_PLACEMENT_3D('',#6286,#6287,#6288);
#6286 = CARTESIAN_POINT('',(8.064975384086,4.467015283844,66.));
#6287 = DIRECTION('',(-0.,-0.,-1.));
#6288 = DIRECTION('',(-1.,0.,0.));
#6289 = ADVANCED_FACE('',(#6290),#6332,.T.);
#6290 = FACE_BOUND('',#6291,.T.);
#6291 = EDGE_LOOP('',(#6292,#6293,#6294,#6302,#6310,#6318,#6326));
#6292 = ORIENTED_EDGE('',*,*,#5781,.F.);
#6293 = ORIENTED_EDGE('',*,*,#6238,.T.);
#6294 = ORIENTED_EDGE('',*,*,#6295,.T.);
#6295 = EDGE_CURVE('',#6132,#6296,#6298,.T.);
#6296 = VERTEX_POINT('',#6297);
#6297 = CARTESIAN_POINT('',(22.4,17.,66.));
#6298 = LINE('',#6299,#6300);
#6299 = CARTESIAN_POINT('',(22.4,0.,66.));
#6300 = VECTOR('',#6301,1.);
#6301 = DIRECTION('',(0.,1.,0.));
#6302 = ORIENTED_EDGE('',*,*,#6303,.T.);
#6303 = EDGE_CURVE('',#6296,#6304,#6306,.T.);
#6304 = VERTEX_POINT('',#6305);
#6305 = CARTESIAN_POINT('',(22.4,92.,66.));
#6306 = LINE('',#6307,#6308);
#6307 = CARTESIAN_POINT('',(22.4,0.,66.));
#6308 = VECTOR('',#6309,1.);
#6309 = DIRECTION('',(0.,1.,0.));
#6310 = ORIENTED_EDGE('',*,*,#6311,.T.);
#6311 = EDGE_CURVE('',#6304,#6312,#6314,.T.);
#6312 = VERTEX_POINT('',#6313);
#6313 = CARTESIAN_POINT('',(22.4,92.,68.));
#6314 = LINE('',#6315,#6316);
#6315 = CARTESIAN_POINT('',(22.4,92.,66.));
#6316 = VECTOR('',#6317,1.);
#6317 = DIRECTION('',(0.,0.,1.));
#6318 = ORIENTED_EDGE('',*,*,#6319,.F.);
#6319 = EDGE_CURVE('',#6320,#6312,#6322,.T.);
#6320 = VERTEX_POINT('',#6321);
#6321 = CARTESIAN_POINT('',(22.4,2.,68.));
#6322 = LINE('',#6323,#6324);
#6323 = CARTESIAN_POINT('',(22.4,0.,68.));
#6324 = VECTOR('',#6325,1.);
#6325 = DIRECTION('',(0.,1.,0.));
#6326 = ORIENTED_EDGE('',*,*,#6327,.F.);
#6327 = EDGE_CURVE('',#5782,#6320,#6328,.T.);
#6328 = LINE('',#6329,#6330);
#6329 = CARTESIAN_POINT('',(22.4,0.,68.));
#6330 = VECTOR('',#6331,1.);
#6331 = DIRECTION('',(0.,1.,0.));
#6332 = PLANE('',#6333);
#6333 = AXIS2_PLACEMENT_3D('',#6334,#6335,#6336);
#6334 = CARTESIAN_POINT('',(22.4,0.,66.));
#6335 = DIRECTION('',(1.,0.,0.));
#6336 = DIRECTION('',(0.,0.,1.));
#6337 = ADVANCED_FACE('',(#6338),#6349,.F.);
#6338 = FACE_BOUND('',#6339,.F.);
#6339 = EDGE_LOOP('',(#6340,#6341,#6342,#6343));
#6340 = ORIENTED_EDGE('',*,*,#6327,.F.);
#6341 = ORIENTED_EDGE('',*,*,#5789,.T.);
#6342 = ORIENTED_EDGE('',*,*,#6107,.T.);
#6343 = ORIENTED_EDGE('',*,*,#6344,.F.);
#6344 = EDGE_CURVE('',#6320,#6100,#6345,.T.);
#6345 = LINE('',#6346,#6347);
#6346 = CARTESIAN_POINT('',(15.3,2.,68.));
#6347 = VECTOR('',#6348,1.);
#6348 = DIRECTION('',(1.,0.,0.));
#6349 = PLANE('',#6350);
#6350 = AXIS2_PLACEMENT_3D('',#6351,#6352,#6353);
#6351 = CARTESIAN_POINT('',(15.3,0.,68.));
#6352 = DIRECTION('',(0.,0.,1.));
#6353 = DIRECTION('',(1.,0.,0.));
#6354 = ADVANCED_FACE('',(#6355),#6371,.F.);
#6355 = FACE_BOUND('',#6356,.F.);
#6356 = EDGE_LOOP('',(#6357,#6358,#6364,#6365));
#6357 = ORIENTED_EDGE('',*,*,#5813,.F.);
#6358 = ORIENTED_EDGE('',*,*,#6359,.F.);
#6359 = EDGE_CURVE('',#5991,#5814,#6360,.T.);
#6360 = LINE('',#6361,#6362);
#6361 = CARTESIAN_POINT('',(126.,0.,77.4));
#6362 = VECTOR('',#6363,1.);
#6363 = DIRECTION('',(0.,-1.,0.));
#6364 = ORIENTED_EDGE('',*,*,#5998,.T.);
#6365 = ORIENTED_EDGE('',*,*,#6366,.F.);
#6366 = EDGE_CURVE('',#5806,#5949,#6367,.T.);
#6367 = LINE('',#6368,#6369);
#6368 = CARTESIAN_POINT('',(126.,0.,119.));
#6369 = VECTOR('',#6370,1.);
#6370 = DIRECTION('',(0.,1.,0.));
#6371 = PLANE('',#6372);
#6372 = AXIS2_PLACEMENT_3D('',#6373,#6374,#6375);
#6373 = CARTESIAN_POINT('',(126.,0.,66.));
#6374 = DIRECTION('',(1.,0.,0.));
#6375 = DIRECTION('',(0.,0.,1.));
#6376 = ADVANCED_FACE('',(#6377),#6436,.T.);
#6377 = FACE_BOUND('',#6378,.T.);
#6378 = EDGE_LOOP('',(#6379,#6389,#6395,#6396,#6397,#6398,#6406,#6414,
    #6422,#6430));
#6379 = ORIENTED_EDGE('',*,*,#6380,.F.);
#6380 = EDGE_CURVE('',#6381,#6383,#6385,.T.);
#6381 = VERTEX_POINT('',#6382);
#6382 = CARTESIAN_POINT('',(121.6,92.,77.4));
#6383 = VERTEX_POINT('',#6384);
#6384 = CARTESIAN_POINT('',(122.9,92.,77.4));
#6385 = LINE('',#6386,#6387);
#6386 = CARTESIAN_POINT('',(124.2,92.,77.4));
#6387 = VECTOR('',#6388,1.);
#6388 = DIRECTION('',(1.,0.,0.));
#6389 = ORIENTED_EDGE('',*,*,#6390,.F.);
#6390 = EDGE_CURVE('',#5822,#6381,#6391,.T.);
#6391 = LINE('',#6392,#6393);
#6392 = CARTESIAN_POINT('',(121.6,0.,77.4));
#6393 = VECTOR('',#6394,1.);
#6394 = DIRECTION('',(0.,1.,0.));
#6395 = ORIENTED_EDGE('',*,*,#5821,.T.);
#6396 = ORIENTED_EDGE('',*,*,#6359,.F.);
#6397 = ORIENTED_EDGE('',*,*,#5990,.T.);
#6398 = ORIENTED_EDGE('',*,*,#6399,.T.);
#6399 = EDGE_CURVE('',#5983,#6400,#6402,.T.);
#6400 = VERTEX_POINT('',#6401);
#6401 = CARTESIAN_POINT('',(127.7,92.,77.4));
#6402 = LINE('',#6403,#6404);
#6403 = CARTESIAN_POINT('',(127.7,0.,77.4));
#6404 = VECTOR('',#6405,1.);
#6405 = DIRECTION('',(0.,1.,0.));
#6406 = ORIENTED_EDGE('',*,*,#6407,.F.);
#6407 = EDGE_CURVE('',#6408,#6400,#6410,.T.);
#6408 = VERTEX_POINT('',#6409);
#6409 = CARTESIAN_POINT('',(124.5,92.,77.4));
#6410 = LINE('',#6411,#6412);
#6411 = CARTESIAN_POINT('',(124.2,92.,77.4));
#6412 = VECTOR('',#6413,1.);
#6413 = DIRECTION('',(1.,0.,0.));
#6414 = ORIENTED_EDGE('',*,*,#6415,.F.);
#6415 = EDGE_CURVE('',#6416,#6408,#6418,.T.);
#6416 = VERTEX_POINT('',#6417);
#6417 = CARTESIAN_POINT('',(124.5,83.7,77.4));
#6418 = LINE('',#6419,#6420);
#6419 = CARTESIAN_POINT('',(124.5,64.919317023445,77.4));
#6420 = VECTOR('',#6421,1.);
#6421 = DIRECTION('',(0.,1.,0.));
#6422 = ORIENTED_EDGE('',*,*,#6423,.T.);
#6423 = EDGE_CURVE('',#6416,#6424,#6426,.T.);
#6424 = VERTEX_POINT('',#6425);
#6425 = CARTESIAN_POINT('',(122.9,83.7,77.4));
#6426 = LINE('',#6427,#6428);
#6427 = CARTESIAN_POINT('',(123.70568297655,83.7,77.4));
#6428 = VECTOR('',#6429,1.);
#6429 = DIRECTION('',(-1.,0.,0.));
#6430 = ORIENTED_EDGE('',*,*,#6431,.T.);
#6431 = EDGE_CURVE('',#6424,#6383,#6432,.T.);
#6432 = LINE('',#6433,#6434);
#6433 = CARTESIAN_POINT('',(122.9,64.919317023445,77.4));
#6434 = VECTOR('',#6435,1.);
#6435 = DIRECTION('',(0.,1.,0.));
#6436 = PLANE('',#6437);
#6437 = AXIS2_PLACEMENT_3D('',#6438,#6439,#6440);
#6438 = CARTESIAN_POINT('',(124.5113659531,46.138634046891,77.4));
#6439 = DIRECTION('',(0.,0.,1.));
#6440 = DIRECTION('',(1.,0.,0.));
#6441 = ADVANCED_FACE('',(#6442),#6460,.F.);
#6442 = FACE_BOUND('',#6443,.F.);
#6443 = EDGE_LOOP('',(#6444,#6445,#6453,#6459));
#6444 = ORIENTED_EDGE('',*,*,#5829,.F.);
#6445 = ORIENTED_EDGE('',*,*,#6446,.T.);
#6446 = EDGE_CURVE('',#5830,#6447,#6449,.T.);
#6447 = VERTEX_POINT('',#6448);
#6448 = CARTESIAN_POINT('',(121.6,92.,75.));
#6449 = LINE('',#6450,#6451);
#6450 = CARTESIAN_POINT('',(121.6,0.,75.));
#6451 = VECTOR('',#6452,1.);
#6452 = DIRECTION('',(0.,1.,0.));
#6453 = ORIENTED_EDGE('',*,*,#6454,.T.);
#6454 = EDGE_CURVE('',#6447,#6381,#6455,.T.);
#6455 = LINE('',#6456,#6457);
#6456 = CARTESIAN_POINT('',(121.6,92.,75.));
#6457 = VECTOR('',#6458,1.);
#6458 = DIRECTION('',(0.,0.,1.));
#6459 = ORIENTED_EDGE('',*,*,#6390,.F.);
#6460 = PLANE('',#6461);
#6461 = AXIS2_PLACEMENT_3D('',#6462,#6463,#6464);
#6462 = CARTESIAN_POINT('',(121.6,0.,75.));
#6463 = DIRECTION('',(1.,0.,0.));
#6464 = DIRECTION('',(0.,0.,1.));
#6465 = ADVANCED_FACE('',(#6466),#6500,.F.);
#6466 = FACE_BOUND('',#6467,.F.);
#6467 = EDGE_LOOP('',(#6468,#6476,#6477,#6478,#6486,#6494));
#6468 = ORIENTED_EDGE('',*,*,#6469,.F.);
#6469 = EDGE_CURVE('',#6447,#6470,#6472,.T.);
#6470 = VERTEX_POINT('',#6471);
#6471 = CARTESIAN_POINT('',(122.9,92.,75.));
#6472 = LINE('',#6473,#6474);
#6473 = CARTESIAN_POINT('',(121.6,92.,75.));
#6474 = VECTOR('',#6475,1.);
#6475 = DIRECTION('',(1.,0.,0.));
#6476 = ORIENTED_EDGE('',*,*,#6446,.F.);
#6477 = ORIENTED_EDGE('',*,*,#5837,.T.);
#6478 = ORIENTED_EDGE('',*,*,#6479,.F.);
#6479 = EDGE_CURVE('',#6480,#5838,#6482,.T.);
#6480 = VERTEX_POINT('',#6481);
#6481 = CARTESIAN_POINT('',(124.2,83.7,75.));
#6482 = LINE('',#6483,#6484);
#6483 = CARTESIAN_POINT('',(124.2,0.,75.));
#6484 = VECTOR('',#6485,1.);
#6485 = DIRECTION('',(0.,-1.,0.));
#6486 = ORIENTED_EDGE('',*,*,#6487,.T.);
#6487 = EDGE_CURVE('',#6480,#6488,#6490,.T.);
#6488 = VERTEX_POINT('',#6489);
#6489 = CARTESIAN_POINT('',(122.9,83.7,75.));
#6490 = LINE('',#6491,#6492);
#6491 = CARTESIAN_POINT('',(122.25,83.7,75.));
#6492 = VECTOR('',#6493,1.);
#6493 = DIRECTION('',(-1.,0.,0.));
#6494 = ORIENTED_EDGE('',*,*,#6495,.T.);
#6495 = EDGE_CURVE('',#6488,#6470,#6496,.T.);
#6496 = LINE('',#6497,#6498);
#6497 = CARTESIAN_POINT('',(122.9,41.85,75.));
#6498 = VECTOR('',#6499,1.);
#6499 = DIRECTION('',(0.,1.,0.));
#6500 = PLANE('',#6501);
#6501 = AXIS2_PLACEMENT_3D('',#6502,#6503,#6504);
#6502 = CARTESIAN_POINT('',(121.6,0.,75.));
#6503 = DIRECTION('',(0.,0.,1.));
#6504 = DIRECTION('',(1.,0.,0.));
#6505 = ADVANCED_FACE('',(#6506),#6556,.F.);
#6506 = FACE_BOUND('',#6507,.F.);
#6507 = EDGE_LOOP('',(#6508,#6509,#6517,#6525,#6533,#6541,#6549,#6555));
#6508 = ORIENTED_EDGE('',*,*,#5845,.F.);
#6509 = ORIENTED_EDGE('',*,*,#6510,.F.);
#6510 = EDGE_CURVE('',#6511,#5846,#6513,.T.);
#6511 = VERTEX_POINT('',#6512);
#6512 = CARTESIAN_POINT('',(124.2,2.,74.));
#6513 = LINE('',#6514,#6515);
#6514 = CARTESIAN_POINT('',(124.2,0.,74.));
#6515 = VECTOR('',#6516,1.);
#6516 = DIRECTION('',(0.,-1.,0.));
#6517 = ORIENTED_EDGE('',*,*,#6518,.F.);
#6518 = EDGE_CURVE('',#6519,#6511,#6521,.T.);
#6519 = VERTEX_POINT('',#6520);
#6520 = CARTESIAN_POINT('',(124.2,2.,68.));
#6521 = LINE('',#6522,#6523);
#6522 = CARTESIAN_POINT('',(124.2,2.,68.));
#6523 = VECTOR('',#6524,1.);
#6524 = DIRECTION('',(0.,0.,1.));
#6525 = ORIENTED_EDGE('',*,*,#6526,.T.);
#6526 = EDGE_CURVE('',#6519,#6527,#6529,.T.);
#6527 = VERTEX_POINT('',#6528);
#6528 = CARTESIAN_POINT('',(124.2,92.,68.));
#6529 = LINE('',#6530,#6531);
#6530 = CARTESIAN_POINT('',(124.2,0.,68.));
#6531 = VECTOR('',#6532,1.);
#6532 = DIRECTION('',(0.,1.,0.));
#6533 = ORIENTED_EDGE('',*,*,#6534,.T.);
#6534 = EDGE_CURVE('',#6527,#6535,#6537,.T.);
#6535 = VERTEX_POINT('',#6536);
#6536 = CARTESIAN_POINT('',(124.2,92.,74.9));
#6537 = LINE('',#6538,#6539);
#6538 = CARTESIAN_POINT('',(124.2,92.,68.));
#6539 = VECTOR('',#6540,1.);
#6540 = DIRECTION('',(0.,0.,1.));
#6541 = ORIENTED_EDGE('',*,*,#6542,.T.);
#6542 = EDGE_CURVE('',#6535,#6543,#6545,.T.);
#6543 = VERTEX_POINT('',#6544);
#6544 = CARTESIAN_POINT('',(124.2,83.7,74.9));
#6545 = LINE('',#6546,#6547);
#6546 = CARTESIAN_POINT('',(124.2,41.85,74.9));
#6547 = VECTOR('',#6548,1.);
#6548 = DIRECTION('',(0.,-1.,0.));
#6549 = ORIENTED_EDGE('',*,*,#6550,.T.);
#6550 = EDGE_CURVE('',#6543,#6480,#6551,.T.);
#6551 = LINE('',#6552,#6553);
#6552 = CARTESIAN_POINT('',(124.2,83.7,71.45));
#6553 = VECTOR('',#6554,1.);
#6554 = DIRECTION('',(0.,0.,1.));
#6555 = ORIENTED_EDGE('',*,*,#6479,.T.);
#6556 = PLANE('',#6557);
#6557 = AXIS2_PLACEMENT_3D('',#6558,#6559,#6560);
#6558 = CARTESIAN_POINT('',(124.2,0.,68.));
#6559 = DIRECTION('',(1.,0.,0.));
#6560 = DIRECTION('',(0.,0.,1.));
#6561 = ADVANCED_FACE('',(#6562),#6580,.T.);
#6562 = FACE_BOUND('',#6563,.T.);
#6563 = EDGE_LOOP('',(#6564,#6572,#6573,#6574));
#6564 = ORIENTED_EDGE('',*,*,#6565,.T.);
#6565 = EDGE_CURVE('',#6566,#5854,#6568,.T.);
#6566 = VERTEX_POINT('',#6567);
#6567 = CARTESIAN_POINT('',(17.8,2.,74.));
#6568 = LINE('',#6569,#6570);
#6569 = CARTESIAN_POINT('',(17.8,0.,74.));
#6570 = VECTOR('',#6571,1.);
#6571 = DIRECTION('',(0.,-1.,0.));
#6572 = ORIENTED_EDGE('',*,*,#5853,.T.);
#6573 = ORIENTED_EDGE('',*,*,#6510,.F.);
#6574 = ORIENTED_EDGE('',*,*,#6575,.F.);
#6575 = EDGE_CURVE('',#6566,#6511,#6576,.T.);
#6576 = LINE('',#6577,#6578);
#6577 = CARTESIAN_POINT('',(15.3,2.,74.));
#6578 = VECTOR('',#6579,1.);
#6579 = DIRECTION('',(1.,0.,0.));
#6580 = PLANE('',#6581);
#6581 = AXIS2_PLACEMENT_3D('',#6582,#6583,#6584);
#6582 = CARTESIAN_POINT('',(15.3,0.,74.));
#6583 = DIRECTION('',(0.,0.,1.));
#6584 = DIRECTION('',(1.,0.,0.));
#6585 = ADVANCED_FACE('',(#6586),#6636,.T.);
#6586 = FACE_BOUND('',#6587,.T.);
#6587 = EDGE_LOOP('',(#6588,#6589,#6590,#6598,#6606,#6614,#6622,#6630));
#6588 = ORIENTED_EDGE('',*,*,#5861,.F.);
#6589 = ORIENTED_EDGE('',*,*,#6565,.F.);
#6590 = ORIENTED_EDGE('',*,*,#6591,.F.);
#6591 = EDGE_CURVE('',#6592,#6566,#6594,.T.);
#6592 = VERTEX_POINT('',#6593);
#6593 = CARTESIAN_POINT('',(17.8,2.,68.));
#6594 = LINE('',#6595,#6596);
#6595 = CARTESIAN_POINT('',(17.8,2.,68.));
#6596 = VECTOR('',#6597,1.);
#6597 = DIRECTION('',(0.,0.,1.));
#6598 = ORIENTED_EDGE('',*,*,#6599,.T.);
#6599 = EDGE_CURVE('',#6592,#6600,#6602,.T.);
#6600 = VERTEX_POINT('',#6601);
#6601 = CARTESIAN_POINT('',(17.8,92.,68.));
#6602 = LINE('',#6603,#6604);
#6603 = CARTESIAN_POINT('',(17.8,0.,68.));
#6604 = VECTOR('',#6605,1.);
#6605 = DIRECTION('',(0.,1.,0.));
#6606 = ORIENTED_EDGE('',*,*,#6607,.T.);
#6607 = EDGE_CURVE('',#6600,#6608,#6610,.T.);
#6608 = VERTEX_POINT('',#6609);
#6609 = CARTESIAN_POINT('',(17.8,92.,74.9));
#6610 = LINE('',#6611,#6612);
#6611 = CARTESIAN_POINT('',(17.8,92.,68.));
#6612 = VECTOR('',#6613,1.);
#6613 = DIRECTION('',(0.,0.,1.));
#6614 = ORIENTED_EDGE('',*,*,#6615,.T.);
#6615 = EDGE_CURVE('',#6608,#6616,#6618,.T.);
#6616 = VERTEX_POINT('',#6617);
#6617 = CARTESIAN_POINT('',(17.8,83.7,74.9));
#6618 = LINE('',#6619,#6620);
#6619 = CARTESIAN_POINT('',(17.8,41.85,74.9));
#6620 = VECTOR('',#6621,1.);
#6621 = DIRECTION('',(0.,-1.,0.));
#6622 = ORIENTED_EDGE('',*,*,#6623,.T.);
#6623 = EDGE_CURVE('',#6616,#6624,#6626,.T.);
#6624 = VERTEX_POINT('',#6625);
#6625 = CARTESIAN_POINT('',(17.8,83.7,75.));
#6626 = LINE('',#6627,#6628);
#6627 = CARTESIAN_POINT('',(17.8,83.7,71.45));
#6628 = VECTOR('',#6629,1.);
#6629 = DIRECTION('',(0.,0.,1.));
#6630 = ORIENTED_EDGE('',*,*,#6631,.T.);
#6631 = EDGE_CURVE('',#6624,#5862,#6632,.T.);
#6632 = LINE('',#6633,#6634);
#6633 = CARTESIAN_POINT('',(17.8,0.,75.));
#6634 = VECTOR('',#6635,1.);
#6635 = DIRECTION('',(0.,-1.,0.));
#6636 = PLANE('',#6637);
#6637 = AXIS2_PLACEMENT_3D('',#6638,#6639,#6640);
#6638 = CARTESIAN_POINT('',(17.8,0.,68.));
#6639 = DIRECTION('',(1.,0.,0.));
#6640 = DIRECTION('',(0.,0.,1.));
#6641 = ADVANCED_FACE('',(#6642),#6676,.F.);
#6642 = FACE_BOUND('',#6643,.F.);
#6643 = EDGE_LOOP('',(#6644,#6652,#6653,#6654,#6662,#6670));
#6644 = ORIENTED_EDGE('',*,*,#6645,.T.);
#6645 = EDGE_CURVE('',#6646,#6624,#6648,.T.);
#6646 = VERTEX_POINT('',#6647);
#6647 = CARTESIAN_POINT('',(19.1,83.7,75.));
#6648 = LINE('',#6649,#6650);
#6649 = CARTESIAN_POINT('',(15.9,83.7,75.));
#6650 = VECTOR('',#6651,1.);
#6651 = DIRECTION('',(-1.,0.,0.));
#6652 = ORIENTED_EDGE('',*,*,#6631,.T.);
#6653 = ORIENTED_EDGE('',*,*,#5869,.T.);
#6654 = ORIENTED_EDGE('',*,*,#6655,.T.);
#6655 = EDGE_CURVE('',#5870,#6656,#6658,.T.);
#6656 = VERTEX_POINT('',#6657);
#6657 = CARTESIAN_POINT('',(20.4,92.,75.));
#6658 = LINE('',#6659,#6660);
#6659 = CARTESIAN_POINT('',(20.4,0.,75.));
#6660 = VECTOR('',#6661,1.);
#6661 = DIRECTION('',(0.,1.,0.));
#6662 = ORIENTED_EDGE('',*,*,#6663,.F.);
#6663 = EDGE_CURVE('',#6664,#6656,#6666,.T.);
#6664 = VERTEX_POINT('',#6665);
#6665 = CARTESIAN_POINT('',(19.1,92.,75.));
#6666 = LINE('',#6667,#6668);
#6667 = CARTESIAN_POINT('',(14.3,92.,75.));
#6668 = VECTOR('',#6669,1.);
#6669 = DIRECTION('',(1.,0.,0.));
#6670 = ORIENTED_EDGE('',*,*,#6671,.F.);
#6671 = EDGE_CURVE('',#6646,#6664,#6672,.T.);
#6672 = LINE('',#6673,#6674);
#6673 = CARTESIAN_POINT('',(19.1,41.85,75.));
#6674 = VECTOR('',#6675,1.);
#6675 = DIRECTION('',(0.,1.,0.));
#6676 = PLANE('',#6677);
#6677 = AXIS2_PLACEMENT_3D('',#6678,#6679,#6680);
#6678 = CARTESIAN_POINT('',(14.3,0.,75.));
#6679 = DIRECTION('',(0.,0.,1.));
#6680 = DIRECTION('',(1.,0.,0.));
#6681 = ADVANCED_FACE('',(#6682),#6700,.T.);
#6682 = FACE_BOUND('',#6683,.T.);
#6683 = EDGE_LOOP('',(#6684,#6685,#6686,#6694));
#6684 = ORIENTED_EDGE('',*,*,#5877,.F.);
#6685 = ORIENTED_EDGE('',*,*,#6655,.T.);
#6686 = ORIENTED_EDGE('',*,*,#6687,.T.);
#6687 = EDGE_CURVE('',#6656,#6688,#6690,.T.);
#6688 = VERTEX_POINT('',#6689);
#6689 = CARTESIAN_POINT('',(20.4,92.,77.4));
#6690 = LINE('',#6691,#6692);
#6691 = CARTESIAN_POINT('',(20.4,92.,75.));
#6692 = VECTOR('',#6693,1.);
#6693 = DIRECTION('',(0.,0.,1.));
#6694 = ORIENTED_EDGE('',*,*,#6695,.F.);
#6695 = EDGE_CURVE('',#5878,#6688,#6696,.T.);
#6696 = LINE('',#6697,#6698);
#6697 = CARTESIAN_POINT('',(20.4,0.,77.4));
#6698 = VECTOR('',#6699,1.);
#6699 = DIRECTION('',(0.,1.,0.));
#6700 = PLANE('',#6701);
#6701 = AXIS2_PLACEMENT_3D('',#6702,#6703,#6704);
#6702 = CARTESIAN_POINT('',(20.4,0.,75.));
#6703 = DIRECTION('',(1.,0.,0.));
#6704 = DIRECTION('',(0.,0.,1.));
#6705 = ADVANCED_FACE('',(#6706),#6772,.T.);
#6706 = FACE_BOUND('',#6707,.T.);
#6707 = EDGE_LOOP('',(#6708,#6718,#6726,#6732,#6733,#6734,#6742,#6750,
    #6758,#6766));
#6708 = ORIENTED_EDGE('',*,*,#6709,.F.);
#6709 = EDGE_CURVE('',#6710,#6712,#6714,.T.);
#6710 = VERTEX_POINT('',#6711);
#6711 = CARTESIAN_POINT('',(14.3,16.,77.4));
#6712 = VERTEX_POINT('',#6713);
#6713 = CARTESIAN_POINT('',(14.3,92.,77.4));
#6714 = LINE('',#6715,#6716);
#6715 = CARTESIAN_POINT('',(14.3,0.,77.4));
#6716 = VECTOR('',#6717,1.);
#6717 = DIRECTION('',(0.,1.,0.));
#6718 = ORIENTED_EDGE('',*,*,#6719,.T.);
#6719 = EDGE_CURVE('',#6710,#6720,#6722,.T.);
#6720 = VERTEX_POINT('',#6721);
#6721 = CARTESIAN_POINT('',(16.,16.,77.4));
#6722 = LINE('',#6723,#6724);
#6723 = CARTESIAN_POINT('',(7.15,16.,77.4));
#6724 = VECTOR('',#6725,1.);
#6725 = DIRECTION('',(1.,0.,0.));
#6726 = ORIENTED_EDGE('',*,*,#6727,.T.);
#6727 = EDGE_CURVE('',#6720,#5886,#6728,.T.);
#6728 = LINE('',#6729,#6730);
#6729 = CARTESIAN_POINT('',(16.,0.,77.4));
#6730 = VECTOR('',#6731,1.);
#6731 = DIRECTION('',(0.,-1.,0.));
#6732 = ORIENTED_EDGE('',*,*,#5885,.T.);
#6733 = ORIENTED_EDGE('',*,*,#6695,.T.);
#6734 = ORIENTED_EDGE('',*,*,#6735,.F.);
#6735 = EDGE_CURVE('',#6736,#6688,#6738,.T.);
#6736 = VERTEX_POINT('',#6737);
#6737 = CARTESIAN_POINT('',(19.1,92.,77.4));
#6738 = LINE('',#6739,#6740);
#6739 = CARTESIAN_POINT('',(14.3,92.,77.4));
#6740 = VECTOR('',#6741,1.);
#6741 = DIRECTION('',(1.,0.,0.));
#6742 = ORIENTED_EDGE('',*,*,#6743,.F.);
#6743 = EDGE_CURVE('',#6744,#6736,#6746,.T.);
#6744 = VERTEX_POINT('',#6745);
#6745 = CARTESIAN_POINT('',(19.1,83.7,77.4));
#6746 = LINE('',#6747,#6748);
#6747 = CARTESIAN_POINT('',(19.1,64.919317023445,77.4));
#6748 = VECTOR('',#6749,1.);
#6749 = DIRECTION('',(0.,1.,0.));
#6750 = ORIENTED_EDGE('',*,*,#6751,.T.);
#6751 = EDGE_CURVE('',#6744,#6752,#6754,.T.);
#6752 = VERTEX_POINT('',#6753);
#6753 = CARTESIAN_POINT('',(17.5,83.7,77.4));
#6754 = LINE('',#6755,#6756);
#6755 = CARTESIAN_POINT('',(17.494317023445,83.7,77.4));
#6756 = VECTOR('',#6757,1.);
#6757 = DIRECTION('',(-1.,0.,0.));
#6758 = ORIENTED_EDGE('',*,*,#6759,.T.);
#6759 = EDGE_CURVE('',#6752,#6760,#6762,.T.);
#6760 = VERTEX_POINT('',#6761);
#6761 = CARTESIAN_POINT('',(17.5,92.,77.4));
#6762 = LINE('',#6763,#6764);
#6763 = CARTESIAN_POINT('',(17.5,64.919317023445,77.4));
#6764 = VECTOR('',#6765,1.);
#6765 = DIRECTION('',(0.,1.,0.));
#6766 = ORIENTED_EDGE('',*,*,#6767,.F.);
#6767 = EDGE_CURVE('',#6712,#6760,#6768,.T.);
#6768 = LINE('',#6769,#6770);
#6769 = CARTESIAN_POINT('',(14.3,92.,77.4));
#6770 = VECTOR('',#6771,1.);
#6771 = DIRECTION('',(1.,0.,0.));
#6772 = PLANE('',#6773);
#6773 = AXIS2_PLACEMENT_3D('',#6774,#6775,#6776);
#6774 = CARTESIAN_POINT('',(17.488634046891,46.138634046891,77.4));
#6775 = DIRECTION('',(0.,0.,1.));
#6776 = DIRECTION('',(1.,0.,0.));
#6777 = ADVANCED_FACE('',(#6778),#6796,.T.);
#6778 = FACE_BOUND('',#6779,.T.);
#6779 = EDGE_LOOP('',(#6780,#6781,#6782,#6790));
#6780 = ORIENTED_EDGE('',*,*,#5893,.F.);
#6781 = ORIENTED_EDGE('',*,*,#6727,.F.);
#6782 = ORIENTED_EDGE('',*,*,#6783,.T.);
#6783 = EDGE_CURVE('',#6720,#6784,#6786,.T.);
#6784 = VERTEX_POINT('',#6785);
#6785 = CARTESIAN_POINT('',(16.,16.,119.));
#6786 = LINE('',#6787,#6788);
#6787 = CARTESIAN_POINT('',(16.,16.,66.));
#6788 = VECTOR('',#6789,1.);
#6789 = DIRECTION('',(0.,0.,1.));
#6790 = ORIENTED_EDGE('',*,*,#6791,.F.);
#6791 = EDGE_CURVE('',#5894,#6784,#6792,.T.);
#6792 = LINE('',#6793,#6794);
#6793 = CARTESIAN_POINT('',(16.,0.,119.));
#6794 = VECTOR('',#6795,1.);
#6795 = DIRECTION('',(0.,1.,0.));
#6796 = PLANE('',#6797);
#6797 = AXIS2_PLACEMENT_3D('',#6798,#6799,#6800);
#6798 = CARTESIAN_POINT('',(16.,0.,66.));
#6799 = DIRECTION('',(1.,0.,0.));
#6800 = DIRECTION('',(0.,0.,1.));
#6801 = ADVANCED_FACE('',(#6802),#6829,.T.);
#6802 = FACE_BOUND('',#6803,.T.);
#6803 = EDGE_LOOP('',(#6804,#6813,#6821,#6828));
#6804 = ORIENTED_EDGE('',*,*,#6805,.T.);
#6805 = EDGE_CURVE('',#5894,#6806,#6808,.T.);
#6806 = VERTEX_POINT('',#6807);
#6807 = CARTESIAN_POINT('',(15.,1.,120.));
#6808 = ELLIPSE('',#6809,1.414213562373,1.);
#6809 = AXIS2_PLACEMENT_3D('',#6810,#6811,#6812);
#6810 = CARTESIAN_POINT('',(15.,1.,119.));
#6811 = DIRECTION('',(-0.707106781187,-0.707106781187,-0.));
#6812 = DIRECTION('',(-0.707106781187,0.707106781187,0.));
#6813 = ORIENTED_EDGE('',*,*,#6814,.T.);
#6814 = EDGE_CURVE('',#6806,#6815,#6817,.T.);
#6815 = VERTEX_POINT('',#6816);
#6816 = CARTESIAN_POINT('',(10.,1.,120.));
#6817 = LINE('',#6818,#6819);
#6818 = CARTESIAN_POINT('',(16.,1.,120.));
#6819 = VECTOR('',#6820,1.);
#6820 = DIRECTION('',(-1.,-0.,-0.));
#6821 = ORIENTED_EDGE('',*,*,#6822,.F.);
#6822 = EDGE_CURVE('',#5902,#6815,#6823,.T.);
#6823 = CIRCLE('',#6824,1.);
#6824 = AXIS2_PLACEMENT_3D('',#6825,#6826,#6827);
#6825 = CARTESIAN_POINT('',(10.,1.,119.));
#6826 = DIRECTION('',(-1.,0.,0.));
#6827 = DIRECTION('',(0.,-1.,0.));
#6828 = ORIENTED_EDGE('',*,*,#5901,.F.);
#6829 = CYLINDRICAL_SURFACE('',#6830,1.);
#6830 = AXIS2_PLACEMENT_3D('',#6831,#6832,#6833);
#6831 = CARTESIAN_POINT('',(16.,1.,119.));
#6832 = DIRECTION('',(-1.,-0.,-0.));
#6833 = DIRECTION('',(0.,-1.,0.));
#6834 = ADVANCED_FACE('',(#6835),#6854,.T.);
#6835 = FACE_BOUND('',#6836,.T.);
#6836 = EDGE_LOOP('',(#6837,#6845,#6846,#6847));
#6837 = ORIENTED_EDGE('',*,*,#6838,.F.);
#6838 = EDGE_CURVE('',#6246,#6839,#6841,.T.);
#6839 = VERTEX_POINT('',#6840);
#6840 = CARTESIAN_POINT('',(-1.7763568394E-15,10.,119.));
#6841 = LINE('',#6842,#6843);
#6842 = CARTESIAN_POINT('',(-1.7763568394E-15,10.,66.));
#6843 = VECTOR('',#6844,1.);
#6844 = DIRECTION('',(0.,0.,1.));
#6845 = ORIENTED_EDGE('',*,*,#6245,.T.);
#6846 = ORIENTED_EDGE('',*,*,#5909,.T.);
#6847 = ORIENTED_EDGE('',*,*,#6848,.T.);
#6848 = EDGE_CURVE('',#5902,#6839,#6849,.T.);
#6849 = CIRCLE('',#6850,10.);
#6850 = AXIS2_PLACEMENT_3D('',#6851,#6852,#6853);
#6851 = CARTESIAN_POINT('',(10.,10.,119.));
#6852 = DIRECTION('',(-0.,0.,-1.));
#6853 = DIRECTION('',(-1.7763568394E-16,-1.,0.));
#6854 = CYLINDRICAL_SURFACE('',#6855,10.);
#6855 = AXIS2_PLACEMENT_3D('',#6856,#6857,#6858);
#6856 = CARTESIAN_POINT('',(10.,10.,66.));
#6857 = DIRECTION('',(0.,0.,1.));
#6858 = DIRECTION('',(-1.,0.,0.));
#6859 = ADVANCED_FACE('',(#6860),#6872,.T.);
#6860 = FACE_BOUND('',#6861,.F.);
#6861 = EDGE_LOOP('',(#6862,#6869,#6870,#6871));
#6862 = ORIENTED_EDGE('',*,*,#6863,.T.);
#6863 = EDGE_CURVE('',#6041,#5949,#6864,.T.);
#6864 = ELLIPSE('',#6865,1.414213562373,1.);
#6865 = AXIS2_PLACEMENT_3D('',#6866,#6867,#6868);
#6866 = CARTESIAN_POINT('',(127.,15.,119.));
#6867 = DIRECTION('',(-0.707106781187,-0.707106781187,0.));
#6868 = DIRECTION('',(0.707106781187,-0.707106781187,0.));
#6869 = ORIENTED_EDGE('',*,*,#5948,.T.);
#6870 = ORIENTED_EDGE('',*,*,#5932,.T.);
#6871 = ORIENTED_EDGE('',*,*,#6040,.F.);
#6872 = CYLINDRICAL_SURFACE('',#6873,1.);
#6873 = AXIS2_PLACEMENT_3D('',#6874,#6875,#6876);
#6874 = CARTESIAN_POINT('',(126.,15.,119.));
#6875 = DIRECTION('',(1.,0.,0.));
#6876 = DIRECTION('',(0.,0.,1.));
#6877 = ADVANCED_FACE('',(#6878),#6896,.T.);
#6878 = FACE_BOUND('',#6879,.T.);
#6879 = EDGE_LOOP('',(#6880,#6881,#6889,#6895));
#6880 = ORIENTED_EDGE('',*,*,#5982,.T.);
#6881 = ORIENTED_EDGE('',*,*,#6882,.T.);
#6882 = EDGE_CURVE('',#5975,#6883,#6885,.T.);
#6883 = VERTEX_POINT('',#6884);
#6884 = CARTESIAN_POINT('',(127.7,92.,68.));
#6885 = LINE('',#6886,#6887);
#6886 = CARTESIAN_POINT('',(127.7,0.,68.));
#6887 = VECTOR('',#6888,1.);
#6888 = DIRECTION('',(0.,1.,0.));
#6889 = ORIENTED_EDGE('',*,*,#6890,.T.);
#6890 = EDGE_CURVE('',#6883,#6400,#6891,.T.);
#6891 = LINE('',#6892,#6893);
#6892 = CARTESIAN_POINT('',(127.7,92.,68.));
#6893 = VECTOR('',#6894,1.);
#6894 = DIRECTION('',(0.,0.,1.));
#6895 = ORIENTED_EDGE('',*,*,#6399,.F.);
#6896 = PLANE('',#6897);
#6897 = AXIS2_PLACEMENT_3D('',#6898,#6899,#6900);
#6898 = CARTESIAN_POINT('',(127.7,54.,72.7));
#6899 = DIRECTION('',(1.,0.,0.));
#6900 = DIRECTION('',(0.,0.,1.));
#6901 = ADVANCED_FACE('',(#6902),#6920,.T.);
#6902 = FACE_BOUND('',#6903,.T.);
#6903 = EDGE_LOOP('',(#6904,#6912,#6913,#6914));
#6904 = ORIENTED_EDGE('',*,*,#6905,.F.);
#6905 = EDGE_CURVE('',#6883,#6906,#6908,.T.);
#6906 = VERTEX_POINT('',#6907);
#6907 = CARTESIAN_POINT('',(130.,92.,68.));
#6908 = LINE('',#6909,#6910);
#6909 = CARTESIAN_POINT('',(119.6,92.,68.));
#6910 = VECTOR('',#6911,1.);
#6911 = DIRECTION('',(1.,0.,0.));
#6912 = ORIENTED_EDGE('',*,*,#6882,.F.);
#6913 = ORIENTED_EDGE('',*,*,#5974,.T.);
#6914 = ORIENTED_EDGE('',*,*,#6915,.T.);
#6915 = EDGE_CURVE('',#5967,#6906,#6916,.T.);
#6916 = LINE('',#6917,#6918);
#6917 = CARTESIAN_POINT('',(130.,0.,68.));
#6918 = VECTOR('',#6919,1.);
#6919 = DIRECTION('',(0.,1.,0.));
#6920 = PLANE('',#6921);
#6921 = AXIS2_PLACEMENT_3D('',#6922,#6923,#6924);
#6922 = CARTESIAN_POINT('',(119.6,0.,68.));
#6923 = DIRECTION('',(0.,0.,1.));
#6924 = DIRECTION('',(1.,0.,0.));
#6925 = ADVANCED_FACE('',(#6926),#6944,.T.);
#6926 = FACE_BOUND('',#6927,.T.);
#6927 = EDGE_LOOP('',(#6928,#6929,#6930,#6938));
#6928 = ORIENTED_EDGE('',*,*,#6915,.F.);
#6929 = ORIENTED_EDGE('',*,*,#5966,.T.);
#6930 = ORIENTED_EDGE('',*,*,#6931,.T.);
#6931 = EDGE_CURVE('',#5959,#6932,#6934,.T.);
#6932 = VERTEX_POINT('',#6933);
#6933 = CARTESIAN_POINT('',(130.,92.,66.));
#6934 = LINE('',#6935,#6936);
#6935 = CARTESIAN_POINT('',(130.,0.,66.));
#6936 = VECTOR('',#6937,1.);
#6937 = DIRECTION('',(0.,1.,0.));
#6938 = ORIENTED_EDGE('',*,*,#6939,.T.);
#6939 = EDGE_CURVE('',#6932,#6906,#6940,.T.);
#6940 = LINE('',#6941,#6942);
#6941 = CARTESIAN_POINT('',(130.,92.,66.));
#6942 = VECTOR('',#6943,1.);
#6943 = DIRECTION('',(0.,0.,1.));
#6944 = PLANE('',#6945);
#6945 = AXIS2_PLACEMENT_3D('',#6946,#6947,#6948);
#6946 = CARTESIAN_POINT('',(130.,0.,66.));
#6947 = DIRECTION('',(1.,0.,0.));
#6948 = DIRECTION('',(0.,0.,1.));
#6949 = ADVANCED_FACE('',(#6950),#7119,.T.);
#6950 = FACE_BOUND('',#6951,.T.);
#6951 = EDGE_LOOP('',(#6952,#6960,#6968,#6976,#6984,#6992,#7000,#7008,
    #7016,#7024,#7032,#7040,#7048,#7056,#7064,#7072,#7078,#7079,#7080,
    #7081,#7089,#7097,#7105,#7113));
#6952 = ORIENTED_EDGE('',*,*,#6953,.F.);
#6953 = EDGE_CURVE('',#6263,#6954,#6956,.T.);
#6954 = VERTEX_POINT('',#6955);
#6955 = CARTESIAN_POINT('',(1.,116.,66.));
#6956 = LINE('',#6957,#6958);
#6957 = CARTESIAN_POINT('',(1.,10.,66.));
#6958 = VECTOR('',#6959,1.);
#6959 = DIRECTION('',(0.,1.,0.));
#6960 = ORIENTED_EDGE('',*,*,#6961,.T.);
#6961 = EDGE_CURVE('',#6263,#6962,#6964,.T.);
#6962 = VERTEX_POINT('',#6963);
#6963 = CARTESIAN_POINT('',(12.,16.,66.));
#6964 = LINE('',#6965,#6966);
#6965 = CARTESIAN_POINT('',(0.,16.,66.));
#6966 = VECTOR('',#6967,1.);
#6967 = DIRECTION('',(1.,0.,0.));
#6968 = ORIENTED_EDGE('',*,*,#6969,.T.);
#6969 = EDGE_CURVE('',#6962,#6970,#6972,.T.);
#6970 = VERTEX_POINT('',#6971);
#6971 = CARTESIAN_POINT('',(12.,92.,66.));
#6972 = LINE('',#6973,#6974);
#6973 = CARTESIAN_POINT('',(12.,0.,66.));
#6974 = VECTOR('',#6975,1.);
#6975 = DIRECTION('',(0.,1.,0.));
#6976 = ORIENTED_EDGE('',*,*,#6977,.T.);
#6977 = EDGE_CURVE('',#6970,#6978,#6980,.T.);
#6978 = VERTEX_POINT('',#6979);
#6979 = CARTESIAN_POINT('',(16.,92.,66.));
#6980 = LINE('',#6981,#6982);
#6981 = CARTESIAN_POINT('',(12.,92.,66.));
#6982 = VECTOR('',#6983,1.);
#6983 = DIRECTION('',(1.,0.,0.));
#6984 = ORIENTED_EDGE('',*,*,#6985,.T.);
#6985 = EDGE_CURVE('',#6978,#6986,#6988,.T.);
#6986 = VERTEX_POINT('',#6987);
#6987 = CARTESIAN_POINT('',(16.,93.,66.));
#6988 = LINE('',#6989,#6990);
#6989 = CARTESIAN_POINT('',(16.,8.5,66.));
#6990 = VECTOR('',#6991,1.);
#6991 = DIRECTION('',(0.,1.,0.));
#6992 = ORIENTED_EDGE('',*,*,#6993,.F.);
#6993 = EDGE_CURVE('',#6994,#6986,#6996,.T.);
#6994 = VERTEX_POINT('',#6995);
#6995 = CARTESIAN_POINT('',(11.,93.,66.));
#6996 = LINE('',#6997,#6998);
#6997 = CARTESIAN_POINT('',(11.,93.,66.));
#6998 = VECTOR('',#6999,1.);
#6999 = DIRECTION('',(1.,0.,0.));
#7000 = ORIENTED_EDGE('',*,*,#7001,.T.);
#7001 = EDGE_CURVE('',#6994,#7002,#7004,.T.);
#7002 = VERTEX_POINT('',#7003);
#7003 = CARTESIAN_POINT('',(11.,99.,66.));
#7004 = LINE('',#7005,#7006);
#7005 = CARTESIAN_POINT('',(11.,93.,66.));
#7006 = VECTOR('',#7007,1.);
#7007 = DIRECTION('',(0.,1.,0.));
#7008 = ORIENTED_EDGE('',*,*,#7009,.T.);
#7009 = EDGE_CURVE('',#7002,#7010,#7012,.T.);
#7010 = VERTEX_POINT('',#7011);
#7011 = CARTESIAN_POINT('',(16.,99.,66.));
#7012 = LINE('',#7013,#7014);
#7013 = CARTESIAN_POINT('',(11.,99.,66.));
#7014 = VECTOR('',#7015,1.);
#7015 = DIRECTION('',(1.,0.,0.));
#7016 = ORIENTED_EDGE('',*,*,#7017,.T.);
#7017 = EDGE_CURVE('',#7010,#7018,#7020,.T.);
#7018 = VERTEX_POINT('',#7019);
#7019 = CARTESIAN_POINT('',(16.,115.,66.));
#7020 = LINE('',#7021,#7022);
#7021 = CARTESIAN_POINT('',(16.,8.5,66.));
#7022 = VECTOR('',#7023,1.);
#7023 = DIRECTION('',(0.,1.,0.));
#7024 = ORIENTED_EDGE('',*,*,#7025,.F.);
#7025 = EDGE_CURVE('',#7026,#7018,#7028,.T.);
#7026 = VERTEX_POINT('',#7027);
#7027 = CARTESIAN_POINT('',(126.,115.,66.));
#7028 = LINE('',#7029,#7030);
#7029 = CARTESIAN_POINT('',(8.,115.,66.));
#7030 = VECTOR('',#7031,1.);
#7031 = DIRECTION('',(-1.,0.,0.));
#7032 = ORIENTED_EDGE('',*,*,#7033,.F.);
#7033 = EDGE_CURVE('',#7034,#7026,#7036,.T.);
#7034 = VERTEX_POINT('',#7035);
#7035 = CARTESIAN_POINT('',(126.,99.,66.));
#7036 = LINE('',#7037,#7038);
#7037 = CARTESIAN_POINT('',(126.,8.5,66.));
#7038 = VECTOR('',#7039,1.);
#7039 = DIRECTION('',(0.,1.,0.));
#7040 = ORIENTED_EDGE('',*,*,#7041,.T.);
#7041 = EDGE_CURVE('',#7034,#7042,#7044,.T.);
#7042 = VERTEX_POINT('',#7043);
#7043 = CARTESIAN_POINT('',(131.,99.,66.));
#7044 = LINE('',#7045,#7046);
#7045 = CARTESIAN_POINT('',(125.,99.,66.));
#7046 = VECTOR('',#7047,1.);
#7047 = DIRECTION('',(1.,0.,0.));
#7048 = ORIENTED_EDGE('',*,*,#7049,.F.);
#7049 = EDGE_CURVE('',#7050,#7042,#7052,.T.);
#7050 = VERTEX_POINT('',#7051);
#7051 = CARTESIAN_POINT('',(131.,93.,66.));
#7052 = LINE('',#7053,#7054);
#7053 = CARTESIAN_POINT('',(131.,93.,66.));
#7054 = VECTOR('',#7055,1.);
#7055 = DIRECTION('',(0.,1.,0.));
#7056 = ORIENTED_EDGE('',*,*,#7057,.F.);
#7057 = EDGE_CURVE('',#7058,#7050,#7060,.T.);
#7058 = VERTEX_POINT('',#7059);
#7059 = CARTESIAN_POINT('',(126.,93.,66.));
#7060 = LINE('',#7061,#7062);
#7061 = CARTESIAN_POINT('',(125.,93.,66.));
#7062 = VECTOR('',#7063,1.);
#7063 = DIRECTION('',(1.,0.,0.));
#7064 = ORIENTED_EDGE('',*,*,#7065,.F.);
#7065 = EDGE_CURVE('',#7066,#7058,#7068,.T.);
#7066 = VERTEX_POINT('',#7067);
#7067 = CARTESIAN_POINT('',(126.,92.,66.));
#7068 = LINE('',#7069,#7070);
#7069 = CARTESIAN_POINT('',(126.,8.5,66.));
#7070 = VECTOR('',#7071,1.);
#7071 = DIRECTION('',(0.,1.,0.));
#7072 = ORIENTED_EDGE('',*,*,#7073,.T.);
#7073 = EDGE_CURVE('',#7066,#6932,#7074,.T.);
#7074 = LINE('',#7075,#7076);
#7075 = CARTESIAN_POINT('',(119.6,92.,66.));
#7076 = VECTOR('',#7077,1.);
#7077 = DIRECTION('',(1.,0.,0.));
#7078 = ORIENTED_EDGE('',*,*,#6931,.F.);
#7079 = ORIENTED_EDGE('',*,*,#5958,.T.);
#7080 = ORIENTED_EDGE('',*,*,#6215,.F.);
#7081 = ORIENTED_EDGE('',*,*,#7082,.F.);
#7082 = EDGE_CURVE('',#7083,#6208,#7085,.T.);
#7083 = VERTEX_POINT('',#7084);
#7084 = CARTESIAN_POINT('',(126.,116.,66.));
#7085 = LINE('',#7086,#7087);
#7086 = CARTESIAN_POINT('',(126.,116.,66.));
#7087 = VECTOR('',#7088,1.);
#7088 = DIRECTION('',(1.,0.,0.));
#7089 = ORIENTED_EDGE('',*,*,#7090,.T.);
#7090 = EDGE_CURVE('',#7083,#7091,#7093,.T.);
#7091 = VERTEX_POINT('',#7092);
#7092 = CARTESIAN_POINT('',(126.,131.,66.));
#7093 = LINE('',#7094,#7095);
#7094 = CARTESIAN_POINT('',(126.,116.,66.));
#7095 = VECTOR('',#7096,1.);
#7096 = DIRECTION('',(0.,1.,0.));
#7097 = ORIENTED_EDGE('',*,*,#7098,.F.);
#7098 = EDGE_CURVE('',#7099,#7091,#7101,.T.);
#7099 = VERTEX_POINT('',#7100);
#7100 = CARTESIAN_POINT('',(16.,131.,66.));
#7101 = LINE('',#7102,#7103);
#7102 = CARTESIAN_POINT('',(10.,131.,66.));
#7103 = VECTOR('',#7104,1.);
#7104 = DIRECTION('',(1.,0.,0.));
#7105 = ORIENTED_EDGE('',*,*,#7106,.F.);
#7106 = EDGE_CURVE('',#7107,#7099,#7109,.T.);
#7107 = VERTEX_POINT('',#7108);
#7108 = CARTESIAN_POINT('',(16.,116.,66.));
#7109 = LINE('',#7110,#7111);
#7110 = CARTESIAN_POINT('',(16.,116.,66.));
#7111 = VECTOR('',#7112,1.);
#7112 = DIRECTION('',(0.,1.,0.));
#7113 = ORIENTED_EDGE('',*,*,#7114,.F.);
#7114 = EDGE_CURVE('',#6954,#7107,#7115,.T.);
#7115 = LINE('',#7116,#7117);
#7116 = CARTESIAN_POINT('',(0.,116.,66.));
#7117 = VECTOR('',#7118,1.);
#7118 = DIRECTION('',(1.,0.,0.));
#7119 = PLANE('',#7120);
#7120 = AXIS2_PLACEMENT_3D('',#7121,#7122,#7123);
#7121 = CARTESIAN_POINT('',(0.,0.,66.));
#7122 = DIRECTION('',(0.,0.,1.));
#7123 = DIRECTION('',(1.,0.,0.));
#7124 = ADVANCED_FACE('',(#7125),#7131,.T.);
#7125 = FACE_BOUND('',#7126,.F.);
#7126 = EDGE_LOOP('',(#7127,#7128,#7129,#7130));
#7127 = ORIENTED_EDGE('',*,*,#6012,.F.);
#7128 = ORIENTED_EDGE('',*,*,#6366,.T.);
#7129 = ORIENTED_EDGE('',*,*,#6863,.F.);
#7130 = ORIENTED_EDGE('',*,*,#6048,.F.);
#7131 = CYLINDRICAL_SURFACE('',#7132,1.);
#7132 = AXIS2_PLACEMENT_3D('',#7133,#7134,#7135);
#7133 = CARTESIAN_POINT('',(127.,0.,119.));
#7134 = DIRECTION('',(0.,1.,0.));
#7135 = DIRECTION('',(0.,0.,1.));
#7136 = ADVANCED_FACE('',(#7137),#7156,.T.);
#7137 = FACE_BOUND('',#7138,.F.);
#7138 = EDGE_LOOP('',(#7139,#7147,#7154,#7155));
#7139 = ORIENTED_EDGE('',*,*,#7140,.T.);
#7140 = EDGE_CURVE('',#6057,#7141,#7143,.T.);
#7141 = VERTEX_POINT('',#7142);
#7142 = CARTESIAN_POINT('',(137.4,8.,124.9));
#7143 = LINE('',#7144,#7145);
#7144 = CARTESIAN_POINT('',(137.4,8.,120.));
#7145 = VECTOR('',#7146,1.);
#7146 = DIRECTION('',(0.,0.,1.));
#7147 = ORIENTED_EDGE('',*,*,#7148,.T.);
#7148 = EDGE_CURVE('',#7141,#7141,#7149,.T.);
#7149 = CIRCLE('',#7150,3.4);
#7150 = AXIS2_PLACEMENT_3D('',#7151,#7152,#7153);
#7151 = CARTESIAN_POINT('',(134.,8.,124.9));
#7152 = DIRECTION('',(0.,0.,1.));
#7153 = DIRECTION('',(1.,0.,0.));
#7154 = ORIENTED_EDGE('',*,*,#7140,.F.);
#7155 = ORIENTED_EDGE('',*,*,#6056,.F.);
#7156 = CYLINDRICAL_SURFACE('',#7157,3.4);
#7157 = AXIS2_PLACEMENT_3D('',#7158,#7159,#7160);
#7158 = CARTESIAN_POINT('',(134.,8.,120.));
#7159 = DIRECTION('',(-0.,-0.,-1.));
#7160 = DIRECTION('',(1.,0.,0.));
#7161 = ADVANCED_FACE('',(#7162),#7178,.T.);
#7162 = FACE_BOUND('',#7163,.T.);
#7163 = EDGE_LOOP('',(#7164,#7165,#7171,#7172));
#7164 = ORIENTED_EDGE('',*,*,#6099,.F.);
#7165 = ORIENTED_EDGE('',*,*,#7166,.T.);
#7166 = EDGE_CURVE('',#6100,#6519,#7167,.T.);
#7167 = LINE('',#7168,#7169);
#7168 = CARTESIAN_POINT('',(15.3,2.,68.));
#7169 = VECTOR('',#7170,1.);
#7170 = DIRECTION('',(1.,0.,0.));
#7171 = ORIENTED_EDGE('',*,*,#6526,.T.);
#7172 = ORIENTED_EDGE('',*,*,#7173,.F.);
#7173 = EDGE_CURVE('',#6092,#6527,#7174,.T.);
#7174 = LINE('',#7175,#7176);
#7175 = CARTESIAN_POINT('',(119.6,92.,68.));
#7176 = VECTOR('',#7177,1.);
#7177 = DIRECTION('',(1.,0.,0.));
#7178 = PLANE('',#7179);
#7179 = AXIS2_PLACEMENT_3D('',#7180,#7181,#7182);
#7180 = CARTESIAN_POINT('',(119.6,0.,68.));
#7181 = DIRECTION('',(0.,0.,1.));
#7182 = DIRECTION('',(1.,0.,0.));
#7183 = ADVANCED_FACE('',(#7184),#7214,.T.);
#7184 = FACE_BOUND('',#7185,.T.);
#7185 = EDGE_LOOP('',(#7186,#7192,#7193,#7194,#7195,#7203,#7209,#7210,
    #7211,#7212,#7213));
#7186 = ORIENTED_EDGE('',*,*,#7187,.F.);
#7187 = EDGE_CURVE('',#6084,#7066,#7188,.T.);
#7188 = LINE('',#7189,#7190);
#7189 = CARTESIAN_POINT('',(119.6,92.,66.));
#7190 = VECTOR('',#7191,1.);
#7191 = DIRECTION('',(1.,0.,0.));
#7192 = ORIENTED_EDGE('',*,*,#6091,.T.);
#7193 = ORIENTED_EDGE('',*,*,#7173,.T.);
#7194 = ORIENTED_EDGE('',*,*,#6534,.T.);
#7195 = ORIENTED_EDGE('',*,*,#7196,.T.);
#7196 = EDGE_CURVE('',#6535,#7197,#7199,.T.);
#7197 = VERTEX_POINT('',#7198);
#7198 = CARTESIAN_POINT('',(124.5,92.,74.9));
#7199 = LINE('',#7200,#7201);
#7200 = CARTESIAN_POINT('',(123.90635245901,92.,74.9));
#7201 = VECTOR('',#7202,1.);
#7202 = DIRECTION('',(1.,0.,0.));
#7203 = ORIENTED_EDGE('',*,*,#7204,.F.);
#7204 = EDGE_CURVE('',#6408,#7197,#7205,.T.);
#7205 = LINE('',#7206,#7207);
#7206 = CARTESIAN_POINT('',(124.5,92.,72.875204918033));
#7207 = VECTOR('',#7208,1.);
#7208 = DIRECTION('',(0.,0.,-1.));
#7209 = ORIENTED_EDGE('',*,*,#6407,.T.);
#7210 = ORIENTED_EDGE('',*,*,#6890,.F.);
#7211 = ORIENTED_EDGE('',*,*,#6905,.T.);
#7212 = ORIENTED_EDGE('',*,*,#6939,.F.);
#7213 = ORIENTED_EDGE('',*,*,#7073,.F.);
#7214 = PLANE('',#7215);
#7215 = AXIS2_PLACEMENT_3D('',#7216,#7217,#7218);
#7216 = CARTESIAN_POINT('',(124.91270491803,92.,70.850409836066));
#7217 = DIRECTION('',(0.,1.,0.));
#7218 = DIRECTION('',(0.,0.,1.));
#7219 = ADVANCED_FACE('',(#7220),#7231,.T.);
#7220 = FACE_BOUND('',#7221,.T.);
#7221 = EDGE_LOOP('',(#7222,#7223,#7224,#7225));
#7222 = ORIENTED_EDGE('',*,*,#6295,.F.);
#7223 = ORIENTED_EDGE('',*,*,#6131,.F.);
#7224 = ORIENTED_EDGE('',*,*,#6075,.T.);
#7225 = ORIENTED_EDGE('',*,*,#7226,.T.);
#7226 = EDGE_CURVE('',#6076,#6296,#7227,.T.);
#7227 = LINE('',#7228,#7229);
#7228 = CARTESIAN_POINT('',(8.,17.,66.));
#7229 = VECTOR('',#7230,1.);
#7230 = DIRECTION('',(-1.,0.,0.));
#7231 = PLANE('',#7232);
#7232 = AXIS2_PLACEMENT_3D('',#7233,#7234,#7235);
#7233 = CARTESIAN_POINT('',(0.,0.,66.));
#7234 = DIRECTION('',(0.,0.,1.));
#7235 = DIRECTION('',(1.,0.,0.));
#7236 = ADVANCED_FACE('',(#7237),#7255,.F.);
#7237 = FACE_BOUND('',#7238,.F.);
#7238 = EDGE_LOOP('',(#7239,#7240,#7248,#7254));
#7239 = ORIENTED_EDGE('',*,*,#6083,.F.);
#7240 = ORIENTED_EDGE('',*,*,#7241,.F.);
#7241 = EDGE_CURVE('',#7242,#6076,#7244,.T.);
#7242 = VERTEX_POINT('',#7243);
#7243 = CARTESIAN_POINT('',(126.,17.,66.));
#7244 = LINE('',#7245,#7246);
#7245 = CARTESIAN_POINT('',(8.,17.,66.));
#7246 = VECTOR('',#7247,1.);
#7247 = DIRECTION('',(-1.,0.,0.));
#7248 = ORIENTED_EDGE('',*,*,#7249,.T.);
#7249 = EDGE_CURVE('',#7242,#7066,#7250,.T.);
#7250 = LINE('',#7251,#7252);
#7251 = CARTESIAN_POINT('',(126.,8.5,66.));
#7252 = VECTOR('',#7253,1.);
#7253 = DIRECTION('',(0.,1.,0.));
#7254 = ORIENTED_EDGE('',*,*,#7187,.F.);
#7255 = PLANE('',#7256);
#7256 = AXIS2_PLACEMENT_3D('',#7257,#7258,#7259);
#7257 = CARTESIAN_POINT('',(119.6,0.,66.));
#7258 = DIRECTION('',(0.,0.,1.));
#7259 = DIRECTION('',(1.,0.,0.));
#7260 = ADVANCED_FACE('',(#7261),#7286,.F.);
#7261 = FACE_BOUND('',#7262,.F.);
#7262 = EDGE_LOOP('',(#7263,#7271,#7272,#7280));
#7263 = ORIENTED_EDGE('',*,*,#7264,.T.);
#7264 = EDGE_CURVE('',#7265,#6148,#7267,.T.);
#7265 = VERTEX_POINT('',#7266);
#7266 = CARTESIAN_POINT('',(10.,-2.22044604925E-16,61.));
#7267 = LINE('',#7268,#7269);
#7268 = CARTESIAN_POINT('',(10.,-1.7763568394E-15,60.));
#7269 = VECTOR('',#7270,1.);
#7270 = DIRECTION('',(0.,0.,1.));
#7271 = ORIENTED_EDGE('',*,*,#6156,.F.);
#7272 = ORIENTED_EDGE('',*,*,#7273,.F.);
#7273 = EDGE_CURVE('',#7274,#6122,#7276,.T.);
#7274 = VERTEX_POINT('',#7275);
#7275 = CARTESIAN_POINT('',(132.,-1.7763568394E-15,61.));
#7276 = LINE('',#7277,#7278);
#7277 = CARTESIAN_POINT('',(132.,-1.7763568394E-15,60.));
#7278 = VECTOR('',#7279,1.);
#7279 = DIRECTION('',(0.,0.,1.));
#7280 = ORIENTED_EDGE('',*,*,#7281,.T.);
#7281 = EDGE_CURVE('',#7274,#7265,#7282,.T.);
#7282 = LINE('',#7283,#7284);
#7283 = CARTESIAN_POINT('',(132.,-2.22044604925E-16,61.));
#7284 = VECTOR('',#7285,1.);
#7285 = DIRECTION('',(-1.,-0.,-0.));
#7286 = PLANE('',#7287);
#7287 = AXIS2_PLACEMENT_3D('',#7288,#7289,#7290);
#7288 = CARTESIAN_POINT('',(0.,0.,60.));
#7289 = DIRECTION('',(0.,1.,0.));
#7290 = DIRECTION('',(0.,0.,1.));
#7291 = ADVANCED_FACE('',(#7292),#7312,.T.);
#7292 = FACE_BOUND('',#7293,.F.);
#7293 = EDGE_LOOP('',(#7294,#7295,#7304,#7311));
#7294 = ORIENTED_EDGE('',*,*,#6147,.F.);
#7295 = ORIENTED_EDGE('',*,*,#7296,.T.);
#7296 = EDGE_CURVE('',#6148,#7297,#7299,.T.);
#7297 = VERTEX_POINT('',#7298);
#7298 = CARTESIAN_POINT('',(-2.22044604925E-16,10.,65.));
#7299 = CIRCLE('',#7300,10.);
#7300 = AXIS2_PLACEMENT_3D('',#7301,#7302,#7303);
#7301 = CARTESIAN_POINT('',(10.,10.,65.));
#7302 = DIRECTION('',(-0.,0.,-1.));
#7303 = DIRECTION('',(-1.7763568394E-16,-1.,0.));
#7304 = ORIENTED_EDGE('',*,*,#7305,.T.);
#7305 = EDGE_CURVE('',#7297,#6271,#7306,.T.);
#7306 = CIRCLE('',#7307,1.);
#7307 = AXIS2_PLACEMENT_3D('',#7308,#7309,#7310);
#7308 = CARTESIAN_POINT('',(1.,10.,65.));
#7309 = DIRECTION('',(0.,1.,-0.));
#7310 = DIRECTION('',(-1.,0.,0.));
#7311 = ORIENTED_EDGE('',*,*,#6278,.F.);
#7312 = TOROIDAL_SURFACE('',#7313,9.,1.);
#7313 = AXIS2_PLACEMENT_3D('',#7314,#7315,#7316);
#7314 = CARTESIAN_POINT('',(10.,10.,65.));
#7315 = DIRECTION('',(0.,0.,1.));
#7316 = DIRECTION('',(-1.7763568394E-16,-1.,0.));
#7317 = ADVANCED_FACE('',(#7318),#7337,.T.);
#7318 = FACE_BOUND('',#7319,.F.);
#7319 = EDGE_LOOP('',(#7320,#7328,#7335,#7336));
#7320 = ORIENTED_EDGE('',*,*,#7321,.F.);
#7321 = EDGE_CURVE('',#7322,#6171,#7324,.T.);
#7322 = VERTEX_POINT('',#7323);
#7323 = CARTESIAN_POINT('',(142.,10.,61.));
#7324 = LINE('',#7325,#7326);
#7325 = CARTESIAN_POINT('',(142.,10.,60.));
#7326 = VECTOR('',#7327,1.);
#7327 = DIRECTION('',(0.,0.,1.));
#7328 = ORIENTED_EDGE('',*,*,#7329,.T.);
#7329 = EDGE_CURVE('',#7322,#7274,#7330,.T.);
#7330 = CIRCLE('',#7331,10.);
#7331 = AXIS2_PLACEMENT_3D('',#7332,#7333,#7334);
#7332 = CARTESIAN_POINT('',(132.,10.,61.));
#7333 = DIRECTION('',(0.,0.,-1.));
#7334 = DIRECTION('',(1.,0.,0.));
#7335 = ORIENTED_EDGE('',*,*,#7273,.T.);
#7336 = ORIENTED_EDGE('',*,*,#6179,.F.);
#7337 = CYLINDRICAL_SURFACE('',#7338,10.);
#7338 = AXIS2_PLACEMENT_3D('',#7339,#7340,#7341);
#7339 = CARTESIAN_POINT('',(132.,10.,60.));
#7340 = DIRECTION('',(0.,0.,1.));
#7341 = DIRECTION('',(1.,0.,0.));
#7342 = ADVANCED_FACE('',(#7343),#7371,.T.);
#7343 = FACE_BOUND('',#7344,.F.);
#7344 = EDGE_LOOP('',(#7345,#7356,#7363,#7364));
#7345 = ORIENTED_EDGE('',*,*,#7346,.F.);
#7346 = EDGE_CURVE('',#7347,#7349,#7351,.T.);
#7347 = VERTEX_POINT('',#7348);
#7348 = CARTESIAN_POINT('',(132.,132.,65.));
#7349 = VERTEX_POINT('',#7350);
#7350 = CARTESIAN_POINT('',(132.,131.,66.));
#7351 = CIRCLE('',#7352,1.);
#7352 = AXIS2_PLACEMENT_3D('',#7353,#7354,#7355);
#7353 = CARTESIAN_POINT('',(132.,131.,65.));
#7354 = DIRECTION('',(1.,0.,0.));
#7355 = DIRECTION('',(0.,1.,0.));
#7356 = ORIENTED_EDGE('',*,*,#7357,.T.);
#7357 = EDGE_CURVE('',#7347,#6197,#7358,.T.);
#7358 = CIRCLE('',#7359,10.);
#7359 = AXIS2_PLACEMENT_3D('',#7360,#7361,#7362);
#7360 = CARTESIAN_POINT('',(132.,122.,65.));
#7361 = DIRECTION('',(0.,0.,-1.));
#7362 = DIRECTION('',(0.,1.,0.));
#7363 = ORIENTED_EDGE('',*,*,#6196,.T.);
#7364 = ORIENTED_EDGE('',*,*,#7365,.F.);
#7365 = EDGE_CURVE('',#7349,#6199,#7366,.T.);
#7366 = CIRCLE('',#7367,9.);
#7367 = AXIS2_PLACEMENT_3D('',#7368,#7369,#7370);
#7368 = CARTESIAN_POINT('',(132.,122.,66.));
#7369 = DIRECTION('',(0.,0.,-1.));
#7370 = DIRECTION('',(0.,1.,0.));
#7371 = TOROIDAL_SURFACE('',#7372,9.,1.);
#7372 = AXIS2_PLACEMENT_3D('',#7373,#7374,#7375);
#7373 = CARTESIAN_POINT('',(132.,122.,65.));
#7374 = DIRECTION('',(0.,0.,1.));
#7375 = DIRECTION('',(0.,1.,0.));
#7376 = ADVANCED_FACE('',(#7377),#7395,.T.);
#7377 = FACE_BOUND('',#7378,.T.);
#7378 = EDGE_LOOP('',(#7379,#7380,#7388,#7394));
#7379 = ORIENTED_EDGE('',*,*,#7321,.F.);
#7380 = ORIENTED_EDGE('',*,*,#7381,.F.);
#7381 = EDGE_CURVE('',#7382,#7322,#7384,.T.);
#7382 = VERTEX_POINT('',#7383);
#7383 = CARTESIAN_POINT('',(142.,122.,61.));
#7384 = LINE('',#7385,#7386);
#7385 = CARTESIAN_POINT('',(142.,122.,61.));
#7386 = VECTOR('',#7387,1.);
#7387 = DIRECTION('',(-0.,-1.,-0.));
#7388 = ORIENTED_EDGE('',*,*,#7389,.T.);
#7389 = EDGE_CURVE('',#7382,#6197,#7390,.T.);
#7390 = LINE('',#7391,#7392);
#7391 = CARTESIAN_POINT('',(142.,122.,60.));
#7392 = VECTOR('',#7393,1.);
#7393 = DIRECTION('',(0.,0.,1.));
#7394 = ORIENTED_EDGE('',*,*,#6223,.T.);
#7395 = PLANE('',#7396);
#7396 = AXIS2_PLACEMENT_3D('',#7397,#7398,#7399);
#7397 = CARTESIAN_POINT('',(142.,0.,60.));
#7398 = DIRECTION('',(1.,0.,0.));
#7399 = DIRECTION('',(0.,0.,1.));
#7400 = ADVANCED_FACE('',(#7401),#7450,.F.);
#7401 = FACE_BOUND('',#7402,.F.);
#7402 = EDGE_LOOP('',(#7403,#7414,#7422,#7428,#7434,#7435,#7436,#7444));
#7403 = ORIENTED_EDGE('',*,*,#7404,.T.);
#7404 = EDGE_CURVE('',#7405,#7407,#7409,.T.);
#7405 = VERTEX_POINT('',#7406);
#7406 = CARTESIAN_POINT('',(142.,122.,66.));
#7407 = VERTEX_POINT('',#7408);
#7408 = CARTESIAN_POINT('',(132.,132.,66.));
#7409 = CIRCLE('',#7410,10.);
#7410 = AXIS2_PLACEMENT_3D('',#7411,#7412,#7413);
#7411 = CARTESIAN_POINT('',(132.,122.,66.));
#7412 = DIRECTION('',(-0.,0.,1.));
#7413 = DIRECTION('',(0.,-1.,0.));
#7414 = ORIENTED_EDGE('',*,*,#7415,.F.);
#7415 = EDGE_CURVE('',#7416,#7407,#7418,.T.);
#7416 = VERTEX_POINT('',#7417);
#7417 = CARTESIAN_POINT('',(126.,132.,66.));
#7418 = LINE('',#7419,#7420);
#7419 = CARTESIAN_POINT('',(126.,132.,66.));
#7420 = VECTOR('',#7421,1.);
#7421 = DIRECTION('',(1.,0.,0.));
#7422 = ORIENTED_EDGE('',*,*,#7423,.F.);
#7423 = EDGE_CURVE('',#7091,#7416,#7424,.T.);
#7424 = LINE('',#7425,#7426);
#7425 = CARTESIAN_POINT('',(126.,116.,66.));
#7426 = VECTOR('',#7427,1.);
#7427 = DIRECTION('',(0.,1.,0.));
#7428 = ORIENTED_EDGE('',*,*,#7429,.T.);
#7429 = EDGE_CURVE('',#7091,#7349,#7430,.T.);
#7430 = LINE('',#7431,#7432);
#7431 = CARTESIAN_POINT('',(10.,131.,66.));
#7432 = VECTOR('',#7433,1.);
#7433 = DIRECTION('',(1.,0.,0.));
#7434 = ORIENTED_EDGE('',*,*,#7365,.T.);
#7435 = ORIENTED_EDGE('',*,*,#6207,.T.);
#7436 = ORIENTED_EDGE('',*,*,#7437,.T.);
#7437 = EDGE_CURVE('',#6208,#7438,#7440,.T.);
#7438 = VERTEX_POINT('',#7439);
#7439 = CARTESIAN_POINT('',(142.,116.,66.));
#7440 = LINE('',#7441,#7442);
#7441 = CARTESIAN_POINT('',(126.,116.,66.));
#7442 = VECTOR('',#7443,1.);
#7443 = DIRECTION('',(1.,0.,0.));
#7444 = ORIENTED_EDGE('',*,*,#7445,.T.);
#7445 = EDGE_CURVE('',#7438,#7405,#7446,.T.);
#7446 = LINE('',#7447,#7448);
#7447 = CARTESIAN_POINT('',(142.,116.,66.));
#7448 = VECTOR('',#7449,1.);
#7449 = DIRECTION('',(0.,1.,0.));
#7450 = PLANE('',#7451);
#7451 = AXIS2_PLACEMENT_3D('',#7452,#7453,#7454);
#7452 = CARTESIAN_POINT('',(126.,116.,66.));
#7453 = DIRECTION('',(0.,0.,1.));
#7454 = DIRECTION('',(1.,0.,0.));
#7455 = ADVANCED_FACE('',(#7456),#7474,.F.);
#7456 = FACE_BOUND('',#7457,.F.);
#7457 = EDGE_LOOP('',(#7458,#7459,#7460,#7468));
#7458 = ORIENTED_EDGE('',*,*,#6838,.F.);
#7459 = ORIENTED_EDGE('',*,*,#6254,.T.);
#7460 = ORIENTED_EDGE('',*,*,#7461,.T.);
#7461 = EDGE_CURVE('',#6255,#7462,#7464,.T.);
#7462 = VERTEX_POINT('',#7463);
#7463 = CARTESIAN_POINT('',(-2.22044604925E-16,16.,119.));
#7464 = LINE('',#7465,#7466);
#7465 = CARTESIAN_POINT('',(0.,16.,66.));
#7466 = VECTOR('',#7467,1.);
#7467 = DIRECTION('',(0.,0.,1.));
#7468 = ORIENTED_EDGE('',*,*,#7469,.F.);
#7469 = EDGE_CURVE('',#6839,#7462,#7470,.T.);
#7470 = LINE('',#7471,#7472);
#7471 = CARTESIAN_POINT('',(-2.22044604925E-16,10.,119.));
#7472 = VECTOR('',#7473,1.);
#7473 = DIRECTION('',(0.,1.,0.));
#7474 = PLANE('',#7475);
#7475 = AXIS2_PLACEMENT_3D('',#7476,#7477,#7478);
#7476 = CARTESIAN_POINT('',(0.,0.,66.));
#7477 = DIRECTION('',(1.,0.,0.));
#7478 = DIRECTION('',(0.,0.,1.));
#7479 = ADVANCED_FACE('',(#7480),#7515,.T.);
#7480 = FACE_BOUND('',#7481,.T.);
#7481 = EDGE_LOOP('',(#7482,#7490,#7491,#7492,#7493,#7499,#7500,#7501,
    #7509));
#7482 = ORIENTED_EDGE('',*,*,#7483,.T.);
#7483 = EDGE_CURVE('',#7484,#6962,#7486,.T.);
#7484 = VERTEX_POINT('',#7485);
#7485 = CARTESIAN_POINT('',(12.,16.,68.));
#7486 = LINE('',#7487,#7488);
#7487 = CARTESIAN_POINT('',(12.,16.,66.));
#7488 = VECTOR('',#7489,1.);
#7489 = DIRECTION('',(0.,0.,-1.));
#7490 = ORIENTED_EDGE('',*,*,#6961,.F.);
#7491 = ORIENTED_EDGE('',*,*,#6262,.F.);
#7492 = ORIENTED_EDGE('',*,*,#7461,.T.);
#7493 = ORIENTED_EDGE('',*,*,#7494,.T.);
#7494 = EDGE_CURVE('',#7462,#6784,#7495,.T.);
#7495 = LINE('',#7496,#7497);
#7496 = CARTESIAN_POINT('',(0.,16.,119.));
#7497 = VECTOR('',#7498,1.);
#7498 = DIRECTION('',(1.,0.,0.));
#7499 = ORIENTED_EDGE('',*,*,#6783,.F.);
#7500 = ORIENTED_EDGE('',*,*,#6719,.F.);
#7501 = ORIENTED_EDGE('',*,*,#7502,.T.);
#7502 = EDGE_CURVE('',#6710,#7503,#7505,.T.);
#7503 = VERTEX_POINT('',#7504);
#7504 = CARTESIAN_POINT('',(14.3,16.,68.));
#7505 = LINE('',#7506,#7507);
#7506 = CARTESIAN_POINT('',(14.3,16.,70.5));
#7507 = VECTOR('',#7508,1.);
#7508 = DIRECTION('',(0.,0.,-1.));
#7509 = ORIENTED_EDGE('',*,*,#7510,.F.);
#7510 = EDGE_CURVE('',#7484,#7503,#7511,.T.);
#7511 = LINE('',#7512,#7513);
#7512 = CARTESIAN_POINT('',(6.,16.,68.));
#7513 = VECTOR('',#7514,1.);
#7514 = DIRECTION('',(1.,0.,0.));
#7515 = PLANE('',#7516);
#7516 = AXIS2_PLACEMENT_3D('',#7517,#7518,#7519);
#7517 = CARTESIAN_POINT('',(0.,16.,66.));
#7518 = DIRECTION('',(0.,1.,0.));
#7519 = DIRECTION('',(0.,0.,1.));
#7520 = ADVANCED_FACE('',(#7521),#7549,.T.);
#7521 = FACE_BOUND('',#7522,.T.);
#7522 = EDGE_LOOP('',(#7523,#7524,#7525,#7526,#7534,#7543));
#7523 = ORIENTED_EDGE('',*,*,#7305,.T.);
#7524 = ORIENTED_EDGE('',*,*,#6270,.T.);
#7525 = ORIENTED_EDGE('',*,*,#6953,.T.);
#7526 = ORIENTED_EDGE('',*,*,#7527,.T.);
#7527 = EDGE_CURVE('',#6954,#7528,#7530,.T.);
#7528 = VERTEX_POINT('',#7529);
#7529 = CARTESIAN_POINT('',(1.,122.,66.));
#7530 = LINE('',#7531,#7532);
#7531 = CARTESIAN_POINT('',(1.,10.,66.));
#7532 = VECTOR('',#7533,1.);
#7533 = DIRECTION('',(0.,1.,0.));
#7534 = ORIENTED_EDGE('',*,*,#7535,.F.);
#7535 = EDGE_CURVE('',#7536,#7528,#7538,.T.);
#7536 = VERTEX_POINT('',#7537);
#7537 = CARTESIAN_POINT('',(-2.22044604925E-16,122.,65.));
#7538 = CIRCLE('',#7539,1.);
#7539 = AXIS2_PLACEMENT_3D('',#7540,#7541,#7542);
#7540 = CARTESIAN_POINT('',(1.,122.,65.));
#7541 = DIRECTION('',(0.,1.,-0.));
#7542 = DIRECTION('',(-1.,0.,0.));
#7543 = ORIENTED_EDGE('',*,*,#7544,.F.);
#7544 = EDGE_CURVE('',#7297,#7536,#7545,.T.);
#7545 = LINE('',#7546,#7547);
#7546 = CARTESIAN_POINT('',(-2.22044604925E-16,10.,65.));
#7547 = VECTOR('',#7548,1.);
#7548 = DIRECTION('',(0.,1.,0.));
#7549 = CYLINDRICAL_SURFACE('',#7550,1.);
#7550 = AXIS2_PLACEMENT_3D('',#7551,#7552,#7553);
#7551 = CARTESIAN_POINT('',(1.,10.,65.));
#7552 = DIRECTION('',(0.,1.,0.));
#7553 = DIRECTION('',(-1.,0.,0.));
#7554 = ADVANCED_FACE('',(#7555),#7571,.T.);
#7555 = FACE_BOUND('',#7556,.T.);
#7556 = EDGE_LOOP('',(#7557,#7563,#7564,#7570));
#7557 = ORIENTED_EDGE('',*,*,#7558,.F.);
#7558 = EDGE_CURVE('',#6600,#6312,#7559,.T.);
#7559 = LINE('',#7560,#7561);
#7560 = CARTESIAN_POINT('',(12.,92.,68.));
#7561 = VECTOR('',#7562,1.);
#7562 = DIRECTION('',(1.,0.,0.));
#7563 = ORIENTED_EDGE('',*,*,#6599,.F.);
#7564 = ORIENTED_EDGE('',*,*,#7565,.T.);
#7565 = EDGE_CURVE('',#6592,#6320,#7566,.T.);
#7566 = LINE('',#7567,#7568);
#7567 = CARTESIAN_POINT('',(15.3,2.,68.));
#7568 = VECTOR('',#7569,1.);
#7569 = DIRECTION('',(1.,0.,0.));
#7570 = ORIENTED_EDGE('',*,*,#6319,.T.);
#7571 = PLANE('',#7572);
#7572 = AXIS2_PLACEMENT_3D('',#7573,#7574,#7575);
#7573 = CARTESIAN_POINT('',(12.,0.,68.));
#7574 = DIRECTION('',(0.,0.,1.));
#7575 = DIRECTION('',(1.,0.,0.));
#7576 = ADVANCED_FACE('',(#7577),#7626,.T.);
#7577 = FACE_BOUND('',#7578,.T.);
#7578 = EDGE_LOOP('',(#7579,#7580,#7588,#7596,#7602,#7603,#7611,#7617,
    #7618,#7619,#7620));
#7579 = ORIENTED_EDGE('',*,*,#6977,.F.);
#7580 = ORIENTED_EDGE('',*,*,#7581,.T.);
#7581 = EDGE_CURVE('',#6970,#7582,#7584,.T.);
#7582 = VERTEX_POINT('',#7583);
#7583 = CARTESIAN_POINT('',(12.,92.,68.));
#7584 = LINE('',#7585,#7586);
#7585 = CARTESIAN_POINT('',(12.,92.,66.));
#7586 = VECTOR('',#7587,1.);
#7587 = DIRECTION('',(0.,0.,1.));
#7588 = ORIENTED_EDGE('',*,*,#7589,.T.);
#7589 = EDGE_CURVE('',#7582,#7590,#7592,.T.);
#7590 = VERTEX_POINT('',#7591);
#7591 = CARTESIAN_POINT('',(14.3,92.,68.));
#7592 = LINE('',#7593,#7594);
#7593 = CARTESIAN_POINT('',(12.,92.,68.));
#7594 = VECTOR('',#7595,1.);
#7595 = DIRECTION('',(1.,0.,0.));
#7596 = ORIENTED_EDGE('',*,*,#7597,.T.);
#7597 = EDGE_CURVE('',#7590,#6712,#7598,.T.);
#7598 = LINE('',#7599,#7600);
#7599 = CARTESIAN_POINT('',(14.3,92.,68.));
#7600 = VECTOR('',#7601,1.);
#7601 = DIRECTION('',(0.,0.,1.));
#7602 = ORIENTED_EDGE('',*,*,#6767,.T.);
#7603 = ORIENTED_EDGE('',*,*,#7604,.T.);
#7604 = EDGE_CURVE('',#6760,#7605,#7607,.T.);
#7605 = VERTEX_POINT('',#7606);
#7606 = CARTESIAN_POINT('',(17.5,92.,74.9));
#7607 = LINE('',#7608,#7609);
#7608 = CARTESIAN_POINT('',(17.5,92.,72.875204918033));
#7609 = VECTOR('',#7610,1.);
#7610 = DIRECTION('',(0.,0.,-1.));
#7611 = ORIENTED_EDGE('',*,*,#7612,.T.);
#7612 = EDGE_CURVE('',#7605,#6608,#7613,.T.);
#7613 = LINE('',#7614,#7615);
#7614 = CARTESIAN_POINT('',(17.293647540984,92.,74.9));
#7615 = VECTOR('',#7616,1.);
#7616 = DIRECTION('',(1.,0.,0.));
#7617 = ORIENTED_EDGE('',*,*,#6607,.F.);
#7618 = ORIENTED_EDGE('',*,*,#7558,.T.);
#7619 = ORIENTED_EDGE('',*,*,#6311,.F.);
#7620 = ORIENTED_EDGE('',*,*,#7621,.F.);
#7621 = EDGE_CURVE('',#6978,#6304,#7622,.T.);
#7622 = LINE('',#7623,#7624);
#7623 = CARTESIAN_POINT('',(12.,92.,66.));
#7624 = VECTOR('',#7625,1.);
#7625 = DIRECTION('',(1.,0.,0.));
#7626 = PLANE('',#7627);
#7627 = AXIS2_PLACEMENT_3D('',#7628,#7629,#7630);
#7628 = CARTESIAN_POINT('',(17.087295081967,92.,70.850409836066));
#7629 = DIRECTION('',(0.,1.,0.));
#7630 = DIRECTION('',(0.,0.,1.));
#7631 = ADVANCED_FACE('',(#7632),#7650,.F.);
#7632 = FACE_BOUND('',#7633,.F.);
#7633 = EDGE_LOOP('',(#7634,#7635,#7643,#7649));
#7634 = ORIENTED_EDGE('',*,*,#7621,.F.);
#7635 = ORIENTED_EDGE('',*,*,#7636,.F.);
#7636 = EDGE_CURVE('',#7637,#6978,#7639,.T.);
#7637 = VERTEX_POINT('',#7638);
#7638 = CARTESIAN_POINT('',(16.,17.,66.));
#7639 = LINE('',#7640,#7641);
#7640 = CARTESIAN_POINT('',(16.,8.5,66.));
#7641 = VECTOR('',#7642,1.);
#7642 = DIRECTION('',(0.,1.,0.));
#7643 = ORIENTED_EDGE('',*,*,#7644,.F.);
#7644 = EDGE_CURVE('',#6296,#7637,#7645,.T.);
#7645 = LINE('',#7646,#7647);
#7646 = CARTESIAN_POINT('',(8.,17.,66.));
#7647 = VECTOR('',#7648,1.);
#7648 = DIRECTION('',(-1.,0.,0.));
#7649 = ORIENTED_EDGE('',*,*,#6303,.T.);
#7650 = PLANE('',#7651);
#7651 = AXIS2_PLACEMENT_3D('',#7652,#7653,#7654);
#7652 = CARTESIAN_POINT('',(12.,0.,66.));
#7653 = DIRECTION('',(0.,0.,1.));
#7654 = DIRECTION('',(1.,0.,0.));
#7655 = ADVANCED_FACE('',(#7656),#7664,.T.);
#7656 = FACE_BOUND('',#7657,.T.);
#7657 = EDGE_LOOP('',(#7658,#7659,#7660,#7661,#7662,#7663));
#7658 = ORIENTED_EDGE('',*,*,#7565,.F.);
#7659 = ORIENTED_EDGE('',*,*,#6591,.T.);
#7660 = ORIENTED_EDGE('',*,*,#6575,.T.);
#7661 = ORIENTED_EDGE('',*,*,#6518,.F.);
#7662 = ORIENTED_EDGE('',*,*,#7166,.F.);
#7663 = ORIENTED_EDGE('',*,*,#6344,.F.);
#7664 = PLANE('',#7665);
#7665 = AXIS2_PLACEMENT_3D('',#7666,#7667,#7668);
#7666 = CARTESIAN_POINT('',(15.3,2.,68.));
#7667 = DIRECTION('',(0.,1.,0.));
#7668 = DIRECTION('',(0.,0.,1.));
#7669 = ADVANCED_FACE('',(#7670),#7681,.T.);
#7670 = FACE_BOUND('',#7671,.T.);
#7671 = EDGE_LOOP('',(#7672,#7678,#7679,#7680));
#7672 = ORIENTED_EDGE('',*,*,#7673,.T.);
#7673 = EDGE_CURVE('',#6383,#6470,#7674,.T.);
#7674 = LINE('',#7675,#7676);
#7675 = CARTESIAN_POINT('',(122.9,92.,72.875204918033));
#7676 = VECTOR('',#7677,1.);
#7677 = DIRECTION('',(0.,0.,-1.));
#7678 = ORIENTED_EDGE('',*,*,#6469,.F.);
#7679 = ORIENTED_EDGE('',*,*,#6454,.T.);
#7680 = ORIENTED_EDGE('',*,*,#6380,.T.);
#7681 = PLANE('',#7682);
#7682 = AXIS2_PLACEMENT_3D('',#7683,#7684,#7685);
#7683 = CARTESIAN_POINT('',(124.91270491803,92.,70.850409836066));
#7684 = DIRECTION('',(0.,1.,0.));
#7685 = DIRECTION('',(0.,0.,1.));
#7686 = ADVANCED_FACE('',(#7687),#7698,.T.);
#7687 = FACE_BOUND('',#7688,.T.);
#7688 = EDGE_LOOP('',(#7689,#7695,#7696,#7697));
#7689 = ORIENTED_EDGE('',*,*,#7690,.F.);
#7690 = EDGE_CURVE('',#6488,#6424,#7691,.T.);
#7691 = LINE('',#7692,#7693);
#7692 = CARTESIAN_POINT('',(122.9,83.7,74.9));
#7693 = VECTOR('',#7694,1.);
#7694 = DIRECTION('',(0.,0.,1.));
#7695 = ORIENTED_EDGE('',*,*,#6495,.T.);
#7696 = ORIENTED_EDGE('',*,*,#7673,.F.);
#7697 = ORIENTED_EDGE('',*,*,#6431,.F.);
#7698 = PLANE('',#7699);
#7699 = AXIS2_PLACEMENT_3D('',#7700,#7701,#7702);
#7700 = CARTESIAN_POINT('',(122.9,83.7,74.9));
#7701 = DIRECTION('',(1.,0.,0.));
#7702 = DIRECTION('',(0.,0.,1.));
#7703 = ADVANCED_FACE('',(#7704),#7724,.T.);
#7704 = FACE_BOUND('',#7705,.T.);
#7705 = EDGE_LOOP('',(#7706,#7714,#7715,#7716,#7717,#7718));
#7706 = ORIENTED_EDGE('',*,*,#7707,.F.);
#7707 = EDGE_CURVE('',#6543,#7708,#7710,.T.);
#7708 = VERTEX_POINT('',#7709);
#7709 = CARTESIAN_POINT('',(124.5,83.7,74.9));
#7710 = LINE('',#7711,#7712);
#7711 = CARTESIAN_POINT('',(122.9,83.7,74.9));
#7712 = VECTOR('',#7713,1.);
#7713 = DIRECTION('',(1.,0.,0.));
#7714 = ORIENTED_EDGE('',*,*,#6550,.T.);
#7715 = ORIENTED_EDGE('',*,*,#6487,.T.);
#7716 = ORIENTED_EDGE('',*,*,#7690,.T.);
#7717 = ORIENTED_EDGE('',*,*,#6423,.F.);
#7718 = ORIENTED_EDGE('',*,*,#7719,.F.);
#7719 = EDGE_CURVE('',#7708,#6416,#7720,.T.);
#7720 = LINE('',#7721,#7722);
#7721 = CARTESIAN_POINT('',(124.5,83.7,74.9));
#7722 = VECTOR('',#7723,1.);
#7723 = DIRECTION('',(0.,0.,1.));
#7724 = PLANE('',#7725);
#7725 = AXIS2_PLACEMENT_3D('',#7726,#7727,#7728);
#7726 = CARTESIAN_POINT('',(122.9,83.7,74.9));
#7727 = DIRECTION('',(0.,1.,0.));
#7728 = DIRECTION('',(0.,0.,1.));
#7729 = ADVANCED_FACE('',(#7730),#7741,.F.);
#7730 = FACE_BOUND('',#7731,.F.);
#7731 = EDGE_LOOP('',(#7732,#7733,#7739,#7740));
#7732 = ORIENTED_EDGE('',*,*,#7719,.F.);
#7733 = ORIENTED_EDGE('',*,*,#7734,.T.);
#7734 = EDGE_CURVE('',#7708,#7197,#7735,.T.);
#7735 = LINE('',#7736,#7737);
#7736 = CARTESIAN_POINT('',(124.5,83.7,74.9));
#7737 = VECTOR('',#7738,1.);
#7738 = DIRECTION('',(0.,1.,0.));
#7739 = ORIENTED_EDGE('',*,*,#7204,.F.);
#7740 = ORIENTED_EDGE('',*,*,#6415,.F.);
#7741 = PLANE('',#7742);
#7742 = AXIS2_PLACEMENT_3D('',#7743,#7744,#7745);
#7743 = CARTESIAN_POINT('',(124.5,83.7,74.9));
#7744 = DIRECTION('',(1.,0.,0.));
#7745 = DIRECTION('',(0.,0.,1.));
#7746 = ADVANCED_FACE('',(#7747),#7753,.T.);
#7747 = FACE_BOUND('',#7748,.T.);
#7748 = EDGE_LOOP('',(#7749,#7750,#7751,#7752));
#7749 = ORIENTED_EDGE('',*,*,#6542,.T.);
#7750 = ORIENTED_EDGE('',*,*,#7707,.T.);
#7751 = ORIENTED_EDGE('',*,*,#7734,.T.);
#7752 = ORIENTED_EDGE('',*,*,#7196,.F.);
#7753 = PLANE('',#7754);
#7754 = AXIS2_PLACEMENT_3D('',#7755,#7756,#7757);
#7755 = CARTESIAN_POINT('',(122.9,83.7,74.9));
#7756 = DIRECTION('',(0.,0.,1.));
#7757 = DIRECTION('',(1.,0.,0.));
#7758 = ADVANCED_FACE('',(#7759),#7784,.T.);
#7759 = FACE_BOUND('',#7760,.T.);
#7760 = EDGE_LOOP('',(#7761,#7769,#7775,#7776,#7782,#7783));
#7761 = ORIENTED_EDGE('',*,*,#7762,.F.);
#7762 = EDGE_CURVE('',#7763,#6616,#7765,.T.);
#7763 = VERTEX_POINT('',#7764);
#7764 = CARTESIAN_POINT('',(17.5,83.7,74.9));
#7765 = LINE('',#7766,#7767);
#7766 = CARTESIAN_POINT('',(17.5,83.7,74.9));
#7767 = VECTOR('',#7768,1.);
#7768 = DIRECTION('',(1.,0.,0.));
#7769 = ORIENTED_EDGE('',*,*,#7770,.T.);
#7770 = EDGE_CURVE('',#7763,#6752,#7771,.T.);
#7771 = LINE('',#7772,#7773);
#7772 = CARTESIAN_POINT('',(17.5,83.7,74.9));
#7773 = VECTOR('',#7774,1.);
#7774 = DIRECTION('',(0.,0.,1.));
#7775 = ORIENTED_EDGE('',*,*,#6751,.F.);
#7776 = ORIENTED_EDGE('',*,*,#7777,.F.);
#7777 = EDGE_CURVE('',#6646,#6744,#7778,.T.);
#7778 = LINE('',#7779,#7780);
#7779 = CARTESIAN_POINT('',(19.1,83.7,74.9));
#7780 = VECTOR('',#7781,1.);
#7781 = DIRECTION('',(0.,0.,1.));
#7782 = ORIENTED_EDGE('',*,*,#6645,.T.);
#7783 = ORIENTED_EDGE('',*,*,#6623,.F.);
#7784 = PLANE('',#7785);
#7785 = AXIS2_PLACEMENT_3D('',#7786,#7787,#7788);
#7786 = CARTESIAN_POINT('',(17.5,83.7,74.9));
#7787 = DIRECTION('',(0.,1.,0.));
#7788 = DIRECTION('',(0.,0.,1.));
#7789 = ADVANCED_FACE('',(#7790),#7801,.T.);
#7790 = FACE_BOUND('',#7791,.T.);
#7791 = EDGE_LOOP('',(#7792,#7798,#7799,#7800));
#7792 = ORIENTED_EDGE('',*,*,#7793,.F.);
#7793 = EDGE_CURVE('',#7763,#7605,#7794,.T.);
#7794 = LINE('',#7795,#7796);
#7795 = CARTESIAN_POINT('',(17.5,83.7,74.9));
#7796 = VECTOR('',#7797,1.);
#7797 = DIRECTION('',(0.,1.,0.));
#7798 = ORIENTED_EDGE('',*,*,#7762,.T.);
#7799 = ORIENTED_EDGE('',*,*,#6615,.F.);
#7800 = ORIENTED_EDGE('',*,*,#7612,.F.);
#7801 = PLANE('',#7802);
#7802 = AXIS2_PLACEMENT_3D('',#7803,#7804,#7805);
#7803 = CARTESIAN_POINT('',(17.5,83.7,74.9));
#7804 = DIRECTION('',(0.,0.,1.));
#7805 = DIRECTION('',(1.,0.,0.));
#7806 = ADVANCED_FACE('',(#7807),#7818,.F.);
#7807 = FACE_BOUND('',#7808,.F.);
#7808 = EDGE_LOOP('',(#7809,#7810,#7811,#7817));
#7809 = ORIENTED_EDGE('',*,*,#7777,.F.);
#7810 = ORIENTED_EDGE('',*,*,#6671,.T.);
#7811 = ORIENTED_EDGE('',*,*,#7812,.F.);
#7812 = EDGE_CURVE('',#6736,#6664,#7813,.T.);
#7813 = LINE('',#7814,#7815);
#7814 = CARTESIAN_POINT('',(19.1,92.,72.875204918033));
#7815 = VECTOR('',#7816,1.);
#7816 = DIRECTION('',(0.,0.,-1.));
#7817 = ORIENTED_EDGE('',*,*,#6743,.F.);
#7818 = PLANE('',#7819);
#7819 = AXIS2_PLACEMENT_3D('',#7820,#7821,#7822);
#7820 = CARTESIAN_POINT('',(19.1,83.7,74.9));
#7821 = DIRECTION('',(1.,0.,0.));
#7822 = DIRECTION('',(0.,0.,1.));
#7823 = ADVANCED_FACE('',(#7824),#7830,.T.);
#7824 = FACE_BOUND('',#7825,.T.);
#7825 = EDGE_LOOP('',(#7826,#7827,#7828,#7829));
#7826 = ORIENTED_EDGE('',*,*,#7812,.F.);
#7827 = ORIENTED_EDGE('',*,*,#6735,.T.);
#7828 = ORIENTED_EDGE('',*,*,#6687,.F.);
#7829 = ORIENTED_EDGE('',*,*,#6663,.F.);
#7830 = PLANE('',#7831);
#7831 = AXIS2_PLACEMENT_3D('',#7832,#7833,#7834);
#7832 = CARTESIAN_POINT('',(17.087295081967,92.,70.850409836066));
#7833 = DIRECTION('',(0.,1.,0.));
#7834 = DIRECTION('',(0.,0.,1.));
#7835 = ADVANCED_FACE('',(#7836),#7847,.T.);
#7836 = FACE_BOUND('',#7837,.T.);
#7837 = EDGE_LOOP('',(#7838,#7839,#7840,#7841));
#7838 = ORIENTED_EDGE('',*,*,#7502,.F.);
#7839 = ORIENTED_EDGE('',*,*,#6709,.T.);
#7840 = ORIENTED_EDGE('',*,*,#7597,.F.);
#7841 = ORIENTED_EDGE('',*,*,#7842,.F.);
#7842 = EDGE_CURVE('',#7503,#7590,#7843,.T.);
#7843 = LINE('',#7844,#7845);
#7844 = CARTESIAN_POINT('',(14.3,0.,68.));
#7845 = VECTOR('',#7846,1.);
#7846 = DIRECTION('',(0.,1.,0.));
#7847 = PLANE('',#7848);
#7848 = AXIS2_PLACEMENT_3D('',#7849,#7850,#7851);
#7849 = CARTESIAN_POINT('',(14.3,54.,72.7));
#7850 = DIRECTION('',(-1.,-0.,-0.));
#7851 = DIRECTION('',(0.,0.,-1.));
#7852 = ADVANCED_FACE('',(#7853),#7859,.T.);
#7853 = FACE_BOUND('',#7854,.T.);
#7854 = EDGE_LOOP('',(#7855,#7856,#7857,#7858));
#7855 = ORIENTED_EDGE('',*,*,#7770,.F.);
#7856 = ORIENTED_EDGE('',*,*,#7793,.T.);
#7857 = ORIENTED_EDGE('',*,*,#7604,.F.);
#7858 = ORIENTED_EDGE('',*,*,#6759,.F.);
#7859 = PLANE('',#7860);
#7860 = AXIS2_PLACEMENT_3D('',#7861,#7862,#7863);
#7861 = CARTESIAN_POINT('',(17.5,83.7,74.9));
#7862 = DIRECTION('',(1.,0.,0.));
#7863 = DIRECTION('',(0.,0.,1.));
#7864 = ADVANCED_FACE('',(#7865),#7884,.T.);
#7865 = FACE_BOUND('',#7866,.T.);
#7866 = EDGE_LOOP('',(#7867,#7868,#7869,#7878));
#7867 = ORIENTED_EDGE('',*,*,#6805,.F.);
#7868 = ORIENTED_EDGE('',*,*,#6791,.T.);
#7869 = ORIENTED_EDGE('',*,*,#7870,.F.);
#7870 = EDGE_CURVE('',#7871,#6784,#7873,.T.);
#7871 = VERTEX_POINT('',#7872);
#7872 = CARTESIAN_POINT('',(15.,15.,120.));
#7873 = ELLIPSE('',#7874,1.414213562373,1.);
#7874 = AXIS2_PLACEMENT_3D('',#7875,#7876,#7877);
#7875 = CARTESIAN_POINT('',(15.,15.,119.));
#7876 = DIRECTION('',(-0.707106781187,0.707106781187,0.));
#7877 = DIRECTION('',(0.707106781187,0.707106781187,0.));
#7878 = ORIENTED_EDGE('',*,*,#7879,.F.);
#7879 = EDGE_CURVE('',#6806,#7871,#7880,.T.);
#7880 = LINE('',#7881,#7882);
#7881 = CARTESIAN_POINT('',(15.,0.,120.));
#7882 = VECTOR('',#7883,1.);
#7883 = DIRECTION('',(0.,1.,0.));
#7884 = CYLINDRICAL_SURFACE('',#7885,1.);
#7885 = AXIS2_PLACEMENT_3D('',#7886,#7887,#7888);
#7886 = CARTESIAN_POINT('',(15.,0.,119.));
#7887 = DIRECTION('',(0.,1.,0.));
#7888 = DIRECTION('',(0.,0.,1.));
#7889 = ADVANCED_FACE('',(#7890,#7917),#7928,.T.);
#7890 = FACE_BOUND('',#7891,.T.);
#7891 = EDGE_LOOP('',(#7892,#7893,#7894,#7902,#7910));
#7892 = ORIENTED_EDGE('',*,*,#6814,.F.);
#7893 = ORIENTED_EDGE('',*,*,#7879,.T.);
#7894 = ORIENTED_EDGE('',*,*,#7895,.F.);
#7895 = EDGE_CURVE('',#7896,#7871,#7898,.T.);
#7896 = VERTEX_POINT('',#7897);
#7897 = CARTESIAN_POINT('',(1.,15.,120.));
#7898 = LINE('',#7899,#7900);
#7899 = CARTESIAN_POINT('',(0.,15.,120.));
#7900 = VECTOR('',#7901,1.);
#7901 = DIRECTION('',(1.,0.,0.));
#7902 = ORIENTED_EDGE('',*,*,#7903,.F.);
#7903 = EDGE_CURVE('',#7904,#7896,#7906,.T.);
#7904 = VERTEX_POINT('',#7905);
#7905 = CARTESIAN_POINT('',(1.,10.,120.));
#7906 = LINE('',#7907,#7908);
#7907 = CARTESIAN_POINT('',(1.,10.,120.));
#7908 = VECTOR('',#7909,1.);
#7909 = DIRECTION('',(0.,1.,0.));
#7910 = ORIENTED_EDGE('',*,*,#7911,.F.);
#7911 = EDGE_CURVE('',#6815,#7904,#7912,.T.);
#7912 = CIRCLE('',#7913,9.);
#7913 = AXIS2_PLACEMENT_3D('',#7914,#7915,#7916);
#7914 = CARTESIAN_POINT('',(10.,10.,120.));
#7915 = DIRECTION('',(-0.,0.,-1.));
#7916 = DIRECTION('',(-1.7763568394E-16,-1.,0.));
#7917 = FACE_BOUND('',#7918,.T.);
#7918 = EDGE_LOOP('',(#7919));
#7919 = ORIENTED_EDGE('',*,*,#7920,.F.);
#7920 = EDGE_CURVE('',#7921,#7921,#7923,.T.);
#7921 = VERTEX_POINT('',#7922);
#7922 = CARTESIAN_POINT('',(11.4,8.,120.));
#7923 = CIRCLE('',#7924,3.4);
#7924 = AXIS2_PLACEMENT_3D('',#7925,#7926,#7927);
#7925 = CARTESIAN_POINT('',(8.,8.,120.));
#7926 = DIRECTION('',(0.,0.,1.));
#7927 = DIRECTION('',(1.,0.,0.));
#7928 = PLANE('',#7929);
#7929 = AXIS2_PLACEMENT_3D('',#7930,#7931,#7932);
#7930 = CARTESIAN_POINT('',(0.,0.,120.));
#7931 = DIRECTION('',(0.,0.,1.));
#7932 = DIRECTION('',(1.,0.,0.));
#7933 = ADVANCED_FACE('',(#7934),#7946,.T.);
#7934 = FACE_BOUND('',#7935,.F.);
#7935 = EDGE_LOOP('',(#7936,#7937,#7938,#7945));
#7936 = ORIENTED_EDGE('',*,*,#6822,.F.);
#7937 = ORIENTED_EDGE('',*,*,#6848,.T.);
#7938 = ORIENTED_EDGE('',*,*,#7939,.T.);
#7939 = EDGE_CURVE('',#6839,#7904,#7940,.T.);
#7940 = CIRCLE('',#7941,1.);
#7941 = AXIS2_PLACEMENT_3D('',#7942,#7943,#7944);
#7942 = CARTESIAN_POINT('',(1.,10.,119.));
#7943 = DIRECTION('',(-1.056412609424E-16,1.,0.));
#7944 = DIRECTION('',(-1.,-1.056412609424E-16,0.));
#7945 = ORIENTED_EDGE('',*,*,#7911,.F.);
#7946 = TOROIDAL_SURFACE('',#7947,9.,1.);
#7947 = AXIS2_PLACEMENT_3D('',#7948,#7949,#7950);
#7948 = CARTESIAN_POINT('',(10.,10.,119.));
#7949 = DIRECTION('',(0.,0.,1.));
#7950 = DIRECTION('',(-1.7763568394E-16,-1.,0.));
#7951 = ADVANCED_FACE('',(#7952),#7985,.F.);
#7952 = FACE_BOUND('',#7953,.F.);
#7953 = EDGE_LOOP('',(#7954,#7962,#7963,#7971,#7979));
#7954 = ORIENTED_EDGE('',*,*,#7955,.F.);
#7955 = EDGE_CURVE('',#7107,#7956,#7958,.T.);
#7956 = VERTEX_POINT('',#7957);
#7957 = CARTESIAN_POINT('',(16.,116.,119.));
#7958 = LINE('',#7959,#7960);
#7959 = CARTESIAN_POINT('',(16.,116.,66.));
#7960 = VECTOR('',#7961,1.);
#7961 = DIRECTION('',(0.,0.,1.));
#7962 = ORIENTED_EDGE('',*,*,#7114,.F.);
#7963 = ORIENTED_EDGE('',*,*,#7964,.F.);
#7964 = EDGE_CURVE('',#7965,#6954,#7967,.T.);
#7965 = VERTEX_POINT('',#7966);
#7966 = CARTESIAN_POINT('',(0.,116.,66.));
#7967 = LINE('',#7968,#7969);
#7968 = CARTESIAN_POINT('',(0.,116.,66.));
#7969 = VECTOR('',#7970,1.);
#7970 = DIRECTION('',(1.,0.,0.));
#7971 = ORIENTED_EDGE('',*,*,#7972,.T.);
#7972 = EDGE_CURVE('',#7965,#7973,#7975,.T.);
#7973 = VERTEX_POINT('',#7974);
#7974 = CARTESIAN_POINT('',(-2.22044604925E-16,116.,119.));
#7975 = LINE('',#7976,#7977);
#7976 = CARTESIAN_POINT('',(0.,116.,66.));
#7977 = VECTOR('',#7978,1.);
#7978 = DIRECTION('',(0.,0.,1.));
#7979 = ORIENTED_EDGE('',*,*,#7980,.T.);
#7980 = EDGE_CURVE('',#7973,#7956,#7981,.T.);
#7981 = LINE('',#7982,#7983);
#7982 = CARTESIAN_POINT('',(0.,116.,119.));
#7983 = VECTOR('',#7984,1.);
#7984 = DIRECTION('',(1.,0.,0.));
#7985 = PLANE('',#7986);
#7986 = AXIS2_PLACEMENT_3D('',#7987,#7988,#7989);
#7987 = CARTESIAN_POINT('',(0.,116.,66.));
#7988 = DIRECTION('',(0.,1.,0.));
#7989 = DIRECTION('',(0.,0.,1.));
#7990 = ADVANCED_FACE('',(#7991),#8017,.T.);
#7991 = FACE_BOUND('',#7992,.T.);
#7992 = EDGE_LOOP('',(#7993,#7994,#7995,#8003,#8011));
#7993 = ORIENTED_EDGE('',*,*,#7955,.F.);
#7994 = ORIENTED_EDGE('',*,*,#7106,.T.);
#7995 = ORIENTED_EDGE('',*,*,#7996,.T.);
#7996 = EDGE_CURVE('',#7099,#7997,#7999,.T.);
#7997 = VERTEX_POINT('',#7998);
#7998 = CARTESIAN_POINT('',(16.,132.,66.));
#7999 = LINE('',#8000,#8001);
#8000 = CARTESIAN_POINT('',(16.,116.,66.));
#8001 = VECTOR('',#8002,1.);
#8002 = DIRECTION('',(0.,1.,0.));
#8003 = ORIENTED_EDGE('',*,*,#8004,.T.);
#8004 = EDGE_CURVE('',#7997,#8005,#8007,.T.);
#8005 = VERTEX_POINT('',#8006);
#8006 = CARTESIAN_POINT('',(16.,132.,119.));
#8007 = LINE('',#8008,#8009);
#8008 = CARTESIAN_POINT('',(16.,132.,66.));
#8009 = VECTOR('',#8010,1.);
#8010 = DIRECTION('',(0.,0.,1.));
#8011 = ORIENTED_EDGE('',*,*,#8012,.F.);
#8012 = EDGE_CURVE('',#7956,#8005,#8013,.T.);
#8013 = LINE('',#8014,#8015);
#8014 = CARTESIAN_POINT('',(16.,116.,119.));
#8015 = VECTOR('',#8016,1.);
#8016 = DIRECTION('',(0.,1.,0.));
#8017 = PLANE('',#8018);
#8018 = AXIS2_PLACEMENT_3D('',#8019,#8020,#8021);
#8019 = CARTESIAN_POINT('',(16.,116.,66.));
#8020 = DIRECTION('',(1.,0.,0.));
#8021 = DIRECTION('',(0.,0.,1.));
#8022 = ADVANCED_FACE('',(#8023),#8051,.T.);
#8023 = FACE_BOUND('',#8024,.T.);
#8024 = EDGE_LOOP('',(#8025,#8036,#8042,#8043,#8044,#8045));
#8025 = ORIENTED_EDGE('',*,*,#8026,.T.);
#8026 = EDGE_CURVE('',#8027,#8029,#8031,.T.);
#8027 = VERTEX_POINT('',#8028);
#8028 = CARTESIAN_POINT('',(10.,132.,65.));
#8029 = VERTEX_POINT('',#8030);
#8030 = CARTESIAN_POINT('',(10.,131.,66.));
#8031 = CIRCLE('',#8032,1.);
#8032 = AXIS2_PLACEMENT_3D('',#8033,#8034,#8035);
#8033 = CARTESIAN_POINT('',(10.,131.,65.));
#8034 = DIRECTION('',(1.,6.123233995737E-17,-0.));
#8035 = DIRECTION('',(-6.123233995737E-17,1.,0.));
#8036 = ORIENTED_EDGE('',*,*,#8037,.T.);
#8037 = EDGE_CURVE('',#8029,#7099,#8038,.T.);
#8038 = LINE('',#8039,#8040);
#8039 = CARTESIAN_POINT('',(10.,131.,66.));
#8040 = VECTOR('',#8041,1.);
#8041 = DIRECTION('',(1.,0.,0.));
#8042 = ORIENTED_EDGE('',*,*,#7098,.T.);
#8043 = ORIENTED_EDGE('',*,*,#7429,.T.);
#8044 = ORIENTED_EDGE('',*,*,#7346,.F.);
#8045 = ORIENTED_EDGE('',*,*,#8046,.F.);
#8046 = EDGE_CURVE('',#8027,#7347,#8047,.T.);
#8047 = LINE('',#8048,#8049);
#8048 = CARTESIAN_POINT('',(10.,132.,65.));
#8049 = VECTOR('',#8050,1.);
#8050 = DIRECTION('',(1.,0.,0.));
#8051 = CYLINDRICAL_SURFACE('',#8052,1.);
#8052 = AXIS2_PLACEMENT_3D('',#8053,#8054,#8055);
#8053 = CARTESIAN_POINT('',(10.,131.,65.));
#8054 = DIRECTION('',(1.,0.,0.));
#8055 = DIRECTION('',(0.,1.,0.));
#8056 = ADVANCED_FACE('',(#8057),#8083,.F.);
#8057 = FACE_BOUND('',#8058,.F.);
#8058 = EDGE_LOOP('',(#8059,#8067,#8068,#8069,#8077));
#8059 = ORIENTED_EDGE('',*,*,#8060,.F.);
#8060 = EDGE_CURVE('',#7083,#8061,#8063,.T.);
#8061 = VERTEX_POINT('',#8062);
#8062 = CARTESIAN_POINT('',(126.,116.,119.));
#8063 = LINE('',#8064,#8065);
#8064 = CARTESIAN_POINT('',(126.,116.,66.));
#8065 = VECTOR('',#8066,1.);
#8066 = DIRECTION('',(0.,0.,1.));
#8067 = ORIENTED_EDGE('',*,*,#7090,.T.);
#8068 = ORIENTED_EDGE('',*,*,#7423,.T.);
#8069 = ORIENTED_EDGE('',*,*,#8070,.T.);
#8070 = EDGE_CURVE('',#7416,#8071,#8073,.T.);
#8071 = VERTEX_POINT('',#8072);
#8072 = CARTESIAN_POINT('',(126.,132.,119.));
#8073 = LINE('',#8074,#8075);
#8074 = CARTESIAN_POINT('',(126.,132.,66.));
#8075 = VECTOR('',#8076,1.);
#8076 = DIRECTION('',(0.,0.,1.));
#8077 = ORIENTED_EDGE('',*,*,#8078,.F.);
#8078 = EDGE_CURVE('',#8061,#8071,#8079,.T.);
#8079 = LINE('',#8080,#8081);
#8080 = CARTESIAN_POINT('',(126.,116.,119.));
#8081 = VECTOR('',#8082,1.);
#8082 = DIRECTION('',(0.,1.,0.));
#8083 = PLANE('',#8084);
#8084 = AXIS2_PLACEMENT_3D('',#8085,#8086,#8087);
#8085 = CARTESIAN_POINT('',(126.,116.,66.));
#8086 = DIRECTION('',(1.,0.,0.));
#8087 = DIRECTION('',(0.,0.,1.));
#8088 = ADVANCED_FACE('',(#8089),#8108,.F.);
#8089 = FACE_BOUND('',#8090,.F.);
#8090 = EDGE_LOOP('',(#8091,#8099,#8100,#8101,#8102));
#8091 = ORIENTED_EDGE('',*,*,#8092,.F.);
#8092 = EDGE_CURVE('',#7438,#8093,#8095,.T.);
#8093 = VERTEX_POINT('',#8094);
#8094 = CARTESIAN_POINT('',(142.,116.,119.));
#8095 = LINE('',#8096,#8097);
#8096 = CARTESIAN_POINT('',(142.,116.,66.));
#8097 = VECTOR('',#8098,1.);
#8098 = DIRECTION('',(0.,0.,1.));
#8099 = ORIENTED_EDGE('',*,*,#7437,.F.);
#8100 = ORIENTED_EDGE('',*,*,#7082,.F.);
#8101 = ORIENTED_EDGE('',*,*,#8060,.T.);
#8102 = ORIENTED_EDGE('',*,*,#8103,.T.);
#8103 = EDGE_CURVE('',#8061,#8093,#8104,.T.);
#8104 = LINE('',#8105,#8106);
#8105 = CARTESIAN_POINT('',(126.,116.,119.));
#8106 = VECTOR('',#8107,1.);
#8107 = DIRECTION('',(1.,0.,0.));
#8108 = PLANE('',#8109);
#8109 = AXIS2_PLACEMENT_3D('',#8110,#8111,#8112);
#8110 = CARTESIAN_POINT('',(126.,116.,66.));
#8111 = DIRECTION('',(0.,1.,0.));
#8112 = DIRECTION('',(0.,0.,1.));
#8113 = ADVANCED_FACE('',(#8114),#8147,.F.);
#8114 = FACE_BOUND('',#8115,.F.);
#8115 = EDGE_LOOP('',(#8116,#8124,#8132,#8138,#8139,#8145,#8146));
#8116 = ORIENTED_EDGE('',*,*,#8117,.F.);
#8117 = EDGE_CURVE('',#8118,#7242,#8120,.T.);
#8118 = VERTEX_POINT('',#8119);
#8119 = CARTESIAN_POINT('',(126.,17.,60.));
#8120 = LINE('',#8121,#8122);
#8121 = CARTESIAN_POINT('',(126.,17.,59.));
#8122 = VECTOR('',#8123,1.);
#8123 = DIRECTION('',(0.,0.,1.));
#8124 = ORIENTED_EDGE('',*,*,#8125,.T.);
#8125 = EDGE_CURVE('',#8118,#8126,#8128,.T.);
#8126 = VERTEX_POINT('',#8127);
#8127 = CARTESIAN_POINT('',(126.,115.,60.));
#8128 = LINE('',#8129,#8130);
#8129 = CARTESIAN_POINT('',(126.,8.5,60.));
#8130 = VECTOR('',#8131,1.);
#8131 = DIRECTION('',(0.,1.,0.));
#8132 = ORIENTED_EDGE('',*,*,#8133,.T.);
#8133 = EDGE_CURVE('',#8126,#7026,#8134,.T.);
#8134 = LINE('',#8135,#8136);
#8135 = CARTESIAN_POINT('',(126.,115.,59.));
#8136 = VECTOR('',#8137,1.);
#8137 = DIRECTION('',(0.,0.,1.));
#8138 = ORIENTED_EDGE('',*,*,#7033,.F.);
#8139 = ORIENTED_EDGE('',*,*,#8140,.F.);
#8140 = EDGE_CURVE('',#7058,#7034,#8141,.T.);
#8141 = LINE('',#8142,#8143);
#8142 = CARTESIAN_POINT('',(126.,8.5,66.));
#8143 = VECTOR('',#8144,1.);
#8144 = DIRECTION('',(0.,1.,0.));
#8145 = ORIENTED_EDGE('',*,*,#7065,.F.);
#8146 = ORIENTED_EDGE('',*,*,#7249,.F.);
#8147 = PLANE('',#8148);
#8148 = AXIS2_PLACEMENT_3D('',#8149,#8150,#8151);
#8149 = CARTESIAN_POINT('',(126.,17.,59.));
#8150 = DIRECTION('',(1.,0.,0.));
#8151 = DIRECTION('',(0.,0.,1.));
#8152 = ADVANCED_FACE('',(#8153),#8186,.F.);
#8153 = FACE_BOUND('',#8154,.F.);
#8154 = EDGE_LOOP('',(#8155,#8163,#8171,#8179,#8185));
#8155 = ORIENTED_EDGE('',*,*,#8156,.F.);
#8156 = EDGE_CURVE('',#8157,#7058,#8159,.T.);
#8157 = VERTEX_POINT('',#8158);
#8158 = CARTESIAN_POINT('',(125.,93.,66.));
#8159 = LINE('',#8160,#8161);
#8160 = CARTESIAN_POINT('',(125.,93.,66.));
#8161 = VECTOR('',#8162,1.);
#8162 = DIRECTION('',(1.,0.,0.));
#8163 = ORIENTED_EDGE('',*,*,#8164,.T.);
#8164 = EDGE_CURVE('',#8157,#8165,#8167,.T.);
#8165 = VERTEX_POINT('',#8166);
#8166 = CARTESIAN_POINT('',(125.,93.,68.));
#8167 = LINE('',#8168,#8169);
#8168 = CARTESIAN_POINT('',(125.,93.,66.));
#8169 = VECTOR('',#8170,1.);
#8170 = DIRECTION('',(0.,0.,1.));
#8171 = ORIENTED_EDGE('',*,*,#8172,.T.);
#8172 = EDGE_CURVE('',#8165,#8173,#8175,.T.);
#8173 = VERTEX_POINT('',#8174);
#8174 = CARTESIAN_POINT('',(131.,93.,68.));
#8175 = LINE('',#8176,#8177);
#8176 = CARTESIAN_POINT('',(125.,93.,68.));
#8177 = VECTOR('',#8178,1.);
#8178 = DIRECTION('',(1.,0.,0.));
#8179 = ORIENTED_EDGE('',*,*,#8180,.F.);
#8180 = EDGE_CURVE('',#7050,#8173,#8181,.T.);
#8181 = LINE('',#8182,#8183);
#8182 = CARTESIAN_POINT('',(131.,93.,66.));
#8183 = VECTOR('',#8184,1.);
#8184 = DIRECTION('',(0.,0.,1.));
#8185 = ORIENTED_EDGE('',*,*,#7057,.F.);
#8186 = PLANE('',#8187);
#8187 = AXIS2_PLACEMENT_3D('',#8188,#8189,#8190);
#8188 = CARTESIAN_POINT('',(125.,93.,66.));
#8189 = DIRECTION('',(0.,1.,0.));
#8190 = DIRECTION('',(0.,0.,1.));
#8191 = ADVANCED_FACE('',(#8192),#8210,.T.);
#8192 = FACE_BOUND('',#8193,.T.);
#8193 = EDGE_LOOP('',(#8194,#8195,#8196,#8204));
#8194 = ORIENTED_EDGE('',*,*,#8180,.F.);
#8195 = ORIENTED_EDGE('',*,*,#7049,.T.);
#8196 = ORIENTED_EDGE('',*,*,#8197,.T.);
#8197 = EDGE_CURVE('',#7042,#8198,#8200,.T.);
#8198 = VERTEX_POINT('',#8199);
#8199 = CARTESIAN_POINT('',(131.,99.,68.));
#8200 = LINE('',#8201,#8202);
#8201 = CARTESIAN_POINT('',(131.,99.,66.));
#8202 = VECTOR('',#8203,1.);
#8203 = DIRECTION('',(0.,0.,1.));
#8204 = ORIENTED_EDGE('',*,*,#8205,.F.);
#8205 = EDGE_CURVE('',#8173,#8198,#8206,.T.);
#8206 = LINE('',#8207,#8208);
#8207 = CARTESIAN_POINT('',(131.,93.,68.));
#8208 = VECTOR('',#8209,1.);
#8209 = DIRECTION('',(0.,1.,0.));
#8210 = PLANE('',#8211);
#8211 = AXIS2_PLACEMENT_3D('',#8212,#8213,#8214);
#8212 = CARTESIAN_POINT('',(131.,93.,66.));
#8213 = DIRECTION('',(1.,0.,0.));
#8214 = DIRECTION('',(0.,0.,1.));
#8215 = ADVANCED_FACE('',(#8216),#8242,.T.);
#8216 = FACE_BOUND('',#8217,.T.);
#8217 = EDGE_LOOP('',(#8218,#8226,#8234,#8240,#8241));
#8218 = ORIENTED_EDGE('',*,*,#8219,.F.);
#8219 = EDGE_CURVE('',#8220,#7034,#8222,.T.);
#8220 = VERTEX_POINT('',#8221);
#8221 = CARTESIAN_POINT('',(125.,99.,66.));
#8222 = LINE('',#8223,#8224);
#8223 = CARTESIAN_POINT('',(125.,99.,66.));
#8224 = VECTOR('',#8225,1.);
#8225 = DIRECTION('',(1.,0.,0.));
#8226 = ORIENTED_EDGE('',*,*,#8227,.T.);
#8227 = EDGE_CURVE('',#8220,#8228,#8230,.T.);
#8228 = VERTEX_POINT('',#8229);
#8229 = CARTESIAN_POINT('',(125.,99.,68.));
#8230 = LINE('',#8231,#8232);
#8231 = CARTESIAN_POINT('',(125.,99.,66.));
#8232 = VECTOR('',#8233,1.);
#8233 = DIRECTION('',(0.,0.,1.));
#8234 = ORIENTED_EDGE('',*,*,#8235,.T.);
#8235 = EDGE_CURVE('',#8228,#8198,#8236,.T.);
#8236 = LINE('',#8237,#8238);
#8237 = CARTESIAN_POINT('',(125.,99.,68.));
#8238 = VECTOR('',#8239,1.);
#8239 = DIRECTION('',(1.,0.,0.));
#8240 = ORIENTED_EDGE('',*,*,#8197,.F.);
#8241 = ORIENTED_EDGE('',*,*,#7041,.F.);
#8242 = PLANE('',#8243);
#8243 = AXIS2_PLACEMENT_3D('',#8244,#8245,#8246);
#8244 = CARTESIAN_POINT('',(125.,99.,66.));
#8245 = DIRECTION('',(0.,1.,0.));
#8246 = DIRECTION('',(0.,0.,1.));
#8247 = ADVANCED_FACE('',(#8248),#8266,.F.);
#8248 = FACE_BOUND('',#8249,.F.);
#8249 = EDGE_LOOP('',(#8250,#8251,#8259,#8265));
#8250 = ORIENTED_EDGE('',*,*,#8133,.F.);
#8251 = ORIENTED_EDGE('',*,*,#8252,.T.);
#8252 = EDGE_CURVE('',#8126,#8253,#8255,.T.);
#8253 = VERTEX_POINT('',#8254);
#8254 = CARTESIAN_POINT('',(16.,115.,60.));
#8255 = LINE('',#8256,#8257);
#8256 = CARTESIAN_POINT('',(8.,115.,60.));
#8257 = VECTOR('',#8258,1.);
#8258 = DIRECTION('',(-1.,0.,0.));
#8259 = ORIENTED_EDGE('',*,*,#8260,.T.);
#8260 = EDGE_CURVE('',#8253,#7018,#8261,.T.);
#8261 = LINE('',#8262,#8263);
#8262 = CARTESIAN_POINT('',(16.,115.,59.));
#8263 = VECTOR('',#8264,1.);
#8264 = DIRECTION('',(0.,0.,1.));
#8265 = ORIENTED_EDGE('',*,*,#7025,.F.);
#8266 = PLANE('',#8267);
#8267 = AXIS2_PLACEMENT_3D('',#8268,#8269,#8270);
#8268 = CARTESIAN_POINT('',(16.,115.,59.));
#8269 = DIRECTION('',(0.,1.,0.));
#8270 = DIRECTION('',(0.,0.,1.));
#8271 = ADVANCED_FACE('',(#8272),#8298,.T.);
#8272 = FACE_BOUND('',#8273,.T.);
#8273 = EDGE_LOOP('',(#8274,#8282,#8288,#8289,#8290,#8296,#8297));
#8274 = ORIENTED_EDGE('',*,*,#8275,.F.);
#8275 = EDGE_CURVE('',#8276,#7637,#8278,.T.);
#8276 = VERTEX_POINT('',#8277);
#8277 = CARTESIAN_POINT('',(16.,17.,60.));
#8278 = LINE('',#8279,#8280);
#8279 = CARTESIAN_POINT('',(16.,17.,59.));
#8280 = VECTOR('',#8281,1.);
#8281 = DIRECTION('',(0.,0.,1.));
#8282 = ORIENTED_EDGE('',*,*,#8283,.T.);
#8283 = EDGE_CURVE('',#8276,#8253,#8284,.T.);
#8284 = LINE('',#8285,#8286);
#8285 = CARTESIAN_POINT('',(16.,8.5,60.));
#8286 = VECTOR('',#8287,1.);
#8287 = DIRECTION('',(0.,1.,0.));
#8288 = ORIENTED_EDGE('',*,*,#8260,.T.);
#8289 = ORIENTED_EDGE('',*,*,#7017,.F.);
#8290 = ORIENTED_EDGE('',*,*,#8291,.F.);
#8291 = EDGE_CURVE('',#6986,#7010,#8292,.T.);
#8292 = LINE('',#8293,#8294);
#8293 = CARTESIAN_POINT('',(16.,8.5,66.));
#8294 = VECTOR('',#8295,1.);
#8295 = DIRECTION('',(0.,1.,0.));
#8296 = ORIENTED_EDGE('',*,*,#6985,.F.);
#8297 = ORIENTED_EDGE('',*,*,#7636,.F.);
#8298 = PLANE('',#8299);
#8299 = AXIS2_PLACEMENT_3D('',#8300,#8301,#8302);
#8300 = CARTESIAN_POINT('',(16.,17.,59.));
#8301 = DIRECTION('',(1.,0.,0.));
#8302 = DIRECTION('',(0.,0.,1.));
#8303 = ADVANCED_FACE('',(#8304),#8337,.T.);
#8304 = FACE_BOUND('',#8305,.T.);
#8305 = EDGE_LOOP('',(#8306,#8307,#8315,#8323,#8331));
#8306 = ORIENTED_EDGE('',*,*,#7009,.F.);
#8307 = ORIENTED_EDGE('',*,*,#8308,.T.);
#8308 = EDGE_CURVE('',#7002,#8309,#8311,.T.);
#8309 = VERTEX_POINT('',#8310);
#8310 = CARTESIAN_POINT('',(11.,99.,68.));
#8311 = LINE('',#8312,#8313);
#8312 = CARTESIAN_POINT('',(11.,99.,66.));
#8313 = VECTOR('',#8314,1.);
#8314 = DIRECTION('',(0.,0.,1.));
#8315 = ORIENTED_EDGE('',*,*,#8316,.T.);
#8316 = EDGE_CURVE('',#8309,#8317,#8319,.T.);
#8317 = VERTEX_POINT('',#8318);
#8318 = CARTESIAN_POINT('',(17.,99.,68.));
#8319 = LINE('',#8320,#8321);
#8320 = CARTESIAN_POINT('',(11.,99.,68.));
#8321 = VECTOR('',#8322,1.);
#8322 = DIRECTION('',(1.,0.,0.));
#8323 = ORIENTED_EDGE('',*,*,#8324,.F.);
#8324 = EDGE_CURVE('',#8325,#8317,#8327,.T.);
#8325 = VERTEX_POINT('',#8326);
#8326 = CARTESIAN_POINT('',(17.,99.,66.));
#8327 = LINE('',#8328,#8329);
#8328 = CARTESIAN_POINT('',(17.,99.,66.));
#8329 = VECTOR('',#8330,1.);
#8330 = DIRECTION('',(0.,0.,1.));
#8331 = ORIENTED_EDGE('',*,*,#8332,.F.);
#8332 = EDGE_CURVE('',#7010,#8325,#8333,.T.);
#8333 = LINE('',#8334,#8335);
#8334 = CARTESIAN_POINT('',(11.,99.,66.));
#8335 = VECTOR('',#8336,1.);
#8336 = DIRECTION('',(1.,0.,0.));
#8337 = PLANE('',#8338);
#8338 = AXIS2_PLACEMENT_3D('',#8339,#8340,#8341);
#8339 = CARTESIAN_POINT('',(11.,99.,66.));
#8340 = DIRECTION('',(0.,1.,0.));
#8341 = DIRECTION('',(0.,0.,1.));
#8342 = ADVANCED_FACE('',(#8343),#8361,.F.);
#8343 = FACE_BOUND('',#8344,.F.);
#8344 = EDGE_LOOP('',(#8345,#8353,#8354,#8355));
#8345 = ORIENTED_EDGE('',*,*,#8346,.F.);
#8346 = EDGE_CURVE('',#6994,#8347,#8349,.T.);
#8347 = VERTEX_POINT('',#8348);
#8348 = CARTESIAN_POINT('',(11.,93.,68.));
#8349 = LINE('',#8350,#8351);
#8350 = CARTESIAN_POINT('',(11.,93.,66.));
#8351 = VECTOR('',#8352,1.);
#8352 = DIRECTION('',(0.,0.,1.));
#8353 = ORIENTED_EDGE('',*,*,#7001,.T.);
#8354 = ORIENTED_EDGE('',*,*,#8308,.T.);
#8355 = ORIENTED_EDGE('',*,*,#8356,.F.);
#8356 = EDGE_CURVE('',#8347,#8309,#8357,.T.);
#8357 = LINE('',#8358,#8359);
#8358 = CARTESIAN_POINT('',(11.,93.,68.));
#8359 = VECTOR('',#8360,1.);
#8360 = DIRECTION('',(0.,1.,0.));
#8361 = PLANE('',#8362);
#8362 = AXIS2_PLACEMENT_3D('',#8363,#8364,#8365);
#8363 = CARTESIAN_POINT('',(11.,93.,66.));
#8364 = DIRECTION('',(1.,0.,0.));
#8365 = DIRECTION('',(0.,0.,1.));
#8366 = ADVANCED_FACE('',(#8367),#8393,.F.);
#8367 = FACE_BOUND('',#8368,.F.);
#8368 = EDGE_LOOP('',(#8369,#8370,#8371,#8379,#8387));
#8369 = ORIENTED_EDGE('',*,*,#6993,.F.);
#8370 = ORIENTED_EDGE('',*,*,#8346,.T.);
#8371 = ORIENTED_EDGE('',*,*,#8372,.T.);
#8372 = EDGE_CURVE('',#8347,#8373,#8375,.T.);
#8373 = VERTEX_POINT('',#8374);
#8374 = CARTESIAN_POINT('',(17.,93.,68.));
#8375 = LINE('',#8376,#8377);
#8376 = CARTESIAN_POINT('',(11.,93.,68.));
#8377 = VECTOR('',#8378,1.);
#8378 = DIRECTION('',(1.,0.,0.));
#8379 = ORIENTED_EDGE('',*,*,#8380,.F.);
#8380 = EDGE_CURVE('',#8381,#8373,#8383,.T.);
#8381 = VERTEX_POINT('',#8382);
#8382 = CARTESIAN_POINT('',(17.,93.,66.));
#8383 = LINE('',#8384,#8385);
#8384 = CARTESIAN_POINT('',(17.,93.,66.));
#8385 = VECTOR('',#8386,1.);
#8386 = DIRECTION('',(0.,0.,1.));
#8387 = ORIENTED_EDGE('',*,*,#8388,.F.);
#8388 = EDGE_CURVE('',#6986,#8381,#8389,.T.);
#8389 = LINE('',#8390,#8391);
#8390 = CARTESIAN_POINT('',(11.,93.,66.));
#8391 = VECTOR('',#8392,1.);
#8392 = DIRECTION('',(1.,0.,0.));
#8393 = PLANE('',#8394);
#8394 = AXIS2_PLACEMENT_3D('',#8395,#8396,#8397);
#8395 = CARTESIAN_POINT('',(11.,93.,66.));
#8396 = DIRECTION('',(0.,1.,0.));
#8397 = DIRECTION('',(0.,0.,1.));
#8398 = ADVANCED_FACE('',(#8399),#8410,.F.);
#8399 = FACE_BOUND('',#8400,.F.);
#8400 = EDGE_LOOP('',(#8401,#8407,#8408,#8409));
#8401 = ORIENTED_EDGE('',*,*,#8402,.F.);
#8402 = EDGE_CURVE('',#7484,#7582,#8403,.T.);
#8403 = LINE('',#8404,#8405);
#8404 = CARTESIAN_POINT('',(12.,0.,68.));
#8405 = VECTOR('',#8406,1.);
#8406 = DIRECTION('',(0.,1.,0.));
#8407 = ORIENTED_EDGE('',*,*,#7483,.T.);
#8408 = ORIENTED_EDGE('',*,*,#6969,.T.);
#8409 = ORIENTED_EDGE('',*,*,#7581,.T.);
#8410 = PLANE('',#8411);
#8411 = AXIS2_PLACEMENT_3D('',#8412,#8413,#8414);
#8412 = CARTESIAN_POINT('',(12.,0.,66.));
#8413 = DIRECTION('',(1.,0.,0.));
#8414 = DIRECTION('',(0.,0.,1.));
#8415 = ADVANCED_FACE('',(#8416),#8435,.T.);
#8416 = FACE_BOUND('',#8417,.T.);
#8417 = EDGE_LOOP('',(#8418,#8426,#8427,#8428));
#8418 = ORIENTED_EDGE('',*,*,#8419,.F.);
#8419 = EDGE_CURVE('',#7141,#8420,#8422,.T.);
#8420 = VERTEX_POINT('',#8421);
#8421 = CARTESIAN_POINT('',(136.8,8.,125.5));
#8422 = LINE('',#8423,#8424);
#8423 = CARTESIAN_POINT('',(137.4,8.,124.9));
#8424 = VECTOR('',#8425,1.);
#8425 = DIRECTION('',(-0.707106781187,0.,0.707106781187));
#8426 = ORIENTED_EDGE('',*,*,#7148,.T.);
#8427 = ORIENTED_EDGE('',*,*,#8419,.T.);
#8428 = ORIENTED_EDGE('',*,*,#8429,.F.);
#8429 = EDGE_CURVE('',#8420,#8420,#8430,.T.);
#8430 = CIRCLE('',#8431,2.8);
#8431 = AXIS2_PLACEMENT_3D('',#8432,#8433,#8434);
#8432 = CARTESIAN_POINT('',(134.,8.,125.5));
#8433 = DIRECTION('',(0.,0.,1.));
#8434 = DIRECTION('',(1.,0.,0.));
#8435 = CONICAL_SURFACE('',#8436,3.4,0.785398163397);
#8436 = AXIS2_PLACEMENT_3D('',#8437,#8438,#8439);
#8437 = CARTESIAN_POINT('',(134.,8.,124.9));
#8438 = DIRECTION('',(-0.,-0.,-1.));
#8439 = DIRECTION('',(1.,0.,0.));
#8440 = ADVANCED_FACE('',(#8441),#8454,.T.);
#8441 = FACE_BOUND('',#8442,.T.);
#8442 = EDGE_LOOP('',(#8443,#8444,#8450,#8451,#8452,#8453));
#8443 = ORIENTED_EDGE('',*,*,#8117,.F.);
#8444 = ORIENTED_EDGE('',*,*,#8445,.T.);
#8445 = EDGE_CURVE('',#8118,#8276,#8446,.T.);
#8446 = LINE('',#8447,#8448);
#8447 = CARTESIAN_POINT('',(8.,17.,60.));
#8448 = VECTOR('',#8449,1.);
#8449 = DIRECTION('',(-1.,0.,0.));
#8450 = ORIENTED_EDGE('',*,*,#8275,.T.);
#8451 = ORIENTED_EDGE('',*,*,#7644,.F.);
#8452 = ORIENTED_EDGE('',*,*,#7226,.F.);
#8453 = ORIENTED_EDGE('',*,*,#7241,.F.);
#8454 = PLANE('',#8455);
#8455 = AXIS2_PLACEMENT_3D('',#8456,#8457,#8458);
#8456 = CARTESIAN_POINT('',(16.,17.,59.));
#8457 = DIRECTION('',(0.,1.,0.));
#8458 = DIRECTION('',(0.,0.,1.));
#8459 = ADVANCED_FACE('',(#8460),#8479,.T.);
#8460 = FACE_BOUND('',#8461,.T.);
#8461 = EDGE_LOOP('',(#8462,#8470,#8477,#8478));
#8462 = ORIENTED_EDGE('',*,*,#8463,.F.);
#8463 = EDGE_CURVE('',#8464,#7297,#8466,.T.);
#8464 = VERTEX_POINT('',#8465);
#8465 = CARTESIAN_POINT('',(-2.22044604925E-16,10.,61.));
#8466 = LINE('',#8467,#8468);
#8467 = CARTESIAN_POINT('',(-1.7763568394E-15,10.,60.));
#8468 = VECTOR('',#8469,1.);
#8469 = DIRECTION('',(0.,0.,1.));
#8470 = ORIENTED_EDGE('',*,*,#8471,.F.);
#8471 = EDGE_CURVE('',#7265,#8464,#8472,.T.);
#8472 = CIRCLE('',#8473,10.);
#8473 = AXIS2_PLACEMENT_3D('',#8474,#8475,#8476);
#8474 = CARTESIAN_POINT('',(10.,10.,61.));
#8475 = DIRECTION('',(-0.,0.,-1.));
#8476 = DIRECTION('',(-1.7763568394E-16,-1.,0.));
#8477 = ORIENTED_EDGE('',*,*,#7264,.T.);
#8478 = ORIENTED_EDGE('',*,*,#7296,.T.);
#8479 = CYLINDRICAL_SURFACE('',#8480,10.);
#8480 = AXIS2_PLACEMENT_3D('',#8481,#8482,#8483);
#8481 = CARTESIAN_POINT('',(10.,10.,60.));
#8482 = DIRECTION('',(0.,0.,1.));
#8483 = DIRECTION('',(-1.,0.,0.));
#8484 = ADVANCED_FACE('',(#8485),#8512,.T.);
#8485 = FACE_BOUND('',#8486,.F.);
#8486 = EDGE_LOOP('',(#8487,#8496,#8504,#8511));
#8487 = ORIENTED_EDGE('',*,*,#8488,.T.);
#8488 = EDGE_CURVE('',#7274,#8489,#8491,.T.);
#8489 = VERTEX_POINT('',#8490);
#8490 = CARTESIAN_POINT('',(132.,1.,60.));
#8491 = CIRCLE('',#8492,1.);
#8492 = AXIS2_PLACEMENT_3D('',#8493,#8494,#8495);
#8493 = CARTESIAN_POINT('',(132.,1.,61.));
#8494 = DIRECTION('',(1.,6.123233995737E-17,0.));
#8495 = DIRECTION('',(6.123233995737E-17,-1.,0.));
#8496 = ORIENTED_EDGE('',*,*,#8497,.T.);
#8497 = EDGE_CURVE('',#8489,#8498,#8500,.T.);
#8498 = VERTEX_POINT('',#8499);
#8499 = CARTESIAN_POINT('',(10.,1.,60.));
#8500 = LINE('',#8501,#8502);
#8501 = CARTESIAN_POINT('',(132.,1.,60.));
#8502 = VECTOR('',#8503,1.);
#8503 = DIRECTION('',(-1.,-0.,-0.));
#8504 = ORIENTED_EDGE('',*,*,#8505,.F.);
#8505 = EDGE_CURVE('',#7265,#8498,#8506,.T.);
#8506 = CIRCLE('',#8507,1.);
#8507 = AXIS2_PLACEMENT_3D('',#8508,#8509,#8510);
#8508 = CARTESIAN_POINT('',(10.,1.,61.));
#8509 = DIRECTION('',(1.,0.,0.));
#8510 = DIRECTION('',(0.,-1.,0.));
#8511 = ORIENTED_EDGE('',*,*,#7281,.F.);
#8512 = CYLINDRICAL_SURFACE('',#8513,1.);
#8513 = AXIS2_PLACEMENT_3D('',#8514,#8515,#8516);
#8514 = CARTESIAN_POINT('',(132.,1.,61.));
#8515 = DIRECTION('',(-1.,-0.,-0.));
#8516 = DIRECTION('',(0.,-1.,0.));
#8517 = ADVANCED_FACE('',(#8518),#8538,.T.);
#8518 = FACE_BOUND('',#8519,.T.);
#8519 = EDGE_LOOP('',(#8520,#8529,#8530,#8531));
#8520 = ORIENTED_EDGE('',*,*,#8521,.F.);
#8521 = EDGE_CURVE('',#7322,#8522,#8524,.T.);
#8522 = VERTEX_POINT('',#8523);
#8523 = CARTESIAN_POINT('',(141.,10.,60.));
#8524 = CIRCLE('',#8525,1.);
#8525 = AXIS2_PLACEMENT_3D('',#8526,#8527,#8528);
#8526 = CARTESIAN_POINT('',(141.,10.,61.));
#8527 = DIRECTION('',(-0.,1.,0.));
#8528 = DIRECTION('',(1.,0.,0.));
#8529 = ORIENTED_EDGE('',*,*,#7329,.T.);
#8530 = ORIENTED_EDGE('',*,*,#8488,.T.);
#8531 = ORIENTED_EDGE('',*,*,#8532,.F.);
#8532 = EDGE_CURVE('',#8522,#8489,#8533,.T.);
#8533 = CIRCLE('',#8534,9.);
#8534 = AXIS2_PLACEMENT_3D('',#8535,#8536,#8537);
#8535 = CARTESIAN_POINT('',(132.,10.,60.));
#8536 = DIRECTION('',(0.,0.,-1.));
#8537 = DIRECTION('',(1.,0.,0.));
#8538 = TOROIDAL_SURFACE('',#8539,9.,1.);
#8539 = AXIS2_PLACEMENT_3D('',#8540,#8541,#8542);
#8540 = CARTESIAN_POINT('',(132.,10.,61.));
#8541 = DIRECTION('',(-0.,-0.,-1.));
#8542 = DIRECTION('',(1.,0.,0.));
#8543 = ADVANCED_FACE('',(#8544),#8563,.T.);
#8544 = FACE_BOUND('',#8545,.T.);
#8545 = EDGE_LOOP('',(#8546,#8547,#8556,#8562));
#8546 = ORIENTED_EDGE('',*,*,#7389,.F.);
#8547 = ORIENTED_EDGE('',*,*,#8548,.F.);
#8548 = EDGE_CURVE('',#8549,#7382,#8551,.T.);
#8549 = VERTEX_POINT('',#8550);
#8550 = CARTESIAN_POINT('',(132.,132.,61.));
#8551 = CIRCLE('',#8552,10.);
#8552 = AXIS2_PLACEMENT_3D('',#8553,#8554,#8555);
#8553 = CARTESIAN_POINT('',(132.,122.,61.));
#8554 = DIRECTION('',(0.,0.,-1.));
#8555 = DIRECTION('',(0.,1.,0.));
#8556 = ORIENTED_EDGE('',*,*,#8557,.T.);
#8557 = EDGE_CURVE('',#8549,#7347,#8558,.T.);
#8558 = LINE('',#8559,#8560);
#8559 = CARTESIAN_POINT('',(132.,132.,60.));
#8560 = VECTOR('',#8561,1.);
#8561 = DIRECTION('',(0.,0.,1.));
#8562 = ORIENTED_EDGE('',*,*,#7357,.T.);
#8563 = CYLINDRICAL_SURFACE('',#8564,10.);
#8564 = AXIS2_PLACEMENT_3D('',#8565,#8566,#8567);
#8565 = CARTESIAN_POINT('',(132.,122.,60.));
#8566 = DIRECTION('',(0.,0.,1.));
#8567 = DIRECTION('',(1.,0.,0.));
#8568 = ADVANCED_FACE('',(#8569),#8588,.T.);
#8569 = FACE_BOUND('',#8570,.F.);
#8570 = EDGE_LOOP('',(#8571,#8580,#8586,#8587));
#8571 = ORIENTED_EDGE('',*,*,#8572,.T.);
#8572 = EDGE_CURVE('',#7382,#8573,#8575,.T.);
#8573 = VERTEX_POINT('',#8574);
#8574 = CARTESIAN_POINT('',(141.,122.,60.));
#8575 = CIRCLE('',#8576,1.);
#8576 = AXIS2_PLACEMENT_3D('',#8577,#8578,#8579);
#8577 = CARTESIAN_POINT('',(141.,122.,61.));
#8578 = DIRECTION('',(-6.123233995737E-17,1.,0.));
#8579 = DIRECTION('',(1.,6.123233995737E-17,0.));
#8580 = ORIENTED_EDGE('',*,*,#8581,.T.);
#8581 = EDGE_CURVE('',#8573,#8522,#8582,.T.);
#8582 = LINE('',#8583,#8584);
#8583 = CARTESIAN_POINT('',(141.,122.,60.));
#8584 = VECTOR('',#8585,1.);
#8585 = DIRECTION('',(-0.,-1.,-0.));
#8586 = ORIENTED_EDGE('',*,*,#8521,.F.);
#8587 = ORIENTED_EDGE('',*,*,#7381,.F.);
#8588 = CYLINDRICAL_SURFACE('',#8589,1.);
#8589 = AXIS2_PLACEMENT_3D('',#8590,#8591,#8592);
#8590 = CARTESIAN_POINT('',(141.,122.,61.));
#8591 = DIRECTION('',(-0.,-1.,-0.));
#8592 = DIRECTION('',(1.,0.,0.));
#8593 = ADVANCED_FACE('',(#8594),#8620,.T.);
#8594 = FACE_BOUND('',#8595,.T.);
#8595 = EDGE_LOOP('',(#8596,#8604,#8605,#8613));
#8596 = ORIENTED_EDGE('',*,*,#8597,.F.);
#8597 = EDGE_CURVE('',#7405,#8598,#8600,.T.);
#8598 = VERTEX_POINT('',#8599);
#8599 = CARTESIAN_POINT('',(142.,122.,119.));
#8600 = LINE('',#8601,#8602);
#8601 = CARTESIAN_POINT('',(142.,122.,66.));
#8602 = VECTOR('',#8603,1.);
#8603 = DIRECTION('',(0.,0.,1.));
#8604 = ORIENTED_EDGE('',*,*,#7404,.T.);
#8605 = ORIENTED_EDGE('',*,*,#8606,.T.);
#8606 = EDGE_CURVE('',#7407,#8607,#8609,.T.);
#8607 = VERTEX_POINT('',#8608);
#8608 = CARTESIAN_POINT('',(132.,132.,119.));
#8609 = LINE('',#8610,#8611);
#8610 = CARTESIAN_POINT('',(132.,132.,66.));
#8611 = VECTOR('',#8612,1.);
#8612 = DIRECTION('',(0.,0.,1.));
#8613 = ORIENTED_EDGE('',*,*,#8614,.F.);
#8614 = EDGE_CURVE('',#8598,#8607,#8615,.T.);
#8615 = CIRCLE('',#8616,10.);
#8616 = AXIS2_PLACEMENT_3D('',#8617,#8618,#8619);
#8617 = CARTESIAN_POINT('',(132.,122.,119.));
#8618 = DIRECTION('',(0.,0.,1.));
#8619 = DIRECTION('',(1.,0.,0.));
#8620 = CYLINDRICAL_SURFACE('',#8621,10.);
#8621 = AXIS2_PLACEMENT_3D('',#8622,#8623,#8624);
#8622 = CARTESIAN_POINT('',(132.,122.,66.));
#8623 = DIRECTION('',(0.,0.,1.));
#8624 = DIRECTION('',(1.,0.,0.));
#8625 = ADVANCED_FACE('',(#8626),#8637,.T.);
#8626 = FACE_BOUND('',#8627,.T.);
#8627 = EDGE_LOOP('',(#8628,#8629,#8635,#8636));
#8628 = ORIENTED_EDGE('',*,*,#8597,.T.);
#8629 = ORIENTED_EDGE('',*,*,#8630,.F.);
#8630 = EDGE_CURVE('',#8093,#8598,#8631,.T.);
#8631 = LINE('',#8632,#8633);
#8632 = CARTESIAN_POINT('',(142.,116.,119.));
#8633 = VECTOR('',#8634,1.);
#8634 = DIRECTION('',(0.,1.,0.));
#8635 = ORIENTED_EDGE('',*,*,#8092,.F.);
#8636 = ORIENTED_EDGE('',*,*,#7445,.T.);
#8637 = PLANE('',#8638);
#8638 = AXIS2_PLACEMENT_3D('',#8639,#8640,#8641);
#8639 = CARTESIAN_POINT('',(142.,116.,66.));
#8640 = DIRECTION('',(1.,0.,0.));
#8641 = DIRECTION('',(0.,0.,1.));
#8642 = ADVANCED_FACE('',(#8643),#8654,.T.);
#8643 = FACE_BOUND('',#8644,.T.);
#8644 = EDGE_LOOP('',(#8645,#8646,#8647,#8648));
#8645 = ORIENTED_EDGE('',*,*,#8606,.F.);
#8646 = ORIENTED_EDGE('',*,*,#7415,.F.);
#8647 = ORIENTED_EDGE('',*,*,#8070,.T.);
#8648 = ORIENTED_EDGE('',*,*,#8649,.F.);
#8649 = EDGE_CURVE('',#8607,#8071,#8650,.T.);
#8650 = LINE('',#8651,#8652);
#8651 = CARTESIAN_POINT('',(132.,132.,119.));
#8652 = VECTOR('',#8653,1.);
#8653 = DIRECTION('',(-1.,-0.,-0.));
#8654 = PLANE('',#8655);
#8655 = AXIS2_PLACEMENT_3D('',#8656,#8657,#8658);
#8656 = CARTESIAN_POINT('',(126.,132.,66.));
#8657 = DIRECTION('',(0.,1.,0.));
#8658 = DIRECTION('',(0.,0.,1.));
#8659 = ADVANCED_FACE('',(#8660),#8672,.T.);
#8660 = FACE_BOUND('',#8661,.T.);
#8661 = EDGE_LOOP('',(#8662,#8663,#8664,#8671));
#8662 = ORIENTED_EDGE('',*,*,#7939,.T.);
#8663 = ORIENTED_EDGE('',*,*,#7903,.T.);
#8664 = ORIENTED_EDGE('',*,*,#8665,.F.);
#8665 = EDGE_CURVE('',#7462,#7896,#8666,.T.);
#8666 = ELLIPSE('',#8667,1.414213562373,1.);
#8667 = AXIS2_PLACEMENT_3D('',#8668,#8669,#8670);
#8668 = CARTESIAN_POINT('',(1.,15.,119.));
#8669 = DIRECTION('',(0.707106781187,0.707106781187,-0.));
#8670 = DIRECTION('',(-0.707106781187,0.707106781187,0.));
#8671 = ORIENTED_EDGE('',*,*,#7469,.F.);
#8672 = CYLINDRICAL_SURFACE('',#8673,1.);
#8673 = AXIS2_PLACEMENT_3D('',#8674,#8675,#8676);
#8674 = CARTESIAN_POINT('',(1.,10.,119.));
#8675 = DIRECTION('',(0.,1.,0.));
#8676 = DIRECTION('',(-1.,0.,0.));
#8677 = ADVANCED_FACE('',(#8678),#8684,.T.);
#8678 = FACE_BOUND('',#8679,.T.);
#8679 = EDGE_LOOP('',(#8680,#8681,#8682,#8683));
#8680 = ORIENTED_EDGE('',*,*,#8402,.F.);
#8681 = ORIENTED_EDGE('',*,*,#7510,.T.);
#8682 = ORIENTED_EDGE('',*,*,#7842,.T.);
#8683 = ORIENTED_EDGE('',*,*,#7589,.F.);
#8684 = PLANE('',#8685);
#8685 = AXIS2_PLACEMENT_3D('',#8686,#8687,#8688);
#8686 = CARTESIAN_POINT('',(12.,0.,68.));
#8687 = DIRECTION('',(0.,0.,1.));
#8688 = DIRECTION('',(1.,0.,0.));
#8689 = ADVANCED_FACE('',(#8690),#8696,.T.);
#8690 = FACE_BOUND('',#8691,.F.);
#8691 = EDGE_LOOP('',(#8692,#8693,#8694,#8695));
#8692 = ORIENTED_EDGE('',*,*,#8665,.F.);
#8693 = ORIENTED_EDGE('',*,*,#7494,.T.);
#8694 = ORIENTED_EDGE('',*,*,#7870,.F.);
#8695 = ORIENTED_EDGE('',*,*,#7895,.F.);
#8696 = CYLINDRICAL_SURFACE('',#8697,1.);
#8697 = AXIS2_PLACEMENT_3D('',#8698,#8699,#8700);
#8698 = CARTESIAN_POINT('',(0.,15.,119.));
#8699 = DIRECTION('',(1.,0.,0.));
#8700 = DIRECTION('',(0.,0.,1.));
#8701 = ADVANCED_FACE('',(#8702),#8720,.F.);
#8702 = FACE_BOUND('',#8703,.F.);
#8703 = EDGE_LOOP('',(#8704,#8705,#8713,#8719));
#8704 = ORIENTED_EDGE('',*,*,#8463,.F.);
#8705 = ORIENTED_EDGE('',*,*,#8706,.T.);
#8706 = EDGE_CURVE('',#8464,#8707,#8709,.T.);
#8707 = VERTEX_POINT('',#8708);
#8708 = CARTESIAN_POINT('',(-2.22044604925E-16,122.,61.));
#8709 = LINE('',#8710,#8711);
#8710 = CARTESIAN_POINT('',(-2.22044604925E-16,10.,61.));
#8711 = VECTOR('',#8712,1.);
#8712 = DIRECTION('',(0.,1.,0.));
#8713 = ORIENTED_EDGE('',*,*,#8714,.T.);
#8714 = EDGE_CURVE('',#8707,#7536,#8715,.T.);
#8715 = LINE('',#8716,#8717);
#8716 = CARTESIAN_POINT('',(-1.7763568394E-15,122.,60.));
#8717 = VECTOR('',#8718,1.);
#8718 = DIRECTION('',(0.,0.,1.));
#8719 = ORIENTED_EDGE('',*,*,#7544,.F.);
#8720 = PLANE('',#8721);
#8721 = AXIS2_PLACEMENT_3D('',#8722,#8723,#8724);
#8722 = CARTESIAN_POINT('',(0.,0.,60.));
#8723 = DIRECTION('',(1.,0.,0.));
#8724 = DIRECTION('',(0.,0.,1.));
#8725 = ADVANCED_FACE('',(#8726),#8762,.F.);
#8726 = FACE_BOUND('',#8727,.F.);
#8727 = EDGE_LOOP('',(#8728,#8739,#8745,#8746,#8747,#8754,#8755,#8756));
#8728 = ORIENTED_EDGE('',*,*,#8729,.F.);
#8729 = EDGE_CURVE('',#8730,#8732,#8734,.T.);
#8730 = VERTEX_POINT('',#8731);
#8731 = CARTESIAN_POINT('',(-1.7763568394E-15,122.,66.));
#8732 = VERTEX_POINT('',#8733);
#8733 = CARTESIAN_POINT('',(10.,132.,66.));
#8734 = CIRCLE('',#8735,10.);
#8735 = AXIS2_PLACEMENT_3D('',#8736,#8737,#8738);
#8736 = CARTESIAN_POINT('',(10.,122.,66.));
#8737 = DIRECTION('',(-0.,-0.,-1.));
#8738 = DIRECTION('',(0.,-1.,0.));
#8739 = ORIENTED_EDGE('',*,*,#8740,.F.);
#8740 = EDGE_CURVE('',#7965,#8730,#8741,.T.);
#8741 = LINE('',#8742,#8743);
#8742 = CARTESIAN_POINT('',(0.,116.,66.));
#8743 = VECTOR('',#8744,1.);
#8744 = DIRECTION('',(0.,1.,0.));
#8745 = ORIENTED_EDGE('',*,*,#7964,.T.);
#8746 = ORIENTED_EDGE('',*,*,#7527,.T.);
#8747 = ORIENTED_EDGE('',*,*,#8748,.T.);
#8748 = EDGE_CURVE('',#7528,#8029,#8749,.T.);
#8749 = CIRCLE('',#8750,9.);
#8750 = AXIS2_PLACEMENT_3D('',#8751,#8752,#8753);
#8751 = CARTESIAN_POINT('',(10.,122.,66.));
#8752 = DIRECTION('',(0.,0.,-1.));
#8753 = DIRECTION('',(-1.,0.,0.));
#8754 = ORIENTED_EDGE('',*,*,#8037,.T.);
#8755 = ORIENTED_EDGE('',*,*,#7996,.T.);
#8756 = ORIENTED_EDGE('',*,*,#8757,.F.);
#8757 = EDGE_CURVE('',#8732,#7997,#8758,.T.);
#8758 = LINE('',#8759,#8760);
#8759 = CARTESIAN_POINT('',(0.,132.,66.));
#8760 = VECTOR('',#8761,1.);
#8761 = DIRECTION('',(1.,0.,0.));
#8762 = PLANE('',#8763);
#8763 = AXIS2_PLACEMENT_3D('',#8764,#8765,#8766);
#8764 = CARTESIAN_POINT('',(0.,116.,66.));
#8765 = DIRECTION('',(0.,0.,1.));
#8766 = DIRECTION('',(1.,0.,0.));
#8767 = ADVANCED_FACE('',(#8768),#8780,.T.);
#8768 = FACE_BOUND('',#8769,.F.);
#8769 = EDGE_LOOP('',(#8770,#8771,#8778,#8779));
#8770 = ORIENTED_EDGE('',*,*,#7535,.F.);
#8771 = ORIENTED_EDGE('',*,*,#8772,.T.);
#8772 = EDGE_CURVE('',#7536,#8027,#8773,.T.);
#8773 = CIRCLE('',#8774,10.);
#8774 = AXIS2_PLACEMENT_3D('',#8775,#8776,#8777);
#8775 = CARTESIAN_POINT('',(10.,122.,65.));
#8776 = DIRECTION('',(0.,0.,-1.));
#8777 = DIRECTION('',(-1.,0.,0.));
#8778 = ORIENTED_EDGE('',*,*,#8026,.T.);
#8779 = ORIENTED_EDGE('',*,*,#8748,.F.);
#8780 = TOROIDAL_SURFACE('',#8781,9.,1.);
#8781 = AXIS2_PLACEMENT_3D('',#8782,#8783,#8784);
#8782 = CARTESIAN_POINT('',(10.,122.,65.));
#8783 = DIRECTION('',(0.,0.,1.));
#8784 = DIRECTION('',(-1.,0.,0.));
#8785 = ADVANCED_FACE('',(#8786),#8805,.T.);
#8786 = FACE_BOUND('',#8787,.F.);
#8787 = EDGE_LOOP('',(#8788,#8796,#8803,#8804));
#8788 = ORIENTED_EDGE('',*,*,#8789,.T.);
#8789 = EDGE_CURVE('',#7921,#8790,#8792,.T.);
#8790 = VERTEX_POINT('',#8791);
#8791 = CARTESIAN_POINT('',(11.4,8.,124.9));
#8792 = LINE('',#8793,#8794);
#8793 = CARTESIAN_POINT('',(11.4,8.,120.));
#8794 = VECTOR('',#8795,1.);
#8795 = DIRECTION('',(0.,0.,1.));
#8796 = ORIENTED_EDGE('',*,*,#8797,.T.);
#8797 = EDGE_CURVE('',#8790,#8790,#8798,.T.);
#8798 = CIRCLE('',#8799,3.4);
#8799 = AXIS2_PLACEMENT_3D('',#8800,#8801,#8802);
#8800 = CARTESIAN_POINT('',(8.,8.,124.9));
#8801 = DIRECTION('',(0.,0.,1.));
#8802 = DIRECTION('',(1.,0.,0.));
#8803 = ORIENTED_EDGE('',*,*,#8789,.F.);
#8804 = ORIENTED_EDGE('',*,*,#7920,.F.);
#8805 = CYLINDRICAL_SURFACE('',#8806,3.4);
#8806 = AXIS2_PLACEMENT_3D('',#8807,#8808,#8809);
#8807 = CARTESIAN_POINT('',(8.,8.,120.));
#8808 = DIRECTION('',(-0.,-0.,-1.));
#8809 = DIRECTION('',(1.,0.,0.));
#8810 = ADVANCED_FACE('',(#8811),#8838,.T.);
#8811 = FACE_BOUND('',#8812,.T.);
#8812 = EDGE_LOOP('',(#8813,#8822,#8823,#8832));
#8813 = ORIENTED_EDGE('',*,*,#8814,.F.);
#8814 = EDGE_CURVE('',#7973,#8815,#8817,.T.);
#8815 = VERTEX_POINT('',#8816);
#8816 = CARTESIAN_POINT('',(1.,117.,120.));
#8817 = ELLIPSE('',#8818,1.414213562373,1.);
#8818 = AXIS2_PLACEMENT_3D('',#8819,#8820,#8821);
#8819 = CARTESIAN_POINT('',(1.,117.,119.));
#8820 = DIRECTION('',(-0.707106781187,0.707106781187,0.));
#8821 = DIRECTION('',(0.707106781187,0.707106781187,0.));
#8822 = ORIENTED_EDGE('',*,*,#7980,.T.);
#8823 = ORIENTED_EDGE('',*,*,#8824,.F.);
#8824 = EDGE_CURVE('',#8825,#7956,#8827,.T.);
#8825 = VERTEX_POINT('',#8826);
#8826 = CARTESIAN_POINT('',(15.,117.,120.));
#8827 = ELLIPSE('',#8828,1.414213562373,1.);
#8828 = AXIS2_PLACEMENT_3D('',#8829,#8830,#8831);
#8829 = CARTESIAN_POINT('',(15.,117.,119.));
#8830 = DIRECTION('',(0.707106781187,0.707106781187,0.));
#8831 = DIRECTION('',(0.707106781187,-0.707106781187,0.));
#8832 = ORIENTED_EDGE('',*,*,#8833,.F.);
#8833 = EDGE_CURVE('',#8815,#8825,#8834,.T.);
#8834 = LINE('',#8835,#8836);
#8835 = CARTESIAN_POINT('',(0.,117.,120.));
#8836 = VECTOR('',#8837,1.);
#8837 = DIRECTION('',(1.,0.,0.));
#8838 = CYLINDRICAL_SURFACE('',#8839,1.);
#8839 = AXIS2_PLACEMENT_3D('',#8840,#8841,#8842);
#8840 = CARTESIAN_POINT('',(0.,117.,119.));
#8841 = DIRECTION('',(1.,0.,0.));
#8842 = DIRECTION('',(0.,0.,1.));
#8843 = ADVANCED_FACE('',(#8844),#8862,.F.);
#8844 = FACE_BOUND('',#8845,.F.);
#8845 = EDGE_LOOP('',(#8846,#8854,#8860,#8861));
#8846 = ORIENTED_EDGE('',*,*,#8847,.T.);
#8847 = EDGE_CURVE('',#8730,#8848,#8850,.T.);
#8848 = VERTEX_POINT('',#8849);
#8849 = CARTESIAN_POINT('',(-2.22044604925E-16,122.,119.));
#8850 = LINE('',#8851,#8852);
#8851 = CARTESIAN_POINT('',(-1.7763568394E-15,122.,66.));
#8852 = VECTOR('',#8853,1.);
#8853 = DIRECTION('',(0.,0.,1.));
#8854 = ORIENTED_EDGE('',*,*,#8855,.F.);
#8855 = EDGE_CURVE('',#7973,#8848,#8856,.T.);
#8856 = LINE('',#8857,#8858);
#8857 = CARTESIAN_POINT('',(-2.22044604925E-16,116.,119.));
#8858 = VECTOR('',#8859,1.);
#8859 = DIRECTION('',(0.,1.,0.));
#8860 = ORIENTED_EDGE('',*,*,#7972,.F.);
#8861 = ORIENTED_EDGE('',*,*,#8740,.T.);
#8862 = PLANE('',#8863);
#8863 = AXIS2_PLACEMENT_3D('',#8864,#8865,#8866);
#8864 = CARTESIAN_POINT('',(0.,116.,66.));
#8865 = DIRECTION('',(1.,0.,0.));
#8866 = DIRECTION('',(0.,0.,1.));
#8867 = ADVANCED_FACE('',(#8868),#8887,.T.);
#8868 = FACE_BOUND('',#8869,.T.);
#8869 = EDGE_LOOP('',(#8870,#8871,#8872,#8881));
#8870 = ORIENTED_EDGE('',*,*,#8824,.T.);
#8871 = ORIENTED_EDGE('',*,*,#8012,.T.);
#8872 = ORIENTED_EDGE('',*,*,#8873,.T.);
#8873 = EDGE_CURVE('',#8005,#8874,#8876,.T.);
#8874 = VERTEX_POINT('',#8875);
#8875 = CARTESIAN_POINT('',(15.,131.,120.));
#8876 = ELLIPSE('',#8877,1.414213562373,1.);
#8877 = AXIS2_PLACEMENT_3D('',#8878,#8879,#8880);
#8878 = CARTESIAN_POINT('',(15.,131.,119.));
#8879 = DIRECTION('',(0.707106781187,-0.707106781187,0.));
#8880 = DIRECTION('',(0.707106781187,0.707106781187,0.));
#8881 = ORIENTED_EDGE('',*,*,#8882,.F.);
#8882 = EDGE_CURVE('',#8825,#8874,#8883,.T.);
#8883 = LINE('',#8884,#8885);
#8884 = CARTESIAN_POINT('',(15.,116.,120.));
#8885 = VECTOR('',#8886,1.);
#8886 = DIRECTION('',(0.,1.,0.));
#8887 = CYLINDRICAL_SURFACE('',#8888,1.);
#8888 = AXIS2_PLACEMENT_3D('',#8889,#8890,#8891);
#8889 = CARTESIAN_POINT('',(15.,116.,119.));
#8890 = DIRECTION('',(0.,1.,0.));
#8891 = DIRECTION('',(0.,0.,1.));
#8892 = ADVANCED_FACE('',(#8893),#8911,.T.);
#8893 = FACE_BOUND('',#8894,.T.);
#8894 = EDGE_LOOP('',(#8895,#8903,#8909,#8910));
#8895 = ORIENTED_EDGE('',*,*,#8896,.T.);
#8896 = EDGE_CURVE('',#8732,#8897,#8899,.T.);
#8897 = VERTEX_POINT('',#8898);
#8898 = CARTESIAN_POINT('',(10.,132.,119.));
#8899 = LINE('',#8900,#8901);
#8900 = CARTESIAN_POINT('',(10.,132.,66.));
#8901 = VECTOR('',#8902,1.);
#8902 = DIRECTION('',(0.,0.,1.));
#8903 = ORIENTED_EDGE('',*,*,#8904,.T.);
#8904 = EDGE_CURVE('',#8897,#8005,#8905,.T.);
#8905 = LINE('',#8906,#8907);
#8906 = CARTESIAN_POINT('',(10.,132.,119.));
#8907 = VECTOR('',#8908,1.);
#8908 = DIRECTION('',(1.,0.,0.));
#8909 = ORIENTED_EDGE('',*,*,#8004,.F.);
#8910 = ORIENTED_EDGE('',*,*,#8757,.F.);
#8911 = PLANE('',#8912);
#8912 = AXIS2_PLACEMENT_3D('',#8913,#8914,#8915);
#8913 = CARTESIAN_POINT('',(0.,132.,66.));
#8914 = DIRECTION('',(0.,1.,0.));
#8915 = DIRECTION('',(0.,0.,1.));
#8916 = ADVANCED_FACE('',(#8917),#8935,.T.);
#8917 = FACE_BOUND('',#8918,.T.);
#8918 = EDGE_LOOP('',(#8919,#8927,#8928,#8929));
#8919 = ORIENTED_EDGE('',*,*,#8920,.T.);
#8920 = EDGE_CURVE('',#8921,#8027,#8923,.T.);
#8921 = VERTEX_POINT('',#8922);
#8922 = CARTESIAN_POINT('',(10.,132.,61.));
#8923 = LINE('',#8924,#8925);
#8924 = CARTESIAN_POINT('',(10.,132.,60.));
#8925 = VECTOR('',#8926,1.);
#8926 = DIRECTION('',(0.,0.,1.));
#8927 = ORIENTED_EDGE('',*,*,#8046,.T.);
#8928 = ORIENTED_EDGE('',*,*,#8557,.F.);
#8929 = ORIENTED_EDGE('',*,*,#8930,.F.);
#8930 = EDGE_CURVE('',#8921,#8549,#8931,.T.);
#8931 = LINE('',#8932,#8933);
#8932 = CARTESIAN_POINT('',(10.,132.,61.));
#8933 = VECTOR('',#8934,1.);
#8934 = DIRECTION('',(1.,0.,0.));
#8935 = PLANE('',#8936);
#8936 = AXIS2_PLACEMENT_3D('',#8937,#8938,#8939);
#8937 = CARTESIAN_POINT('',(0.,132.,60.));
#8938 = DIRECTION('',(0.,1.,0.));
#8939 = DIRECTION('',(0.,0.,1.));
#8940 = ADVANCED_FACE('',(#8941),#8968,.T.);
#8941 = FACE_BOUND('',#8942,.F.);
#8942 = EDGE_LOOP('',(#8943,#8952,#8953,#8962));
#8943 = ORIENTED_EDGE('',*,*,#8944,.T.);
#8944 = EDGE_CURVE('',#8945,#8061,#8947,.T.);
#8945 = VERTEX_POINT('',#8946);
#8946 = CARTESIAN_POINT('',(127.,117.,120.));
#8947 = ELLIPSE('',#8948,1.414213562373,1.);
#8948 = AXIS2_PLACEMENT_3D('',#8949,#8950,#8951);
#8949 = CARTESIAN_POINT('',(127.,117.,119.));
#8950 = DIRECTION('',(0.707106781187,-0.707106781187,0.));
#8951 = DIRECTION('',(0.707106781187,0.707106781187,0.));
#8952 = ORIENTED_EDGE('',*,*,#8078,.T.);
#8953 = ORIENTED_EDGE('',*,*,#8954,.T.);
#8954 = EDGE_CURVE('',#8071,#8955,#8957,.T.);
#8955 = VERTEX_POINT('',#8956);
#8956 = CARTESIAN_POINT('',(127.,131.,120.));
#8957 = ELLIPSE('',#8958,1.414213562373,1.);
#8958 = AXIS2_PLACEMENT_3D('',#8959,#8960,#8961);
#8959 = CARTESIAN_POINT('',(127.,131.,119.));
#8960 = DIRECTION('',(0.707106781187,0.707106781187,-0.));
#8961 = DIRECTION('',(-0.707106781187,0.707106781187,0.));
#8962 = ORIENTED_EDGE('',*,*,#8963,.F.);
#8963 = EDGE_CURVE('',#8945,#8955,#8964,.T.);
#8964 = LINE('',#8965,#8966);
#8965 = CARTESIAN_POINT('',(127.,116.,120.));
#8966 = VECTOR('',#8967,1.);
#8967 = DIRECTION('',(0.,1.,0.));
#8968 = CYLINDRICAL_SURFACE('',#8969,1.);
#8969 = AXIS2_PLACEMENT_3D('',#8970,#8971,#8972);
#8970 = CARTESIAN_POINT('',(127.,116.,119.));
#8971 = DIRECTION('',(0.,1.,0.));
#8972 = DIRECTION('',(0.,0.,1.));
#8973 = ADVANCED_FACE('',(#8974),#8993,.T.);
#8974 = FACE_BOUND('',#8975,.T.);
#8975 = EDGE_LOOP('',(#8976,#8977,#8978,#8987));
#8976 = ORIENTED_EDGE('',*,*,#8944,.T.);
#8977 = ORIENTED_EDGE('',*,*,#8103,.T.);
#8978 = ORIENTED_EDGE('',*,*,#8979,.T.);
#8979 = EDGE_CURVE('',#8093,#8980,#8982,.T.);
#8980 = VERTEX_POINT('',#8981);
#8981 = CARTESIAN_POINT('',(141.,117.,120.));
#8982 = ELLIPSE('',#8983,1.414213562373,1.);
#8983 = AXIS2_PLACEMENT_3D('',#8984,#8985,#8986);
#8984 = CARTESIAN_POINT('',(141.,117.,119.));
#8985 = DIRECTION('',(-0.707106781187,-0.707106781187,-0.));
#8986 = DIRECTION('',(-0.707106781187,0.707106781187,0.));
#8987 = ORIENTED_EDGE('',*,*,#8988,.F.);
#8988 = EDGE_CURVE('',#8945,#8980,#8989,.T.);
#8989 = LINE('',#8990,#8991);
#8990 = CARTESIAN_POINT('',(126.,117.,120.));
#8991 = VECTOR('',#8992,1.);
#8992 = DIRECTION('',(1.,0.,0.));
#8993 = CYLINDRICAL_SURFACE('',#8994,1.);
#8994 = AXIS2_PLACEMENT_3D('',#8995,#8996,#8997);
#8995 = CARTESIAN_POINT('',(126.,117.,119.));
#8996 = DIRECTION('',(1.,0.,0.));
#8997 = DIRECTION('',(0.,0.,1.));
#8998 = ADVANCED_FACE('',(#8999),#9010,.F.);
#8999 = FACE_BOUND('',#9000,.F.);
#9000 = EDGE_LOOP('',(#9001,#9002,#9008,#9009));
#9001 = ORIENTED_EDGE('',*,*,#8219,.F.);
#9002 = ORIENTED_EDGE('',*,*,#9003,.F.);
#9003 = EDGE_CURVE('',#8157,#8220,#9004,.T.);
#9004 = LINE('',#9005,#9006);
#9005 = CARTESIAN_POINT('',(125.,93.,66.));
#9006 = VECTOR('',#9007,1.);
#9007 = DIRECTION('',(0.,1.,0.));
#9008 = ORIENTED_EDGE('',*,*,#8156,.T.);
#9009 = ORIENTED_EDGE('',*,*,#8140,.T.);
#9010 = PLANE('',#9011);
#9011 = AXIS2_PLACEMENT_3D('',#9012,#9013,#9014);
#9012 = CARTESIAN_POINT('',(125.,93.,66.));
#9013 = DIRECTION('',(0.,0.,1.));
#9014 = DIRECTION('',(1.,0.,0.));
#9015 = ADVANCED_FACE('',(#9016,#9062,#9068,#9079,#9090,#9101),#9112,.F.
  );
#9016 = FACE_BOUND('',#9017,.T.);
#9017 = EDGE_LOOP('',(#9018,#9028,#9037,#9045,#9052,#9053,#9054,#9055));
#9018 = ORIENTED_EDGE('',*,*,#9019,.T.);
#9019 = EDGE_CURVE('',#9020,#9022,#9024,.T.);
#9020 = VERTEX_POINT('',#9021);
#9021 = CARTESIAN_POINT('',(1.,10.,60.));
#9022 = VERTEX_POINT('',#9023);
#9023 = CARTESIAN_POINT('',(1.,122.,60.));
#9024 = LINE('',#9025,#9026);
#9025 = CARTESIAN_POINT('',(1.,10.,60.));
#9026 = VECTOR('',#9027,1.);
#9027 = DIRECTION('',(0.,1.,0.));
#9028 = ORIENTED_EDGE('',*,*,#9029,.T.);
#9029 = EDGE_CURVE('',#9022,#9030,#9032,.T.);
#9030 = VERTEX_POINT('',#9031);
#9031 = CARTESIAN_POINT('',(10.,131.,60.));
#9032 = CIRCLE('',#9033,9.);
#9033 = AXIS2_PLACEMENT_3D('',#9034,#9035,#9036);
#9034 = CARTESIAN_POINT('',(10.,122.,60.));
#9035 = DIRECTION('',(0.,0.,-1.));
#9036 = DIRECTION('',(-1.,0.,0.));
#9037 = ORIENTED_EDGE('',*,*,#9038,.T.);
#9038 = EDGE_CURVE('',#9030,#9039,#9041,.T.);
#9039 = VERTEX_POINT('',#9040);
#9040 = CARTESIAN_POINT('',(132.,131.,60.));
#9041 = LINE('',#9042,#9043);
#9042 = CARTESIAN_POINT('',(10.,131.,60.));
#9043 = VECTOR('',#9044,1.);
#9044 = DIRECTION('',(1.,0.,0.));
#9045 = ORIENTED_EDGE('',*,*,#9046,.T.);
#9046 = EDGE_CURVE('',#9039,#8573,#9047,.T.);
#9047 = CIRCLE('',#9048,9.);
#9048 = AXIS2_PLACEMENT_3D('',#9049,#9050,#9051);
#9049 = CARTESIAN_POINT('',(132.,122.,60.));
#9050 = DIRECTION('',(0.,0.,-1.));
#9051 = DIRECTION('',(0.,1.,0.));
#9052 = ORIENTED_EDGE('',*,*,#8581,.T.);
#9053 = ORIENTED_EDGE('',*,*,#8532,.T.);
#9054 = ORIENTED_EDGE('',*,*,#8497,.T.);
#9055 = ORIENTED_EDGE('',*,*,#9056,.T.);
#9056 = EDGE_CURVE('',#8498,#9020,#9057,.T.);
#9057 = CIRCLE('',#9058,9.);
#9058 = AXIS2_PLACEMENT_3D('',#9059,#9060,#9061);
#9059 = CARTESIAN_POINT('',(10.,10.,60.));
#9060 = DIRECTION('',(-0.,0.,-1.));
#9061 = DIRECTION('',(-1.7763568394E-16,-1.,0.));
#9062 = FACE_BOUND('',#9063,.F.);
#9063 = EDGE_LOOP('',(#9064,#9065,#9066,#9067));
#9064 = ORIENTED_EDGE('',*,*,#8283,.T.);
#9065 = ORIENTED_EDGE('',*,*,#8252,.F.);
#9066 = ORIENTED_EDGE('',*,*,#8125,.F.);
#9067 = ORIENTED_EDGE('',*,*,#8445,.T.);
#9068 = FACE_BOUND('',#9069,.F.);
#9069 = EDGE_LOOP('',(#9070));
#9070 = ORIENTED_EDGE('',*,*,#9071,.T.);
#9071 = EDGE_CURVE('',#9072,#9072,#9074,.T.);
#9072 = VERTEX_POINT('',#9073);
#9073 = CARTESIAN_POINT('',(137.9,124.,60.));
#9074 = CIRCLE('',#9075,3.9);
#9075 = AXIS2_PLACEMENT_3D('',#9076,#9077,#9078);
#9076 = CARTESIAN_POINT('',(134.,124.,60.));
#9077 = DIRECTION('',(0.,0.,-1.));
#9078 = DIRECTION('',(1.,0.,0.));
#9079 = FACE_BOUND('',#9080,.F.);
#9080 = EDGE_LOOP('',(#9081));
#9081 = ORIENTED_EDGE('',*,*,#9082,.T.);
#9082 = EDGE_CURVE('',#9083,#9083,#9085,.T.);
#9083 = VERTEX_POINT('',#9084);
#9084 = CARTESIAN_POINT('',(137.9,8.,60.));
#9085 = CIRCLE('',#9086,3.9);
#9086 = AXIS2_PLACEMENT_3D('',#9087,#9088,#9089);
#9087 = CARTESIAN_POINT('',(134.,8.,60.));
#9088 = DIRECTION('',(0.,0.,-1.));
#9089 = DIRECTION('',(1.,0.,0.));
#9090 = FACE_BOUND('',#9091,.F.);
#9091 = EDGE_LOOP('',(#9092));
#9092 = ORIENTED_EDGE('',*,*,#9093,.T.);
#9093 = EDGE_CURVE('',#9094,#9094,#9096,.T.);
#9094 = VERTEX_POINT('',#9095);
#9095 = CARTESIAN_POINT('',(11.9,124.,60.));
#9096 = CIRCLE('',#9097,3.9);
#9097 = AXIS2_PLACEMENT_3D('',#9098,#9099,#9100);
#9098 = CARTESIAN_POINT('',(8.,124.,60.));
#9099 = DIRECTION('',(0.,0.,-1.));
#9100 = DIRECTION('',(1.,0.,0.));
#9101 = FACE_BOUND('',#9102,.F.);
#9102 = EDGE_LOOP('',(#9103));
#9103 = ORIENTED_EDGE('',*,*,#9104,.T.);
#9104 = EDGE_CURVE('',#9105,#9105,#9107,.T.);
#9105 = VERTEX_POINT('',#9106);
#9106 = CARTESIAN_POINT('',(11.9,8.,60.));
#9107 = CIRCLE('',#9108,3.9);
#9108 = AXIS2_PLACEMENT_3D('',#9109,#9110,#9111);
#9109 = CARTESIAN_POINT('',(8.,8.,60.));
#9110 = DIRECTION('',(0.,0.,-1.));
#9111 = DIRECTION('',(1.,0.,0.));
#9112 = PLANE('',#9113);
#9113 = AXIS2_PLACEMENT_3D('',#9114,#9115,#9116);
#9114 = CARTESIAN_POINT('',(0.,0.,60.));
#9115 = DIRECTION('',(0.,0.,1.));
#9116 = DIRECTION('',(1.,0.,0.));
#9117 = ADVANCED_FACE('',(#9118,#9129),#9163,.T.);
#9118 = FACE_BOUND('',#9119,.T.);
#9119 = EDGE_LOOP('',(#9120,#9126,#9127,#9128));
#9120 = ORIENTED_EDGE('',*,*,#9121,.F.);
#9121 = EDGE_CURVE('',#8165,#8228,#9122,.T.);
#9122 = LINE('',#9123,#9124);
#9123 = CARTESIAN_POINT('',(125.,93.,68.));
#9124 = VECTOR('',#9125,1.);
#9125 = DIRECTION('',(0.,1.,0.));
#9126 = ORIENTED_EDGE('',*,*,#8172,.T.);
#9127 = ORIENTED_EDGE('',*,*,#8205,.T.);
#9128 = ORIENTED_EDGE('',*,*,#8235,.F.);
#9129 = FACE_BOUND('',#9130,.T.);
#9130 = EDGE_LOOP('',(#9131,#9141,#9149,#9157));
#9131 = ORIENTED_EDGE('',*,*,#9132,.F.);
#9132 = EDGE_CURVE('',#9133,#9135,#9137,.T.);
#9133 = VERTEX_POINT('',#9134);
#9134 = CARTESIAN_POINT('',(126.5,93.9,68.));
#9135 = VERTEX_POINT('',#9136);
#9136 = CARTESIAN_POINT('',(130.1,93.9,68.));
#9137 = LINE('',#9138,#9139);
#9138 = CARTESIAN_POINT('',(126.5,93.9,68.));
#9139 = VECTOR('',#9140,1.);
#9140 = DIRECTION('',(1.,0.,0.));
#9141 = ORIENTED_EDGE('',*,*,#9142,.T.);
#9142 = EDGE_CURVE('',#9133,#9143,#9145,.T.);
#9143 = VERTEX_POINT('',#9144);
#9144 = CARTESIAN_POINT('',(126.5,96.9,68.));
#9145 = LINE('',#9146,#9147);
#9146 = CARTESIAN_POINT('',(126.5,93.9,68.));
#9147 = VECTOR('',#9148,1.);
#9148 = DIRECTION('',(0.,1.,0.));
#9149 = ORIENTED_EDGE('',*,*,#9150,.T.);
#9150 = EDGE_CURVE('',#9143,#9151,#9153,.T.);
#9151 = VERTEX_POINT('',#9152);
#9152 = CARTESIAN_POINT('',(130.1,96.9,68.));
#9153 = LINE('',#9154,#9155);
#9154 = CARTESIAN_POINT('',(126.5,96.9,68.));
#9155 = VECTOR('',#9156,1.);
#9156 = DIRECTION('',(1.,0.,0.));
#9157 = ORIENTED_EDGE('',*,*,#9158,.F.);
#9158 = EDGE_CURVE('',#9135,#9151,#9159,.T.);
#9159 = LINE('',#9160,#9161);
#9160 = CARTESIAN_POINT('',(130.1,93.9,68.));
#9161 = VECTOR('',#9162,1.);
#9162 = DIRECTION('',(0.,1.,0.));
#9163 = PLANE('',#9164);
#9164 = AXIS2_PLACEMENT_3D('',#9165,#9166,#9167);
#9165 = CARTESIAN_POINT('',(125.,93.,68.));
#9166 = DIRECTION('',(0.,0.,1.));
#9167 = DIRECTION('',(1.,0.,0.));
#9168 = ADVANCED_FACE('',(#9169),#9175,.F.);
#9169 = FACE_BOUND('',#9170,.F.);
#9170 = EDGE_LOOP('',(#9171,#9172,#9173,#9174));
#9171 = ORIENTED_EDGE('',*,*,#8164,.F.);
#9172 = ORIENTED_EDGE('',*,*,#9003,.T.);
#9173 = ORIENTED_EDGE('',*,*,#8227,.T.);
#9174 = ORIENTED_EDGE('',*,*,#9121,.F.);
#9175 = PLANE('',#9176);
#9176 = AXIS2_PLACEMENT_3D('',#9177,#9178,#9179);
#9177 = CARTESIAN_POINT('',(125.,93.,66.));
#9178 = DIRECTION('',(1.,0.,0.));
#9179 = DIRECTION('',(0.,0.,1.));
#9180 = ADVANCED_FACE('',(#9181),#9192,.F.);
#9181 = FACE_BOUND('',#9182,.F.);
#9182 = EDGE_LOOP('',(#9183,#9184,#9185,#9191));
#9183 = ORIENTED_EDGE('',*,*,#8291,.F.);
#9184 = ORIENTED_EDGE('',*,*,#8388,.T.);
#9185 = ORIENTED_EDGE('',*,*,#9186,.T.);
#9186 = EDGE_CURVE('',#8381,#8325,#9187,.T.);
#9187 = LINE('',#9188,#9189);
#9188 = CARTESIAN_POINT('',(17.,93.,66.));
#9189 = VECTOR('',#9190,1.);
#9190 = DIRECTION('',(0.,1.,0.));
#9191 = ORIENTED_EDGE('',*,*,#8332,.F.);
#9192 = PLANE('',#9193);
#9193 = AXIS2_PLACEMENT_3D('',#9194,#9195,#9196);
#9194 = CARTESIAN_POINT('',(11.,93.,66.));
#9195 = DIRECTION('',(0.,0.,1.));
#9196 = DIRECTION('',(1.,0.,0.));
#9197 = ADVANCED_FACE('',(#9198),#9209,.T.);
#9198 = FACE_BOUND('',#9199,.T.);
#9199 = EDGE_LOOP('',(#9200,#9201,#9202,#9203));
#9200 = ORIENTED_EDGE('',*,*,#8380,.F.);
#9201 = ORIENTED_EDGE('',*,*,#9186,.T.);
#9202 = ORIENTED_EDGE('',*,*,#8324,.T.);
#9203 = ORIENTED_EDGE('',*,*,#9204,.F.);
#9204 = EDGE_CURVE('',#8373,#8317,#9205,.T.);
#9205 = LINE('',#9206,#9207);
#9206 = CARTESIAN_POINT('',(17.,93.,68.));
#9207 = VECTOR('',#9208,1.);
#9208 = DIRECTION('',(0.,1.,0.));
#9209 = PLANE('',#9210);
#9210 = AXIS2_PLACEMENT_3D('',#9211,#9212,#9213);
#9211 = CARTESIAN_POINT('',(17.,93.,66.));
#9212 = DIRECTION('',(1.,0.,0.));
#9213 = DIRECTION('',(0.,0.,1.));
#9214 = ADVANCED_FACE('',(#9215,#9221),#9255,.T.);
#9215 = FACE_BOUND('',#9216,.T.);
#9216 = EDGE_LOOP('',(#9217,#9218,#9219,#9220));
#9217 = ORIENTED_EDGE('',*,*,#8356,.F.);
#9218 = ORIENTED_EDGE('',*,*,#8372,.T.);
#9219 = ORIENTED_EDGE('',*,*,#9204,.T.);
#9220 = ORIENTED_EDGE('',*,*,#8316,.F.);
#9221 = FACE_BOUND('',#9222,.T.);
#9222 = EDGE_LOOP('',(#9223,#9233,#9241,#9249));
#9223 = ORIENTED_EDGE('',*,*,#9224,.F.);
#9224 = EDGE_CURVE('',#9225,#9227,#9229,.T.);
#9225 = VERTEX_POINT('',#9226);
#9226 = CARTESIAN_POINT('',(11.9,93.9,68.));
#9227 = VERTEX_POINT('',#9228);
#9228 = CARTESIAN_POINT('',(15.5,93.9,68.));
#9229 = LINE('',#9230,#9231);
#9230 = CARTESIAN_POINT('',(11.9,93.9,68.));
#9231 = VECTOR('',#9232,1.);
#9232 = DIRECTION('',(1.,0.,0.));
#9233 = ORIENTED_EDGE('',*,*,#9234,.T.);
#9234 = EDGE_CURVE('',#9225,#9235,#9237,.T.);
#9235 = VERTEX_POINT('',#9236);
#9236 = CARTESIAN_POINT('',(11.9,96.9,68.));
#9237 = LINE('',#9238,#9239);
#9238 = CARTESIAN_POINT('',(11.9,93.9,68.));
#9239 = VECTOR('',#9240,1.);
#9240 = DIRECTION('',(0.,1.,0.));
#9241 = ORIENTED_EDGE('',*,*,#9242,.T.);
#9242 = EDGE_CURVE('',#9235,#9243,#9245,.T.);
#9243 = VERTEX_POINT('',#9244);
#9244 = CARTESIAN_POINT('',(15.5,96.9,68.));
#9245 = LINE('',#9246,#9247);
#9246 = CARTESIAN_POINT('',(11.9,96.9,68.));
#9247 = VECTOR('',#9248,1.);
#9248 = DIRECTION('',(1.,0.,0.));
#9249 = ORIENTED_EDGE('',*,*,#9250,.F.);
#9250 = EDGE_CURVE('',#9227,#9243,#9251,.T.);
#9251 = LINE('',#9252,#9253);
#9252 = CARTESIAN_POINT('',(15.5,93.9,68.));
#9253 = VECTOR('',#9254,1.);
#9254 = DIRECTION('',(0.,1.,0.));
#9255 = PLANE('',#9256);
#9256 = AXIS2_PLACEMENT_3D('',#9257,#9258,#9259);
#9257 = CARTESIAN_POINT('',(11.,93.,68.));
#9258 = DIRECTION('',(0.,0.,1.));
#9259 = DIRECTION('',(1.,0.,0.));
#9260 = ADVANCED_FACE('',(#9261),#9264,.T.);
#9261 = FACE_BOUND('',#9262,.T.);
#9262 = EDGE_LOOP('',(#9263));
#9263 = ORIENTED_EDGE('',*,*,#8429,.T.);
#9264 = PLANE('',#9265);
#9265 = AXIS2_PLACEMENT_3D('',#9266,#9267,#9268);
#9266 = CARTESIAN_POINT('',(134.,8.,125.5));
#9267 = DIRECTION('',(0.,0.,1.));
#9268 = DIRECTION('',(1.,0.,0.));
#9269 = ADVANCED_FACE('',(#9270),#9282,.T.);
#9270 = FACE_BOUND('',#9271,.T.);
#9271 = EDGE_LOOP('',(#9272,#9273,#9274,#9281));
#9272 = ORIENTED_EDGE('',*,*,#8505,.F.);
#9273 = ORIENTED_EDGE('',*,*,#8471,.T.);
#9274 = ORIENTED_EDGE('',*,*,#9275,.T.);
#9275 = EDGE_CURVE('',#8464,#9020,#9276,.T.);
#9276 = CIRCLE('',#9277,1.);
#9277 = AXIS2_PLACEMENT_3D('',#9278,#9279,#9280);
#9278 = CARTESIAN_POINT('',(1.,10.,61.));
#9279 = DIRECTION('',(-0.,-1.,-0.));
#9280 = DIRECTION('',(-1.,0.,0.));
#9281 = ORIENTED_EDGE('',*,*,#9056,.F.);
#9282 = TOROIDAL_SURFACE('',#9283,9.,1.);
#9283 = AXIS2_PLACEMENT_3D('',#9284,#9285,#9286);
#9284 = CARTESIAN_POINT('',(10.,10.,61.));
#9285 = DIRECTION('',(-0.,-0.,-1.));
#9286 = DIRECTION('',(-1.7763568394E-16,-1.,0.));
#9287 = ADVANCED_FACE('',(#9288),#9300,.T.);
#9288 = FACE_BOUND('',#9289,.T.);
#9289 = EDGE_LOOP('',(#9290,#9297,#9298,#9299));
#9290 = ORIENTED_EDGE('',*,*,#9291,.F.);
#9291 = EDGE_CURVE('',#8549,#9039,#9292,.T.);
#9292 = CIRCLE('',#9293,1.);
#9293 = AXIS2_PLACEMENT_3D('',#9294,#9295,#9296);
#9294 = CARTESIAN_POINT('',(132.,131.,61.));
#9295 = DIRECTION('',(-1.,0.,0.));
#9296 = DIRECTION('',(0.,1.,0.));
#9297 = ORIENTED_EDGE('',*,*,#8548,.T.);
#9298 = ORIENTED_EDGE('',*,*,#8572,.T.);
#9299 = ORIENTED_EDGE('',*,*,#9046,.F.);
#9300 = TOROIDAL_SURFACE('',#9301,9.,1.);
#9301 = AXIS2_PLACEMENT_3D('',#9302,#9303,#9304);
#9302 = CARTESIAN_POINT('',(132.,122.,61.));
#9303 = DIRECTION('',(-0.,-0.,-1.));
#9304 = DIRECTION('',(0.,1.,0.));
#9305 = ADVANCED_FACE('',(#9306),#9334,.T.);
#9306 = FACE_BOUND('',#9307,.T.);
#9307 = EDGE_LOOP('',(#9308,#9317,#9318,#9327));
#9308 = ORIENTED_EDGE('',*,*,#9309,.F.);
#9309 = EDGE_CURVE('',#8598,#9310,#9312,.T.);
#9310 = VERTEX_POINT('',#9311);
#9311 = CARTESIAN_POINT('',(141.,122.,120.));
#9312 = CIRCLE('',#9313,1.);
#9313 = AXIS2_PLACEMENT_3D('',#9314,#9315,#9316);
#9314 = CARTESIAN_POINT('',(141.,122.,119.));
#9315 = DIRECTION('',(0.,-1.,0.));
#9316 = DIRECTION('',(1.,0.,0.));
#9317 = ORIENTED_EDGE('',*,*,#8614,.T.);
#9318 = ORIENTED_EDGE('',*,*,#9319,.T.);
#9319 = EDGE_CURVE('',#8607,#9320,#9322,.T.);
#9320 = VERTEX_POINT('',#9321);
#9321 = CARTESIAN_POINT('',(132.,131.,120.));
#9322 = CIRCLE('',#9323,1.);
#9323 = AXIS2_PLACEMENT_3D('',#9324,#9325,#9326);
#9324 = CARTESIAN_POINT('',(132.,131.,119.));
#9325 = DIRECTION('',(1.,-6.123233995737E-17,0.));
#9326 = DIRECTION('',(6.123233995737E-17,1.,0.));
#9327 = ORIENTED_EDGE('',*,*,#9328,.F.);
#9328 = EDGE_CURVE('',#9310,#9320,#9329,.T.);
#9329 = CIRCLE('',#9330,9.);
#9330 = AXIS2_PLACEMENT_3D('',#9331,#9332,#9333);
#9331 = CARTESIAN_POINT('',(132.,122.,120.));
#9332 = DIRECTION('',(0.,0.,1.));
#9333 = DIRECTION('',(1.,0.,0.));
#9334 = TOROIDAL_SURFACE('',#9335,9.,1.);
#9335 = AXIS2_PLACEMENT_3D('',#9336,#9337,#9338);
#9336 = CARTESIAN_POINT('',(132.,122.,119.));
#9337 = DIRECTION('',(0.,0.,1.));
#9338 = DIRECTION('',(1.,0.,0.));
#9339 = ADVANCED_FACE('',(#9340),#9351,.T.);
#9340 = FACE_BOUND('',#9341,.F.);
#9341 = EDGE_LOOP('',(#9342,#9343,#9349,#9350));
#9342 = ORIENTED_EDGE('',*,*,#8979,.T.);
#9343 = ORIENTED_EDGE('',*,*,#9344,.T.);
#9344 = EDGE_CURVE('',#8980,#9310,#9345,.T.);
#9345 = LINE('',#9346,#9347);
#9346 = CARTESIAN_POINT('',(141.,116.,120.));
#9347 = VECTOR('',#9348,1.);
#9348 = DIRECTION('',(0.,1.,0.));
#9349 = ORIENTED_EDGE('',*,*,#9309,.F.);
#9350 = ORIENTED_EDGE('',*,*,#8630,.F.);
#9351 = CYLINDRICAL_SURFACE('',#9352,1.);
#9352 = AXIS2_PLACEMENT_3D('',#9353,#9354,#9355);
#9353 = CARTESIAN_POINT('',(141.,116.,119.));
#9354 = DIRECTION('',(0.,1.,0.));
#9355 = DIRECTION('',(1.,0.,0.));
#9356 = ADVANCED_FACE('',(#9357),#9368,.T.);
#9357 = FACE_BOUND('',#9358,.F.);
#9358 = EDGE_LOOP('',(#9359,#9360,#9366,#9367));
#9359 = ORIENTED_EDGE('',*,*,#9319,.T.);
#9360 = ORIENTED_EDGE('',*,*,#9361,.T.);
#9361 = EDGE_CURVE('',#9320,#8955,#9362,.T.);
#9362 = LINE('',#9363,#9364);
#9363 = CARTESIAN_POINT('',(132.,131.,120.));
#9364 = VECTOR('',#9365,1.);
#9365 = DIRECTION('',(-1.,-0.,-0.));
#9366 = ORIENTED_EDGE('',*,*,#8954,.F.);
#9367 = ORIENTED_EDGE('',*,*,#8649,.F.);
#9368 = CYLINDRICAL_SURFACE('',#9369,1.);
#9369 = AXIS2_PLACEMENT_3D('',#9370,#9371,#9372);
#9370 = CARTESIAN_POINT('',(132.,131.,119.));
#9371 = DIRECTION('',(-1.,-0.,-0.));
#9372 = DIRECTION('',(0.,1.,0.));
#9373 = ADVANCED_FACE('',(#9374),#9386,.T.);
#9374 = FACE_BOUND('',#9375,.F.);
#9375 = EDGE_LOOP('',(#9376,#9377,#9378,#9385));
#9376 = ORIENTED_EDGE('',*,*,#9275,.T.);
#9377 = ORIENTED_EDGE('',*,*,#9019,.T.);
#9378 = ORIENTED_EDGE('',*,*,#9379,.F.);
#9379 = EDGE_CURVE('',#8707,#9022,#9380,.T.);
#9380 = CIRCLE('',#9381,1.);
#9381 = AXIS2_PLACEMENT_3D('',#9382,#9383,#9384);
#9382 = CARTESIAN_POINT('',(1.,122.,61.));
#9383 = DIRECTION('',(-0.,-1.,-0.));
#9384 = DIRECTION('',(-1.,0.,0.));
#9385 = ORIENTED_EDGE('',*,*,#8706,.F.);
#9386 = CYLINDRICAL_SURFACE('',#9387,1.);
#9387 = AXIS2_PLACEMENT_3D('',#9388,#9389,#9390);
#9388 = CARTESIAN_POINT('',(1.,10.,61.));
#9389 = DIRECTION('',(0.,1.,0.));
#9390 = DIRECTION('',(-1.,0.,0.));
#9391 = ADVANCED_FACE('',(#9392),#9404,.T.);
#9392 = FACE_BOUND('',#9393,.F.);
#9393 = EDGE_LOOP('',(#9394,#9395,#9402,#9403));
#9394 = ORIENTED_EDGE('',*,*,#8714,.F.);
#9395 = ORIENTED_EDGE('',*,*,#9396,.T.);
#9396 = EDGE_CURVE('',#8707,#8921,#9397,.T.);
#9397 = CIRCLE('',#9398,10.);
#9398 = AXIS2_PLACEMENT_3D('',#9399,#9400,#9401);
#9399 = CARTESIAN_POINT('',(10.,122.,61.));
#9400 = DIRECTION('',(0.,0.,-1.));
#9401 = DIRECTION('',(-1.,0.,0.));
#9402 = ORIENTED_EDGE('',*,*,#8920,.T.);
#9403 = ORIENTED_EDGE('',*,*,#8772,.F.);
#9404 = CYLINDRICAL_SURFACE('',#9405,10.);
#9405 = AXIS2_PLACEMENT_3D('',#9406,#9407,#9408);
#9406 = CARTESIAN_POINT('',(10.,122.,60.));
#9407 = DIRECTION('',(0.,0.,1.));
#9408 = DIRECTION('',(-1.,0.,0.));
#9409 = ADVANCED_FACE('',(#9410),#9422,.T.);
#9410 = FACE_BOUND('',#9411,.F.);
#9411 = EDGE_LOOP('',(#9412,#9413,#9414,#9415));
#9412 = ORIENTED_EDGE('',*,*,#8847,.F.);
#9413 = ORIENTED_EDGE('',*,*,#8729,.T.);
#9414 = ORIENTED_EDGE('',*,*,#8896,.T.);
#9415 = ORIENTED_EDGE('',*,*,#9416,.F.);
#9416 = EDGE_CURVE('',#8848,#8897,#9417,.T.);
#9417 = CIRCLE('',#9418,10.);
#9418 = AXIS2_PLACEMENT_3D('',#9419,#9420,#9421);
#9419 = CARTESIAN_POINT('',(10.,122.,119.));
#9420 = DIRECTION('',(0.,0.,-1.));
#9421 = DIRECTION('',(-1.,0.,0.));
#9422 = CYLINDRICAL_SURFACE('',#9423,10.);
#9423 = AXIS2_PLACEMENT_3D('',#9424,#9425,#9426);
#9424 = CARTESIAN_POINT('',(10.,122.,66.));
#9425 = DIRECTION('',(0.,0.,1.));
#9426 = DIRECTION('',(-1.,0.,0.));
#9427 = ADVANCED_FACE('',(#9428),#9447,.T.);
#9428 = FACE_BOUND('',#9429,.T.);
#9429 = EDGE_LOOP('',(#9430,#9438,#9439,#9440));
#9430 = ORIENTED_EDGE('',*,*,#9431,.F.);
#9431 = EDGE_CURVE('',#8790,#9432,#9434,.T.);
#9432 = VERTEX_POINT('',#9433);
#9433 = CARTESIAN_POINT('',(10.8,8.,125.5));
#9434 = LINE('',#9435,#9436);
#9435 = CARTESIAN_POINT('',(11.4,8.,124.9));
#9436 = VECTOR('',#9437,1.);
#9437 = DIRECTION('',(-0.707106781187,0.,0.707106781187));
#9438 = ORIENTED_EDGE('',*,*,#8797,.T.);
#9439 = ORIENTED_EDGE('',*,*,#9431,.T.);
#9440 = ORIENTED_EDGE('',*,*,#9441,.F.);
#9441 = EDGE_CURVE('',#9432,#9432,#9442,.T.);
#9442 = CIRCLE('',#9443,2.8);
#9443 = AXIS2_PLACEMENT_3D('',#9444,#9445,#9446);
#9444 = CARTESIAN_POINT('',(8.,8.,125.5));
#9445 = DIRECTION('',(0.,0.,1.));
#9446 = DIRECTION('',(1.,0.,0.));
#9447 = CONICAL_SURFACE('',#9448,3.4,0.785398163397);
#9448 = AXIS2_PLACEMENT_3D('',#9449,#9450,#9451);
#9449 = CARTESIAN_POINT('',(8.,8.,124.9));
#9450 = DIRECTION('',(-0.,-0.,-1.));
#9451 = DIRECTION('',(1.,0.,0.));
#9452 = ADVANCED_FACE('',(#9453),#9472,.T.);
#9453 = FACE_BOUND('',#9454,.T.);
#9454 = EDGE_LOOP('',(#9455,#9456,#9464,#9471));
#9455 = ORIENTED_EDGE('',*,*,#8814,.T.);
#9456 = ORIENTED_EDGE('',*,*,#9457,.T.);
#9457 = EDGE_CURVE('',#8815,#9458,#9460,.T.);
#9458 = VERTEX_POINT('',#9459);
#9459 = CARTESIAN_POINT('',(1.,122.,120.));
#9460 = LINE('',#9461,#9462);
#9461 = CARTESIAN_POINT('',(1.,116.,120.));
#9462 = VECTOR('',#9463,1.);
#9463 = DIRECTION('',(0.,1.,0.));
#9464 = ORIENTED_EDGE('',*,*,#9465,.F.);
#9465 = EDGE_CURVE('',#8848,#9458,#9466,.T.);
#9466 = CIRCLE('',#9467,1.);
#9467 = AXIS2_PLACEMENT_3D('',#9468,#9469,#9470);
#9468 = CARTESIAN_POINT('',(1.,122.,119.));
#9469 = DIRECTION('',(0.,1.,-0.));
#9470 = DIRECTION('',(-1.,0.,0.));
#9471 = ORIENTED_EDGE('',*,*,#8855,.F.);
#9472 = CYLINDRICAL_SURFACE('',#9473,1.);
#9473 = AXIS2_PLACEMENT_3D('',#9474,#9475,#9476);
#9474 = CARTESIAN_POINT('',(1.,116.,119.));
#9475 = DIRECTION('',(0.,1.,0.));
#9476 = DIRECTION('',(-1.,0.,0.));
#9477 = ADVANCED_FACE('',(#9478,#9498),#9509,.T.);
#9478 = FACE_BOUND('',#9479,.T.);
#9479 = EDGE_LOOP('',(#9480,#9481,#9482,#9483,#9491));
#9480 = ORIENTED_EDGE('',*,*,#9457,.F.);
#9481 = ORIENTED_EDGE('',*,*,#8833,.T.);
#9482 = ORIENTED_EDGE('',*,*,#8882,.T.);
#9483 = ORIENTED_EDGE('',*,*,#9484,.F.);
#9484 = EDGE_CURVE('',#9485,#8874,#9487,.T.);
#9485 = VERTEX_POINT('',#9486);
#9486 = CARTESIAN_POINT('',(10.,131.,120.));
#9487 = LINE('',#9488,#9489);
#9488 = CARTESIAN_POINT('',(10.,131.,120.));
#9489 = VECTOR('',#9490,1.);
#9490 = DIRECTION('',(1.,0.,0.));
#9491 = ORIENTED_EDGE('',*,*,#9492,.F.);
#9492 = EDGE_CURVE('',#9458,#9485,#9493,.T.);
#9493 = CIRCLE('',#9494,9.);
#9494 = AXIS2_PLACEMENT_3D('',#9495,#9496,#9497);
#9495 = CARTESIAN_POINT('',(10.,122.,120.));
#9496 = DIRECTION('',(0.,0.,-1.));
#9497 = DIRECTION('',(-1.,0.,0.));
#9498 = FACE_BOUND('',#9499,.T.);
#9499 = EDGE_LOOP('',(#9500));
#9500 = ORIENTED_EDGE('',*,*,#9501,.F.);
#9501 = EDGE_CURVE('',#9502,#9502,#9504,.T.);
#9502 = VERTEX_POINT('',#9503);
#9503 = CARTESIAN_POINT('',(11.4,124.,120.));
#9504 = CIRCLE('',#9505,3.4);
#9505 = AXIS2_PLACEMENT_3D('',#9506,#9507,#9508);
#9506 = CARTESIAN_POINT('',(8.,124.,120.));
#9507 = DIRECTION('',(0.,0.,1.));
#9508 = DIRECTION('',(1.,0.,0.));
#9509 = PLANE('',#9510);
#9510 = AXIS2_PLACEMENT_3D('',#9511,#9512,#9513);
#9511 = CARTESIAN_POINT('',(0.,116.,120.));
#9512 = DIRECTION('',(0.,0.,1.));
#9513 = DIRECTION('',(1.,0.,0.));
#9514 = ADVANCED_FACE('',(#9515),#9527,.T.);
#9515 = FACE_BOUND('',#9516,.T.);
#9516 = EDGE_LOOP('',(#9517,#9524,#9525,#9526));
#9517 = ORIENTED_EDGE('',*,*,#9518,.T.);
#9518 = EDGE_CURVE('',#8897,#9485,#9519,.T.);
#9519 = CIRCLE('',#9520,1.);
#9520 = AXIS2_PLACEMENT_3D('',#9521,#9522,#9523);
#9521 = CARTESIAN_POINT('',(10.,131.,119.));
#9522 = DIRECTION('',(1.,6.123233995737E-17,-0.));
#9523 = DIRECTION('',(-6.123233995737E-17,1.,0.));
#9524 = ORIENTED_EDGE('',*,*,#9484,.T.);
#9525 = ORIENTED_EDGE('',*,*,#8873,.F.);
#9526 = ORIENTED_EDGE('',*,*,#8904,.F.);
#9527 = CYLINDRICAL_SURFACE('',#9528,1.);
#9528 = AXIS2_PLACEMENT_3D('',#9529,#9530,#9531);
#9529 = CARTESIAN_POINT('',(10.,131.,119.));
#9530 = DIRECTION('',(1.,0.,0.));
#9531 = DIRECTION('',(0.,1.,0.));
#9532 = ADVANCED_FACE('',(#9533),#9545,.T.);
#9533 = FACE_BOUND('',#9534,.F.);
#9534 = EDGE_LOOP('',(#9535,#9542,#9543,#9544));
#9535 = ORIENTED_EDGE('',*,*,#9536,.T.);
#9536 = EDGE_CURVE('',#8921,#9030,#9537,.T.);
#9537 = CIRCLE('',#9538,1.);
#9538 = AXIS2_PLACEMENT_3D('',#9539,#9540,#9541);
#9539 = CARTESIAN_POINT('',(10.,131.,61.));
#9540 = DIRECTION('',(-1.,-6.123233995737E-17,-0.));
#9541 = DIRECTION('',(-6.123233995737E-17,1.,0.));
#9542 = ORIENTED_EDGE('',*,*,#9038,.T.);
#9543 = ORIENTED_EDGE('',*,*,#9291,.F.);
#9544 = ORIENTED_EDGE('',*,*,#8930,.F.);
#9545 = CYLINDRICAL_SURFACE('',#9546,1.);
#9546 = AXIS2_PLACEMENT_3D('',#9547,#9548,#9549);
#9547 = CARTESIAN_POINT('',(10.,131.,61.));
#9548 = DIRECTION('',(1.,0.,0.));
#9549 = DIRECTION('',(0.,1.,0.));
#9550 = ADVANCED_FACE('',(#9551,#9558),#9569,.T.);
#9551 = FACE_BOUND('',#9552,.T.);
#9552 = EDGE_LOOP('',(#9553,#9554,#9555,#9556,#9557));
#9553 = ORIENTED_EDGE('',*,*,#9344,.T.);
#9554 = ORIENTED_EDGE('',*,*,#9328,.T.);
#9555 = ORIENTED_EDGE('',*,*,#9361,.T.);
#9556 = ORIENTED_EDGE('',*,*,#8963,.F.);
#9557 = ORIENTED_EDGE('',*,*,#8988,.T.);
#9558 = FACE_BOUND('',#9559,.T.);
#9559 = EDGE_LOOP('',(#9560));
#9560 = ORIENTED_EDGE('',*,*,#9561,.F.);
#9561 = EDGE_CURVE('',#9562,#9562,#9564,.T.);
#9562 = VERTEX_POINT('',#9563);
#9563 = CARTESIAN_POINT('',(137.4,124.,120.));
#9564 = CIRCLE('',#9565,3.4);
#9565 = AXIS2_PLACEMENT_3D('',#9566,#9567,#9568);
#9566 = CARTESIAN_POINT('',(134.,124.,120.));
#9567 = DIRECTION('',(0.,0.,1.));
#9568 = DIRECTION('',(1.,0.,0.));
#9569 = PLANE('',#9570);
#9570 = AXIS2_PLACEMENT_3D('',#9571,#9572,#9573);
#9571 = CARTESIAN_POINT('',(126.,116.,120.));
#9572 = DIRECTION('',(0.,0.,1.));
#9573 = DIRECTION('',(1.,0.,0.));
#9574 = ADVANCED_FACE('',(#9575),#9581,.T.);
#9575 = FACE_BOUND('',#9576,.T.);
#9576 = EDGE_LOOP('',(#9577,#9578,#9579,#9580));
#9577 = ORIENTED_EDGE('',*,*,#9379,.F.);
#9578 = ORIENTED_EDGE('',*,*,#9396,.T.);
#9579 = ORIENTED_EDGE('',*,*,#9536,.T.);
#9580 = ORIENTED_EDGE('',*,*,#9029,.F.);
#9581 = TOROIDAL_SURFACE('',#9582,9.,1.);
#9582 = AXIS2_PLACEMENT_3D('',#9583,#9584,#9585);
#9583 = CARTESIAN_POINT('',(10.,122.,61.));
#9584 = DIRECTION('',(-0.,-0.,-1.));
#9585 = DIRECTION('',(-1.,0.,0.));
#9586 = ADVANCED_FACE('',(#9587),#9606,.F.);
#9587 = FACE_BOUND('',#9588,.T.);
#9588 = EDGE_LOOP('',(#9589,#9590,#9598,#9605));
#9589 = ORIENTED_EDGE('',*,*,#9071,.T.);
#9590 = ORIENTED_EDGE('',*,*,#9591,.T.);
#9591 = EDGE_CURVE('',#9072,#9592,#9594,.T.);
#9592 = VERTEX_POINT('',#9593);
#9593 = CARTESIAN_POINT('',(137.9,124.,66.));
#9594 = LINE('',#9595,#9596);
#9595 = CARTESIAN_POINT('',(137.9,124.,59.));
#9596 = VECTOR('',#9597,1.);
#9597 = DIRECTION('',(0.,0.,1.));
#9598 = ORIENTED_EDGE('',*,*,#9599,.T.);
#9599 = EDGE_CURVE('',#9592,#9592,#9600,.T.);
#9600 = CIRCLE('',#9601,3.9);
#9601 = AXIS2_PLACEMENT_3D('',#9602,#9603,#9604);
#9602 = CARTESIAN_POINT('',(134.,124.,66.));
#9603 = DIRECTION('',(0.,0.,1.));
#9604 = DIRECTION('',(1.,0.,0.));
#9605 = ORIENTED_EDGE('',*,*,#9591,.F.);
#9606 = CYLINDRICAL_SURFACE('',#9607,3.9);
#9607 = AXIS2_PLACEMENT_3D('',#9608,#9609,#9610);
#9608 = CARTESIAN_POINT('',(134.,124.,59.));
#9609 = DIRECTION('',(-0.,-0.,-1.));
#9610 = DIRECTION('',(1.,0.,0.));
#9611 = ADVANCED_FACE('',(#9612),#9631,.F.);
#9612 = FACE_BOUND('',#9613,.T.);
#9613 = EDGE_LOOP('',(#9614,#9615,#9623,#9630));
#9614 = ORIENTED_EDGE('',*,*,#9082,.T.);
#9615 = ORIENTED_EDGE('',*,*,#9616,.T.);
#9616 = EDGE_CURVE('',#9083,#9617,#9619,.T.);
#9617 = VERTEX_POINT('',#9618);
#9618 = CARTESIAN_POINT('',(137.9,8.,66.));
#9619 = LINE('',#9620,#9621);
#9620 = CARTESIAN_POINT('',(137.9,8.,59.));
#9621 = VECTOR('',#9622,1.);
#9622 = DIRECTION('',(0.,0.,1.));
#9623 = ORIENTED_EDGE('',*,*,#9624,.T.);
#9624 = EDGE_CURVE('',#9617,#9617,#9625,.T.);
#9625 = CIRCLE('',#9626,3.9);
#9626 = AXIS2_PLACEMENT_3D('',#9627,#9628,#9629);
#9627 = CARTESIAN_POINT('',(134.,8.,66.));
#9628 = DIRECTION('',(0.,0.,1.));
#9629 = DIRECTION('',(1.,0.,0.));
#9630 = ORIENTED_EDGE('',*,*,#9616,.F.);
#9631 = CYLINDRICAL_SURFACE('',#9632,3.9);
#9632 = AXIS2_PLACEMENT_3D('',#9633,#9634,#9635);
#9633 = CARTESIAN_POINT('',(134.,8.,59.));
#9634 = DIRECTION('',(-0.,-0.,-1.));
#9635 = DIRECTION('',(1.,0.,0.));
#9636 = ADVANCED_FACE('',(#9637),#9656,.F.);
#9637 = FACE_BOUND('',#9638,.T.);
#9638 = EDGE_LOOP('',(#9639,#9640,#9648,#9655));
#9639 = ORIENTED_EDGE('',*,*,#9093,.T.);
#9640 = ORIENTED_EDGE('',*,*,#9641,.T.);
#9641 = EDGE_CURVE('',#9094,#9642,#9644,.T.);
#9642 = VERTEX_POINT('',#9643);
#9643 = CARTESIAN_POINT('',(11.9,124.,66.));
#9644 = LINE('',#9645,#9646);
#9645 = CARTESIAN_POINT('',(11.9,124.,59.));
#9646 = VECTOR('',#9647,1.);
#9647 = DIRECTION('',(0.,0.,1.));
#9648 = ORIENTED_EDGE('',*,*,#9649,.T.);
#9649 = EDGE_CURVE('',#9642,#9642,#9650,.T.);
#9650 = CIRCLE('',#9651,3.9);
#9651 = AXIS2_PLACEMENT_3D('',#9652,#9653,#9654);
#9652 = CARTESIAN_POINT('',(8.,124.,66.));
#9653 = DIRECTION('',(0.,0.,1.));
#9654 = DIRECTION('',(1.,0.,0.));
#9655 = ORIENTED_EDGE('',*,*,#9641,.F.);
#9656 = CYLINDRICAL_SURFACE('',#9657,3.9);
#9657 = AXIS2_PLACEMENT_3D('',#9658,#9659,#9660);
#9658 = CARTESIAN_POINT('',(8.,124.,59.));
#9659 = DIRECTION('',(-0.,-0.,-1.));
#9660 = DIRECTION('',(1.,0.,0.));
#9661 = ADVANCED_FACE('',(#9662),#9681,.F.);
#9662 = FACE_BOUND('',#9663,.T.);
#9663 = EDGE_LOOP('',(#9664,#9665,#9673,#9680));
#9664 = ORIENTED_EDGE('',*,*,#9104,.T.);
#9665 = ORIENTED_EDGE('',*,*,#9666,.T.);
#9666 = EDGE_CURVE('',#9105,#9667,#9669,.T.);
#9667 = VERTEX_POINT('',#9668);
#9668 = CARTESIAN_POINT('',(11.9,8.,66.));
#9669 = LINE('',#9670,#9671);
#9670 = CARTESIAN_POINT('',(11.9,8.,59.));
#9671 = VECTOR('',#9672,1.);
#9672 = DIRECTION('',(0.,0.,1.));
#9673 = ORIENTED_EDGE('',*,*,#9674,.T.);
#9674 = EDGE_CURVE('',#9667,#9667,#9675,.T.);
#9675 = CIRCLE('',#9676,3.9);
#9676 = AXIS2_PLACEMENT_3D('',#9677,#9678,#9679);
#9677 = CARTESIAN_POINT('',(8.,8.,66.));
#9678 = DIRECTION('',(0.,0.,1.));
#9679 = DIRECTION('',(1.,0.,0.));
#9680 = ORIENTED_EDGE('',*,*,#9666,.F.);
#9681 = CYLINDRICAL_SURFACE('',#9682,3.9);
#9682 = AXIS2_PLACEMENT_3D('',#9683,#9684,#9685);
#9683 = CARTESIAN_POINT('',(8.,8.,59.));
#9684 = DIRECTION('',(-0.,-0.,-1.));
#9685 = DIRECTION('',(1.,0.,0.));
#9686 = ADVANCED_FACE('',(#9687),#9712,.T.);
#9687 = FACE_BOUND('',#9688,.T.);
#9688 = EDGE_LOOP('',(#9689,#9699,#9705,#9706));
#9689 = ORIENTED_EDGE('',*,*,#9690,.F.);
#9690 = EDGE_CURVE('',#9691,#9693,#9695,.T.);
#9691 = VERTEX_POINT('',#9692);
#9692 = CARTESIAN_POINT('',(126.5,93.9,61.7));
#9693 = VERTEX_POINT('',#9694);
#9694 = CARTESIAN_POINT('',(130.1,93.9,61.7));
#9695 = LINE('',#9696,#9697);
#9696 = CARTESIAN_POINT('',(126.5,93.9,61.7));
#9697 = VECTOR('',#9698,1.);
#9698 = DIRECTION('',(1.,0.,0.));
#9699 = ORIENTED_EDGE('',*,*,#9700,.T.);
#9700 = EDGE_CURVE('',#9691,#9133,#9701,.T.);
#9701 = LINE('',#9702,#9703);
#9702 = CARTESIAN_POINT('',(126.5,93.9,61.7));
#9703 = VECTOR('',#9704,1.);
#9704 = DIRECTION('',(0.,0.,1.));
#9705 = ORIENTED_EDGE('',*,*,#9132,.T.);
#9706 = ORIENTED_EDGE('',*,*,#9707,.F.);
#9707 = EDGE_CURVE('',#9693,#9135,#9708,.T.);
#9708 = LINE('',#9709,#9710);
#9709 = CARTESIAN_POINT('',(130.1,93.9,61.7));
#9710 = VECTOR('',#9711,1.);
#9711 = DIRECTION('',(0.,0.,1.));
#9712 = PLANE('',#9713);
#9713 = AXIS2_PLACEMENT_3D('',#9714,#9715,#9716);
#9714 = CARTESIAN_POINT('',(126.5,93.9,61.7));
#9715 = DIRECTION('',(0.,1.,0.));
#9716 = DIRECTION('',(0.,0.,1.));
#9717 = ADVANCED_FACE('',(#9718),#9736,.F.);
#9718 = FACE_BOUND('',#9719,.F.);
#9719 = EDGE_LOOP('',(#9720,#9721,#9729,#9735));
#9720 = ORIENTED_EDGE('',*,*,#9707,.F.);
#9721 = ORIENTED_EDGE('',*,*,#9722,.T.);
#9722 = EDGE_CURVE('',#9693,#9723,#9725,.T.);
#9723 = VERTEX_POINT('',#9724);
#9724 = CARTESIAN_POINT('',(130.1,96.9,61.7));
#9725 = LINE('',#9726,#9727);
#9726 = CARTESIAN_POINT('',(130.1,93.9,61.7));
#9727 = VECTOR('',#9728,1.);
#9728 = DIRECTION('',(0.,1.,0.));
#9729 = ORIENTED_EDGE('',*,*,#9730,.T.);
#9730 = EDGE_CURVE('',#9723,#9151,#9731,.T.);
#9731 = LINE('',#9732,#9733);
#9732 = CARTESIAN_POINT('',(130.1,96.9,61.7));
#9733 = VECTOR('',#9734,1.);
#9734 = DIRECTION('',(0.,0.,1.));
#9735 = ORIENTED_EDGE('',*,*,#9158,.F.);
#9736 = PLANE('',#9737);
#9737 = AXIS2_PLACEMENT_3D('',#9738,#9739,#9740);
#9738 = CARTESIAN_POINT('',(130.1,93.9,61.7));
#9739 = DIRECTION('',(1.,0.,0.));
#9740 = DIRECTION('',(0.,0.,1.));
#9741 = ADVANCED_FACE('',(#9742),#9760,.F.);
#9742 = FACE_BOUND('',#9743,.F.);
#9743 = EDGE_LOOP('',(#9744,#9752,#9758,#9759));
#9744 = ORIENTED_EDGE('',*,*,#9745,.F.);
#9745 = EDGE_CURVE('',#9746,#9723,#9748,.T.);
#9746 = VERTEX_POINT('',#9747);
#9747 = CARTESIAN_POINT('',(126.5,96.9,61.7));
#9748 = LINE('',#9749,#9750);
#9749 = CARTESIAN_POINT('',(126.5,96.9,61.7));
#9750 = VECTOR('',#9751,1.);
#9751 = DIRECTION('',(1.,0.,0.));
#9752 = ORIENTED_EDGE('',*,*,#9753,.T.);
#9753 = EDGE_CURVE('',#9746,#9143,#9754,.T.);
#9754 = LINE('',#9755,#9756);
#9755 = CARTESIAN_POINT('',(126.5,96.9,61.7));
#9756 = VECTOR('',#9757,1.);
#9757 = DIRECTION('',(0.,0.,1.));
#9758 = ORIENTED_EDGE('',*,*,#9150,.T.);
#9759 = ORIENTED_EDGE('',*,*,#9730,.F.);
#9760 = PLANE('',#9761);
#9761 = AXIS2_PLACEMENT_3D('',#9762,#9763,#9764);
#9762 = CARTESIAN_POINT('',(126.5,96.9,61.7));
#9763 = DIRECTION('',(0.,1.,0.));
#9764 = DIRECTION('',(0.,0.,1.));
#9765 = ADVANCED_FACE('',(#9766),#9777,.T.);
#9766 = FACE_BOUND('',#9767,.T.);
#9767 = EDGE_LOOP('',(#9768,#9769,#9775,#9776));
#9768 = ORIENTED_EDGE('',*,*,#9700,.F.);
#9769 = ORIENTED_EDGE('',*,*,#9770,.T.);
#9770 = EDGE_CURVE('',#9691,#9746,#9771,.T.);
#9771 = LINE('',#9772,#9773);
#9772 = CARTESIAN_POINT('',(126.5,93.9,61.7));
#9773 = VECTOR('',#9774,1.);
#9774 = DIRECTION('',(0.,1.,0.));
#9775 = ORIENTED_EDGE('',*,*,#9753,.T.);
#9776 = ORIENTED_EDGE('',*,*,#9142,.F.);
#9777 = PLANE('',#9778);
#9778 = AXIS2_PLACEMENT_3D('',#9779,#9780,#9781);
#9779 = CARTESIAN_POINT('',(126.5,93.9,61.7));
#9780 = DIRECTION('',(1.,0.,0.));
#9781 = DIRECTION('',(0.,0.,1.));
#9782 = ADVANCED_FACE('',(#9783),#9808,.T.);
#9783 = FACE_BOUND('',#9784,.T.);
#9784 = EDGE_LOOP('',(#9785,#9795,#9801,#9802));
#9785 = ORIENTED_EDGE('',*,*,#9786,.F.);
#9786 = EDGE_CURVE('',#9787,#9789,#9791,.T.);
#9787 = VERTEX_POINT('',#9788);
#9788 = CARTESIAN_POINT('',(11.9,93.9,61.7));
#9789 = VERTEX_POINT('',#9790);
#9790 = CARTESIAN_POINT('',(15.5,93.9,61.7));
#9791 = LINE('',#9792,#9793);
#9792 = CARTESIAN_POINT('',(11.9,93.9,61.7));
#9793 = VECTOR('',#9794,1.);
#9794 = DIRECTION('',(1.,0.,0.));
#9795 = ORIENTED_EDGE('',*,*,#9796,.T.);
#9796 = EDGE_CURVE('',#9787,#9225,#9797,.T.);
#9797 = LINE('',#9798,#9799);
#9798 = CARTESIAN_POINT('',(11.9,93.9,61.7));
#9799 = VECTOR('',#9800,1.);
#9800 = DIRECTION('',(0.,0.,1.));
#9801 = ORIENTED_EDGE('',*,*,#9224,.T.);
#9802 = ORIENTED_EDGE('',*,*,#9803,.F.);
#9803 = EDGE_CURVE('',#9789,#9227,#9804,.T.);
#9804 = LINE('',#9805,#9806);
#9805 = CARTESIAN_POINT('',(15.5,93.9,61.7));
#9806 = VECTOR('',#9807,1.);
#9807 = DIRECTION('',(0.,0.,1.));
#9808 = PLANE('',#9809);
#9809 = AXIS2_PLACEMENT_3D('',#9810,#9811,#9812);
#9810 = CARTESIAN_POINT('',(11.9,93.9,61.7));
#9811 = DIRECTION('',(0.,1.,0.));
#9812 = DIRECTION('',(0.,0.,1.));
#9813 = ADVANCED_FACE('',(#9814),#9832,.F.);
#9814 = FACE_BOUND('',#9815,.F.);
#9815 = EDGE_LOOP('',(#9816,#9817,#9825,#9831));
#9816 = ORIENTED_EDGE('',*,*,#9803,.F.);
#9817 = ORIENTED_EDGE('',*,*,#9818,.T.);
#9818 = EDGE_CURVE('',#9789,#9819,#9821,.T.);
#9819 = VERTEX_POINT('',#9820);
#9820 = CARTESIAN_POINT('',(15.5,96.9,61.7));
#9821 = LINE('',#9822,#9823);
#9822 = CARTESIAN_POINT('',(15.5,93.9,61.7));
#9823 = VECTOR('',#9824,1.);
#9824 = DIRECTION('',(0.,1.,0.));
#9825 = ORIENTED_EDGE('',*,*,#9826,.T.);
#9826 = EDGE_CURVE('',#9819,#9243,#9827,.T.);
#9827 = LINE('',#9828,#9829);
#9828 = CARTESIAN_POINT('',(15.5,96.9,61.7));
#9829 = VECTOR('',#9830,1.);
#9830 = DIRECTION('',(0.,0.,1.));
#9831 = ORIENTED_EDGE('',*,*,#9250,.F.);
#9832 = PLANE('',#9833);
#9833 = AXIS2_PLACEMENT_3D('',#9834,#9835,#9836);
#9834 = CARTESIAN_POINT('',(15.5,93.9,61.7));
#9835 = DIRECTION('',(1.,0.,0.));
#9836 = DIRECTION('',(0.,0.,1.));
#9837 = ADVANCED_FACE('',(#9838),#9856,.F.);
#9838 = FACE_BOUND('',#9839,.F.);
#9839 = EDGE_LOOP('',(#9840,#9848,#9854,#9855));
#9840 = ORIENTED_EDGE('',*,*,#9841,.F.);
#9841 = EDGE_CURVE('',#9842,#9819,#9844,.T.);
#9842 = VERTEX_POINT('',#9843);
#9843 = CARTESIAN_POINT('',(11.9,96.9,61.7));
#9844 = LINE('',#9845,#9846);
#9845 = CARTESIAN_POINT('',(11.9,96.9,61.7));
#9846 = VECTOR('',#9847,1.);
#9847 = DIRECTION('',(1.,0.,0.));
#9848 = ORIENTED_EDGE('',*,*,#9849,.T.);
#9849 = EDGE_CURVE('',#9842,#9235,#9850,.T.);
#9850 = LINE('',#9851,#9852);
#9851 = CARTESIAN_POINT('',(11.9,96.9,61.7));
#9852 = VECTOR('',#9853,1.);
#9853 = DIRECTION('',(0.,0.,1.));
#9854 = ORIENTED_EDGE('',*,*,#9242,.T.);
#9855 = ORIENTED_EDGE('',*,*,#9826,.F.);
#9856 = PLANE('',#9857);
#9857 = AXIS2_PLACEMENT_3D('',#9858,#9859,#9860);
#9858 = CARTESIAN_POINT('',(11.9,96.9,61.7));
#9859 = DIRECTION('',(0.,1.,0.));
#9860 = DIRECTION('',(0.,0.,1.));
#9861 = ADVANCED_FACE('',(#9862),#9873,.T.);
#9862 = FACE_BOUND('',#9863,.T.);
#9863 = EDGE_LOOP('',(#9864,#9865,#9871,#9872));
#9864 = ORIENTED_EDGE('',*,*,#9796,.F.);
#9865 = ORIENTED_EDGE('',*,*,#9866,.T.);
#9866 = EDGE_CURVE('',#9787,#9842,#9867,.T.);
#9867 = LINE('',#9868,#9869);
#9868 = CARTESIAN_POINT('',(11.9,93.9,61.7));
#9869 = VECTOR('',#9870,1.);
#9870 = DIRECTION('',(0.,1.,0.));
#9871 = ORIENTED_EDGE('',*,*,#9849,.T.);
#9872 = ORIENTED_EDGE('',*,*,#9234,.F.);
#9873 = PLANE('',#9874);
#9874 = AXIS2_PLACEMENT_3D('',#9875,#9876,#9877);
#9875 = CARTESIAN_POINT('',(11.9,93.9,61.7));
#9876 = DIRECTION('',(1.,0.,0.));
#9877 = DIRECTION('',(0.,0.,1.));
#9878 = ADVANCED_FACE('',(#9879),#9885,.T.);
#9879 = FACE_BOUND('',#9880,.F.);
#9880 = EDGE_LOOP('',(#9881,#9882,#9883,#9884));
#9881 = ORIENTED_EDGE('',*,*,#9465,.F.);
#9882 = ORIENTED_EDGE('',*,*,#9416,.T.);
#9883 = ORIENTED_EDGE('',*,*,#9518,.T.);
#9884 = ORIENTED_EDGE('',*,*,#9492,.F.);
#9885 = TOROIDAL_SURFACE('',#9886,9.,1.);
#9886 = AXIS2_PLACEMENT_3D('',#9887,#9888,#9889);
#9887 = CARTESIAN_POINT('',(10.,122.,119.));
#9888 = DIRECTION('',(0.,0.,1.));
#9889 = DIRECTION('',(-1.,0.,0.));
#9890 = ADVANCED_FACE('',(#9891),#9894,.T.);
#9891 = FACE_BOUND('',#9892,.T.);
#9892 = EDGE_LOOP('',(#9893));
#9893 = ORIENTED_EDGE('',*,*,#9441,.T.);
#9894 = PLANE('',#9895);
#9895 = AXIS2_PLACEMENT_3D('',#9896,#9897,#9898);
#9896 = CARTESIAN_POINT('',(8.,8.,125.5));
#9897 = DIRECTION('',(0.,0.,1.));
#9898 = DIRECTION('',(1.,0.,0.));
#9899 = ADVANCED_FACE('',(#9900),#9919,.T.);
#9900 = FACE_BOUND('',#9901,.F.);
#9901 = EDGE_LOOP('',(#9902,#9910,#9917,#9918));
#9902 = ORIENTED_EDGE('',*,*,#9903,.T.);
#9903 = EDGE_CURVE('',#9502,#9904,#9906,.T.);
#9904 = VERTEX_POINT('',#9905);
#9905 = CARTESIAN_POINT('',(11.4,124.,124.9));
#9906 = LINE('',#9907,#9908);
#9907 = CARTESIAN_POINT('',(11.4,124.,120.));
#9908 = VECTOR('',#9909,1.);
#9909 = DIRECTION('',(0.,0.,1.));
#9910 = ORIENTED_EDGE('',*,*,#9911,.T.);
#9911 = EDGE_CURVE('',#9904,#9904,#9912,.T.);
#9912 = CIRCLE('',#9913,3.4);
#9913 = AXIS2_PLACEMENT_3D('',#9914,#9915,#9916);
#9914 = CARTESIAN_POINT('',(8.,124.,124.9));
#9915 = DIRECTION('',(0.,0.,1.));
#9916 = DIRECTION('',(1.,0.,0.));
#9917 = ORIENTED_EDGE('',*,*,#9903,.F.);
#9918 = ORIENTED_EDGE('',*,*,#9501,.F.);
#9919 = CYLINDRICAL_SURFACE('',#9920,3.4);
#9920 = AXIS2_PLACEMENT_3D('',#9921,#9922,#9923);
#9921 = CARTESIAN_POINT('',(8.,124.,120.));
#9922 = DIRECTION('',(-0.,-0.,-1.));
#9923 = DIRECTION('',(1.,0.,0.));
#9924 = ADVANCED_FACE('',(#9925),#9944,.T.);
#9925 = FACE_BOUND('',#9926,.F.);
#9926 = EDGE_LOOP('',(#9927,#9935,#9942,#9943));
#9927 = ORIENTED_EDGE('',*,*,#9928,.T.);
#9928 = EDGE_CURVE('',#9562,#9929,#9931,.T.);
#9929 = VERTEX_POINT('',#9930);
#9930 = CARTESIAN_POINT('',(137.4,124.,124.9));
#9931 = LINE('',#9932,#9933);
#9932 = CARTESIAN_POINT('',(137.4,124.,120.));
#9933 = VECTOR('',#9934,1.);
#9934 = DIRECTION('',(0.,0.,1.));
#9935 = ORIENTED_EDGE('',*,*,#9936,.T.);
#9936 = EDGE_CURVE('',#9929,#9929,#9937,.T.);
#9937 = CIRCLE('',#9938,3.4);
#9938 = AXIS2_PLACEMENT_3D('',#9939,#9940,#9941);
#9939 = CARTESIAN_POINT('',(134.,124.,124.9));
#9940 = DIRECTION('',(0.,0.,1.));
#9941 = DIRECTION('',(1.,0.,0.));
#9942 = ORIENTED_EDGE('',*,*,#9928,.F.);
#9943 = ORIENTED_EDGE('',*,*,#9561,.F.);
#9944 = CYLINDRICAL_SURFACE('',#9945,3.4);
#9945 = AXIS2_PLACEMENT_3D('',#9946,#9947,#9948);
#9946 = CARTESIAN_POINT('',(134.,124.,120.));
#9947 = DIRECTION('',(-0.,-0.,-1.));
#9948 = DIRECTION('',(1.,0.,0.));
#9949 = ADVANCED_FACE('',(#9950),#9953,.F.);
#9950 = FACE_BOUND('',#9951,.T.);
#9951 = EDGE_LOOP('',(#9952));
#9952 = ORIENTED_EDGE('',*,*,#9599,.F.);
#9953 = PLANE('',#9954);
#9954 = AXIS2_PLACEMENT_3D('',#9955,#9956,#9957);
#9955 = CARTESIAN_POINT('',(134.,124.,66.));
#9956 = DIRECTION('',(0.,0.,1.));
#9957 = DIRECTION('',(1.,0.,0.));
#9958 = ADVANCED_FACE('',(#9959),#9962,.F.);
#9959 = FACE_BOUND('',#9960,.T.);
#9960 = EDGE_LOOP('',(#9961));
#9961 = ORIENTED_EDGE('',*,*,#9624,.F.);
#9962 = PLANE('',#9963);
#9963 = AXIS2_PLACEMENT_3D('',#9964,#9965,#9966);
#9964 = CARTESIAN_POINT('',(134.,8.,66.));
#9965 = DIRECTION('',(0.,0.,1.));
#9966 = DIRECTION('',(1.,0.,0.));
#9967 = ADVANCED_FACE('',(#9968),#9971,.F.);
#9968 = FACE_BOUND('',#9969,.T.);
#9969 = EDGE_LOOP('',(#9970));
#9970 = ORIENTED_EDGE('',*,*,#9649,.F.);
#9971 = PLANE('',#9972);
#9972 = AXIS2_PLACEMENT_3D('',#9973,#9974,#9975);
#9973 = CARTESIAN_POINT('',(8.,124.,66.));
#9974 = DIRECTION('',(0.,0.,1.));
#9975 = DIRECTION('',(1.,0.,0.));
#9976 = ADVANCED_FACE('',(#9977),#9980,.F.);
#9977 = FACE_BOUND('',#9978,.T.);
#9978 = EDGE_LOOP('',(#9979));
#9979 = ORIENTED_EDGE('',*,*,#9674,.F.);
#9980 = PLANE('',#9981);
#9981 = AXIS2_PLACEMENT_3D('',#9982,#9983,#9984);
#9982 = CARTESIAN_POINT('',(8.,8.,66.));
#9983 = DIRECTION('',(0.,0.,1.));
#9984 = DIRECTION('',(1.,0.,0.));
#9985 = ADVANCED_FACE('',(#9986),#9992,.T.);
#9986 = FACE_BOUND('',#9987,.T.);
#9987 = EDGE_LOOP('',(#9988,#9989,#9990,#9991));
#9988 = ORIENTED_EDGE('',*,*,#9770,.F.);
#9989 = ORIENTED_EDGE('',*,*,#9690,.T.);
#9990 = ORIENTED_EDGE('',*,*,#9722,.T.);
#9991 = ORIENTED_EDGE('',*,*,#9745,.F.);
#9992 = PLANE('',#9993);
#9993 = AXIS2_PLACEMENT_3D('',#9994,#9995,#9996);
#9994 = CARTESIAN_POINT('',(126.5,93.9,61.7));
#9995 = DIRECTION('',(0.,0.,1.));
#9996 = DIRECTION('',(1.,0.,0.));
#9997 = ADVANCED_FACE('',(#9998),#10004,.T.);
#9998 = FACE_BOUND('',#9999,.T.);
#9999 = EDGE_LOOP('',(#10000,#10001,#10002,#10003));
#10000 = ORIENTED_EDGE('',*,*,#9866,.F.);
#10001 = ORIENTED_EDGE('',*,*,#9786,.T.);
#10002 = ORIENTED_EDGE('',*,*,#9818,.T.);
#10003 = ORIENTED_EDGE('',*,*,#9841,.F.);
#10004 = PLANE('',#10005);
#10005 = AXIS2_PLACEMENT_3D('',#10006,#10007,#10008);
#10006 = CARTESIAN_POINT('',(11.9,93.9,61.7));
#10007 = DIRECTION('',(0.,0.,1.));
#10008 = DIRECTION('',(1.,0.,0.));
#10009 = ADVANCED_FACE('',(#10010),#10029,.T.);
#10010 = FACE_BOUND('',#10011,.T.);
#10011 = EDGE_LOOP('',(#10012,#10020,#10021,#10022));
#10012 = ORIENTED_EDGE('',*,*,#10013,.F.);
#10013 = EDGE_CURVE('',#9904,#10014,#10016,.T.);
#10014 = VERTEX_POINT('',#10015);
#10015 = CARTESIAN_POINT('',(10.8,124.,125.5));
#10016 = LINE('',#10017,#10018);
#10017 = CARTESIAN_POINT('',(11.4,124.,124.9));
#10018 = VECTOR('',#10019,1.);
#10019 = DIRECTION('',(-0.707106781187,0.,0.707106781187));
#10020 = ORIENTED_EDGE('',*,*,#9911,.T.);
#10021 = ORIENTED_EDGE('',*,*,#10013,.T.);
#10022 = ORIENTED_EDGE('',*,*,#10023,.F.);
#10023 = EDGE_CURVE('',#10014,#10014,#10024,.T.);
#10024 = CIRCLE('',#10025,2.8);
#10025 = AXIS2_PLACEMENT_3D('',#10026,#10027,#10028);
#10026 = CARTESIAN_POINT('',(8.,124.,125.5));
#10027 = DIRECTION('',(0.,0.,1.));
#10028 = DIRECTION('',(1.,0.,0.));
#10029 = CONICAL_SURFACE('',#10030,3.4,0.785398163397);
#10030 = AXIS2_PLACEMENT_3D('',#10031,#10032,#10033);
#10031 = CARTESIAN_POINT('',(8.,124.,124.9));
#10032 = DIRECTION('',(-0.,-0.,-1.));
#10033 = DIRECTION('',(1.,0.,0.));
#10034 = ADVANCED_FACE('',(#10035),#10054,.T.);
#10035 = FACE_BOUND('',#10036,.T.);
#10036 = EDGE_LOOP('',(#10037,#10045,#10046,#10047));
#10037 = ORIENTED_EDGE('',*,*,#10038,.F.);
#10038 = EDGE_CURVE('',#9929,#10039,#10041,.T.);
#10039 = VERTEX_POINT('',#10040);
#10040 = CARTESIAN_POINT('',(136.8,124.,125.5));
#10041 = LINE('',#10042,#10043);
#10042 = CARTESIAN_POINT('',(137.4,124.,124.9));
#10043 = VECTOR('',#10044,1.);
#10044 = DIRECTION('',(-0.707106781187,0.,0.707106781187));
#10045 = ORIENTED_EDGE('',*,*,#9936,.T.);
#10046 = ORIENTED_EDGE('',*,*,#10038,.T.);
#10047 = ORIENTED_EDGE('',*,*,#10048,.F.);
#10048 = EDGE_CURVE('',#10039,#10039,#10049,.T.);
#10049 = CIRCLE('',#10050,2.8);
#10050 = AXIS2_PLACEMENT_3D('',#10051,#10052,#10053);
#10051 = CARTESIAN_POINT('',(134.,124.,125.5));
#10052 = DIRECTION('',(0.,0.,1.));
#10053 = DIRECTION('',(1.,0.,0.));
#10054 = CONICAL_SURFACE('',#10055,3.4,0.785398163397);
#10055 = AXIS2_PLACEMENT_3D('',#10056,#10057,#10058);
#10056 = CARTESIAN_POINT('',(134.,124.,124.9));
#10057 = DIRECTION('',(-0.,-0.,-1.));
#10058 = DIRECTION('',(1.,0.,0.));
#10059 = ADVANCED_FACE('',(#10060),#10063,.T.);
#10060 = FACE_BOUND('',#10061,.T.);
#10061 = EDGE_LOOP('',(#10062));
#10062 = ORIENTED_EDGE('',*,*,#10023,.T.);
#10063 = PLANE('',#10064);
#10064 = AXIS2_PLACEMENT_3D('',#10065,#10066,#10067);
#10065 = CARTESIAN_POINT('',(8.,124.,125.5));
#10066 = DIRECTION('',(0.,0.,1.));
#10067 = DIRECTION('',(1.,0.,0.));
#10068 = ADVANCED_FACE('',(#10069),#10072,.T.);
#10069 = FACE_BOUND('',#10070,.T.);
#10070 = EDGE_LOOP('',(#10071));
#10071 = ORIENTED_EDGE('',*,*,#10048,.T.);
#10072 = PLANE('',#10073);
#10073 = AXIS2_PLACEMENT_3D('',#10074,#10075,#10076);
#10074 = CARTESIAN_POINT('',(134.,124.,125.5));
#10075 = DIRECTION('',(0.,0.,1.));
#10076 = DIRECTION('',(1.,0.,0.));
#10077 = MANIFOLD_SOLID_BREP('',#10078);
#10078 = CLOSED_SHELL('',(#10079,#10119,#10150,#10181,#10267,#10298,
    #10322,#10346,#10377,#10401,#10425,#10442,#10459,#10475));
#10079 = ADVANCED_FACE('',(#10080),#10114,.F.);
#10080 = FACE_BOUND('',#10081,.F.);
#10081 = EDGE_LOOP('',(#10082,#10092,#10100,#10108));
#10082 = ORIENTED_EDGE('',*,*,#10083,.F.);
#10083 = EDGE_CURVE('',#10084,#10086,#10088,.T.);
#10084 = VERTEX_POINT('',#10085);
#10085 = CARTESIAN_POINT('',(12.2,94.,68.));
#10086 = VERTEX_POINT('',#10087);
#10087 = CARTESIAN_POINT('',(129.8,94.,68.));
#10088 = LINE('',#10089,#10090);
#10089 = CARTESIAN_POINT('',(12.2,94.,68.));
#10090 = VECTOR('',#10091,1.);
#10091 = DIRECTION('',(1.,0.,0.));
#10092 = ORIENTED_EDGE('',*,*,#10093,.T.);
#10093 = EDGE_CURVE('',#10084,#10094,#10096,.T.);
#10094 = VERTEX_POINT('',#10095);
#10095 = CARTESIAN_POINT('',(12.2,94.,74.));
#10096 = LINE('',#10097,#10098);
#10097 = CARTESIAN_POINT('',(12.2,94.,68.));
#10098 = VECTOR('',#10099,1.);
#10099 = DIRECTION('',(0.,0.,1.));
#10100 = ORIENTED_EDGE('',*,*,#10101,.T.);
#10101 = EDGE_CURVE('',#10094,#10102,#10104,.T.);
#10102 = VERTEX_POINT('',#10103);
#10103 = CARTESIAN_POINT('',(129.8,94.,74.));
#10104 = LINE('',#10105,#10106);
#10105 = CARTESIAN_POINT('',(12.2,94.,74.));
#10106 = VECTOR('',#10107,1.);
#10107 = DIRECTION('',(1.,0.,0.));
#10108 = ORIENTED_EDGE('',*,*,#10109,.F.);
#10109 = EDGE_CURVE('',#10086,#10102,#10110,.T.);
#10110 = LINE('',#10111,#10112);
#10111 = CARTESIAN_POINT('',(129.8,94.,68.));
#10112 = VECTOR('',#10113,1.);
#10113 = DIRECTION('',(0.,0.,1.));
#10114 = PLANE('',#10115);
#10115 = AXIS2_PLACEMENT_3D('',#10116,#10117,#10118);
#10116 = CARTESIAN_POINT('',(12.2,94.,68.));
#10117 = DIRECTION('',(0.,1.,0.));
#10118 = DIRECTION('',(0.,0.,1.));
#10119 = ADVANCED_FACE('',(#10120),#10145,.T.);
#10120 = FACE_BOUND('',#10121,.T.);
#10121 = EDGE_LOOP('',(#10122,#10130,#10131,#10139));
#10122 = ORIENTED_EDGE('',*,*,#10123,.F.);
#10123 = EDGE_CURVE('',#10094,#10124,#10126,.T.);
#10124 = VERTEX_POINT('',#10125);
#10125 = CARTESIAN_POINT('',(12.2,96.8,74.));
#10126 = LINE('',#10127,#10128);
#10127 = CARTESIAN_POINT('',(12.2,94.,74.));
#10128 = VECTOR('',#10129,1.);
#10129 = DIRECTION('',(0.,1.,0.));
#10130 = ORIENTED_EDGE('',*,*,#10101,.T.);
#10131 = ORIENTED_EDGE('',*,*,#10132,.T.);
#10132 = EDGE_CURVE('',#10102,#10133,#10135,.T.);
#10133 = VERTEX_POINT('',#10134);
#10134 = CARTESIAN_POINT('',(129.8,96.8,74.));
#10135 = LINE('',#10136,#10137);
#10136 = CARTESIAN_POINT('',(129.8,94.,74.));
#10137 = VECTOR('',#10138,1.);
#10138 = DIRECTION('',(0.,1.,0.));
#10139 = ORIENTED_EDGE('',*,*,#10140,.F.);
#10140 = EDGE_CURVE('',#10124,#10133,#10141,.T.);
#10141 = LINE('',#10142,#10143);
#10142 = CARTESIAN_POINT('',(12.2,96.8,74.));
#10143 = VECTOR('',#10144,1.);
#10144 = DIRECTION('',(1.,0.,0.));
#10145 = PLANE('',#10146);
#10146 = AXIS2_PLACEMENT_3D('',#10147,#10148,#10149);
#10147 = CARTESIAN_POINT('',(12.2,94.,74.));
#10148 = DIRECTION('',(0.,0.,1.));
#10149 = DIRECTION('',(1.,0.,0.));
#10150 = ADVANCED_FACE('',(#10151),#10176,.T.);
#10151 = FACE_BOUND('',#10152,.T.);
#10152 = EDGE_LOOP('',(#10153,#10163,#10169,#10170));
#10153 = ORIENTED_EDGE('',*,*,#10154,.F.);
#10154 = EDGE_CURVE('',#10155,#10157,#10159,.T.);
#10155 = VERTEX_POINT('',#10156);
#10156 = CARTESIAN_POINT('',(12.2,96.8,68.));
#10157 = VERTEX_POINT('',#10158);
#10158 = CARTESIAN_POINT('',(129.8,96.8,68.));
#10159 = LINE('',#10160,#10161);
#10160 = CARTESIAN_POINT('',(12.2,96.8,68.));
#10161 = VECTOR('',#10162,1.);
#10162 = DIRECTION('',(1.,0.,0.));
#10163 = ORIENTED_EDGE('',*,*,#10164,.T.);
#10164 = EDGE_CURVE('',#10155,#10124,#10165,.T.);
#10165 = LINE('',#10166,#10167);
#10166 = CARTESIAN_POINT('',(12.2,96.8,68.));
#10167 = VECTOR('',#10168,1.);
#10168 = DIRECTION('',(0.,0.,1.));
#10169 = ORIENTED_EDGE('',*,*,#10140,.T.);
#10170 = ORIENTED_EDGE('',*,*,#10171,.F.);
#10171 = EDGE_CURVE('',#10157,#10133,#10172,.T.);
#10172 = LINE('',#10173,#10174);
#10173 = CARTESIAN_POINT('',(129.8,96.8,68.));
#10174 = VECTOR('',#10175,1.);
#10175 = DIRECTION('',(0.,0.,1.));
#10176 = PLANE('',#10177);
#10177 = AXIS2_PLACEMENT_3D('',#10178,#10179,#10180);
#10178 = CARTESIAN_POINT('',(12.2,96.8,68.));
#10179 = DIRECTION('',(0.,1.,0.));
#10180 = DIRECTION('',(0.,0.,1.));
#10181 = ADVANCED_FACE('',(#10182),#10262,.F.);
#10182 = FACE_BOUND('',#10183,.F.);
#10183 = EDGE_LOOP('',(#10184,#10192,#10193,#10201,#10209,#10217,#10225,
    #10231,#10232,#10240,#10248,#10256));
#10184 = ORIENTED_EDGE('',*,*,#10185,.F.);
#10185 = EDGE_CURVE('',#10084,#10186,#10188,.T.);
#10186 = VERTEX_POINT('',#10187);
#10187 = CARTESIAN_POINT('',(12.2,94.2,68.));
#10188 = LINE('',#10189,#10190);
#10189 = CARTESIAN_POINT('',(12.2,94.,68.));
#10190 = VECTOR('',#10191,1.);
#10191 = DIRECTION('',(0.,1.,0.));
#10192 = ORIENTED_EDGE('',*,*,#10083,.T.);
#10193 = ORIENTED_EDGE('',*,*,#10194,.T.);
#10194 = EDGE_CURVE('',#10086,#10195,#10197,.T.);
#10195 = VERTEX_POINT('',#10196);
#10196 = CARTESIAN_POINT('',(129.8,94.2,68.));
#10197 = LINE('',#10198,#10199);
#10198 = CARTESIAN_POINT('',(129.8,94.,68.));
#10199 = VECTOR('',#10200,1.);
#10200 = DIRECTION('',(0.,1.,0.));
#10201 = ORIENTED_EDGE('',*,*,#10202,.F.);
#10202 = EDGE_CURVE('',#10203,#10195,#10205,.T.);
#10203 = VERTEX_POINT('',#10204);
#10204 = CARTESIAN_POINT('',(126.8,94.2,68.));
#10205 = LINE('',#10206,#10207);
#10206 = CARTESIAN_POINT('',(126.8,94.2,68.));
#10207 = VECTOR('',#10208,1.);
#10208 = DIRECTION('',(1.,0.,0.));
#10209 = ORIENTED_EDGE('',*,*,#10210,.T.);
#10210 = EDGE_CURVE('',#10203,#10211,#10213,.T.);
#10211 = VERTEX_POINT('',#10212);
#10212 = CARTESIAN_POINT('',(126.8,96.6,68.));
#10213 = LINE('',#10214,#10215);
#10214 = CARTESIAN_POINT('',(126.8,94.2,68.));
#10215 = VECTOR('',#10216,1.);
#10216 = DIRECTION('',(0.,1.,0.));
#10217 = ORIENTED_EDGE('',*,*,#10218,.T.);
#10218 = EDGE_CURVE('',#10211,#10219,#10221,.T.);
#10219 = VERTEX_POINT('',#10220);
#10220 = CARTESIAN_POINT('',(129.8,96.6,68.));
#10221 = LINE('',#10222,#10223);
#10222 = CARTESIAN_POINT('',(126.8,96.6,68.));
#10223 = VECTOR('',#10224,1.);
#10224 = DIRECTION('',(1.,0.,0.));
#10225 = ORIENTED_EDGE('',*,*,#10226,.T.);
#10226 = EDGE_CURVE('',#10219,#10157,#10227,.T.);
#10227 = LINE('',#10228,#10229);
#10228 = CARTESIAN_POINT('',(129.8,94.,68.));
#10229 = VECTOR('',#10230,1.);
#10230 = DIRECTION('',(0.,1.,0.));
#10231 = ORIENTED_EDGE('',*,*,#10154,.F.);
#10232 = ORIENTED_EDGE('',*,*,#10233,.F.);
#10233 = EDGE_CURVE('',#10234,#10155,#10236,.T.);
#10234 = VERTEX_POINT('',#10235);
#10235 = CARTESIAN_POINT('',(12.2,96.6,68.));
#10236 = LINE('',#10237,#10238);
#10237 = CARTESIAN_POINT('',(12.2,94.,68.));
#10238 = VECTOR('',#10239,1.);
#10239 = DIRECTION('',(0.,1.,0.));
#10240 = ORIENTED_EDGE('',*,*,#10241,.T.);
#10241 = EDGE_CURVE('',#10234,#10242,#10244,.T.);
#10242 = VERTEX_POINT('',#10243);
#10243 = CARTESIAN_POINT('',(15.2,96.6,68.));
#10244 = LINE('',#10245,#10246);
#10245 = CARTESIAN_POINT('',(12.2,96.6,68.));
#10246 = VECTOR('',#10247,1.);
#10247 = DIRECTION('',(1.,0.,0.));
#10248 = ORIENTED_EDGE('',*,*,#10249,.F.);
#10249 = EDGE_CURVE('',#10250,#10242,#10252,.T.);
#10250 = VERTEX_POINT('',#10251);
#10251 = CARTESIAN_POINT('',(15.2,94.2,68.));
#10252 = LINE('',#10253,#10254);
#10253 = CARTESIAN_POINT('',(15.2,94.2,68.));
#10254 = VECTOR('',#10255,1.);
#10255 = DIRECTION('',(0.,1.,0.));
#10256 = ORIENTED_EDGE('',*,*,#10257,.F.);
#10257 = EDGE_CURVE('',#10186,#10250,#10258,.T.);
#10258 = LINE('',#10259,#10260);
#10259 = CARTESIAN_POINT('',(12.2,94.2,68.));
#10260 = VECTOR('',#10261,1.);
#10261 = DIRECTION('',(1.,0.,0.));
#10262 = PLANE('',#10263);
#10263 = AXIS2_PLACEMENT_3D('',#10264,#10265,#10266);
#10264 = CARTESIAN_POINT('',(12.2,94.,68.));
#10265 = DIRECTION('',(0.,0.,1.));
#10266 = DIRECTION('',(1.,0.,0.));
#10267 = ADVANCED_FACE('',(#10268),#10293,.F.);
#10268 = FACE_BOUND('',#10269,.F.);
#10269 = EDGE_LOOP('',(#10270,#10280,#10286,#10287));
#10270 = ORIENTED_EDGE('',*,*,#10271,.F.);
#10271 = EDGE_CURVE('',#10272,#10274,#10276,.T.);
#10272 = VERTEX_POINT('',#10273);
#10273 = CARTESIAN_POINT('',(12.2,94.2,62.));
#10274 = VERTEX_POINT('',#10275);
#10275 = CARTESIAN_POINT('',(15.2,94.2,62.));
#10276 = LINE('',#10277,#10278);
#10277 = CARTESIAN_POINT('',(12.2,94.2,62.));
#10278 = VECTOR('',#10279,1.);
#10279 = DIRECTION('',(1.,0.,0.));
#10280 = ORIENTED_EDGE('',*,*,#10281,.T.);
#10281 = EDGE_CURVE('',#10272,#10186,#10282,.T.);
#10282 = LINE('',#10283,#10284);
#10283 = CARTESIAN_POINT('',(12.2,94.2,62.));
#10284 = VECTOR('',#10285,1.);
#10285 = DIRECTION('',(0.,0.,1.));
#10286 = ORIENTED_EDGE('',*,*,#10257,.T.);
#10287 = ORIENTED_EDGE('',*,*,#10288,.F.);
#10288 = EDGE_CURVE('',#10274,#10250,#10289,.T.);
#10289 = LINE('',#10290,#10291);
#10290 = CARTESIAN_POINT('',(15.2,94.2,62.));
#10291 = VECTOR('',#10292,1.);
#10292 = DIRECTION('',(0.,0.,1.));
#10293 = PLANE('',#10294);
#10294 = AXIS2_PLACEMENT_3D('',#10295,#10296,#10297);
#10295 = CARTESIAN_POINT('',(12.2,94.2,62.));
#10296 = DIRECTION('',(0.,1.,0.));
#10297 = DIRECTION('',(0.,0.,1.));
#10298 = ADVANCED_FACE('',(#10299),#10317,.T.);
#10299 = FACE_BOUND('',#10300,.T.);
#10300 = EDGE_LOOP('',(#10301,#10302,#10310,#10316));
#10301 = ORIENTED_EDGE('',*,*,#10288,.F.);
#10302 = ORIENTED_EDGE('',*,*,#10303,.T.);
#10303 = EDGE_CURVE('',#10274,#10304,#10306,.T.);
#10304 = VERTEX_POINT('',#10305);
#10305 = CARTESIAN_POINT('',(15.2,96.6,62.));
#10306 = LINE('',#10307,#10308);
#10307 = CARTESIAN_POINT('',(15.2,94.2,62.));
#10308 = VECTOR('',#10309,1.);
#10309 = DIRECTION('',(0.,1.,0.));
#10310 = ORIENTED_EDGE('',*,*,#10311,.T.);
#10311 = EDGE_CURVE('',#10304,#10242,#10312,.T.);
#10312 = LINE('',#10313,#10314);
#10313 = CARTESIAN_POINT('',(15.2,96.6,62.));
#10314 = VECTOR('',#10315,1.);
#10315 = DIRECTION('',(0.,0.,1.));
#10316 = ORIENTED_EDGE('',*,*,#10249,.F.);
#10317 = PLANE('',#10318);
#10318 = AXIS2_PLACEMENT_3D('',#10319,#10320,#10321);
#10319 = CARTESIAN_POINT('',(15.2,94.2,62.));
#10320 = DIRECTION('',(1.,0.,0.));
#10321 = DIRECTION('',(0.,0.,1.));
#10322 = ADVANCED_FACE('',(#10323),#10341,.T.);
#10323 = FACE_BOUND('',#10324,.T.);
#10324 = EDGE_LOOP('',(#10325,#10333,#10339,#10340));
#10325 = ORIENTED_EDGE('',*,*,#10326,.F.);
#10326 = EDGE_CURVE('',#10327,#10304,#10329,.T.);
#10327 = VERTEX_POINT('',#10328);
#10328 = CARTESIAN_POINT('',(12.2,96.6,62.));
#10329 = LINE('',#10330,#10331);
#10330 = CARTESIAN_POINT('',(12.2,96.6,62.));
#10331 = VECTOR('',#10332,1.);
#10332 = DIRECTION('',(1.,0.,0.));
#10333 = ORIENTED_EDGE('',*,*,#10334,.T.);
#10334 = EDGE_CURVE('',#10327,#10234,#10335,.T.);
#10335 = LINE('',#10336,#10337);
#10336 = CARTESIAN_POINT('',(12.2,96.6,62.));
#10337 = VECTOR('',#10338,1.);
#10338 = DIRECTION('',(0.,0.,1.));
#10339 = ORIENTED_EDGE('',*,*,#10241,.T.);
#10340 = ORIENTED_EDGE('',*,*,#10311,.F.);
#10341 = PLANE('',#10342);
#10342 = AXIS2_PLACEMENT_3D('',#10343,#10344,#10345);
#10343 = CARTESIAN_POINT('',(12.2,96.6,62.));
#10344 = DIRECTION('',(0.,1.,0.));
#10345 = DIRECTION('',(0.,0.,1.));
#10346 = ADVANCED_FACE('',(#10347),#10372,.T.);
#10347 = FACE_BOUND('',#10348,.T.);
#10348 = EDGE_LOOP('',(#10349,#10359,#10365,#10366));
#10349 = ORIENTED_EDGE('',*,*,#10350,.F.);
#10350 = EDGE_CURVE('',#10351,#10353,#10355,.T.);
#10351 = VERTEX_POINT('',#10352);
#10352 = CARTESIAN_POINT('',(126.8,96.6,62.));
#10353 = VERTEX_POINT('',#10354);
#10354 = CARTESIAN_POINT('',(129.8,96.6,62.));
#10355 = LINE('',#10356,#10357);
#10356 = CARTESIAN_POINT('',(126.8,96.6,62.));
#10357 = VECTOR('',#10358,1.);
#10358 = DIRECTION('',(1.,0.,0.));
#10359 = ORIENTED_EDGE('',*,*,#10360,.T.);
#10360 = EDGE_CURVE('',#10351,#10211,#10361,.T.);
#10361 = LINE('',#10362,#10363);
#10362 = CARTESIAN_POINT('',(126.8,96.6,62.));
#10363 = VECTOR('',#10364,1.);
#10364 = DIRECTION('',(0.,0.,1.));
#10365 = ORIENTED_EDGE('',*,*,#10218,.T.);
#10366 = ORIENTED_EDGE('',*,*,#10367,.F.);
#10367 = EDGE_CURVE('',#10353,#10219,#10368,.T.);
#10368 = LINE('',#10369,#10370);
#10369 = CARTESIAN_POINT('',(129.8,96.6,62.));
#10370 = VECTOR('',#10371,1.);
#10371 = DIRECTION('',(0.,0.,1.));
#10372 = PLANE('',#10373);
#10373 = AXIS2_PLACEMENT_3D('',#10374,#10375,#10376);
#10374 = CARTESIAN_POINT('',(126.8,96.6,62.));
#10375 = DIRECTION('',(0.,1.,0.));
#10376 = DIRECTION('',(0.,0.,1.));
#10377 = ADVANCED_FACE('',(#10378),#10396,.F.);
#10378 = FACE_BOUND('',#10379,.F.);
#10379 = EDGE_LOOP('',(#10380,#10388,#10394,#10395));
#10380 = ORIENTED_EDGE('',*,*,#10381,.F.);
#10381 = EDGE_CURVE('',#10382,#10203,#10384,.T.);
#10382 = VERTEX_POINT('',#10383);
#10383 = CARTESIAN_POINT('',(126.8,94.2,62.));
#10384 = LINE('',#10385,#10386);
#10385 = CARTESIAN_POINT('',(126.8,94.2,62.));
#10386 = VECTOR('',#10387,1.);
#10387 = DIRECTION('',(0.,0.,1.));
#10388 = ORIENTED_EDGE('',*,*,#10389,.T.);
#10389 = EDGE_CURVE('',#10382,#10351,#10390,.T.);
#10390 = LINE('',#10391,#10392);
#10391 = CARTESIAN_POINT('',(126.8,94.2,62.));
#10392 = VECTOR('',#10393,1.);
#10393 = DIRECTION('',(0.,1.,0.));
#10394 = ORIENTED_EDGE('',*,*,#10360,.T.);
#10395 = ORIENTED_EDGE('',*,*,#10210,.F.);
#10396 = PLANE('',#10397);
#10397 = AXIS2_PLACEMENT_3D('',#10398,#10399,#10400);
#10398 = CARTESIAN_POINT('',(126.8,94.2,62.));
#10399 = DIRECTION('',(1.,0.,0.));
#10400 = DIRECTION('',(0.,0.,1.));
#10401 = ADVANCED_FACE('',(#10402),#10420,.F.);
#10402 = FACE_BOUND('',#10403,.F.);
#10403 = EDGE_LOOP('',(#10404,#10412,#10413,#10414));
#10404 = ORIENTED_EDGE('',*,*,#10405,.F.);
#10405 = EDGE_CURVE('',#10382,#10406,#10408,.T.);
#10406 = VERTEX_POINT('',#10407);
#10407 = CARTESIAN_POINT('',(129.8,94.2,62.));
#10408 = LINE('',#10409,#10410);
#10409 = CARTESIAN_POINT('',(126.8,94.2,62.));
#10410 = VECTOR('',#10411,1.);
#10411 = DIRECTION('',(1.,0.,0.));
#10412 = ORIENTED_EDGE('',*,*,#10381,.T.);
#10413 = ORIENTED_EDGE('',*,*,#10202,.T.);
#10414 = ORIENTED_EDGE('',*,*,#10415,.F.);
#10415 = EDGE_CURVE('',#10406,#10195,#10416,.T.);
#10416 = LINE('',#10417,#10418);
#10417 = CARTESIAN_POINT('',(129.8,94.2,62.));
#10418 = VECTOR('',#10419,1.);
#10419 = DIRECTION('',(0.,0.,1.));
#10420 = PLANE('',#10421);
#10421 = AXIS2_PLACEMENT_3D('',#10422,#10423,#10424);
#10422 = CARTESIAN_POINT('',(126.8,94.2,62.));
#10423 = DIRECTION('',(0.,1.,0.));
#10424 = DIRECTION('',(0.,0.,1.));
#10425 = ADVANCED_FACE('',(#10426),#10437,.F.);
#10426 = FACE_BOUND('',#10427,.F.);
#10427 = EDGE_LOOP('',(#10428,#10434,#10435,#10436));
#10428 = ORIENTED_EDGE('',*,*,#10429,.F.);
#10429 = EDGE_CURVE('',#10272,#10327,#10430,.T.);
#10430 = LINE('',#10431,#10432);
#10431 = CARTESIAN_POINT('',(12.2,94.2,62.));
#10432 = VECTOR('',#10433,1.);
#10433 = DIRECTION('',(0.,1.,0.));
#10434 = ORIENTED_EDGE('',*,*,#10271,.T.);
#10435 = ORIENTED_EDGE('',*,*,#10303,.T.);
#10436 = ORIENTED_EDGE('',*,*,#10326,.F.);
#10437 = PLANE('',#10438);
#10438 = AXIS2_PLACEMENT_3D('',#10439,#10440,#10441);
#10439 = CARTESIAN_POINT('',(12.2,94.2,62.));
#10440 = DIRECTION('',(0.,0.,1.));
#10441 = DIRECTION('',(1.,0.,0.));
#10442 = ADVANCED_FACE('',(#10443),#10454,.F.);
#10443 = FACE_BOUND('',#10444,.F.);
#10444 = EDGE_LOOP('',(#10445,#10446,#10447,#10453));
#10445 = ORIENTED_EDGE('',*,*,#10389,.F.);
#10446 = ORIENTED_EDGE('',*,*,#10405,.T.);
#10447 = ORIENTED_EDGE('',*,*,#10448,.T.);
#10448 = EDGE_CURVE('',#10406,#10353,#10449,.T.);
#10449 = LINE('',#10450,#10451);
#10450 = CARTESIAN_POINT('',(129.8,94.2,62.));
#10451 = VECTOR('',#10452,1.);
#10452 = DIRECTION('',(0.,1.,0.));
#10453 = ORIENTED_EDGE('',*,*,#10350,.F.);
#10454 = PLANE('',#10455);
#10455 = AXIS2_PLACEMENT_3D('',#10456,#10457,#10458);
#10456 = CARTESIAN_POINT('',(126.8,94.2,62.));
#10457 = DIRECTION('',(0.,0.,1.));
#10458 = DIRECTION('',(1.,0.,0.));
#10459 = ADVANCED_FACE('',(#10460),#10470,.T.);
#10460 = FACE_BOUND('',#10461,.T.);
#10461 = EDGE_LOOP('',(#10462,#10463,#10464,#10465,#10466,#10467,#10468,
    #10469));
#10462 = ORIENTED_EDGE('',*,*,#10093,.T.);
#10463 = ORIENTED_EDGE('',*,*,#10123,.T.);
#10464 = ORIENTED_EDGE('',*,*,#10164,.F.);
#10465 = ORIENTED_EDGE('',*,*,#10233,.F.);
#10466 = ORIENTED_EDGE('',*,*,#10334,.F.);
#10467 = ORIENTED_EDGE('',*,*,#10429,.F.);
#10468 = ORIENTED_EDGE('',*,*,#10281,.T.);
#10469 = ORIENTED_EDGE('',*,*,#10185,.F.);
#10470 = PLANE('',#10471);
#10471 = AXIS2_PLACEMENT_3D('',#10472,#10473,#10474);
#10472 = CARTESIAN_POINT('',(12.2,95.4,68.081081081081));
#10473 = DIRECTION('',(-1.,-0.,-0.));
#10474 = DIRECTION('',(0.,0.,-1.));
#10475 = ADVANCED_FACE('',(#10476),#10486,.T.);
#10476 = FACE_BOUND('',#10477,.T.);
#10477 = EDGE_LOOP('',(#10478,#10479,#10480,#10481,#10482,#10483,#10484,
    #10485));
#10478 = ORIENTED_EDGE('',*,*,#10109,.F.);
#10479 = ORIENTED_EDGE('',*,*,#10194,.T.);
#10480 = ORIENTED_EDGE('',*,*,#10415,.F.);
#10481 = ORIENTED_EDGE('',*,*,#10448,.T.);
#10482 = ORIENTED_EDGE('',*,*,#10367,.T.);
#10483 = ORIENTED_EDGE('',*,*,#10226,.T.);
#10484 = ORIENTED_EDGE('',*,*,#10171,.T.);
#10485 = ORIENTED_EDGE('',*,*,#10132,.F.);
#10486 = PLANE('',#10487);
#10487 = AXIS2_PLACEMENT_3D('',#10488,#10489,#10490);
#10488 = CARTESIAN_POINT('',(129.8,95.4,68.081081081081));
#10489 = DIRECTION('',(1.,0.,2.367731216302E-15));
#10490 = DIRECTION('',(-2.367731216302E-15,0.,1.));
#10491 = MANIFOLD_SOLID_BREP('',#10492);
#10492 = CLOSED_SHELL('',(#10493,#10533,#10564,#10604,#10635,#10666,
    #10697,#10721,#10756,#10782,#10810,#10827));
#10493 = ADVANCED_FACE('',(#10494),#10528,.T.);
#10494 = FACE_BOUND('',#10495,.T.);
#10495 = EDGE_LOOP('',(#10496,#10506,#10514,#10522));
#10496 = ORIENTED_EDGE('',*,*,#10497,.F.);
#10497 = EDGE_CURVE('',#10498,#10500,#10502,.T.);
#10498 = VERTEX_POINT('',#10499);
#10499 = CARTESIAN_POINT('',(17.8,2.2,74.8));
#10500 = VERTEX_POINT('',#10501);
#10501 = CARTESIAN_POINT('',(17.8,84.,74.8));
#10502 = LINE('',#10503,#10504);
#10503 = CARTESIAN_POINT('',(17.8,2.2,74.8));
#10504 = VECTOR('',#10505,1.);
#10505 = DIRECTION('',(0.,1.,0.));
#10506 = ORIENTED_EDGE('',*,*,#10507,.T.);
#10507 = EDGE_CURVE('',#10498,#10508,#10510,.T.);
#10508 = VERTEX_POINT('',#10509);
#10509 = CARTESIAN_POINT('',(18.8,2.2,74.8));
#10510 = LINE('',#10511,#10512);
#10511 = CARTESIAN_POINT('',(17.8,2.2,74.8));
#10512 = VECTOR('',#10513,1.);
#10513 = DIRECTION('',(1.,0.,0.));
#10514 = ORIENTED_EDGE('',*,*,#10515,.T.);
#10515 = EDGE_CURVE('',#10508,#10516,#10518,.T.);
#10516 = VERTEX_POINT('',#10517);
#10517 = CARTESIAN_POINT('',(18.8,84.,74.8));
#10518 = LINE('',#10519,#10520);
#10519 = CARTESIAN_POINT('',(18.8,2.2,74.8));
#10520 = VECTOR('',#10521,1.);
#10521 = DIRECTION('',(0.,1.,0.));
#10522 = ORIENTED_EDGE('',*,*,#10523,.T.);
#10523 = EDGE_CURVE('',#10516,#10500,#10524,.T.);
#10524 = LINE('',#10525,#10526);
#10525 = CARTESIAN_POINT('',(17.8,84.,74.8));
#10526 = VECTOR('',#10527,1.);
#10527 = DIRECTION('',(-1.,0.,0.));
#10528 = PLANE('',#10529);
#10529 = AXIS2_PLACEMENT_3D('',#10530,#10531,#10532);
#10530 = CARTESIAN_POINT('',(17.8,2.2,74.8));
#10531 = DIRECTION('',(0.,0.,1.));
#10532 = DIRECTION('',(1.,0.,0.));
#10533 = ADVANCED_FACE('',(#10534),#10559,.F.);
#10534 = FACE_BOUND('',#10535,.F.);
#10535 = EDGE_LOOP('',(#10536,#10546,#10552,#10553));
#10536 = ORIENTED_EDGE('',*,*,#10537,.F.);
#10537 = EDGE_CURVE('',#10538,#10540,#10542,.T.);
#10538 = VERTEX_POINT('',#10539);
#10539 = CARTESIAN_POINT('',(17.8,2.2,68.));
#10540 = VERTEX_POINT('',#10541);
#10541 = CARTESIAN_POINT('',(18.8,2.2,68.));
#10542 = LINE('',#10543,#10544);
#10543 = CARTESIAN_POINT('',(17.8,2.2,68.));
#10544 = VECTOR('',#10545,1.);
#10545 = DIRECTION('',(1.,0.,0.));
#10546 = ORIENTED_EDGE('',*,*,#10547,.T.);
#10547 = EDGE_CURVE('',#10538,#10498,#10548,.T.);
#10548 = LINE('',#10549,#10550);
#10549 = CARTESIAN_POINT('',(17.8,2.2,68.));
#10550 = VECTOR('',#10551,1.);
#10551 = DIRECTION('',(0.,0.,1.));
#10552 = ORIENTED_EDGE('',*,*,#10507,.T.);
#10553 = ORIENTED_EDGE('',*,*,#10554,.F.);
#10554 = EDGE_CURVE('',#10540,#10508,#10555,.T.);
#10555 = LINE('',#10556,#10557);
#10556 = CARTESIAN_POINT('',(18.8,2.2,68.));
#10557 = VECTOR('',#10558,1.);
#10558 = DIRECTION('',(0.,0.,1.));
#10559 = PLANE('',#10560);
#10560 = AXIS2_PLACEMENT_3D('',#10561,#10562,#10563);
#10561 = CARTESIAN_POINT('',(17.8,2.2,68.));
#10562 = DIRECTION('',(0.,1.,0.));
#10563 = DIRECTION('',(0.,0.,1.));
#10564 = ADVANCED_FACE('',(#10565),#10599,.T.);
#10565 = FACE_BOUND('',#10566,.T.);
#10566 = EDGE_LOOP('',(#10567,#10568,#10576,#10584,#10592,#10598));
#10567 = ORIENTED_EDGE('',*,*,#10497,.T.);
#10568 = ORIENTED_EDGE('',*,*,#10569,.T.);
#10569 = EDGE_CURVE('',#10500,#10570,#10572,.T.);
#10570 = VERTEX_POINT('',#10571);
#10571 = CARTESIAN_POINT('',(17.8,84.,77.4));
#10572 = LINE('',#10573,#10574);
#10573 = CARTESIAN_POINT('',(17.8,84.,68.));
#10574 = VECTOR('',#10575,1.);
#10575 = DIRECTION('',(0.,0.,1.));
#10576 = ORIENTED_EDGE('',*,*,#10577,.F.);
#10577 = EDGE_CURVE('',#10578,#10570,#10580,.T.);
#10578 = VERTEX_POINT('',#10579);
#10579 = CARTESIAN_POINT('',(17.8,92.,77.4));
#10580 = LINE('',#10581,#10582);
#10581 = CARTESIAN_POINT('',(17.8,84.,77.4));
#10582 = VECTOR('',#10583,1.);
#10583 = DIRECTION('',(0.,-1.,0.));
#10584 = ORIENTED_EDGE('',*,*,#10585,.F.);
#10585 = EDGE_CURVE('',#10586,#10578,#10588,.T.);
#10586 = VERTEX_POINT('',#10587);
#10587 = CARTESIAN_POINT('',(17.8,92.,68.));
#10588 = LINE('',#10589,#10590);
#10589 = CARTESIAN_POINT('',(17.8,92.,68.));
#10590 = VECTOR('',#10591,1.);
#10591 = DIRECTION('',(0.,0.,1.));
#10592 = ORIENTED_EDGE('',*,*,#10593,.F.);
#10593 = EDGE_CURVE('',#10538,#10586,#10594,.T.);
#10594 = LINE('',#10595,#10596);
#10595 = CARTESIAN_POINT('',(17.8,2.2,68.));
#10596 = VECTOR('',#10597,1.);
#10597 = DIRECTION('',(0.,1.,0.));
#10598 = ORIENTED_EDGE('',*,*,#10547,.T.);
#10599 = PLANE('',#10600);
#10600 = AXIS2_PLACEMENT_3D('',#10601,#10602,#10603);
#10601 = CARTESIAN_POINT('',(17.8,48.171975806452,71.628024193548));
#10602 = DIRECTION('',(-1.,-0.,-0.));
#10603 = DIRECTION('',(0.,0.,-1.));
#10604 = ADVANCED_FACE('',(#10605),#10630,.F.);
#10605 = FACE_BOUND('',#10606,.F.);
#10606 = EDGE_LOOP('',(#10607,#10617,#10623,#10624));
#10607 = ORIENTED_EDGE('',*,*,#10608,.F.);
#10608 = EDGE_CURVE('',#10609,#10611,#10613,.T.);
#10609 = VERTEX_POINT('',#10610);
#10610 = CARTESIAN_POINT('',(14.,84.,77.4));
#10611 = VERTEX_POINT('',#10612);
#10612 = CARTESIAN_POINT('',(14.,92.,77.4));
#10613 = LINE('',#10614,#10615);
#10614 = CARTESIAN_POINT('',(14.,84.,77.4));
#10615 = VECTOR('',#10616,1.);
#10616 = DIRECTION('',(0.,1.,0.));
#10617 = ORIENTED_EDGE('',*,*,#10618,.T.);
#10618 = EDGE_CURVE('',#10609,#10570,#10619,.T.);
#10619 = LINE('',#10620,#10621);
#10620 = CARTESIAN_POINT('',(13.,84.,77.4));
#10621 = VECTOR('',#10622,1.);
#10622 = DIRECTION('',(1.,0.,0.));
#10623 = ORIENTED_EDGE('',*,*,#10577,.F.);
#10624 = ORIENTED_EDGE('',*,*,#10625,.F.);
#10625 = EDGE_CURVE('',#10611,#10578,#10626,.T.);
#10626 = LINE('',#10627,#10628);
#10627 = CARTESIAN_POINT('',(13.,92.,77.4));
#10628 = VECTOR('',#10629,1.);
#10629 = DIRECTION('',(1.,0.,0.));
#10630 = PLANE('',#10631);
#10631 = AXIS2_PLACEMENT_3D('',#10632,#10633,#10634);
#10632 = CARTESIAN_POINT('',(13.,84.,77.4));
#10633 = DIRECTION('',(0.,0.,1.));
#10634 = DIRECTION('',(1.,0.,0.));
#10635 = ADVANCED_FACE('',(#10636),#10661,.T.);
#10636 = FACE_BOUND('',#10637,.T.);
#10637 = EDGE_LOOP('',(#10638,#10646,#10654,#10660));
#10638 = ORIENTED_EDGE('',*,*,#10639,.F.);
#10639 = EDGE_CURVE('',#10640,#10609,#10642,.T.);
#10640 = VERTEX_POINT('',#10641);
#10641 = CARTESIAN_POINT('',(14.,84.,73.4));
#10642 = LINE('',#10643,#10644);
#10643 = CARTESIAN_POINT('',(14.,84.,73.4));
#10644 = VECTOR('',#10645,1.);
#10645 = DIRECTION('',(0.,0.,1.));
#10646 = ORIENTED_EDGE('',*,*,#10647,.T.);
#10647 = EDGE_CURVE('',#10640,#10648,#10650,.T.);
#10648 = VERTEX_POINT('',#10649);
#10649 = CARTESIAN_POINT('',(14.,92.,73.4));
#10650 = LINE('',#10651,#10652);
#10651 = CARTESIAN_POINT('',(14.,84.,73.4));
#10652 = VECTOR('',#10653,1.);
#10653 = DIRECTION('',(0.,1.,0.));
#10654 = ORIENTED_EDGE('',*,*,#10655,.T.);
#10655 = EDGE_CURVE('',#10648,#10611,#10656,.T.);
#10656 = LINE('',#10657,#10658);
#10657 = CARTESIAN_POINT('',(14.,92.,73.4));
#10658 = VECTOR('',#10659,1.);
#10659 = DIRECTION('',(0.,0.,1.));
#10660 = ORIENTED_EDGE('',*,*,#10608,.F.);
#10661 = PLANE('',#10662);
#10662 = AXIS2_PLACEMENT_3D('',#10663,#10664,#10665);
#10663 = CARTESIAN_POINT('',(14.,84.,73.4));
#10664 = DIRECTION('',(1.,0.,0.));
#10665 = DIRECTION('',(0.,0.,1.));
#10666 = ADVANCED_FACE('',(#10667),#10692,.F.);
#10667 = FACE_BOUND('',#10668,.F.);
#10668 = EDGE_LOOP('',(#10669,#10679,#10685,#10686));
#10669 = ORIENTED_EDGE('',*,*,#10670,.F.);
#10670 = EDGE_CURVE('',#10671,#10673,#10675,.T.);
#10671 = VERTEX_POINT('',#10672);
#10672 = CARTESIAN_POINT('',(13.,84.,73.4));
#10673 = VERTEX_POINT('',#10674);
#10674 = CARTESIAN_POINT('',(13.,92.,73.4));
#10675 = LINE('',#10676,#10677);
#10676 = CARTESIAN_POINT('',(13.,84.,73.4));
#10677 = VECTOR('',#10678,1.);
#10678 = DIRECTION('',(0.,1.,0.));
#10679 = ORIENTED_EDGE('',*,*,#10680,.T.);
#10680 = EDGE_CURVE('',#10671,#10640,#10681,.T.);
#10681 = LINE('',#10682,#10683);
#10682 = CARTESIAN_POINT('',(13.,84.,73.4));
#10683 = VECTOR('',#10684,1.);
#10684 = DIRECTION('',(1.,0.,0.));
#10685 = ORIENTED_EDGE('',*,*,#10647,.T.);
#10686 = ORIENTED_EDGE('',*,*,#10687,.F.);
#10687 = EDGE_CURVE('',#10673,#10648,#10688,.T.);
#10688 = LINE('',#10689,#10690);
#10689 = CARTESIAN_POINT('',(13.,92.,73.4));
#10690 = VECTOR('',#10691,1.);
#10691 = DIRECTION('',(1.,0.,0.));
#10692 = PLANE('',#10693);
#10693 = AXIS2_PLACEMENT_3D('',#10694,#10695,#10696);
#10694 = CARTESIAN_POINT('',(13.,84.,73.4));
#10695 = DIRECTION('',(0.,0.,1.));
#10696 = DIRECTION('',(1.,0.,0.));
#10697 = ADVANCED_FACE('',(#10698),#10716,.F.);
#10698 = FACE_BOUND('',#10699,.T.);
#10699 = EDGE_LOOP('',(#10700,#10701,#10709,#10715));
#10700 = ORIENTED_EDGE('',*,*,#10593,.T.);
#10701 = ORIENTED_EDGE('',*,*,#10702,.T.);
#10702 = EDGE_CURVE('',#10586,#10703,#10705,.T.);
#10703 = VERTEX_POINT('',#10704);
#10704 = CARTESIAN_POINT('',(18.8,92.,68.));
#10705 = LINE('',#10706,#10707);
#10706 = CARTESIAN_POINT('',(17.8,92.,68.));
#10707 = VECTOR('',#10708,1.);
#10708 = DIRECTION('',(1.,0.,0.));
#10709 = ORIENTED_EDGE('',*,*,#10710,.F.);
#10710 = EDGE_CURVE('',#10540,#10703,#10711,.T.);
#10711 = LINE('',#10712,#10713);
#10712 = CARTESIAN_POINT('',(18.8,2.2,68.));
#10713 = VECTOR('',#10714,1.);
#10714 = DIRECTION('',(0.,1.,0.));
#10715 = ORIENTED_EDGE('',*,*,#10537,.F.);
#10716 = PLANE('',#10717);
#10717 = AXIS2_PLACEMENT_3D('',#10718,#10719,#10720);
#10718 = CARTESIAN_POINT('',(17.8,2.2,68.));
#10719 = DIRECTION('',(0.,0.,1.));
#10720 = DIRECTION('',(1.,0.,0.));
#10721 = ADVANCED_FACE('',(#10722),#10751,.T.);
#10722 = FACE_BOUND('',#10723,.T.);
#10723 = EDGE_LOOP('',(#10724,#10725,#10733,#10741,#10747,#10748,#10749,
    #10750));
#10724 = ORIENTED_EDGE('',*,*,#10523,.F.);
#10725 = ORIENTED_EDGE('',*,*,#10726,.T.);
#10726 = EDGE_CURVE('',#10516,#10727,#10729,.T.);
#10727 = VERTEX_POINT('',#10728);
#10728 = CARTESIAN_POINT('',(18.8,84.,79.4));
#10729 = LINE('',#10730,#10731);
#10730 = CARTESIAN_POINT('',(18.8,84.,68.));
#10731 = VECTOR('',#10732,1.);
#10732 = DIRECTION('',(0.,0.,1.));
#10733 = ORIENTED_EDGE('',*,*,#10734,.F.);
#10734 = EDGE_CURVE('',#10735,#10727,#10737,.T.);
#10735 = VERTEX_POINT('',#10736);
#10736 = CARTESIAN_POINT('',(13.,84.,79.4));
#10737 = LINE('',#10738,#10739);
#10738 = CARTESIAN_POINT('',(17.8,84.,79.4));
#10739 = VECTOR('',#10740,1.);
#10740 = DIRECTION('',(1.,0.,0.));
#10741 = ORIENTED_EDGE('',*,*,#10742,.F.);
#10742 = EDGE_CURVE('',#10671,#10735,#10743,.T.);
#10743 = LINE('',#10744,#10745);
#10744 = CARTESIAN_POINT('',(13.,84.,77.4));
#10745 = VECTOR('',#10746,1.);
#10746 = DIRECTION('',(0.,0.,1.));
#10747 = ORIENTED_EDGE('',*,*,#10680,.T.);
#10748 = ORIENTED_EDGE('',*,*,#10639,.T.);
#10749 = ORIENTED_EDGE('',*,*,#10618,.T.);
#10750 = ORIENTED_EDGE('',*,*,#10569,.F.);
#10751 = PLANE('',#10752);
#10752 = AXIS2_PLACEMENT_3D('',#10753,#10754,#10755);
#10753 = CARTESIAN_POINT('',(15.666666666667,84.,76.922222222222));
#10754 = DIRECTION('',(-0.,-1.,-0.));
#10755 = DIRECTION('',(0.,0.,-1.));
#10756 = ADVANCED_FACE('',(#10757),#10777,.T.);
#10757 = FACE_BOUND('',#10758,.T.);
#10758 = EDGE_LOOP('',(#10759,#10760,#10761,#10762,#10770,#10776));
#10759 = ORIENTED_EDGE('',*,*,#10515,.F.);
#10760 = ORIENTED_EDGE('',*,*,#10554,.F.);
#10761 = ORIENTED_EDGE('',*,*,#10710,.T.);
#10762 = ORIENTED_EDGE('',*,*,#10763,.T.);
#10763 = EDGE_CURVE('',#10703,#10764,#10766,.T.);
#10764 = VERTEX_POINT('',#10765);
#10765 = CARTESIAN_POINT('',(18.8,92.,79.4));
#10766 = LINE('',#10767,#10768);
#10767 = CARTESIAN_POINT('',(18.8,92.,68.));
#10768 = VECTOR('',#10769,1.);
#10769 = DIRECTION('',(0.,0.,1.));
#10770 = ORIENTED_EDGE('',*,*,#10771,.F.);
#10771 = EDGE_CURVE('',#10727,#10764,#10772,.T.);
#10772 = LINE('',#10773,#10774);
#10773 = CARTESIAN_POINT('',(18.8,84.,79.4));
#10774 = VECTOR('',#10775,1.);
#10775 = DIRECTION('',(0.,1.,0.));
#10776 = ORIENTED_EDGE('',*,*,#10726,.F.);
#10777 = PLANE('',#10778);
#10778 = AXIS2_PLACEMENT_3D('',#10779,#10780,#10781);
#10779 = CARTESIAN_POINT('',(18.8,48.959090909091,71.840909090909));
#10780 = DIRECTION('',(1.,0.,0.));
#10781 = DIRECTION('',(0.,0.,1.));
#10782 = ADVANCED_FACE('',(#10783),#10805,.T.);
#10783 = FACE_BOUND('',#10784,.T.);
#10784 = EDGE_LOOP('',(#10785,#10786,#10787,#10788,#10789,#10790,#10798,
    #10804));
#10785 = ORIENTED_EDGE('',*,*,#10702,.F.);
#10786 = ORIENTED_EDGE('',*,*,#10585,.T.);
#10787 = ORIENTED_EDGE('',*,*,#10625,.F.);
#10788 = ORIENTED_EDGE('',*,*,#10655,.F.);
#10789 = ORIENTED_EDGE('',*,*,#10687,.F.);
#10790 = ORIENTED_EDGE('',*,*,#10791,.T.);
#10791 = EDGE_CURVE('',#10673,#10792,#10794,.T.);
#10792 = VERTEX_POINT('',#10793);
#10793 = CARTESIAN_POINT('',(13.,92.,79.4));
#10794 = LINE('',#10795,#10796);
#10795 = CARTESIAN_POINT('',(13.,92.,73.4));
#10796 = VECTOR('',#10797,1.);
#10797 = DIRECTION('',(0.,0.,1.));
#10798 = ORIENTED_EDGE('',*,*,#10799,.T.);
#10799 = EDGE_CURVE('',#10792,#10764,#10800,.T.);
#10800 = LINE('',#10801,#10802);
#10801 = CARTESIAN_POINT('',(13.,92.,79.4));
#10802 = VECTOR('',#10803,1.);
#10803 = DIRECTION('',(1.,0.,0.));
#10804 = ORIENTED_EDGE('',*,*,#10763,.F.);
#10805 = PLANE('',#10806);
#10806 = AXIS2_PLACEMENT_3D('',#10807,#10808,#10809);
#10807 = CARTESIAN_POINT('',(16.511320754717,92.,74.990566037736));
#10808 = DIRECTION('',(0.,1.,0.));
#10809 = DIRECTION('',(0.,0.,1.));
#10810 = ADVANCED_FACE('',(#10811),#10822,.T.);
#10811 = FACE_BOUND('',#10812,.T.);
#10812 = EDGE_LOOP('',(#10813,#10814,#10820,#10821));
#10813 = ORIENTED_EDGE('',*,*,#10799,.F.);
#10814 = ORIENTED_EDGE('',*,*,#10815,.F.);
#10815 = EDGE_CURVE('',#10735,#10792,#10816,.T.);
#10816 = LINE('',#10817,#10818);
#10817 = CARTESIAN_POINT('',(13.,84.,79.4));
#10818 = VECTOR('',#10819,1.);
#10819 = DIRECTION('',(0.,1.,0.));
#10820 = ORIENTED_EDGE('',*,*,#10734,.T.);
#10821 = ORIENTED_EDGE('',*,*,#10771,.T.);
#10822 = PLANE('',#10823);
#10823 = AXIS2_PLACEMENT_3D('',#10824,#10825,#10826);
#10824 = CARTESIAN_POINT('',(15.9,88.,79.4));
#10825 = DIRECTION('',(0.,0.,1.));
#10826 = DIRECTION('',(1.,0.,0.));
#10827 = ADVANCED_FACE('',(#10828),#10834,.T.);
#10828 = FACE_BOUND('',#10829,.T.);
#10829 = EDGE_LOOP('',(#10830,#10831,#10832,#10833));
#10830 = ORIENTED_EDGE('',*,*,#10742,.T.);
#10831 = ORIENTED_EDGE('',*,*,#10815,.T.);
#10832 = ORIENTED_EDGE('',*,*,#10791,.F.);
#10833 = ORIENTED_EDGE('',*,*,#10670,.F.);
#10834 = PLANE('',#10835);
#10835 = AXIS2_PLACEMENT_3D('',#10836,#10837,#10838);
#10836 = CARTESIAN_POINT('',(13.,88.,76.4));
#10837 = DIRECTION('',(-1.,-0.,-0.));
#10838 = DIRECTION('',(0.,0.,-1.));
#10839 = MANIFOLD_SOLID_BREP('',#10840);
#10840 = CLOSED_SHELL('',(#10841,#10881,#10912,#10952,#10976,#11032,
    #11063,#11087,#11111,#11130,#11158,#11175));
#10841 = ADVANCED_FACE('',(#10842),#10876,.T.);
#10842 = FACE_BOUND('',#10843,.T.);
#10843 = EDGE_LOOP('',(#10844,#10854,#10862,#10870));
#10844 = ORIENTED_EDGE('',*,*,#10845,.F.);
#10845 = EDGE_CURVE('',#10846,#10848,#10850,.T.);
#10846 = VERTEX_POINT('',#10847);
#10847 = CARTESIAN_POINT('',(123.2,2.2,74.8));
#10848 = VERTEX_POINT('',#10849);
#10849 = CARTESIAN_POINT('',(123.2,84.,74.8));
#10850 = LINE('',#10851,#10852);
#10851 = CARTESIAN_POINT('',(123.2,2.2,74.8));
#10852 = VECTOR('',#10853,1.);
#10853 = DIRECTION('',(0.,1.,0.));
#10854 = ORIENTED_EDGE('',*,*,#10855,.T.);
#10855 = EDGE_CURVE('',#10846,#10856,#10858,.T.);
#10856 = VERTEX_POINT('',#10857);
#10857 = CARTESIAN_POINT('',(124.2,2.2,74.8));
#10858 = LINE('',#10859,#10860);
#10859 = CARTESIAN_POINT('',(123.2,2.2,74.8));
#10860 = VECTOR('',#10861,1.);
#10861 = DIRECTION('',(1.,0.,0.));
#10862 = ORIENTED_EDGE('',*,*,#10863,.T.);
#10863 = EDGE_CURVE('',#10856,#10864,#10866,.T.);
#10864 = VERTEX_POINT('',#10865);
#10865 = CARTESIAN_POINT('',(124.2,84.,74.8));
#10866 = LINE('',#10867,#10868);
#10867 = CARTESIAN_POINT('',(124.2,2.2,74.8));
#10868 = VECTOR('',#10869,1.);
#10869 = DIRECTION('',(0.,1.,0.));
#10870 = ORIENTED_EDGE('',*,*,#10871,.T.);
#10871 = EDGE_CURVE('',#10864,#10848,#10872,.T.);
#10872 = LINE('',#10873,#10874);
#10873 = CARTESIAN_POINT('',(123.2,84.,74.8));
#10874 = VECTOR('',#10875,1.);
#10875 = DIRECTION('',(-1.,0.,0.));
#10876 = PLANE('',#10877);
#10877 = AXIS2_PLACEMENT_3D('',#10878,#10879,#10880);
#10878 = CARTESIAN_POINT('',(123.2,2.2,74.8));
#10879 = DIRECTION('',(0.,0.,1.));
#10880 = DIRECTION('',(1.,0.,0.));
#10881 = ADVANCED_FACE('',(#10882),#10907,.F.);
#10882 = FACE_BOUND('',#10883,.F.);
#10883 = EDGE_LOOP('',(#10884,#10894,#10900,#10901));
#10884 = ORIENTED_EDGE('',*,*,#10885,.F.);
#10885 = EDGE_CURVE('',#10886,#10888,#10890,.T.);
#10886 = VERTEX_POINT('',#10887);
#10887 = CARTESIAN_POINT('',(123.2,2.2,68.));
#10888 = VERTEX_POINT('',#10889);
#10889 = CARTESIAN_POINT('',(124.2,2.2,68.));
#10890 = LINE('',#10891,#10892);
#10891 = CARTESIAN_POINT('',(123.2,2.2,68.));
#10892 = VECTOR('',#10893,1.);
#10893 = DIRECTION('',(1.,0.,0.));
#10894 = ORIENTED_EDGE('',*,*,#10895,.T.);
#10895 = EDGE_CURVE('',#10886,#10846,#10896,.T.);
#10896 = LINE('',#10897,#10898);
#10897 = CARTESIAN_POINT('',(123.2,2.2,68.));
#10898 = VECTOR('',#10899,1.);
#10899 = DIRECTION('',(0.,0.,1.));
#10900 = ORIENTED_EDGE('',*,*,#10855,.T.);
#10901 = ORIENTED_EDGE('',*,*,#10902,.F.);
#10902 = EDGE_CURVE('',#10888,#10856,#10903,.T.);
#10903 = LINE('',#10904,#10905);
#10904 = CARTESIAN_POINT('',(124.2,2.2,68.));
#10905 = VECTOR('',#10906,1.);
#10906 = DIRECTION('',(0.,0.,1.));
#10907 = PLANE('',#10908);
#10908 = AXIS2_PLACEMENT_3D('',#10909,#10910,#10911);
#10909 = CARTESIAN_POINT('',(123.2,2.2,68.));
#10910 = DIRECTION('',(0.,1.,0.));
#10911 = DIRECTION('',(0.,0.,1.));
#10912 = ADVANCED_FACE('',(#10913),#10947,.T.);
#10913 = FACE_BOUND('',#10914,.T.);
#10914 = EDGE_LOOP('',(#10915,#10916,#10924,#10932,#10940,#10946));
#10915 = ORIENTED_EDGE('',*,*,#10845,.T.);
#10916 = ORIENTED_EDGE('',*,*,#10917,.T.);
#10917 = EDGE_CURVE('',#10848,#10918,#10920,.T.);
#10918 = VERTEX_POINT('',#10919);
#10919 = CARTESIAN_POINT('',(123.2,84.,79.4));
#10920 = LINE('',#10921,#10922);
#10921 = CARTESIAN_POINT('',(123.2,84.,68.));
#10922 = VECTOR('',#10923,1.);
#10923 = DIRECTION('',(0.,0.,1.));
#10924 = ORIENTED_EDGE('',*,*,#10925,.T.);
#10925 = EDGE_CURVE('',#10918,#10926,#10928,.T.);
#10926 = VERTEX_POINT('',#10927);
#10927 = CARTESIAN_POINT('',(123.2,92.,79.4));
#10928 = LINE('',#10929,#10930);
#10929 = CARTESIAN_POINT('',(123.2,84.,79.4));
#10930 = VECTOR('',#10931,1.);
#10931 = DIRECTION('',(0.,1.,0.));
#10932 = ORIENTED_EDGE('',*,*,#10933,.F.);
#10933 = EDGE_CURVE('',#10934,#10926,#10936,.T.);
#10934 = VERTEX_POINT('',#10935);
#10935 = CARTESIAN_POINT('',(123.2,92.,68.));
#10936 = LINE('',#10937,#10938);
#10937 = CARTESIAN_POINT('',(123.2,92.,68.));
#10938 = VECTOR('',#10939,1.);
#10939 = DIRECTION('',(0.,0.,1.));
#10940 = ORIENTED_EDGE('',*,*,#10941,.F.);
#10941 = EDGE_CURVE('',#10886,#10934,#10942,.T.);
#10942 = LINE('',#10943,#10944);
#10943 = CARTESIAN_POINT('',(123.2,2.2,68.));
#10944 = VECTOR('',#10945,1.);
#10945 = DIRECTION('',(0.,1.,0.));
#10946 = ORIENTED_EDGE('',*,*,#10895,.T.);
#10947 = PLANE('',#10948);
#10948 = AXIS2_PLACEMENT_3D('',#10949,#10950,#10951);
#10949 = CARTESIAN_POINT('',(123.2,48.959090909091,71.840909090909));
#10950 = DIRECTION('',(-1.,-0.,-0.));
#10951 = DIRECTION('',(0.,0.,-1.));
#10952 = ADVANCED_FACE('',(#10953),#10971,.F.);
#10953 = FACE_BOUND('',#10954,.T.);
#10954 = EDGE_LOOP('',(#10955,#10956,#10964,#10970));
#10955 = ORIENTED_EDGE('',*,*,#10941,.T.);
#10956 = ORIENTED_EDGE('',*,*,#10957,.T.);
#10957 = EDGE_CURVE('',#10934,#10958,#10960,.T.);
#10958 = VERTEX_POINT('',#10959);
#10959 = CARTESIAN_POINT('',(124.2,92.,68.));
#10960 = LINE('',#10961,#10962);
#10961 = CARTESIAN_POINT('',(123.2,92.,68.));
#10962 = VECTOR('',#10963,1.);
#10963 = DIRECTION('',(1.,0.,0.));
#10964 = ORIENTED_EDGE('',*,*,#10965,.F.);
#10965 = EDGE_CURVE('',#10888,#10958,#10966,.T.);
#10966 = LINE('',#10967,#10968);
#10967 = CARTESIAN_POINT('',(124.2,2.2,68.));
#10968 = VECTOR('',#10969,1.);
#10969 = DIRECTION('',(0.,1.,0.));
#10970 = ORIENTED_EDGE('',*,*,#10885,.F.);
#10971 = PLANE('',#10972);
#10972 = AXIS2_PLACEMENT_3D('',#10973,#10974,#10975);
#10973 = CARTESIAN_POINT('',(123.2,2.2,68.));
#10974 = DIRECTION('',(0.,0.,1.));
#10975 = DIRECTION('',(1.,0.,0.));
#10976 = ADVANCED_FACE('',(#10977),#11027,.T.);
#10977 = FACE_BOUND('',#10978,.T.);
#10978 = EDGE_LOOP('',(#10979,#10980,#10988,#10996,#11004,#11012,#11020,
    #11026));
#10979 = ORIENTED_EDGE('',*,*,#10871,.F.);
#10980 = ORIENTED_EDGE('',*,*,#10981,.T.);
#10981 = EDGE_CURVE('',#10864,#10982,#10984,.T.);
#10982 = VERTEX_POINT('',#10983);
#10983 = CARTESIAN_POINT('',(124.2,84.,77.4));
#10984 = LINE('',#10985,#10986);
#10985 = CARTESIAN_POINT('',(124.2,84.,68.));
#10986 = VECTOR('',#10987,1.);
#10987 = DIRECTION('',(0.,0.,1.));
#10988 = ORIENTED_EDGE('',*,*,#10989,.T.);
#10989 = EDGE_CURVE('',#10982,#10990,#10992,.T.);
#10990 = VERTEX_POINT('',#10991);
#10991 = CARTESIAN_POINT('',(128.,84.,77.4));
#10992 = LINE('',#10993,#10994);
#10993 = CARTESIAN_POINT('',(123.2,84.,77.4));
#10994 = VECTOR('',#10995,1.);
#10995 = DIRECTION('',(1.,0.,0.));
#10996 = ORIENTED_EDGE('',*,*,#10997,.F.);
#10997 = EDGE_CURVE('',#10998,#10990,#11000,.T.);
#10998 = VERTEX_POINT('',#10999);
#10999 = CARTESIAN_POINT('',(128.,84.,73.4));
#11000 = LINE('',#11001,#11002);
#11001 = CARTESIAN_POINT('',(128.,84.,73.4));
#11002 = VECTOR('',#11003,1.);
#11003 = DIRECTION('',(0.,0.,1.));
#11004 = ORIENTED_EDGE('',*,*,#11005,.T.);
#11005 = EDGE_CURVE('',#10998,#11006,#11008,.T.);
#11006 = VERTEX_POINT('',#11007);
#11007 = CARTESIAN_POINT('',(129.,84.,73.4));
#11008 = LINE('',#11009,#11010);
#11009 = CARTESIAN_POINT('',(128.,84.,73.4));
#11010 = VECTOR('',#11011,1.);
#11011 = DIRECTION('',(1.,0.,0.));
#11012 = ORIENTED_EDGE('',*,*,#11013,.T.);
#11013 = EDGE_CURVE('',#11006,#11014,#11016,.T.);
#11014 = VERTEX_POINT('',#11015);
#11015 = CARTESIAN_POINT('',(129.,84.,79.4));
#11016 = LINE('',#11017,#11018);
#11017 = CARTESIAN_POINT('',(129.,84.,73.4));
#11018 = VECTOR('',#11019,1.);
#11019 = DIRECTION('',(0.,0.,1.));
#11020 = ORIENTED_EDGE('',*,*,#11021,.F.);
#11021 = EDGE_CURVE('',#10918,#11014,#11022,.T.);
#11022 = LINE('',#11023,#11024);
#11023 = CARTESIAN_POINT('',(123.2,84.,79.4));
#11024 = VECTOR('',#11025,1.);
#11025 = DIRECTION('',(1.,0.,0.));
#11026 = ORIENTED_EDGE('',*,*,#10917,.F.);
#11027 = PLANE('',#11028);
#11028 = AXIS2_PLACEMENT_3D('',#11029,#11030,#11031);
#11029 = CARTESIAN_POINT('',(126.33333333333,84.,76.922222222222));
#11030 = DIRECTION('',(-0.,-1.,-0.));
#11031 = DIRECTION('',(0.,0.,-1.));
#11032 = ADVANCED_FACE('',(#11033),#11058,.F.);
#11033 = FACE_BOUND('',#11034,.F.);
#11034 = EDGE_LOOP('',(#11035,#11043,#11044,#11052));
#11035 = ORIENTED_EDGE('',*,*,#11036,.T.);
#11036 = EDGE_CURVE('',#11037,#10982,#11039,.T.);
#11037 = VERTEX_POINT('',#11038);
#11038 = CARTESIAN_POINT('',(124.2,92.,77.4));
#11039 = LINE('',#11040,#11041);
#11040 = CARTESIAN_POINT('',(124.2,84.,77.4));
#11041 = VECTOR('',#11042,1.);
#11042 = DIRECTION('',(0.,-1.,0.));
#11043 = ORIENTED_EDGE('',*,*,#10989,.T.);
#11044 = ORIENTED_EDGE('',*,*,#11045,.T.);
#11045 = EDGE_CURVE('',#10990,#11046,#11048,.T.);
#11046 = VERTEX_POINT('',#11047);
#11047 = CARTESIAN_POINT('',(128.,92.,77.4));
#11048 = LINE('',#11049,#11050);
#11049 = CARTESIAN_POINT('',(128.,84.,77.4));
#11050 = VECTOR('',#11051,1.);
#11051 = DIRECTION('',(0.,1.,0.));
#11052 = ORIENTED_EDGE('',*,*,#11053,.F.);
#11053 = EDGE_CURVE('',#11037,#11046,#11054,.T.);
#11054 = LINE('',#11055,#11056);
#11055 = CARTESIAN_POINT('',(123.2,92.,77.4));
#11056 = VECTOR('',#11057,1.);
#11057 = DIRECTION('',(1.,0.,0.));
#11058 = PLANE('',#11059);
#11059 = AXIS2_PLACEMENT_3D('',#11060,#11061,#11062);
#11060 = CARTESIAN_POINT('',(123.2,84.,77.4));
#11061 = DIRECTION('',(0.,0.,1.));
#11062 = DIRECTION('',(1.,0.,0.));
#11063 = ADVANCED_FACE('',(#11064),#11082,.F.);
#11064 = FACE_BOUND('',#11065,.F.);
#11065 = EDGE_LOOP('',(#11066,#11067,#11075,#11081));
#11066 = ORIENTED_EDGE('',*,*,#10997,.F.);
#11067 = ORIENTED_EDGE('',*,*,#11068,.T.);
#11068 = EDGE_CURVE('',#10998,#11069,#11071,.T.);
#11069 = VERTEX_POINT('',#11070);
#11070 = CARTESIAN_POINT('',(128.,92.,73.4));
#11071 = LINE('',#11072,#11073);
#11072 = CARTESIAN_POINT('',(128.,84.,73.4));
#11073 = VECTOR('',#11074,1.);
#11074 = DIRECTION('',(0.,1.,0.));
#11075 = ORIENTED_EDGE('',*,*,#11076,.T.);
#11076 = EDGE_CURVE('',#11069,#11046,#11077,.T.);
#11077 = LINE('',#11078,#11079);
#11078 = CARTESIAN_POINT('',(128.,92.,73.4));
#11079 = VECTOR('',#11080,1.);
#11080 = DIRECTION('',(0.,0.,1.));
#11081 = ORIENTED_EDGE('',*,*,#11045,.F.);
#11082 = PLANE('',#11083);
#11083 = AXIS2_PLACEMENT_3D('',#11084,#11085,#11086);
#11084 = CARTESIAN_POINT('',(128.,84.,73.4));
#11085 = DIRECTION('',(1.,0.,0.));
#11086 = DIRECTION('',(0.,0.,1.));
#11087 = ADVANCED_FACE('',(#11088),#11106,.F.);
#11088 = FACE_BOUND('',#11089,.F.);
#11089 = EDGE_LOOP('',(#11090,#11091,#11092,#11100));
#11090 = ORIENTED_EDGE('',*,*,#11068,.F.);
#11091 = ORIENTED_EDGE('',*,*,#11005,.T.);
#11092 = ORIENTED_EDGE('',*,*,#11093,.T.);
#11093 = EDGE_CURVE('',#11006,#11094,#11096,.T.);
#11094 = VERTEX_POINT('',#11095);
#11095 = CARTESIAN_POINT('',(129.,92.,73.4));
#11096 = LINE('',#11097,#11098);
#11097 = CARTESIAN_POINT('',(129.,84.,73.4));
#11098 = VECTOR('',#11099,1.);
#11099 = DIRECTION('',(0.,1.,0.));
#11100 = ORIENTED_EDGE('',*,*,#11101,.F.);
#11101 = EDGE_CURVE('',#11069,#11094,#11102,.T.);
#11102 = LINE('',#11103,#11104);
#11103 = CARTESIAN_POINT('',(128.,92.,73.4));
#11104 = VECTOR('',#11105,1.);
#11105 = DIRECTION('',(1.,0.,0.));
#11106 = PLANE('',#11107);
#11107 = AXIS2_PLACEMENT_3D('',#11108,#11109,#11110);
#11108 = CARTESIAN_POINT('',(128.,84.,73.4));
#11109 = DIRECTION('',(0.,0.,1.));
#11110 = DIRECTION('',(1.,0.,0.));
#11111 = ADVANCED_FACE('',(#11112),#11125,.T.);
#11112 = FACE_BOUND('',#11113,.T.);
#11113 = EDGE_LOOP('',(#11114,#11115,#11116,#11117,#11123,#11124));
#11114 = ORIENTED_EDGE('',*,*,#10863,.F.);
#11115 = ORIENTED_EDGE('',*,*,#10902,.F.);
#11116 = ORIENTED_EDGE('',*,*,#10965,.T.);
#11117 = ORIENTED_EDGE('',*,*,#11118,.T.);
#11118 = EDGE_CURVE('',#10958,#11037,#11119,.T.);
#11119 = LINE('',#11120,#11121);
#11120 = CARTESIAN_POINT('',(124.2,92.,68.));
#11121 = VECTOR('',#11122,1.);
#11122 = DIRECTION('',(0.,0.,1.));
#11123 = ORIENTED_EDGE('',*,*,#11036,.T.);
#11124 = ORIENTED_EDGE('',*,*,#10981,.F.);
#11125 = PLANE('',#11126);
#11126 = AXIS2_PLACEMENT_3D('',#11127,#11128,#11129);
#11127 = CARTESIAN_POINT('',(124.2,48.171975806452,71.628024193548));
#11128 = DIRECTION('',(1.,0.,0.));
#11129 = DIRECTION('',(0.,0.,1.));
#11130 = ADVANCED_FACE('',(#11131),#11153,.T.);
#11131 = FACE_BOUND('',#11132,.T.);
#11132 = EDGE_LOOP('',(#11133,#11134,#11135,#11143,#11149,#11150,#11151,
    #11152));
#11133 = ORIENTED_EDGE('',*,*,#10957,.F.);
#11134 = ORIENTED_EDGE('',*,*,#10933,.T.);
#11135 = ORIENTED_EDGE('',*,*,#11136,.T.);
#11136 = EDGE_CURVE('',#10926,#11137,#11139,.T.);
#11137 = VERTEX_POINT('',#11138);
#11138 = CARTESIAN_POINT('',(129.,92.,79.4));
#11139 = LINE('',#11140,#11141);
#11140 = CARTESIAN_POINT('',(123.2,92.,79.4));
#11141 = VECTOR('',#11142,1.);
#11142 = DIRECTION('',(1.,0.,0.));
#11143 = ORIENTED_EDGE('',*,*,#11144,.F.);
#11144 = EDGE_CURVE('',#11094,#11137,#11145,.T.);
#11145 = LINE('',#11146,#11147);
#11146 = CARTESIAN_POINT('',(129.,92.,77.4));
#11147 = VECTOR('',#11148,1.);
#11148 = DIRECTION('',(0.,0.,1.));
#11149 = ORIENTED_EDGE('',*,*,#11101,.F.);
#11150 = ORIENTED_EDGE('',*,*,#11076,.T.);
#11151 = ORIENTED_EDGE('',*,*,#11053,.F.);
#11152 = ORIENTED_EDGE('',*,*,#11118,.F.);
#11153 = PLANE('',#11154);
#11154 = AXIS2_PLACEMENT_3D('',#11155,#11156,#11157);
#11155 = CARTESIAN_POINT('',(125.48867924528,92.,74.990566037736));
#11156 = DIRECTION('',(0.,1.,0.));
#11157 = DIRECTION('',(0.,0.,1.));
#11158 = ADVANCED_FACE('',(#11159),#11170,.T.);
#11159 = FACE_BOUND('',#11160,.T.);
#11160 = EDGE_LOOP('',(#11161,#11162,#11163,#11169));
#11161 = ORIENTED_EDGE('',*,*,#10925,.F.);
#11162 = ORIENTED_EDGE('',*,*,#11021,.T.);
#11163 = ORIENTED_EDGE('',*,*,#11164,.T.);
#11164 = EDGE_CURVE('',#11014,#11137,#11165,.T.);
#11165 = LINE('',#11166,#11167);
#11166 = CARTESIAN_POINT('',(129.,84.,79.4));
#11167 = VECTOR('',#11168,1.);
#11168 = DIRECTION('',(0.,1.,0.));
#11169 = ORIENTED_EDGE('',*,*,#11136,.F.);
#11170 = PLANE('',#11171);
#11171 = AXIS2_PLACEMENT_3D('',#11172,#11173,#11174);
#11172 = CARTESIAN_POINT('',(126.1,88.,79.4));
#11173 = DIRECTION('',(0.,0.,1.));
#11174 = DIRECTION('',(1.,0.,0.));
#11175 = ADVANCED_FACE('',(#11176),#11182,.T.);
#11176 = FACE_BOUND('',#11177,.T.);
#11177 = EDGE_LOOP('',(#11178,#11179,#11180,#11181));
#11178 = ORIENTED_EDGE('',*,*,#11013,.F.);
#11179 = ORIENTED_EDGE('',*,*,#11093,.T.);
#11180 = ORIENTED_EDGE('',*,*,#11144,.T.);
#11181 = ORIENTED_EDGE('',*,*,#11164,.F.);
#11182 = PLANE('',#11183);
#11183 = AXIS2_PLACEMENT_3D('',#11184,#11185,#11186);
#11184 = CARTESIAN_POINT('',(129.,88.,76.4));
#11185 = DIRECTION('',(1.,0.,0.));
#11186 = DIRECTION('',(0.,0.,1.));
#11187 = MANIFOLD_SOLID_BREP('',#11188);
#11188 = CLOSED_SHELL('',(#11189,#11231,#11262,#11296,#11353,#11505,
    #11530,#11594,#11619,#11655,#11703,#11752,#11778,#11819,#11875,
    #11923,#11940,#11962,#12027,#12051,#12091,#12147,#12171,#12227,
    #12267,#12291,#12363,#12387,#12420,#12445,#12463,#12487,#12511,
    #12535,#12710,#12722,#12747,#12769,#12805,#12822,#12846,#12877,
    #12903,#12928,#12962,#12986,#13041,#13065,#13106,#13140,#13162,
    #13217,#13241,#13255,#13272,#13289,#13315,#13332,#13344,#13375,
    #13392,#13409,#13421,#13438,#13450,#13475,#13519,#13537,#13576,
    #13608,#13642,#13674,#13699,#13738,#13777,#13801,#13833,#13857,
    #13889,#13928,#13952,#13984,#14001,#14026,#14045,#14070,#14103,
    #14129,#14154,#14179,#14211,#14228,#14245,#14263,#14275,#14287,
    #14311,#14353,#14371,#14396,#14429,#14453,#14478,#14502,#14526,
    #14559,#14584,#14601,#14703,#14754,#14766,#14783,#14800,#14846,
    #14855,#14873,#14891,#14925,#14942,#14959,#14977,#14995,#15013,
    #15038,#15063,#15100,#15118,#15136,#15160,#15172,#15197,#15222,
    #15247,#15272,#15303,#15327,#15351,#15368,#15399,#15423,#15447,
    #15464,#15476,#15485,#15510,#15535,#15544,#15553,#15562,#15571,
    #15583,#15595,#15620,#15645,#15654));
#11189 = ADVANCED_FACE('',(#11190),#11226,.T.);
#11190 = FACE_BOUND('',#11191,.F.);
#11191 = EDGE_LOOP('',(#11192,#11202,#11211,#11219));
#11192 = ORIENTED_EDGE('',*,*,#11193,.F.);
#11193 = EDGE_CURVE('',#11194,#11196,#11198,.T.);
#11194 = VERTEX_POINT('',#11195);
#11195 = CARTESIAN_POINT('',(142.,10.,126.));
#11196 = VERTEX_POINT('',#11197);
#11197 = CARTESIAN_POINT('',(142.,10.,179.));
#11198 = LINE('',#11199,#11200);
#11199 = CARTESIAN_POINT('',(142.,10.,126.));
#11200 = VECTOR('',#11201,1.);
#11201 = DIRECTION('',(0.,0.,1.));
#11202 = ORIENTED_EDGE('',*,*,#11203,.T.);
#11203 = EDGE_CURVE('',#11194,#11204,#11206,.T.);
#11204 = VERTEX_POINT('',#11205);
#11205 = CARTESIAN_POINT('',(132.,-1.7763568394E-15,126.));
#11206 = CIRCLE('',#11207,10.);
#11207 = AXIS2_PLACEMENT_3D('',#11208,#11209,#11210);
#11208 = CARTESIAN_POINT('',(132.,10.,126.));
#11209 = DIRECTION('',(-0.,-0.,-1.));
#11210 = DIRECTION('',(0.,-1.,0.));
#11211 = ORIENTED_EDGE('',*,*,#11212,.T.);
#11212 = EDGE_CURVE('',#11204,#11213,#11215,.T.);
#11213 = VERTEX_POINT('',#11214);
#11214 = CARTESIAN_POINT('',(132.,-2.22044604925E-16,179.));
#11215 = LINE('',#11216,#11217);
#11216 = CARTESIAN_POINT('',(132.,-1.7763568394E-15,126.));
#11217 = VECTOR('',#11218,1.);
#11218 = DIRECTION('',(0.,0.,1.));
#11219 = ORIENTED_EDGE('',*,*,#11220,.T.);
#11220 = EDGE_CURVE('',#11213,#11196,#11221,.T.);
#11221 = CIRCLE('',#11222,10.);
#11222 = AXIS2_PLACEMENT_3D('',#11223,#11224,#11225);
#11223 = CARTESIAN_POINT('',(132.,10.,179.));
#11224 = DIRECTION('',(-0.,0.,1.));
#11225 = DIRECTION('',(0.,-1.,0.));
#11226 = CYLINDRICAL_SURFACE('',#11227,10.);
#11227 = AXIS2_PLACEMENT_3D('',#11228,#11229,#11230);
#11228 = CARTESIAN_POINT('',(132.,10.,126.));
#11229 = DIRECTION('',(0.,0.,1.));
#11230 = DIRECTION('',(1.,0.,0.));
#11231 = ADVANCED_FACE('',(#11232),#11257,.T.);
#11232 = FACE_BOUND('',#11233,.T.);
#11233 = EDGE_LOOP('',(#11234,#11235,#11243,#11251));
#11234 = ORIENTED_EDGE('',*,*,#11193,.F.);
#11235 = ORIENTED_EDGE('',*,*,#11236,.T.);
#11236 = EDGE_CURVE('',#11194,#11237,#11239,.T.);
#11237 = VERTEX_POINT('',#11238);
#11238 = CARTESIAN_POINT('',(142.,16.,126.));
#11239 = LINE('',#11240,#11241);
#11240 = CARTESIAN_POINT('',(142.,0.,126.));
#11241 = VECTOR('',#11242,1.);
#11242 = DIRECTION('',(0.,1.,0.));
#11243 = ORIENTED_EDGE('',*,*,#11244,.T.);
#11244 = EDGE_CURVE('',#11237,#11245,#11247,.T.);
#11245 = VERTEX_POINT('',#11246);
#11246 = CARTESIAN_POINT('',(142.,16.,179.));
#11247 = LINE('',#11248,#11249);
#11248 = CARTESIAN_POINT('',(142.,16.,126.));
#11249 = VECTOR('',#11250,1.);
#11250 = DIRECTION('',(0.,0.,1.));
#11251 = ORIENTED_EDGE('',*,*,#11252,.F.);
#11252 = EDGE_CURVE('',#11196,#11245,#11253,.T.);
#11253 = LINE('',#11254,#11255);
#11254 = CARTESIAN_POINT('',(142.,10.,179.));
#11255 = VECTOR('',#11256,1.);
#11256 = DIRECTION('',(0.,1.,0.));
#11257 = PLANE('',#11258);
#11258 = AXIS2_PLACEMENT_3D('',#11259,#11260,#11261);
#11259 = CARTESIAN_POINT('',(142.,0.,126.));
#11260 = DIRECTION('',(1.,0.,0.));
#11261 = DIRECTION('',(0.,0.,1.));
#11262 = ADVANCED_FACE('',(#11263),#11291,.T.);
#11263 = FACE_BOUND('',#11264,.T.);
#11264 = EDGE_LOOP('',(#11265,#11274,#11275,#11284));
#11265 = ORIENTED_EDGE('',*,*,#11266,.F.);
#11266 = EDGE_CURVE('',#11213,#11267,#11269,.T.);
#11267 = VERTEX_POINT('',#11268);
#11268 = CARTESIAN_POINT('',(132.,1.,180.));
#11269 = CIRCLE('',#11270,1.);
#11270 = AXIS2_PLACEMENT_3D('',#11271,#11272,#11273);
#11271 = CARTESIAN_POINT('',(132.,1.,179.));
#11272 = DIRECTION('',(-1.,0.,0.));
#11273 = DIRECTION('',(0.,-1.,0.));
#11274 = ORIENTED_EDGE('',*,*,#11220,.T.);
#11275 = ORIENTED_EDGE('',*,*,#11276,.T.);
#11276 = EDGE_CURVE('',#11196,#11277,#11279,.T.);
#11277 = VERTEX_POINT('',#11278);
#11278 = CARTESIAN_POINT('',(141.,10.,180.));
#11279 = CIRCLE('',#11280,1.);
#11280 = AXIS2_PLACEMENT_3D('',#11281,#11282,#11283);
#11281 = CARTESIAN_POINT('',(141.,10.,179.));
#11282 = DIRECTION('',(-6.123233995737E-17,-1.,0.));
#11283 = DIRECTION('',(1.,-6.123233995737E-17,0.));
#11284 = ORIENTED_EDGE('',*,*,#11285,.F.);
#11285 = EDGE_CURVE('',#11267,#11277,#11286,.T.);
#11286 = CIRCLE('',#11287,9.);
#11287 = AXIS2_PLACEMENT_3D('',#11288,#11289,#11290);
#11288 = CARTESIAN_POINT('',(132.,10.,180.));
#11289 = DIRECTION('',(-0.,0.,1.));
#11290 = DIRECTION('',(0.,-1.,0.));
#11291 = TOROIDAL_SURFACE('',#11292,9.,1.);
#11292 = AXIS2_PLACEMENT_3D('',#11293,#11294,#11295);
#11293 = CARTESIAN_POINT('',(132.,10.,179.));
#11294 = DIRECTION('',(0.,0.,1.));
#11295 = DIRECTION('',(0.,-1.,0.));
#11296 = ADVANCED_FACE('',(#11297),#11348,.T.);
#11297 = FACE_BOUND('',#11298,.T.);
#11298 = EDGE_LOOP('',(#11299,#11300,#11308,#11316,#11324,#11333,#11341,
    #11347));
#11299 = ORIENTED_EDGE('',*,*,#11203,.T.);
#11300 = ORIENTED_EDGE('',*,*,#11301,.F.);
#11301 = EDGE_CURVE('',#11302,#11204,#11304,.T.);
#11302 = VERTEX_POINT('',#11303);
#11303 = CARTESIAN_POINT('',(119.6,0.,126.));
#11304 = LINE('',#11305,#11306);
#11305 = CARTESIAN_POINT('',(126.,0.,126.));
#11306 = VECTOR('',#11307,1.);
#11307 = DIRECTION('',(1.,0.,0.));
#11308 = ORIENTED_EDGE('',*,*,#11309,.T.);
#11309 = EDGE_CURVE('',#11302,#11310,#11312,.T.);
#11310 = VERTEX_POINT('',#11311);
#11311 = CARTESIAN_POINT('',(119.6,1.,126.));
#11312 = LINE('',#11313,#11314);
#11313 = CARTESIAN_POINT('',(119.6,0.,126.));
#11314 = VECTOR('',#11315,1.);
#11315 = DIRECTION('',(0.,1.,0.));
#11316 = ORIENTED_EDGE('',*,*,#11317,.F.);
#11317 = EDGE_CURVE('',#11318,#11310,#11320,.T.);
#11318 = VERTEX_POINT('',#11319);
#11319 = CARTESIAN_POINT('',(132.,1.,126.));
#11320 = LINE('',#11321,#11322);
#11321 = CARTESIAN_POINT('',(132.,1.,126.));
#11322 = VECTOR('',#11323,1.);
#11323 = DIRECTION('',(-1.,-0.,-0.));
#11324 = ORIENTED_EDGE('',*,*,#11325,.F.);
#11325 = EDGE_CURVE('',#11326,#11318,#11328,.T.);
#11326 = VERTEX_POINT('',#11327);
#11327 = CARTESIAN_POINT('',(141.,10.,126.));
#11328 = CIRCLE('',#11329,9.);
#11329 = AXIS2_PLACEMENT_3D('',#11330,#11331,#11332);
#11330 = CARTESIAN_POINT('',(132.,10.,126.));
#11331 = DIRECTION('',(0.,0.,-1.));
#11332 = DIRECTION('',(1.,0.,0.));
#11333 = ORIENTED_EDGE('',*,*,#11334,.F.);
#11334 = EDGE_CURVE('',#11335,#11326,#11337,.T.);
#11335 = VERTEX_POINT('',#11336);
#11336 = CARTESIAN_POINT('',(141.,16.,126.));
#11337 = LINE('',#11338,#11339);
#11338 = CARTESIAN_POINT('',(141.,122.,126.));
#11339 = VECTOR('',#11340,1.);
#11340 = DIRECTION('',(-0.,-1.,-0.));
#11341 = ORIENTED_EDGE('',*,*,#11342,.T.);
#11342 = EDGE_CURVE('',#11335,#11237,#11343,.T.);
#11343 = LINE('',#11344,#11345);
#11344 = CARTESIAN_POINT('',(126.,16.,126.));
#11345 = VECTOR('',#11346,1.);
#11346 = DIRECTION('',(1.,0.,0.));
#11347 = ORIENTED_EDGE('',*,*,#11236,.F.);
#11348 = PLANE('',#11349);
#11349 = AXIS2_PLACEMENT_3D('',#11350,#11351,#11352);
#11350 = CARTESIAN_POINT('',(133.93502461591,4.467015283844,126.));
#11351 = DIRECTION('',(-0.,-0.,-1.));
#11352 = DIRECTION('',(-1.,0.,0.));
#11353 = ADVANCED_FACE('',(#11354),#11500,.T.);
#11354 = FACE_BOUND('',#11355,.T.);
#11355 = EDGE_LOOP('',(#11356,#11366,#11374,#11382,#11388,#11389,#11390,
    #11398,#11406,#11414,#11422,#11430,#11438,#11446,#11454,#11462,
    #11470,#11478,#11486,#11494));
#11356 = ORIENTED_EDGE('',*,*,#11357,.T.);
#11357 = EDGE_CURVE('',#11358,#11360,#11362,.T.);
#11358 = VERTEX_POINT('',#11359);
#11359 = CARTESIAN_POINT('',(10.,-1.7763568394E-15,126.));
#11360 = VERTEX_POINT('',#11361);
#11361 = CARTESIAN_POINT('',(22.4,0.,126.));
#11362 = LINE('',#11363,#11364);
#11363 = CARTESIAN_POINT('',(12.,0.,126.));
#11364 = VECTOR('',#11365,1.);
#11365 = DIRECTION('',(1.,0.,0.));
#11366 = ORIENTED_EDGE('',*,*,#11367,.T.);
#11367 = EDGE_CURVE('',#11360,#11368,#11370,.T.);
#11368 = VERTEX_POINT('',#11369);
#11369 = CARTESIAN_POINT('',(22.4,0.,128.));
#11370 = LINE('',#11371,#11372);
#11371 = CARTESIAN_POINT('',(22.4,0.,126.));
#11372 = VECTOR('',#11373,1.);
#11373 = DIRECTION('',(0.,0.,1.));
#11374 = ORIENTED_EDGE('',*,*,#11375,.T.);
#11375 = EDGE_CURVE('',#11368,#11376,#11378,.T.);
#11376 = VERTEX_POINT('',#11377);
#11377 = CARTESIAN_POINT('',(119.6,0.,128.));
#11378 = LINE('',#11379,#11380);
#11379 = CARTESIAN_POINT('',(15.3,0.,128.));
#11380 = VECTOR('',#11381,1.);
#11381 = DIRECTION('',(1.,0.,0.));
#11382 = ORIENTED_EDGE('',*,*,#11383,.F.);
#11383 = EDGE_CURVE('',#11302,#11376,#11384,.T.);
#11384 = LINE('',#11385,#11386);
#11385 = CARTESIAN_POINT('',(119.6,0.,126.));
#11386 = VECTOR('',#11387,1.);
#11387 = DIRECTION('',(0.,0.,1.));
#11388 = ORIENTED_EDGE('',*,*,#11301,.T.);
#11389 = ORIENTED_EDGE('',*,*,#11212,.T.);
#11390 = ORIENTED_EDGE('',*,*,#11391,.F.);
#11391 = EDGE_CURVE('',#11392,#11213,#11394,.T.);
#11392 = VERTEX_POINT('',#11393);
#11393 = CARTESIAN_POINT('',(126.,-2.22044604925E-16,179.));
#11394 = LINE('',#11395,#11396);
#11395 = CARTESIAN_POINT('',(126.,-2.22044604925E-16,179.));
#11396 = VECTOR('',#11397,1.);
#11397 = DIRECTION('',(1.,0.,0.));
#11398 = ORIENTED_EDGE('',*,*,#11399,.F.);
#11399 = EDGE_CURVE('',#11400,#11392,#11402,.T.);
#11400 = VERTEX_POINT('',#11401);
#11401 = CARTESIAN_POINT('',(126.,0.,137.4));
#11402 = LINE('',#11403,#11404);
#11403 = CARTESIAN_POINT('',(126.,0.,126.));
#11404 = VECTOR('',#11405,1.);
#11405 = DIRECTION('',(0.,0.,1.));
#11406 = ORIENTED_EDGE('',*,*,#11407,.F.);
#11407 = EDGE_CURVE('',#11408,#11400,#11410,.T.);
#11408 = VERTEX_POINT('',#11409);
#11409 = CARTESIAN_POINT('',(121.6,0.,137.4));
#11410 = LINE('',#11411,#11412);
#11411 = CARTESIAN_POINT('',(124.2,0.,137.4));
#11412 = VECTOR('',#11413,1.);
#11413 = DIRECTION('',(1.,0.,0.));
#11414 = ORIENTED_EDGE('',*,*,#11415,.F.);
#11415 = EDGE_CURVE('',#11416,#11408,#11418,.T.);
#11416 = VERTEX_POINT('',#11417);
#11417 = CARTESIAN_POINT('',(121.6,0.,135.));
#11418 = LINE('',#11419,#11420);
#11419 = CARTESIAN_POINT('',(121.6,0.,135.));
#11420 = VECTOR('',#11421,1.);
#11421 = DIRECTION('',(0.,0.,1.));
#11422 = ORIENTED_EDGE('',*,*,#11423,.T.);
#11423 = EDGE_CURVE('',#11416,#11424,#11426,.T.);
#11424 = VERTEX_POINT('',#11425);
#11425 = CARTESIAN_POINT('',(124.2,0.,135.));
#11426 = LINE('',#11427,#11428);
#11427 = CARTESIAN_POINT('',(121.6,0.,135.));
#11428 = VECTOR('',#11429,1.);
#11429 = DIRECTION('',(1.,0.,0.));
#11430 = ORIENTED_EDGE('',*,*,#11431,.F.);
#11431 = EDGE_CURVE('',#11432,#11424,#11434,.T.);
#11432 = VERTEX_POINT('',#11433);
#11433 = CARTESIAN_POINT('',(124.2,0.,134.));
#11434 = LINE('',#11435,#11436);
#11435 = CARTESIAN_POINT('',(124.2,0.,128.));
#11436 = VECTOR('',#11437,1.);
#11437 = DIRECTION('',(0.,0.,1.));
#11438 = ORIENTED_EDGE('',*,*,#11439,.F.);
#11439 = EDGE_CURVE('',#11440,#11432,#11442,.T.);
#11440 = VERTEX_POINT('',#11441);
#11441 = CARTESIAN_POINT('',(17.8,0.,134.));
#11442 = LINE('',#11443,#11444);
#11443 = CARTESIAN_POINT('',(15.3,0.,134.));
#11444 = VECTOR('',#11445,1.);
#11445 = DIRECTION('',(1.,0.,0.));
#11446 = ORIENTED_EDGE('',*,*,#11447,.T.);
#11447 = EDGE_CURVE('',#11440,#11448,#11450,.T.);
#11448 = VERTEX_POINT('',#11449);
#11449 = CARTESIAN_POINT('',(17.8,0.,135.));
#11450 = LINE('',#11451,#11452);
#11451 = CARTESIAN_POINT('',(17.8,0.,128.));
#11452 = VECTOR('',#11453,1.);
#11453 = DIRECTION('',(0.,0.,1.));
#11454 = ORIENTED_EDGE('',*,*,#11455,.T.);
#11455 = EDGE_CURVE('',#11448,#11456,#11458,.T.);
#11456 = VERTEX_POINT('',#11457);
#11457 = CARTESIAN_POINT('',(20.4,0.,135.));
#11458 = LINE('',#11459,#11460);
#11459 = CARTESIAN_POINT('',(14.3,0.,135.));
#11460 = VECTOR('',#11461,1.);
#11461 = DIRECTION('',(1.,0.,0.));
#11462 = ORIENTED_EDGE('',*,*,#11463,.T.);
#11463 = EDGE_CURVE('',#11456,#11464,#11466,.T.);
#11464 = VERTEX_POINT('',#11465);
#11465 = CARTESIAN_POINT('',(20.4,0.,137.4));
#11466 = LINE('',#11467,#11468);
#11467 = CARTESIAN_POINT('',(20.4,0.,135.));
#11468 = VECTOR('',#11469,1.);
#11469 = DIRECTION('',(0.,0.,1.));
#11470 = ORIENTED_EDGE('',*,*,#11471,.F.);
#11471 = EDGE_CURVE('',#11472,#11464,#11474,.T.);
#11472 = VERTEX_POINT('',#11473);
#11473 = CARTESIAN_POINT('',(16.,0.,137.4));
#11474 = LINE('',#11475,#11476);
#11475 = CARTESIAN_POINT('',(14.3,0.,137.4));
#11476 = VECTOR('',#11477,1.);
#11477 = DIRECTION('',(1.,0.,0.));
#11478 = ORIENTED_EDGE('',*,*,#11479,.T.);
#11479 = EDGE_CURVE('',#11472,#11480,#11482,.T.);
#11480 = VERTEX_POINT('',#11481);
#11481 = CARTESIAN_POINT('',(16.,-2.22044604925E-16,179.));
#11482 = LINE('',#11483,#11484);
#11483 = CARTESIAN_POINT('',(16.,0.,126.));
#11484 = VECTOR('',#11485,1.);
#11485 = DIRECTION('',(0.,0.,1.));
#11486 = ORIENTED_EDGE('',*,*,#11487,.T.);
#11487 = EDGE_CURVE('',#11480,#11488,#11490,.T.);
#11488 = VERTEX_POINT('',#11489);
#11489 = CARTESIAN_POINT('',(10.,-2.22044604925E-16,179.));
#11490 = LINE('',#11491,#11492);
#11491 = CARTESIAN_POINT('',(16.,-2.22044604925E-16,179.));
#11492 = VECTOR('',#11493,1.);
#11493 = DIRECTION('',(-1.,-0.,-0.));
#11494 = ORIENTED_EDGE('',*,*,#11495,.F.);
#11495 = EDGE_CURVE('',#11358,#11488,#11496,.T.);
#11496 = LINE('',#11497,#11498);
#11497 = CARTESIAN_POINT('',(10.,-1.7763568394E-15,126.));
#11498 = VECTOR('',#11499,1.);
#11499 = DIRECTION('',(0.,0.,1.));
#11500 = PLANE('',#11501);
#11501 = AXIS2_PLACEMENT_3D('',#11502,#11503,#11504);
#11502 = CARTESIAN_POINT('',(71.,-4.202428702366E-16,142.25598591549));
#11503 = DIRECTION('',(-0.,-1.,-0.));
#11504 = DIRECTION('',(0.,0.,-1.));
#11505 = ADVANCED_FACE('',(#11506),#11525,.T.);
#11506 = FACE_BOUND('',#11507,.F.);
#11507 = EDGE_LOOP('',(#11508,#11509,#11517,#11524));
#11508 = ORIENTED_EDGE('',*,*,#11276,.T.);
#11509 = ORIENTED_EDGE('',*,*,#11510,.T.);
#11510 = EDGE_CURVE('',#11277,#11511,#11513,.T.);
#11511 = VERTEX_POINT('',#11512);
#11512 = CARTESIAN_POINT('',(141.,15.,180.));
#11513 = LINE('',#11514,#11515);
#11514 = CARTESIAN_POINT('',(141.,10.,180.));
#11515 = VECTOR('',#11516,1.);
#11516 = DIRECTION('',(0.,1.,0.));
#11517 = ORIENTED_EDGE('',*,*,#11518,.F.);
#11518 = EDGE_CURVE('',#11245,#11511,#11519,.T.);
#11519 = ELLIPSE('',#11520,1.414213562373,1.);
#11520 = AXIS2_PLACEMENT_3D('',#11521,#11522,#11523);
#11521 = CARTESIAN_POINT('',(141.,15.,179.));
#11522 = DIRECTION('',(0.707106781187,-0.707106781187,0.));
#11523 = DIRECTION('',(0.707106781187,0.707106781187,0.));
#11524 = ORIENTED_EDGE('',*,*,#11252,.F.);
#11525 = CYLINDRICAL_SURFACE('',#11526,1.);
#11526 = AXIS2_PLACEMENT_3D('',#11527,#11528,#11529);
#11527 = CARTESIAN_POINT('',(141.,10.,179.));
#11528 = DIRECTION('',(0.,1.,0.));
#11529 = DIRECTION('',(1.,0.,0.));
#11530 = ADVANCED_FACE('',(#11531),#11589,.T.);
#11531 = FACE_BOUND('',#11532,.T.);
#11532 = EDGE_LOOP('',(#11533,#11541,#11542,#11543,#11551,#11559,#11567,
    #11575,#11583));
#11533 = ORIENTED_EDGE('',*,*,#11534,.T.);
#11534 = EDGE_CURVE('',#11535,#11245,#11537,.T.);
#11535 = VERTEX_POINT('',#11536);
#11536 = CARTESIAN_POINT('',(126.,16.,179.));
#11537 = LINE('',#11538,#11539);
#11538 = CARTESIAN_POINT('',(126.,16.,179.));
#11539 = VECTOR('',#11540,1.);
#11540 = DIRECTION('',(1.,0.,0.));
#11541 = ORIENTED_EDGE('',*,*,#11244,.F.);
#11542 = ORIENTED_EDGE('',*,*,#11342,.F.);
#11543 = ORIENTED_EDGE('',*,*,#11544,.F.);
#11544 = EDGE_CURVE('',#11545,#11335,#11547,.T.);
#11545 = VERTEX_POINT('',#11546);
#11546 = CARTESIAN_POINT('',(130.,16.,126.));
#11547 = LINE('',#11548,#11549);
#11548 = CARTESIAN_POINT('',(126.,16.,126.));
#11549 = VECTOR('',#11550,1.);
#11550 = DIRECTION('',(1.,0.,0.));
#11551 = ORIENTED_EDGE('',*,*,#11552,.F.);
#11552 = EDGE_CURVE('',#11553,#11545,#11555,.T.);
#11553 = VERTEX_POINT('',#11554);
#11554 = CARTESIAN_POINT('',(130.,16.,128.));
#11555 = LINE('',#11556,#11557);
#11556 = CARTESIAN_POINT('',(130.,16.,126.));
#11557 = VECTOR('',#11558,1.);
#11558 = DIRECTION('',(0.,0.,-1.));
#11559 = ORIENTED_EDGE('',*,*,#11560,.F.);
#11560 = EDGE_CURVE('',#11561,#11553,#11563,.T.);
#11561 = VERTEX_POINT('',#11562);
#11562 = CARTESIAN_POINT('',(127.7,16.,128.));
#11563 = LINE('',#11564,#11565);
#11564 = CARTESIAN_POINT('',(122.8,16.,128.));
#11565 = VECTOR('',#11566,1.);
#11566 = DIRECTION('',(1.,0.,0.));
#11567 = ORIENTED_EDGE('',*,*,#11568,.F.);
#11568 = EDGE_CURVE('',#11569,#11561,#11571,.T.);
#11569 = VERTEX_POINT('',#11570);
#11570 = CARTESIAN_POINT('',(127.7,16.,137.4));
#11571 = LINE('',#11572,#11573);
#11572 = CARTESIAN_POINT('',(127.7,16.,127.));
#11573 = VECTOR('',#11574,1.);
#11574 = DIRECTION('',(0.,0.,-1.));
#11575 = ORIENTED_EDGE('',*,*,#11576,.F.);
#11576 = EDGE_CURVE('',#11577,#11569,#11579,.T.);
#11577 = VERTEX_POINT('',#11578);
#11578 = CARTESIAN_POINT('',(126.,16.,137.4));
#11579 = LINE('',#11580,#11581);
#11580 = CARTESIAN_POINT('',(123.8,16.,137.4));
#11581 = VECTOR('',#11582,1.);
#11582 = DIRECTION('',(1.,0.,0.));
#11583 = ORIENTED_EDGE('',*,*,#11584,.T.);
#11584 = EDGE_CURVE('',#11577,#11535,#11585,.T.);
#11585 = LINE('',#11586,#11587);
#11586 = CARTESIAN_POINT('',(126.,16.,126.));
#11587 = VECTOR('',#11588,1.);
#11588 = DIRECTION('',(0.,0.,1.));
#11589 = PLANE('',#11590);
#11590 = AXIS2_PLACEMENT_3D('',#11591,#11592,#11593);
#11591 = CARTESIAN_POINT('',(126.,16.,126.));
#11592 = DIRECTION('',(0.,1.,0.));
#11593 = DIRECTION('',(0.,0.,1.));
#11594 = ADVANCED_FACE('',(#11595),#11614,.T.);
#11595 = FACE_BOUND('',#11596,.F.);
#11596 = EDGE_LOOP('',(#11597,#11606,#11612,#11613));
#11597 = ORIENTED_EDGE('',*,*,#11598,.T.);
#11598 = EDGE_CURVE('',#11392,#11599,#11601,.T.);
#11599 = VERTEX_POINT('',#11600);
#11600 = CARTESIAN_POINT('',(127.,1.,180.));
#11601 = ELLIPSE('',#11602,1.414213562373,1.);
#11602 = AXIS2_PLACEMENT_3D('',#11603,#11604,#11605);
#11603 = CARTESIAN_POINT('',(127.,1.,179.));
#11604 = DIRECTION('',(-0.707106781187,0.707106781187,0.));
#11605 = DIRECTION('',(0.707106781187,0.707106781187,0.));
#11606 = ORIENTED_EDGE('',*,*,#11607,.T.);
#11607 = EDGE_CURVE('',#11599,#11267,#11608,.T.);
#11608 = LINE('',#11609,#11610);
#11609 = CARTESIAN_POINT('',(126.,1.,180.));
#11610 = VECTOR('',#11611,1.);
#11611 = DIRECTION('',(1.,0.,0.));
#11612 = ORIENTED_EDGE('',*,*,#11266,.F.);
#11613 = ORIENTED_EDGE('',*,*,#11391,.F.);
#11614 = CYLINDRICAL_SURFACE('',#11615,1.);
#11615 = AXIS2_PLACEMENT_3D('',#11616,#11617,#11618);
#11616 = CARTESIAN_POINT('',(126.,1.,179.));
#11617 = DIRECTION('',(1.,0.,0.));
#11618 = DIRECTION('',(0.,-1.,0.));
#11619 = ADVANCED_FACE('',(#11620,#11639),#11650,.T.);
#11620 = FACE_BOUND('',#11621,.T.);
#11621 = EDGE_LOOP('',(#11622,#11623,#11624,#11625,#11633));
#11622 = ORIENTED_EDGE('',*,*,#11607,.T.);
#11623 = ORIENTED_EDGE('',*,*,#11285,.T.);
#11624 = ORIENTED_EDGE('',*,*,#11510,.T.);
#11625 = ORIENTED_EDGE('',*,*,#11626,.F.);
#11626 = EDGE_CURVE('',#11627,#11511,#11629,.T.);
#11627 = VERTEX_POINT('',#11628);
#11628 = CARTESIAN_POINT('',(127.,15.,180.));
#11629 = LINE('',#11630,#11631);
#11630 = CARTESIAN_POINT('',(126.,15.,180.));
#11631 = VECTOR('',#11632,1.);
#11632 = DIRECTION('',(1.,0.,0.));
#11633 = ORIENTED_EDGE('',*,*,#11634,.F.);
#11634 = EDGE_CURVE('',#11599,#11627,#11635,.T.);
#11635 = LINE('',#11636,#11637);
#11636 = CARTESIAN_POINT('',(127.,0.,180.));
#11637 = VECTOR('',#11638,1.);
#11638 = DIRECTION('',(0.,1.,0.));
#11639 = FACE_BOUND('',#11640,.T.);
#11640 = EDGE_LOOP('',(#11641));
#11641 = ORIENTED_EDGE('',*,*,#11642,.F.);
#11642 = EDGE_CURVE('',#11643,#11643,#11645,.T.);
#11643 = VERTEX_POINT('',#11644);
#11644 = CARTESIAN_POINT('',(137.4,8.,180.));
#11645 = CIRCLE('',#11646,3.4);
#11646 = AXIS2_PLACEMENT_3D('',#11647,#11648,#11649);
#11647 = CARTESIAN_POINT('',(134.,8.,180.));
#11648 = DIRECTION('',(0.,0.,1.));
#11649 = DIRECTION('',(1.,0.,0.));
#11650 = PLANE('',#11651);
#11651 = AXIS2_PLACEMENT_3D('',#11652,#11653,#11654);
#11652 = CARTESIAN_POINT('',(126.,0.,180.));
#11653 = DIRECTION('',(0.,0.,1.));
#11654 = DIRECTION('',(1.,0.,0.));
#11655 = ADVANCED_FACE('',(#11656),#11698,.F.);
#11656 = FACE_BOUND('',#11657,.F.);
#11657 = EDGE_LOOP('',(#11658,#11659,#11660,#11668,#11676,#11684,#11692)
  );
#11658 = ORIENTED_EDGE('',*,*,#11383,.F.);
#11659 = ORIENTED_EDGE('',*,*,#11309,.T.);
#11660 = ORIENTED_EDGE('',*,*,#11661,.T.);
#11661 = EDGE_CURVE('',#11310,#11662,#11664,.T.);
#11662 = VERTEX_POINT('',#11663);
#11663 = CARTESIAN_POINT('',(119.6,17.,126.));
#11664 = LINE('',#11665,#11666);
#11665 = CARTESIAN_POINT('',(119.6,0.,126.));
#11666 = VECTOR('',#11667,1.);
#11667 = DIRECTION('',(0.,1.,0.));
#11668 = ORIENTED_EDGE('',*,*,#11669,.T.);
#11669 = EDGE_CURVE('',#11662,#11670,#11672,.T.);
#11670 = VERTEX_POINT('',#11671);
#11671 = CARTESIAN_POINT('',(119.6,92.,126.));
#11672 = LINE('',#11673,#11674);
#11673 = CARTESIAN_POINT('',(119.6,0.,126.));
#11674 = VECTOR('',#11675,1.);
#11675 = DIRECTION('',(0.,1.,0.));
#11676 = ORIENTED_EDGE('',*,*,#11677,.T.);
#11677 = EDGE_CURVE('',#11670,#11678,#11680,.T.);
#11678 = VERTEX_POINT('',#11679);
#11679 = CARTESIAN_POINT('',(119.6,92.,128.));
#11680 = LINE('',#11681,#11682);
#11681 = CARTESIAN_POINT('',(119.6,92.,126.));
#11682 = VECTOR('',#11683,1.);
#11683 = DIRECTION('',(0.,0.,1.));
#11684 = ORIENTED_EDGE('',*,*,#11685,.F.);
#11685 = EDGE_CURVE('',#11686,#11678,#11688,.T.);
#11686 = VERTEX_POINT('',#11687);
#11687 = CARTESIAN_POINT('',(119.6,2.,128.));
#11688 = LINE('',#11689,#11690);
#11689 = CARTESIAN_POINT('',(119.6,0.,128.));
#11690 = VECTOR('',#11691,1.);
#11691 = DIRECTION('',(0.,1.,0.));
#11692 = ORIENTED_EDGE('',*,*,#11693,.F.);
#11693 = EDGE_CURVE('',#11376,#11686,#11694,.T.);
#11694 = LINE('',#11695,#11696);
#11695 = CARTESIAN_POINT('',(119.6,0.,128.));
#11696 = VECTOR('',#11697,1.);
#11697 = DIRECTION('',(0.,1.,0.));
#11698 = PLANE('',#11699);
#11699 = AXIS2_PLACEMENT_3D('',#11700,#11701,#11702);
#11700 = CARTESIAN_POINT('',(119.6,0.,126.));
#11701 = DIRECTION('',(1.,0.,0.));
#11702 = DIRECTION('',(0.,0.,1.));
#11703 = ADVANCED_FACE('',(#11704),#11747,.T.);
#11704 = FACE_BOUND('',#11705,.T.);
#11705 = EDGE_LOOP('',(#11706,#11715,#11716,#11724,#11732,#11741));
#11706 = ORIENTED_EDGE('',*,*,#11707,.T.);
#11707 = EDGE_CURVE('',#11708,#11318,#11710,.T.);
#11708 = VERTEX_POINT('',#11709);
#11709 = CARTESIAN_POINT('',(132.,-1.7763568394E-15,125.));
#11710 = CIRCLE('',#11711,1.);
#11711 = AXIS2_PLACEMENT_3D('',#11712,#11713,#11714);
#11712 = CARTESIAN_POINT('',(132.,1.,125.));
#11713 = DIRECTION('',(-1.,-6.123233995737E-17,0.));
#11714 = DIRECTION('',(6.123233995737E-17,-1.,0.));
#11715 = ORIENTED_EDGE('',*,*,#11317,.T.);
#11716 = ORIENTED_EDGE('',*,*,#11717,.T.);
#11717 = EDGE_CURVE('',#11310,#11718,#11720,.T.);
#11718 = VERTEX_POINT('',#11719);
#11719 = CARTESIAN_POINT('',(22.4,1.,126.));
#11720 = LINE('',#11721,#11722);
#11721 = CARTESIAN_POINT('',(132.,1.,126.));
#11722 = VECTOR('',#11723,1.);
#11723 = DIRECTION('',(-1.,-0.,-0.));
#11724 = ORIENTED_EDGE('',*,*,#11725,.T.);
#11725 = EDGE_CURVE('',#11718,#11726,#11728,.T.);
#11726 = VERTEX_POINT('',#11727);
#11727 = CARTESIAN_POINT('',(10.,1.,126.));
#11728 = LINE('',#11729,#11730);
#11729 = CARTESIAN_POINT('',(132.,1.,126.));
#11730 = VECTOR('',#11731,1.);
#11731 = DIRECTION('',(-1.,-0.,-0.));
#11732 = ORIENTED_EDGE('',*,*,#11733,.F.);
#11733 = EDGE_CURVE('',#11734,#11726,#11736,.T.);
#11734 = VERTEX_POINT('',#11735);
#11735 = CARTESIAN_POINT('',(10.,-2.22044604925E-16,125.));
#11736 = CIRCLE('',#11737,1.);
#11737 = AXIS2_PLACEMENT_3D('',#11738,#11739,#11740);
#11738 = CARTESIAN_POINT('',(10.,1.,125.));
#11739 = DIRECTION('',(-1.,0.,0.));
#11740 = DIRECTION('',(0.,-1.,0.));
#11741 = ORIENTED_EDGE('',*,*,#11742,.F.);
#11742 = EDGE_CURVE('',#11708,#11734,#11743,.T.);
#11743 = LINE('',#11744,#11745);
#11744 = CARTESIAN_POINT('',(132.,-2.22044604925E-16,125.));
#11745 = VECTOR('',#11746,1.);
#11746 = DIRECTION('',(-1.,-0.,-0.));
#11747 = CYLINDRICAL_SURFACE('',#11748,1.);
#11748 = AXIS2_PLACEMENT_3D('',#11749,#11750,#11751);
#11749 = CARTESIAN_POINT('',(132.,1.,125.));
#11750 = DIRECTION('',(-1.,-0.,-0.));
#11751 = DIRECTION('',(0.,-1.,0.));
#11752 = ADVANCED_FACE('',(#11753),#11773,.T.);
#11753 = FACE_BOUND('',#11754,.F.);
#11754 = EDGE_LOOP('',(#11755,#11764,#11771,#11772));
#11755 = ORIENTED_EDGE('',*,*,#11756,.F.);
#11756 = EDGE_CURVE('',#11757,#11326,#11759,.T.);
#11757 = VERTEX_POINT('',#11758);
#11758 = CARTESIAN_POINT('',(142.,10.,125.));
#11759 = CIRCLE('',#11760,1.);
#11760 = AXIS2_PLACEMENT_3D('',#11761,#11762,#11763);
#11761 = CARTESIAN_POINT('',(141.,10.,125.));
#11762 = DIRECTION('',(0.,-1.,0.));
#11763 = DIRECTION('',(1.,0.,0.));
#11764 = ORIENTED_EDGE('',*,*,#11765,.T.);
#11765 = EDGE_CURVE('',#11757,#11708,#11766,.T.);
#11766 = CIRCLE('',#11767,10.);
#11767 = AXIS2_PLACEMENT_3D('',#11768,#11769,#11770);
#11768 = CARTESIAN_POINT('',(132.,10.,125.));
#11769 = DIRECTION('',(0.,0.,-1.));
#11770 = DIRECTION('',(1.,0.,0.));
#11771 = ORIENTED_EDGE('',*,*,#11707,.T.);
#11772 = ORIENTED_EDGE('',*,*,#11325,.F.);
#11773 = TOROIDAL_SURFACE('',#11774,9.,1.);
#11774 = AXIS2_PLACEMENT_3D('',#11775,#11776,#11777);
#11775 = CARTESIAN_POINT('',(132.,10.,125.));
#11776 = DIRECTION('',(0.,0.,1.));
#11777 = DIRECTION('',(1.,0.,0.));
#11778 = ADVANCED_FACE('',(#11779),#11814,.T.);
#11779 = FACE_BOUND('',#11780,.T.);
#11780 = EDGE_LOOP('',(#11781,#11792,#11800,#11806,#11807,#11808));
#11781 = ORIENTED_EDGE('',*,*,#11782,.T.);
#11782 = EDGE_CURVE('',#11783,#11785,#11787,.T.);
#11783 = VERTEX_POINT('',#11784);
#11784 = CARTESIAN_POINT('',(142.,122.,125.));
#11785 = VERTEX_POINT('',#11786);
#11786 = CARTESIAN_POINT('',(141.,122.,126.));
#11787 = CIRCLE('',#11788,1.);
#11788 = AXIS2_PLACEMENT_3D('',#11789,#11790,#11791);
#11789 = CARTESIAN_POINT('',(141.,122.,125.));
#11790 = DIRECTION('',(6.123233995737E-17,-1.,0.));
#11791 = DIRECTION('',(1.,6.123233995737E-17,0.));
#11792 = ORIENTED_EDGE('',*,*,#11793,.T.);
#11793 = EDGE_CURVE('',#11785,#11794,#11796,.T.);
#11794 = VERTEX_POINT('',#11795);
#11795 = CARTESIAN_POINT('',(141.,116.,126.));
#11796 = LINE('',#11797,#11798);
#11797 = CARTESIAN_POINT('',(141.,122.,126.));
#11798 = VECTOR('',#11799,1.);
#11799 = DIRECTION('',(-0.,-1.,-0.));
#11800 = ORIENTED_EDGE('',*,*,#11801,.T.);
#11801 = EDGE_CURVE('',#11794,#11335,#11802,.T.);
#11802 = LINE('',#11803,#11804);
#11803 = CARTESIAN_POINT('',(141.,122.,126.));
#11804 = VECTOR('',#11805,1.);
#11805 = DIRECTION('',(-0.,-1.,-0.));
#11806 = ORIENTED_EDGE('',*,*,#11334,.T.);
#11807 = ORIENTED_EDGE('',*,*,#11756,.F.);
#11808 = ORIENTED_EDGE('',*,*,#11809,.F.);
#11809 = EDGE_CURVE('',#11783,#11757,#11810,.T.);
#11810 = LINE('',#11811,#11812);
#11811 = CARTESIAN_POINT('',(142.,122.,125.));
#11812 = VECTOR('',#11813,1.);
#11813 = DIRECTION('',(-0.,-1.,-0.));
#11814 = CYLINDRICAL_SURFACE('',#11815,1.);
#11815 = AXIS2_PLACEMENT_3D('',#11816,#11817,#11818);
#11816 = CARTESIAN_POINT('',(141.,122.,125.));
#11817 = DIRECTION('',(-0.,-1.,-0.));
#11818 = DIRECTION('',(1.,0.,0.));
#11819 = ADVANCED_FACE('',(#11820),#11870,.T.);
#11820 = FACE_BOUND('',#11821,.T.);
#11821 = EDGE_LOOP('',(#11822,#11823,#11829,#11830,#11839,#11847,#11855,
    #11863));
#11822 = ORIENTED_EDGE('',*,*,#11725,.F.);
#11823 = ORIENTED_EDGE('',*,*,#11824,.F.);
#11824 = EDGE_CURVE('',#11360,#11718,#11825,.T.);
#11825 = LINE('',#11826,#11827);
#11826 = CARTESIAN_POINT('',(22.4,0.,126.));
#11827 = VECTOR('',#11828,1.);
#11828 = DIRECTION('',(0.,1.,0.));
#11829 = ORIENTED_EDGE('',*,*,#11357,.F.);
#11830 = ORIENTED_EDGE('',*,*,#11831,.F.);
#11831 = EDGE_CURVE('',#11832,#11358,#11834,.T.);
#11832 = VERTEX_POINT('',#11833);
#11833 = CARTESIAN_POINT('',(-1.7763568394E-15,10.,126.));
#11834 = CIRCLE('',#11835,10.);
#11835 = AXIS2_PLACEMENT_3D('',#11836,#11837,#11838);
#11836 = CARTESIAN_POINT('',(10.,10.,126.));
#11837 = DIRECTION('',(-0.,0.,1.));
#11838 = DIRECTION('',(0.,-1.,0.));
#11839 = ORIENTED_EDGE('',*,*,#11840,.T.);
#11840 = EDGE_CURVE('',#11832,#11841,#11843,.T.);
#11841 = VERTEX_POINT('',#11842);
#11842 = CARTESIAN_POINT('',(0.,16.,126.));
#11843 = LINE('',#11844,#11845);
#11844 = CARTESIAN_POINT('',(0.,0.,126.));
#11845 = VECTOR('',#11846,1.);
#11846 = DIRECTION('',(0.,1.,0.));
#11847 = ORIENTED_EDGE('',*,*,#11848,.T.);
#11848 = EDGE_CURVE('',#11841,#11849,#11851,.T.);
#11849 = VERTEX_POINT('',#11850);
#11850 = CARTESIAN_POINT('',(1.,16.,126.));
#11851 = LINE('',#11852,#11853);
#11852 = CARTESIAN_POINT('',(0.,16.,126.));
#11853 = VECTOR('',#11854,1.);
#11854 = DIRECTION('',(1.,0.,0.));
#11855 = ORIENTED_EDGE('',*,*,#11856,.F.);
#11856 = EDGE_CURVE('',#11857,#11849,#11859,.T.);
#11857 = VERTEX_POINT('',#11858);
#11858 = CARTESIAN_POINT('',(1.,10.,126.));
#11859 = LINE('',#11860,#11861);
#11860 = CARTESIAN_POINT('',(1.,10.,126.));
#11861 = VECTOR('',#11862,1.);
#11862 = DIRECTION('',(0.,1.,0.));
#11863 = ORIENTED_EDGE('',*,*,#11864,.F.);
#11864 = EDGE_CURVE('',#11726,#11857,#11865,.T.);
#11865 = CIRCLE('',#11866,9.);
#11866 = AXIS2_PLACEMENT_3D('',#11867,#11868,#11869);
#11867 = CARTESIAN_POINT('',(10.,10.,126.));
#11868 = DIRECTION('',(-0.,0.,-1.));
#11869 = DIRECTION('',(-1.7763568394E-16,-1.,0.));
#11870 = PLANE('',#11871);
#11871 = AXIS2_PLACEMENT_3D('',#11872,#11873,#11874);
#11872 = CARTESIAN_POINT('',(8.064975384086,4.467015283844,126.));
#11873 = DIRECTION('',(-0.,-0.,-1.));
#11874 = DIRECTION('',(-1.,0.,0.));
#11875 = ADVANCED_FACE('',(#11876),#11918,.T.);
#11876 = FACE_BOUND('',#11877,.T.);
#11877 = EDGE_LOOP('',(#11878,#11879,#11880,#11888,#11896,#11904,#11912)
  );
#11878 = ORIENTED_EDGE('',*,*,#11367,.F.);
#11879 = ORIENTED_EDGE('',*,*,#11824,.T.);
#11880 = ORIENTED_EDGE('',*,*,#11881,.T.);
#11881 = EDGE_CURVE('',#11718,#11882,#11884,.T.);
#11882 = VERTEX_POINT('',#11883);
#11883 = CARTESIAN_POINT('',(22.4,17.,126.));
#11884 = LINE('',#11885,#11886);
#11885 = CARTESIAN_POINT('',(22.4,0.,126.));
#11886 = VECTOR('',#11887,1.);
#11887 = DIRECTION('',(0.,1.,0.));
#11888 = ORIENTED_EDGE('',*,*,#11889,.T.);
#11889 = EDGE_CURVE('',#11882,#11890,#11892,.T.);
#11890 = VERTEX_POINT('',#11891);
#11891 = CARTESIAN_POINT('',(22.4,92.,126.));
#11892 = LINE('',#11893,#11894);
#11893 = CARTESIAN_POINT('',(22.4,0.,126.));
#11894 = VECTOR('',#11895,1.);
#11895 = DIRECTION('',(0.,1.,0.));
#11896 = ORIENTED_EDGE('',*,*,#11897,.T.);
#11897 = EDGE_CURVE('',#11890,#11898,#11900,.T.);
#11898 = VERTEX_POINT('',#11899);
#11899 = CARTESIAN_POINT('',(22.4,92.,128.));
#11900 = LINE('',#11901,#11902);
#11901 = CARTESIAN_POINT('',(22.4,92.,126.));
#11902 = VECTOR('',#11903,1.);
#11903 = DIRECTION('',(0.,0.,1.));
#11904 = ORIENTED_EDGE('',*,*,#11905,.F.);
#11905 = EDGE_CURVE('',#11906,#11898,#11908,.T.);
#11906 = VERTEX_POINT('',#11907);
#11907 = CARTESIAN_POINT('',(22.4,2.,128.));
#11908 = LINE('',#11909,#11910);
#11909 = CARTESIAN_POINT('',(22.4,0.,128.));
#11910 = VECTOR('',#11911,1.);
#11911 = DIRECTION('',(0.,1.,0.));
#11912 = ORIENTED_EDGE('',*,*,#11913,.F.);
#11913 = EDGE_CURVE('',#11368,#11906,#11914,.T.);
#11914 = LINE('',#11915,#11916);
#11915 = CARTESIAN_POINT('',(22.4,0.,128.));
#11916 = VECTOR('',#11917,1.);
#11917 = DIRECTION('',(0.,1.,0.));
#11918 = PLANE('',#11919);
#11919 = AXIS2_PLACEMENT_3D('',#11920,#11921,#11922);
#11920 = CARTESIAN_POINT('',(22.4,0.,126.));
#11921 = DIRECTION('',(1.,0.,0.));
#11922 = DIRECTION('',(0.,0.,1.));
#11923 = ADVANCED_FACE('',(#11924),#11935,.F.);
#11924 = FACE_BOUND('',#11925,.F.);
#11925 = EDGE_LOOP('',(#11926,#11927,#11928,#11929));
#11926 = ORIENTED_EDGE('',*,*,#11913,.F.);
#11927 = ORIENTED_EDGE('',*,*,#11375,.T.);
#11928 = ORIENTED_EDGE('',*,*,#11693,.T.);
#11929 = ORIENTED_EDGE('',*,*,#11930,.F.);
#11930 = EDGE_CURVE('',#11906,#11686,#11931,.T.);
#11931 = LINE('',#11932,#11933);
#11932 = CARTESIAN_POINT('',(15.3,2.,128.));
#11933 = VECTOR('',#11934,1.);
#11934 = DIRECTION('',(1.,0.,0.));
#11935 = PLANE('',#11936);
#11936 = AXIS2_PLACEMENT_3D('',#11937,#11938,#11939);
#11937 = CARTESIAN_POINT('',(15.3,0.,128.));
#11938 = DIRECTION('',(0.,0.,1.));
#11939 = DIRECTION('',(1.,0.,0.));
#11940 = ADVANCED_FACE('',(#11941),#11957,.F.);
#11941 = FACE_BOUND('',#11942,.F.);
#11942 = EDGE_LOOP('',(#11943,#11944,#11950,#11951));
#11943 = ORIENTED_EDGE('',*,*,#11399,.F.);
#11944 = ORIENTED_EDGE('',*,*,#11945,.F.);
#11945 = EDGE_CURVE('',#11577,#11400,#11946,.T.);
#11946 = LINE('',#11947,#11948);
#11947 = CARTESIAN_POINT('',(126.,0.,137.4));
#11948 = VECTOR('',#11949,1.);
#11949 = DIRECTION('',(0.,-1.,0.));
#11950 = ORIENTED_EDGE('',*,*,#11584,.T.);
#11951 = ORIENTED_EDGE('',*,*,#11952,.F.);
#11952 = EDGE_CURVE('',#11392,#11535,#11953,.T.);
#11953 = LINE('',#11954,#11955);
#11954 = CARTESIAN_POINT('',(126.,0.,179.));
#11955 = VECTOR('',#11956,1.);
#11956 = DIRECTION('',(0.,1.,0.));
#11957 = PLANE('',#11958);
#11958 = AXIS2_PLACEMENT_3D('',#11959,#11960,#11961);
#11959 = CARTESIAN_POINT('',(126.,0.,126.));
#11960 = DIRECTION('',(1.,0.,0.));
#11961 = DIRECTION('',(0.,0.,1.));
#11962 = ADVANCED_FACE('',(#11963),#12022,.T.);
#11963 = FACE_BOUND('',#11964,.T.);
#11964 = EDGE_LOOP('',(#11965,#11975,#11981,#11982,#11983,#11984,#11992,
    #12000,#12008,#12016));
#11965 = ORIENTED_EDGE('',*,*,#11966,.F.);
#11966 = EDGE_CURVE('',#11967,#11969,#11971,.T.);
#11967 = VERTEX_POINT('',#11968);
#11968 = CARTESIAN_POINT('',(121.6,92.,137.4));
#11969 = VERTEX_POINT('',#11970);
#11970 = CARTESIAN_POINT('',(122.9,92.,137.4));
#11971 = LINE('',#11972,#11973);
#11972 = CARTESIAN_POINT('',(124.2,92.,137.4));
#11973 = VECTOR('',#11974,1.);
#11974 = DIRECTION('',(1.,0.,0.));
#11975 = ORIENTED_EDGE('',*,*,#11976,.F.);
#11976 = EDGE_CURVE('',#11408,#11967,#11977,.T.);
#11977 = LINE('',#11978,#11979);
#11978 = CARTESIAN_POINT('',(121.6,0.,137.4));
#11979 = VECTOR('',#11980,1.);
#11980 = DIRECTION('',(0.,1.,0.));
#11981 = ORIENTED_EDGE('',*,*,#11407,.T.);
#11982 = ORIENTED_EDGE('',*,*,#11945,.F.);
#11983 = ORIENTED_EDGE('',*,*,#11576,.T.);
#11984 = ORIENTED_EDGE('',*,*,#11985,.T.);
#11985 = EDGE_CURVE('',#11569,#11986,#11988,.T.);
#11986 = VERTEX_POINT('',#11987);
#11987 = CARTESIAN_POINT('',(127.7,92.,137.4));
#11988 = LINE('',#11989,#11990);
#11989 = CARTESIAN_POINT('',(127.7,0.,137.4));
#11990 = VECTOR('',#11991,1.);
#11991 = DIRECTION('',(0.,1.,0.));
#11992 = ORIENTED_EDGE('',*,*,#11993,.F.);
#11993 = EDGE_CURVE('',#11994,#11986,#11996,.T.);
#11994 = VERTEX_POINT('',#11995);
#11995 = CARTESIAN_POINT('',(124.5,92.,137.4));
#11996 = LINE('',#11997,#11998);
#11997 = CARTESIAN_POINT('',(124.2,92.,137.4));
#11998 = VECTOR('',#11999,1.);
#11999 = DIRECTION('',(1.,0.,0.));
#12000 = ORIENTED_EDGE('',*,*,#12001,.F.);
#12001 = EDGE_CURVE('',#12002,#11994,#12004,.T.);
#12002 = VERTEX_POINT('',#12003);
#12003 = CARTESIAN_POINT('',(124.5,83.7,137.4));
#12004 = LINE('',#12005,#12006);
#12005 = CARTESIAN_POINT('',(124.5,64.919317023445,137.4));
#12006 = VECTOR('',#12007,1.);
#12007 = DIRECTION('',(0.,1.,0.));
#12008 = ORIENTED_EDGE('',*,*,#12009,.T.);
#12009 = EDGE_CURVE('',#12002,#12010,#12012,.T.);
#12010 = VERTEX_POINT('',#12011);
#12011 = CARTESIAN_POINT('',(122.9,83.7,137.4));
#12012 = LINE('',#12013,#12014);
#12013 = CARTESIAN_POINT('',(123.70568297655,83.7,137.4));
#12014 = VECTOR('',#12015,1.);
#12015 = DIRECTION('',(-1.,0.,0.));
#12016 = ORIENTED_EDGE('',*,*,#12017,.T.);
#12017 = EDGE_CURVE('',#12010,#11969,#12018,.T.);
#12018 = LINE('',#12019,#12020);
#12019 = CARTESIAN_POINT('',(122.9,64.919317023445,137.4));
#12020 = VECTOR('',#12021,1.);
#12021 = DIRECTION('',(0.,1.,0.));
#12022 = PLANE('',#12023);
#12023 = AXIS2_PLACEMENT_3D('',#12024,#12025,#12026);
#12024 = CARTESIAN_POINT('',(124.5113659531,46.138634046891,137.4));
#12025 = DIRECTION('',(0.,0.,1.));
#12026 = DIRECTION('',(1.,0.,0.));
#12027 = ADVANCED_FACE('',(#12028),#12046,.F.);
#12028 = FACE_BOUND('',#12029,.F.);
#12029 = EDGE_LOOP('',(#12030,#12031,#12039,#12045));
#12030 = ORIENTED_EDGE('',*,*,#11415,.F.);
#12031 = ORIENTED_EDGE('',*,*,#12032,.T.);
#12032 = EDGE_CURVE('',#11416,#12033,#12035,.T.);
#12033 = VERTEX_POINT('',#12034);
#12034 = CARTESIAN_POINT('',(121.6,92.,135.));
#12035 = LINE('',#12036,#12037);
#12036 = CARTESIAN_POINT('',(121.6,0.,135.));
#12037 = VECTOR('',#12038,1.);
#12038 = DIRECTION('',(0.,1.,0.));
#12039 = ORIENTED_EDGE('',*,*,#12040,.T.);
#12040 = EDGE_CURVE('',#12033,#11967,#12041,.T.);
#12041 = LINE('',#12042,#12043);
#12042 = CARTESIAN_POINT('',(121.6,92.,135.));
#12043 = VECTOR('',#12044,1.);
#12044 = DIRECTION('',(0.,0.,1.));
#12045 = ORIENTED_EDGE('',*,*,#11976,.F.);
#12046 = PLANE('',#12047);
#12047 = AXIS2_PLACEMENT_3D('',#12048,#12049,#12050);
#12048 = CARTESIAN_POINT('',(121.6,0.,135.));
#12049 = DIRECTION('',(1.,0.,0.));
#12050 = DIRECTION('',(0.,0.,1.));
#12051 = ADVANCED_FACE('',(#12052),#12086,.F.);
#12052 = FACE_BOUND('',#12053,.F.);
#12053 = EDGE_LOOP('',(#12054,#12062,#12063,#12064,#12072,#12080));
#12054 = ORIENTED_EDGE('',*,*,#12055,.F.);
#12055 = EDGE_CURVE('',#12033,#12056,#12058,.T.);
#12056 = VERTEX_POINT('',#12057);
#12057 = CARTESIAN_POINT('',(122.9,92.,135.));
#12058 = LINE('',#12059,#12060);
#12059 = CARTESIAN_POINT('',(121.6,92.,135.));
#12060 = VECTOR('',#12061,1.);
#12061 = DIRECTION('',(1.,0.,0.));
#12062 = ORIENTED_EDGE('',*,*,#12032,.F.);
#12063 = ORIENTED_EDGE('',*,*,#11423,.T.);
#12064 = ORIENTED_EDGE('',*,*,#12065,.F.);
#12065 = EDGE_CURVE('',#12066,#11424,#12068,.T.);
#12066 = VERTEX_POINT('',#12067);
#12067 = CARTESIAN_POINT('',(124.2,83.7,135.));
#12068 = LINE('',#12069,#12070);
#12069 = CARTESIAN_POINT('',(124.2,0.,135.));
#12070 = VECTOR('',#12071,1.);
#12071 = DIRECTION('',(0.,-1.,0.));
#12072 = ORIENTED_EDGE('',*,*,#12073,.T.);
#12073 = EDGE_CURVE('',#12066,#12074,#12076,.T.);
#12074 = VERTEX_POINT('',#12075);
#12075 = CARTESIAN_POINT('',(122.9,83.7,135.));
#12076 = LINE('',#12077,#12078);
#12077 = CARTESIAN_POINT('',(122.25,83.7,135.));
#12078 = VECTOR('',#12079,1.);
#12079 = DIRECTION('',(-1.,0.,0.));
#12080 = ORIENTED_EDGE('',*,*,#12081,.T.);
#12081 = EDGE_CURVE('',#12074,#12056,#12082,.T.);
#12082 = LINE('',#12083,#12084);
#12083 = CARTESIAN_POINT('',(122.9,41.85,135.));
#12084 = VECTOR('',#12085,1.);
#12085 = DIRECTION('',(0.,1.,0.));
#12086 = PLANE('',#12087);
#12087 = AXIS2_PLACEMENT_3D('',#12088,#12089,#12090);
#12088 = CARTESIAN_POINT('',(121.6,0.,135.));
#12089 = DIRECTION('',(0.,0.,1.));
#12090 = DIRECTION('',(1.,0.,0.));
#12091 = ADVANCED_FACE('',(#12092),#12142,.F.);
#12092 = FACE_BOUND('',#12093,.F.);
#12093 = EDGE_LOOP('',(#12094,#12095,#12103,#12111,#12119,#12127,#12135,
    #12141));
#12094 = ORIENTED_EDGE('',*,*,#11431,.F.);
#12095 = ORIENTED_EDGE('',*,*,#12096,.F.);
#12096 = EDGE_CURVE('',#12097,#11432,#12099,.T.);
#12097 = VERTEX_POINT('',#12098);
#12098 = CARTESIAN_POINT('',(124.2,2.,134.));
#12099 = LINE('',#12100,#12101);
#12100 = CARTESIAN_POINT('',(124.2,0.,134.));
#12101 = VECTOR('',#12102,1.);
#12102 = DIRECTION('',(0.,-1.,0.));
#12103 = ORIENTED_EDGE('',*,*,#12104,.F.);
#12104 = EDGE_CURVE('',#12105,#12097,#12107,.T.);
#12105 = VERTEX_POINT('',#12106);
#12106 = CARTESIAN_POINT('',(124.2,2.,128.));
#12107 = LINE('',#12108,#12109);
#12108 = CARTESIAN_POINT('',(124.2,2.,128.));
#12109 = VECTOR('',#12110,1.);
#12110 = DIRECTION('',(0.,0.,1.));
#12111 = ORIENTED_EDGE('',*,*,#12112,.T.);
#12112 = EDGE_CURVE('',#12105,#12113,#12115,.T.);
#12113 = VERTEX_POINT('',#12114);
#12114 = CARTESIAN_POINT('',(124.2,92.,128.));
#12115 = LINE('',#12116,#12117);
#12116 = CARTESIAN_POINT('',(124.2,0.,128.));
#12117 = VECTOR('',#12118,1.);
#12118 = DIRECTION('',(0.,1.,0.));
#12119 = ORIENTED_EDGE('',*,*,#12120,.T.);
#12120 = EDGE_CURVE('',#12113,#12121,#12123,.T.);
#12121 = VERTEX_POINT('',#12122);
#12122 = CARTESIAN_POINT('',(124.2,92.,134.9));
#12123 = LINE('',#12124,#12125);
#12124 = CARTESIAN_POINT('',(124.2,92.,128.));
#12125 = VECTOR('',#12126,1.);
#12126 = DIRECTION('',(0.,0.,1.));
#12127 = ORIENTED_EDGE('',*,*,#12128,.T.);
#12128 = EDGE_CURVE('',#12121,#12129,#12131,.T.);
#12129 = VERTEX_POINT('',#12130);
#12130 = CARTESIAN_POINT('',(124.2,83.7,134.9));
#12131 = LINE('',#12132,#12133);
#12132 = CARTESIAN_POINT('',(124.2,41.85,134.9));
#12133 = VECTOR('',#12134,1.);
#12134 = DIRECTION('',(0.,-1.,0.));
#12135 = ORIENTED_EDGE('',*,*,#12136,.T.);
#12136 = EDGE_CURVE('',#12129,#12066,#12137,.T.);
#12137 = LINE('',#12138,#12139);
#12138 = CARTESIAN_POINT('',(124.2,83.7,131.45));
#12139 = VECTOR('',#12140,1.);
#12140 = DIRECTION('',(0.,0.,1.));
#12141 = ORIENTED_EDGE('',*,*,#12065,.T.);
#12142 = PLANE('',#12143);
#12143 = AXIS2_PLACEMENT_3D('',#12144,#12145,#12146);
#12144 = CARTESIAN_POINT('',(124.2,0.,128.));
#12145 = DIRECTION('',(1.,0.,0.));
#12146 = DIRECTION('',(0.,0.,1.));
#12147 = ADVANCED_FACE('',(#12148),#12166,.T.);
#12148 = FACE_BOUND('',#12149,.T.);
#12149 = EDGE_LOOP('',(#12150,#12158,#12159,#12160));
#12150 = ORIENTED_EDGE('',*,*,#12151,.T.);
#12151 = EDGE_CURVE('',#12152,#11440,#12154,.T.);
#12152 = VERTEX_POINT('',#12153);
#12153 = CARTESIAN_POINT('',(17.8,2.,134.));
#12154 = LINE('',#12155,#12156);
#12155 = CARTESIAN_POINT('',(17.8,0.,134.));
#12156 = VECTOR('',#12157,1.);
#12157 = DIRECTION('',(0.,-1.,0.));
#12158 = ORIENTED_EDGE('',*,*,#11439,.T.);
#12159 = ORIENTED_EDGE('',*,*,#12096,.F.);
#12160 = ORIENTED_EDGE('',*,*,#12161,.F.);
#12161 = EDGE_CURVE('',#12152,#12097,#12162,.T.);
#12162 = LINE('',#12163,#12164);
#12163 = CARTESIAN_POINT('',(15.3,2.,134.));
#12164 = VECTOR('',#12165,1.);
#12165 = DIRECTION('',(1.,0.,0.));
#12166 = PLANE('',#12167);
#12167 = AXIS2_PLACEMENT_3D('',#12168,#12169,#12170);
#12168 = CARTESIAN_POINT('',(15.3,0.,134.));
#12169 = DIRECTION('',(0.,0.,1.));
#12170 = DIRECTION('',(1.,0.,0.));
#12171 = ADVANCED_FACE('',(#12172),#12222,.T.);
#12172 = FACE_BOUND('',#12173,.T.);
#12173 = EDGE_LOOP('',(#12174,#12175,#12176,#12184,#12192,#12200,#12208,
    #12216));
#12174 = ORIENTED_EDGE('',*,*,#11447,.F.);
#12175 = ORIENTED_EDGE('',*,*,#12151,.F.);
#12176 = ORIENTED_EDGE('',*,*,#12177,.F.);
#12177 = EDGE_CURVE('',#12178,#12152,#12180,.T.);
#12178 = VERTEX_POINT('',#12179);
#12179 = CARTESIAN_POINT('',(17.8,2.,128.));
#12180 = LINE('',#12181,#12182);
#12181 = CARTESIAN_POINT('',(17.8,2.,128.));
#12182 = VECTOR('',#12183,1.);
#12183 = DIRECTION('',(0.,0.,1.));
#12184 = ORIENTED_EDGE('',*,*,#12185,.T.);
#12185 = EDGE_CURVE('',#12178,#12186,#12188,.T.);
#12186 = VERTEX_POINT('',#12187);
#12187 = CARTESIAN_POINT('',(17.8,92.,128.));
#12188 = LINE('',#12189,#12190);
#12189 = CARTESIAN_POINT('',(17.8,0.,128.));
#12190 = VECTOR('',#12191,1.);
#12191 = DIRECTION('',(0.,1.,0.));
#12192 = ORIENTED_EDGE('',*,*,#12193,.T.);
#12193 = EDGE_CURVE('',#12186,#12194,#12196,.T.);
#12194 = VERTEX_POINT('',#12195);
#12195 = CARTESIAN_POINT('',(17.8,92.,134.9));
#12196 = LINE('',#12197,#12198);
#12197 = CARTESIAN_POINT('',(17.8,92.,128.));
#12198 = VECTOR('',#12199,1.);
#12199 = DIRECTION('',(0.,0.,1.));
#12200 = ORIENTED_EDGE('',*,*,#12201,.T.);
#12201 = EDGE_CURVE('',#12194,#12202,#12204,.T.);
#12202 = VERTEX_POINT('',#12203);
#12203 = CARTESIAN_POINT('',(17.8,83.7,134.9));
#12204 = LINE('',#12205,#12206);
#12205 = CARTESIAN_POINT('',(17.8,41.85,134.9));
#12206 = VECTOR('',#12207,1.);
#12207 = DIRECTION('',(0.,-1.,0.));
#12208 = ORIENTED_EDGE('',*,*,#12209,.T.);
#12209 = EDGE_CURVE('',#12202,#12210,#12212,.T.);
#12210 = VERTEX_POINT('',#12211);
#12211 = CARTESIAN_POINT('',(17.8,83.7,135.));
#12212 = LINE('',#12213,#12214);
#12213 = CARTESIAN_POINT('',(17.8,83.7,131.45));
#12214 = VECTOR('',#12215,1.);
#12215 = DIRECTION('',(0.,0.,1.));
#12216 = ORIENTED_EDGE('',*,*,#12217,.T.);
#12217 = EDGE_CURVE('',#12210,#11448,#12218,.T.);
#12218 = LINE('',#12219,#12220);
#12219 = CARTESIAN_POINT('',(17.8,0.,135.));
#12220 = VECTOR('',#12221,1.);
#12221 = DIRECTION('',(0.,-1.,0.));
#12222 = PLANE('',#12223);
#12223 = AXIS2_PLACEMENT_3D('',#12224,#12225,#12226);
#12224 = CARTESIAN_POINT('',(17.8,0.,128.));
#12225 = DIRECTION('',(1.,0.,0.));
#12226 = DIRECTION('',(0.,0.,1.));
#12227 = ADVANCED_FACE('',(#12228),#12262,.F.);
#12228 = FACE_BOUND('',#12229,.F.);
#12229 = EDGE_LOOP('',(#12230,#12238,#12239,#12240,#12248,#12256));
#12230 = ORIENTED_EDGE('',*,*,#12231,.T.);
#12231 = EDGE_CURVE('',#12232,#12210,#12234,.T.);
#12232 = VERTEX_POINT('',#12233);
#12233 = CARTESIAN_POINT('',(19.1,83.7,135.));
#12234 = LINE('',#12235,#12236);
#12235 = CARTESIAN_POINT('',(15.9,83.7,135.));
#12236 = VECTOR('',#12237,1.);
#12237 = DIRECTION('',(-1.,0.,0.));
#12238 = ORIENTED_EDGE('',*,*,#12217,.T.);
#12239 = ORIENTED_EDGE('',*,*,#11455,.T.);
#12240 = ORIENTED_EDGE('',*,*,#12241,.T.);
#12241 = EDGE_CURVE('',#11456,#12242,#12244,.T.);
#12242 = VERTEX_POINT('',#12243);
#12243 = CARTESIAN_POINT('',(20.4,92.,135.));
#12244 = LINE('',#12245,#12246);
#12245 = CARTESIAN_POINT('',(20.4,0.,135.));
#12246 = VECTOR('',#12247,1.);
#12247 = DIRECTION('',(0.,1.,0.));
#12248 = ORIENTED_EDGE('',*,*,#12249,.F.);
#12249 = EDGE_CURVE('',#12250,#12242,#12252,.T.);
#12250 = VERTEX_POINT('',#12251);
#12251 = CARTESIAN_POINT('',(19.1,92.,135.));
#12252 = LINE('',#12253,#12254);
#12253 = CARTESIAN_POINT('',(14.3,92.,135.));
#12254 = VECTOR('',#12255,1.);
#12255 = DIRECTION('',(1.,0.,0.));
#12256 = ORIENTED_EDGE('',*,*,#12257,.F.);
#12257 = EDGE_CURVE('',#12232,#12250,#12258,.T.);
#12258 = LINE('',#12259,#12260);
#12259 = CARTESIAN_POINT('',(19.1,41.85,135.));
#12260 = VECTOR('',#12261,1.);
#12261 = DIRECTION('',(0.,1.,0.));
#12262 = PLANE('',#12263);
#12263 = AXIS2_PLACEMENT_3D('',#12264,#12265,#12266);
#12264 = CARTESIAN_POINT('',(14.3,0.,135.));
#12265 = DIRECTION('',(0.,0.,1.));
#12266 = DIRECTION('',(1.,0.,0.));
#12267 = ADVANCED_FACE('',(#12268),#12286,.T.);
#12268 = FACE_BOUND('',#12269,.T.);
#12269 = EDGE_LOOP('',(#12270,#12271,#12272,#12280));
#12270 = ORIENTED_EDGE('',*,*,#11463,.F.);
#12271 = ORIENTED_EDGE('',*,*,#12241,.T.);
#12272 = ORIENTED_EDGE('',*,*,#12273,.T.);
#12273 = EDGE_CURVE('',#12242,#12274,#12276,.T.);
#12274 = VERTEX_POINT('',#12275);
#12275 = CARTESIAN_POINT('',(20.4,92.,137.4));
#12276 = LINE('',#12277,#12278);
#12277 = CARTESIAN_POINT('',(20.4,92.,135.));
#12278 = VECTOR('',#12279,1.);
#12279 = DIRECTION('',(0.,0.,1.));
#12280 = ORIENTED_EDGE('',*,*,#12281,.F.);
#12281 = EDGE_CURVE('',#11464,#12274,#12282,.T.);
#12282 = LINE('',#12283,#12284);
#12283 = CARTESIAN_POINT('',(20.4,0.,137.4));
#12284 = VECTOR('',#12285,1.);
#12285 = DIRECTION('',(0.,1.,0.));
#12286 = PLANE('',#12287);
#12287 = AXIS2_PLACEMENT_3D('',#12288,#12289,#12290);
#12288 = CARTESIAN_POINT('',(20.4,0.,135.));
#12289 = DIRECTION('',(1.,0.,0.));
#12290 = DIRECTION('',(0.,0.,1.));
#12291 = ADVANCED_FACE('',(#12292),#12358,.T.);
#12292 = FACE_BOUND('',#12293,.T.);
#12293 = EDGE_LOOP('',(#12294,#12304,#12312,#12318,#12319,#12320,#12328,
    #12336,#12344,#12352));
#12294 = ORIENTED_EDGE('',*,*,#12295,.F.);
#12295 = EDGE_CURVE('',#12296,#12298,#12300,.T.);
#12296 = VERTEX_POINT('',#12297);
#12297 = CARTESIAN_POINT('',(14.3,16.,137.4));
#12298 = VERTEX_POINT('',#12299);
#12299 = CARTESIAN_POINT('',(14.3,92.,137.4));
#12300 = LINE('',#12301,#12302);
#12301 = CARTESIAN_POINT('',(14.3,0.,137.4));
#12302 = VECTOR('',#12303,1.);
#12303 = DIRECTION('',(0.,1.,0.));
#12304 = ORIENTED_EDGE('',*,*,#12305,.T.);
#12305 = EDGE_CURVE('',#12296,#12306,#12308,.T.);
#12306 = VERTEX_POINT('',#12307);
#12307 = CARTESIAN_POINT('',(16.,16.,137.4));
#12308 = LINE('',#12309,#12310);
#12309 = CARTESIAN_POINT('',(7.15,16.,137.4));
#12310 = VECTOR('',#12311,1.);
#12311 = DIRECTION('',(1.,0.,0.));
#12312 = ORIENTED_EDGE('',*,*,#12313,.T.);
#12313 = EDGE_CURVE('',#12306,#11472,#12314,.T.);
#12314 = LINE('',#12315,#12316);
#12315 = CARTESIAN_POINT('',(16.,0.,137.4));
#12316 = VECTOR('',#12317,1.);
#12317 = DIRECTION('',(0.,-1.,0.));
#12318 = ORIENTED_EDGE('',*,*,#11471,.T.);
#12319 = ORIENTED_EDGE('',*,*,#12281,.T.);
#12320 = ORIENTED_EDGE('',*,*,#12321,.F.);
#12321 = EDGE_CURVE('',#12322,#12274,#12324,.T.);
#12322 = VERTEX_POINT('',#12323);
#12323 = CARTESIAN_POINT('',(19.1,92.,137.4));
#12324 = LINE('',#12325,#12326);
#12325 = CARTESIAN_POINT('',(14.3,92.,137.4));
#12326 = VECTOR('',#12327,1.);
#12327 = DIRECTION('',(1.,0.,0.));
#12328 = ORIENTED_EDGE('',*,*,#12329,.F.);
#12329 = EDGE_CURVE('',#12330,#12322,#12332,.T.);
#12330 = VERTEX_POINT('',#12331);
#12331 = CARTESIAN_POINT('',(19.1,83.7,137.4));
#12332 = LINE('',#12333,#12334);
#12333 = CARTESIAN_POINT('',(19.1,64.919317023445,137.4));
#12334 = VECTOR('',#12335,1.);
#12335 = DIRECTION('',(0.,1.,0.));
#12336 = ORIENTED_EDGE('',*,*,#12337,.T.);
#12337 = EDGE_CURVE('',#12330,#12338,#12340,.T.);
#12338 = VERTEX_POINT('',#12339);
#12339 = CARTESIAN_POINT('',(17.5,83.7,137.4));
#12340 = LINE('',#12341,#12342);
#12341 = CARTESIAN_POINT('',(17.494317023445,83.7,137.4));
#12342 = VECTOR('',#12343,1.);
#12343 = DIRECTION('',(-1.,0.,0.));
#12344 = ORIENTED_EDGE('',*,*,#12345,.T.);
#12345 = EDGE_CURVE('',#12338,#12346,#12348,.T.);
#12346 = VERTEX_POINT('',#12347);
#12347 = CARTESIAN_POINT('',(17.5,92.,137.4));
#12348 = LINE('',#12349,#12350);
#12349 = CARTESIAN_POINT('',(17.5,64.919317023445,137.4));
#12350 = VECTOR('',#12351,1.);
#12351 = DIRECTION('',(0.,1.,0.));
#12352 = ORIENTED_EDGE('',*,*,#12353,.F.);
#12353 = EDGE_CURVE('',#12298,#12346,#12354,.T.);
#12354 = LINE('',#12355,#12356);
#12355 = CARTESIAN_POINT('',(14.3,92.,137.4));
#12356 = VECTOR('',#12357,1.);
#12357 = DIRECTION('',(1.,0.,0.));
#12358 = PLANE('',#12359);
#12359 = AXIS2_PLACEMENT_3D('',#12360,#12361,#12362);
#12360 = CARTESIAN_POINT('',(17.488634046891,46.138634046891,137.4));
#12361 = DIRECTION('',(0.,0.,1.));
#12362 = DIRECTION('',(1.,0.,0.));
#12363 = ADVANCED_FACE('',(#12364),#12382,.T.);
#12364 = FACE_BOUND('',#12365,.T.);
#12365 = EDGE_LOOP('',(#12366,#12367,#12368,#12376));
#12366 = ORIENTED_EDGE('',*,*,#11479,.F.);
#12367 = ORIENTED_EDGE('',*,*,#12313,.F.);
#12368 = ORIENTED_EDGE('',*,*,#12369,.T.);
#12369 = EDGE_CURVE('',#12306,#12370,#12372,.T.);
#12370 = VERTEX_POINT('',#12371);
#12371 = CARTESIAN_POINT('',(16.,16.,179.));
#12372 = LINE('',#12373,#12374);
#12373 = CARTESIAN_POINT('',(16.,16.,126.));
#12374 = VECTOR('',#12375,1.);
#12375 = DIRECTION('',(0.,0.,1.));
#12376 = ORIENTED_EDGE('',*,*,#12377,.F.);
#12377 = EDGE_CURVE('',#11480,#12370,#12378,.T.);
#12378 = LINE('',#12379,#12380);
#12379 = CARTESIAN_POINT('',(16.,0.,179.));
#12380 = VECTOR('',#12381,1.);
#12381 = DIRECTION('',(0.,1.,0.));
#12382 = PLANE('',#12383);
#12383 = AXIS2_PLACEMENT_3D('',#12384,#12385,#12386);
#12384 = CARTESIAN_POINT('',(16.,0.,126.));
#12385 = DIRECTION('',(1.,0.,0.));
#12386 = DIRECTION('',(0.,0.,1.));
#12387 = ADVANCED_FACE('',(#12388),#12415,.T.);
#12388 = FACE_BOUND('',#12389,.T.);
#12389 = EDGE_LOOP('',(#12390,#12399,#12407,#12414));
#12390 = ORIENTED_EDGE('',*,*,#12391,.T.);
#12391 = EDGE_CURVE('',#11480,#12392,#12394,.T.);
#12392 = VERTEX_POINT('',#12393);
#12393 = CARTESIAN_POINT('',(15.,1.,180.));
#12394 = ELLIPSE('',#12395,1.414213562373,1.);
#12395 = AXIS2_PLACEMENT_3D('',#12396,#12397,#12398);
#12396 = CARTESIAN_POINT('',(15.,1.,179.));
#12397 = DIRECTION('',(-0.707106781187,-0.707106781187,-0.));
#12398 = DIRECTION('',(-0.707106781187,0.707106781187,0.));
#12399 = ORIENTED_EDGE('',*,*,#12400,.T.);
#12400 = EDGE_CURVE('',#12392,#12401,#12403,.T.);
#12401 = VERTEX_POINT('',#12402);
#12402 = CARTESIAN_POINT('',(10.,1.,180.));
#12403 = LINE('',#12404,#12405);
#12404 = CARTESIAN_POINT('',(16.,1.,180.));
#12405 = VECTOR('',#12406,1.);
#12406 = DIRECTION('',(-1.,-0.,-0.));
#12407 = ORIENTED_EDGE('',*,*,#12408,.F.);
#12408 = EDGE_CURVE('',#11488,#12401,#12409,.T.);
#12409 = CIRCLE('',#12410,1.);
#12410 = AXIS2_PLACEMENT_3D('',#12411,#12412,#12413);
#12411 = CARTESIAN_POINT('',(10.,1.,179.));
#12412 = DIRECTION('',(-1.,0.,0.));
#12413 = DIRECTION('',(0.,-1.,0.));
#12414 = ORIENTED_EDGE('',*,*,#11487,.F.);
#12415 = CYLINDRICAL_SURFACE('',#12416,1.);
#12416 = AXIS2_PLACEMENT_3D('',#12417,#12418,#12419);
#12417 = CARTESIAN_POINT('',(16.,1.,179.));
#12418 = DIRECTION('',(-1.,-0.,-0.));
#12419 = DIRECTION('',(0.,-1.,0.));
#12420 = ADVANCED_FACE('',(#12421),#12440,.T.);
#12421 = FACE_BOUND('',#12422,.T.);
#12422 = EDGE_LOOP('',(#12423,#12431,#12432,#12433));
#12423 = ORIENTED_EDGE('',*,*,#12424,.F.);
#12424 = EDGE_CURVE('',#11832,#12425,#12427,.T.);
#12425 = VERTEX_POINT('',#12426);
#12426 = CARTESIAN_POINT('',(-1.7763568394E-15,10.,179.));
#12427 = LINE('',#12428,#12429);
#12428 = CARTESIAN_POINT('',(-1.7763568394E-15,10.,126.));
#12429 = VECTOR('',#12430,1.);
#12430 = DIRECTION('',(0.,0.,1.));
#12431 = ORIENTED_EDGE('',*,*,#11831,.T.);
#12432 = ORIENTED_EDGE('',*,*,#11495,.T.);
#12433 = ORIENTED_EDGE('',*,*,#12434,.T.);
#12434 = EDGE_CURVE('',#11488,#12425,#12435,.T.);
#12435 = CIRCLE('',#12436,10.);
#12436 = AXIS2_PLACEMENT_3D('',#12437,#12438,#12439);
#12437 = CARTESIAN_POINT('',(10.,10.,179.));
#12438 = DIRECTION('',(-0.,0.,-1.));
#12439 = DIRECTION('',(-1.7763568394E-16,-1.,0.));
#12440 = CYLINDRICAL_SURFACE('',#12441,10.);
#12441 = AXIS2_PLACEMENT_3D('',#12442,#12443,#12444);
#12442 = CARTESIAN_POINT('',(10.,10.,126.));
#12443 = DIRECTION('',(0.,0.,1.));
#12444 = DIRECTION('',(-1.,0.,0.));
#12445 = ADVANCED_FACE('',(#12446),#12458,.T.);
#12446 = FACE_BOUND('',#12447,.F.);
#12447 = EDGE_LOOP('',(#12448,#12455,#12456,#12457));
#12448 = ORIENTED_EDGE('',*,*,#12449,.T.);
#12449 = EDGE_CURVE('',#11627,#11535,#12450,.T.);
#12450 = ELLIPSE('',#12451,1.414213562373,1.);
#12451 = AXIS2_PLACEMENT_3D('',#12452,#12453,#12454);
#12452 = CARTESIAN_POINT('',(127.,15.,179.));
#12453 = DIRECTION('',(-0.707106781187,-0.707106781187,0.));
#12454 = DIRECTION('',(0.707106781187,-0.707106781187,0.));
#12455 = ORIENTED_EDGE('',*,*,#11534,.T.);
#12456 = ORIENTED_EDGE('',*,*,#11518,.T.);
#12457 = ORIENTED_EDGE('',*,*,#11626,.F.);
#12458 = CYLINDRICAL_SURFACE('',#12459,1.);
#12459 = AXIS2_PLACEMENT_3D('',#12460,#12461,#12462);
#12460 = CARTESIAN_POINT('',(126.,15.,179.));
#12461 = DIRECTION('',(1.,0.,0.));
#12462 = DIRECTION('',(0.,0.,1.));
#12463 = ADVANCED_FACE('',(#12464),#12482,.T.);
#12464 = FACE_BOUND('',#12465,.T.);
#12465 = EDGE_LOOP('',(#12466,#12467,#12475,#12481));
#12466 = ORIENTED_EDGE('',*,*,#11568,.T.);
#12467 = ORIENTED_EDGE('',*,*,#12468,.T.);
#12468 = EDGE_CURVE('',#11561,#12469,#12471,.T.);
#12469 = VERTEX_POINT('',#12470);
#12470 = CARTESIAN_POINT('',(127.7,92.,128.));
#12471 = LINE('',#12472,#12473);
#12472 = CARTESIAN_POINT('',(127.7,0.,128.));
#12473 = VECTOR('',#12474,1.);
#12474 = DIRECTION('',(0.,1.,0.));
#12475 = ORIENTED_EDGE('',*,*,#12476,.T.);
#12476 = EDGE_CURVE('',#12469,#11986,#12477,.T.);
#12477 = LINE('',#12478,#12479);
#12478 = CARTESIAN_POINT('',(127.7,92.,128.));
#12479 = VECTOR('',#12480,1.);
#12480 = DIRECTION('',(0.,0.,1.));
#12481 = ORIENTED_EDGE('',*,*,#11985,.F.);
#12482 = PLANE('',#12483);
#12483 = AXIS2_PLACEMENT_3D('',#12484,#12485,#12486);
#12484 = CARTESIAN_POINT('',(127.7,54.,132.7));
#12485 = DIRECTION('',(1.,0.,0.));
#12486 = DIRECTION('',(0.,0.,1.));
#12487 = ADVANCED_FACE('',(#12488),#12506,.T.);
#12488 = FACE_BOUND('',#12489,.T.);
#12489 = EDGE_LOOP('',(#12490,#12498,#12499,#12500));
#12490 = ORIENTED_EDGE('',*,*,#12491,.F.);
#12491 = EDGE_CURVE('',#12469,#12492,#12494,.T.);
#12492 = VERTEX_POINT('',#12493);
#12493 = CARTESIAN_POINT('',(130.,92.,128.));
#12494 = LINE('',#12495,#12496);
#12495 = CARTESIAN_POINT('',(119.6,92.,128.));
#12496 = VECTOR('',#12497,1.);
#12497 = DIRECTION('',(1.,0.,0.));
#12498 = ORIENTED_EDGE('',*,*,#12468,.F.);
#12499 = ORIENTED_EDGE('',*,*,#11560,.T.);
#12500 = ORIENTED_EDGE('',*,*,#12501,.T.);
#12501 = EDGE_CURVE('',#11553,#12492,#12502,.T.);
#12502 = LINE('',#12503,#12504);
#12503 = CARTESIAN_POINT('',(130.,0.,128.));
#12504 = VECTOR('',#12505,1.);
#12505 = DIRECTION('',(0.,1.,0.));
#12506 = PLANE('',#12507);
#12507 = AXIS2_PLACEMENT_3D('',#12508,#12509,#12510);
#12508 = CARTESIAN_POINT('',(119.6,0.,128.));
#12509 = DIRECTION('',(0.,0.,1.));
#12510 = DIRECTION('',(1.,0.,0.));
#12511 = ADVANCED_FACE('',(#12512),#12530,.T.);
#12512 = FACE_BOUND('',#12513,.T.);
#12513 = EDGE_LOOP('',(#12514,#12515,#12516,#12524));
#12514 = ORIENTED_EDGE('',*,*,#12501,.F.);
#12515 = ORIENTED_EDGE('',*,*,#11552,.T.);
#12516 = ORIENTED_EDGE('',*,*,#12517,.T.);
#12517 = EDGE_CURVE('',#11545,#12518,#12520,.T.);
#12518 = VERTEX_POINT('',#12519);
#12519 = CARTESIAN_POINT('',(130.,92.,126.));
#12520 = LINE('',#12521,#12522);
#12521 = CARTESIAN_POINT('',(130.,0.,126.));
#12522 = VECTOR('',#12523,1.);
#12523 = DIRECTION('',(0.,1.,0.));
#12524 = ORIENTED_EDGE('',*,*,#12525,.T.);
#12525 = EDGE_CURVE('',#12518,#12492,#12526,.T.);
#12526 = LINE('',#12527,#12528);
#12527 = CARTESIAN_POINT('',(130.,92.,126.));
#12528 = VECTOR('',#12529,1.);
#12529 = DIRECTION('',(0.,0.,1.));
#12530 = PLANE('',#12531);
#12531 = AXIS2_PLACEMENT_3D('',#12532,#12533,#12534);
#12532 = CARTESIAN_POINT('',(130.,0.,126.));
#12533 = DIRECTION('',(1.,0.,0.));
#12534 = DIRECTION('',(0.,0.,1.));
#12535 = ADVANCED_FACE('',(#12536),#12705,.T.);
#12536 = FACE_BOUND('',#12537,.T.);
#12537 = EDGE_LOOP('',(#12538,#12546,#12554,#12562,#12570,#12578,#12586,
    #12594,#12602,#12610,#12618,#12626,#12634,#12642,#12650,#12658,
    #12664,#12665,#12666,#12667,#12675,#12683,#12691,#12699));
#12538 = ORIENTED_EDGE('',*,*,#12539,.F.);
#12539 = EDGE_CURVE('',#11849,#12540,#12542,.T.);
#12540 = VERTEX_POINT('',#12541);
#12541 = CARTESIAN_POINT('',(1.,116.,126.));
#12542 = LINE('',#12543,#12544);
#12543 = CARTESIAN_POINT('',(1.,10.,126.));
#12544 = VECTOR('',#12545,1.);
#12545 = DIRECTION('',(0.,1.,0.));
#12546 = ORIENTED_EDGE('',*,*,#12547,.T.);
#12547 = EDGE_CURVE('',#11849,#12548,#12550,.T.);
#12548 = VERTEX_POINT('',#12549);
#12549 = CARTESIAN_POINT('',(12.,16.,126.));
#12550 = LINE('',#12551,#12552);
#12551 = CARTESIAN_POINT('',(0.,16.,126.));
#12552 = VECTOR('',#12553,1.);
#12553 = DIRECTION('',(1.,0.,0.));
#12554 = ORIENTED_EDGE('',*,*,#12555,.T.);
#12555 = EDGE_CURVE('',#12548,#12556,#12558,.T.);
#12556 = VERTEX_POINT('',#12557);
#12557 = CARTESIAN_POINT('',(12.,92.,126.));
#12558 = LINE('',#12559,#12560);
#12559 = CARTESIAN_POINT('',(12.,0.,126.));
#12560 = VECTOR('',#12561,1.);
#12561 = DIRECTION('',(0.,1.,0.));
#12562 = ORIENTED_EDGE('',*,*,#12563,.T.);
#12563 = EDGE_CURVE('',#12556,#12564,#12566,.T.);
#12564 = VERTEX_POINT('',#12565);
#12565 = CARTESIAN_POINT('',(16.,92.,126.));
#12566 = LINE('',#12567,#12568);
#12567 = CARTESIAN_POINT('',(12.,92.,126.));
#12568 = VECTOR('',#12569,1.);
#12569 = DIRECTION('',(1.,0.,0.));
#12570 = ORIENTED_EDGE('',*,*,#12571,.T.);
#12571 = EDGE_CURVE('',#12564,#12572,#12574,.T.);
#12572 = VERTEX_POINT('',#12573);
#12573 = CARTESIAN_POINT('',(16.,93.,126.));
#12574 = LINE('',#12575,#12576);
#12575 = CARTESIAN_POINT('',(16.,8.5,126.));
#12576 = VECTOR('',#12577,1.);
#12577 = DIRECTION('',(0.,1.,0.));
#12578 = ORIENTED_EDGE('',*,*,#12579,.F.);
#12579 = EDGE_CURVE('',#12580,#12572,#12582,.T.);
#12580 = VERTEX_POINT('',#12581);
#12581 = CARTESIAN_POINT('',(11.,93.,126.));
#12582 = LINE('',#12583,#12584);
#12583 = CARTESIAN_POINT('',(11.,93.,126.));
#12584 = VECTOR('',#12585,1.);
#12585 = DIRECTION('',(1.,0.,0.));
#12586 = ORIENTED_EDGE('',*,*,#12587,.T.);
#12587 = EDGE_CURVE('',#12580,#12588,#12590,.T.);
#12588 = VERTEX_POINT('',#12589);
#12589 = CARTESIAN_POINT('',(11.,99.,126.));
#12590 = LINE('',#12591,#12592);
#12591 = CARTESIAN_POINT('',(11.,93.,126.));
#12592 = VECTOR('',#12593,1.);
#12593 = DIRECTION('',(0.,1.,0.));
#12594 = ORIENTED_EDGE('',*,*,#12595,.T.);
#12595 = EDGE_CURVE('',#12588,#12596,#12598,.T.);
#12596 = VERTEX_POINT('',#12597);
#12597 = CARTESIAN_POINT('',(16.,99.,126.));
#12598 = LINE('',#12599,#12600);
#12599 = CARTESIAN_POINT('',(11.,99.,126.));
#12600 = VECTOR('',#12601,1.);
#12601 = DIRECTION('',(1.,0.,0.));
#12602 = ORIENTED_EDGE('',*,*,#12603,.T.);
#12603 = EDGE_CURVE('',#12596,#12604,#12606,.T.);
#12604 = VERTEX_POINT('',#12605);
#12605 = CARTESIAN_POINT('',(16.,115.,126.));
#12606 = LINE('',#12607,#12608);
#12607 = CARTESIAN_POINT('',(16.,8.5,126.));
#12608 = VECTOR('',#12609,1.);
#12609 = DIRECTION('',(0.,1.,0.));
#12610 = ORIENTED_EDGE('',*,*,#12611,.F.);
#12611 = EDGE_CURVE('',#12612,#12604,#12614,.T.);
#12612 = VERTEX_POINT('',#12613);
#12613 = CARTESIAN_POINT('',(126.,115.,126.));
#12614 = LINE('',#12615,#12616);
#12615 = CARTESIAN_POINT('',(8.,115.,126.));
#12616 = VECTOR('',#12617,1.);
#12617 = DIRECTION('',(-1.,0.,0.));
#12618 = ORIENTED_EDGE('',*,*,#12619,.F.);
#12619 = EDGE_CURVE('',#12620,#12612,#12622,.T.);
#12620 = VERTEX_POINT('',#12621);
#12621 = CARTESIAN_POINT('',(126.,99.,126.));
#12622 = LINE('',#12623,#12624);
#12623 = CARTESIAN_POINT('',(126.,8.5,126.));
#12624 = VECTOR('',#12625,1.);
#12625 = DIRECTION('',(0.,1.,0.));
#12626 = ORIENTED_EDGE('',*,*,#12627,.T.);
#12627 = EDGE_CURVE('',#12620,#12628,#12630,.T.);
#12628 = VERTEX_POINT('',#12629);
#12629 = CARTESIAN_POINT('',(131.,99.,126.));
#12630 = LINE('',#12631,#12632);
#12631 = CARTESIAN_POINT('',(125.,99.,126.));
#12632 = VECTOR('',#12633,1.);
#12633 = DIRECTION('',(1.,0.,0.));
#12634 = ORIENTED_EDGE('',*,*,#12635,.F.);
#12635 = EDGE_CURVE('',#12636,#12628,#12638,.T.);
#12636 = VERTEX_POINT('',#12637);
#12637 = CARTESIAN_POINT('',(131.,93.,126.));
#12638 = LINE('',#12639,#12640);
#12639 = CARTESIAN_POINT('',(131.,93.,126.));
#12640 = VECTOR('',#12641,1.);
#12641 = DIRECTION('',(0.,1.,0.));
#12642 = ORIENTED_EDGE('',*,*,#12643,.F.);
#12643 = EDGE_CURVE('',#12644,#12636,#12646,.T.);
#12644 = VERTEX_POINT('',#12645);
#12645 = CARTESIAN_POINT('',(126.,93.,126.));
#12646 = LINE('',#12647,#12648);
#12647 = CARTESIAN_POINT('',(125.,93.,126.));
#12648 = VECTOR('',#12649,1.);
#12649 = DIRECTION('',(1.,0.,0.));
#12650 = ORIENTED_EDGE('',*,*,#12651,.F.);
#12651 = EDGE_CURVE('',#12652,#12644,#12654,.T.);
#12652 = VERTEX_POINT('',#12653);
#12653 = CARTESIAN_POINT('',(126.,92.,126.));
#12654 = LINE('',#12655,#12656);
#12655 = CARTESIAN_POINT('',(126.,8.5,126.));
#12656 = VECTOR('',#12657,1.);
#12657 = DIRECTION('',(0.,1.,0.));
#12658 = ORIENTED_EDGE('',*,*,#12659,.T.);
#12659 = EDGE_CURVE('',#12652,#12518,#12660,.T.);
#12660 = LINE('',#12661,#12662);
#12661 = CARTESIAN_POINT('',(119.6,92.,126.));
#12662 = VECTOR('',#12663,1.);
#12663 = DIRECTION('',(1.,0.,0.));
#12664 = ORIENTED_EDGE('',*,*,#12517,.F.);
#12665 = ORIENTED_EDGE('',*,*,#11544,.T.);
#12666 = ORIENTED_EDGE('',*,*,#11801,.F.);
#12667 = ORIENTED_EDGE('',*,*,#12668,.F.);
#12668 = EDGE_CURVE('',#12669,#11794,#12671,.T.);
#12669 = VERTEX_POINT('',#12670);
#12670 = CARTESIAN_POINT('',(126.,116.,126.));
#12671 = LINE('',#12672,#12673);
#12672 = CARTESIAN_POINT('',(126.,116.,126.));
#12673 = VECTOR('',#12674,1.);
#12674 = DIRECTION('',(1.,0.,0.));
#12675 = ORIENTED_EDGE('',*,*,#12676,.T.);
#12676 = EDGE_CURVE('',#12669,#12677,#12679,.T.);
#12677 = VERTEX_POINT('',#12678);
#12678 = CARTESIAN_POINT('',(126.,131.,126.));
#12679 = LINE('',#12680,#12681);
#12680 = CARTESIAN_POINT('',(126.,116.,126.));
#12681 = VECTOR('',#12682,1.);
#12682 = DIRECTION('',(0.,1.,0.));
#12683 = ORIENTED_EDGE('',*,*,#12684,.F.);
#12684 = EDGE_CURVE('',#12685,#12677,#12687,.T.);
#12685 = VERTEX_POINT('',#12686);
#12686 = CARTESIAN_POINT('',(16.,131.,126.));
#12687 = LINE('',#12688,#12689);
#12688 = CARTESIAN_POINT('',(10.,131.,126.));
#12689 = VECTOR('',#12690,1.);
#12690 = DIRECTION('',(1.,0.,0.));
#12691 = ORIENTED_EDGE('',*,*,#12692,.F.);
#12692 = EDGE_CURVE('',#12693,#12685,#12695,.T.);
#12693 = VERTEX_POINT('',#12694);
#12694 = CARTESIAN_POINT('',(16.,116.,126.));
#12695 = LINE('',#12696,#12697);
#12696 = CARTESIAN_POINT('',(16.,116.,126.));
#12697 = VECTOR('',#12698,1.);
#12698 = DIRECTION('',(0.,1.,0.));
#12699 = ORIENTED_EDGE('',*,*,#12700,.F.);
#12700 = EDGE_CURVE('',#12540,#12693,#12701,.T.);
#12701 = LINE('',#12702,#12703);
#12702 = CARTESIAN_POINT('',(0.,116.,126.));
#12703 = VECTOR('',#12704,1.);
#12704 = DIRECTION('',(1.,0.,0.));
#12705 = PLANE('',#12706);
#12706 = AXIS2_PLACEMENT_3D('',#12707,#12708,#12709);
#12707 = CARTESIAN_POINT('',(0.,0.,126.));
#12708 = DIRECTION('',(0.,0.,1.));
#12709 = DIRECTION('',(1.,0.,0.));
#12710 = ADVANCED_FACE('',(#12711),#12717,.T.);
#12711 = FACE_BOUND('',#12712,.F.);
#12712 = EDGE_LOOP('',(#12713,#12714,#12715,#12716));
#12713 = ORIENTED_EDGE('',*,*,#11598,.F.);
#12714 = ORIENTED_EDGE('',*,*,#11952,.T.);
#12715 = ORIENTED_EDGE('',*,*,#12449,.F.);
#12716 = ORIENTED_EDGE('',*,*,#11634,.F.);
#12717 = CYLINDRICAL_SURFACE('',#12718,1.);
#12718 = AXIS2_PLACEMENT_3D('',#12719,#12720,#12721);
#12719 = CARTESIAN_POINT('',(127.,0.,179.));
#12720 = DIRECTION('',(0.,1.,0.));
#12721 = DIRECTION('',(0.,0.,1.));
#12722 = ADVANCED_FACE('',(#12723),#12742,.T.);
#12723 = FACE_BOUND('',#12724,.F.);
#12724 = EDGE_LOOP('',(#12725,#12733,#12740,#12741));
#12725 = ORIENTED_EDGE('',*,*,#12726,.T.);
#12726 = EDGE_CURVE('',#11643,#12727,#12729,.T.);
#12727 = VERTEX_POINT('',#12728);
#12728 = CARTESIAN_POINT('',(137.4,8.,184.9));
#12729 = LINE('',#12730,#12731);
#12730 = CARTESIAN_POINT('',(137.4,8.,180.));
#12731 = VECTOR('',#12732,1.);
#12732 = DIRECTION('',(0.,0.,1.));
#12733 = ORIENTED_EDGE('',*,*,#12734,.T.);
#12734 = EDGE_CURVE('',#12727,#12727,#12735,.T.);
#12735 = CIRCLE('',#12736,3.4);
#12736 = AXIS2_PLACEMENT_3D('',#12737,#12738,#12739);
#12737 = CARTESIAN_POINT('',(134.,8.,184.9));
#12738 = DIRECTION('',(0.,0.,1.));
#12739 = DIRECTION('',(1.,0.,0.));
#12740 = ORIENTED_EDGE('',*,*,#12726,.F.);
#12741 = ORIENTED_EDGE('',*,*,#11642,.F.);
#12742 = CYLINDRICAL_SURFACE('',#12743,3.4);
#12743 = AXIS2_PLACEMENT_3D('',#12744,#12745,#12746);
#12744 = CARTESIAN_POINT('',(134.,8.,180.));
#12745 = DIRECTION('',(-0.,-0.,-1.));
#12746 = DIRECTION('',(1.,0.,0.));
#12747 = ADVANCED_FACE('',(#12748),#12764,.T.);
#12748 = FACE_BOUND('',#12749,.T.);
#12749 = EDGE_LOOP('',(#12750,#12751,#12757,#12758));
#12750 = ORIENTED_EDGE('',*,*,#11685,.F.);
#12751 = ORIENTED_EDGE('',*,*,#12752,.T.);
#12752 = EDGE_CURVE('',#11686,#12105,#12753,.T.);
#12753 = LINE('',#12754,#12755);
#12754 = CARTESIAN_POINT('',(15.3,2.,128.));
#12755 = VECTOR('',#12756,1.);
#12756 = DIRECTION('',(1.,0.,0.));
#12757 = ORIENTED_EDGE('',*,*,#12112,.T.);
#12758 = ORIENTED_EDGE('',*,*,#12759,.F.);
#12759 = EDGE_CURVE('',#11678,#12113,#12760,.T.);
#12760 = LINE('',#12761,#12762);
#12761 = CARTESIAN_POINT('',(119.6,92.,128.));
#12762 = VECTOR('',#12763,1.);
#12763 = DIRECTION('',(1.,0.,0.));
#12764 = PLANE('',#12765);
#12765 = AXIS2_PLACEMENT_3D('',#12766,#12767,#12768);
#12766 = CARTESIAN_POINT('',(119.6,0.,128.));
#12767 = DIRECTION('',(0.,0.,1.));
#12768 = DIRECTION('',(1.,0.,0.));
#12769 = ADVANCED_FACE('',(#12770),#12800,.T.);
#12770 = FACE_BOUND('',#12771,.T.);
#12771 = EDGE_LOOP('',(#12772,#12778,#12779,#12780,#12781,#12789,#12795,
    #12796,#12797,#12798,#12799));
#12772 = ORIENTED_EDGE('',*,*,#12773,.F.);
#12773 = EDGE_CURVE('',#11670,#12652,#12774,.T.);
#12774 = LINE('',#12775,#12776);
#12775 = CARTESIAN_POINT('',(119.6,92.,126.));
#12776 = VECTOR('',#12777,1.);
#12777 = DIRECTION('',(1.,0.,0.));
#12778 = ORIENTED_EDGE('',*,*,#11677,.T.);
#12779 = ORIENTED_EDGE('',*,*,#12759,.T.);
#12780 = ORIENTED_EDGE('',*,*,#12120,.T.);
#12781 = ORIENTED_EDGE('',*,*,#12782,.T.);
#12782 = EDGE_CURVE('',#12121,#12783,#12785,.T.);
#12783 = VERTEX_POINT('',#12784);
#12784 = CARTESIAN_POINT('',(124.5,92.,134.9));
#12785 = LINE('',#12786,#12787);
#12786 = CARTESIAN_POINT('',(123.90635245901,92.,134.9));
#12787 = VECTOR('',#12788,1.);
#12788 = DIRECTION('',(1.,0.,0.));
#12789 = ORIENTED_EDGE('',*,*,#12790,.F.);
#12790 = EDGE_CURVE('',#11994,#12783,#12791,.T.);
#12791 = LINE('',#12792,#12793);
#12792 = CARTESIAN_POINT('',(124.5,92.,132.87520491803));
#12793 = VECTOR('',#12794,1.);
#12794 = DIRECTION('',(0.,0.,-1.));
#12795 = ORIENTED_EDGE('',*,*,#11993,.T.);
#12796 = ORIENTED_EDGE('',*,*,#12476,.F.);
#12797 = ORIENTED_EDGE('',*,*,#12491,.T.);
#12798 = ORIENTED_EDGE('',*,*,#12525,.F.);
#12799 = ORIENTED_EDGE('',*,*,#12659,.F.);
#12800 = PLANE('',#12801);
#12801 = AXIS2_PLACEMENT_3D('',#12802,#12803,#12804);
#12802 = CARTESIAN_POINT('',(124.91270491803,92.,130.85040983606));
#12803 = DIRECTION('',(0.,1.,0.));
#12804 = DIRECTION('',(0.,0.,1.));
#12805 = ADVANCED_FACE('',(#12806),#12817,.T.);
#12806 = FACE_BOUND('',#12807,.T.);
#12807 = EDGE_LOOP('',(#12808,#12809,#12810,#12811));
#12808 = ORIENTED_EDGE('',*,*,#11881,.F.);
#12809 = ORIENTED_EDGE('',*,*,#11717,.F.);
#12810 = ORIENTED_EDGE('',*,*,#11661,.T.);
#12811 = ORIENTED_EDGE('',*,*,#12812,.T.);
#12812 = EDGE_CURVE('',#11662,#11882,#12813,.T.);
#12813 = LINE('',#12814,#12815);
#12814 = CARTESIAN_POINT('',(8.,17.,126.));
#12815 = VECTOR('',#12816,1.);
#12816 = DIRECTION('',(-1.,0.,0.));
#12817 = PLANE('',#12818);
#12818 = AXIS2_PLACEMENT_3D('',#12819,#12820,#12821);
#12819 = CARTESIAN_POINT('',(0.,0.,126.));
#12820 = DIRECTION('',(0.,0.,1.));
#12821 = DIRECTION('',(1.,0.,0.));
#12822 = ADVANCED_FACE('',(#12823),#12841,.F.);
#12823 = FACE_BOUND('',#12824,.F.);
#12824 = EDGE_LOOP('',(#12825,#12826,#12834,#12840));
#12825 = ORIENTED_EDGE('',*,*,#11669,.F.);
#12826 = ORIENTED_EDGE('',*,*,#12827,.F.);
#12827 = EDGE_CURVE('',#12828,#11662,#12830,.T.);
#12828 = VERTEX_POINT('',#12829);
#12829 = CARTESIAN_POINT('',(126.,17.,126.));
#12830 = LINE('',#12831,#12832);
#12831 = CARTESIAN_POINT('',(8.,17.,126.));
#12832 = VECTOR('',#12833,1.);
#12833 = DIRECTION('',(-1.,0.,0.));
#12834 = ORIENTED_EDGE('',*,*,#12835,.T.);
#12835 = EDGE_CURVE('',#12828,#12652,#12836,.T.);
#12836 = LINE('',#12837,#12838);
#12837 = CARTESIAN_POINT('',(126.,8.5,126.));
#12838 = VECTOR('',#12839,1.);
#12839 = DIRECTION('',(0.,1.,0.));
#12840 = ORIENTED_EDGE('',*,*,#12773,.F.);
#12841 = PLANE('',#12842);
#12842 = AXIS2_PLACEMENT_3D('',#12843,#12844,#12845);
#12843 = CARTESIAN_POINT('',(119.6,0.,126.));
#12844 = DIRECTION('',(0.,0.,1.));
#12845 = DIRECTION('',(1.,0.,0.));
#12846 = ADVANCED_FACE('',(#12847),#12872,.F.);
#12847 = FACE_BOUND('',#12848,.F.);
#12848 = EDGE_LOOP('',(#12849,#12857,#12858,#12866));
#12849 = ORIENTED_EDGE('',*,*,#12850,.T.);
#12850 = EDGE_CURVE('',#12851,#11734,#12853,.T.);
#12851 = VERTEX_POINT('',#12852);
#12852 = CARTESIAN_POINT('',(10.,-2.22044604925E-16,121.));
#12853 = LINE('',#12854,#12855);
#12854 = CARTESIAN_POINT('',(10.,-1.7763568394E-15,120.));
#12855 = VECTOR('',#12856,1.);
#12856 = DIRECTION('',(0.,0.,1.));
#12857 = ORIENTED_EDGE('',*,*,#11742,.F.);
#12858 = ORIENTED_EDGE('',*,*,#12859,.F.);
#12859 = EDGE_CURVE('',#12860,#11708,#12862,.T.);
#12860 = VERTEX_POINT('',#12861);
#12861 = CARTESIAN_POINT('',(132.,-1.7763568394E-15,121.));
#12862 = LINE('',#12863,#12864);
#12863 = CARTESIAN_POINT('',(132.,-1.7763568394E-15,120.));
#12864 = VECTOR('',#12865,1.);
#12865 = DIRECTION('',(0.,0.,1.));
#12866 = ORIENTED_EDGE('',*,*,#12867,.T.);
#12867 = EDGE_CURVE('',#12860,#12851,#12868,.T.);
#12868 = LINE('',#12869,#12870);
#12869 = CARTESIAN_POINT('',(132.,-2.22044604925E-16,121.));
#12870 = VECTOR('',#12871,1.);
#12871 = DIRECTION('',(-1.,-0.,-0.));
#12872 = PLANE('',#12873);
#12873 = AXIS2_PLACEMENT_3D('',#12874,#12875,#12876);
#12874 = CARTESIAN_POINT('',(0.,0.,120.));
#12875 = DIRECTION('',(0.,1.,0.));
#12876 = DIRECTION('',(0.,0.,1.));
#12877 = ADVANCED_FACE('',(#12878),#12898,.T.);
#12878 = FACE_BOUND('',#12879,.F.);
#12879 = EDGE_LOOP('',(#12880,#12881,#12890,#12897));
#12880 = ORIENTED_EDGE('',*,*,#11733,.F.);
#12881 = ORIENTED_EDGE('',*,*,#12882,.T.);
#12882 = EDGE_CURVE('',#11734,#12883,#12885,.T.);
#12883 = VERTEX_POINT('',#12884);
#12884 = CARTESIAN_POINT('',(-2.22044604925E-16,10.,125.));
#12885 = CIRCLE('',#12886,10.);
#12886 = AXIS2_PLACEMENT_3D('',#12887,#12888,#12889);
#12887 = CARTESIAN_POINT('',(10.,10.,125.));
#12888 = DIRECTION('',(-0.,0.,-1.));
#12889 = DIRECTION('',(-1.7763568394E-16,-1.,0.));
#12890 = ORIENTED_EDGE('',*,*,#12891,.T.);
#12891 = EDGE_CURVE('',#12883,#11857,#12892,.T.);
#12892 = CIRCLE('',#12893,1.);
#12893 = AXIS2_PLACEMENT_3D('',#12894,#12895,#12896);
#12894 = CARTESIAN_POINT('',(1.,10.,125.));
#12895 = DIRECTION('',(0.,1.,-0.));
#12896 = DIRECTION('',(-1.,0.,0.));
#12897 = ORIENTED_EDGE('',*,*,#11864,.F.);
#12898 = TOROIDAL_SURFACE('',#12899,9.,1.);
#12899 = AXIS2_PLACEMENT_3D('',#12900,#12901,#12902);
#12900 = CARTESIAN_POINT('',(10.,10.,125.));
#12901 = DIRECTION('',(0.,0.,1.));
#12902 = DIRECTION('',(-1.7763568394E-16,-1.,0.));
#12903 = ADVANCED_FACE('',(#12904),#12923,.T.);
#12904 = FACE_BOUND('',#12905,.F.);
#12905 = EDGE_LOOP('',(#12906,#12914,#12921,#12922));
#12906 = ORIENTED_EDGE('',*,*,#12907,.F.);
#12907 = EDGE_CURVE('',#12908,#11757,#12910,.T.);
#12908 = VERTEX_POINT('',#12909);
#12909 = CARTESIAN_POINT('',(142.,10.,121.));
#12910 = LINE('',#12911,#12912);
#12911 = CARTESIAN_POINT('',(142.,10.,120.));
#12912 = VECTOR('',#12913,1.);
#12913 = DIRECTION('',(0.,0.,1.));
#12914 = ORIENTED_EDGE('',*,*,#12915,.T.);
#12915 = EDGE_CURVE('',#12908,#12860,#12916,.T.);
#12916 = CIRCLE('',#12917,10.);
#12917 = AXIS2_PLACEMENT_3D('',#12918,#12919,#12920);
#12918 = CARTESIAN_POINT('',(132.,10.,121.));
#12919 = DIRECTION('',(0.,0.,-1.));
#12920 = DIRECTION('',(1.,0.,0.));
#12921 = ORIENTED_EDGE('',*,*,#12859,.T.);
#12922 = ORIENTED_EDGE('',*,*,#11765,.F.);
#12923 = CYLINDRICAL_SURFACE('',#12924,10.);
#12924 = AXIS2_PLACEMENT_3D('',#12925,#12926,#12927);
#12925 = CARTESIAN_POINT('',(132.,10.,120.));
#12926 = DIRECTION('',(0.,0.,1.));
#12927 = DIRECTION('',(1.,0.,0.));
#12928 = ADVANCED_FACE('',(#12929),#12957,.T.);
#12929 = FACE_BOUND('',#12930,.F.);
#12930 = EDGE_LOOP('',(#12931,#12942,#12949,#12950));
#12931 = ORIENTED_EDGE('',*,*,#12932,.F.);
#12932 = EDGE_CURVE('',#12933,#12935,#12937,.T.);
#12933 = VERTEX_POINT('',#12934);
#12934 = CARTESIAN_POINT('',(132.,132.,125.));
#12935 = VERTEX_POINT('',#12936);
#12936 = CARTESIAN_POINT('',(132.,131.,126.));
#12937 = CIRCLE('',#12938,1.);
#12938 = AXIS2_PLACEMENT_3D('',#12939,#12940,#12941);
#12939 = CARTESIAN_POINT('',(132.,131.,125.));
#12940 = DIRECTION('',(1.,0.,0.));
#12941 = DIRECTION('',(0.,1.,0.));
#12942 = ORIENTED_EDGE('',*,*,#12943,.T.);
#12943 = EDGE_CURVE('',#12933,#11783,#12944,.T.);
#12944 = CIRCLE('',#12945,10.);
#12945 = AXIS2_PLACEMENT_3D('',#12946,#12947,#12948);
#12946 = CARTESIAN_POINT('',(132.,122.,125.));
#12947 = DIRECTION('',(0.,0.,-1.));
#12948 = DIRECTION('',(0.,1.,0.));
#12949 = ORIENTED_EDGE('',*,*,#11782,.T.);
#12950 = ORIENTED_EDGE('',*,*,#12951,.F.);
#12951 = EDGE_CURVE('',#12935,#11785,#12952,.T.);
#12952 = CIRCLE('',#12953,9.);
#12953 = AXIS2_PLACEMENT_3D('',#12954,#12955,#12956);
#12954 = CARTESIAN_POINT('',(132.,122.,126.));
#12955 = DIRECTION('',(0.,0.,-1.));
#12956 = DIRECTION('',(0.,1.,0.));
#12957 = TOROIDAL_SURFACE('',#12958,9.,1.);
#12958 = AXIS2_PLACEMENT_3D('',#12959,#12960,#12961);
#12959 = CARTESIAN_POINT('',(132.,122.,125.));
#12960 = DIRECTION('',(0.,0.,1.));
#12961 = DIRECTION('',(0.,1.,0.));
#12962 = ADVANCED_FACE('',(#12963),#12981,.T.);
#12963 = FACE_BOUND('',#12964,.T.);
#12964 = EDGE_LOOP('',(#12965,#12966,#12974,#12980));
#12965 = ORIENTED_EDGE('',*,*,#12907,.F.);
#12966 = ORIENTED_EDGE('',*,*,#12967,.F.);
#12967 = EDGE_CURVE('',#12968,#12908,#12970,.T.);
#12968 = VERTEX_POINT('',#12969);
#12969 = CARTESIAN_POINT('',(142.,122.,121.));
#12970 = LINE('',#12971,#12972);
#12971 = CARTESIAN_POINT('',(142.,122.,121.));
#12972 = VECTOR('',#12973,1.);
#12973 = DIRECTION('',(-0.,-1.,-0.));
#12974 = ORIENTED_EDGE('',*,*,#12975,.T.);
#12975 = EDGE_CURVE('',#12968,#11783,#12976,.T.);
#12976 = LINE('',#12977,#12978);
#12977 = CARTESIAN_POINT('',(142.,122.,120.));
#12978 = VECTOR('',#12979,1.);
#12979 = DIRECTION('',(0.,0.,1.));
#12980 = ORIENTED_EDGE('',*,*,#11809,.T.);
#12981 = PLANE('',#12982);
#12982 = AXIS2_PLACEMENT_3D('',#12983,#12984,#12985);
#12983 = CARTESIAN_POINT('',(142.,0.,120.));
#12984 = DIRECTION('',(1.,0.,0.));
#12985 = DIRECTION('',(0.,0.,1.));
#12986 = ADVANCED_FACE('',(#12987),#13036,.F.);
#12987 = FACE_BOUND('',#12988,.F.);
#12988 = EDGE_LOOP('',(#12989,#13000,#13008,#13014,#13020,#13021,#13022,
    #13030));
#12989 = ORIENTED_EDGE('',*,*,#12990,.T.);
#12990 = EDGE_CURVE('',#12991,#12993,#12995,.T.);
#12991 = VERTEX_POINT('',#12992);
#12992 = CARTESIAN_POINT('',(142.,122.,126.));
#12993 = VERTEX_POINT('',#12994);
#12994 = CARTESIAN_POINT('',(132.,132.,126.));
#12995 = CIRCLE('',#12996,10.);
#12996 = AXIS2_PLACEMENT_3D('',#12997,#12998,#12999);
#12997 = CARTESIAN_POINT('',(132.,122.,126.));
#12998 = DIRECTION('',(-0.,0.,1.));
#12999 = DIRECTION('',(0.,-1.,0.));
#13000 = ORIENTED_EDGE('',*,*,#13001,.F.);
#13001 = EDGE_CURVE('',#13002,#12993,#13004,.T.);
#13002 = VERTEX_POINT('',#13003);
#13003 = CARTESIAN_POINT('',(126.,132.,126.));
#13004 = LINE('',#13005,#13006);
#13005 = CARTESIAN_POINT('',(126.,132.,126.));
#13006 = VECTOR('',#13007,1.);
#13007 = DIRECTION('',(1.,0.,0.));
#13008 = ORIENTED_EDGE('',*,*,#13009,.F.);
#13009 = EDGE_CURVE('',#12677,#13002,#13010,.T.);
#13010 = LINE('',#13011,#13012);
#13011 = CARTESIAN_POINT('',(126.,116.,126.));
#13012 = VECTOR('',#13013,1.);
#13013 = DIRECTION('',(0.,1.,0.));
#13014 = ORIENTED_EDGE('',*,*,#13015,.T.);
#13015 = EDGE_CURVE('',#12677,#12935,#13016,.T.);
#13016 = LINE('',#13017,#13018);
#13017 = CARTESIAN_POINT('',(10.,131.,126.));
#13018 = VECTOR('',#13019,1.);
#13019 = DIRECTION('',(1.,0.,0.));
#13020 = ORIENTED_EDGE('',*,*,#12951,.T.);
#13021 = ORIENTED_EDGE('',*,*,#11793,.T.);
#13022 = ORIENTED_EDGE('',*,*,#13023,.T.);
#13023 = EDGE_CURVE('',#11794,#13024,#13026,.T.);
#13024 = VERTEX_POINT('',#13025);
#13025 = CARTESIAN_POINT('',(142.,116.,126.));
#13026 = LINE('',#13027,#13028);
#13027 = CARTESIAN_POINT('',(126.,116.,126.));
#13028 = VECTOR('',#13029,1.);
#13029 = DIRECTION('',(1.,0.,0.));
#13030 = ORIENTED_EDGE('',*,*,#13031,.T.);
#13031 = EDGE_CURVE('',#13024,#12991,#13032,.T.);
#13032 = LINE('',#13033,#13034);
#13033 = CARTESIAN_POINT('',(142.,116.,126.));
#13034 = VECTOR('',#13035,1.);
#13035 = DIRECTION('',(0.,1.,0.));
#13036 = PLANE('',#13037);
#13037 = AXIS2_PLACEMENT_3D('',#13038,#13039,#13040);
#13038 = CARTESIAN_POINT('',(126.,116.,126.));
#13039 = DIRECTION('',(0.,0.,1.));
#13040 = DIRECTION('',(1.,0.,0.));
#13041 = ADVANCED_FACE('',(#13042),#13060,.F.);
#13042 = FACE_BOUND('',#13043,.F.);
#13043 = EDGE_LOOP('',(#13044,#13045,#13046,#13054));
#13044 = ORIENTED_EDGE('',*,*,#12424,.F.);
#13045 = ORIENTED_EDGE('',*,*,#11840,.T.);
#13046 = ORIENTED_EDGE('',*,*,#13047,.T.);
#13047 = EDGE_CURVE('',#11841,#13048,#13050,.T.);
#13048 = VERTEX_POINT('',#13049);
#13049 = CARTESIAN_POINT('',(-2.22044604925E-16,16.,179.));
#13050 = LINE('',#13051,#13052);
#13051 = CARTESIAN_POINT('',(0.,16.,126.));
#13052 = VECTOR('',#13053,1.);
#13053 = DIRECTION('',(0.,0.,1.));
#13054 = ORIENTED_EDGE('',*,*,#13055,.F.);
#13055 = EDGE_CURVE('',#12425,#13048,#13056,.T.);
#13056 = LINE('',#13057,#13058);
#13057 = CARTESIAN_POINT('',(-2.22044604925E-16,10.,179.));
#13058 = VECTOR('',#13059,1.);
#13059 = DIRECTION('',(0.,1.,0.));
#13060 = PLANE('',#13061);
#13061 = AXIS2_PLACEMENT_3D('',#13062,#13063,#13064);
#13062 = CARTESIAN_POINT('',(0.,0.,126.));
#13063 = DIRECTION('',(1.,0.,0.));
#13064 = DIRECTION('',(0.,0.,1.));
#13065 = ADVANCED_FACE('',(#13066),#13101,.T.);
#13066 = FACE_BOUND('',#13067,.T.);
#13067 = EDGE_LOOP('',(#13068,#13076,#13077,#13078,#13079,#13085,#13086,
    #13087,#13095));
#13068 = ORIENTED_EDGE('',*,*,#13069,.T.);
#13069 = EDGE_CURVE('',#13070,#12548,#13072,.T.);
#13070 = VERTEX_POINT('',#13071);
#13071 = CARTESIAN_POINT('',(12.,16.,128.));
#13072 = LINE('',#13073,#13074);
#13073 = CARTESIAN_POINT('',(12.,16.,126.));
#13074 = VECTOR('',#13075,1.);
#13075 = DIRECTION('',(0.,0.,-1.));
#13076 = ORIENTED_EDGE('',*,*,#12547,.F.);
#13077 = ORIENTED_EDGE('',*,*,#11848,.F.);
#13078 = ORIENTED_EDGE('',*,*,#13047,.T.);
#13079 = ORIENTED_EDGE('',*,*,#13080,.T.);
#13080 = EDGE_CURVE('',#13048,#12370,#13081,.T.);
#13081 = LINE('',#13082,#13083);
#13082 = CARTESIAN_POINT('',(0.,16.,179.));
#13083 = VECTOR('',#13084,1.);
#13084 = DIRECTION('',(1.,0.,0.));
#13085 = ORIENTED_EDGE('',*,*,#12369,.F.);
#13086 = ORIENTED_EDGE('',*,*,#12305,.F.);
#13087 = ORIENTED_EDGE('',*,*,#13088,.T.);
#13088 = EDGE_CURVE('',#12296,#13089,#13091,.T.);
#13089 = VERTEX_POINT('',#13090);
#13090 = CARTESIAN_POINT('',(14.3,16.,128.));
#13091 = LINE('',#13092,#13093);
#13092 = CARTESIAN_POINT('',(14.3,16.,130.5));
#13093 = VECTOR('',#13094,1.);
#13094 = DIRECTION('',(0.,0.,-1.));
#13095 = ORIENTED_EDGE('',*,*,#13096,.F.);
#13096 = EDGE_CURVE('',#13070,#13089,#13097,.T.);
#13097 = LINE('',#13098,#13099);
#13098 = CARTESIAN_POINT('',(6.,16.,128.));
#13099 = VECTOR('',#13100,1.);
#13100 = DIRECTION('',(1.,0.,0.));
#13101 = PLANE('',#13102);
#13102 = AXIS2_PLACEMENT_3D('',#13103,#13104,#13105);
#13103 = CARTESIAN_POINT('',(0.,16.,126.));
#13104 = DIRECTION('',(0.,1.,0.));
#13105 = DIRECTION('',(0.,0.,1.));
#13106 = ADVANCED_FACE('',(#13107),#13135,.T.);
#13107 = FACE_BOUND('',#13108,.T.);
#13108 = EDGE_LOOP('',(#13109,#13110,#13111,#13112,#13120,#13129));
#13109 = ORIENTED_EDGE('',*,*,#12891,.T.);
#13110 = ORIENTED_EDGE('',*,*,#11856,.T.);
#13111 = ORIENTED_EDGE('',*,*,#12539,.T.);
#13112 = ORIENTED_EDGE('',*,*,#13113,.T.);
#13113 = EDGE_CURVE('',#12540,#13114,#13116,.T.);
#13114 = VERTEX_POINT('',#13115);
#13115 = CARTESIAN_POINT('',(1.,122.,126.));
#13116 = LINE('',#13117,#13118);
#13117 = CARTESIAN_POINT('',(1.,10.,126.));
#13118 = VECTOR('',#13119,1.);
#13119 = DIRECTION('',(0.,1.,0.));
#13120 = ORIENTED_EDGE('',*,*,#13121,.F.);
#13121 = EDGE_CURVE('',#13122,#13114,#13124,.T.);
#13122 = VERTEX_POINT('',#13123);
#13123 = CARTESIAN_POINT('',(-2.22044604925E-16,122.,125.));
#13124 = CIRCLE('',#13125,1.);
#13125 = AXIS2_PLACEMENT_3D('',#13126,#13127,#13128);
#13126 = CARTESIAN_POINT('',(1.,122.,125.));
#13127 = DIRECTION('',(0.,1.,-0.));
#13128 = DIRECTION('',(-1.,0.,0.));
#13129 = ORIENTED_EDGE('',*,*,#13130,.F.);
#13130 = EDGE_CURVE('',#12883,#13122,#13131,.T.);
#13131 = LINE('',#13132,#13133);
#13132 = CARTESIAN_POINT('',(-2.22044604925E-16,10.,125.));
#13133 = VECTOR('',#13134,1.);
#13134 = DIRECTION('',(0.,1.,0.));
#13135 = CYLINDRICAL_SURFACE('',#13136,1.);
#13136 = AXIS2_PLACEMENT_3D('',#13137,#13138,#13139);
#13137 = CARTESIAN_POINT('',(1.,10.,125.));
#13138 = DIRECTION('',(0.,1.,0.));
#13139 = DIRECTION('',(-1.,0.,0.));
#13140 = ADVANCED_FACE('',(#13141),#13157,.T.);
#13141 = FACE_BOUND('',#13142,.T.);
#13142 = EDGE_LOOP('',(#13143,#13149,#13150,#13156));
#13143 = ORIENTED_EDGE('',*,*,#13144,.F.);
#13144 = EDGE_CURVE('',#12186,#11898,#13145,.T.);
#13145 = LINE('',#13146,#13147);
#13146 = CARTESIAN_POINT('',(12.,92.,128.));
#13147 = VECTOR('',#13148,1.);
#13148 = DIRECTION('',(1.,0.,0.));
#13149 = ORIENTED_EDGE('',*,*,#12185,.F.);
#13150 = ORIENTED_EDGE('',*,*,#13151,.T.);
#13151 = EDGE_CURVE('',#12178,#11906,#13152,.T.);
#13152 = LINE('',#13153,#13154);
#13153 = CARTESIAN_POINT('',(15.3,2.,128.));
#13154 = VECTOR('',#13155,1.);
#13155 = DIRECTION('',(1.,0.,0.));
#13156 = ORIENTED_EDGE('',*,*,#11905,.T.);
#13157 = PLANE('',#13158);
#13158 = AXIS2_PLACEMENT_3D('',#13159,#13160,#13161);
#13159 = CARTESIAN_POINT('',(12.,0.,128.));
#13160 = DIRECTION('',(0.,0.,1.));
#13161 = DIRECTION('',(1.,0.,0.));
#13162 = ADVANCED_FACE('',(#13163),#13212,.T.);
#13163 = FACE_BOUND('',#13164,.T.);
#13164 = EDGE_LOOP('',(#13165,#13166,#13174,#13182,#13188,#13189,#13197,
    #13203,#13204,#13205,#13206));
#13165 = ORIENTED_EDGE('',*,*,#12563,.F.);
#13166 = ORIENTED_EDGE('',*,*,#13167,.T.);
#13167 = EDGE_CURVE('',#12556,#13168,#13170,.T.);
#13168 = VERTEX_POINT('',#13169);
#13169 = CARTESIAN_POINT('',(12.,92.,128.));
#13170 = LINE('',#13171,#13172);
#13171 = CARTESIAN_POINT('',(12.,92.,126.));
#13172 = VECTOR('',#13173,1.);
#13173 = DIRECTION('',(0.,0.,1.));
#13174 = ORIENTED_EDGE('',*,*,#13175,.T.);
#13175 = EDGE_CURVE('',#13168,#13176,#13178,.T.);
#13176 = VERTEX_POINT('',#13177);
#13177 = CARTESIAN_POINT('',(14.3,92.,128.));
#13178 = LINE('',#13179,#13180);
#13179 = CARTESIAN_POINT('',(12.,92.,128.));
#13180 = VECTOR('',#13181,1.);
#13181 = DIRECTION('',(1.,0.,0.));
#13182 = ORIENTED_EDGE('',*,*,#13183,.T.);
#13183 = EDGE_CURVE('',#13176,#12298,#13184,.T.);
#13184 = LINE('',#13185,#13186);
#13185 = CARTESIAN_POINT('',(14.3,92.,128.));
#13186 = VECTOR('',#13187,1.);
#13187 = DIRECTION('',(0.,0.,1.));
#13188 = ORIENTED_EDGE('',*,*,#12353,.T.);
#13189 = ORIENTED_EDGE('',*,*,#13190,.T.);
#13190 = EDGE_CURVE('',#12346,#13191,#13193,.T.);
#13191 = VERTEX_POINT('',#13192);
#13192 = CARTESIAN_POINT('',(17.5,92.,134.9));
#13193 = LINE('',#13194,#13195);
#13194 = CARTESIAN_POINT('',(17.5,92.,132.87520491803));
#13195 = VECTOR('',#13196,1.);
#13196 = DIRECTION('',(0.,0.,-1.));
#13197 = ORIENTED_EDGE('',*,*,#13198,.T.);
#13198 = EDGE_CURVE('',#13191,#12194,#13199,.T.);
#13199 = LINE('',#13200,#13201);
#13200 = CARTESIAN_POINT('',(17.293647540984,92.,134.9));
#13201 = VECTOR('',#13202,1.);
#13202 = DIRECTION('',(1.,0.,0.));
#13203 = ORIENTED_EDGE('',*,*,#12193,.F.);
#13204 = ORIENTED_EDGE('',*,*,#13144,.T.);
#13205 = ORIENTED_EDGE('',*,*,#11897,.F.);
#13206 = ORIENTED_EDGE('',*,*,#13207,.F.);
#13207 = EDGE_CURVE('',#12564,#11890,#13208,.T.);
#13208 = LINE('',#13209,#13210);
#13209 = CARTESIAN_POINT('',(12.,92.,126.));
#13210 = VECTOR('',#13211,1.);
#13211 = DIRECTION('',(1.,0.,0.));
#13212 = PLANE('',#13213);
#13213 = AXIS2_PLACEMENT_3D('',#13214,#13215,#13216);
#13214 = CARTESIAN_POINT('',(17.087295081967,92.,130.85040983606));
#13215 = DIRECTION('',(0.,1.,0.));
#13216 = DIRECTION('',(0.,0.,1.));
#13217 = ADVANCED_FACE('',(#13218),#13236,.F.);
#13218 = FACE_BOUND('',#13219,.F.);
#13219 = EDGE_LOOP('',(#13220,#13221,#13229,#13235));
#13220 = ORIENTED_EDGE('',*,*,#13207,.F.);
#13221 = ORIENTED_EDGE('',*,*,#13222,.F.);
#13222 = EDGE_CURVE('',#13223,#12564,#13225,.T.);
#13223 = VERTEX_POINT('',#13224);
#13224 = CARTESIAN_POINT('',(16.,17.,126.));
#13225 = LINE('',#13226,#13227);
#13226 = CARTESIAN_POINT('',(16.,8.5,126.));
#13227 = VECTOR('',#13228,1.);
#13228 = DIRECTION('',(0.,1.,0.));
#13229 = ORIENTED_EDGE('',*,*,#13230,.F.);
#13230 = EDGE_CURVE('',#11882,#13223,#13231,.T.);
#13231 = LINE('',#13232,#13233);
#13232 = CARTESIAN_POINT('',(8.,17.,126.));
#13233 = VECTOR('',#13234,1.);
#13234 = DIRECTION('',(-1.,0.,0.));
#13235 = ORIENTED_EDGE('',*,*,#11889,.T.);
#13236 = PLANE('',#13237);
#13237 = AXIS2_PLACEMENT_3D('',#13238,#13239,#13240);
#13238 = CARTESIAN_POINT('',(12.,0.,126.));
#13239 = DIRECTION('',(0.,0.,1.));
#13240 = DIRECTION('',(1.,0.,0.));
#13241 = ADVANCED_FACE('',(#13242),#13250,.T.);
#13242 = FACE_BOUND('',#13243,.T.);
#13243 = EDGE_LOOP('',(#13244,#13245,#13246,#13247,#13248,#13249));
#13244 = ORIENTED_EDGE('',*,*,#13151,.F.);
#13245 = ORIENTED_EDGE('',*,*,#12177,.T.);
#13246 = ORIENTED_EDGE('',*,*,#12161,.T.);
#13247 = ORIENTED_EDGE('',*,*,#12104,.F.);
#13248 = ORIENTED_EDGE('',*,*,#12752,.F.);
#13249 = ORIENTED_EDGE('',*,*,#11930,.F.);
#13250 = PLANE('',#13251);
#13251 = AXIS2_PLACEMENT_3D('',#13252,#13253,#13254);
#13252 = CARTESIAN_POINT('',(15.3,2.,128.));
#13253 = DIRECTION('',(0.,1.,0.));
#13254 = DIRECTION('',(0.,0.,1.));
#13255 = ADVANCED_FACE('',(#13256),#13267,.T.);
#13256 = FACE_BOUND('',#13257,.T.);
#13257 = EDGE_LOOP('',(#13258,#13264,#13265,#13266));
#13258 = ORIENTED_EDGE('',*,*,#13259,.T.);
#13259 = EDGE_CURVE('',#11969,#12056,#13260,.T.);
#13260 = LINE('',#13261,#13262);
#13261 = CARTESIAN_POINT('',(122.9,92.,132.87520491803));
#13262 = VECTOR('',#13263,1.);
#13263 = DIRECTION('',(0.,0.,-1.));
#13264 = ORIENTED_EDGE('',*,*,#12055,.F.);
#13265 = ORIENTED_EDGE('',*,*,#12040,.T.);
#13266 = ORIENTED_EDGE('',*,*,#11966,.T.);
#13267 = PLANE('',#13268);
#13268 = AXIS2_PLACEMENT_3D('',#13269,#13270,#13271);
#13269 = CARTESIAN_POINT('',(124.91270491803,92.,130.85040983606));
#13270 = DIRECTION('',(0.,1.,0.));
#13271 = DIRECTION('',(0.,0.,1.));
#13272 = ADVANCED_FACE('',(#13273),#13284,.T.);
#13273 = FACE_BOUND('',#13274,.T.);
#13274 = EDGE_LOOP('',(#13275,#13281,#13282,#13283));
#13275 = ORIENTED_EDGE('',*,*,#13276,.F.);
#13276 = EDGE_CURVE('',#12074,#12010,#13277,.T.);
#13277 = LINE('',#13278,#13279);
#13278 = CARTESIAN_POINT('',(122.9,83.7,134.9));
#13279 = VECTOR('',#13280,1.);
#13280 = DIRECTION('',(0.,0.,1.));
#13281 = ORIENTED_EDGE('',*,*,#12081,.T.);
#13282 = ORIENTED_EDGE('',*,*,#13259,.F.);
#13283 = ORIENTED_EDGE('',*,*,#12017,.F.);
#13284 = PLANE('',#13285);
#13285 = AXIS2_PLACEMENT_3D('',#13286,#13287,#13288);
#13286 = CARTESIAN_POINT('',(122.9,83.7,134.9));
#13287 = DIRECTION('',(1.,0.,0.));
#13288 = DIRECTION('',(0.,0.,1.));
#13289 = ADVANCED_FACE('',(#13290),#13310,.T.);
#13290 = FACE_BOUND('',#13291,.T.);
#13291 = EDGE_LOOP('',(#13292,#13300,#13301,#13302,#13303,#13304));
#13292 = ORIENTED_EDGE('',*,*,#13293,.F.);
#13293 = EDGE_CURVE('',#12129,#13294,#13296,.T.);
#13294 = VERTEX_POINT('',#13295);
#13295 = CARTESIAN_POINT('',(124.5,83.7,134.9));
#13296 = LINE('',#13297,#13298);
#13297 = CARTESIAN_POINT('',(122.9,83.7,134.9));
#13298 = VECTOR('',#13299,1.);
#13299 = DIRECTION('',(1.,0.,0.));
#13300 = ORIENTED_EDGE('',*,*,#12136,.T.);
#13301 = ORIENTED_EDGE('',*,*,#12073,.T.);
#13302 = ORIENTED_EDGE('',*,*,#13276,.T.);
#13303 = ORIENTED_EDGE('',*,*,#12009,.F.);
#13304 = ORIENTED_EDGE('',*,*,#13305,.F.);
#13305 = EDGE_CURVE('',#13294,#12002,#13306,.T.);
#13306 = LINE('',#13307,#13308);
#13307 = CARTESIAN_POINT('',(124.5,83.7,134.9));
#13308 = VECTOR('',#13309,1.);
#13309 = DIRECTION('',(0.,0.,1.));
#13310 = PLANE('',#13311);
#13311 = AXIS2_PLACEMENT_3D('',#13312,#13313,#13314);
#13312 = CARTESIAN_POINT('',(122.9,83.7,134.9));
#13313 = DIRECTION('',(0.,1.,0.));
#13314 = DIRECTION('',(0.,0.,1.));
#13315 = ADVANCED_FACE('',(#13316),#13327,.F.);
#13316 = FACE_BOUND('',#13317,.F.);
#13317 = EDGE_LOOP('',(#13318,#13319,#13325,#13326));
#13318 = ORIENTED_EDGE('',*,*,#13305,.F.);
#13319 = ORIENTED_EDGE('',*,*,#13320,.T.);
#13320 = EDGE_CURVE('',#13294,#12783,#13321,.T.);
#13321 = LINE('',#13322,#13323);
#13322 = CARTESIAN_POINT('',(124.5,83.7,134.9));
#13323 = VECTOR('',#13324,1.);
#13324 = DIRECTION('',(0.,1.,0.));
#13325 = ORIENTED_EDGE('',*,*,#12790,.F.);
#13326 = ORIENTED_EDGE('',*,*,#12001,.F.);
#13327 = PLANE('',#13328);
#13328 = AXIS2_PLACEMENT_3D('',#13329,#13330,#13331);
#13329 = CARTESIAN_POINT('',(124.5,83.7,134.9));
#13330 = DIRECTION('',(1.,0.,0.));
#13331 = DIRECTION('',(0.,0.,1.));
#13332 = ADVANCED_FACE('',(#13333),#13339,.T.);
#13333 = FACE_BOUND('',#13334,.T.);
#13334 = EDGE_LOOP('',(#13335,#13336,#13337,#13338));
#13335 = ORIENTED_EDGE('',*,*,#12128,.T.);
#13336 = ORIENTED_EDGE('',*,*,#13293,.T.);
#13337 = ORIENTED_EDGE('',*,*,#13320,.T.);
#13338 = ORIENTED_EDGE('',*,*,#12782,.F.);
#13339 = PLANE('',#13340);
#13340 = AXIS2_PLACEMENT_3D('',#13341,#13342,#13343);
#13341 = CARTESIAN_POINT('',(122.9,83.7,134.9));
#13342 = DIRECTION('',(0.,0.,1.));
#13343 = DIRECTION('',(1.,0.,0.));
#13344 = ADVANCED_FACE('',(#13345),#13370,.T.);
#13345 = FACE_BOUND('',#13346,.T.);
#13346 = EDGE_LOOP('',(#13347,#13355,#13361,#13362,#13368,#13369));
#13347 = ORIENTED_EDGE('',*,*,#13348,.F.);
#13348 = EDGE_CURVE('',#13349,#12202,#13351,.T.);
#13349 = VERTEX_POINT('',#13350);
#13350 = CARTESIAN_POINT('',(17.5,83.7,134.9));
#13351 = LINE('',#13352,#13353);
#13352 = CARTESIAN_POINT('',(17.5,83.7,134.9));
#13353 = VECTOR('',#13354,1.);
#13354 = DIRECTION('',(1.,0.,0.));
#13355 = ORIENTED_EDGE('',*,*,#13356,.T.);
#13356 = EDGE_CURVE('',#13349,#12338,#13357,.T.);
#13357 = LINE('',#13358,#13359);
#13358 = CARTESIAN_POINT('',(17.5,83.7,134.9));
#13359 = VECTOR('',#13360,1.);
#13360 = DIRECTION('',(0.,0.,1.));
#13361 = ORIENTED_EDGE('',*,*,#12337,.F.);
#13362 = ORIENTED_EDGE('',*,*,#13363,.F.);
#13363 = EDGE_CURVE('',#12232,#12330,#13364,.T.);
#13364 = LINE('',#13365,#13366);
#13365 = CARTESIAN_POINT('',(19.1,83.7,134.9));
#13366 = VECTOR('',#13367,1.);
#13367 = DIRECTION('',(0.,0.,1.));
#13368 = ORIENTED_EDGE('',*,*,#12231,.T.);
#13369 = ORIENTED_EDGE('',*,*,#12209,.F.);
#13370 = PLANE('',#13371);
#13371 = AXIS2_PLACEMENT_3D('',#13372,#13373,#13374);
#13372 = CARTESIAN_POINT('',(17.5,83.7,134.9));
#13373 = DIRECTION('',(0.,1.,0.));
#13374 = DIRECTION('',(0.,0.,1.));
#13375 = ADVANCED_FACE('',(#13376),#13387,.T.);
#13376 = FACE_BOUND('',#13377,.T.);
#13377 = EDGE_LOOP('',(#13378,#13384,#13385,#13386));
#13378 = ORIENTED_EDGE('',*,*,#13379,.F.);
#13379 = EDGE_CURVE('',#13349,#13191,#13380,.T.);
#13380 = LINE('',#13381,#13382);
#13381 = CARTESIAN_POINT('',(17.5,83.7,134.9));
#13382 = VECTOR('',#13383,1.);
#13383 = DIRECTION('',(0.,1.,0.));
#13384 = ORIENTED_EDGE('',*,*,#13348,.T.);
#13385 = ORIENTED_EDGE('',*,*,#12201,.F.);
#13386 = ORIENTED_EDGE('',*,*,#13198,.F.);
#13387 = PLANE('',#13388);
#13388 = AXIS2_PLACEMENT_3D('',#13389,#13390,#13391);
#13389 = CARTESIAN_POINT('',(17.5,83.7,134.9));
#13390 = DIRECTION('',(0.,0.,1.));
#13391 = DIRECTION('',(1.,0.,0.));
#13392 = ADVANCED_FACE('',(#13393),#13404,.F.);
#13393 = FACE_BOUND('',#13394,.F.);
#13394 = EDGE_LOOP('',(#13395,#13396,#13397,#13403));
#13395 = ORIENTED_EDGE('',*,*,#13363,.F.);
#13396 = ORIENTED_EDGE('',*,*,#12257,.T.);
#13397 = ORIENTED_EDGE('',*,*,#13398,.F.);
#13398 = EDGE_CURVE('',#12322,#12250,#13399,.T.);
#13399 = LINE('',#13400,#13401);
#13400 = CARTESIAN_POINT('',(19.1,92.,132.87520491803));
#13401 = VECTOR('',#13402,1.);
#13402 = DIRECTION('',(0.,0.,-1.));
#13403 = ORIENTED_EDGE('',*,*,#12329,.F.);
#13404 = PLANE('',#13405);
#13405 = AXIS2_PLACEMENT_3D('',#13406,#13407,#13408);
#13406 = CARTESIAN_POINT('',(19.1,83.7,134.9));
#13407 = DIRECTION('',(1.,0.,0.));
#13408 = DIRECTION('',(0.,0.,1.));
#13409 = ADVANCED_FACE('',(#13410),#13416,.T.);
#13410 = FACE_BOUND('',#13411,.T.);
#13411 = EDGE_LOOP('',(#13412,#13413,#13414,#13415));
#13412 = ORIENTED_EDGE('',*,*,#13398,.F.);
#13413 = ORIENTED_EDGE('',*,*,#12321,.T.);
#13414 = ORIENTED_EDGE('',*,*,#12273,.F.);
#13415 = ORIENTED_EDGE('',*,*,#12249,.F.);
#13416 = PLANE('',#13417);
#13417 = AXIS2_PLACEMENT_3D('',#13418,#13419,#13420);
#13418 = CARTESIAN_POINT('',(17.087295081967,92.,130.85040983606));
#13419 = DIRECTION('',(0.,1.,0.));
#13420 = DIRECTION('',(0.,0.,1.));
#13421 = ADVANCED_FACE('',(#13422),#13433,.T.);
#13422 = FACE_BOUND('',#13423,.T.);
#13423 = EDGE_LOOP('',(#13424,#13425,#13426,#13427));
#13424 = ORIENTED_EDGE('',*,*,#13088,.F.);
#13425 = ORIENTED_EDGE('',*,*,#12295,.T.);
#13426 = ORIENTED_EDGE('',*,*,#13183,.F.);
#13427 = ORIENTED_EDGE('',*,*,#13428,.F.);
#13428 = EDGE_CURVE('',#13089,#13176,#13429,.T.);
#13429 = LINE('',#13430,#13431);
#13430 = CARTESIAN_POINT('',(14.3,0.,128.));
#13431 = VECTOR('',#13432,1.);
#13432 = DIRECTION('',(0.,1.,0.));
#13433 = PLANE('',#13434);
#13434 = AXIS2_PLACEMENT_3D('',#13435,#13436,#13437);
#13435 = CARTESIAN_POINT('',(14.3,54.,132.7));
#13436 = DIRECTION('',(-1.,-0.,-0.));
#13437 = DIRECTION('',(0.,0.,-1.));
#13438 = ADVANCED_FACE('',(#13439),#13445,.T.);
#13439 = FACE_BOUND('',#13440,.T.);
#13440 = EDGE_LOOP('',(#13441,#13442,#13443,#13444));
#13441 = ORIENTED_EDGE('',*,*,#13356,.F.);
#13442 = ORIENTED_EDGE('',*,*,#13379,.T.);
#13443 = ORIENTED_EDGE('',*,*,#13190,.F.);
#13444 = ORIENTED_EDGE('',*,*,#12345,.F.);
#13445 = PLANE('',#13446);
#13446 = AXIS2_PLACEMENT_3D('',#13447,#13448,#13449);
#13447 = CARTESIAN_POINT('',(17.5,83.7,134.9));
#13448 = DIRECTION('',(1.,0.,0.));
#13449 = DIRECTION('',(0.,0.,1.));
#13450 = ADVANCED_FACE('',(#13451),#13470,.T.);
#13451 = FACE_BOUND('',#13452,.T.);
#13452 = EDGE_LOOP('',(#13453,#13454,#13455,#13464));
#13453 = ORIENTED_EDGE('',*,*,#12391,.F.);
#13454 = ORIENTED_EDGE('',*,*,#12377,.T.);
#13455 = ORIENTED_EDGE('',*,*,#13456,.F.);
#13456 = EDGE_CURVE('',#13457,#12370,#13459,.T.);
#13457 = VERTEX_POINT('',#13458);
#13458 = CARTESIAN_POINT('',(15.,15.,180.));
#13459 = ELLIPSE('',#13460,1.414213562373,1.);
#13460 = AXIS2_PLACEMENT_3D('',#13461,#13462,#13463);
#13461 = CARTESIAN_POINT('',(15.,15.,179.));
#13462 = DIRECTION('',(-0.707106781187,0.707106781187,0.));
#13463 = DIRECTION('',(0.707106781187,0.707106781187,0.));
#13464 = ORIENTED_EDGE('',*,*,#13465,.F.);
#13465 = EDGE_CURVE('',#12392,#13457,#13466,.T.);
#13466 = LINE('',#13467,#13468);
#13467 = CARTESIAN_POINT('',(15.,0.,180.));
#13468 = VECTOR('',#13469,1.);
#13469 = DIRECTION('',(0.,1.,0.));
#13470 = CYLINDRICAL_SURFACE('',#13471,1.);
#13471 = AXIS2_PLACEMENT_3D('',#13472,#13473,#13474);
#13472 = CARTESIAN_POINT('',(15.,0.,179.));
#13473 = DIRECTION('',(0.,1.,0.));
#13474 = DIRECTION('',(0.,0.,1.));
#13475 = ADVANCED_FACE('',(#13476,#13503),#13514,.T.);
#13476 = FACE_BOUND('',#13477,.T.);
#13477 = EDGE_LOOP('',(#13478,#13479,#13480,#13488,#13496));
#13478 = ORIENTED_EDGE('',*,*,#12400,.F.);
#13479 = ORIENTED_EDGE('',*,*,#13465,.T.);
#13480 = ORIENTED_EDGE('',*,*,#13481,.F.);
#13481 = EDGE_CURVE('',#13482,#13457,#13484,.T.);
#13482 = VERTEX_POINT('',#13483);
#13483 = CARTESIAN_POINT('',(1.,15.,180.));
#13484 = LINE('',#13485,#13486);
#13485 = CARTESIAN_POINT('',(0.,15.,180.));
#13486 = VECTOR('',#13487,1.);
#13487 = DIRECTION('',(1.,0.,0.));
#13488 = ORIENTED_EDGE('',*,*,#13489,.F.);
#13489 = EDGE_CURVE('',#13490,#13482,#13492,.T.);
#13490 = VERTEX_POINT('',#13491);
#13491 = CARTESIAN_POINT('',(1.,10.,180.));
#13492 = LINE('',#13493,#13494);
#13493 = CARTESIAN_POINT('',(1.,10.,180.));
#13494 = VECTOR('',#13495,1.);
#13495 = DIRECTION('',(0.,1.,0.));
#13496 = ORIENTED_EDGE('',*,*,#13497,.F.);
#13497 = EDGE_CURVE('',#12401,#13490,#13498,.T.);
#13498 = CIRCLE('',#13499,9.);
#13499 = AXIS2_PLACEMENT_3D('',#13500,#13501,#13502);
#13500 = CARTESIAN_POINT('',(10.,10.,180.));
#13501 = DIRECTION('',(-0.,0.,-1.));
#13502 = DIRECTION('',(-1.7763568394E-16,-1.,0.));
#13503 = FACE_BOUND('',#13504,.T.);
#13504 = EDGE_LOOP('',(#13505));
#13505 = ORIENTED_EDGE('',*,*,#13506,.F.);
#13506 = EDGE_CURVE('',#13507,#13507,#13509,.T.);
#13507 = VERTEX_POINT('',#13508);
#13508 = CARTESIAN_POINT('',(11.4,8.,180.));
#13509 = CIRCLE('',#13510,3.4);
#13510 = AXIS2_PLACEMENT_3D('',#13511,#13512,#13513);
#13511 = CARTESIAN_POINT('',(8.,8.,180.));
#13512 = DIRECTION('',(0.,0.,1.));
#13513 = DIRECTION('',(1.,0.,0.));
#13514 = PLANE('',#13515);
#13515 = AXIS2_PLACEMENT_3D('',#13516,#13517,#13518);
#13516 = CARTESIAN_POINT('',(0.,0.,180.));
#13517 = DIRECTION('',(0.,0.,1.));
#13518 = DIRECTION('',(1.,0.,0.));
#13519 = ADVANCED_FACE('',(#13520),#13532,.T.);
#13520 = FACE_BOUND('',#13521,.F.);
#13521 = EDGE_LOOP('',(#13522,#13523,#13524,#13531));
#13522 = ORIENTED_EDGE('',*,*,#12408,.F.);
#13523 = ORIENTED_EDGE('',*,*,#12434,.T.);
#13524 = ORIENTED_EDGE('',*,*,#13525,.T.);
#13525 = EDGE_CURVE('',#12425,#13490,#13526,.T.);
#13526 = CIRCLE('',#13527,1.);
#13527 = AXIS2_PLACEMENT_3D('',#13528,#13529,#13530);
#13528 = CARTESIAN_POINT('',(1.,10.,179.));
#13529 = DIRECTION('',(-1.056412609424E-16,1.,0.));
#13530 = DIRECTION('',(-1.,-1.056412609424E-16,0.));
#13531 = ORIENTED_EDGE('',*,*,#13497,.F.);
#13532 = TOROIDAL_SURFACE('',#13533,9.,1.);
#13533 = AXIS2_PLACEMENT_3D('',#13534,#13535,#13536);
#13534 = CARTESIAN_POINT('',(10.,10.,179.));
#13535 = DIRECTION('',(0.,0.,1.));
#13536 = DIRECTION('',(-1.7763568394E-16,-1.,0.));
#13537 = ADVANCED_FACE('',(#13538),#13571,.F.);
#13538 = FACE_BOUND('',#13539,.F.);
#13539 = EDGE_LOOP('',(#13540,#13548,#13549,#13557,#13565));
#13540 = ORIENTED_EDGE('',*,*,#13541,.F.);
#13541 = EDGE_CURVE('',#12693,#13542,#13544,.T.);
#13542 = VERTEX_POINT('',#13543);
#13543 = CARTESIAN_POINT('',(16.,116.,179.));
#13544 = LINE('',#13545,#13546);
#13545 = CARTESIAN_POINT('',(16.,116.,126.));
#13546 = VECTOR('',#13547,1.);
#13547 = DIRECTION('',(0.,0.,1.));
#13548 = ORIENTED_EDGE('',*,*,#12700,.F.);
#13549 = ORIENTED_EDGE('',*,*,#13550,.F.);
#13550 = EDGE_CURVE('',#13551,#12540,#13553,.T.);
#13551 = VERTEX_POINT('',#13552);
#13552 = CARTESIAN_POINT('',(0.,116.,126.));
#13553 = LINE('',#13554,#13555);
#13554 = CARTESIAN_POINT('',(0.,116.,126.));
#13555 = VECTOR('',#13556,1.);
#13556 = DIRECTION('',(1.,0.,0.));
#13557 = ORIENTED_EDGE('',*,*,#13558,.T.);
#13558 = EDGE_CURVE('',#13551,#13559,#13561,.T.);
#13559 = VERTEX_POINT('',#13560);
#13560 = CARTESIAN_POINT('',(-2.22044604925E-16,116.,179.));
#13561 = LINE('',#13562,#13563);
#13562 = CARTESIAN_POINT('',(0.,116.,126.));
#13563 = VECTOR('',#13564,1.);
#13564 = DIRECTION('',(0.,0.,1.));
#13565 = ORIENTED_EDGE('',*,*,#13566,.T.);
#13566 = EDGE_CURVE('',#13559,#13542,#13567,.T.);
#13567 = LINE('',#13568,#13569);
#13568 = CARTESIAN_POINT('',(0.,116.,179.));
#13569 = VECTOR('',#13570,1.);
#13570 = DIRECTION('',(1.,0.,0.));
#13571 = PLANE('',#13572);
#13572 = AXIS2_PLACEMENT_3D('',#13573,#13574,#13575);
#13573 = CARTESIAN_POINT('',(0.,116.,126.));
#13574 = DIRECTION('',(0.,1.,0.));
#13575 = DIRECTION('',(0.,0.,1.));
#13576 = ADVANCED_FACE('',(#13577),#13603,.T.);
#13577 = FACE_BOUND('',#13578,.T.);
#13578 = EDGE_LOOP('',(#13579,#13580,#13581,#13589,#13597));
#13579 = ORIENTED_EDGE('',*,*,#13541,.F.);
#13580 = ORIENTED_EDGE('',*,*,#12692,.T.);
#13581 = ORIENTED_EDGE('',*,*,#13582,.T.);
#13582 = EDGE_CURVE('',#12685,#13583,#13585,.T.);
#13583 = VERTEX_POINT('',#13584);
#13584 = CARTESIAN_POINT('',(16.,132.,126.));
#13585 = LINE('',#13586,#13587);
#13586 = CARTESIAN_POINT('',(16.,116.,126.));
#13587 = VECTOR('',#13588,1.);
#13588 = DIRECTION('',(0.,1.,0.));
#13589 = ORIENTED_EDGE('',*,*,#13590,.T.);
#13590 = EDGE_CURVE('',#13583,#13591,#13593,.T.);
#13591 = VERTEX_POINT('',#13592);
#13592 = CARTESIAN_POINT('',(16.,132.,179.));
#13593 = LINE('',#13594,#13595);
#13594 = CARTESIAN_POINT('',(16.,132.,126.));
#13595 = VECTOR('',#13596,1.);
#13596 = DIRECTION('',(0.,0.,1.));
#13597 = ORIENTED_EDGE('',*,*,#13598,.F.);
#13598 = EDGE_CURVE('',#13542,#13591,#13599,.T.);
#13599 = LINE('',#13600,#13601);
#13600 = CARTESIAN_POINT('',(16.,116.,179.));
#13601 = VECTOR('',#13602,1.);
#13602 = DIRECTION('',(0.,1.,0.));
#13603 = PLANE('',#13604);
#13604 = AXIS2_PLACEMENT_3D('',#13605,#13606,#13607);
#13605 = CARTESIAN_POINT('',(16.,116.,126.));
#13606 = DIRECTION('',(1.,0.,0.));
#13607 = DIRECTION('',(0.,0.,1.));
#13608 = ADVANCED_FACE('',(#13609),#13637,.T.);
#13609 = FACE_BOUND('',#13610,.T.);
#13610 = EDGE_LOOP('',(#13611,#13622,#13628,#13629,#13630,#13631));
#13611 = ORIENTED_EDGE('',*,*,#13612,.T.);
#13612 = EDGE_CURVE('',#13613,#13615,#13617,.T.);
#13613 = VERTEX_POINT('',#13614);
#13614 = CARTESIAN_POINT('',(10.,132.,125.));
#13615 = VERTEX_POINT('',#13616);
#13616 = CARTESIAN_POINT('',(10.,131.,126.));
#13617 = CIRCLE('',#13618,1.);
#13618 = AXIS2_PLACEMENT_3D('',#13619,#13620,#13621);
#13619 = CARTESIAN_POINT('',(10.,131.,125.));
#13620 = DIRECTION('',(1.,6.123233995737E-17,-0.));
#13621 = DIRECTION('',(-6.123233995737E-17,1.,0.));
#13622 = ORIENTED_EDGE('',*,*,#13623,.T.);
#13623 = EDGE_CURVE('',#13615,#12685,#13624,.T.);
#13624 = LINE('',#13625,#13626);
#13625 = CARTESIAN_POINT('',(10.,131.,126.));
#13626 = VECTOR('',#13627,1.);
#13627 = DIRECTION('',(1.,0.,0.));
#13628 = ORIENTED_EDGE('',*,*,#12684,.T.);
#13629 = ORIENTED_EDGE('',*,*,#13015,.T.);
#13630 = ORIENTED_EDGE('',*,*,#12932,.F.);
#13631 = ORIENTED_EDGE('',*,*,#13632,.F.);
#13632 = EDGE_CURVE('',#13613,#12933,#13633,.T.);
#13633 = LINE('',#13634,#13635);
#13634 = CARTESIAN_POINT('',(10.,132.,125.));
#13635 = VECTOR('',#13636,1.);
#13636 = DIRECTION('',(1.,0.,0.));
#13637 = CYLINDRICAL_SURFACE('',#13638,1.);
#13638 = AXIS2_PLACEMENT_3D('',#13639,#13640,#13641);
#13639 = CARTESIAN_POINT('',(10.,131.,125.));
#13640 = DIRECTION('',(1.,0.,0.));
#13641 = DIRECTION('',(0.,1.,0.));
#13642 = ADVANCED_FACE('',(#13643),#13669,.F.);
#13643 = FACE_BOUND('',#13644,.F.);
#13644 = EDGE_LOOP('',(#13645,#13653,#13654,#13655,#13663));
#13645 = ORIENTED_EDGE('',*,*,#13646,.F.);
#13646 = EDGE_CURVE('',#12669,#13647,#13649,.T.);
#13647 = VERTEX_POINT('',#13648);
#13648 = CARTESIAN_POINT('',(126.,116.,179.));
#13649 = LINE('',#13650,#13651);
#13650 = CARTESIAN_POINT('',(126.,116.,126.));
#13651 = VECTOR('',#13652,1.);
#13652 = DIRECTION('',(0.,0.,1.));
#13653 = ORIENTED_EDGE('',*,*,#12676,.T.);
#13654 = ORIENTED_EDGE('',*,*,#13009,.T.);
#13655 = ORIENTED_EDGE('',*,*,#13656,.T.);
#13656 = EDGE_CURVE('',#13002,#13657,#13659,.T.);
#13657 = VERTEX_POINT('',#13658);
#13658 = CARTESIAN_POINT('',(126.,132.,179.));
#13659 = LINE('',#13660,#13661);
#13660 = CARTESIAN_POINT('',(126.,132.,126.));
#13661 = VECTOR('',#13662,1.);
#13662 = DIRECTION('',(0.,0.,1.));
#13663 = ORIENTED_EDGE('',*,*,#13664,.F.);
#13664 = EDGE_CURVE('',#13647,#13657,#13665,.T.);
#13665 = LINE('',#13666,#13667);
#13666 = CARTESIAN_POINT('',(126.,116.,179.));
#13667 = VECTOR('',#13668,1.);
#13668 = DIRECTION('',(0.,1.,0.));
#13669 = PLANE('',#13670);
#13670 = AXIS2_PLACEMENT_3D('',#13671,#13672,#13673);
#13671 = CARTESIAN_POINT('',(126.,116.,126.));
#13672 = DIRECTION('',(1.,0.,0.));
#13673 = DIRECTION('',(0.,0.,1.));
#13674 = ADVANCED_FACE('',(#13675),#13694,.F.);
#13675 = FACE_BOUND('',#13676,.F.);
#13676 = EDGE_LOOP('',(#13677,#13685,#13686,#13687,#13688));
#13677 = ORIENTED_EDGE('',*,*,#13678,.F.);
#13678 = EDGE_CURVE('',#13024,#13679,#13681,.T.);
#13679 = VERTEX_POINT('',#13680);
#13680 = CARTESIAN_POINT('',(142.,116.,179.));
#13681 = LINE('',#13682,#13683);
#13682 = CARTESIAN_POINT('',(142.,116.,126.));
#13683 = VECTOR('',#13684,1.);
#13684 = DIRECTION('',(0.,0.,1.));
#13685 = ORIENTED_EDGE('',*,*,#13023,.F.);
#13686 = ORIENTED_EDGE('',*,*,#12668,.F.);
#13687 = ORIENTED_EDGE('',*,*,#13646,.T.);
#13688 = ORIENTED_EDGE('',*,*,#13689,.T.);
#13689 = EDGE_CURVE('',#13647,#13679,#13690,.T.);
#13690 = LINE('',#13691,#13692);
#13691 = CARTESIAN_POINT('',(126.,116.,179.));
#13692 = VECTOR('',#13693,1.);
#13693 = DIRECTION('',(1.,0.,0.));
#13694 = PLANE('',#13695);
#13695 = AXIS2_PLACEMENT_3D('',#13696,#13697,#13698);
#13696 = CARTESIAN_POINT('',(126.,116.,126.));
#13697 = DIRECTION('',(0.,1.,0.));
#13698 = DIRECTION('',(0.,0.,1.));
#13699 = ADVANCED_FACE('',(#13700),#13733,.F.);
#13700 = FACE_BOUND('',#13701,.F.);
#13701 = EDGE_LOOP('',(#13702,#13710,#13718,#13724,#13725,#13731,#13732)
  );
#13702 = ORIENTED_EDGE('',*,*,#13703,.F.);
#13703 = EDGE_CURVE('',#13704,#12828,#13706,.T.);
#13704 = VERTEX_POINT('',#13705);
#13705 = CARTESIAN_POINT('',(126.,17.,120.));
#13706 = LINE('',#13707,#13708);
#13707 = CARTESIAN_POINT('',(126.,17.,119.));
#13708 = VECTOR('',#13709,1.);
#13709 = DIRECTION('',(0.,0.,1.));
#13710 = ORIENTED_EDGE('',*,*,#13711,.T.);
#13711 = EDGE_CURVE('',#13704,#13712,#13714,.T.);
#13712 = VERTEX_POINT('',#13713);
#13713 = CARTESIAN_POINT('',(126.,115.,120.));
#13714 = LINE('',#13715,#13716);
#13715 = CARTESIAN_POINT('',(126.,8.5,120.));
#13716 = VECTOR('',#13717,1.);
#13717 = DIRECTION('',(0.,1.,0.));
#13718 = ORIENTED_EDGE('',*,*,#13719,.T.);
#13719 = EDGE_CURVE('',#13712,#12612,#13720,.T.);
#13720 = LINE('',#13721,#13722);
#13721 = CARTESIAN_POINT('',(126.,115.,119.));
#13722 = VECTOR('',#13723,1.);
#13723 = DIRECTION('',(0.,0.,1.));
#13724 = ORIENTED_EDGE('',*,*,#12619,.F.);
#13725 = ORIENTED_EDGE('',*,*,#13726,.F.);
#13726 = EDGE_CURVE('',#12644,#12620,#13727,.T.);
#13727 = LINE('',#13728,#13729);
#13728 = CARTESIAN_POINT('',(126.,8.5,126.));
#13729 = VECTOR('',#13730,1.);
#13730 = DIRECTION('',(0.,1.,0.));
#13731 = ORIENTED_EDGE('',*,*,#12651,.F.);
#13732 = ORIENTED_EDGE('',*,*,#12835,.F.);
#13733 = PLANE('',#13734);
#13734 = AXIS2_PLACEMENT_3D('',#13735,#13736,#13737);
#13735 = CARTESIAN_POINT('',(126.,17.,119.));
#13736 = DIRECTION('',(1.,0.,0.));
#13737 = DIRECTION('',(0.,0.,1.));
#13738 = ADVANCED_FACE('',(#13739),#13772,.F.);
#13739 = FACE_BOUND('',#13740,.F.);
#13740 = EDGE_LOOP('',(#13741,#13749,#13757,#13765,#13771));
#13741 = ORIENTED_EDGE('',*,*,#13742,.F.);
#13742 = EDGE_CURVE('',#13743,#12644,#13745,.T.);
#13743 = VERTEX_POINT('',#13744);
#13744 = CARTESIAN_POINT('',(125.,93.,126.));
#13745 = LINE('',#13746,#13747);
#13746 = CARTESIAN_POINT('',(125.,93.,126.));
#13747 = VECTOR('',#13748,1.);
#13748 = DIRECTION('',(1.,0.,0.));
#13749 = ORIENTED_EDGE('',*,*,#13750,.T.);
#13750 = EDGE_CURVE('',#13743,#13751,#13753,.T.);
#13751 = VERTEX_POINT('',#13752);
#13752 = CARTESIAN_POINT('',(125.,93.,128.));
#13753 = LINE('',#13754,#13755);
#13754 = CARTESIAN_POINT('',(125.,93.,126.));
#13755 = VECTOR('',#13756,1.);
#13756 = DIRECTION('',(0.,0.,1.));
#13757 = ORIENTED_EDGE('',*,*,#13758,.T.);
#13758 = EDGE_CURVE('',#13751,#13759,#13761,.T.);
#13759 = VERTEX_POINT('',#13760);
#13760 = CARTESIAN_POINT('',(131.,93.,128.));
#13761 = LINE('',#13762,#13763);
#13762 = CARTESIAN_POINT('',(125.,93.,128.));
#13763 = VECTOR('',#13764,1.);
#13764 = DIRECTION('',(1.,0.,0.));
#13765 = ORIENTED_EDGE('',*,*,#13766,.F.);
#13766 = EDGE_CURVE('',#12636,#13759,#13767,.T.);
#13767 = LINE('',#13768,#13769);
#13768 = CARTESIAN_POINT('',(131.,93.,126.));
#13769 = VECTOR('',#13770,1.);
#13770 = DIRECTION('',(0.,0.,1.));
#13771 = ORIENTED_EDGE('',*,*,#12643,.F.);
#13772 = PLANE('',#13773);
#13773 = AXIS2_PLACEMENT_3D('',#13774,#13775,#13776);
#13774 = CARTESIAN_POINT('',(125.,93.,126.));
#13775 = DIRECTION('',(0.,1.,0.));
#13776 = DIRECTION('',(0.,0.,1.));
#13777 = ADVANCED_FACE('',(#13778),#13796,.T.);
#13778 = FACE_BOUND('',#13779,.T.);
#13779 = EDGE_LOOP('',(#13780,#13781,#13782,#13790));
#13780 = ORIENTED_EDGE('',*,*,#13766,.F.);
#13781 = ORIENTED_EDGE('',*,*,#12635,.T.);
#13782 = ORIENTED_EDGE('',*,*,#13783,.T.);
#13783 = EDGE_CURVE('',#12628,#13784,#13786,.T.);
#13784 = VERTEX_POINT('',#13785);
#13785 = CARTESIAN_POINT('',(131.,99.,128.));
#13786 = LINE('',#13787,#13788);
#13787 = CARTESIAN_POINT('',(131.,99.,126.));
#13788 = VECTOR('',#13789,1.);
#13789 = DIRECTION('',(0.,0.,1.));
#13790 = ORIENTED_EDGE('',*,*,#13791,.F.);
#13791 = EDGE_CURVE('',#13759,#13784,#13792,.T.);
#13792 = LINE('',#13793,#13794);
#13793 = CARTESIAN_POINT('',(131.,93.,128.));
#13794 = VECTOR('',#13795,1.);
#13795 = DIRECTION('',(0.,1.,0.));
#13796 = PLANE('',#13797);
#13797 = AXIS2_PLACEMENT_3D('',#13798,#13799,#13800);
#13798 = CARTESIAN_POINT('',(131.,93.,126.));
#13799 = DIRECTION('',(1.,0.,0.));
#13800 = DIRECTION('',(0.,0.,1.));
#13801 = ADVANCED_FACE('',(#13802),#13828,.T.);
#13802 = FACE_BOUND('',#13803,.T.);
#13803 = EDGE_LOOP('',(#13804,#13812,#13820,#13826,#13827));
#13804 = ORIENTED_EDGE('',*,*,#13805,.F.);
#13805 = EDGE_CURVE('',#13806,#12620,#13808,.T.);
#13806 = VERTEX_POINT('',#13807);
#13807 = CARTESIAN_POINT('',(125.,99.,126.));
#13808 = LINE('',#13809,#13810);
#13809 = CARTESIAN_POINT('',(125.,99.,126.));
#13810 = VECTOR('',#13811,1.);
#13811 = DIRECTION('',(1.,0.,0.));
#13812 = ORIENTED_EDGE('',*,*,#13813,.T.);
#13813 = EDGE_CURVE('',#13806,#13814,#13816,.T.);
#13814 = VERTEX_POINT('',#13815);
#13815 = CARTESIAN_POINT('',(125.,99.,128.));
#13816 = LINE('',#13817,#13818);
#13817 = CARTESIAN_POINT('',(125.,99.,126.));
#13818 = VECTOR('',#13819,1.);
#13819 = DIRECTION('',(0.,0.,1.));
#13820 = ORIENTED_EDGE('',*,*,#13821,.T.);
#13821 = EDGE_CURVE('',#13814,#13784,#13822,.T.);
#13822 = LINE('',#13823,#13824);
#13823 = CARTESIAN_POINT('',(125.,99.,128.));
#13824 = VECTOR('',#13825,1.);
#13825 = DIRECTION('',(1.,0.,0.));
#13826 = ORIENTED_EDGE('',*,*,#13783,.F.);
#13827 = ORIENTED_EDGE('',*,*,#12627,.F.);
#13828 = PLANE('',#13829);
#13829 = AXIS2_PLACEMENT_3D('',#13830,#13831,#13832);
#13830 = CARTESIAN_POINT('',(125.,99.,126.));
#13831 = DIRECTION('',(0.,1.,0.));
#13832 = DIRECTION('',(0.,0.,1.));
#13833 = ADVANCED_FACE('',(#13834),#13852,.F.);
#13834 = FACE_BOUND('',#13835,.F.);
#13835 = EDGE_LOOP('',(#13836,#13837,#13845,#13851));
#13836 = ORIENTED_EDGE('',*,*,#13719,.F.);
#13837 = ORIENTED_EDGE('',*,*,#13838,.T.);
#13838 = EDGE_CURVE('',#13712,#13839,#13841,.T.);
#13839 = VERTEX_POINT('',#13840);
#13840 = CARTESIAN_POINT('',(16.,115.,120.));
#13841 = LINE('',#13842,#13843);
#13842 = CARTESIAN_POINT('',(8.,115.,120.));
#13843 = VECTOR('',#13844,1.);
#13844 = DIRECTION('',(-1.,0.,0.));
#13845 = ORIENTED_EDGE('',*,*,#13846,.T.);
#13846 = EDGE_CURVE('',#13839,#12604,#13847,.T.);
#13847 = LINE('',#13848,#13849);
#13848 = CARTESIAN_POINT('',(16.,115.,119.));
#13849 = VECTOR('',#13850,1.);
#13850 = DIRECTION('',(0.,0.,1.));
#13851 = ORIENTED_EDGE('',*,*,#12611,.F.);
#13852 = PLANE('',#13853);
#13853 = AXIS2_PLACEMENT_3D('',#13854,#13855,#13856);
#13854 = CARTESIAN_POINT('',(16.,115.,119.));
#13855 = DIRECTION('',(0.,1.,0.));
#13856 = DIRECTION('',(0.,0.,1.));
#13857 = ADVANCED_FACE('',(#13858),#13884,.T.);
#13858 = FACE_BOUND('',#13859,.T.);
#13859 = EDGE_LOOP('',(#13860,#13868,#13874,#13875,#13876,#13882,#13883)
  );
#13860 = ORIENTED_EDGE('',*,*,#13861,.F.);
#13861 = EDGE_CURVE('',#13862,#13223,#13864,.T.);
#13862 = VERTEX_POINT('',#13863);
#13863 = CARTESIAN_POINT('',(16.,17.,120.));
#13864 = LINE('',#13865,#13866);
#13865 = CARTESIAN_POINT('',(16.,17.,119.));
#13866 = VECTOR('',#13867,1.);
#13867 = DIRECTION('',(0.,0.,1.));
#13868 = ORIENTED_EDGE('',*,*,#13869,.T.);
#13869 = EDGE_CURVE('',#13862,#13839,#13870,.T.);
#13870 = LINE('',#13871,#13872);
#13871 = CARTESIAN_POINT('',(16.,8.5,120.));
#13872 = VECTOR('',#13873,1.);
#13873 = DIRECTION('',(0.,1.,0.));
#13874 = ORIENTED_EDGE('',*,*,#13846,.T.);
#13875 = ORIENTED_EDGE('',*,*,#12603,.F.);
#13876 = ORIENTED_EDGE('',*,*,#13877,.F.);
#13877 = EDGE_CURVE('',#12572,#12596,#13878,.T.);
#13878 = LINE('',#13879,#13880);
#13879 = CARTESIAN_POINT('',(16.,8.5,126.));
#13880 = VECTOR('',#13881,1.);
#13881 = DIRECTION('',(0.,1.,0.));
#13882 = ORIENTED_EDGE('',*,*,#12571,.F.);
#13883 = ORIENTED_EDGE('',*,*,#13222,.F.);
#13884 = PLANE('',#13885);
#13885 = AXIS2_PLACEMENT_3D('',#13886,#13887,#13888);
#13886 = CARTESIAN_POINT('',(16.,17.,119.));
#13887 = DIRECTION('',(1.,0.,0.));
#13888 = DIRECTION('',(0.,0.,1.));
#13889 = ADVANCED_FACE('',(#13890),#13923,.T.);
#13890 = FACE_BOUND('',#13891,.T.);
#13891 = EDGE_LOOP('',(#13892,#13893,#13901,#13909,#13917));
#13892 = ORIENTED_EDGE('',*,*,#12595,.F.);
#13893 = ORIENTED_EDGE('',*,*,#13894,.T.);
#13894 = EDGE_CURVE('',#12588,#13895,#13897,.T.);
#13895 = VERTEX_POINT('',#13896);
#13896 = CARTESIAN_POINT('',(11.,99.,128.));
#13897 = LINE('',#13898,#13899);
#13898 = CARTESIAN_POINT('',(11.,99.,126.));
#13899 = VECTOR('',#13900,1.);
#13900 = DIRECTION('',(0.,0.,1.));
#13901 = ORIENTED_EDGE('',*,*,#13902,.T.);
#13902 = EDGE_CURVE('',#13895,#13903,#13905,.T.);
#13903 = VERTEX_POINT('',#13904);
#13904 = CARTESIAN_POINT('',(17.,99.,128.));
#13905 = LINE('',#13906,#13907);
#13906 = CARTESIAN_POINT('',(11.,99.,128.));
#13907 = VECTOR('',#13908,1.);
#13908 = DIRECTION('',(1.,0.,0.));
#13909 = ORIENTED_EDGE('',*,*,#13910,.F.);
#13910 = EDGE_CURVE('',#13911,#13903,#13913,.T.);
#13911 = VERTEX_POINT('',#13912);
#13912 = CARTESIAN_POINT('',(17.,99.,126.));
#13913 = LINE('',#13914,#13915);
#13914 = CARTESIAN_POINT('',(17.,99.,126.));
#13915 = VECTOR('',#13916,1.);
#13916 = DIRECTION('',(0.,0.,1.));
#13917 = ORIENTED_EDGE('',*,*,#13918,.F.);
#13918 = EDGE_CURVE('',#12596,#13911,#13919,.T.);
#13919 = LINE('',#13920,#13921);
#13920 = CARTESIAN_POINT('',(11.,99.,126.));
#13921 = VECTOR('',#13922,1.);
#13922 = DIRECTION('',(1.,0.,0.));
#13923 = PLANE('',#13924);
#13924 = AXIS2_PLACEMENT_3D('',#13925,#13926,#13927);
#13925 = CARTESIAN_POINT('',(11.,99.,126.));
#13926 = DIRECTION('',(0.,1.,0.));
#13927 = DIRECTION('',(0.,0.,1.));
#13928 = ADVANCED_FACE('',(#13929),#13947,.F.);
#13929 = FACE_BOUND('',#13930,.F.);
#13930 = EDGE_LOOP('',(#13931,#13939,#13940,#13941));
#13931 = ORIENTED_EDGE('',*,*,#13932,.F.);
#13932 = EDGE_CURVE('',#12580,#13933,#13935,.T.);
#13933 = VERTEX_POINT('',#13934);
#13934 = CARTESIAN_POINT('',(11.,93.,128.));
#13935 = LINE('',#13936,#13937);
#13936 = CARTESIAN_POINT('',(11.,93.,126.));
#13937 = VECTOR('',#13938,1.);
#13938 = DIRECTION('',(0.,0.,1.));
#13939 = ORIENTED_EDGE('',*,*,#12587,.T.);
#13940 = ORIENTED_EDGE('',*,*,#13894,.T.);
#13941 = ORIENTED_EDGE('',*,*,#13942,.F.);
#13942 = EDGE_CURVE('',#13933,#13895,#13943,.T.);
#13943 = LINE('',#13944,#13945);
#13944 = CARTESIAN_POINT('',(11.,93.,128.));
#13945 = VECTOR('',#13946,1.);
#13946 = DIRECTION('',(0.,1.,0.));
#13947 = PLANE('',#13948);
#13948 = AXIS2_PLACEMENT_3D('',#13949,#13950,#13951);
#13949 = CARTESIAN_POINT('',(11.,93.,126.));
#13950 = DIRECTION('',(1.,0.,0.));
#13951 = DIRECTION('',(0.,0.,1.));
#13952 = ADVANCED_FACE('',(#13953),#13979,.F.);
#13953 = FACE_BOUND('',#13954,.F.);
#13954 = EDGE_LOOP('',(#13955,#13956,#13957,#13965,#13973));
#13955 = ORIENTED_EDGE('',*,*,#12579,.F.);
#13956 = ORIENTED_EDGE('',*,*,#13932,.T.);
#13957 = ORIENTED_EDGE('',*,*,#13958,.T.);
#13958 = EDGE_CURVE('',#13933,#13959,#13961,.T.);
#13959 = VERTEX_POINT('',#13960);
#13960 = CARTESIAN_POINT('',(17.,93.,128.));
#13961 = LINE('',#13962,#13963);
#13962 = CARTESIAN_POINT('',(11.,93.,128.));
#13963 = VECTOR('',#13964,1.);
#13964 = DIRECTION('',(1.,0.,0.));
#13965 = ORIENTED_EDGE('',*,*,#13966,.F.);
#13966 = EDGE_CURVE('',#13967,#13959,#13969,.T.);
#13967 = VERTEX_POINT('',#13968);
#13968 = CARTESIAN_POINT('',(17.,93.,126.));
#13969 = LINE('',#13970,#13971);
#13970 = CARTESIAN_POINT('',(17.,93.,126.));
#13971 = VECTOR('',#13972,1.);
#13972 = DIRECTION('',(0.,0.,1.));
#13973 = ORIENTED_EDGE('',*,*,#13974,.F.);
#13974 = EDGE_CURVE('',#12572,#13967,#13975,.T.);
#13975 = LINE('',#13976,#13977);
#13976 = CARTESIAN_POINT('',(11.,93.,126.));
#13977 = VECTOR('',#13978,1.);
#13978 = DIRECTION('',(1.,0.,0.));
#13979 = PLANE('',#13980);
#13980 = AXIS2_PLACEMENT_3D('',#13981,#13982,#13983);
#13981 = CARTESIAN_POINT('',(11.,93.,126.));
#13982 = DIRECTION('',(0.,1.,0.));
#13983 = DIRECTION('',(0.,0.,1.));
#13984 = ADVANCED_FACE('',(#13985),#13996,.F.);
#13985 = FACE_BOUND('',#13986,.F.);
#13986 = EDGE_LOOP('',(#13987,#13993,#13994,#13995));
#13987 = ORIENTED_EDGE('',*,*,#13988,.F.);
#13988 = EDGE_CURVE('',#13070,#13168,#13989,.T.);
#13989 = LINE('',#13990,#13991);
#13990 = CARTESIAN_POINT('',(12.,0.,128.));
#13991 = VECTOR('',#13992,1.);
#13992 = DIRECTION('',(0.,1.,0.));
#13993 = ORIENTED_EDGE('',*,*,#13069,.T.);
#13994 = ORIENTED_EDGE('',*,*,#12555,.T.);
#13995 = ORIENTED_EDGE('',*,*,#13167,.T.);
#13996 = PLANE('',#13997);
#13997 = AXIS2_PLACEMENT_3D('',#13998,#13999,#14000);
#13998 = CARTESIAN_POINT('',(12.,0.,126.));
#13999 = DIRECTION('',(1.,0.,0.));
#14000 = DIRECTION('',(0.,0.,1.));
#14001 = ADVANCED_FACE('',(#14002),#14021,.T.);
#14002 = FACE_BOUND('',#14003,.T.);
#14003 = EDGE_LOOP('',(#14004,#14012,#14013,#14014));
#14004 = ORIENTED_EDGE('',*,*,#14005,.F.);
#14005 = EDGE_CURVE('',#12727,#14006,#14008,.T.);
#14006 = VERTEX_POINT('',#14007);
#14007 = CARTESIAN_POINT('',(136.8,8.,185.5));
#14008 = LINE('',#14009,#14010);
#14009 = CARTESIAN_POINT('',(137.4,8.,184.9));
#14010 = VECTOR('',#14011,1.);
#14011 = DIRECTION('',(-0.707106781187,0.,0.707106781187));
#14012 = ORIENTED_EDGE('',*,*,#12734,.T.);
#14013 = ORIENTED_EDGE('',*,*,#14005,.T.);
#14014 = ORIENTED_EDGE('',*,*,#14015,.F.);
#14015 = EDGE_CURVE('',#14006,#14006,#14016,.T.);
#14016 = CIRCLE('',#14017,2.8);
#14017 = AXIS2_PLACEMENT_3D('',#14018,#14019,#14020);
#14018 = CARTESIAN_POINT('',(134.,8.,185.5));
#14019 = DIRECTION('',(0.,0.,1.));
#14020 = DIRECTION('',(1.,0.,0.));
#14021 = CONICAL_SURFACE('',#14022,3.4,0.785398163397);
#14022 = AXIS2_PLACEMENT_3D('',#14023,#14024,#14025);
#14023 = CARTESIAN_POINT('',(134.,8.,184.9));
#14024 = DIRECTION('',(-0.,-0.,-1.));
#14025 = DIRECTION('',(1.,0.,0.));
#14026 = ADVANCED_FACE('',(#14027),#14040,.T.);
#14027 = FACE_BOUND('',#14028,.T.);
#14028 = EDGE_LOOP('',(#14029,#14030,#14036,#14037,#14038,#14039));
#14029 = ORIENTED_EDGE('',*,*,#13703,.F.);
#14030 = ORIENTED_EDGE('',*,*,#14031,.T.);
#14031 = EDGE_CURVE('',#13704,#13862,#14032,.T.);
#14032 = LINE('',#14033,#14034);
#14033 = CARTESIAN_POINT('',(8.,17.,120.));
#14034 = VECTOR('',#14035,1.);
#14035 = DIRECTION('',(-1.,0.,0.));
#14036 = ORIENTED_EDGE('',*,*,#13861,.T.);
#14037 = ORIENTED_EDGE('',*,*,#13230,.F.);
#14038 = ORIENTED_EDGE('',*,*,#12812,.F.);
#14039 = ORIENTED_EDGE('',*,*,#12827,.F.);
#14040 = PLANE('',#14041);
#14041 = AXIS2_PLACEMENT_3D('',#14042,#14043,#14044);
#14042 = CARTESIAN_POINT('',(16.,17.,119.));
#14043 = DIRECTION('',(0.,1.,0.));
#14044 = DIRECTION('',(0.,0.,1.));
#14045 = ADVANCED_FACE('',(#14046),#14065,.T.);
#14046 = FACE_BOUND('',#14047,.T.);
#14047 = EDGE_LOOP('',(#14048,#14056,#14063,#14064));
#14048 = ORIENTED_EDGE('',*,*,#14049,.F.);
#14049 = EDGE_CURVE('',#14050,#12883,#14052,.T.);
#14050 = VERTEX_POINT('',#14051);
#14051 = CARTESIAN_POINT('',(-2.22044604925E-16,10.,121.));
#14052 = LINE('',#14053,#14054);
#14053 = CARTESIAN_POINT('',(-1.7763568394E-15,10.,120.));
#14054 = VECTOR('',#14055,1.);
#14055 = DIRECTION('',(0.,0.,1.));
#14056 = ORIENTED_EDGE('',*,*,#14057,.F.);
#14057 = EDGE_CURVE('',#12851,#14050,#14058,.T.);
#14058 = CIRCLE('',#14059,10.);
#14059 = AXIS2_PLACEMENT_3D('',#14060,#14061,#14062);
#14060 = CARTESIAN_POINT('',(10.,10.,121.));
#14061 = DIRECTION('',(-0.,0.,-1.));
#14062 = DIRECTION('',(-1.7763568394E-16,-1.,0.));
#14063 = ORIENTED_EDGE('',*,*,#12850,.T.);
#14064 = ORIENTED_EDGE('',*,*,#12882,.T.);
#14065 = CYLINDRICAL_SURFACE('',#14066,10.);
#14066 = AXIS2_PLACEMENT_3D('',#14067,#14068,#14069);
#14067 = CARTESIAN_POINT('',(10.,10.,120.));
#14068 = DIRECTION('',(0.,0.,1.));
#14069 = DIRECTION('',(-1.,0.,0.));
#14070 = ADVANCED_FACE('',(#14071),#14098,.T.);
#14071 = FACE_BOUND('',#14072,.F.);
#14072 = EDGE_LOOP('',(#14073,#14082,#14090,#14097));
#14073 = ORIENTED_EDGE('',*,*,#14074,.T.);
#14074 = EDGE_CURVE('',#12860,#14075,#14077,.T.);
#14075 = VERTEX_POINT('',#14076);
#14076 = CARTESIAN_POINT('',(132.,1.,120.));
#14077 = CIRCLE('',#14078,1.);
#14078 = AXIS2_PLACEMENT_3D('',#14079,#14080,#14081);
#14079 = CARTESIAN_POINT('',(132.,1.,121.));
#14080 = DIRECTION('',(1.,6.123233995737E-17,0.));
#14081 = DIRECTION('',(6.123233995737E-17,-1.,0.));
#14082 = ORIENTED_EDGE('',*,*,#14083,.T.);
#14083 = EDGE_CURVE('',#14075,#14084,#14086,.T.);
#14084 = VERTEX_POINT('',#14085);
#14085 = CARTESIAN_POINT('',(10.,1.,120.));
#14086 = LINE('',#14087,#14088);
#14087 = CARTESIAN_POINT('',(132.,1.,120.));
#14088 = VECTOR('',#14089,1.);
#14089 = DIRECTION('',(-1.,-0.,-0.));
#14090 = ORIENTED_EDGE('',*,*,#14091,.F.);
#14091 = EDGE_CURVE('',#12851,#14084,#14092,.T.);
#14092 = CIRCLE('',#14093,1.);
#14093 = AXIS2_PLACEMENT_3D('',#14094,#14095,#14096);
#14094 = CARTESIAN_POINT('',(10.,1.,121.));
#14095 = DIRECTION('',(1.,0.,0.));
#14096 = DIRECTION('',(0.,-1.,0.));
#14097 = ORIENTED_EDGE('',*,*,#12867,.F.);
#14098 = CYLINDRICAL_SURFACE('',#14099,1.);
#14099 = AXIS2_PLACEMENT_3D('',#14100,#14101,#14102);
#14100 = CARTESIAN_POINT('',(132.,1.,121.));
#14101 = DIRECTION('',(-1.,-0.,-0.));
#14102 = DIRECTION('',(0.,-1.,0.));
#14103 = ADVANCED_FACE('',(#14104),#14124,.T.);
#14104 = FACE_BOUND('',#14105,.T.);
#14105 = EDGE_LOOP('',(#14106,#14115,#14116,#14117));
#14106 = ORIENTED_EDGE('',*,*,#14107,.F.);
#14107 = EDGE_CURVE('',#12908,#14108,#14110,.T.);
#14108 = VERTEX_POINT('',#14109);
#14109 = CARTESIAN_POINT('',(141.,10.,120.));
#14110 = CIRCLE('',#14111,1.);
#14111 = AXIS2_PLACEMENT_3D('',#14112,#14113,#14114);
#14112 = CARTESIAN_POINT('',(141.,10.,121.));
#14113 = DIRECTION('',(-0.,1.,0.));
#14114 = DIRECTION('',(1.,0.,0.));
#14115 = ORIENTED_EDGE('',*,*,#12915,.T.);
#14116 = ORIENTED_EDGE('',*,*,#14074,.T.);
#14117 = ORIENTED_EDGE('',*,*,#14118,.F.);
#14118 = EDGE_CURVE('',#14108,#14075,#14119,.T.);
#14119 = CIRCLE('',#14120,9.);
#14120 = AXIS2_PLACEMENT_3D('',#14121,#14122,#14123);
#14121 = CARTESIAN_POINT('',(132.,10.,120.));
#14122 = DIRECTION('',(0.,0.,-1.));
#14123 = DIRECTION('',(1.,0.,0.));
#14124 = TOROIDAL_SURFACE('',#14125,9.,1.);
#14125 = AXIS2_PLACEMENT_3D('',#14126,#14127,#14128);
#14126 = CARTESIAN_POINT('',(132.,10.,121.));
#14127 = DIRECTION('',(-0.,-0.,-1.));
#14128 = DIRECTION('',(1.,0.,0.));
#14129 = ADVANCED_FACE('',(#14130),#14149,.T.);
#14130 = FACE_BOUND('',#14131,.T.);
#14131 = EDGE_LOOP('',(#14132,#14133,#14142,#14148));
#14132 = ORIENTED_EDGE('',*,*,#12975,.F.);
#14133 = ORIENTED_EDGE('',*,*,#14134,.F.);
#14134 = EDGE_CURVE('',#14135,#12968,#14137,.T.);
#14135 = VERTEX_POINT('',#14136);
#14136 = CARTESIAN_POINT('',(132.,132.,121.));
#14137 = CIRCLE('',#14138,10.);
#14138 = AXIS2_PLACEMENT_3D('',#14139,#14140,#14141);
#14139 = CARTESIAN_POINT('',(132.,122.,121.));
#14140 = DIRECTION('',(0.,0.,-1.));
#14141 = DIRECTION('',(0.,1.,0.));
#14142 = ORIENTED_EDGE('',*,*,#14143,.T.);
#14143 = EDGE_CURVE('',#14135,#12933,#14144,.T.);
#14144 = LINE('',#14145,#14146);
#14145 = CARTESIAN_POINT('',(132.,132.,120.));
#14146 = VECTOR('',#14147,1.);
#14147 = DIRECTION('',(0.,0.,1.));
#14148 = ORIENTED_EDGE('',*,*,#12943,.T.);
#14149 = CYLINDRICAL_SURFACE('',#14150,10.);
#14150 = AXIS2_PLACEMENT_3D('',#14151,#14152,#14153);
#14151 = CARTESIAN_POINT('',(132.,122.,120.));
#14152 = DIRECTION('',(0.,0.,1.));
#14153 = DIRECTION('',(1.,0.,0.));
#14154 = ADVANCED_FACE('',(#14155),#14174,.T.);
#14155 = FACE_BOUND('',#14156,.F.);
#14156 = EDGE_LOOP('',(#14157,#14166,#14172,#14173));
#14157 = ORIENTED_EDGE('',*,*,#14158,.T.);
#14158 = EDGE_CURVE('',#12968,#14159,#14161,.T.);
#14159 = VERTEX_POINT('',#14160);
#14160 = CARTESIAN_POINT('',(141.,122.,120.));
#14161 = CIRCLE('',#14162,1.);
#14162 = AXIS2_PLACEMENT_3D('',#14163,#14164,#14165);
#14163 = CARTESIAN_POINT('',(141.,122.,121.));
#14164 = DIRECTION('',(-6.123233995737E-17,1.,0.));
#14165 = DIRECTION('',(1.,6.123233995737E-17,0.));
#14166 = ORIENTED_EDGE('',*,*,#14167,.T.);
#14167 = EDGE_CURVE('',#14159,#14108,#14168,.T.);
#14168 = LINE('',#14169,#14170);
#14169 = CARTESIAN_POINT('',(141.,122.,120.));
#14170 = VECTOR('',#14171,1.);
#14171 = DIRECTION('',(-0.,-1.,-0.));
#14172 = ORIENTED_EDGE('',*,*,#14107,.F.);
#14173 = ORIENTED_EDGE('',*,*,#12967,.F.);
#14174 = CYLINDRICAL_SURFACE('',#14175,1.);
#14175 = AXIS2_PLACEMENT_3D('',#14176,#14177,#14178);
#14176 = CARTESIAN_POINT('',(141.,122.,121.));
#14177 = DIRECTION('',(-0.,-1.,-0.));
#14178 = DIRECTION('',(1.,0.,0.));
#14179 = ADVANCED_FACE('',(#14180),#14206,.T.);
#14180 = FACE_BOUND('',#14181,.T.);
#14181 = EDGE_LOOP('',(#14182,#14190,#14191,#14199));
#14182 = ORIENTED_EDGE('',*,*,#14183,.F.);
#14183 = EDGE_CURVE('',#12991,#14184,#14186,.T.);
#14184 = VERTEX_POINT('',#14185);
#14185 = CARTESIAN_POINT('',(142.,122.,179.));
#14186 = LINE('',#14187,#14188);
#14187 = CARTESIAN_POINT('',(142.,122.,126.));
#14188 = VECTOR('',#14189,1.);
#14189 = DIRECTION('',(0.,0.,1.));
#14190 = ORIENTED_EDGE('',*,*,#12990,.T.);
#14191 = ORIENTED_EDGE('',*,*,#14192,.T.);
#14192 = EDGE_CURVE('',#12993,#14193,#14195,.T.);
#14193 = VERTEX_POINT('',#14194);
#14194 = CARTESIAN_POINT('',(132.,132.,179.));
#14195 = LINE('',#14196,#14197);
#14196 = CARTESIAN_POINT('',(132.,132.,126.));
#14197 = VECTOR('',#14198,1.);
#14198 = DIRECTION('',(0.,0.,1.));
#14199 = ORIENTED_EDGE('',*,*,#14200,.F.);
#14200 = EDGE_CURVE('',#14184,#14193,#14201,.T.);
#14201 = CIRCLE('',#14202,10.);
#14202 = AXIS2_PLACEMENT_3D('',#14203,#14204,#14205);
#14203 = CARTESIAN_POINT('',(132.,122.,179.));
#14204 = DIRECTION('',(0.,0.,1.));
#14205 = DIRECTION('',(1.,0.,0.));
#14206 = CYLINDRICAL_SURFACE('',#14207,10.);
#14207 = AXIS2_PLACEMENT_3D('',#14208,#14209,#14210);
#14208 = CARTESIAN_POINT('',(132.,122.,126.));
#14209 = DIRECTION('',(0.,0.,1.));
#14210 = DIRECTION('',(1.,0.,0.));
#14211 = ADVANCED_FACE('',(#14212),#14223,.T.);
#14212 = FACE_BOUND('',#14213,.T.);
#14213 = EDGE_LOOP('',(#14214,#14215,#14221,#14222));
#14214 = ORIENTED_EDGE('',*,*,#14183,.T.);
#14215 = ORIENTED_EDGE('',*,*,#14216,.F.);
#14216 = EDGE_CURVE('',#13679,#14184,#14217,.T.);
#14217 = LINE('',#14218,#14219);
#14218 = CARTESIAN_POINT('',(142.,116.,179.));
#14219 = VECTOR('',#14220,1.);
#14220 = DIRECTION('',(0.,1.,0.));
#14221 = ORIENTED_EDGE('',*,*,#13678,.F.);
#14222 = ORIENTED_EDGE('',*,*,#13031,.T.);
#14223 = PLANE('',#14224);
#14224 = AXIS2_PLACEMENT_3D('',#14225,#14226,#14227);
#14225 = CARTESIAN_POINT('',(142.,116.,126.));
#14226 = DIRECTION('',(1.,0.,0.));
#14227 = DIRECTION('',(0.,0.,1.));
#14228 = ADVANCED_FACE('',(#14229),#14240,.T.);
#14229 = FACE_BOUND('',#14230,.T.);
#14230 = EDGE_LOOP('',(#14231,#14232,#14233,#14234));
#14231 = ORIENTED_EDGE('',*,*,#14192,.F.);
#14232 = ORIENTED_EDGE('',*,*,#13001,.F.);
#14233 = ORIENTED_EDGE('',*,*,#13656,.T.);
#14234 = ORIENTED_EDGE('',*,*,#14235,.F.);
#14235 = EDGE_CURVE('',#14193,#13657,#14236,.T.);
#14236 = LINE('',#14237,#14238);
#14237 = CARTESIAN_POINT('',(132.,132.,179.));
#14238 = VECTOR('',#14239,1.);
#14239 = DIRECTION('',(-1.,-0.,-0.));
#14240 = PLANE('',#14241);
#14241 = AXIS2_PLACEMENT_3D('',#14242,#14243,#14244);
#14242 = CARTESIAN_POINT('',(126.,132.,126.));
#14243 = DIRECTION('',(0.,1.,0.));
#14244 = DIRECTION('',(0.,0.,1.));
#14245 = ADVANCED_FACE('',(#14246),#14258,.T.);
#14246 = FACE_BOUND('',#14247,.T.);
#14247 = EDGE_LOOP('',(#14248,#14249,#14250,#14257));
#14248 = ORIENTED_EDGE('',*,*,#13525,.T.);
#14249 = ORIENTED_EDGE('',*,*,#13489,.T.);
#14250 = ORIENTED_EDGE('',*,*,#14251,.F.);
#14251 = EDGE_CURVE('',#13048,#13482,#14252,.T.);
#14252 = ELLIPSE('',#14253,1.414213562373,1.);
#14253 = AXIS2_PLACEMENT_3D('',#14254,#14255,#14256);
#14254 = CARTESIAN_POINT('',(1.,15.,179.));
#14255 = DIRECTION('',(0.707106781187,0.707106781187,-0.));
#14256 = DIRECTION('',(-0.707106781187,0.707106781187,0.));
#14257 = ORIENTED_EDGE('',*,*,#13055,.F.);
#14258 = CYLINDRICAL_SURFACE('',#14259,1.);
#14259 = AXIS2_PLACEMENT_3D('',#14260,#14261,#14262);
#14260 = CARTESIAN_POINT('',(1.,10.,179.));
#14261 = DIRECTION('',(0.,1.,0.));
#14262 = DIRECTION('',(-1.,0.,0.));
#14263 = ADVANCED_FACE('',(#14264),#14270,.T.);
#14264 = FACE_BOUND('',#14265,.T.);
#14265 = EDGE_LOOP('',(#14266,#14267,#14268,#14269));
#14266 = ORIENTED_EDGE('',*,*,#13988,.F.);
#14267 = ORIENTED_EDGE('',*,*,#13096,.T.);
#14268 = ORIENTED_EDGE('',*,*,#13428,.T.);
#14269 = ORIENTED_EDGE('',*,*,#13175,.F.);
#14270 = PLANE('',#14271);
#14271 = AXIS2_PLACEMENT_3D('',#14272,#14273,#14274);
#14272 = CARTESIAN_POINT('',(12.,0.,128.));
#14273 = DIRECTION('',(0.,0.,1.));
#14274 = DIRECTION('',(1.,0.,0.));
#14275 = ADVANCED_FACE('',(#14276),#14282,.T.);
#14276 = FACE_BOUND('',#14277,.F.);
#14277 = EDGE_LOOP('',(#14278,#14279,#14280,#14281));
#14278 = ORIENTED_EDGE('',*,*,#14251,.F.);
#14279 = ORIENTED_EDGE('',*,*,#13080,.T.);
#14280 = ORIENTED_EDGE('',*,*,#13456,.F.);
#14281 = ORIENTED_EDGE('',*,*,#13481,.F.);
#14282 = CYLINDRICAL_SURFACE('',#14283,1.);
#14283 = AXIS2_PLACEMENT_3D('',#14284,#14285,#14286);
#14284 = CARTESIAN_POINT('',(0.,15.,179.));
#14285 = DIRECTION('',(1.,0.,0.));
#14286 = DIRECTION('',(0.,0.,1.));
#14287 = ADVANCED_FACE('',(#14288),#14306,.F.);
#14288 = FACE_BOUND('',#14289,.F.);
#14289 = EDGE_LOOP('',(#14290,#14291,#14299,#14305));
#14290 = ORIENTED_EDGE('',*,*,#14049,.F.);
#14291 = ORIENTED_EDGE('',*,*,#14292,.T.);
#14292 = EDGE_CURVE('',#14050,#14293,#14295,.T.);
#14293 = VERTEX_POINT('',#14294);
#14294 = CARTESIAN_POINT('',(-2.22044604925E-16,122.,121.));
#14295 = LINE('',#14296,#14297);
#14296 = CARTESIAN_POINT('',(-2.22044604925E-16,10.,121.));
#14297 = VECTOR('',#14298,1.);
#14298 = DIRECTION('',(0.,1.,0.));
#14299 = ORIENTED_EDGE('',*,*,#14300,.T.);
#14300 = EDGE_CURVE('',#14293,#13122,#14301,.T.);
#14301 = LINE('',#14302,#14303);
#14302 = CARTESIAN_POINT('',(-1.7763568394E-15,122.,120.));
#14303 = VECTOR('',#14304,1.);
#14304 = DIRECTION('',(0.,0.,1.));
#14305 = ORIENTED_EDGE('',*,*,#13130,.F.);
#14306 = PLANE('',#14307);
#14307 = AXIS2_PLACEMENT_3D('',#14308,#14309,#14310);
#14308 = CARTESIAN_POINT('',(0.,0.,120.));
#14309 = DIRECTION('',(1.,0.,0.));
#14310 = DIRECTION('',(0.,0.,1.));
#14311 = ADVANCED_FACE('',(#14312),#14348,.F.);
#14312 = FACE_BOUND('',#14313,.F.);
#14313 = EDGE_LOOP('',(#14314,#14325,#14331,#14332,#14333,#14340,#14341,
    #14342));
#14314 = ORIENTED_EDGE('',*,*,#14315,.F.);
#14315 = EDGE_CURVE('',#14316,#14318,#14320,.T.);
#14316 = VERTEX_POINT('',#14317);
#14317 = CARTESIAN_POINT('',(-1.7763568394E-15,122.,126.));
#14318 = VERTEX_POINT('',#14319);
#14319 = CARTESIAN_POINT('',(10.,132.,126.));
#14320 = CIRCLE('',#14321,10.);
#14321 = AXIS2_PLACEMENT_3D('',#14322,#14323,#14324);
#14322 = CARTESIAN_POINT('',(10.,122.,126.));
#14323 = DIRECTION('',(-0.,-0.,-1.));
#14324 = DIRECTION('',(0.,-1.,0.));
#14325 = ORIENTED_EDGE('',*,*,#14326,.F.);
#14326 = EDGE_CURVE('',#13551,#14316,#14327,.T.);
#14327 = LINE('',#14328,#14329);
#14328 = CARTESIAN_POINT('',(0.,116.,126.));
#14329 = VECTOR('',#14330,1.);
#14330 = DIRECTION('',(0.,1.,0.));
#14331 = ORIENTED_EDGE('',*,*,#13550,.T.);
#14332 = ORIENTED_EDGE('',*,*,#13113,.T.);
#14333 = ORIENTED_EDGE('',*,*,#14334,.T.);
#14334 = EDGE_CURVE('',#13114,#13615,#14335,.T.);
#14335 = CIRCLE('',#14336,9.);
#14336 = AXIS2_PLACEMENT_3D('',#14337,#14338,#14339);
#14337 = CARTESIAN_POINT('',(10.,122.,126.));
#14338 = DIRECTION('',(0.,0.,-1.));
#14339 = DIRECTION('',(-1.,0.,0.));
#14340 = ORIENTED_EDGE('',*,*,#13623,.T.);
#14341 = ORIENTED_EDGE('',*,*,#13582,.T.);
#14342 = ORIENTED_EDGE('',*,*,#14343,.F.);
#14343 = EDGE_CURVE('',#14318,#13583,#14344,.T.);
#14344 = LINE('',#14345,#14346);
#14345 = CARTESIAN_POINT('',(0.,132.,126.));
#14346 = VECTOR('',#14347,1.);
#14347 = DIRECTION('',(1.,0.,0.));
#14348 = PLANE('',#14349);
#14349 = AXIS2_PLACEMENT_3D('',#14350,#14351,#14352);
#14350 = CARTESIAN_POINT('',(0.,116.,126.));
#14351 = DIRECTION('',(0.,0.,1.));
#14352 = DIRECTION('',(1.,0.,0.));
#14353 = ADVANCED_FACE('',(#14354),#14366,.T.);
#14354 = FACE_BOUND('',#14355,.F.);
#14355 = EDGE_LOOP('',(#14356,#14357,#14364,#14365));
#14356 = ORIENTED_EDGE('',*,*,#13121,.F.);
#14357 = ORIENTED_EDGE('',*,*,#14358,.T.);
#14358 = EDGE_CURVE('',#13122,#13613,#14359,.T.);
#14359 = CIRCLE('',#14360,10.);
#14360 = AXIS2_PLACEMENT_3D('',#14361,#14362,#14363);
#14361 = CARTESIAN_POINT('',(10.,122.,125.));
#14362 = DIRECTION('',(0.,0.,-1.));
#14363 = DIRECTION('',(-1.,0.,0.));
#14364 = ORIENTED_EDGE('',*,*,#13612,.T.);
#14365 = ORIENTED_EDGE('',*,*,#14334,.F.);
#14366 = TOROIDAL_SURFACE('',#14367,9.,1.);
#14367 = AXIS2_PLACEMENT_3D('',#14368,#14369,#14370);
#14368 = CARTESIAN_POINT('',(10.,122.,125.));
#14369 = DIRECTION('',(0.,0.,1.));
#14370 = DIRECTION('',(-1.,0.,0.));
#14371 = ADVANCED_FACE('',(#14372),#14391,.T.);
#14372 = FACE_BOUND('',#14373,.F.);
#14373 = EDGE_LOOP('',(#14374,#14382,#14389,#14390));
#14374 = ORIENTED_EDGE('',*,*,#14375,.T.);
#14375 = EDGE_CURVE('',#13507,#14376,#14378,.T.);
#14376 = VERTEX_POINT('',#14377);
#14377 = CARTESIAN_POINT('',(11.4,8.,184.9));
#14378 = LINE('',#14379,#14380);
#14379 = CARTESIAN_POINT('',(11.4,8.,180.));
#14380 = VECTOR('',#14381,1.);
#14381 = DIRECTION('',(0.,0.,1.));
#14382 = ORIENTED_EDGE('',*,*,#14383,.T.);
#14383 = EDGE_CURVE('',#14376,#14376,#14384,.T.);
#14384 = CIRCLE('',#14385,3.4);
#14385 = AXIS2_PLACEMENT_3D('',#14386,#14387,#14388);
#14386 = CARTESIAN_POINT('',(8.,8.,184.9));
#14387 = DIRECTION('',(0.,0.,1.));
#14388 = DIRECTION('',(1.,0.,0.));
#14389 = ORIENTED_EDGE('',*,*,#14375,.F.);
#14390 = ORIENTED_EDGE('',*,*,#13506,.F.);
#14391 = CYLINDRICAL_SURFACE('',#14392,3.4);
#14392 = AXIS2_PLACEMENT_3D('',#14393,#14394,#14395);
#14393 = CARTESIAN_POINT('',(8.,8.,180.));
#14394 = DIRECTION('',(-0.,-0.,-1.));
#14395 = DIRECTION('',(1.,0.,0.));
#14396 = ADVANCED_FACE('',(#14397),#14424,.T.);
#14397 = FACE_BOUND('',#14398,.T.);
#14398 = EDGE_LOOP('',(#14399,#14408,#14409,#14418));
#14399 = ORIENTED_EDGE('',*,*,#14400,.F.);
#14400 = EDGE_CURVE('',#13559,#14401,#14403,.T.);
#14401 = VERTEX_POINT('',#14402);
#14402 = CARTESIAN_POINT('',(1.,117.,180.));
#14403 = ELLIPSE('',#14404,1.414213562373,1.);
#14404 = AXIS2_PLACEMENT_3D('',#14405,#14406,#14407);
#14405 = CARTESIAN_POINT('',(1.,117.,179.));
#14406 = DIRECTION('',(-0.707106781187,0.707106781187,0.));
#14407 = DIRECTION('',(0.707106781187,0.707106781187,0.));
#14408 = ORIENTED_EDGE('',*,*,#13566,.T.);
#14409 = ORIENTED_EDGE('',*,*,#14410,.F.);
#14410 = EDGE_CURVE('',#14411,#13542,#14413,.T.);
#14411 = VERTEX_POINT('',#14412);
#14412 = CARTESIAN_POINT('',(15.,117.,180.));
#14413 = ELLIPSE('',#14414,1.414213562373,1.);
#14414 = AXIS2_PLACEMENT_3D('',#14415,#14416,#14417);
#14415 = CARTESIAN_POINT('',(15.,117.,179.));
#14416 = DIRECTION('',(0.707106781187,0.707106781187,0.));
#14417 = DIRECTION('',(0.707106781187,-0.707106781187,0.));
#14418 = ORIENTED_EDGE('',*,*,#14419,.F.);
#14419 = EDGE_CURVE('',#14401,#14411,#14420,.T.);
#14420 = LINE('',#14421,#14422);
#14421 = CARTESIAN_POINT('',(0.,117.,180.));
#14422 = VECTOR('',#14423,1.);
#14423 = DIRECTION('',(1.,0.,0.));
#14424 = CYLINDRICAL_SURFACE('',#14425,1.);
#14425 = AXIS2_PLACEMENT_3D('',#14426,#14427,#14428);
#14426 = CARTESIAN_POINT('',(0.,117.,179.));
#14427 = DIRECTION('',(1.,0.,0.));
#14428 = DIRECTION('',(0.,0.,1.));
#14429 = ADVANCED_FACE('',(#14430),#14448,.F.);
#14430 = FACE_BOUND('',#14431,.F.);
#14431 = EDGE_LOOP('',(#14432,#14440,#14446,#14447));
#14432 = ORIENTED_EDGE('',*,*,#14433,.T.);
#14433 = EDGE_CURVE('',#14316,#14434,#14436,.T.);
#14434 = VERTEX_POINT('',#14435);
#14435 = CARTESIAN_POINT('',(-2.22044604925E-16,122.,179.));
#14436 = LINE('',#14437,#14438);
#14437 = CARTESIAN_POINT('',(-1.7763568394E-15,122.,126.));
#14438 = VECTOR('',#14439,1.);
#14439 = DIRECTION('',(0.,0.,1.));
#14440 = ORIENTED_EDGE('',*,*,#14441,.F.);
#14441 = EDGE_CURVE('',#13559,#14434,#14442,.T.);
#14442 = LINE('',#14443,#14444);
#14443 = CARTESIAN_POINT('',(-2.22044604925E-16,116.,179.));
#14444 = VECTOR('',#14445,1.);
#14445 = DIRECTION('',(0.,1.,0.));
#14446 = ORIENTED_EDGE('',*,*,#13558,.F.);
#14447 = ORIENTED_EDGE('',*,*,#14326,.T.);
#14448 = PLANE('',#14449);
#14449 = AXIS2_PLACEMENT_3D('',#14450,#14451,#14452);
#14450 = CARTESIAN_POINT('',(0.,116.,126.));
#14451 = DIRECTION('',(1.,0.,0.));
#14452 = DIRECTION('',(0.,0.,1.));
#14453 = ADVANCED_FACE('',(#14454),#14473,.T.);
#14454 = FACE_BOUND('',#14455,.T.);
#14455 = EDGE_LOOP('',(#14456,#14457,#14458,#14467));
#14456 = ORIENTED_EDGE('',*,*,#14410,.T.);
#14457 = ORIENTED_EDGE('',*,*,#13598,.T.);
#14458 = ORIENTED_EDGE('',*,*,#14459,.T.);
#14459 = EDGE_CURVE('',#13591,#14460,#14462,.T.);
#14460 = VERTEX_POINT('',#14461);
#14461 = CARTESIAN_POINT('',(15.,131.,180.));
#14462 = ELLIPSE('',#14463,1.414213562373,1.);
#14463 = AXIS2_PLACEMENT_3D('',#14464,#14465,#14466);
#14464 = CARTESIAN_POINT('',(15.,131.,179.));
#14465 = DIRECTION('',(0.707106781187,-0.707106781187,0.));
#14466 = DIRECTION('',(0.707106781187,0.707106781187,0.));
#14467 = ORIENTED_EDGE('',*,*,#14468,.F.);
#14468 = EDGE_CURVE('',#14411,#14460,#14469,.T.);
#14469 = LINE('',#14470,#14471);
#14470 = CARTESIAN_POINT('',(15.,116.,180.));
#14471 = VECTOR('',#14472,1.);
#14472 = DIRECTION('',(0.,1.,0.));
#14473 = CYLINDRICAL_SURFACE('',#14474,1.);
#14474 = AXIS2_PLACEMENT_3D('',#14475,#14476,#14477);
#14475 = CARTESIAN_POINT('',(15.,116.,179.));
#14476 = DIRECTION('',(0.,1.,0.));
#14477 = DIRECTION('',(0.,0.,1.));
#14478 = ADVANCED_FACE('',(#14479),#14497,.T.);
#14479 = FACE_BOUND('',#14480,.T.);
#14480 = EDGE_LOOP('',(#14481,#14489,#14495,#14496));
#14481 = ORIENTED_EDGE('',*,*,#14482,.T.);
#14482 = EDGE_CURVE('',#14318,#14483,#14485,.T.);
#14483 = VERTEX_POINT('',#14484);
#14484 = CARTESIAN_POINT('',(10.,132.,179.));
#14485 = LINE('',#14486,#14487);
#14486 = CARTESIAN_POINT('',(10.,132.,126.));
#14487 = VECTOR('',#14488,1.);
#14488 = DIRECTION('',(0.,0.,1.));
#14489 = ORIENTED_EDGE('',*,*,#14490,.T.);
#14490 = EDGE_CURVE('',#14483,#13591,#14491,.T.);
#14491 = LINE('',#14492,#14493);
#14492 = CARTESIAN_POINT('',(10.,132.,179.));
#14493 = VECTOR('',#14494,1.);
#14494 = DIRECTION('',(1.,0.,0.));
#14495 = ORIENTED_EDGE('',*,*,#13590,.F.);
#14496 = ORIENTED_EDGE('',*,*,#14343,.F.);
#14497 = PLANE('',#14498);
#14498 = AXIS2_PLACEMENT_3D('',#14499,#14500,#14501);
#14499 = CARTESIAN_POINT('',(0.,132.,126.));
#14500 = DIRECTION('',(0.,1.,0.));
#14501 = DIRECTION('',(0.,0.,1.));
#14502 = ADVANCED_FACE('',(#14503),#14521,.T.);
#14503 = FACE_BOUND('',#14504,.T.);
#14504 = EDGE_LOOP('',(#14505,#14513,#14514,#14515));
#14505 = ORIENTED_EDGE('',*,*,#14506,.T.);
#14506 = EDGE_CURVE('',#14507,#13613,#14509,.T.);
#14507 = VERTEX_POINT('',#14508);
#14508 = CARTESIAN_POINT('',(10.,132.,121.));
#14509 = LINE('',#14510,#14511);
#14510 = CARTESIAN_POINT('',(10.,132.,120.));
#14511 = VECTOR('',#14512,1.);
#14512 = DIRECTION('',(0.,0.,1.));
#14513 = ORIENTED_EDGE('',*,*,#13632,.T.);
#14514 = ORIENTED_EDGE('',*,*,#14143,.F.);
#14515 = ORIENTED_EDGE('',*,*,#14516,.F.);
#14516 = EDGE_CURVE('',#14507,#14135,#14517,.T.);
#14517 = LINE('',#14518,#14519);
#14518 = CARTESIAN_POINT('',(10.,132.,121.));
#14519 = VECTOR('',#14520,1.);
#14520 = DIRECTION('',(1.,0.,0.));
#14521 = PLANE('',#14522);
#14522 = AXIS2_PLACEMENT_3D('',#14523,#14524,#14525);
#14523 = CARTESIAN_POINT('',(0.,132.,120.));
#14524 = DIRECTION('',(0.,1.,0.));
#14525 = DIRECTION('',(0.,0.,1.));
#14526 = ADVANCED_FACE('',(#14527),#14554,.T.);
#14527 = FACE_BOUND('',#14528,.F.);
#14528 = EDGE_LOOP('',(#14529,#14538,#14539,#14548));
#14529 = ORIENTED_EDGE('',*,*,#14530,.T.);
#14530 = EDGE_CURVE('',#14531,#13647,#14533,.T.);
#14531 = VERTEX_POINT('',#14532);
#14532 = CARTESIAN_POINT('',(127.,117.,180.));
#14533 = ELLIPSE('',#14534,1.414213562373,1.);
#14534 = AXIS2_PLACEMENT_3D('',#14535,#14536,#14537);
#14535 = CARTESIAN_POINT('',(127.,117.,179.));
#14536 = DIRECTION('',(0.707106781187,-0.707106781187,0.));
#14537 = DIRECTION('',(0.707106781187,0.707106781187,0.));
#14538 = ORIENTED_EDGE('',*,*,#13664,.T.);
#14539 = ORIENTED_EDGE('',*,*,#14540,.T.);
#14540 = EDGE_CURVE('',#13657,#14541,#14543,.T.);
#14541 = VERTEX_POINT('',#14542);
#14542 = CARTESIAN_POINT('',(127.,131.,180.));
#14543 = ELLIPSE('',#14544,1.414213562373,1.);
#14544 = AXIS2_PLACEMENT_3D('',#14545,#14546,#14547);
#14545 = CARTESIAN_POINT('',(127.,131.,179.));
#14546 = DIRECTION('',(0.707106781187,0.707106781187,-0.));
#14547 = DIRECTION('',(-0.707106781187,0.707106781187,0.));
#14548 = ORIENTED_EDGE('',*,*,#14549,.F.);
#14549 = EDGE_CURVE('',#14531,#14541,#14550,.T.);
#14550 = LINE('',#14551,#14552);
#14551 = CARTESIAN_POINT('',(127.,116.,180.));
#14552 = VECTOR('',#14553,1.);
#14553 = DIRECTION('',(0.,1.,0.));
#14554 = CYLINDRICAL_SURFACE('',#14555,1.);
#14555 = AXIS2_PLACEMENT_3D('',#14556,#14557,#14558);
#14556 = CARTESIAN_POINT('',(127.,116.,179.));
#14557 = DIRECTION('',(0.,1.,0.));
#14558 = DIRECTION('',(0.,0.,1.));
#14559 = ADVANCED_FACE('',(#14560),#14579,.T.);
#14560 = FACE_BOUND('',#14561,.T.);
#14561 = EDGE_LOOP('',(#14562,#14563,#14564,#14573));
#14562 = ORIENTED_EDGE('',*,*,#14530,.T.);
#14563 = ORIENTED_EDGE('',*,*,#13689,.T.);
#14564 = ORIENTED_EDGE('',*,*,#14565,.T.);
#14565 = EDGE_CURVE('',#13679,#14566,#14568,.T.);
#14566 = VERTEX_POINT('',#14567);
#14567 = CARTESIAN_POINT('',(141.,117.,180.));
#14568 = ELLIPSE('',#14569,1.414213562373,1.);
#14569 = AXIS2_PLACEMENT_3D('',#14570,#14571,#14572);
#14570 = CARTESIAN_POINT('',(141.,117.,179.));
#14571 = DIRECTION('',(-0.707106781187,-0.707106781187,-0.));
#14572 = DIRECTION('',(-0.707106781187,0.707106781187,0.));
#14573 = ORIENTED_EDGE('',*,*,#14574,.F.);
#14574 = EDGE_CURVE('',#14531,#14566,#14575,.T.);
#14575 = LINE('',#14576,#14577);
#14576 = CARTESIAN_POINT('',(126.,117.,180.));
#14577 = VECTOR('',#14578,1.);
#14578 = DIRECTION('',(1.,0.,0.));
#14579 = CYLINDRICAL_SURFACE('',#14580,1.);
#14580 = AXIS2_PLACEMENT_3D('',#14581,#14582,#14583);
#14581 = CARTESIAN_POINT('',(126.,117.,179.));
#14582 = DIRECTION('',(1.,0.,0.));
#14583 = DIRECTION('',(0.,0.,1.));
#14584 = ADVANCED_FACE('',(#14585),#14596,.F.);
#14585 = FACE_BOUND('',#14586,.F.);
#14586 = EDGE_LOOP('',(#14587,#14588,#14594,#14595));
#14587 = ORIENTED_EDGE('',*,*,#13805,.F.);
#14588 = ORIENTED_EDGE('',*,*,#14589,.F.);
#14589 = EDGE_CURVE('',#13743,#13806,#14590,.T.);
#14590 = LINE('',#14591,#14592);
#14591 = CARTESIAN_POINT('',(125.,93.,126.));
#14592 = VECTOR('',#14593,1.);
#14593 = DIRECTION('',(0.,1.,0.));
#14594 = ORIENTED_EDGE('',*,*,#13742,.T.);
#14595 = ORIENTED_EDGE('',*,*,#13726,.T.);
#14596 = PLANE('',#14597);
#14597 = AXIS2_PLACEMENT_3D('',#14598,#14599,#14600);
#14598 = CARTESIAN_POINT('',(125.,93.,126.));
#14599 = DIRECTION('',(0.,0.,1.));
#14600 = DIRECTION('',(1.,0.,0.));
#14601 = ADVANCED_FACE('',(#14602,#14648,#14654,#14665,#14676,#14687),
  #14698,.F.);
#14602 = FACE_BOUND('',#14603,.T.);
#14603 = EDGE_LOOP('',(#14604,#14614,#14623,#14631,#14638,#14639,#14640,
    #14641));
#14604 = ORIENTED_EDGE('',*,*,#14605,.T.);
#14605 = EDGE_CURVE('',#14606,#14608,#14610,.T.);
#14606 = VERTEX_POINT('',#14607);
#14607 = CARTESIAN_POINT('',(1.,10.,120.));
#14608 = VERTEX_POINT('',#14609);
#14609 = CARTESIAN_POINT('',(1.,122.,120.));
#14610 = LINE('',#14611,#14612);
#14611 = CARTESIAN_POINT('',(1.,10.,120.));
#14612 = VECTOR('',#14613,1.);
#14613 = DIRECTION('',(0.,1.,0.));
#14614 = ORIENTED_EDGE('',*,*,#14615,.T.);
#14615 = EDGE_CURVE('',#14608,#14616,#14618,.T.);
#14616 = VERTEX_POINT('',#14617);
#14617 = CARTESIAN_POINT('',(10.,131.,120.));
#14618 = CIRCLE('',#14619,9.);
#14619 = AXIS2_PLACEMENT_3D('',#14620,#14621,#14622);
#14620 = CARTESIAN_POINT('',(10.,122.,120.));
#14621 = DIRECTION('',(0.,0.,-1.));
#14622 = DIRECTION('',(-1.,0.,0.));
#14623 = ORIENTED_EDGE('',*,*,#14624,.T.);
#14624 = EDGE_CURVE('',#14616,#14625,#14627,.T.);
#14625 = VERTEX_POINT('',#14626);
#14626 = CARTESIAN_POINT('',(132.,131.,120.));
#14627 = LINE('',#14628,#14629);
#14628 = CARTESIAN_POINT('',(10.,131.,120.));
#14629 = VECTOR('',#14630,1.);
#14630 = DIRECTION('',(1.,0.,0.));
#14631 = ORIENTED_EDGE('',*,*,#14632,.T.);
#14632 = EDGE_CURVE('',#14625,#14159,#14633,.T.);
#14633 = CIRCLE('',#14634,9.);
#14634 = AXIS2_PLACEMENT_3D('',#14635,#14636,#14637);
#14635 = CARTESIAN_POINT('',(132.,122.,120.));
#14636 = DIRECTION('',(0.,0.,-1.));
#14637 = DIRECTION('',(0.,1.,0.));
#14638 = ORIENTED_EDGE('',*,*,#14167,.T.);
#14639 = ORIENTED_EDGE('',*,*,#14118,.T.);
#14640 = ORIENTED_EDGE('',*,*,#14083,.T.);
#14641 = ORIENTED_EDGE('',*,*,#14642,.T.);
#14642 = EDGE_CURVE('',#14084,#14606,#14643,.T.);
#14643 = CIRCLE('',#14644,9.);
#14644 = AXIS2_PLACEMENT_3D('',#14645,#14646,#14647);
#14645 = CARTESIAN_POINT('',(10.,10.,120.));
#14646 = DIRECTION('',(-0.,0.,-1.));
#14647 = DIRECTION('',(-1.7763568394E-16,-1.,0.));
#14648 = FACE_BOUND('',#14649,.F.);
#14649 = EDGE_LOOP('',(#14650,#14651,#14652,#14653));
#14650 = ORIENTED_EDGE('',*,*,#13869,.T.);
#14651 = ORIENTED_EDGE('',*,*,#13838,.F.);
#14652 = ORIENTED_EDGE('',*,*,#13711,.F.);
#14653 = ORIENTED_EDGE('',*,*,#14031,.T.);
#14654 = FACE_BOUND('',#14655,.F.);
#14655 = EDGE_LOOP('',(#14656));
#14656 = ORIENTED_EDGE('',*,*,#14657,.T.);
#14657 = EDGE_CURVE('',#14658,#14658,#14660,.T.);
#14658 = VERTEX_POINT('',#14659);
#14659 = CARTESIAN_POINT('',(137.9,124.,120.));
#14660 = CIRCLE('',#14661,3.9);
#14661 = AXIS2_PLACEMENT_3D('',#14662,#14663,#14664);
#14662 = CARTESIAN_POINT('',(134.,124.,120.));
#14663 = DIRECTION('',(0.,0.,-1.));
#14664 = DIRECTION('',(1.,0.,0.));
#14665 = FACE_BOUND('',#14666,.F.);
#14666 = EDGE_LOOP('',(#14667));
#14667 = ORIENTED_EDGE('',*,*,#14668,.T.);
#14668 = EDGE_CURVE('',#14669,#14669,#14671,.T.);
#14669 = VERTEX_POINT('',#14670);
#14670 = CARTESIAN_POINT('',(137.9,8.,120.));
#14671 = CIRCLE('',#14672,3.9);
#14672 = AXIS2_PLACEMENT_3D('',#14673,#14674,#14675);
#14673 = CARTESIAN_POINT('',(134.,8.,120.));
#14674 = DIRECTION('',(0.,0.,-1.));
#14675 = DIRECTION('',(1.,0.,0.));
#14676 = FACE_BOUND('',#14677,.F.);
#14677 = EDGE_LOOP('',(#14678));
#14678 = ORIENTED_EDGE('',*,*,#14679,.T.);
#14679 = EDGE_CURVE('',#14680,#14680,#14682,.T.);
#14680 = VERTEX_POINT('',#14681);
#14681 = CARTESIAN_POINT('',(11.9,124.,120.));
#14682 = CIRCLE('',#14683,3.9);
#14683 = AXIS2_PLACEMENT_3D('',#14684,#14685,#14686);
#14684 = CARTESIAN_POINT('',(8.,124.,120.));
#14685 = DIRECTION('',(0.,0.,-1.));
#14686 = DIRECTION('',(1.,0.,0.));
#14687 = FACE_BOUND('',#14688,.F.);
#14688 = EDGE_LOOP('',(#14689));
#14689 = ORIENTED_EDGE('',*,*,#14690,.T.);
#14690 = EDGE_CURVE('',#14691,#14691,#14693,.T.);
#14691 = VERTEX_POINT('',#14692);
#14692 = CARTESIAN_POINT('',(11.9,8.,120.));
#14693 = CIRCLE('',#14694,3.9);
#14694 = AXIS2_PLACEMENT_3D('',#14695,#14696,#14697);
#14695 = CARTESIAN_POINT('',(8.,8.,120.));
#14696 = DIRECTION('',(0.,0.,-1.));
#14697 = DIRECTION('',(1.,0.,0.));
#14698 = PLANE('',#14699);
#14699 = AXIS2_PLACEMENT_3D('',#14700,#14701,#14702);
#14700 = CARTESIAN_POINT('',(0.,0.,120.));
#14701 = DIRECTION('',(0.,0.,1.));
#14702 = DIRECTION('',(1.,0.,0.));
#14703 = ADVANCED_FACE('',(#14704,#14715),#14749,.T.);
#14704 = FACE_BOUND('',#14705,.T.);
#14705 = EDGE_LOOP('',(#14706,#14712,#14713,#14714));
#14706 = ORIENTED_EDGE('',*,*,#14707,.F.);
#14707 = EDGE_CURVE('',#13751,#13814,#14708,.T.);
#14708 = LINE('',#14709,#14710);
#14709 = CARTESIAN_POINT('',(125.,93.,128.));
#14710 = VECTOR('',#14711,1.);
#14711 = DIRECTION('',(0.,1.,0.));
#14712 = ORIENTED_EDGE('',*,*,#13758,.T.);
#14713 = ORIENTED_EDGE('',*,*,#13791,.T.);
#14714 = ORIENTED_EDGE('',*,*,#13821,.F.);
#14715 = FACE_BOUND('',#14716,.T.);
#14716 = EDGE_LOOP('',(#14717,#14727,#14735,#14743));
#14717 = ORIENTED_EDGE('',*,*,#14718,.F.);
#14718 = EDGE_CURVE('',#14719,#14721,#14723,.T.);
#14719 = VERTEX_POINT('',#14720);
#14720 = CARTESIAN_POINT('',(126.5,93.9,128.));
#14721 = VERTEX_POINT('',#14722);
#14722 = CARTESIAN_POINT('',(130.1,93.9,128.));
#14723 = LINE('',#14724,#14725);
#14724 = CARTESIAN_POINT('',(126.5,93.9,128.));
#14725 = VECTOR('',#14726,1.);
#14726 = DIRECTION('',(1.,0.,0.));
#14727 = ORIENTED_EDGE('',*,*,#14728,.T.);
#14728 = EDGE_CURVE('',#14719,#14729,#14731,.T.);
#14729 = VERTEX_POINT('',#14730);
#14730 = CARTESIAN_POINT('',(126.5,96.9,128.));
#14731 = LINE('',#14732,#14733);
#14732 = CARTESIAN_POINT('',(126.5,93.9,128.));
#14733 = VECTOR('',#14734,1.);
#14734 = DIRECTION('',(0.,1.,0.));
#14735 = ORIENTED_EDGE('',*,*,#14736,.T.);
#14736 = EDGE_CURVE('',#14729,#14737,#14739,.T.);
#14737 = VERTEX_POINT('',#14738);
#14738 = CARTESIAN_POINT('',(130.1,96.9,128.));
#14739 = LINE('',#14740,#14741);
#14740 = CARTESIAN_POINT('',(126.5,96.9,128.));
#14741 = VECTOR('',#14742,1.);
#14742 = DIRECTION('',(1.,0.,0.));
#14743 = ORIENTED_EDGE('',*,*,#14744,.F.);
#14744 = EDGE_CURVE('',#14721,#14737,#14745,.T.);
#14745 = LINE('',#14746,#14747);
#14746 = CARTESIAN_POINT('',(130.1,93.9,128.));
#14747 = VECTOR('',#14748,1.);
#14748 = DIRECTION('',(0.,1.,0.));
#14749 = PLANE('',#14750);
#14750 = AXIS2_PLACEMENT_3D('',#14751,#14752,#14753);
#14751 = CARTESIAN_POINT('',(125.,93.,128.));
#14752 = DIRECTION('',(0.,0.,1.));
#14753 = DIRECTION('',(1.,0.,0.));
#14754 = ADVANCED_FACE('',(#14755),#14761,.F.);
#14755 = FACE_BOUND('',#14756,.F.);
#14756 = EDGE_LOOP('',(#14757,#14758,#14759,#14760));
#14757 = ORIENTED_EDGE('',*,*,#13750,.F.);
#14758 = ORIENTED_EDGE('',*,*,#14589,.T.);
#14759 = ORIENTED_EDGE('',*,*,#13813,.T.);
#14760 = ORIENTED_EDGE('',*,*,#14707,.F.);
#14761 = PLANE('',#14762);
#14762 = AXIS2_PLACEMENT_3D('',#14763,#14764,#14765);
#14763 = CARTESIAN_POINT('',(125.,93.,126.));
#14764 = DIRECTION('',(1.,0.,0.));
#14765 = DIRECTION('',(0.,0.,1.));
#14766 = ADVANCED_FACE('',(#14767),#14778,.F.);
#14767 = FACE_BOUND('',#14768,.F.);
#14768 = EDGE_LOOP('',(#14769,#14770,#14771,#14777));
#14769 = ORIENTED_EDGE('',*,*,#13877,.F.);
#14770 = ORIENTED_EDGE('',*,*,#13974,.T.);
#14771 = ORIENTED_EDGE('',*,*,#14772,.T.);
#14772 = EDGE_CURVE('',#13967,#13911,#14773,.T.);
#14773 = LINE('',#14774,#14775);
#14774 = CARTESIAN_POINT('',(17.,93.,126.));
#14775 = VECTOR('',#14776,1.);
#14776 = DIRECTION('',(0.,1.,0.));
#14777 = ORIENTED_EDGE('',*,*,#13918,.F.);
#14778 = PLANE('',#14779);
#14779 = AXIS2_PLACEMENT_3D('',#14780,#14781,#14782);
#14780 = CARTESIAN_POINT('',(11.,93.,126.));
#14781 = DIRECTION('',(0.,0.,1.));
#14782 = DIRECTION('',(1.,0.,0.));
#14783 = ADVANCED_FACE('',(#14784),#14795,.T.);
#14784 = FACE_BOUND('',#14785,.T.);
#14785 = EDGE_LOOP('',(#14786,#14787,#14788,#14789));
#14786 = ORIENTED_EDGE('',*,*,#13966,.F.);
#14787 = ORIENTED_EDGE('',*,*,#14772,.T.);
#14788 = ORIENTED_EDGE('',*,*,#13910,.T.);
#14789 = ORIENTED_EDGE('',*,*,#14790,.F.);
#14790 = EDGE_CURVE('',#13959,#13903,#14791,.T.);
#14791 = LINE('',#14792,#14793);
#14792 = CARTESIAN_POINT('',(17.,93.,128.));
#14793 = VECTOR('',#14794,1.);
#14794 = DIRECTION('',(0.,1.,0.));
#14795 = PLANE('',#14796);
#14796 = AXIS2_PLACEMENT_3D('',#14797,#14798,#14799);
#14797 = CARTESIAN_POINT('',(17.,93.,126.));
#14798 = DIRECTION('',(1.,0.,0.));
#14799 = DIRECTION('',(0.,0.,1.));
#14800 = ADVANCED_FACE('',(#14801,#14807),#14841,.T.);
#14801 = FACE_BOUND('',#14802,.T.);
#14802 = EDGE_LOOP('',(#14803,#14804,#14805,#14806));
#14803 = ORIENTED_EDGE('',*,*,#13942,.F.);
#14804 = ORIENTED_EDGE('',*,*,#13958,.T.);
#14805 = ORIENTED_EDGE('',*,*,#14790,.T.);
#14806 = ORIENTED_EDGE('',*,*,#13902,.F.);
#14807 = FACE_BOUND('',#14808,.T.);
#14808 = EDGE_LOOP('',(#14809,#14819,#14827,#14835));
#14809 = ORIENTED_EDGE('',*,*,#14810,.F.);
#14810 = EDGE_CURVE('',#14811,#14813,#14815,.T.);
#14811 = VERTEX_POINT('',#14812);
#14812 = CARTESIAN_POINT('',(11.9,93.9,128.));
#14813 = VERTEX_POINT('',#14814);
#14814 = CARTESIAN_POINT('',(15.5,93.9,128.));
#14815 = LINE('',#14816,#14817);
#14816 = CARTESIAN_POINT('',(11.9,93.9,128.));
#14817 = VECTOR('',#14818,1.);
#14818 = DIRECTION('',(1.,0.,0.));
#14819 = ORIENTED_EDGE('',*,*,#14820,.T.);
#14820 = EDGE_CURVE('',#14811,#14821,#14823,.T.);
#14821 = VERTEX_POINT('',#14822);
#14822 = CARTESIAN_POINT('',(11.9,96.9,128.));
#14823 = LINE('',#14824,#14825);
#14824 = CARTESIAN_POINT('',(11.9,93.9,128.));
#14825 = VECTOR('',#14826,1.);
#14826 = DIRECTION('',(0.,1.,0.));
#14827 = ORIENTED_EDGE('',*,*,#14828,.T.);
#14828 = EDGE_CURVE('',#14821,#14829,#14831,.T.);
#14829 = VERTEX_POINT('',#14830);
#14830 = CARTESIAN_POINT('',(15.5,96.9,128.));
#14831 = LINE('',#14832,#14833);
#14832 = CARTESIAN_POINT('',(11.9,96.9,128.));
#14833 = VECTOR('',#14834,1.);
#14834 = DIRECTION('',(1.,0.,0.));
#14835 = ORIENTED_EDGE('',*,*,#14836,.F.);
#14836 = EDGE_CURVE('',#14813,#14829,#14837,.T.);
#14837 = LINE('',#14838,#14839);
#14838 = CARTESIAN_POINT('',(15.5,93.9,128.));
#14839 = VECTOR('',#14840,1.);
#14840 = DIRECTION('',(0.,1.,0.));
#14841 = PLANE('',#14842);
#14842 = AXIS2_PLACEMENT_3D('',#14843,#14844,#14845);
#14843 = CARTESIAN_POINT('',(11.,93.,128.));
#14844 = DIRECTION('',(0.,0.,1.));
#14845 = DIRECTION('',(1.,0.,0.));
#14846 = ADVANCED_FACE('',(#14847),#14850,.T.);
#14847 = FACE_BOUND('',#14848,.T.);
#14848 = EDGE_LOOP('',(#14849));
#14849 = ORIENTED_EDGE('',*,*,#14015,.T.);
#14850 = PLANE('',#14851);
#14851 = AXIS2_PLACEMENT_3D('',#14852,#14853,#14854);
#14852 = CARTESIAN_POINT('',(134.,8.,185.5));
#14853 = DIRECTION('',(0.,0.,1.));
#14854 = DIRECTION('',(1.,0.,0.));
#14855 = ADVANCED_FACE('',(#14856),#14868,.T.);
#14856 = FACE_BOUND('',#14857,.T.);
#14857 = EDGE_LOOP('',(#14858,#14859,#14860,#14867));
#14858 = ORIENTED_EDGE('',*,*,#14091,.F.);
#14859 = ORIENTED_EDGE('',*,*,#14057,.T.);
#14860 = ORIENTED_EDGE('',*,*,#14861,.T.);
#14861 = EDGE_CURVE('',#14050,#14606,#14862,.T.);
#14862 = CIRCLE('',#14863,1.);
#14863 = AXIS2_PLACEMENT_3D('',#14864,#14865,#14866);
#14864 = CARTESIAN_POINT('',(1.,10.,121.));
#14865 = DIRECTION('',(-0.,-1.,-0.));
#14866 = DIRECTION('',(-1.,0.,0.));
#14867 = ORIENTED_EDGE('',*,*,#14642,.F.);
#14868 = TOROIDAL_SURFACE('',#14869,9.,1.);
#14869 = AXIS2_PLACEMENT_3D('',#14870,#14871,#14872);
#14870 = CARTESIAN_POINT('',(10.,10.,121.));
#14871 = DIRECTION('',(-0.,-0.,-1.));
#14872 = DIRECTION('',(-1.7763568394E-16,-1.,0.));
#14873 = ADVANCED_FACE('',(#14874),#14886,.T.);
#14874 = FACE_BOUND('',#14875,.T.);
#14875 = EDGE_LOOP('',(#14876,#14883,#14884,#14885));
#14876 = ORIENTED_EDGE('',*,*,#14877,.F.);
#14877 = EDGE_CURVE('',#14135,#14625,#14878,.T.);
#14878 = CIRCLE('',#14879,1.);
#14879 = AXIS2_PLACEMENT_3D('',#14880,#14881,#14882);
#14880 = CARTESIAN_POINT('',(132.,131.,121.));
#14881 = DIRECTION('',(-1.,0.,0.));
#14882 = DIRECTION('',(0.,1.,0.));
#14883 = ORIENTED_EDGE('',*,*,#14134,.T.);
#14884 = ORIENTED_EDGE('',*,*,#14158,.T.);
#14885 = ORIENTED_EDGE('',*,*,#14632,.F.);
#14886 = TOROIDAL_SURFACE('',#14887,9.,1.);
#14887 = AXIS2_PLACEMENT_3D('',#14888,#14889,#14890);
#14888 = CARTESIAN_POINT('',(132.,122.,121.));
#14889 = DIRECTION('',(-0.,-0.,-1.));
#14890 = DIRECTION('',(0.,1.,0.));
#14891 = ADVANCED_FACE('',(#14892),#14920,.T.);
#14892 = FACE_BOUND('',#14893,.T.);
#14893 = EDGE_LOOP('',(#14894,#14903,#14904,#14913));
#14894 = ORIENTED_EDGE('',*,*,#14895,.F.);
#14895 = EDGE_CURVE('',#14184,#14896,#14898,.T.);
#14896 = VERTEX_POINT('',#14897);
#14897 = CARTESIAN_POINT('',(141.,122.,180.));
#14898 = CIRCLE('',#14899,1.);
#14899 = AXIS2_PLACEMENT_3D('',#14900,#14901,#14902);
#14900 = CARTESIAN_POINT('',(141.,122.,179.));
#14901 = DIRECTION('',(0.,-1.,0.));
#14902 = DIRECTION('',(1.,0.,0.));
#14903 = ORIENTED_EDGE('',*,*,#14200,.T.);
#14904 = ORIENTED_EDGE('',*,*,#14905,.T.);
#14905 = EDGE_CURVE('',#14193,#14906,#14908,.T.);
#14906 = VERTEX_POINT('',#14907);
#14907 = CARTESIAN_POINT('',(132.,131.,180.));
#14908 = CIRCLE('',#14909,1.);
#14909 = AXIS2_PLACEMENT_3D('',#14910,#14911,#14912);
#14910 = CARTESIAN_POINT('',(132.,131.,179.));
#14911 = DIRECTION('',(1.,-6.123233995737E-17,0.));
#14912 = DIRECTION('',(6.123233995737E-17,1.,0.));
#14913 = ORIENTED_EDGE('',*,*,#14914,.F.);
#14914 = EDGE_CURVE('',#14896,#14906,#14915,.T.);
#14915 = CIRCLE('',#14916,9.);
#14916 = AXIS2_PLACEMENT_3D('',#14917,#14918,#14919);
#14917 = CARTESIAN_POINT('',(132.,122.,180.));
#14918 = DIRECTION('',(0.,0.,1.));
#14919 = DIRECTION('',(1.,0.,0.));
#14920 = TOROIDAL_SURFACE('',#14921,9.,1.);
#14921 = AXIS2_PLACEMENT_3D('',#14922,#14923,#14924);
#14922 = CARTESIAN_POINT('',(132.,122.,179.));
#14923 = DIRECTION('',(0.,0.,1.));
#14924 = DIRECTION('',(1.,0.,0.));
#14925 = ADVANCED_FACE('',(#14926),#14937,.T.);
#14926 = FACE_BOUND('',#14927,.F.);
#14927 = EDGE_LOOP('',(#14928,#14929,#14935,#14936));
#14928 = ORIENTED_EDGE('',*,*,#14565,.T.);
#14929 = ORIENTED_EDGE('',*,*,#14930,.T.);
#14930 = EDGE_CURVE('',#14566,#14896,#14931,.T.);
#14931 = LINE('',#14932,#14933);
#14932 = CARTESIAN_POINT('',(141.,116.,180.));
#14933 = VECTOR('',#14934,1.);
#14934 = DIRECTION('',(0.,1.,0.));
#14935 = ORIENTED_EDGE('',*,*,#14895,.F.);
#14936 = ORIENTED_EDGE('',*,*,#14216,.F.);
#14937 = CYLINDRICAL_SURFACE('',#14938,1.);
#14938 = AXIS2_PLACEMENT_3D('',#14939,#14940,#14941);
#14939 = CARTESIAN_POINT('',(141.,116.,179.));
#14940 = DIRECTION('',(0.,1.,0.));
#14941 = DIRECTION('',(1.,0.,0.));
#14942 = ADVANCED_FACE('',(#14943),#14954,.T.);
#14943 = FACE_BOUND('',#14944,.F.);
#14944 = EDGE_LOOP('',(#14945,#14946,#14952,#14953));
#14945 = ORIENTED_EDGE('',*,*,#14905,.T.);
#14946 = ORIENTED_EDGE('',*,*,#14947,.T.);
#14947 = EDGE_CURVE('',#14906,#14541,#14948,.T.);
#14948 = LINE('',#14949,#14950);
#14949 = CARTESIAN_POINT('',(132.,131.,180.));
#14950 = VECTOR('',#14951,1.);
#14951 = DIRECTION('',(-1.,-0.,-0.));
#14952 = ORIENTED_EDGE('',*,*,#14540,.F.);
#14953 = ORIENTED_EDGE('',*,*,#14235,.F.);
#14954 = CYLINDRICAL_SURFACE('',#14955,1.);
#14955 = AXIS2_PLACEMENT_3D('',#14956,#14957,#14958);
#14956 = CARTESIAN_POINT('',(132.,131.,179.));
#14957 = DIRECTION('',(-1.,-0.,-0.));
#14958 = DIRECTION('',(0.,1.,0.));
#14959 = ADVANCED_FACE('',(#14960),#14972,.T.);
#14960 = FACE_BOUND('',#14961,.F.);
#14961 = EDGE_LOOP('',(#14962,#14963,#14964,#14971));
#14962 = ORIENTED_EDGE('',*,*,#14861,.T.);
#14963 = ORIENTED_EDGE('',*,*,#14605,.T.);
#14964 = ORIENTED_EDGE('',*,*,#14965,.F.);
#14965 = EDGE_CURVE('',#14293,#14608,#14966,.T.);
#14966 = CIRCLE('',#14967,1.);
#14967 = AXIS2_PLACEMENT_3D('',#14968,#14969,#14970);
#14968 = CARTESIAN_POINT('',(1.,122.,121.));
#14969 = DIRECTION('',(-0.,-1.,-0.));
#14970 = DIRECTION('',(-1.,0.,0.));
#14971 = ORIENTED_EDGE('',*,*,#14292,.F.);
#14972 = CYLINDRICAL_SURFACE('',#14973,1.);
#14973 = AXIS2_PLACEMENT_3D('',#14974,#14975,#14976);
#14974 = CARTESIAN_POINT('',(1.,10.,121.));
#14975 = DIRECTION('',(0.,1.,0.));
#14976 = DIRECTION('',(-1.,0.,0.));
#14977 = ADVANCED_FACE('',(#14978),#14990,.T.);
#14978 = FACE_BOUND('',#14979,.F.);
#14979 = EDGE_LOOP('',(#14980,#14981,#14988,#14989));
#14980 = ORIENTED_EDGE('',*,*,#14300,.F.);
#14981 = ORIENTED_EDGE('',*,*,#14982,.T.);
#14982 = EDGE_CURVE('',#14293,#14507,#14983,.T.);
#14983 = CIRCLE('',#14984,10.);
#14984 = AXIS2_PLACEMENT_3D('',#14985,#14986,#14987);
#14985 = CARTESIAN_POINT('',(10.,122.,121.));
#14986 = DIRECTION('',(0.,0.,-1.));
#14987 = DIRECTION('',(-1.,0.,0.));
#14988 = ORIENTED_EDGE('',*,*,#14506,.T.);
#14989 = ORIENTED_EDGE('',*,*,#14358,.F.);
#14990 = CYLINDRICAL_SURFACE('',#14991,10.);
#14991 = AXIS2_PLACEMENT_3D('',#14992,#14993,#14994);
#14992 = CARTESIAN_POINT('',(10.,122.,120.));
#14993 = DIRECTION('',(0.,0.,1.));
#14994 = DIRECTION('',(-1.,0.,0.));
#14995 = ADVANCED_FACE('',(#14996),#15008,.T.);
#14996 = FACE_BOUND('',#14997,.F.);
#14997 = EDGE_LOOP('',(#14998,#14999,#15000,#15001));
#14998 = ORIENTED_EDGE('',*,*,#14433,.F.);
#14999 = ORIENTED_EDGE('',*,*,#14315,.T.);
#15000 = ORIENTED_EDGE('',*,*,#14482,.T.);
#15001 = ORIENTED_EDGE('',*,*,#15002,.F.);
#15002 = EDGE_CURVE('',#14434,#14483,#15003,.T.);
#15003 = CIRCLE('',#15004,10.);
#15004 = AXIS2_PLACEMENT_3D('',#15005,#15006,#15007);
#15005 = CARTESIAN_POINT('',(10.,122.,179.));
#15006 = DIRECTION('',(0.,0.,-1.));
#15007 = DIRECTION('',(-1.,0.,0.));
#15008 = CYLINDRICAL_SURFACE('',#15009,10.);
#15009 = AXIS2_PLACEMENT_3D('',#15010,#15011,#15012);
#15010 = CARTESIAN_POINT('',(10.,122.,126.));
#15011 = DIRECTION('',(0.,0.,1.));
#15012 = DIRECTION('',(-1.,0.,0.));
#15013 = ADVANCED_FACE('',(#15014),#15033,.T.);
#15014 = FACE_BOUND('',#15015,.T.);
#15015 = EDGE_LOOP('',(#15016,#15024,#15025,#15026));
#15016 = ORIENTED_EDGE('',*,*,#15017,.F.);
#15017 = EDGE_CURVE('',#14376,#15018,#15020,.T.);
#15018 = VERTEX_POINT('',#15019);
#15019 = CARTESIAN_POINT('',(10.8,8.,185.5));
#15020 = LINE('',#15021,#15022);
#15021 = CARTESIAN_POINT('',(11.4,8.,184.9));
#15022 = VECTOR('',#15023,1.);
#15023 = DIRECTION('',(-0.707106781187,0.,0.707106781187));
#15024 = ORIENTED_EDGE('',*,*,#14383,.T.);
#15025 = ORIENTED_EDGE('',*,*,#15017,.T.);
#15026 = ORIENTED_EDGE('',*,*,#15027,.F.);
#15027 = EDGE_CURVE('',#15018,#15018,#15028,.T.);
#15028 = CIRCLE('',#15029,2.8);
#15029 = AXIS2_PLACEMENT_3D('',#15030,#15031,#15032);
#15030 = CARTESIAN_POINT('',(8.,8.,185.5));
#15031 = DIRECTION('',(0.,0.,1.));
#15032 = DIRECTION('',(1.,0.,0.));
#15033 = CONICAL_SURFACE('',#15034,3.4,0.785398163397);
#15034 = AXIS2_PLACEMENT_3D('',#15035,#15036,#15037);
#15035 = CARTESIAN_POINT('',(8.,8.,184.9));
#15036 = DIRECTION('',(-0.,-0.,-1.));
#15037 = DIRECTION('',(1.,0.,0.));
#15038 = ADVANCED_FACE('',(#15039),#15058,.T.);
#15039 = FACE_BOUND('',#15040,.T.);
#15040 = EDGE_LOOP('',(#15041,#15042,#15050,#15057));
#15041 = ORIENTED_EDGE('',*,*,#14400,.T.);
#15042 = ORIENTED_EDGE('',*,*,#15043,.T.);
#15043 = EDGE_CURVE('',#14401,#15044,#15046,.T.);
#15044 = VERTEX_POINT('',#15045);
#15045 = CARTESIAN_POINT('',(1.,122.,180.));
#15046 = LINE('',#15047,#15048);
#15047 = CARTESIAN_POINT('',(1.,116.,180.));
#15048 = VECTOR('',#15049,1.);
#15049 = DIRECTION('',(0.,1.,0.));
#15050 = ORIENTED_EDGE('',*,*,#15051,.F.);
#15051 = EDGE_CURVE('',#14434,#15044,#15052,.T.);
#15052 = CIRCLE('',#15053,1.);
#15053 = AXIS2_PLACEMENT_3D('',#15054,#15055,#15056);
#15054 = CARTESIAN_POINT('',(1.,122.,179.));
#15055 = DIRECTION('',(0.,1.,-0.));
#15056 = DIRECTION('',(-1.,0.,0.));
#15057 = ORIENTED_EDGE('',*,*,#14441,.F.);
#15058 = CYLINDRICAL_SURFACE('',#15059,1.);
#15059 = AXIS2_PLACEMENT_3D('',#15060,#15061,#15062);
#15060 = CARTESIAN_POINT('',(1.,116.,179.));
#15061 = DIRECTION('',(0.,1.,0.));
#15062 = DIRECTION('',(-1.,0.,0.));
#15063 = ADVANCED_FACE('',(#15064,#15084),#15095,.T.);
#15064 = FACE_BOUND('',#15065,.T.);
#15065 = EDGE_LOOP('',(#15066,#15067,#15068,#15069,#15077));
#15066 = ORIENTED_EDGE('',*,*,#15043,.F.);
#15067 = ORIENTED_EDGE('',*,*,#14419,.T.);
#15068 = ORIENTED_EDGE('',*,*,#14468,.T.);
#15069 = ORIENTED_EDGE('',*,*,#15070,.F.);
#15070 = EDGE_CURVE('',#15071,#14460,#15073,.T.);
#15071 = VERTEX_POINT('',#15072);
#15072 = CARTESIAN_POINT('',(10.,131.,180.));
#15073 = LINE('',#15074,#15075);
#15074 = CARTESIAN_POINT('',(10.,131.,180.));
#15075 = VECTOR('',#15076,1.);
#15076 = DIRECTION('',(1.,0.,0.));
#15077 = ORIENTED_EDGE('',*,*,#15078,.F.);
#15078 = EDGE_CURVE('',#15044,#15071,#15079,.T.);
#15079 = CIRCLE('',#15080,9.);
#15080 = AXIS2_PLACEMENT_3D('',#15081,#15082,#15083);
#15081 = CARTESIAN_POINT('',(10.,122.,180.));
#15082 = DIRECTION('',(0.,0.,-1.));
#15083 = DIRECTION('',(-1.,0.,0.));
#15084 = FACE_BOUND('',#15085,.T.);
#15085 = EDGE_LOOP('',(#15086));
#15086 = ORIENTED_EDGE('',*,*,#15087,.F.);
#15087 = EDGE_CURVE('',#15088,#15088,#15090,.T.);
#15088 = VERTEX_POINT('',#15089);
#15089 = CARTESIAN_POINT('',(11.4,124.,180.));
#15090 = CIRCLE('',#15091,3.4);
#15091 = AXIS2_PLACEMENT_3D('',#15092,#15093,#15094);
#15092 = CARTESIAN_POINT('',(8.,124.,180.));
#15093 = DIRECTION('',(0.,0.,1.));
#15094 = DIRECTION('',(1.,0.,0.));
#15095 = PLANE('',#15096);
#15096 = AXIS2_PLACEMENT_3D('',#15097,#15098,#15099);
#15097 = CARTESIAN_POINT('',(0.,116.,180.));
#15098 = DIRECTION('',(0.,0.,1.));
#15099 = DIRECTION('',(1.,0.,0.));
#15100 = ADVANCED_FACE('',(#15101),#15113,.T.);
#15101 = FACE_BOUND('',#15102,.T.);
#15102 = EDGE_LOOP('',(#15103,#15110,#15111,#15112));
#15103 = ORIENTED_EDGE('',*,*,#15104,.T.);
#15104 = EDGE_CURVE('',#14483,#15071,#15105,.T.);
#15105 = CIRCLE('',#15106,1.);
#15106 = AXIS2_PLACEMENT_3D('',#15107,#15108,#15109);
#15107 = CARTESIAN_POINT('',(10.,131.,179.));
#15108 = DIRECTION('',(1.,6.123233995737E-17,-0.));
#15109 = DIRECTION('',(-6.123233995737E-17,1.,0.));
#15110 = ORIENTED_EDGE('',*,*,#15070,.T.);
#15111 = ORIENTED_EDGE('',*,*,#14459,.F.);
#15112 = ORIENTED_EDGE('',*,*,#14490,.F.);
#15113 = CYLINDRICAL_SURFACE('',#15114,1.);
#15114 = AXIS2_PLACEMENT_3D('',#15115,#15116,#15117);
#15115 = CARTESIAN_POINT('',(10.,131.,179.));
#15116 = DIRECTION('',(1.,0.,0.));
#15117 = DIRECTION('',(0.,1.,0.));
#15118 = ADVANCED_FACE('',(#15119),#15131,.T.);
#15119 = FACE_BOUND('',#15120,.F.);
#15120 = EDGE_LOOP('',(#15121,#15128,#15129,#15130));
#15121 = ORIENTED_EDGE('',*,*,#15122,.T.);
#15122 = EDGE_CURVE('',#14507,#14616,#15123,.T.);
#15123 = CIRCLE('',#15124,1.);
#15124 = AXIS2_PLACEMENT_3D('',#15125,#15126,#15127);
#15125 = CARTESIAN_POINT('',(10.,131.,121.));
#15126 = DIRECTION('',(-1.,-6.123233995737E-17,-0.));
#15127 = DIRECTION('',(-6.123233995737E-17,1.,0.));
#15128 = ORIENTED_EDGE('',*,*,#14624,.T.);
#15129 = ORIENTED_EDGE('',*,*,#14877,.F.);
#15130 = ORIENTED_EDGE('',*,*,#14516,.F.);
#15131 = CYLINDRICAL_SURFACE('',#15132,1.);
#15132 = AXIS2_PLACEMENT_3D('',#15133,#15134,#15135);
#15133 = CARTESIAN_POINT('',(10.,131.,121.));
#15134 = DIRECTION('',(1.,0.,0.));
#15135 = DIRECTION('',(0.,1.,0.));
#15136 = ADVANCED_FACE('',(#15137,#15144),#15155,.T.);
#15137 = FACE_BOUND('',#15138,.T.);
#15138 = EDGE_LOOP('',(#15139,#15140,#15141,#15142,#15143));
#15139 = ORIENTED_EDGE('',*,*,#14930,.T.);
#15140 = ORIENTED_EDGE('',*,*,#14914,.T.);
#15141 = ORIENTED_EDGE('',*,*,#14947,.T.);
#15142 = ORIENTED_EDGE('',*,*,#14549,.F.);
#15143 = ORIENTED_EDGE('',*,*,#14574,.T.);
#15144 = FACE_BOUND('',#15145,.T.);
#15145 = EDGE_LOOP('',(#15146));
#15146 = ORIENTED_EDGE('',*,*,#15147,.F.);
#15147 = EDGE_CURVE('',#15148,#15148,#15150,.T.);
#15148 = VERTEX_POINT('',#15149);
#15149 = CARTESIAN_POINT('',(137.4,124.,180.));
#15150 = CIRCLE('',#15151,3.4);
#15151 = AXIS2_PLACEMENT_3D('',#15152,#15153,#15154);
#15152 = CARTESIAN_POINT('',(134.,124.,180.));
#15153 = DIRECTION('',(0.,0.,1.));
#15154 = DIRECTION('',(1.,0.,0.));
#15155 = PLANE('',#15156);
#15156 = AXIS2_PLACEMENT_3D('',#15157,#15158,#15159);
#15157 = CARTESIAN_POINT('',(126.,116.,180.));
#15158 = DIRECTION('',(0.,0.,1.));
#15159 = DIRECTION('',(1.,0.,0.));
#15160 = ADVANCED_FACE('',(#15161),#15167,.T.);
#15161 = FACE_BOUND('',#15162,.T.);
#15162 = EDGE_LOOP('',(#15163,#15164,#15165,#15166));
#15163 = ORIENTED_EDGE('',*,*,#14965,.F.);
#15164 = ORIENTED_EDGE('',*,*,#14982,.T.);
#15165 = ORIENTED_EDGE('',*,*,#15122,.T.);
#15166 = ORIENTED_EDGE('',*,*,#14615,.F.);
#15167 = TOROIDAL_SURFACE('',#15168,9.,1.);
#15168 = AXIS2_PLACEMENT_3D('',#15169,#15170,#15171);
#15169 = CARTESIAN_POINT('',(10.,122.,121.));
#15170 = DIRECTION('',(-0.,-0.,-1.));
#15171 = DIRECTION('',(-1.,0.,0.));
#15172 = ADVANCED_FACE('',(#15173),#15192,.F.);
#15173 = FACE_BOUND('',#15174,.T.);
#15174 = EDGE_LOOP('',(#15175,#15176,#15184,#15191));
#15175 = ORIENTED_EDGE('',*,*,#14657,.T.);
#15176 = ORIENTED_EDGE('',*,*,#15177,.T.);
#15177 = EDGE_CURVE('',#14658,#15178,#15180,.T.);
#15178 = VERTEX_POINT('',#15179);
#15179 = CARTESIAN_POINT('',(137.9,124.,126.));
#15180 = LINE('',#15181,#15182);
#15181 = CARTESIAN_POINT('',(137.9,124.,119.));
#15182 = VECTOR('',#15183,1.);
#15183 = DIRECTION('',(0.,0.,1.));
#15184 = ORIENTED_EDGE('',*,*,#15185,.T.);
#15185 = EDGE_CURVE('',#15178,#15178,#15186,.T.);
#15186 = CIRCLE('',#15187,3.9);
#15187 = AXIS2_PLACEMENT_3D('',#15188,#15189,#15190);
#15188 = CARTESIAN_POINT('',(134.,124.,126.));
#15189 = DIRECTION('',(0.,0.,1.));
#15190 = DIRECTION('',(1.,0.,0.));
#15191 = ORIENTED_EDGE('',*,*,#15177,.F.);
#15192 = CYLINDRICAL_SURFACE('',#15193,3.9);
#15193 = AXIS2_PLACEMENT_3D('',#15194,#15195,#15196);
#15194 = CARTESIAN_POINT('',(134.,124.,119.));
#15195 = DIRECTION('',(-0.,-0.,-1.));
#15196 = DIRECTION('',(1.,0.,0.));
#15197 = ADVANCED_FACE('',(#15198),#15217,.F.);
#15198 = FACE_BOUND('',#15199,.T.);
#15199 = EDGE_LOOP('',(#15200,#15201,#15209,#15216));
#15200 = ORIENTED_EDGE('',*,*,#14668,.T.);
#15201 = ORIENTED_EDGE('',*,*,#15202,.T.);
#15202 = EDGE_CURVE('',#14669,#15203,#15205,.T.);
#15203 = VERTEX_POINT('',#15204);
#15204 = CARTESIAN_POINT('',(137.9,8.,126.));
#15205 = LINE('',#15206,#15207);
#15206 = CARTESIAN_POINT('',(137.9,8.,119.));
#15207 = VECTOR('',#15208,1.);
#15208 = DIRECTION('',(0.,0.,1.));
#15209 = ORIENTED_EDGE('',*,*,#15210,.T.);
#15210 = EDGE_CURVE('',#15203,#15203,#15211,.T.);
#15211 = CIRCLE('',#15212,3.9);
#15212 = AXIS2_PLACEMENT_3D('',#15213,#15214,#15215);
#15213 = CARTESIAN_POINT('',(134.,8.,126.));
#15214 = DIRECTION('',(0.,0.,1.));
#15215 = DIRECTION('',(1.,0.,0.));
#15216 = ORIENTED_EDGE('',*,*,#15202,.F.);
#15217 = CYLINDRICAL_SURFACE('',#15218,3.9);
#15218 = AXIS2_PLACEMENT_3D('',#15219,#15220,#15221);
#15219 = CARTESIAN_POINT('',(134.,8.,119.));
#15220 = DIRECTION('',(-0.,-0.,-1.));
#15221 = DIRECTION('',(1.,0.,0.));
#15222 = ADVANCED_FACE('',(#15223),#15242,.F.);
#15223 = FACE_BOUND('',#15224,.T.);
#15224 = EDGE_LOOP('',(#15225,#15226,#15234,#15241));
#15225 = ORIENTED_EDGE('',*,*,#14679,.T.);
#15226 = ORIENTED_EDGE('',*,*,#15227,.T.);
#15227 = EDGE_CURVE('',#14680,#15228,#15230,.T.);
#15228 = VERTEX_POINT('',#15229);
#15229 = CARTESIAN_POINT('',(11.9,124.,126.));
#15230 = LINE('',#15231,#15232);
#15231 = CARTESIAN_POINT('',(11.9,124.,119.));
#15232 = VECTOR('',#15233,1.);
#15233 = DIRECTION('',(0.,0.,1.));
#15234 = ORIENTED_EDGE('',*,*,#15235,.T.);
#15235 = EDGE_CURVE('',#15228,#15228,#15236,.T.);
#15236 = CIRCLE('',#15237,3.9);
#15237 = AXIS2_PLACEMENT_3D('',#15238,#15239,#15240);
#15238 = CARTESIAN_POINT('',(8.,124.,126.));
#15239 = DIRECTION('',(0.,0.,1.));
#15240 = DIRECTION('',(1.,0.,0.));
#15241 = ORIENTED_EDGE('',*,*,#15227,.F.);
#15242 = CYLINDRICAL_SURFACE('',#15243,3.9);
#15243 = AXIS2_PLACEMENT_3D('',#15244,#15245,#15246);
#15244 = CARTESIAN_POINT('',(8.,124.,119.));
#15245 = DIRECTION('',(-0.,-0.,-1.));
#15246 = DIRECTION('',(1.,0.,0.));
#15247 = ADVANCED_FACE('',(#15248),#15267,.F.);
#15248 = FACE_BOUND('',#15249,.T.);
#15249 = EDGE_LOOP('',(#15250,#15251,#15259,#15266));
#15250 = ORIENTED_EDGE('',*,*,#14690,.T.);
#15251 = ORIENTED_EDGE('',*,*,#15252,.T.);
#15252 = EDGE_CURVE('',#14691,#15253,#15255,.T.);
#15253 = VERTEX_POINT('',#15254);
#15254 = CARTESIAN_POINT('',(11.9,8.,126.));
#15255 = LINE('',#15256,#15257);
#15256 = CARTESIAN_POINT('',(11.9,8.,119.));
#15257 = VECTOR('',#15258,1.);
#15258 = DIRECTION('',(0.,0.,1.));
#15259 = ORIENTED_EDGE('',*,*,#15260,.T.);
#15260 = EDGE_CURVE('',#15253,#15253,#15261,.T.);
#15261 = CIRCLE('',#15262,3.9);
#15262 = AXIS2_PLACEMENT_3D('',#15263,#15264,#15265);
#15263 = CARTESIAN_POINT('',(8.,8.,126.));
#15264 = DIRECTION('',(0.,0.,1.));
#15265 = DIRECTION('',(1.,0.,0.));
#15266 = ORIENTED_EDGE('',*,*,#15252,.F.);
#15267 = CYLINDRICAL_SURFACE('',#15268,3.9);
#15268 = AXIS2_PLACEMENT_3D('',#15269,#15270,#15271);
#15269 = CARTESIAN_POINT('',(8.,8.,119.));
#15270 = DIRECTION('',(-0.,-0.,-1.));
#15271 = DIRECTION('',(1.,0.,0.));
#15272 = ADVANCED_FACE('',(#15273),#15298,.T.);
#15273 = FACE_BOUND('',#15274,.T.);
#15274 = EDGE_LOOP('',(#15275,#15285,#15291,#15292));
#15275 = ORIENTED_EDGE('',*,*,#15276,.F.);
#15276 = EDGE_CURVE('',#15277,#15279,#15281,.T.);
#15277 = VERTEX_POINT('',#15278);
#15278 = CARTESIAN_POINT('',(126.5,93.9,121.7));
#15279 = VERTEX_POINT('',#15280);
#15280 = CARTESIAN_POINT('',(130.1,93.9,121.7));
#15281 = LINE('',#15282,#15283);
#15282 = CARTESIAN_POINT('',(126.5,93.9,121.7));
#15283 = VECTOR('',#15284,1.);
#15284 = DIRECTION('',(1.,0.,0.));
#15285 = ORIENTED_EDGE('',*,*,#15286,.T.);
#15286 = EDGE_CURVE('',#15277,#14719,#15287,.T.);
#15287 = LINE('',#15288,#15289);
#15288 = CARTESIAN_POINT('',(126.5,93.9,121.7));
#15289 = VECTOR('',#15290,1.);
#15290 = DIRECTION('',(0.,0.,1.));
#15291 = ORIENTED_EDGE('',*,*,#14718,.T.);
#15292 = ORIENTED_EDGE('',*,*,#15293,.F.);
#15293 = EDGE_CURVE('',#15279,#14721,#15294,.T.);
#15294 = LINE('',#15295,#15296);
#15295 = CARTESIAN_POINT('',(130.1,93.9,121.7));
#15296 = VECTOR('',#15297,1.);
#15297 = DIRECTION('',(0.,0.,1.));
#15298 = PLANE('',#15299);
#15299 = AXIS2_PLACEMENT_3D('',#15300,#15301,#15302);
#15300 = CARTESIAN_POINT('',(126.5,93.9,121.7));
#15301 = DIRECTION('',(0.,1.,0.));
#15302 = DIRECTION('',(0.,0.,1.));
#15303 = ADVANCED_FACE('',(#15304),#15322,.F.);
#15304 = FACE_BOUND('',#15305,.F.);
#15305 = EDGE_LOOP('',(#15306,#15307,#15315,#15321));
#15306 = ORIENTED_EDGE('',*,*,#15293,.F.);
#15307 = ORIENTED_EDGE('',*,*,#15308,.T.);
#15308 = EDGE_CURVE('',#15279,#15309,#15311,.T.);
#15309 = VERTEX_POINT('',#15310);
#15310 = CARTESIAN_POINT('',(130.1,96.9,121.7));
#15311 = LINE('',#15312,#15313);
#15312 = CARTESIAN_POINT('',(130.1,93.9,121.7));
#15313 = VECTOR('',#15314,1.);
#15314 = DIRECTION('',(0.,1.,0.));
#15315 = ORIENTED_EDGE('',*,*,#15316,.T.);
#15316 = EDGE_CURVE('',#15309,#14737,#15317,.T.);
#15317 = LINE('',#15318,#15319);
#15318 = CARTESIAN_POINT('',(130.1,96.9,121.7));
#15319 = VECTOR('',#15320,1.);
#15320 = DIRECTION('',(0.,0.,1.));
#15321 = ORIENTED_EDGE('',*,*,#14744,.F.);
#15322 = PLANE('',#15323);
#15323 = AXIS2_PLACEMENT_3D('',#15324,#15325,#15326);
#15324 = CARTESIAN_POINT('',(130.1,93.9,121.7));
#15325 = DIRECTION('',(1.,0.,0.));
#15326 = DIRECTION('',(0.,0.,1.));
#15327 = ADVANCED_FACE('',(#15328),#15346,.F.);
#15328 = FACE_BOUND('',#15329,.F.);
#15329 = EDGE_LOOP('',(#15330,#15338,#15344,#15345));
#15330 = ORIENTED_EDGE('',*,*,#15331,.F.);
#15331 = EDGE_CURVE('',#15332,#15309,#15334,.T.);
#15332 = VERTEX_POINT('',#15333);
#15333 = CARTESIAN_POINT('',(126.5,96.9,121.7));
#15334 = LINE('',#15335,#15336);
#15335 = CARTESIAN_POINT('',(126.5,96.9,121.7));
#15336 = VECTOR('',#15337,1.);
#15337 = DIRECTION('',(1.,0.,0.));
#15338 = ORIENTED_EDGE('',*,*,#15339,.T.);
#15339 = EDGE_CURVE('',#15332,#14729,#15340,.T.);
#15340 = LINE('',#15341,#15342);
#15341 = CARTESIAN_POINT('',(126.5,96.9,121.7));
#15342 = VECTOR('',#15343,1.);
#15343 = DIRECTION('',(0.,0.,1.));
#15344 = ORIENTED_EDGE('',*,*,#14736,.T.);
#15345 = ORIENTED_EDGE('',*,*,#15316,.F.);
#15346 = PLANE('',#15347);
#15347 = AXIS2_PLACEMENT_3D('',#15348,#15349,#15350);
#15348 = CARTESIAN_POINT('',(126.5,96.9,121.7));
#15349 = DIRECTION('',(0.,1.,0.));
#15350 = DIRECTION('',(0.,0.,1.));
#15351 = ADVANCED_FACE('',(#15352),#15363,.T.);
#15352 = FACE_BOUND('',#15353,.T.);
#15353 = EDGE_LOOP('',(#15354,#15355,#15361,#15362));
#15354 = ORIENTED_EDGE('',*,*,#15286,.F.);
#15355 = ORIENTED_EDGE('',*,*,#15356,.T.);
#15356 = EDGE_CURVE('',#15277,#15332,#15357,.T.);
#15357 = LINE('',#15358,#15359);
#15358 = CARTESIAN_POINT('',(126.5,93.9,121.7));
#15359 = VECTOR('',#15360,1.);
#15360 = DIRECTION('',(0.,1.,0.));
#15361 = ORIENTED_EDGE('',*,*,#15339,.T.);
#15362 = ORIENTED_EDGE('',*,*,#14728,.F.);
#15363 = PLANE('',#15364);
#15364 = AXIS2_PLACEMENT_3D('',#15365,#15366,#15367);
#15365 = CARTESIAN_POINT('',(126.5,93.9,121.7));
#15366 = DIRECTION('',(1.,0.,0.));
#15367 = DIRECTION('',(0.,0.,1.));
#15368 = ADVANCED_FACE('',(#15369),#15394,.T.);
#15369 = FACE_BOUND('',#15370,.T.);
#15370 = EDGE_LOOP('',(#15371,#15381,#15387,#15388));
#15371 = ORIENTED_EDGE('',*,*,#15372,.F.);
#15372 = EDGE_CURVE('',#15373,#15375,#15377,.T.);
#15373 = VERTEX_POINT('',#15374);
#15374 = CARTESIAN_POINT('',(11.9,93.9,121.7));
#15375 = VERTEX_POINT('',#15376);
#15376 = CARTESIAN_POINT('',(15.5,93.9,121.7));
#15377 = LINE('',#15378,#15379);
#15378 = CARTESIAN_POINT('',(11.9,93.9,121.7));
#15379 = VECTOR('',#15380,1.);
#15380 = DIRECTION('',(1.,0.,0.));
#15381 = ORIENTED_EDGE('',*,*,#15382,.T.);
#15382 = EDGE_CURVE('',#15373,#14811,#15383,.T.);
#15383 = LINE('',#15384,#15385);
#15384 = CARTESIAN_POINT('',(11.9,93.9,121.7));
#15385 = VECTOR('',#15386,1.);
#15386 = DIRECTION('',(0.,0.,1.));
#15387 = ORIENTED_EDGE('',*,*,#14810,.T.);
#15388 = ORIENTED_EDGE('',*,*,#15389,.F.);
#15389 = EDGE_CURVE('',#15375,#14813,#15390,.T.);
#15390 = LINE('',#15391,#15392);
#15391 = CARTESIAN_POINT('',(15.5,93.9,121.7));
#15392 = VECTOR('',#15393,1.);
#15393 = DIRECTION('',(0.,0.,1.));
#15394 = PLANE('',#15395);
#15395 = AXIS2_PLACEMENT_3D('',#15396,#15397,#15398);
#15396 = CARTESIAN_POINT('',(11.9,93.9,121.7));
#15397 = DIRECTION('',(0.,1.,0.));
#15398 = DIRECTION('',(0.,0.,1.));
#15399 = ADVANCED_FACE('',(#15400),#15418,.F.);
#15400 = FACE_BOUND('',#15401,.F.);
#15401 = EDGE_LOOP('',(#15402,#15403,#15411,#15417));
#15402 = ORIENTED_EDGE('',*,*,#15389,.F.);
#15403 = ORIENTED_EDGE('',*,*,#15404,.T.);
#15404 = EDGE_CURVE('',#15375,#15405,#15407,.T.);
#15405 = VERTEX_POINT('',#15406);
#15406 = CARTESIAN_POINT('',(15.5,96.9,121.7));
#15407 = LINE('',#15408,#15409);
#15408 = CARTESIAN_POINT('',(15.5,93.9,121.7));
#15409 = VECTOR('',#15410,1.);
#15410 = DIRECTION('',(0.,1.,0.));
#15411 = ORIENTED_EDGE('',*,*,#15412,.T.);
#15412 = EDGE_CURVE('',#15405,#14829,#15413,.T.);
#15413 = LINE('',#15414,#15415);
#15414 = CARTESIAN_POINT('',(15.5,96.9,121.7));
#15415 = VECTOR('',#15416,1.);
#15416 = DIRECTION('',(0.,0.,1.));
#15417 = ORIENTED_EDGE('',*,*,#14836,.F.);
#15418 = PLANE('',#15419);
#15419 = AXIS2_PLACEMENT_3D('',#15420,#15421,#15422);
#15420 = CARTESIAN_POINT('',(15.5,93.9,121.7));
#15421 = DIRECTION('',(1.,0.,0.));
#15422 = DIRECTION('',(0.,0.,1.));
#15423 = ADVANCED_FACE('',(#15424),#15442,.F.);
#15424 = FACE_BOUND('',#15425,.F.);
#15425 = EDGE_LOOP('',(#15426,#15434,#15440,#15441));
#15426 = ORIENTED_EDGE('',*,*,#15427,.F.);
#15427 = EDGE_CURVE('',#15428,#15405,#15430,.T.);
#15428 = VERTEX_POINT('',#15429);
#15429 = CARTESIAN_POINT('',(11.9,96.9,121.7));
#15430 = LINE('',#15431,#15432);
#15431 = CARTESIAN_POINT('',(11.9,96.9,121.7));
#15432 = VECTOR('',#15433,1.);
#15433 = DIRECTION('',(1.,0.,0.));
#15434 = ORIENTED_EDGE('',*,*,#15435,.T.);
#15435 = EDGE_CURVE('',#15428,#14821,#15436,.T.);
#15436 = LINE('',#15437,#15438);
#15437 = CARTESIAN_POINT('',(11.9,96.9,121.7));
#15438 = VECTOR('',#15439,1.);
#15439 = DIRECTION('',(0.,0.,1.));
#15440 = ORIENTED_EDGE('',*,*,#14828,.T.);
#15441 = ORIENTED_EDGE('',*,*,#15412,.F.);
#15442 = PLANE('',#15443);
#15443 = AXIS2_PLACEMENT_3D('',#15444,#15445,#15446);
#15444 = CARTESIAN_POINT('',(11.9,96.9,121.7));
#15445 = DIRECTION('',(0.,1.,0.));
#15446 = DIRECTION('',(0.,0.,1.));
#15447 = ADVANCED_FACE('',(#15448),#15459,.T.);
#15448 = FACE_BOUND('',#15449,.T.);
#15449 = EDGE_LOOP('',(#15450,#15451,#15457,#15458));
#15450 = ORIENTED_EDGE('',*,*,#15382,.F.);
#15451 = ORIENTED_EDGE('',*,*,#15452,.T.);
#15452 = EDGE_CURVE('',#15373,#15428,#15453,.T.);
#15453 = LINE('',#15454,#15455);
#15454 = CARTESIAN_POINT('',(11.9,93.9,121.7));
#15455 = VECTOR('',#15456,1.);
#15456 = DIRECTION('',(0.,1.,0.));
#15457 = ORIENTED_EDGE('',*,*,#15435,.T.);
#15458 = ORIENTED_EDGE('',*,*,#14820,.F.);
#15459 = PLANE('',#15460);
#15460 = AXIS2_PLACEMENT_3D('',#15461,#15462,#15463);
#15461 = CARTESIAN_POINT('',(11.9,93.9,121.7));
#15462 = DIRECTION('',(1.,0.,0.));
#15463 = DIRECTION('',(0.,0.,1.));
#15464 = ADVANCED_FACE('',(#15465),#15471,.T.);
#15465 = FACE_BOUND('',#15466,.F.);
#15466 = EDGE_LOOP('',(#15467,#15468,#15469,#15470));
#15467 = ORIENTED_EDGE('',*,*,#15051,.F.);
#15468 = ORIENTED_EDGE('',*,*,#15002,.T.);
#15469 = ORIENTED_EDGE('',*,*,#15104,.T.);
#15470 = ORIENTED_EDGE('',*,*,#15078,.F.);
#15471 = TOROIDAL_SURFACE('',#15472,9.,1.);
#15472 = AXIS2_PLACEMENT_3D('',#15473,#15474,#15475);
#15473 = CARTESIAN_POINT('',(10.,122.,179.));
#15474 = DIRECTION('',(0.,0.,1.));
#15475 = DIRECTION('',(-1.,0.,0.));
#15476 = ADVANCED_FACE('',(#15477),#15480,.T.);
#15477 = FACE_BOUND('',#15478,.T.);
#15478 = EDGE_LOOP('',(#15479));
#15479 = ORIENTED_EDGE('',*,*,#15027,.T.);
#15480 = PLANE('',#15481);
#15481 = AXIS2_PLACEMENT_3D('',#15482,#15483,#15484);
#15482 = CARTESIAN_POINT('',(8.,8.,185.5));
#15483 = DIRECTION('',(0.,0.,1.));
#15484 = DIRECTION('',(1.,0.,0.));
#15485 = ADVANCED_FACE('',(#15486),#15505,.T.);
#15486 = FACE_BOUND('',#15487,.F.);
#15487 = EDGE_LOOP('',(#15488,#15496,#15503,#15504));
#15488 = ORIENTED_EDGE('',*,*,#15489,.T.);
#15489 = EDGE_CURVE('',#15088,#15490,#15492,.T.);
#15490 = VERTEX_POINT('',#15491);
#15491 = CARTESIAN_POINT('',(11.4,124.,184.9));
#15492 = LINE('',#15493,#15494);
#15493 = CARTESIAN_POINT('',(11.4,124.,180.));
#15494 = VECTOR('',#15495,1.);
#15495 = DIRECTION('',(0.,0.,1.));
#15496 = ORIENTED_EDGE('',*,*,#15497,.T.);
#15497 = EDGE_CURVE('',#15490,#15490,#15498,.T.);
#15498 = CIRCLE('',#15499,3.4);
#15499 = AXIS2_PLACEMENT_3D('',#15500,#15501,#15502);
#15500 = CARTESIAN_POINT('',(8.,124.,184.9));
#15501 = DIRECTION('',(0.,0.,1.));
#15502 = DIRECTION('',(1.,0.,0.));
#15503 = ORIENTED_EDGE('',*,*,#15489,.F.);
#15504 = ORIENTED_EDGE('',*,*,#15087,.F.);
#15505 = CYLINDRICAL_SURFACE('',#15506,3.4);
#15506 = AXIS2_PLACEMENT_3D('',#15507,#15508,#15509);
#15507 = CARTESIAN_POINT('',(8.,124.,180.));
#15508 = DIRECTION('',(-0.,-0.,-1.));
#15509 = DIRECTION('',(1.,0.,0.));
#15510 = ADVANCED_FACE('',(#15511),#15530,.T.);
#15511 = FACE_BOUND('',#15512,.F.);
#15512 = EDGE_LOOP('',(#15513,#15521,#15528,#15529));
#15513 = ORIENTED_EDGE('',*,*,#15514,.T.);
#15514 = EDGE_CURVE('',#15148,#15515,#15517,.T.);
#15515 = VERTEX_POINT('',#15516);
#15516 = CARTESIAN_POINT('',(137.4,124.,184.9));
#15517 = LINE('',#15518,#15519);
#15518 = CARTESIAN_POINT('',(137.4,124.,180.));
#15519 = VECTOR('',#15520,1.);
#15520 = DIRECTION('',(0.,0.,1.));
#15521 = ORIENTED_EDGE('',*,*,#15522,.T.);
#15522 = EDGE_CURVE('',#15515,#15515,#15523,.T.);
#15523 = CIRCLE('',#15524,3.4);
#15524 = AXIS2_PLACEMENT_3D('',#15525,#15526,#15527);
#15525 = CARTESIAN_POINT('',(134.,124.,184.9));
#15526 = DIRECTION('',(0.,0.,1.));
#15527 = DIRECTION('',(1.,0.,0.));
#15528 = ORIENTED_EDGE('',*,*,#15514,.F.);
#15529 = ORIENTED_EDGE('',*,*,#15147,.F.);
#15530 = CYLINDRICAL_SURFACE('',#15531,3.4);
#15531 = AXIS2_PLACEMENT_3D('',#15532,#15533,#15534);
#15532 = CARTESIAN_POINT('',(134.,124.,180.));
#15533 = DIRECTION('',(-0.,-0.,-1.));
#15534 = DIRECTION('',(1.,0.,0.));
#15535 = ADVANCED_FACE('',(#15536),#15539,.F.);
#15536 = FACE_BOUND('',#15537,.T.);
#15537 = EDGE_LOOP('',(#15538));
#15538 = ORIENTED_EDGE('',*,*,#15185,.F.);
#15539 = PLANE('',#15540);
#15540 = AXIS2_PLACEMENT_3D('',#15541,#15542,#15543);
#15541 = CARTESIAN_POINT('',(134.,124.,126.));
#15542 = DIRECTION('',(0.,0.,1.));
#15543 = DIRECTION('',(1.,0.,0.));
#15544 = ADVANCED_FACE('',(#15545),#15548,.F.);
#15545 = FACE_BOUND('',#15546,.T.);
#15546 = EDGE_LOOP('',(#15547));
#15547 = ORIENTED_EDGE('',*,*,#15210,.F.);
#15548 = PLANE('',#15549);
#15549 = AXIS2_PLACEMENT_3D('',#15550,#15551,#15552);
#15550 = CARTESIAN_POINT('',(134.,8.,126.));
#15551 = DIRECTION('',(0.,0.,1.));
#15552 = DIRECTION('',(1.,0.,0.));
#15553 = ADVANCED_FACE('',(#15554),#15557,.F.);
#15554 = FACE_BOUND('',#15555,.T.);
#15555 = EDGE_LOOP('',(#15556));
#15556 = ORIENTED_EDGE('',*,*,#15235,.F.);
#15557 = PLANE('',#15558);
#15558 = AXIS2_PLACEMENT_3D('',#15559,#15560,#15561);
#15559 = CARTESIAN_POINT('',(8.,124.,126.));
#15560 = DIRECTION('',(0.,0.,1.));
#15561 = DIRECTION('',(1.,0.,0.));
#15562 = ADVANCED_FACE('',(#15563),#15566,.F.);
#15563 = FACE_BOUND('',#15564,.T.);
#15564 = EDGE_LOOP('',(#15565));
#15565 = ORIENTED_EDGE('',*,*,#15260,.F.);
#15566 = PLANE('',#15567);
#15567 = AXIS2_PLACEMENT_3D('',#15568,#15569,#15570);
#15568 = CARTESIAN_POINT('',(8.,8.,126.));
#15569 = DIRECTION('',(0.,0.,1.));
#15570 = DIRECTION('',(1.,0.,0.));
#15571 = ADVANCED_FACE('',(#15572),#15578,.T.);
#15572 = FACE_BOUND('',#15573,.T.);
#15573 = EDGE_LOOP('',(#15574,#15575,#15576,#15577));
#15574 = ORIENTED_EDGE('',*,*,#15356,.F.);
#15575 = ORIENTED_EDGE('',*,*,#15276,.T.);
#15576 = ORIENTED_EDGE('',*,*,#15308,.T.);
#15577 = ORIENTED_EDGE('',*,*,#15331,.F.);
#15578 = PLANE('',#15579);
#15579 = AXIS2_PLACEMENT_3D('',#15580,#15581,#15582);
#15580 = CARTESIAN_POINT('',(126.5,93.9,121.7));
#15581 = DIRECTION('',(0.,0.,1.));
#15582 = DIRECTION('',(1.,0.,0.));
#15583 = ADVANCED_FACE('',(#15584),#15590,.T.);
#15584 = FACE_BOUND('',#15585,.T.);
#15585 = EDGE_LOOP('',(#15586,#15587,#15588,#15589));
#15586 = ORIENTED_EDGE('',*,*,#15452,.F.);
#15587 = ORIENTED_EDGE('',*,*,#15372,.T.);
#15588 = ORIENTED_EDGE('',*,*,#15404,.T.);
#15589 = ORIENTED_EDGE('',*,*,#15427,.F.);
#15590 = PLANE('',#15591);
#15591 = AXIS2_PLACEMENT_3D('',#15592,#15593,#15594);
#15592 = CARTESIAN_POINT('',(11.9,93.9,121.7));
#15593 = DIRECTION('',(0.,0.,1.));
#15594 = DIRECTION('',(1.,0.,0.));
#15595 = ADVANCED_FACE('',(#15596),#15615,.T.);
#15596 = FACE_BOUND('',#15597,.T.);
#15597 = EDGE_LOOP('',(#15598,#15606,#15607,#15608));
#15598 = ORIENTED_EDGE('',*,*,#15599,.F.);
#15599 = EDGE_CURVE('',#15490,#15600,#15602,.T.);
#15600 = VERTEX_POINT('',#15601);
#15601 = CARTESIAN_POINT('',(10.8,124.,185.5));
#15602 = LINE('',#15603,#15604);
#15603 = CARTESIAN_POINT('',(11.4,124.,184.9));
#15604 = VECTOR('',#15605,1.);
#15605 = DIRECTION('',(-0.707106781187,0.,0.707106781187));
#15606 = ORIENTED_EDGE('',*,*,#15497,.T.);
#15607 = ORIENTED_EDGE('',*,*,#15599,.T.);
#15608 = ORIENTED_EDGE('',*,*,#15609,.F.);
#15609 = EDGE_CURVE('',#15600,#15600,#15610,.T.);
#15610 = CIRCLE('',#15611,2.8);
#15611 = AXIS2_PLACEMENT_3D('',#15612,#15613,#15614);
#15612 = CARTESIAN_POINT('',(8.,124.,185.5));
#15613 = DIRECTION('',(0.,0.,1.));
#15614 = DIRECTION('',(1.,0.,0.));
#15615 = CONICAL_SURFACE('',#15616,3.4,0.785398163397);
#15616 = AXIS2_PLACEMENT_3D('',#15617,#15618,#15619);
#15617 = CARTESIAN_POINT('',(8.,124.,184.9));
#15618 = DIRECTION('',(-0.,-0.,-1.));
#15619 = DIRECTION('',(1.,0.,0.));
#15620 = ADVANCED_FACE('',(#15621),#15640,.T.);
#15621 = FACE_BOUND('',#15622,.T.);
#15622 = EDGE_LOOP('',(#15623,#15631,#15632,#15633));
#15623 = ORIENTED_EDGE('',*,*,#15624,.F.);
#15624 = EDGE_CURVE('',#15515,#15625,#15627,.T.);
#15625 = VERTEX_POINT('',#15626);
#15626 = CARTESIAN_POINT('',(136.8,124.,185.5));
#15627 = LINE('',#15628,#15629);
#15628 = CARTESIAN_POINT('',(137.4,124.,184.9));
#15629 = VECTOR('',#15630,1.);
#15630 = DIRECTION('',(-0.707106781187,0.,0.707106781187));
#15631 = ORIENTED_EDGE('',*,*,#15522,.T.);
#15632 = ORIENTED_EDGE('',*,*,#15624,.T.);
#15633 = ORIENTED_EDGE('',*,*,#15634,.F.);
#15634 = EDGE_CURVE('',#15625,#15625,#15635,.T.);
#15635 = CIRCLE('',#15636,2.8);
#15636 = AXIS2_PLACEMENT_3D('',#15637,#15638,#15639);
#15637 = CARTESIAN_POINT('',(134.,124.,185.5));
#15638 = DIRECTION('',(0.,0.,1.));
#15639 = DIRECTION('',(1.,0.,0.));
#15640 = CONICAL_SURFACE('',#15641,3.4,0.785398163397);
#15641 = AXIS2_PLACEMENT_3D('',#15642,#15643,#15644);
#15642 = CARTESIAN_POINT('',(134.,124.,184.9));
#15643 = DIRECTION('',(-0.,-0.,-1.));
#15644 = DIRECTION('',(1.,0.,0.));
#15645 = ADVANCED_FACE('',(#15646),#15649,.T.);
#15646 = FACE_BOUND('',#15647,.T.);
#15647 = EDGE_LOOP('',(#15648));
#15648 = ORIENTED_EDGE('',*,*,#15609,.T.);
#15649 = PLANE('',#15650);
#15650 = AXIS2_PLACEMENT_3D('',#15651,#15652,#15653);
#15651 = CARTESIAN_POINT('',(8.,124.,185.5));
#15652 = DIRECTION('',(0.,0.,1.));
#15653 = DIRECTION('',(1.,0.,0.));
#15654 = ADVANCED_FACE('',(#15655),#15658,.T.);
#15655 = FACE_BOUND('',#15656,.T.);
#15656 = EDGE_LOOP('',(#15657));
#15657 = ORIENTED_EDGE('',*,*,#15634,.T.);
#15658 = PLANE('',#15659);
#15659 = AXIS2_PLACEMENT_3D('',#15660,#15661,#15662);
#15660 = CARTESIAN_POINT('',(134.,124.,185.5));
#15661 = DIRECTION('',(0.,0.,1.));
#15662 = DIRECTION('',(1.,0.,0.));
#15663 = MANIFOLD_SOLID_BREP('',#15664);
#15664 = CLOSED_SHELL('',(#15665,#15705,#15736,#15767,#15853,#15884,
    #15908,#15932,#15963,#15987,#16011,#16028,#16045,#16061));
#15665 = ADVANCED_FACE('',(#15666),#15700,.F.);
#15666 = FACE_BOUND('',#15667,.F.);
#15667 = EDGE_LOOP('',(#15668,#15678,#15686,#15694));
#15668 = ORIENTED_EDGE('',*,*,#15669,.F.);
#15669 = EDGE_CURVE('',#15670,#15672,#15674,.T.);
#15670 = VERTEX_POINT('',#15671);
#15671 = CARTESIAN_POINT('',(12.2,94.,128.));
#15672 = VERTEX_POINT('',#15673);
#15673 = CARTESIAN_POINT('',(129.8,94.,128.));
#15674 = LINE('',#15675,#15676);
#15675 = CARTESIAN_POINT('',(12.2,94.,128.));
#15676 = VECTOR('',#15677,1.);
#15677 = DIRECTION('',(1.,0.,0.));
#15678 = ORIENTED_EDGE('',*,*,#15679,.T.);
#15679 = EDGE_CURVE('',#15670,#15680,#15682,.T.);
#15680 = VERTEX_POINT('',#15681);
#15681 = CARTESIAN_POINT('',(12.2,94.,134.));
#15682 = LINE('',#15683,#15684);
#15683 = CARTESIAN_POINT('',(12.2,94.,128.));
#15684 = VECTOR('',#15685,1.);
#15685 = DIRECTION('',(0.,0.,1.));
#15686 = ORIENTED_EDGE('',*,*,#15687,.T.);
#15687 = EDGE_CURVE('',#15680,#15688,#15690,.T.);
#15688 = VERTEX_POINT('',#15689);
#15689 = CARTESIAN_POINT('',(129.8,94.,134.));
#15690 = LINE('',#15691,#15692);
#15691 = CARTESIAN_POINT('',(12.2,94.,134.));
#15692 = VECTOR('',#15693,1.);
#15693 = DIRECTION('',(1.,0.,0.));
#15694 = ORIENTED_EDGE('',*,*,#15695,.F.);
#15695 = EDGE_CURVE('',#15672,#15688,#15696,.T.);
#15696 = LINE('',#15697,#15698);
#15697 = CARTESIAN_POINT('',(129.8,94.,128.));
#15698 = VECTOR('',#15699,1.);
#15699 = DIRECTION('',(0.,0.,1.));
#15700 = PLANE('',#15701);
#15701 = AXIS2_PLACEMENT_3D('',#15702,#15703,#15704);
#15702 = CARTESIAN_POINT('',(12.2,94.,128.));
#15703 = DIRECTION('',(0.,1.,0.));
#15704 = DIRECTION('',(0.,0.,1.));
#15705 = ADVANCED_FACE('',(#15706),#15731,.T.);
#15706 = FACE_BOUND('',#15707,.T.);
#15707 = EDGE_LOOP('',(#15708,#15716,#15717,#15725));
#15708 = ORIENTED_EDGE('',*,*,#15709,.F.);
#15709 = EDGE_CURVE('',#15680,#15710,#15712,.T.);
#15710 = VERTEX_POINT('',#15711);
#15711 = CARTESIAN_POINT('',(12.2,96.8,134.));
#15712 = LINE('',#15713,#15714);
#15713 = CARTESIAN_POINT('',(12.2,94.,134.));
#15714 = VECTOR('',#15715,1.);
#15715 = DIRECTION('',(0.,1.,0.));
#15716 = ORIENTED_EDGE('',*,*,#15687,.T.);
#15717 = ORIENTED_EDGE('',*,*,#15718,.T.);
#15718 = EDGE_CURVE('',#15688,#15719,#15721,.T.);
#15719 = VERTEX_POINT('',#15720);
#15720 = CARTESIAN_POINT('',(129.8,96.8,134.));
#15721 = LINE('',#15722,#15723);
#15722 = CARTESIAN_POINT('',(129.8,94.,134.));
#15723 = VECTOR('',#15724,1.);
#15724 = DIRECTION('',(0.,1.,0.));
#15725 = ORIENTED_EDGE('',*,*,#15726,.F.);
#15726 = EDGE_CURVE('',#15710,#15719,#15727,.T.);
#15727 = LINE('',#15728,#15729);
#15728 = CARTESIAN_POINT('',(12.2,96.8,134.));
#15729 = VECTOR('',#15730,1.);
#15730 = DIRECTION('',(1.,0.,0.));
#15731 = PLANE('',#15732);
#15732 = AXIS2_PLACEMENT_3D('',#15733,#15734,#15735);
#15733 = CARTESIAN_POINT('',(12.2,94.,134.));
#15734 = DIRECTION('',(0.,0.,1.));
#15735 = DIRECTION('',(1.,0.,0.));
#15736 = ADVANCED_FACE('',(#15737),#15762,.T.);
#15737 = FACE_BOUND('',#15738,.T.);
#15738 = EDGE_LOOP('',(#15739,#15749,#15755,#15756));
#15739 = ORIENTED_EDGE('',*,*,#15740,.F.);
#15740 = EDGE_CURVE('',#15741,#15743,#15745,.T.);
#15741 = VERTEX_POINT('',#15742);
#15742 = CARTESIAN_POINT('',(12.2,96.8,128.));
#15743 = VERTEX_POINT('',#15744);
#15744 = CARTESIAN_POINT('',(129.8,96.8,128.));
#15745 = LINE('',#15746,#15747);
#15746 = CARTESIAN_POINT('',(12.2,96.8,128.));
#15747 = VECTOR('',#15748,1.);
#15748 = DIRECTION('',(1.,0.,0.));
#15749 = ORIENTED_EDGE('',*,*,#15750,.T.);
#15750 = EDGE_CURVE('',#15741,#15710,#15751,.T.);
#15751 = LINE('',#15752,#15753);
#15752 = CARTESIAN_POINT('',(12.2,96.8,128.));
#15753 = VECTOR('',#15754,1.);
#15754 = DIRECTION('',(0.,0.,1.));
#15755 = ORIENTED_EDGE('',*,*,#15726,.T.);
#15756 = ORIENTED_EDGE('',*,*,#15757,.F.);
#15757 = EDGE_CURVE('',#15743,#15719,#15758,.T.);
#15758 = LINE('',#15759,#15760);
#15759 = CARTESIAN_POINT('',(129.8,96.8,128.));
#15760 = VECTOR('',#15761,1.);
#15761 = DIRECTION('',(0.,0.,1.));
#15762 = PLANE('',#15763);
#15763 = AXIS2_PLACEMENT_3D('',#15764,#15765,#15766);
#15764 = CARTESIAN_POINT('',(12.2,96.8,128.));
#15765 = DIRECTION('',(0.,1.,0.));
#15766 = DIRECTION('',(0.,0.,1.));
#15767 = ADVANCED_FACE('',(#15768),#15848,.F.);
#15768 = FACE_BOUND('',#15769,.F.);
#15769 = EDGE_LOOP('',(#15770,#15778,#15779,#15787,#15795,#15803,#15811,
    #15817,#15818,#15826,#15834,#15842));
#15770 = ORIENTED_EDGE('',*,*,#15771,.F.);
#15771 = EDGE_CURVE('',#15670,#15772,#15774,.T.);
#15772 = VERTEX_POINT('',#15773);
#15773 = CARTESIAN_POINT('',(12.2,94.2,128.));
#15774 = LINE('',#15775,#15776);
#15775 = CARTESIAN_POINT('',(12.2,94.,128.));
#15776 = VECTOR('',#15777,1.);
#15777 = DIRECTION('',(0.,1.,0.));
#15778 = ORIENTED_EDGE('',*,*,#15669,.T.);
#15779 = ORIENTED_EDGE('',*,*,#15780,.T.);
#15780 = EDGE_CURVE('',#15672,#15781,#15783,.T.);
#15781 = VERTEX_POINT('',#15782);
#15782 = CARTESIAN_POINT('',(129.8,94.2,128.));
#15783 = LINE('',#15784,#15785);
#15784 = CARTESIAN_POINT('',(129.8,94.,128.));
#15785 = VECTOR('',#15786,1.);
#15786 = DIRECTION('',(0.,1.,0.));
#15787 = ORIENTED_EDGE('',*,*,#15788,.F.);
#15788 = EDGE_CURVE('',#15789,#15781,#15791,.T.);
#15789 = VERTEX_POINT('',#15790);
#15790 = CARTESIAN_POINT('',(126.8,94.2,128.));
#15791 = LINE('',#15792,#15793);
#15792 = CARTESIAN_POINT('',(126.8,94.2,128.));
#15793 = VECTOR('',#15794,1.);
#15794 = DIRECTION('',(1.,0.,0.));
#15795 = ORIENTED_EDGE('',*,*,#15796,.T.);
#15796 = EDGE_CURVE('',#15789,#15797,#15799,.T.);
#15797 = VERTEX_POINT('',#15798);
#15798 = CARTESIAN_POINT('',(126.8,96.6,128.));
#15799 = LINE('',#15800,#15801);
#15800 = CARTESIAN_POINT('',(126.8,94.2,128.));
#15801 = VECTOR('',#15802,1.);
#15802 = DIRECTION('',(0.,1.,0.));
#15803 = ORIENTED_EDGE('',*,*,#15804,.T.);
#15804 = EDGE_CURVE('',#15797,#15805,#15807,.T.);
#15805 = VERTEX_POINT('',#15806);
#15806 = CARTESIAN_POINT('',(129.8,96.6,128.));
#15807 = LINE('',#15808,#15809);
#15808 = CARTESIAN_POINT('',(126.8,96.6,128.));
#15809 = VECTOR('',#15810,1.);
#15810 = DIRECTION('',(1.,0.,0.));
#15811 = ORIENTED_EDGE('',*,*,#15812,.T.);
#15812 = EDGE_CURVE('',#15805,#15743,#15813,.T.);
#15813 = LINE('',#15814,#15815);
#15814 = CARTESIAN_POINT('',(129.8,94.,128.));
#15815 = VECTOR('',#15816,1.);
#15816 = DIRECTION('',(0.,1.,0.));
#15817 = ORIENTED_EDGE('',*,*,#15740,.F.);
#15818 = ORIENTED_EDGE('',*,*,#15819,.F.);
#15819 = EDGE_CURVE('',#15820,#15741,#15822,.T.);
#15820 = VERTEX_POINT('',#15821);
#15821 = CARTESIAN_POINT('',(12.2,96.6,128.));
#15822 = LINE('',#15823,#15824);
#15823 = CARTESIAN_POINT('',(12.2,94.,128.));
#15824 = VECTOR('',#15825,1.);
#15825 = DIRECTION('',(0.,1.,0.));
#15826 = ORIENTED_EDGE('',*,*,#15827,.T.);
#15827 = EDGE_CURVE('',#15820,#15828,#15830,.T.);
#15828 = VERTEX_POINT('',#15829);
#15829 = CARTESIAN_POINT('',(15.2,96.6,128.));
#15830 = LINE('',#15831,#15832);
#15831 = CARTESIAN_POINT('',(12.2,96.6,128.));
#15832 = VECTOR('',#15833,1.);
#15833 = DIRECTION('',(1.,0.,0.));
#15834 = ORIENTED_EDGE('',*,*,#15835,.F.);
#15835 = EDGE_CURVE('',#15836,#15828,#15838,.T.);
#15836 = VERTEX_POINT('',#15837);
#15837 = CARTESIAN_POINT('',(15.2,94.2,128.));
#15838 = LINE('',#15839,#15840);
#15839 = CARTESIAN_POINT('',(15.2,94.2,128.));
#15840 = VECTOR('',#15841,1.);
#15841 = DIRECTION('',(0.,1.,0.));
#15842 = ORIENTED_EDGE('',*,*,#15843,.F.);
#15843 = EDGE_CURVE('',#15772,#15836,#15844,.T.);
#15844 = LINE('',#15845,#15846);
#15845 = CARTESIAN_POINT('',(12.2,94.2,128.));
#15846 = VECTOR('',#15847,1.);
#15847 = DIRECTION('',(1.,0.,0.));
#15848 = PLANE('',#15849);
#15849 = AXIS2_PLACEMENT_3D('',#15850,#15851,#15852);
#15850 = CARTESIAN_POINT('',(12.2,94.,128.));
#15851 = DIRECTION('',(0.,0.,1.));
#15852 = DIRECTION('',(1.,0.,0.));
#15853 = ADVANCED_FACE('',(#15854),#15879,.F.);
#15854 = FACE_BOUND('',#15855,.F.);
#15855 = EDGE_LOOP('',(#15856,#15866,#15872,#15873));
#15856 = ORIENTED_EDGE('',*,*,#15857,.F.);
#15857 = EDGE_CURVE('',#15858,#15860,#15862,.T.);
#15858 = VERTEX_POINT('',#15859);
#15859 = CARTESIAN_POINT('',(12.2,94.2,122.));
#15860 = VERTEX_POINT('',#15861);
#15861 = CARTESIAN_POINT('',(15.2,94.2,122.));
#15862 = LINE('',#15863,#15864);
#15863 = CARTESIAN_POINT('',(12.2,94.2,122.));
#15864 = VECTOR('',#15865,1.);
#15865 = DIRECTION('',(1.,0.,0.));
#15866 = ORIENTED_EDGE('',*,*,#15867,.T.);
#15867 = EDGE_CURVE('',#15858,#15772,#15868,.T.);
#15868 = LINE('',#15869,#15870);
#15869 = CARTESIAN_POINT('',(12.2,94.2,122.));
#15870 = VECTOR('',#15871,1.);
#15871 = DIRECTION('',(0.,0.,1.));
#15872 = ORIENTED_EDGE('',*,*,#15843,.T.);
#15873 = ORIENTED_EDGE('',*,*,#15874,.F.);
#15874 = EDGE_CURVE('',#15860,#15836,#15875,.T.);
#15875 = LINE('',#15876,#15877);
#15876 = CARTESIAN_POINT('',(15.2,94.2,122.));
#15877 = VECTOR('',#15878,1.);
#15878 = DIRECTION('',(0.,0.,1.));
#15879 = PLANE('',#15880);
#15880 = AXIS2_PLACEMENT_3D('',#15881,#15882,#15883);
#15881 = CARTESIAN_POINT('',(12.2,94.2,122.));
#15882 = DIRECTION('',(0.,1.,0.));
#15883 = DIRECTION('',(0.,0.,1.));
#15884 = ADVANCED_FACE('',(#15885),#15903,.T.);
#15885 = FACE_BOUND('',#15886,.T.);
#15886 = EDGE_LOOP('',(#15887,#15888,#15896,#15902));
#15887 = ORIENTED_EDGE('',*,*,#15874,.F.);
#15888 = ORIENTED_EDGE('',*,*,#15889,.T.);
#15889 = EDGE_CURVE('',#15860,#15890,#15892,.T.);
#15890 = VERTEX_POINT('',#15891);
#15891 = CARTESIAN_POINT('',(15.2,96.6,122.));
#15892 = LINE('',#15893,#15894);
#15893 = CARTESIAN_POINT('',(15.2,94.2,122.));
#15894 = VECTOR('',#15895,1.);
#15895 = DIRECTION('',(0.,1.,0.));
#15896 = ORIENTED_EDGE('',*,*,#15897,.T.);
#15897 = EDGE_CURVE('',#15890,#15828,#15898,.T.);
#15898 = LINE('',#15899,#15900);
#15899 = CARTESIAN_POINT('',(15.2,96.6,122.));
#15900 = VECTOR('',#15901,1.);
#15901 = DIRECTION('',(0.,0.,1.));
#15902 = ORIENTED_EDGE('',*,*,#15835,.F.);
#15903 = PLANE('',#15904);
#15904 = AXIS2_PLACEMENT_3D('',#15905,#15906,#15907);
#15905 = CARTESIAN_POINT('',(15.2,94.2,122.));
#15906 = DIRECTION('',(1.,0.,0.));
#15907 = DIRECTION('',(0.,0.,1.));
#15908 = ADVANCED_FACE('',(#15909),#15927,.T.);
#15909 = FACE_BOUND('',#15910,.T.);
#15910 = EDGE_LOOP('',(#15911,#15919,#15925,#15926));
#15911 = ORIENTED_EDGE('',*,*,#15912,.F.);
#15912 = EDGE_CURVE('',#15913,#15890,#15915,.T.);
#15913 = VERTEX_POINT('',#15914);
#15914 = CARTESIAN_POINT('',(12.2,96.6,122.));
#15915 = LINE('',#15916,#15917);
#15916 = CARTESIAN_POINT('',(12.2,96.6,122.));
#15917 = VECTOR('',#15918,1.);
#15918 = DIRECTION('',(1.,0.,0.));
#15919 = ORIENTED_EDGE('',*,*,#15920,.T.);
#15920 = EDGE_CURVE('',#15913,#15820,#15921,.T.);
#15921 = LINE('',#15922,#15923);
#15922 = CARTESIAN_POINT('',(12.2,96.6,122.));
#15923 = VECTOR('',#15924,1.);
#15924 = DIRECTION('',(0.,0.,1.));
#15925 = ORIENTED_EDGE('',*,*,#15827,.T.);
#15926 = ORIENTED_EDGE('',*,*,#15897,.F.);
#15927 = PLANE('',#15928);
#15928 = AXIS2_PLACEMENT_3D('',#15929,#15930,#15931);
#15929 = CARTESIAN_POINT('',(12.2,96.6,122.));
#15930 = DIRECTION('',(0.,1.,0.));
#15931 = DIRECTION('',(0.,0.,1.));
#15932 = ADVANCED_FACE('',(#15933),#15958,.T.);
#15933 = FACE_BOUND('',#15934,.T.);
#15934 = EDGE_LOOP('',(#15935,#15945,#15951,#15952));
#15935 = ORIENTED_EDGE('',*,*,#15936,.F.);
#15936 = EDGE_CURVE('',#15937,#15939,#15941,.T.);
#15937 = VERTEX_POINT('',#15938);
#15938 = CARTESIAN_POINT('',(126.8,96.6,122.));
#15939 = VERTEX_POINT('',#15940);
#15940 = CARTESIAN_POINT('',(129.8,96.6,122.));
#15941 = LINE('',#15942,#15943);
#15942 = CARTESIAN_POINT('',(126.8,96.6,122.));
#15943 = VECTOR('',#15944,1.);
#15944 = DIRECTION('',(1.,0.,0.));
#15945 = ORIENTED_EDGE('',*,*,#15946,.T.);
#15946 = EDGE_CURVE('',#15937,#15797,#15947,.T.);
#15947 = LINE('',#15948,#15949);
#15948 = CARTESIAN_POINT('',(126.8,96.6,122.));
#15949 = VECTOR('',#15950,1.);
#15950 = DIRECTION('',(0.,0.,1.));
#15951 = ORIENTED_EDGE('',*,*,#15804,.T.);
#15952 = ORIENTED_EDGE('',*,*,#15953,.F.);
#15953 = EDGE_CURVE('',#15939,#15805,#15954,.T.);
#15954 = LINE('',#15955,#15956);
#15955 = CARTESIAN_POINT('',(129.8,96.6,122.));
#15956 = VECTOR('',#15957,1.);
#15957 = DIRECTION('',(0.,0.,1.));
#15958 = PLANE('',#15959);
#15959 = AXIS2_PLACEMENT_3D('',#15960,#15961,#15962);
#15960 = CARTESIAN_POINT('',(126.8,96.6,122.));
#15961 = DIRECTION('',(0.,1.,0.));
#15962 = DIRECTION('',(0.,0.,1.));
#15963 = ADVANCED_FACE('',(#15964),#15982,.F.);
#15964 = FACE_BOUND('',#15965,.F.);
#15965 = EDGE_LOOP('',(#15966,#15974,#15980,#15981));
#15966 = ORIENTED_EDGE('',*,*,#15967,.F.);
#15967 = EDGE_CURVE('',#15968,#15789,#15970,.T.);
#15968 = VERTEX_POINT('',#15969);
#15969 = CARTESIAN_POINT('',(126.8,94.2,122.));
#15970 = LINE('',#15971,#15972);
#15971 = CARTESIAN_POINT('',(126.8,94.2,122.));
#15972 = VECTOR('',#15973,1.);
#15973 = DIRECTION('',(0.,0.,1.));
#15974 = ORIENTED_EDGE('',*,*,#15975,.T.);
#15975 = EDGE_CURVE('',#15968,#15937,#15976,.T.);
#15976 = LINE('',#15977,#15978);
#15977 = CARTESIAN_POINT('',(126.8,94.2,122.));
#15978 = VECTOR('',#15979,1.);
#15979 = DIRECTION('',(0.,1.,0.));
#15980 = ORIENTED_EDGE('',*,*,#15946,.T.);
#15981 = ORIENTED_EDGE('',*,*,#15796,.F.);
#15982 = PLANE('',#15983);
#15983 = AXIS2_PLACEMENT_3D('',#15984,#15985,#15986);
#15984 = CARTESIAN_POINT('',(126.8,94.2,122.));
#15985 = DIRECTION('',(1.,0.,0.));
#15986 = DIRECTION('',(0.,0.,1.));
#15987 = ADVANCED_FACE('',(#15988),#16006,.F.);
#15988 = FACE_BOUND('',#15989,.F.);
#15989 = EDGE_LOOP('',(#15990,#15998,#15999,#16000));
#15990 = ORIENTED_EDGE('',*,*,#15991,.F.);
#15991 = EDGE_CURVE('',#15968,#15992,#15994,.T.);
#15992 = VERTEX_POINT('',#15993);
#15993 = CARTESIAN_POINT('',(129.8,94.2,122.));
#15994 = LINE('',#15995,#15996);
#15995 = CARTESIAN_POINT('',(126.8,94.2,122.));
#15996 = VECTOR('',#15997,1.);
#15997 = DIRECTION('',(1.,0.,0.));
#15998 = ORIENTED_EDGE('',*,*,#15967,.T.);
#15999 = ORIENTED_EDGE('',*,*,#15788,.T.);
#16000 = ORIENTED_EDGE('',*,*,#16001,.F.);
#16001 = EDGE_CURVE('',#15992,#15781,#16002,.T.);
#16002 = LINE('',#16003,#16004);
#16003 = CARTESIAN_POINT('',(129.8,94.2,122.));
#16004 = VECTOR('',#16005,1.);
#16005 = DIRECTION('',(0.,0.,1.));
#16006 = PLANE('',#16007);
#16007 = AXIS2_PLACEMENT_3D('',#16008,#16009,#16010);
#16008 = CARTESIAN_POINT('',(126.8,94.2,122.));
#16009 = DIRECTION('',(0.,1.,0.));
#16010 = DIRECTION('',(0.,0.,1.));
#16011 = ADVANCED_FACE('',(#16012),#16023,.F.);
#16012 = FACE_BOUND('',#16013,.F.);
#16013 = EDGE_LOOP('',(#16014,#16020,#16021,#16022));
#16014 = ORIENTED_EDGE('',*,*,#16015,.F.);
#16015 = EDGE_CURVE('',#15858,#15913,#16016,.T.);
#16016 = LINE('',#16017,#16018);
#16017 = CARTESIAN_POINT('',(12.2,94.2,122.));
#16018 = VECTOR('',#16019,1.);
#16019 = DIRECTION('',(0.,1.,0.));
#16020 = ORIENTED_EDGE('',*,*,#15857,.T.);
#16021 = ORIENTED_EDGE('',*,*,#15889,.T.);
#16022 = ORIENTED_EDGE('',*,*,#15912,.F.);
#16023 = PLANE('',#16024);
#16024 = AXIS2_PLACEMENT_3D('',#16025,#16026,#16027);
#16025 = CARTESIAN_POINT('',(12.2,94.2,122.));
#16026 = DIRECTION('',(0.,0.,1.));
#16027 = DIRECTION('',(1.,0.,0.));
#16028 = ADVANCED_FACE('',(#16029),#16040,.F.);
#16029 = FACE_BOUND('',#16030,.F.);
#16030 = EDGE_LOOP('',(#16031,#16032,#16033,#16039));
#16031 = ORIENTED_EDGE('',*,*,#15975,.F.);
#16032 = ORIENTED_EDGE('',*,*,#15991,.T.);
#16033 = ORIENTED_EDGE('',*,*,#16034,.T.);
#16034 = EDGE_CURVE('',#15992,#15939,#16035,.T.);
#16035 = LINE('',#16036,#16037);
#16036 = CARTESIAN_POINT('',(129.8,94.2,122.));
#16037 = VECTOR('',#16038,1.);
#16038 = DIRECTION('',(0.,1.,0.));
#16039 = ORIENTED_EDGE('',*,*,#15936,.F.);
#16040 = PLANE('',#16041);
#16041 = AXIS2_PLACEMENT_3D('',#16042,#16043,#16044);
#16042 = CARTESIAN_POINT('',(126.8,94.2,122.));
#16043 = DIRECTION('',(0.,0.,1.));
#16044 = DIRECTION('',(1.,0.,0.));
#16045 = ADVANCED_FACE('',(#16046),#16056,.T.);
#16046 = FACE_BOUND('',#16047,.T.);
#16047 = EDGE_LOOP('',(#16048,#16049,#16050,#16051,#16052,#16053,#16054,
    #16055));
#16048 = ORIENTED_EDGE('',*,*,#15679,.T.);
#16049 = ORIENTED_EDGE('',*,*,#15709,.T.);
#16050 = ORIENTED_EDGE('',*,*,#15750,.F.);
#16051 = ORIENTED_EDGE('',*,*,#15819,.F.);
#16052 = ORIENTED_EDGE('',*,*,#15920,.F.);
#16053 = ORIENTED_EDGE('',*,*,#16015,.F.);
#16054 = ORIENTED_EDGE('',*,*,#15867,.T.);
#16055 = ORIENTED_EDGE('',*,*,#15771,.F.);
#16056 = PLANE('',#16057);
#16057 = AXIS2_PLACEMENT_3D('',#16058,#16059,#16060);
#16058 = CARTESIAN_POINT('',(12.2,95.4,128.08108108108));
#16059 = DIRECTION('',(-1.,-0.,-0.));
#16060 = DIRECTION('',(0.,0.,-1.));
#16061 = ADVANCED_FACE('',(#16062),#16072,.T.);
#16062 = FACE_BOUND('',#16063,.T.);
#16063 = EDGE_LOOP('',(#16064,#16065,#16066,#16067,#16068,#16069,#16070,
    #16071));
#16064 = ORIENTED_EDGE('',*,*,#15695,.F.);
#16065 = ORIENTED_EDGE('',*,*,#15780,.T.);
#16066 = ORIENTED_EDGE('',*,*,#16001,.F.);
#16067 = ORIENTED_EDGE('',*,*,#16034,.T.);
#16068 = ORIENTED_EDGE('',*,*,#15953,.T.);
#16069 = ORIENTED_EDGE('',*,*,#15812,.T.);
#16070 = ORIENTED_EDGE('',*,*,#15757,.T.);
#16071 = ORIENTED_EDGE('',*,*,#15718,.F.);
#16072 = PLANE('',#16073);
#16073 = AXIS2_PLACEMENT_3D('',#16074,#16075,#16076);
#16074 = CARTESIAN_POINT('',(129.8,95.4,128.08108108108));
#16075 = DIRECTION('',(1.,0.,2.367731216302E-15));
#16076 = DIRECTION('',(-2.367731216302E-15,0.,1.));
#16077 = MANIFOLD_SOLID_BREP('',#16078);
#16078 = CLOSED_SHELL('',(#16079,#16119,#16150,#16190,#16221,#16252,
    #16283,#16307,#16342,#16368,#16396,#16413));
#16079 = ADVANCED_FACE('',(#16080),#16114,.T.);
#16080 = FACE_BOUND('',#16081,.T.);
#16081 = EDGE_LOOP('',(#16082,#16092,#16100,#16108));
#16082 = ORIENTED_EDGE('',*,*,#16083,.F.);
#16083 = EDGE_CURVE('',#16084,#16086,#16088,.T.);
#16084 = VERTEX_POINT('',#16085);
#16085 = CARTESIAN_POINT('',(17.8,2.2,134.8));
#16086 = VERTEX_POINT('',#16087);
#16087 = CARTESIAN_POINT('',(17.8,84.,134.8));
#16088 = LINE('',#16089,#16090);
#16089 = CARTESIAN_POINT('',(17.8,2.2,134.8));
#16090 = VECTOR('',#16091,1.);
#16091 = DIRECTION('',(0.,1.,0.));
#16092 = ORIENTED_EDGE('',*,*,#16093,.T.);
#16093 = EDGE_CURVE('',#16084,#16094,#16096,.T.);
#16094 = VERTEX_POINT('',#16095);
#16095 = CARTESIAN_POINT('',(18.8,2.2,134.8));
#16096 = LINE('',#16097,#16098);
#16097 = CARTESIAN_POINT('',(17.8,2.2,134.8));
#16098 = VECTOR('',#16099,1.);
#16099 = DIRECTION('',(1.,0.,0.));
#16100 = ORIENTED_EDGE('',*,*,#16101,.T.);
#16101 = EDGE_CURVE('',#16094,#16102,#16104,.T.);
#16102 = VERTEX_POINT('',#16103);
#16103 = CARTESIAN_POINT('',(18.8,84.,134.8));
#16104 = LINE('',#16105,#16106);
#16105 = CARTESIAN_POINT('',(18.8,2.2,134.8));
#16106 = VECTOR('',#16107,1.);
#16107 = DIRECTION('',(0.,1.,0.));
#16108 = ORIENTED_EDGE('',*,*,#16109,.T.);
#16109 = EDGE_CURVE('',#16102,#16086,#16110,.T.);
#16110 = LINE('',#16111,#16112);
#16111 = CARTESIAN_POINT('',(17.8,84.,134.8));
#16112 = VECTOR('',#16113,1.);
#16113 = DIRECTION('',(-1.,0.,0.));
#16114 = PLANE('',#16115);
#16115 = AXIS2_PLACEMENT_3D('',#16116,#16117,#16118);
#16116 = CARTESIAN_POINT('',(17.8,2.2,134.8));
#16117 = DIRECTION('',(0.,0.,1.));
#16118 = DIRECTION('',(1.,0.,0.));
#16119 = ADVANCED_FACE('',(#16120),#16145,.F.);
#16120 = FACE_BOUND('',#16121,.F.);
#16121 = EDGE_LOOP('',(#16122,#16132,#16138,#16139));
#16122 = ORIENTED_EDGE('',*,*,#16123,.F.);
#16123 = EDGE_CURVE('',#16124,#16126,#16128,.T.);
#16124 = VERTEX_POINT('',#16125);
#16125 = CARTESIAN_POINT('',(17.8,2.2,128.));
#16126 = VERTEX_POINT('',#16127);
#16127 = CARTESIAN_POINT('',(18.8,2.2,128.));
#16128 = LINE('',#16129,#16130);
#16129 = CARTESIAN_POINT('',(17.8,2.2,128.));
#16130 = VECTOR('',#16131,1.);
#16131 = DIRECTION('',(1.,0.,0.));
#16132 = ORIENTED_EDGE('',*,*,#16133,.T.);
#16133 = EDGE_CURVE('',#16124,#16084,#16134,.T.);
#16134 = LINE('',#16135,#16136);
#16135 = CARTESIAN_POINT('',(17.8,2.2,128.));
#16136 = VECTOR('',#16137,1.);
#16137 = DIRECTION('',(0.,0.,1.));
#16138 = ORIENTED_EDGE('',*,*,#16093,.T.);
#16139 = ORIENTED_EDGE('',*,*,#16140,.F.);
#16140 = EDGE_CURVE('',#16126,#16094,#16141,.T.);
#16141 = LINE('',#16142,#16143);
#16142 = CARTESIAN_POINT('',(18.8,2.2,128.));
#16143 = VECTOR('',#16144,1.);
#16144 = DIRECTION('',(0.,0.,1.));
#16145 = PLANE('',#16146);
#16146 = AXIS2_PLACEMENT_3D('',#16147,#16148,#16149);
#16147 = CARTESIAN_POINT('',(17.8,2.2,128.));
#16148 = DIRECTION('',(0.,1.,0.));
#16149 = DIRECTION('',(0.,0.,1.));
#16150 = ADVANCED_FACE('',(#16151),#16185,.T.);
#16151 = FACE_BOUND('',#16152,.T.);
#16152 = EDGE_LOOP('',(#16153,#16154,#16162,#16170,#16178,#16184));
#16153 = ORIENTED_EDGE('',*,*,#16083,.T.);
#16154 = ORIENTED_EDGE('',*,*,#16155,.T.);
#16155 = EDGE_CURVE('',#16086,#16156,#16158,.T.);
#16156 = VERTEX_POINT('',#16157);
#16157 = CARTESIAN_POINT('',(17.8,84.,137.4));
#16158 = LINE('',#16159,#16160);
#16159 = CARTESIAN_POINT('',(17.8,84.,128.));
#16160 = VECTOR('',#16161,1.);
#16161 = DIRECTION('',(0.,0.,1.));
#16162 = ORIENTED_EDGE('',*,*,#16163,.F.);
#16163 = EDGE_CURVE('',#16164,#16156,#16166,.T.);
#16164 = VERTEX_POINT('',#16165);
#16165 = CARTESIAN_POINT('',(17.8,92.,137.4));
#16166 = LINE('',#16167,#16168);
#16167 = CARTESIAN_POINT('',(17.8,84.,137.4));
#16168 = VECTOR('',#16169,1.);
#16169 = DIRECTION('',(0.,-1.,0.));
#16170 = ORIENTED_EDGE('',*,*,#16171,.F.);
#16171 = EDGE_CURVE('',#16172,#16164,#16174,.T.);
#16172 = VERTEX_POINT('',#16173);
#16173 = CARTESIAN_POINT('',(17.8,92.,128.));
#16174 = LINE('',#16175,#16176);
#16175 = CARTESIAN_POINT('',(17.8,92.,128.));
#16176 = VECTOR('',#16177,1.);
#16177 = DIRECTION('',(0.,0.,1.));
#16178 = ORIENTED_EDGE('',*,*,#16179,.F.);
#16179 = EDGE_CURVE('',#16124,#16172,#16180,.T.);
#16180 = LINE('',#16181,#16182);
#16181 = CARTESIAN_POINT('',(17.8,2.2,128.));
#16182 = VECTOR('',#16183,1.);
#16183 = DIRECTION('',(0.,1.,0.));
#16184 = ORIENTED_EDGE('',*,*,#16133,.T.);
#16185 = PLANE('',#16186);
#16186 = AXIS2_PLACEMENT_3D('',#16187,#16188,#16189);
#16187 = CARTESIAN_POINT('',(17.8,48.171975806452,131.62802419354));
#16188 = DIRECTION('',(-1.,-0.,-0.));
#16189 = DIRECTION('',(0.,0.,-1.));
#16190 = ADVANCED_FACE('',(#16191),#16216,.F.);
#16191 = FACE_BOUND('',#16192,.F.);
#16192 = EDGE_LOOP('',(#16193,#16203,#16209,#16210));
#16193 = ORIENTED_EDGE('',*,*,#16194,.F.);
#16194 = EDGE_CURVE('',#16195,#16197,#16199,.T.);
#16195 = VERTEX_POINT('',#16196);
#16196 = CARTESIAN_POINT('',(14.,84.,137.4));
#16197 = VERTEX_POINT('',#16198);
#16198 = CARTESIAN_POINT('',(14.,92.,137.4));
#16199 = LINE('',#16200,#16201);
#16200 = CARTESIAN_POINT('',(14.,84.,137.4));
#16201 = VECTOR('',#16202,1.);
#16202 = DIRECTION('',(0.,1.,0.));
#16203 = ORIENTED_EDGE('',*,*,#16204,.T.);
#16204 = EDGE_CURVE('',#16195,#16156,#16205,.T.);
#16205 = LINE('',#16206,#16207);
#16206 = CARTESIAN_POINT('',(13.,84.,137.4));
#16207 = VECTOR('',#16208,1.);
#16208 = DIRECTION('',(1.,0.,0.));
#16209 = ORIENTED_EDGE('',*,*,#16163,.F.);
#16210 = ORIENTED_EDGE('',*,*,#16211,.F.);
#16211 = EDGE_CURVE('',#16197,#16164,#16212,.T.);
#16212 = LINE('',#16213,#16214);
#16213 = CARTESIAN_POINT('',(13.,92.,137.4));
#16214 = VECTOR('',#16215,1.);
#16215 = DIRECTION('',(1.,0.,0.));
#16216 = PLANE('',#16217);
#16217 = AXIS2_PLACEMENT_3D('',#16218,#16219,#16220);
#16218 = CARTESIAN_POINT('',(13.,84.,137.4));
#16219 = DIRECTION('',(0.,0.,1.));
#16220 = DIRECTION('',(1.,0.,0.));
#16221 = ADVANCED_FACE('',(#16222),#16247,.T.);
#16222 = FACE_BOUND('',#16223,.T.);
#16223 = EDGE_LOOP('',(#16224,#16232,#16240,#16246));
#16224 = ORIENTED_EDGE('',*,*,#16225,.F.);
#16225 = EDGE_CURVE('',#16226,#16195,#16228,.T.);
#16226 = VERTEX_POINT('',#16227);
#16227 = CARTESIAN_POINT('',(14.,84.,133.4));
#16228 = LINE('',#16229,#16230);
#16229 = CARTESIAN_POINT('',(14.,84.,133.4));
#16230 = VECTOR('',#16231,1.);
#16231 = DIRECTION('',(0.,0.,1.));
#16232 = ORIENTED_EDGE('',*,*,#16233,.T.);
#16233 = EDGE_CURVE('',#16226,#16234,#16236,.T.);
#16234 = VERTEX_POINT('',#16235);
#16235 = CARTESIAN_POINT('',(14.,92.,133.4));
#16236 = LINE('',#16237,#16238);
#16237 = CARTESIAN_POINT('',(14.,84.,133.4));
#16238 = VECTOR('',#16239,1.);
#16239 = DIRECTION('',(0.,1.,0.));
#16240 = ORIENTED_EDGE('',*,*,#16241,.T.);
#16241 = EDGE_CURVE('',#16234,#16197,#16242,.T.);
#16242 = LINE('',#16243,#16244);
#16243 = CARTESIAN_POINT('',(14.,92.,133.4));
#16244 = VECTOR('',#16245,1.);
#16245 = DIRECTION('',(0.,0.,1.));
#16246 = ORIENTED_EDGE('',*,*,#16194,.F.);
#16247 = PLANE('',#16248);
#16248 = AXIS2_PLACEMENT_3D('',#16249,#16250,#16251);
#16249 = CARTESIAN_POINT('',(14.,84.,133.4));
#16250 = DIRECTION('',(1.,0.,0.));
#16251 = DIRECTION('',(0.,0.,1.));
#16252 = ADVANCED_FACE('',(#16253),#16278,.F.);
#16253 = FACE_BOUND('',#16254,.F.);
#16254 = EDGE_LOOP('',(#16255,#16265,#16271,#16272));
#16255 = ORIENTED_EDGE('',*,*,#16256,.F.);
#16256 = EDGE_CURVE('',#16257,#16259,#16261,.T.);
#16257 = VERTEX_POINT('',#16258);
#16258 = CARTESIAN_POINT('',(13.,84.,133.4));
#16259 = VERTEX_POINT('',#16260);
#16260 = CARTESIAN_POINT('',(13.,92.,133.4));
#16261 = LINE('',#16262,#16263);
#16262 = CARTESIAN_POINT('',(13.,84.,133.4));
#16263 = VECTOR('',#16264,1.);
#16264 = DIRECTION('',(0.,1.,0.));
#16265 = ORIENTED_EDGE('',*,*,#16266,.T.);
#16266 = EDGE_CURVE('',#16257,#16226,#16267,.T.);
#16267 = LINE('',#16268,#16269);
#16268 = CARTESIAN_POINT('',(13.,84.,133.4));
#16269 = VECTOR('',#16270,1.);
#16270 = DIRECTION('',(1.,0.,0.));
#16271 = ORIENTED_EDGE('',*,*,#16233,.T.);
#16272 = ORIENTED_EDGE('',*,*,#16273,.F.);
#16273 = EDGE_CURVE('',#16259,#16234,#16274,.T.);
#16274 = LINE('',#16275,#16276);
#16275 = CARTESIAN_POINT('',(13.,92.,133.4));
#16276 = VECTOR('',#16277,1.);
#16277 = DIRECTION('',(1.,0.,0.));
#16278 = PLANE('',#16279);
#16279 = AXIS2_PLACEMENT_3D('',#16280,#16281,#16282);
#16280 = CARTESIAN_POINT('',(13.,84.,133.4));
#16281 = DIRECTION('',(0.,0.,1.));
#16282 = DIRECTION('',(1.,0.,0.));
#16283 = ADVANCED_FACE('',(#16284),#16302,.F.);
#16284 = FACE_BOUND('',#16285,.T.);
#16285 = EDGE_LOOP('',(#16286,#16287,#16295,#16301));
#16286 = ORIENTED_EDGE('',*,*,#16179,.T.);
#16287 = ORIENTED_EDGE('',*,*,#16288,.T.);
#16288 = EDGE_CURVE('',#16172,#16289,#16291,.T.);
#16289 = VERTEX_POINT('',#16290);
#16290 = CARTESIAN_POINT('',(18.8,92.,128.));
#16291 = LINE('',#16292,#16293);
#16292 = CARTESIAN_POINT('',(17.8,92.,128.));
#16293 = VECTOR('',#16294,1.);
#16294 = DIRECTION('',(1.,0.,0.));
#16295 = ORIENTED_EDGE('',*,*,#16296,.F.);
#16296 = EDGE_CURVE('',#16126,#16289,#16297,.T.);
#16297 = LINE('',#16298,#16299);
#16298 = CARTESIAN_POINT('',(18.8,2.2,128.));
#16299 = VECTOR('',#16300,1.);
#16300 = DIRECTION('',(0.,1.,0.));
#16301 = ORIENTED_EDGE('',*,*,#16123,.F.);
#16302 = PLANE('',#16303);
#16303 = AXIS2_PLACEMENT_3D('',#16304,#16305,#16306);
#16304 = CARTESIAN_POINT('',(17.8,2.2,128.));
#16305 = DIRECTION('',(0.,0.,1.));
#16306 = DIRECTION('',(1.,0.,0.));
#16307 = ADVANCED_FACE('',(#16308),#16337,.T.);
#16308 = FACE_BOUND('',#16309,.T.);
#16309 = EDGE_LOOP('',(#16310,#16311,#16319,#16327,#16333,#16334,#16335,
    #16336));
#16310 = ORIENTED_EDGE('',*,*,#16109,.F.);
#16311 = ORIENTED_EDGE('',*,*,#16312,.T.);
#16312 = EDGE_CURVE('',#16102,#16313,#16315,.T.);
#16313 = VERTEX_POINT('',#16314);
#16314 = CARTESIAN_POINT('',(18.8,84.,139.4));
#16315 = LINE('',#16316,#16317);
#16316 = CARTESIAN_POINT('',(18.8,84.,128.));
#16317 = VECTOR('',#16318,1.);
#16318 = DIRECTION('',(0.,0.,1.));
#16319 = ORIENTED_EDGE('',*,*,#16320,.F.);
#16320 = EDGE_CURVE('',#16321,#16313,#16323,.T.);
#16321 = VERTEX_POINT('',#16322);
#16322 = CARTESIAN_POINT('',(13.,84.,139.4));
#16323 = LINE('',#16324,#16325);
#16324 = CARTESIAN_POINT('',(17.8,84.,139.4));
#16325 = VECTOR('',#16326,1.);
#16326 = DIRECTION('',(1.,0.,0.));
#16327 = ORIENTED_EDGE('',*,*,#16328,.F.);
#16328 = EDGE_CURVE('',#16257,#16321,#16329,.T.);
#16329 = LINE('',#16330,#16331);
#16330 = CARTESIAN_POINT('',(13.,84.,137.4));
#16331 = VECTOR('',#16332,1.);
#16332 = DIRECTION('',(0.,0.,1.));
#16333 = ORIENTED_EDGE('',*,*,#16266,.T.);
#16334 = ORIENTED_EDGE('',*,*,#16225,.T.);
#16335 = ORIENTED_EDGE('',*,*,#16204,.T.);
#16336 = ORIENTED_EDGE('',*,*,#16155,.F.);
#16337 = PLANE('',#16338);
#16338 = AXIS2_PLACEMENT_3D('',#16339,#16340,#16341);
#16339 = CARTESIAN_POINT('',(15.666666666667,84.,136.92222222222));
#16340 = DIRECTION('',(-0.,-1.,-0.));
#16341 = DIRECTION('',(0.,0.,-1.));
#16342 = ADVANCED_FACE('',(#16343),#16363,.T.);
#16343 = FACE_BOUND('',#16344,.T.);
#16344 = EDGE_LOOP('',(#16345,#16346,#16347,#16348,#16356,#16362));
#16345 = ORIENTED_EDGE('',*,*,#16101,.F.);
#16346 = ORIENTED_EDGE('',*,*,#16140,.F.);
#16347 = ORIENTED_EDGE('',*,*,#16296,.T.);
#16348 = ORIENTED_EDGE('',*,*,#16349,.T.);
#16349 = EDGE_CURVE('',#16289,#16350,#16352,.T.);
#16350 = VERTEX_POINT('',#16351);
#16351 = CARTESIAN_POINT('',(18.8,92.,139.4));
#16352 = LINE('',#16353,#16354);
#16353 = CARTESIAN_POINT('',(18.8,92.,128.));
#16354 = VECTOR('',#16355,1.);
#16355 = DIRECTION('',(0.,0.,1.));
#16356 = ORIENTED_EDGE('',*,*,#16357,.F.);
#16357 = EDGE_CURVE('',#16313,#16350,#16358,.T.);
#16358 = LINE('',#16359,#16360);
#16359 = CARTESIAN_POINT('',(18.8,84.,139.4));
#16360 = VECTOR('',#16361,1.);
#16361 = DIRECTION('',(0.,1.,0.));
#16362 = ORIENTED_EDGE('',*,*,#16312,.F.);
#16363 = PLANE('',#16364);
#16364 = AXIS2_PLACEMENT_3D('',#16365,#16366,#16367);
#16365 = CARTESIAN_POINT('',(18.8,48.959090909091,131.8409090909));
#16366 = DIRECTION('',(1.,0.,0.));
#16367 = DIRECTION('',(0.,0.,1.));
#16368 = ADVANCED_FACE('',(#16369),#16391,.T.);
#16369 = FACE_BOUND('',#16370,.T.);
#16370 = EDGE_LOOP('',(#16371,#16372,#16373,#16374,#16375,#16376,#16384,
    #16390));
#16371 = ORIENTED_EDGE('',*,*,#16288,.F.);
#16372 = ORIENTED_EDGE('',*,*,#16171,.T.);
#16373 = ORIENTED_EDGE('',*,*,#16211,.F.);
#16374 = ORIENTED_EDGE('',*,*,#16241,.F.);
#16375 = ORIENTED_EDGE('',*,*,#16273,.F.);
#16376 = ORIENTED_EDGE('',*,*,#16377,.T.);
#16377 = EDGE_CURVE('',#16259,#16378,#16380,.T.);
#16378 = VERTEX_POINT('',#16379);
#16379 = CARTESIAN_POINT('',(13.,92.,139.4));
#16380 = LINE('',#16381,#16382);
#16381 = CARTESIAN_POINT('',(13.,92.,133.4));
#16382 = VECTOR('',#16383,1.);
#16383 = DIRECTION('',(0.,0.,1.));
#16384 = ORIENTED_EDGE('',*,*,#16385,.T.);
#16385 = EDGE_CURVE('',#16378,#16350,#16386,.T.);
#16386 = LINE('',#16387,#16388);
#16387 = CARTESIAN_POINT('',(13.,92.,139.4));
#16388 = VECTOR('',#16389,1.);
#16389 = DIRECTION('',(1.,0.,0.));
#16390 = ORIENTED_EDGE('',*,*,#16349,.F.);
#16391 = PLANE('',#16392);
#16392 = AXIS2_PLACEMENT_3D('',#16393,#16394,#16395);
#16393 = CARTESIAN_POINT('',(16.511320754717,92.,134.99056603773));
#16394 = DIRECTION('',(0.,1.,0.));
#16395 = DIRECTION('',(0.,0.,1.));
#16396 = ADVANCED_FACE('',(#16397),#16408,.T.);
#16397 = FACE_BOUND('',#16398,.T.);
#16398 = EDGE_LOOP('',(#16399,#16400,#16406,#16407));
#16399 = ORIENTED_EDGE('',*,*,#16385,.F.);
#16400 = ORIENTED_EDGE('',*,*,#16401,.F.);
#16401 = EDGE_CURVE('',#16321,#16378,#16402,.T.);
#16402 = LINE('',#16403,#16404);
#16403 = CARTESIAN_POINT('',(13.,84.,139.4));
#16404 = VECTOR('',#16405,1.);
#16405 = DIRECTION('',(0.,1.,0.));
#16406 = ORIENTED_EDGE('',*,*,#16320,.T.);
#16407 = ORIENTED_EDGE('',*,*,#16357,.T.);
#16408 = PLANE('',#16409);
#16409 = AXIS2_PLACEMENT_3D('',#16410,#16411,#16412);
#16410 = CARTESIAN_POINT('',(15.9,88.,139.4));
#16411 = DIRECTION('',(0.,0.,1.));
#16412 = DIRECTION('',(1.,0.,0.));
#16413 = ADVANCED_FACE('',(#16414),#16420,.T.);
#16414 = FACE_BOUND('',#16415,.T.);
#16415 = EDGE_LOOP('',(#16416,#16417,#16418,#16419));
#16416 = ORIENTED_EDGE('',*,*,#16328,.T.);
#16417 = ORIENTED_EDGE('',*,*,#16401,.T.);
#16418 = ORIENTED_EDGE('',*,*,#16377,.F.);
#16419 = ORIENTED_EDGE('',*,*,#16256,.F.);
#16420 = PLANE('',#16421);
#16421 = AXIS2_PLACEMENT_3D('',#16422,#16423,#16424);
#16422 = CARTESIAN_POINT('',(13.,88.,136.4));
#16423 = DIRECTION('',(-1.,-0.,-0.));
#16424 = DIRECTION('',(0.,0.,-1.));
#16425 = MANIFOLD_SOLID_BREP('',#16426);
#16426 = CLOSED_SHELL('',(#16427,#16467,#16498,#16538,#16562,#16618,
    #16649,#16673,#16697,#16716,#16744,#16761));
#16427 = ADVANCED_FACE('',(#16428),#16462,.T.);
#16428 = FACE_BOUND('',#16429,.T.);
#16429 = EDGE_LOOP('',(#16430,#16440,#16448,#16456));
#16430 = ORIENTED_EDGE('',*,*,#16431,.F.);
#16431 = EDGE_CURVE('',#16432,#16434,#16436,.T.);
#16432 = VERTEX_POINT('',#16433);
#16433 = CARTESIAN_POINT('',(123.2,2.2,134.8));
#16434 = VERTEX_POINT('',#16435);
#16435 = CARTESIAN_POINT('',(123.2,84.,134.8));
#16436 = LINE('',#16437,#16438);
#16437 = CARTESIAN_POINT('',(123.2,2.2,134.8));
#16438 = VECTOR('',#16439,1.);
#16439 = DIRECTION('',(0.,1.,0.));
#16440 = ORIENTED_EDGE('',*,*,#16441,.T.);
#16441 = EDGE_CURVE('',#16432,#16442,#16444,.T.);
#16442 = VERTEX_POINT('',#16443);
#16443 = CARTESIAN_POINT('',(124.2,2.2,134.8));
#16444 = LINE('',#16445,#16446);
#16445 = CARTESIAN_POINT('',(123.2,2.2,134.8));
#16446 = VECTOR('',#16447,1.);
#16447 = DIRECTION('',(1.,0.,0.));
#16448 = ORIENTED_EDGE('',*,*,#16449,.T.);
#16449 = EDGE_CURVE('',#16442,#16450,#16452,.T.);
#16450 = VERTEX_POINT('',#16451);
#16451 = CARTESIAN_POINT('',(124.2,84.,134.8));
#16452 = LINE('',#16453,#16454);
#16453 = CARTESIAN_POINT('',(124.2,2.2,134.8));
#16454 = VECTOR('',#16455,1.);
#16455 = DIRECTION('',(0.,1.,0.));
#16456 = ORIENTED_EDGE('',*,*,#16457,.T.);
#16457 = EDGE_CURVE('',#16450,#16434,#16458,.T.);
#16458 = LINE('',#16459,#16460);
#16459 = CARTESIAN_POINT('',(123.2,84.,134.8));
#16460 = VECTOR('',#16461,1.);
#16461 = DIRECTION('',(-1.,0.,0.));
#16462 = PLANE('',#16463);
#16463 = AXIS2_PLACEMENT_3D('',#16464,#16465,#16466);
#16464 = CARTESIAN_POINT('',(123.2,2.2,134.8));
#16465 = DIRECTION('',(0.,0.,1.));
#16466 = DIRECTION('',(1.,0.,0.));
#16467 = ADVANCED_FACE('',(#16468),#16493,.F.);
#16468 = FACE_BOUND('',#16469,.F.);
#16469 = EDGE_LOOP('',(#16470,#16480,#16486,#16487));
#16470 = ORIENTED_EDGE('',*,*,#16471,.F.);
#16471 = EDGE_CURVE('',#16472,#16474,#16476,.T.);
#16472 = VERTEX_POINT('',#16473);
#16473 = CARTESIAN_POINT('',(123.2,2.2,128.));
#16474 = VERTEX_POINT('',#16475);
#16475 = CARTESIAN_POINT('',(124.2,2.2,128.));
#16476 = LINE('',#16477,#16478);
#16477 = CARTESIAN_POINT('',(123.2,2.2,128.));
#16478 = VECTOR('',#16479,1.);
#16479 = DIRECTION('',(1.,0.,0.));
#16480 = ORIENTED_EDGE('',*,*,#16481,.T.);
#16481 = EDGE_CURVE('',#16472,#16432,#16482,.T.);
#16482 = LINE('',#16483,#16484);
#16483 = CARTESIAN_POINT('',(123.2,2.2,128.));
#16484 = VECTOR('',#16485,1.);
#16485 = DIRECTION('',(0.,0.,1.));
#16486 = ORIENTED_EDGE('',*,*,#16441,.T.);
#16487 = ORIENTED_EDGE('',*,*,#16488,.F.);
#16488 = EDGE_CURVE('',#16474,#16442,#16489,.T.);
#16489 = LINE('',#16490,#16491);
#16490 = CARTESIAN_POINT('',(124.2,2.2,128.));
#16491 = VECTOR('',#16492,1.);
#16492 = DIRECTION('',(0.,0.,1.));
#16493 = PLANE('',#16494);
#16494 = AXIS2_PLACEMENT_3D('',#16495,#16496,#16497);
#16495 = CARTESIAN_POINT('',(123.2,2.2,128.));
#16496 = DIRECTION('',(0.,1.,0.));
#16497 = DIRECTION('',(0.,0.,1.));
#16498 = ADVANCED_FACE('',(#16499),#16533,.T.);
#16499 = FACE_BOUND('',#16500,.T.);
#16500 = EDGE_LOOP('',(#16501,#16502,#16510,#16518,#16526,#16532));
#16501 = ORIENTED_EDGE('',*,*,#16431,.T.);
#16502 = ORIENTED_EDGE('',*,*,#16503,.T.);
#16503 = EDGE_CURVE('',#16434,#16504,#16506,.T.);
#16504 = VERTEX_POINT('',#16505);
#16505 = CARTESIAN_POINT('',(123.2,84.,139.4));
#16506 = LINE('',#16507,#16508);
#16507 = CARTESIAN_POINT('',(123.2,84.,128.));
#16508 = VECTOR('',#16509,1.);
#16509 = DIRECTION('',(0.,0.,1.));
#16510 = ORIENTED_EDGE('',*,*,#16511,.T.);
#16511 = EDGE_CURVE('',#16504,#16512,#16514,.T.);
#16512 = VERTEX_POINT('',#16513);
#16513 = CARTESIAN_POINT('',(123.2,92.,139.4));
#16514 = LINE('',#16515,#16516);
#16515 = CARTESIAN_POINT('',(123.2,84.,139.4));
#16516 = VECTOR('',#16517,1.);
#16517 = DIRECTION('',(0.,1.,0.));
#16518 = ORIENTED_EDGE('',*,*,#16519,.F.);
#16519 = EDGE_CURVE('',#16520,#16512,#16522,.T.);
#16520 = VERTEX_POINT('',#16521);
#16521 = CARTESIAN_POINT('',(123.2,92.,128.));
#16522 = LINE('',#16523,#16524);
#16523 = CARTESIAN_POINT('',(123.2,92.,128.));
#16524 = VECTOR('',#16525,1.);
#16525 = DIRECTION('',(0.,0.,1.));
#16526 = ORIENTED_EDGE('',*,*,#16527,.F.);
#16527 = EDGE_CURVE('',#16472,#16520,#16528,.T.);
#16528 = LINE('',#16529,#16530);
#16529 = CARTESIAN_POINT('',(123.2,2.2,128.));
#16530 = VECTOR('',#16531,1.);
#16531 = DIRECTION('',(0.,1.,0.));
#16532 = ORIENTED_EDGE('',*,*,#16481,.T.);
#16533 = PLANE('',#16534);
#16534 = AXIS2_PLACEMENT_3D('',#16535,#16536,#16537);
#16535 = CARTESIAN_POINT('',(123.2,48.959090909091,131.8409090909));
#16536 = DIRECTION('',(-1.,-0.,-0.));
#16537 = DIRECTION('',(0.,0.,-1.));
#16538 = ADVANCED_FACE('',(#16539),#16557,.F.);
#16539 = FACE_BOUND('',#16540,.T.);
#16540 = EDGE_LOOP('',(#16541,#16542,#16550,#16556));
#16541 = ORIENTED_EDGE('',*,*,#16527,.T.);
#16542 = ORIENTED_EDGE('',*,*,#16543,.T.);
#16543 = EDGE_CURVE('',#16520,#16544,#16546,.T.);
#16544 = VERTEX_POINT('',#16545);
#16545 = CARTESIAN_POINT('',(124.2,92.,128.));
#16546 = LINE('',#16547,#16548);
#16547 = CARTESIAN_POINT('',(123.2,92.,128.));
#16548 = VECTOR('',#16549,1.);
#16549 = DIRECTION('',(1.,0.,0.));
#16550 = ORIENTED_EDGE('',*,*,#16551,.F.);
#16551 = EDGE_CURVE('',#16474,#16544,#16552,.T.);
#16552 = LINE('',#16553,#16554);
#16553 = CARTESIAN_POINT('',(124.2,2.2,128.));
#16554 = VECTOR('',#16555,1.);
#16555 = DIRECTION('',(0.,1.,0.));
#16556 = ORIENTED_EDGE('',*,*,#16471,.F.);
#16557 = PLANE('',#16558);
#16558 = AXIS2_PLACEMENT_3D('',#16559,#16560,#16561);
#16559 = CARTESIAN_POINT('',(123.2,2.2,128.));
#16560 = DIRECTION('',(0.,0.,1.));
#16561 = DIRECTION('',(1.,0.,0.));
#16562 = ADVANCED_FACE('',(#16563),#16613,.T.);
#16563 = FACE_BOUND('',#16564,.T.);
#16564 = EDGE_LOOP('',(#16565,#16566,#16574,#16582,#16590,#16598,#16606,
    #16612));
#16565 = ORIENTED_EDGE('',*,*,#16457,.F.);
#16566 = ORIENTED_EDGE('',*,*,#16567,.T.);
#16567 = EDGE_CURVE('',#16450,#16568,#16570,.T.);
#16568 = VERTEX_POINT('',#16569);
#16569 = CARTESIAN_POINT('',(124.2,84.,137.4));
#16570 = LINE('',#16571,#16572);
#16571 = CARTESIAN_POINT('',(124.2,84.,128.));
#16572 = VECTOR('',#16573,1.);
#16573 = DIRECTION('',(0.,0.,1.));
#16574 = ORIENTED_EDGE('',*,*,#16575,.T.);
#16575 = EDGE_CURVE('',#16568,#16576,#16578,.T.);
#16576 = VERTEX_POINT('',#16577);
#16577 = CARTESIAN_POINT('',(128.,84.,137.4));
#16578 = LINE('',#16579,#16580);
#16579 = CARTESIAN_POINT('',(123.2,84.,137.4));
#16580 = VECTOR('',#16581,1.);
#16581 = DIRECTION('',(1.,0.,0.));
#16582 = ORIENTED_EDGE('',*,*,#16583,.F.);
#16583 = EDGE_CURVE('',#16584,#16576,#16586,.T.);
#16584 = VERTEX_POINT('',#16585);
#16585 = CARTESIAN_POINT('',(128.,84.,133.4));
#16586 = LINE('',#16587,#16588);
#16587 = CARTESIAN_POINT('',(128.,84.,133.4));
#16588 = VECTOR('',#16589,1.);
#16589 = DIRECTION('',(0.,0.,1.));
#16590 = ORIENTED_EDGE('',*,*,#16591,.T.);
#16591 = EDGE_CURVE('',#16584,#16592,#16594,.T.);
#16592 = VERTEX_POINT('',#16593);
#16593 = CARTESIAN_POINT('',(129.,84.,133.4));
#16594 = LINE('',#16595,#16596);
#16595 = CARTESIAN_POINT('',(128.,84.,133.4));
#16596 = VECTOR('',#16597,1.);
#16597 = DIRECTION('',(1.,0.,0.));
#16598 = ORIENTED_EDGE('',*,*,#16599,.T.);
#16599 = EDGE_CURVE('',#16592,#16600,#16602,.T.);
#16600 = VERTEX_POINT('',#16601);
#16601 = CARTESIAN_POINT('',(129.,84.,139.4));
#16602 = LINE('',#16603,#16604);
#16603 = CARTESIAN_POINT('',(129.,84.,133.4));
#16604 = VECTOR('',#16605,1.);
#16605 = DIRECTION('',(0.,0.,1.));
#16606 = ORIENTED_EDGE('',*,*,#16607,.F.);
#16607 = EDGE_CURVE('',#16504,#16600,#16608,.T.);
#16608 = LINE('',#16609,#16610);
#16609 = CARTESIAN_POINT('',(123.2,84.,139.4));
#16610 = VECTOR('',#16611,1.);
#16611 = DIRECTION('',(1.,0.,0.));
#16612 = ORIENTED_EDGE('',*,*,#16503,.F.);
#16613 = PLANE('',#16614);
#16614 = AXIS2_PLACEMENT_3D('',#16615,#16616,#16617);
#16615 = CARTESIAN_POINT('',(126.33333333333,84.,136.92222222222));
#16616 = DIRECTION('',(-0.,-1.,-0.));
#16617 = DIRECTION('',(0.,0.,-1.));
#16618 = ADVANCED_FACE('',(#16619),#16644,.F.);
#16619 = FACE_BOUND('',#16620,.F.);
#16620 = EDGE_LOOP('',(#16621,#16629,#16630,#16638));
#16621 = ORIENTED_EDGE('',*,*,#16622,.T.);
#16622 = EDGE_CURVE('',#16623,#16568,#16625,.T.);
#16623 = VERTEX_POINT('',#16624);
#16624 = CARTESIAN_POINT('',(124.2,92.,137.4));
#16625 = LINE('',#16626,#16627);
#16626 = CARTESIAN_POINT('',(124.2,84.,137.4));
#16627 = VECTOR('',#16628,1.);
#16628 = DIRECTION('',(0.,-1.,0.));
#16629 = ORIENTED_EDGE('',*,*,#16575,.T.);
#16630 = ORIENTED_EDGE('',*,*,#16631,.T.);
#16631 = EDGE_CURVE('',#16576,#16632,#16634,.T.);
#16632 = VERTEX_POINT('',#16633);
#16633 = CARTESIAN_POINT('',(128.,92.,137.4));
#16634 = LINE('',#16635,#16636);
#16635 = CARTESIAN_POINT('',(128.,84.,137.4));
#16636 = VECTOR('',#16637,1.);
#16637 = DIRECTION('',(0.,1.,0.));
#16638 = ORIENTED_EDGE('',*,*,#16639,.F.);
#16639 = EDGE_CURVE('',#16623,#16632,#16640,.T.);
#16640 = LINE('',#16641,#16642);
#16641 = CARTESIAN_POINT('',(123.2,92.,137.4));
#16642 = VECTOR('',#16643,1.);
#16643 = DIRECTION('',(1.,0.,0.));
#16644 = PLANE('',#16645);
#16645 = AXIS2_PLACEMENT_3D('',#16646,#16647,#16648);
#16646 = CARTESIAN_POINT('',(123.2,84.,137.4));
#16647 = DIRECTION('',(0.,0.,1.));
#16648 = DIRECTION('',(1.,0.,0.));
#16649 = ADVANCED_FACE('',(#16650),#16668,.F.);
#16650 = FACE_BOUND('',#16651,.F.);
#16651 = EDGE_LOOP('',(#16652,#16653,#16661,#16667));
#16652 = ORIENTED_EDGE('',*,*,#16583,.F.);
#16653 = ORIENTED_EDGE('',*,*,#16654,.T.);
#16654 = EDGE_CURVE('',#16584,#16655,#16657,.T.);
#16655 = VERTEX_POINT('',#16656);
#16656 = CARTESIAN_POINT('',(128.,92.,133.4));
#16657 = LINE('',#16658,#16659);
#16658 = CARTESIAN_POINT('',(128.,84.,133.4));
#16659 = VECTOR('',#16660,1.);
#16660 = DIRECTION('',(0.,1.,0.));
#16661 = ORIENTED_EDGE('',*,*,#16662,.T.);
#16662 = EDGE_CURVE('',#16655,#16632,#16663,.T.);
#16663 = LINE('',#16664,#16665);
#16664 = CARTESIAN_POINT('',(128.,92.,133.4));
#16665 = VECTOR('',#16666,1.);
#16666 = DIRECTION('',(0.,0.,1.));
#16667 = ORIENTED_EDGE('',*,*,#16631,.F.);
#16668 = PLANE('',#16669);
#16669 = AXIS2_PLACEMENT_3D('',#16670,#16671,#16672);
#16670 = CARTESIAN_POINT('',(128.,84.,133.4));
#16671 = DIRECTION('',(1.,0.,0.));
#16672 = DIRECTION('',(0.,0.,1.));
#16673 = ADVANCED_FACE('',(#16674),#16692,.F.);
#16674 = FACE_BOUND('',#16675,.F.);
#16675 = EDGE_LOOP('',(#16676,#16677,#16678,#16686));
#16676 = ORIENTED_EDGE('',*,*,#16654,.F.);
#16677 = ORIENTED_EDGE('',*,*,#16591,.T.);
#16678 = ORIENTED_EDGE('',*,*,#16679,.T.);
#16679 = EDGE_CURVE('',#16592,#16680,#16682,.T.);
#16680 = VERTEX_POINT('',#16681);
#16681 = CARTESIAN_POINT('',(129.,92.,133.4));
#16682 = LINE('',#16683,#16684);
#16683 = CARTESIAN_POINT('',(129.,84.,133.4));
#16684 = VECTOR('',#16685,1.);
#16685 = DIRECTION('',(0.,1.,0.));
#16686 = ORIENTED_EDGE('',*,*,#16687,.F.);
#16687 = EDGE_CURVE('',#16655,#16680,#16688,.T.);
#16688 = LINE('',#16689,#16690);
#16689 = CARTESIAN_POINT('',(128.,92.,133.4));
#16690 = VECTOR('',#16691,1.);
#16691 = DIRECTION('',(1.,0.,0.));
#16692 = PLANE('',#16693);
#16693 = AXIS2_PLACEMENT_3D('',#16694,#16695,#16696);
#16694 = CARTESIAN_POINT('',(128.,84.,133.4));
#16695 = DIRECTION('',(0.,0.,1.));
#16696 = DIRECTION('',(1.,0.,0.));
#16697 = ADVANCED_FACE('',(#16698),#16711,.T.);
#16698 = FACE_BOUND('',#16699,.T.);
#16699 = EDGE_LOOP('',(#16700,#16701,#16702,#16703,#16709,#16710));
#16700 = ORIENTED_EDGE('',*,*,#16449,.F.);
#16701 = ORIENTED_EDGE('',*,*,#16488,.F.);
#16702 = ORIENTED_EDGE('',*,*,#16551,.T.);
#16703 = ORIENTED_EDGE('',*,*,#16704,.T.);
#16704 = EDGE_CURVE('',#16544,#16623,#16705,.T.);
#16705 = LINE('',#16706,#16707);
#16706 = CARTESIAN_POINT('',(124.2,92.,128.));
#16707 = VECTOR('',#16708,1.);
#16708 = DIRECTION('',(0.,0.,1.));
#16709 = ORIENTED_EDGE('',*,*,#16622,.T.);
#16710 = ORIENTED_EDGE('',*,*,#16567,.F.);
#16711 = PLANE('',#16712);
#16712 = AXIS2_PLACEMENT_3D('',#16713,#16714,#16715);
#16713 = CARTESIAN_POINT('',(124.2,48.171975806452,131.62802419354));
#16714 = DIRECTION('',(1.,0.,0.));
#16715 = DIRECTION('',(0.,0.,1.));
#16716 = ADVANCED_FACE('',(#16717),#16739,.T.);
#16717 = FACE_BOUND('',#16718,.T.);
#16718 = EDGE_LOOP('',(#16719,#16720,#16721,#16729,#16735,#16736,#16737,
    #16738));
#16719 = ORIENTED_EDGE('',*,*,#16543,.F.);
#16720 = ORIENTED_EDGE('',*,*,#16519,.T.);
#16721 = ORIENTED_EDGE('',*,*,#16722,.T.);
#16722 = EDGE_CURVE('',#16512,#16723,#16725,.T.);
#16723 = VERTEX_POINT('',#16724);
#16724 = CARTESIAN_POINT('',(129.,92.,139.4));
#16725 = LINE('',#16726,#16727);
#16726 = CARTESIAN_POINT('',(123.2,92.,139.4));
#16727 = VECTOR('',#16728,1.);
#16728 = DIRECTION('',(1.,0.,0.));
#16729 = ORIENTED_EDGE('',*,*,#16730,.F.);
#16730 = EDGE_CURVE('',#16680,#16723,#16731,.T.);
#16731 = LINE('',#16732,#16733);
#16732 = CARTESIAN_POINT('',(129.,92.,137.4));
#16733 = VECTOR('',#16734,1.);
#16734 = DIRECTION('',(0.,0.,1.));
#16735 = ORIENTED_EDGE('',*,*,#16687,.F.);
#16736 = ORIENTED_EDGE('',*,*,#16662,.T.);
#16737 = ORIENTED_EDGE('',*,*,#16639,.F.);
#16738 = ORIENTED_EDGE('',*,*,#16704,.F.);
#16739 = PLANE('',#16740);
#16740 = AXIS2_PLACEMENT_3D('',#16741,#16742,#16743);
#16741 = CARTESIAN_POINT('',(125.48867924528,92.,134.99056603773));
#16742 = DIRECTION('',(0.,1.,0.));
#16743 = DIRECTION('',(0.,0.,1.));
#16744 = ADVANCED_FACE('',(#16745),#16756,.T.);
#16745 = FACE_BOUND('',#16746,.T.);
#16746 = EDGE_LOOP('',(#16747,#16748,#16749,#16755));
#16747 = ORIENTED_EDGE('',*,*,#16511,.F.);
#16748 = ORIENTED_EDGE('',*,*,#16607,.T.);
#16749 = ORIENTED_EDGE('',*,*,#16750,.T.);
#16750 = EDGE_CURVE('',#16600,#16723,#16751,.T.);
#16751 = LINE('',#16752,#16753);
#16752 = CARTESIAN_POINT('',(129.,84.,139.4));
#16753 = VECTOR('',#16754,1.);
#16754 = DIRECTION('',(0.,1.,0.));
#16755 = ORIENTED_EDGE('',*,*,#16722,.F.);
#16756 = PLANE('',#16757);
#16757 = AXIS2_PLACEMENT_3D('',#16758,#16759,#16760);
#16758 = CARTESIAN_POINT('',(126.1,88.,139.4));
#16759 = DIRECTION('',(0.,0.,1.));
#16760 = DIRECTION('',(1.,0.,0.));
#16761 = ADVANCED_FACE('',(#16762),#16768,.T.);
#16762 = FACE_BOUND('',#16763,.T.);
#16763 = EDGE_LOOP('',(#16764,#16765,#16766,#16767));
#16764 = ORIENTED_EDGE('',*,*,#16599,.F.);
#16765 = ORIENTED_EDGE('',*,*,#16679,.T.);
#16766 = ORIENTED_EDGE('',*,*,#16730,.T.);
#16767 = ORIENTED_EDGE('',*,*,#16750,.F.);
#16768 = PLANE('',#16769);
#16769 = AXIS2_PLACEMENT_3D('',#16770,#16771,#16772);
#16770 = CARTESIAN_POINT('',(129.,88.,136.4));
#16771 = DIRECTION('',(1.,0.,0.));
#16772 = DIRECTION('',(0.,0.,1.));
#16773 = ( GEOMETRIC_REPRESENTATION_CONTEXT(3) 
GLOBAL_UNCERTAINTY_ASSIGNED_CONTEXT((#16777)) 
GLOBAL_UNIT_ASSIGNED_CONTEXT((#16774,#16775,#16776)) 
REPRESENTATION_CONTEXT('Context #1',
  '3D Context with UNIT and UNCERTAINTY') );
#16774 = ( LENGTH_UNIT() NAMED_UNIT(*) SI_UNIT(.MILLI.,.METRE.) );
#16775 = ( NAMED_UNIT(*) PLANE_ANGLE_UNIT() SI_UNIT($,.RADIAN.) );
#16776 = ( NAMED_UNIT(*) SI_UNIT($,.STERADIAN.) SOLID_ANGLE_UNIT() );
#16777 = UNCERTAINTY_MEASURE_WITH_UNIT(LENGTH_MEASURE(5.E-05),#16774,
  'distance_accuracy_value','confusion accuracy');
#16778 = PRODUCT_RELATED_PRODUCT_CATEGORY('part',$,(#7));
ENDSEC;
END-ISO-10303-21;
