ISO-10303-21;
HEADER;
FILE_DESCRIPTION(('FreeCAD Model'),'2;1');
FILE_NAME('Open CASCADE Shape Model','2026-10-03T14:59:37',('FreeCAD'),(
    'FreeCAD'),'Open CASCADE STEP processor 7.8','FreeCAD','Unknown');
FILE_SCHEMA(('AUTOMOTIVE_DESIGN { 1 0 10303 214 1 1 1 1 }'));
ENDSEC;
DATA;
#1 = APPLICATION_PROTOCOL_DEFINITION('international standard',
  'automotive_design',2000,#2);
#2 = APPLICATION_CONTEXT(
  'core data for automotive mechanical design processes');
#3 = SHAPE_DEFINITION_REPRESENTATION(#4,#10);
#4 = PRODUCT_DEFINITION_SHAPE('','',#5);
#5 = PRODUCT_DEFINITION('design','',#6,#9);
#6 = PRODUCT_DEFINITION_FORMATION('','',#7);
#7 = PRODUCT('Open CASCADE STEP translator 7.8 3',
  'Open CASCADE STEP translator 7.8 3','',(#8));
#8 = PRODUCT_CONTEXT('',#2,'mechanical');
#9 = PRODUCT_DEFINITION_CONTEXT('part definition',#2,'design');
#10 = ADVANCED_BREP_SHAPE_REPRESENTATION('',(#11,#15),#2689);
#11 = AXIS2_PLACEMENT_3D('',#12,#13,#14);
#12 = CARTESIAN_POINT('',(0.,0.,0.));
#13 = DIRECTION('',(0.,0.,1.));
#14 = DIRECTION('',(1.,0.,-0.));
#15 = MANIFOLD_SOLID_BREP('',#16);
#16 = CLOSED_SHELL('',(#17,#57,#88,#135,#198,#229,#276,#323,#354,#393,
    #426,#466,#513,#546,#578,#625,#647,#688,#876,#907,#937,#961,#1001,
    #1048,#1079,#1133,#1173,#1204,#1235,#1259,#1290,#1328,#1340,#1371,
    #1388,#1405,#1417,#1429,#1511,#1528,#1553,#1570,#1580,#1598,#1615,
    #1632,#1649,#1666,#1678,#1709,#1726,#1817,#2010,#2027,#2044,#2061,
    #2087,#2104,#2116,#2140,#2174,#2206,#2229,#2254,#2276,#2293,#2310,
    #2322,#2362,#2395,#2424,#2448,#2472,#2484,#2496,#2508,#2518,#2553,
    #2609,#2640,#2654,#2673));
#17 = ADVANCED_FACE('',(#18),#52,.T.);
#18 = FACE_BOUND('',#19,.T.);
#19 = EDGE_LOOP('',(#20,#30,#38,#46));
#20 = ORIENTED_EDGE('',*,*,#21,.F.);
#21 = EDGE_CURVE('',#22,#24,#26,.T.);
#22 = VERTEX_POINT('',#23);
#23 = CARTESIAN_POINT('',(130.,67.,8.));
#24 = VERTEX_POINT('',#25);
#25 = CARTESIAN_POINT('',(130.,84.,8.));
#26 = LINE('',#27,#28);
#27 = CARTESIAN_POINT('',(130.,0.,8.));
#28 = VECTOR('',#29,1.);
#29 = DIRECTION('',(0.,1.,0.));
#30 = ORIENTED_EDGE('',*,*,#31,.F.);
#31 = EDGE_CURVE('',#32,#22,#34,.T.);
#32 = VERTEX_POINT('',#33);
#33 = CARTESIAN_POINT('',(130.,67.,6.));
#34 = LINE('',#35,#36);
#35 = CARTESIAN_POINT('',(130.,67.,3.));
#36 = VECTOR('',#37,1.);
#37 = DIRECTION('',(0.,0.,1.));
#38 = ORIENTED_EDGE('',*,*,#39,.T.);
#39 = EDGE_CURVE('',#32,#40,#42,.T.);
#40 = VERTEX_POINT('',#41);
#41 = CARTESIAN_POINT('',(130.,84.,6.));
#42 = LINE('',#43,#44);
#43 = CARTESIAN_POINT('',(130.,0.,6.));
#44 = VECTOR('',#45,1.);
#45 = DIRECTION('',(0.,1.,0.));
#46 = ORIENTED_EDGE('',*,*,#47,.F.);
#47 = EDGE_CURVE('',#24,#40,#48,.T.);
#48 = LINE('',#49,#50);
#49 = CARTESIAN_POINT('',(130.,84.,6.));
#50 = VECTOR('',#51,1.);
#51 = DIRECTION('',(0.,0.,-1.));
#52 = PLANE('',#53);
#53 = AXIS2_PLACEMENT_3D('',#54,#55,#56);
#54 = CARTESIAN_POINT('',(130.,0.,6.));
#55 = DIRECTION('',(1.,0.,0.));
#56 = DIRECTION('',(0.,0.,1.));
#57 = ADVANCED_FACE('',(#58),#83,.T.);
#58 = FACE_BOUND('',#59,.T.);
#59 = EDGE_LOOP('',(#60,#70,#76,#77));
#60 = ORIENTED_EDGE('',*,*,#61,.F.);
#61 = EDGE_CURVE('',#62,#64,#66,.T.);
#62 = VERTEX_POINT('',#63);
#63 = CARTESIAN_POINT('',(127.7,67.,8.));
#64 = VERTEX_POINT('',#65);
#65 = CARTESIAN_POINT('',(127.7,84.,8.));
#66 = LINE('',#67,#68);
#67 = CARTESIAN_POINT('',(127.7,0.,8.));
#68 = VECTOR('',#69,1.);
#69 = DIRECTION('',(0.,1.,0.));
#70 = ORIENTED_EDGE('',*,*,#71,.F.);
#71 = EDGE_CURVE('',#22,#62,#72,.T.);
#72 = LINE('',#73,#74);
#73 = CARTESIAN_POINT('',(59.8,67.,8.));
#74 = VECTOR('',#75,1.);
#75 = DIRECTION('',(-1.,0.,0.));
#76 = ORIENTED_EDGE('',*,*,#21,.T.);
#77 = ORIENTED_EDGE('',*,*,#78,.F.);
#78 = EDGE_CURVE('',#64,#24,#79,.T.);
#79 = LINE('',#80,#81);
#80 = CARTESIAN_POINT('',(122.8,84.,8.));
#81 = VECTOR('',#82,1.);
#82 = DIRECTION('',(1.,0.,0.));
#83 = PLANE('',#84);
#84 = AXIS2_PLACEMENT_3D('',#85,#86,#87);
#85 = CARTESIAN_POINT('',(119.6,0.,8.));
#86 = DIRECTION('',(0.,0.,1.));
#87 = DIRECTION('',(1.,0.,0.));
#88 = ADVANCED_FACE('',(#89),#130,.T.);
#89 = FACE_BOUND('',#90,.T.);
#90 = EDGE_LOOP('',(#91,#101,#107,#108,#116,#124));
#91 = ORIENTED_EDGE('',*,*,#92,.F.);
#92 = EDGE_CURVE('',#93,#95,#97,.T.);
#93 = VERTEX_POINT('',#94);
#94 = CARTESIAN_POINT('',(127.7,67.,17.4));
#95 = VERTEX_POINT('',#96);
#96 = CARTESIAN_POINT('',(127.7,92.,17.4));
#97 = LINE('',#98,#99);
#98 = CARTESIAN_POINT('',(127.7,0.,17.4));
#99 = VECTOR('',#100,1.);
#100 = DIRECTION('',(0.,1.,0.));
#101 = ORIENTED_EDGE('',*,*,#102,.F.);
#102 = EDGE_CURVE('',#62,#93,#103,.T.);
#103 = LINE('',#104,#105);
#104 = CARTESIAN_POINT('',(127.7,67.,6.46943793911));
#105 = VECTOR('',#106,1.);
#106 = DIRECTION('',(0.,0.,1.));
#107 = ORIENTED_EDGE('',*,*,#61,.T.);
#108 = ORIENTED_EDGE('',*,*,#109,.F.);
#109 = EDGE_CURVE('',#110,#64,#112,.T.);
#110 = VERTEX_POINT('',#111);
#111 = CARTESIAN_POINT('',(127.7,84.,13.1));
#112 = LINE('',#113,#114);
#113 = CARTESIAN_POINT('',(127.7,84.,7.));
#114 = VECTOR('',#115,1.);
#115 = DIRECTION('',(0.,0.,-1.));
#116 = ORIENTED_EDGE('',*,*,#117,.T.);
#117 = EDGE_CURVE('',#110,#118,#120,.T.);
#118 = VERTEX_POINT('',#119);
#119 = CARTESIAN_POINT('',(127.7,92.,13.1));
#120 = LINE('',#121,#122);
#121 = CARTESIAN_POINT('',(127.7,41.85,13.1));
#122 = VECTOR('',#123,1.);
#123 = DIRECTION('',(0.,1.,0.));
#124 = ORIENTED_EDGE('',*,*,#125,.T.);
#125 = EDGE_CURVE('',#118,#95,#126,.T.);
#126 = LINE('',#127,#128);
#127 = CARTESIAN_POINT('',(127.7,92.,8.));
#128 = VECTOR('',#129,1.);
#129 = DIRECTION('',(0.,0.,1.));
#130 = PLANE('',#131);
#131 = AXIS2_PLACEMENT_3D('',#132,#133,#134);
#132 = CARTESIAN_POINT('',(127.7,53.76112412178,12.93887587822));
#133 = DIRECTION('',(1.,0.,0.));
#134 = DIRECTION('',(0.,0.,1.));
#135 = ADVANCED_FACE('',(#136),#193,.T.);
#136 = FACE_BOUND('',#137,.T.);
#137 = EDGE_LOOP('',(#138,#148,#156,#162,#163,#171,#179,#187));
#138 = ORIENTED_EDGE('',*,*,#139,.F.);
#139 = EDGE_CURVE('',#140,#142,#144,.T.);
#140 = VERTEX_POINT('',#141);
#141 = CARTESIAN_POINT('',(121.6,92.,17.4));
#142 = VERTEX_POINT('',#143);
#143 = CARTESIAN_POINT('',(122.9,92.,17.4));
#144 = LINE('',#145,#146);
#145 = CARTESIAN_POINT('',(124.2,92.,17.4));
#146 = VECTOR('',#147,1.);
#147 = DIRECTION('',(1.,0.,0.));
#148 = ORIENTED_EDGE('',*,*,#149,.F.);
#149 = EDGE_CURVE('',#150,#140,#152,.T.);
#150 = VERTEX_POINT('',#151);
#151 = CARTESIAN_POINT('',(121.6,67.,17.4));
#152 = LINE('',#153,#154);
#153 = CARTESIAN_POINT('',(121.6,0.,17.4));
#154 = VECTOR('',#155,1.);
#155 = DIRECTION('',(0.,1.,0.));
#156 = ORIENTED_EDGE('',*,*,#157,.F.);
#157 = EDGE_CURVE('',#93,#150,#158,.T.);
#158 = LINE('',#159,#160);
#159 = CARTESIAN_POINT('',(62.255682976555,67.,17.4));
#160 = VECTOR('',#161,1.);
#161 = DIRECTION('',(-1.,0.,0.));
#162 = ORIENTED_EDGE('',*,*,#92,.T.);
#163 = ORIENTED_EDGE('',*,*,#164,.F.);
#164 = EDGE_CURVE('',#165,#95,#167,.T.);
#165 = VERTEX_POINT('',#166);
#166 = CARTESIAN_POINT('',(124.5,92.,17.4));
#167 = LINE('',#168,#169);
#168 = CARTESIAN_POINT('',(124.2,92.,17.4));
#169 = VECTOR('',#170,1.);
#170 = DIRECTION('',(1.,0.,0.));
#171 = ORIENTED_EDGE('',*,*,#172,.F.);
#172 = EDGE_CURVE('',#173,#165,#175,.T.);
#173 = VERTEX_POINT('',#174);
#174 = CARTESIAN_POINT('',(124.5,83.7,17.4));
#175 = LINE('',#176,#177);
#176 = CARTESIAN_POINT('',(124.5,64.919317023445,17.4));
#177 = VECTOR('',#178,1.);
#178 = DIRECTION('',(0.,1.,0.));
#179 = ORIENTED_EDGE('',*,*,#180,.T.);
#180 = EDGE_CURVE('',#173,#181,#183,.T.);
#181 = VERTEX_POINT('',#182);
#182 = CARTESIAN_POINT('',(122.9,83.7,17.4));
#183 = LINE('',#184,#185);
#184 = CARTESIAN_POINT('',(123.70568297655,83.7,17.4));
#185 = VECTOR('',#186,1.);
#186 = DIRECTION('',(-1.,0.,0.));
#187 = ORIENTED_EDGE('',*,*,#188,.T.);
#188 = EDGE_CURVE('',#181,#142,#189,.T.);
#189 = LINE('',#190,#191);
#190 = CARTESIAN_POINT('',(122.9,64.919317023445,17.4));
#191 = VECTOR('',#192,1.);
#192 = DIRECTION('',(0.,1.,0.));
#193 = PLANE('',#194);
#194 = AXIS2_PLACEMENT_3D('',#195,#196,#197);
#195 = CARTESIAN_POINT('',(124.5113659531,46.138634046891,17.4));
#196 = DIRECTION('',(0.,0.,1.));
#197 = DIRECTION('',(1.,0.,0.));
#198 = ADVANCED_FACE('',(#199),#224,.F.);
#199 = FACE_BOUND('',#200,.F.);
#200 = EDGE_LOOP('',(#201,#202,#210,#218));
#201 = ORIENTED_EDGE('',*,*,#149,.F.);
#202 = ORIENTED_EDGE('',*,*,#203,.F.);
#203 = EDGE_CURVE('',#204,#150,#206,.T.);
#204 = VERTEX_POINT('',#205);
#205 = CARTESIAN_POINT('',(121.6,67.,15.));
#206 = LINE('',#207,#208);
#207 = CARTESIAN_POINT('',(121.6,67.,7.5));
#208 = VECTOR('',#209,1.);
#209 = DIRECTION('',(0.,0.,1.));
#210 = ORIENTED_EDGE('',*,*,#211,.T.);
#211 = EDGE_CURVE('',#204,#212,#214,.T.);
#212 = VERTEX_POINT('',#213);
#213 = CARTESIAN_POINT('',(121.6,92.,15.));
#214 = LINE('',#215,#216);
#215 = CARTESIAN_POINT('',(121.6,0.,15.));
#216 = VECTOR('',#217,1.);
#217 = DIRECTION('',(0.,1.,0.));
#218 = ORIENTED_EDGE('',*,*,#219,.T.);
#219 = EDGE_CURVE('',#212,#140,#220,.T.);
#220 = LINE('',#221,#222);
#221 = CARTESIAN_POINT('',(121.6,92.,15.));
#222 = VECTOR('',#223,1.);
#223 = DIRECTION('',(0.,0.,1.));
#224 = PLANE('',#225);
#225 = AXIS2_PLACEMENT_3D('',#226,#227,#228);
#226 = CARTESIAN_POINT('',(121.6,0.,15.));
#227 = DIRECTION('',(1.,0.,0.));
#228 = DIRECTION('',(0.,0.,1.));
#229 = ADVANCED_FACE('',(#230),#271,.F.);
#230 = FACE_BOUND('',#231,.F.);
#231 = EDGE_LOOP('',(#232,#240,#241,#249,#257,#265));
#232 = ORIENTED_EDGE('',*,*,#233,.F.);
#233 = EDGE_CURVE('',#212,#234,#236,.T.);
#234 = VERTEX_POINT('',#235);
#235 = CARTESIAN_POINT('',(122.9,92.,15.));
#236 = LINE('',#237,#238);
#237 = CARTESIAN_POINT('',(121.6,92.,15.));
#238 = VECTOR('',#239,1.);
#239 = DIRECTION('',(1.,0.,0.));
#240 = ORIENTED_EDGE('',*,*,#211,.F.);
#241 = ORIENTED_EDGE('',*,*,#242,.F.);
#242 = EDGE_CURVE('',#243,#204,#245,.T.);
#243 = VERTEX_POINT('',#244);
#244 = CARTESIAN_POINT('',(124.2,67.,15.));
#245 = LINE('',#246,#247);
#246 = CARTESIAN_POINT('',(60.8,67.,15.));
#247 = VECTOR('',#248,1.);
#248 = DIRECTION('',(-1.,0.,0.));
#249 = ORIENTED_EDGE('',*,*,#250,.F.);
#250 = EDGE_CURVE('',#251,#243,#253,.T.);
#251 = VERTEX_POINT('',#252);
#252 = CARTESIAN_POINT('',(124.2,83.7,15.));
#253 = LINE('',#254,#255);
#254 = CARTESIAN_POINT('',(124.2,0.,15.));
#255 = VECTOR('',#256,1.);
#256 = DIRECTION('',(0.,-1.,0.));
#257 = ORIENTED_EDGE('',*,*,#258,.T.);
#258 = EDGE_CURVE('',#251,#259,#261,.T.);
#259 = VERTEX_POINT('',#260);
#260 = CARTESIAN_POINT('',(122.9,83.7,15.));
#261 = LINE('',#262,#263);
#262 = CARTESIAN_POINT('',(122.25,83.7,15.));
#263 = VECTOR('',#264,1.);
#264 = DIRECTION('',(-1.,0.,0.));
#265 = ORIENTED_EDGE('',*,*,#266,.T.);
#266 = EDGE_CURVE('',#259,#234,#267,.T.);
#267 = LINE('',#268,#269);
#268 = CARTESIAN_POINT('',(122.9,41.85,15.));
#269 = VECTOR('',#270,1.);
#270 = DIRECTION('',(0.,1.,0.));
#271 = PLANE('',#272);
#272 = AXIS2_PLACEMENT_3D('',#273,#274,#275);
#273 = CARTESIAN_POINT('',(121.6,0.,15.));
#274 = DIRECTION('',(0.,0.,1.));
#275 = DIRECTION('',(1.,0.,0.));
#276 = ADVANCED_FACE('',(#277),#318,.F.);
#277 = FACE_BOUND('',#278,.F.);
#278 = EDGE_LOOP('',(#279,#280,#288,#296,#304,#312));
#279 = ORIENTED_EDGE('',*,*,#250,.T.);
#280 = ORIENTED_EDGE('',*,*,#281,.F.);
#281 = EDGE_CURVE('',#282,#243,#284,.T.);
#282 = VERTEX_POINT('',#283);
#283 = CARTESIAN_POINT('',(124.2,67.,8.));
#284 = LINE('',#285,#286);
#285 = CARTESIAN_POINT('',(124.2,67.,4.));
#286 = VECTOR('',#287,1.);
#287 = DIRECTION('',(0.,0.,1.));
#288 = ORIENTED_EDGE('',*,*,#289,.T.);
#289 = EDGE_CURVE('',#282,#290,#292,.T.);
#290 = VERTEX_POINT('',#291);
#291 = CARTESIAN_POINT('',(124.2,92.,8.));
#292 = LINE('',#293,#294);
#293 = CARTESIAN_POINT('',(124.2,0.,8.));
#294 = VECTOR('',#295,1.);
#295 = DIRECTION('',(0.,1.,0.));
#296 = ORIENTED_EDGE('',*,*,#297,.T.);
#297 = EDGE_CURVE('',#290,#298,#300,.T.);
#298 = VERTEX_POINT('',#299);
#299 = CARTESIAN_POINT('',(124.2,92.,14.9));
#300 = LINE('',#301,#302);
#301 = CARTESIAN_POINT('',(124.2,92.,8.));
#302 = VECTOR('',#303,1.);
#303 = DIRECTION('',(0.,0.,1.));
#304 = ORIENTED_EDGE('',*,*,#305,.T.);
#305 = EDGE_CURVE('',#298,#306,#308,.T.);
#306 = VERTEX_POINT('',#307);
#307 = CARTESIAN_POINT('',(124.2,83.7,14.9));
#308 = LINE('',#309,#310);
#309 = CARTESIAN_POINT('',(124.2,41.85,14.9));
#310 = VECTOR('',#311,1.);
#311 = DIRECTION('',(0.,-1.,0.));
#312 = ORIENTED_EDGE('',*,*,#313,.T.);
#313 = EDGE_CURVE('',#306,#251,#314,.T.);
#314 = LINE('',#315,#316);
#315 = CARTESIAN_POINT('',(124.2,83.7,11.45));
#316 = VECTOR('',#317,1.);
#317 = DIRECTION('',(0.,0.,1.));
#318 = PLANE('',#319);
#319 = AXIS2_PLACEMENT_3D('',#320,#321,#322);
#320 = CARTESIAN_POINT('',(124.2,0.,8.));
#321 = DIRECTION('',(1.,0.,0.));
#322 = DIRECTION('',(0.,0.,1.));
#323 = ADVANCED_FACE('',(#324),#349,.T.);
#324 = FACE_BOUND('',#325,.T.);
#325 = EDGE_LOOP('',(#326,#336,#342,#343));
#326 = ORIENTED_EDGE('',*,*,#327,.F.);
#327 = EDGE_CURVE('',#328,#330,#332,.T.);
#328 = VERTEX_POINT('',#329);
#329 = CARTESIAN_POINT('',(119.6,67.,8.));
#330 = VERTEX_POINT('',#331);
#331 = CARTESIAN_POINT('',(119.6,92.,8.));
#332 = LINE('',#333,#334);
#333 = CARTESIAN_POINT('',(119.6,0.,8.));
#334 = VECTOR('',#335,1.);
#335 = DIRECTION('',(0.,1.,0.));
#336 = ORIENTED_EDGE('',*,*,#337,.F.);
#337 = EDGE_CURVE('',#282,#328,#338,.T.);
#338 = LINE('',#339,#340);
#339 = CARTESIAN_POINT('',(60.994305019305,67.,8.));
#340 = VECTOR('',#341,1.);
#341 = DIRECTION('',(-1.,0.,0.));
#342 = ORIENTED_EDGE('',*,*,#289,.T.);
#343 = ORIENTED_EDGE('',*,*,#344,.T.);
#344 = EDGE_CURVE('',#290,#330,#345,.T.);
#345 = LINE('',#346,#347);
#346 = CARTESIAN_POINT('',(60.994305019305,92.,8.));
#347 = VECTOR('',#348,1.);
#348 = DIRECTION('',(-1.,0.,0.));
#349 = PLANE('',#350);
#350 = AXIS2_PLACEMENT_3D('',#351,#352,#353);
#351 = CARTESIAN_POINT('',(121.98861003861,51.352316602317,8.));
#352 = DIRECTION('',(0.,0.,1.));
#353 = DIRECTION('',(1.,0.,0.));
#354 = ADVANCED_FACE('',(#355),#388,.F.);
#355 = FACE_BOUND('',#356,.F.);
#356 = EDGE_LOOP('',(#357,#358,#366,#374,#382));
#357 = ORIENTED_EDGE('',*,*,#327,.F.);
#358 = ORIENTED_EDGE('',*,*,#359,.F.);
#359 = EDGE_CURVE('',#360,#328,#362,.T.);
#360 = VERTEX_POINT('',#361);
#361 = CARTESIAN_POINT('',(119.6,67.,6.));
#362 = LINE('',#363,#364);
#363 = CARTESIAN_POINT('',(119.6,67.,3.));
#364 = VECTOR('',#365,1.);
#365 = DIRECTION('',(0.,0.,1.));
#366 = ORIENTED_EDGE('',*,*,#367,.T.);
#367 = EDGE_CURVE('',#360,#368,#370,.T.);
#368 = VERTEX_POINT('',#369);
#369 = CARTESIAN_POINT('',(119.6,70.,6.));
#370 = LINE('',#371,#372);
#371 = CARTESIAN_POINT('',(119.6,0.,6.));
#372 = VECTOR('',#373,1.);
#373 = DIRECTION('',(0.,1.,0.));
#374 = ORIENTED_EDGE('',*,*,#375,.T.);
#375 = EDGE_CURVE('',#368,#376,#378,.T.);
#376 = VERTEX_POINT('',#377);
#377 = CARTESIAN_POINT('',(119.6,92.,6.));
#378 = LINE('',#379,#380);
#379 = CARTESIAN_POINT('',(119.6,0.,6.));
#380 = VECTOR('',#381,1.);
#381 = DIRECTION('',(0.,1.,0.));
#382 = ORIENTED_EDGE('',*,*,#383,.T.);
#383 = EDGE_CURVE('',#376,#330,#384,.T.);
#384 = LINE('',#385,#386);
#385 = CARTESIAN_POINT('',(119.6,92.,3.));
#386 = VECTOR('',#387,1.);
#387 = DIRECTION('',(0.,0.,1.));
#388 = PLANE('',#389);
#389 = AXIS2_PLACEMENT_3D('',#390,#391,#392);
#390 = CARTESIAN_POINT('',(119.6,0.,6.));
#391 = DIRECTION('',(1.,0.,0.));
#392 = DIRECTION('',(0.,0.,1.));
#393 = ADVANCED_FACE('',(#394),#421,.T.);
#394 = FACE_BOUND('',#395,.T.);
#395 = EDGE_LOOP('',(#396,#407,#415));
#396 = ORIENTED_EDGE('',*,*,#397,.F.);
#397 = EDGE_CURVE('',#398,#400,#402,.T.);
#398 = VERTEX_POINT('',#399);
#399 = CARTESIAN_POINT('',(0.,70.,5.));
#400 = VERTEX_POINT('',#401);
#401 = CARTESIAN_POINT('',(1.,70.,6.));
#402 = CIRCLE('',#403,1.);
#403 = AXIS2_PLACEMENT_3D('',#404,#405,#406);
#404 = CARTESIAN_POINT('',(1.,70.,5.));
#405 = DIRECTION('',(0.,1.,-0.));
#406 = DIRECTION('',(-1.,0.,0.));
#407 = ORIENTED_EDGE('',*,*,#408,.T.);
#408 = EDGE_CURVE('',#398,#409,#411,.T.);
#409 = VERTEX_POINT('',#410);
#410 = CARTESIAN_POINT('',(0.,70.,6.));
#411 = LINE('',#412,#413);
#412 = CARTESIAN_POINT('',(0.,70.,0.));
#413 = VECTOR('',#414,1.);
#414 = DIRECTION('',(0.,0.,1.));
#415 = ORIENTED_EDGE('',*,*,#416,.T.);
#416 = EDGE_CURVE('',#409,#400,#417,.T.);
#417 = LINE('',#418,#419);
#418 = CARTESIAN_POINT('',(0.,70.,6.));
#419 = VECTOR('',#420,1.);
#420 = DIRECTION('',(1.,0.,0.));
#421 = PLANE('',#422);
#422 = AXIS2_PLACEMENT_3D('',#423,#424,#425);
#423 = CARTESIAN_POINT('',(0.,70.,0.));
#424 = DIRECTION('',(0.,1.,0.));
#425 = DIRECTION('',(0.,0.,1.));
#426 = ADVANCED_FACE('',(#427),#461,.T.);
#427 = FACE_BOUND('',#428,.T.);
#428 = EDGE_LOOP('',(#429,#437,#438,#446,#454));
#429 = ORIENTED_EDGE('',*,*,#430,.F.);
#430 = EDGE_CURVE('',#398,#431,#433,.T.);
#431 = VERTEX_POINT('',#432);
#432 = CARTESIAN_POINT('',(0.,90.,5.));
#433 = LINE('',#434,#435);
#434 = CARTESIAN_POINT('',(-2.2E-16,10.,5.));
#435 = VECTOR('',#436,1.);
#436 = DIRECTION('',(0.,1.,0.));
#437 = ORIENTED_EDGE('',*,*,#397,.T.);
#438 = ORIENTED_EDGE('',*,*,#439,.T.);
#439 = EDGE_CURVE('',#400,#440,#442,.T.);
#440 = VERTEX_POINT('',#441);
#441 = CARTESIAN_POINT('',(1.,84.,6.));
#442 = LINE('',#443,#444);
#443 = CARTESIAN_POINT('',(1.,10.,6.));
#444 = VECTOR('',#445,1.);
#445 = DIRECTION('',(0.,1.,0.));
#446 = ORIENTED_EDGE('',*,*,#447,.T.);
#447 = EDGE_CURVE('',#440,#448,#450,.T.);
#448 = VERTEX_POINT('',#449);
#449 = CARTESIAN_POINT('',(1.,90.,6.));
#450 = LINE('',#451,#452);
#451 = CARTESIAN_POINT('',(1.,10.,6.));
#452 = VECTOR('',#453,1.);
#453 = DIRECTION('',(0.,1.,0.));
#454 = ORIENTED_EDGE('',*,*,#455,.F.);
#455 = EDGE_CURVE('',#431,#448,#456,.T.);
#456 = CIRCLE('',#457,1.);
#457 = AXIS2_PLACEMENT_3D('',#458,#459,#460);
#458 = CARTESIAN_POINT('',(1.,90.,5.));
#459 = DIRECTION('',(0.,1.,-0.));
#460 = DIRECTION('',(-1.,0.,0.));
#461 = CYLINDRICAL_SURFACE('',#462,1.);
#462 = AXIS2_PLACEMENT_3D('',#463,#464,#465);
#463 = CARTESIAN_POINT('',(1.,10.,5.));
#464 = DIRECTION('',(0.,1.,0.));
#465 = DIRECTION('',(-1.,0.,0.));
#466 = ADVANCED_FACE('',(#467),#508,.T.);
#467 = FACE_BOUND('',#468,.F.);
#468 = EDGE_LOOP('',(#469,#470,#479,#501));
#469 = ORIENTED_EDGE('',*,*,#455,.F.);
#470 = ORIENTED_EDGE('',*,*,#471,.T.);
#471 = EDGE_CURVE('',#431,#472,#474,.T.);
#472 = VERTEX_POINT('',#473);
#473 = CARTESIAN_POINT('',(0.202041028867,92.,5.));
#474 = CIRCLE('',#475,10.);
#475 = AXIS2_PLACEMENT_3D('',#476,#477,#478);
#476 = CARTESIAN_POINT('',(10.,90.,5.));
#477 = DIRECTION('',(0.,0.,-1.));
#478 = DIRECTION('',(-1.,0.,0.));
#479 = ORIENTED_EDGE('',*,*,#480,.T.);
#480 = EDGE_CURVE('',#472,#481,#483,.T.);
#481 = VERTEX_POINT('',#482);
#482 = CARTESIAN_POINT('',(1.225035612608,92.,6.));
#483 = B_SPLINE_CURVE_WITH_KNOTS('',6,(#484,#485,#486,#487,#488,#489,
    #490,#491,#492,#493,#494,#495,#496,#497,#498,#499,#500),
  .UNSPECIFIED.,.F.,.F.,(7,5,5,7),(0.,0.278165365272,0.555677581322,1.),
  .UNSPECIFIED.);
#484 = CARTESIAN_POINT('',(0.202041028867,92.,5.));
#485 = CARTESIAN_POINT('',(0.202041028867,92.,5.073255068326));
#486 = CARTESIAN_POINT('',(0.208613707958,92.,5.14651430988));
#487 = CARTESIAN_POINT('',(0.221758904008,92.,5.219045908895));
#488 = CARTESIAN_POINT('',(0.241362188045,92.,5.290132835424));
#489 = CARTESIAN_POINT('',(0.26720022285,92.,5.359086248063));
#490 = CARTESIAN_POINT('',(0.330617478961,92.,5.491276167871));
#491 = CARTESIAN_POINT('',(0.368172337391,92.,5.554532711824));
#492 = CARTESIAN_POINT('',(0.411286299228,92.,5.614387082922));
#493 = CARTESIAN_POINT('',(0.459544954277,92.,5.67026303429));
#494 = CARTESIAN_POINT('',(0.512455960919,92.,5.721655869543));
#495 = CARTESIAN_POINT('',(0.66073160807,92.,5.842562205358));
#496 = CARTESIAN_POINT('',(0.762522887873,92.,5.904420396931));
#497 = CARTESIAN_POINT('',(0.872527577259,92.,5.951935478539));
#498 = CARTESIAN_POINT('',(0.988127284882,92.,5.983991862245));
#499 = CARTESIAN_POINT('',(1.106574518036,92.,6.));
#500 = CARTESIAN_POINT('',(1.225035612608,92.,6.));
#501 = ORIENTED_EDGE('',*,*,#502,.F.);
#502 = EDGE_CURVE('',#448,#481,#503,.T.);
#503 = CIRCLE('',#504,9.);
#504 = AXIS2_PLACEMENT_3D('',#505,#506,#507);
#505 = CARTESIAN_POINT('',(10.,90.,6.));
#506 = DIRECTION('',(0.,0.,-1.));
#507 = DIRECTION('',(-1.,0.,0.));
#508 = TOROIDAL_SURFACE('',#509,9.,1.);
#509 = AXIS2_PLACEMENT_3D('',#510,#511,#512);
#510 = CARTESIAN_POINT('',(10.,90.,5.));
#511 = DIRECTION('',(0.,0.,1.));
#512 = DIRECTION('',(-1.,0.,0.));
#513 = ADVANCED_FACE('',(#514),#541,.T.);
#514 = FACE_BOUND('',#515,.T.);
#515 = EDGE_LOOP('',(#516,#526,#534));
#516 = ORIENTED_EDGE('',*,*,#517,.F.);
#517 = EDGE_CURVE('',#518,#520,#522,.T.);
#518 = VERTEX_POINT('',#519);
#519 = CARTESIAN_POINT('',(0.,70.,0.));
#520 = VERTEX_POINT('',#521);
#521 = CARTESIAN_POINT('',(1.,70.,0.));
#522 = LINE('',#523,#524);
#523 = CARTESIAN_POINT('',(0.,70.,0.));
#524 = VECTOR('',#525,1.);
#525 = DIRECTION('',(1.,0.,0.));
#526 = ORIENTED_EDGE('',*,*,#527,.T.);
#527 = EDGE_CURVE('',#518,#528,#530,.T.);
#528 = VERTEX_POINT('',#529);
#529 = CARTESIAN_POINT('',(0.,70.,1.));
#530 = LINE('',#531,#532);
#531 = CARTESIAN_POINT('',(0.,70.,0.));
#532 = VECTOR('',#533,1.);
#533 = DIRECTION('',(0.,0.,1.));
#534 = ORIENTED_EDGE('',*,*,#535,.F.);
#535 = EDGE_CURVE('',#520,#528,#536,.T.);
#536 = CIRCLE('',#537,1.);
#537 = AXIS2_PLACEMENT_3D('',#538,#539,#540);
#538 = CARTESIAN_POINT('',(1.,70.,1.));
#539 = DIRECTION('',(0.,1.,-0.));
#540 = DIRECTION('',(-1.,0.,0.));
#541 = PLANE('',#542);
#542 = AXIS2_PLACEMENT_3D('',#543,#544,#545);
#543 = CARTESIAN_POINT('',(0.,70.,0.));
#544 = DIRECTION('',(0.,1.,0.));
#545 = DIRECTION('',(0.,0.,1.));
#546 = ADVANCED_FACE('',(#547),#573,.T.);
#547 = FACE_BOUND('',#548,.F.);
#548 = EDGE_LOOP('',(#549,#557,#558,#566));
#549 = ORIENTED_EDGE('',*,*,#550,.F.);
#550 = EDGE_CURVE('',#528,#551,#553,.T.);
#551 = VERTEX_POINT('',#552);
#552 = CARTESIAN_POINT('',(0.,90.,1.));
#553 = LINE('',#554,#555);
#554 = CARTESIAN_POINT('',(-2.2E-16,10.,1.));
#555 = VECTOR('',#556,1.);
#556 = DIRECTION('',(0.,1.,0.));
#557 = ORIENTED_EDGE('',*,*,#535,.F.);
#558 = ORIENTED_EDGE('',*,*,#559,.T.);
#559 = EDGE_CURVE('',#520,#560,#562,.T.);
#560 = VERTEX_POINT('',#561);
#561 = CARTESIAN_POINT('',(1.,90.,0.));
#562 = LINE('',#563,#564);
#563 = CARTESIAN_POINT('',(1.,10.,-2.2E-16));
#564 = VECTOR('',#565,1.);
#565 = DIRECTION('',(0.,1.,0.));
#566 = ORIENTED_EDGE('',*,*,#567,.F.);
#567 = EDGE_CURVE('',#551,#560,#568,.T.);
#568 = CIRCLE('',#569,1.);
#569 = AXIS2_PLACEMENT_3D('',#570,#571,#572);
#570 = CARTESIAN_POINT('',(1.,90.,1.));
#571 = DIRECTION('',(-0.,-1.,-0.));
#572 = DIRECTION('',(-1.,0.,0.));
#573 = CYLINDRICAL_SURFACE('',#574,1.);
#574 = AXIS2_PLACEMENT_3D('',#575,#576,#577);
#575 = CARTESIAN_POINT('',(1.,10.,1.));
#576 = DIRECTION('',(0.,1.,0.));
#577 = DIRECTION('',(-1.,0.,0.));
#578 = ADVANCED_FACE('',(#579),#620,.T.);
#579 = FACE_BOUND('',#580,.T.);
#580 = EDGE_LOOP('',(#581,#582,#591,#613));
#581 = ORIENTED_EDGE('',*,*,#567,.F.);
#582 = ORIENTED_EDGE('',*,*,#583,.T.);
#583 = EDGE_CURVE('',#551,#584,#586,.T.);
#584 = VERTEX_POINT('',#585);
#585 = CARTESIAN_POINT('',(0.202041028867,92.,1.));
#586 = CIRCLE('',#587,10.);
#587 = AXIS2_PLACEMENT_3D('',#588,#589,#590);
#588 = CARTESIAN_POINT('',(10.,90.,1.));
#589 = DIRECTION('',(0.,0.,-1.));
#590 = DIRECTION('',(-1.,0.,0.));
#591 = ORIENTED_EDGE('',*,*,#592,.T.);
#592 = EDGE_CURVE('',#584,#593,#595,.T.);
#593 = VERTEX_POINT('',#594);
#594 = CARTESIAN_POINT('',(1.225035612608,92.,0.));
#595 = B_SPLINE_CURVE_WITH_KNOTS('',6,(#596,#597,#598,#599,#600,#601,
    #602,#603,#604,#605,#606,#607,#608,#609,#610,#611,#612),
  .UNSPECIFIED.,.F.,.F.,(7,5,5,7),(0.,0.278165365272,0.555677581322,1.),
  .UNSPECIFIED.);
#596 = CARTESIAN_POINT('',(0.202041028867,92.,1.));
#597 = CARTESIAN_POINT('',(0.202041028867,92.,0.926744931674));
#598 = CARTESIAN_POINT('',(0.208613707958,92.,0.85348569012));
#599 = CARTESIAN_POINT('',(0.221758904008,92.,0.780954091105));
#600 = CARTESIAN_POINT('',(0.241362188045,92.,0.709867164576));
#601 = CARTESIAN_POINT('',(0.26720022285,92.,0.640913751937));
#602 = CARTESIAN_POINT('',(0.330617478961,92.,0.508723832129));
#603 = CARTESIAN_POINT('',(0.368172337391,92.,0.445467288176));
#604 = CARTESIAN_POINT('',(0.411286299228,92.,0.385612917078));
#605 = CARTESIAN_POINT('',(0.459544954277,92.,0.32973696571));
#606 = CARTESIAN_POINT('',(0.512455960919,92.,0.278344130457));
#607 = CARTESIAN_POINT('',(0.66073160807,92.,0.157437794642));
#608 = CARTESIAN_POINT('',(0.762522887872,92.,9.557960306884E-02));
#609 = CARTESIAN_POINT('',(0.872527577259,92.,4.806452146066E-02));
#610 = CARTESIAN_POINT('',(0.988127284882,92.,1.600813775497E-02));
#611 = CARTESIAN_POINT('',(1.106574518036,92.,1.E-17));
#612 = CARTESIAN_POINT('',(1.225035612608,92.,0.));
#613 = ORIENTED_EDGE('',*,*,#614,.F.);
#614 = EDGE_CURVE('',#560,#593,#615,.T.);
#615 = CIRCLE('',#616,9.);
#616 = AXIS2_PLACEMENT_3D('',#617,#618,#619);
#617 = CARTESIAN_POINT('',(10.,90.,0.));
#618 = DIRECTION('',(0.,0.,-1.));
#619 = DIRECTION('',(-1.,0.,0.));
#620 = TOROIDAL_SURFACE('',#621,9.,1.);
#621 = AXIS2_PLACEMENT_3D('',#622,#623,#624);
#622 = CARTESIAN_POINT('',(10.,90.,1.));
#623 = DIRECTION('',(-0.,-0.,-1.));
#624 = DIRECTION('',(-1.,0.,0.));
#625 = ADVANCED_FACE('',(#626),#642,.T.);
#626 = FACE_BOUND('',#627,.F.);
#627 = EDGE_LOOP('',(#628,#634,#635,#641));
#628 = ORIENTED_EDGE('',*,*,#629,.F.);
#629 = EDGE_CURVE('',#551,#431,#630,.T.);
#630 = LINE('',#631,#632);
#631 = CARTESIAN_POINT('',(-1.78E-15,90.,0.));
#632 = VECTOR('',#633,1.);
#633 = DIRECTION('',(0.,0.,1.));
#634 = ORIENTED_EDGE('',*,*,#583,.T.);
#635 = ORIENTED_EDGE('',*,*,#636,.T.);
#636 = EDGE_CURVE('',#584,#472,#637,.T.);
#637 = LINE('',#638,#639);
#638 = CARTESIAN_POINT('',(0.202041028867,92.,0.));
#639 = VECTOR('',#640,1.);
#640 = DIRECTION('',(0.,0.,1.));
#641 = ORIENTED_EDGE('',*,*,#471,.F.);
#642 = CYLINDRICAL_SURFACE('',#643,10.);
#643 = AXIS2_PLACEMENT_3D('',#644,#645,#646);
#644 = CARTESIAN_POINT('',(10.,90.,0.));
#645 = DIRECTION('',(0.,0.,1.));
#646 = DIRECTION('',(-1.,0.,0.));
#647 = ADVANCED_FACE('',(#648),#683,.F.);
#648 = FACE_BOUND('',#649,.F.);
#649 = EDGE_LOOP('',(#650,#661,#669,#675,#676,#677));
#650 = ORIENTED_EDGE('',*,*,#651,.F.);
#651 = EDGE_CURVE('',#652,#654,#656,.T.);
#652 = VERTEX_POINT('',#653);
#653 = CARTESIAN_POINT('',(-2.E-15,90.,6.));
#654 = VERTEX_POINT('',#655);
#655 = CARTESIAN_POINT('',(0.202041028867,92.,6.));
#656 = CIRCLE('',#657,10.);
#657 = AXIS2_PLACEMENT_3D('',#658,#659,#660);
#658 = CARTESIAN_POINT('',(10.,90.,6.));
#659 = DIRECTION('',(-0.,-0.,-1.));
#660 = DIRECTION('',(0.,-1.,0.));
#661 = ORIENTED_EDGE('',*,*,#662,.F.);
#662 = EDGE_CURVE('',#663,#652,#665,.T.);
#663 = VERTEX_POINT('',#664);
#664 = CARTESIAN_POINT('',(0.,84.,6.));
#665 = LINE('',#666,#667);
#666 = CARTESIAN_POINT('',(0.,84.,6.));
#667 = VECTOR('',#668,1.);
#668 = DIRECTION('',(0.,1.,0.));
#669 = ORIENTED_EDGE('',*,*,#670,.T.);
#670 = EDGE_CURVE('',#663,#440,#671,.T.);
#671 = LINE('',#672,#673);
#672 = CARTESIAN_POINT('',(0.,84.,6.));
#673 = VECTOR('',#674,1.);
#674 = DIRECTION('',(1.,0.,0.));
#675 = ORIENTED_EDGE('',*,*,#447,.T.);
#676 = ORIENTED_EDGE('',*,*,#502,.T.);
#677 = ORIENTED_EDGE('',*,*,#678,.T.);
#678 = EDGE_CURVE('',#481,#654,#679,.T.);
#679 = LINE('',#680,#681);
#680 = CARTESIAN_POINT('',(0.,92.,6.));
#681 = VECTOR('',#682,1.);
#682 = DIRECTION('',(-1.,0.,0.));
#683 = PLANE('',#684);
#684 = AXIS2_PLACEMENT_3D('',#685,#686,#687);
#685 = CARTESIAN_POINT('',(0.,84.,6.));
#686 = DIRECTION('',(0.,0.,1.));
#687 = DIRECTION('',(1.,0.,0.));
#688 = ADVANCED_FACE('',(#689),#871,.T.);
#689 = FACE_BOUND('',#690,.T.);
#690 = EDGE_LOOP('',(#691,#701,#709,#717,#725,#731,#732,#733,#734,#735,
    #743,#751,#759,#767,#776,#784,#793,#801,#809,#817,#825,#833,#841,
    #849,#857,#865));
#691 = ORIENTED_EDGE('',*,*,#692,.F.);
#692 = EDGE_CURVE('',#693,#695,#697,.T.);
#693 = VERTEX_POINT('',#694);
#694 = CARTESIAN_POINT('',(11.9,92.,0.));
#695 = VERTEX_POINT('',#696);
#696 = CARTESIAN_POINT('',(16.,92.,0.));
#697 = LINE('',#698,#699);
#698 = CARTESIAN_POINT('',(0.,92.,0.));
#699 = VECTOR('',#700,1.);
#700 = DIRECTION('',(1.,0.,0.));
#701 = ORIENTED_EDGE('',*,*,#702,.T.);
#702 = EDGE_CURVE('',#693,#703,#705,.T.);
#703 = VERTEX_POINT('',#704);
#704 = CARTESIAN_POINT('',(11.9,92.,6.));
#705 = LINE('',#706,#707);
#706 = CARTESIAN_POINT('',(11.9,92.,-1.));
#707 = VECTOR('',#708,1.);
#708 = DIRECTION('',(0.,0.,1.));
#709 = ORIENTED_EDGE('',*,*,#710,.T.);
#710 = EDGE_CURVE('',#703,#711,#713,.T.);
#711 = VERTEX_POINT('',#712);
#712 = CARTESIAN_POINT('',(4.1,92.,6.));
#713 = LINE('',#714,#715);
#714 = CARTESIAN_POINT('',(4.,92.,6.));
#715 = VECTOR('',#716,1.);
#716 = DIRECTION('',(-1.,0.,0.));
#717 = ORIENTED_EDGE('',*,*,#718,.T.);
#718 = EDGE_CURVE('',#711,#719,#721,.T.);
#719 = VERTEX_POINT('',#720);
#720 = CARTESIAN_POINT('',(4.1,92.,0.));
#721 = LINE('',#722,#723);
#722 = CARTESIAN_POINT('',(4.1,92.,-1.));
#723 = VECTOR('',#724,1.);
#724 = DIRECTION('',(-0.,-0.,-1.));
#725 = ORIENTED_EDGE('',*,*,#726,.F.);
#726 = EDGE_CURVE('',#593,#719,#727,.T.);
#727 = LINE('',#728,#729);
#728 = CARTESIAN_POINT('',(0.,92.,0.));
#729 = VECTOR('',#730,1.);
#730 = DIRECTION('',(1.,0.,0.));
#731 = ORIENTED_EDGE('',*,*,#592,.F.);
#732 = ORIENTED_EDGE('',*,*,#636,.T.);
#733 = ORIENTED_EDGE('',*,*,#480,.T.);
#734 = ORIENTED_EDGE('',*,*,#678,.T.);
#735 = ORIENTED_EDGE('',*,*,#736,.T.);
#736 = EDGE_CURVE('',#654,#737,#739,.T.);
#737 = VERTEX_POINT('',#738);
#738 = CARTESIAN_POINT('',(0.202041028867,92.,20.));
#739 = LINE('',#740,#741);
#740 = CARTESIAN_POINT('',(0.202041028867,92.,6.));
#741 = VECTOR('',#742,1.);
#742 = DIRECTION('',(0.,0.,1.));
#743 = ORIENTED_EDGE('',*,*,#744,.T.);
#744 = EDGE_CURVE('',#737,#745,#747,.T.);
#745 = VERTEX_POINT('',#746);
#746 = CARTESIAN_POINT('',(16.,92.,20.));
#747 = LINE('',#748,#749);
#748 = CARTESIAN_POINT('',(0.,92.,20.));
#749 = VECTOR('',#750,1.);
#750 = DIRECTION('',(1.,0.,0.));
#751 = ORIENTED_EDGE('',*,*,#752,.F.);
#752 = EDGE_CURVE('',#753,#745,#755,.T.);
#753 = VERTEX_POINT('',#754);
#754 = CARTESIAN_POINT('',(16.,92.,19.7));
#755 = LINE('',#756,#757);
#756 = CARTESIAN_POINT('',(16.,92.,3.));
#757 = VECTOR('',#758,1.);
#758 = DIRECTION('',(0.,0.,1.));
#759 = ORIENTED_EDGE('',*,*,#760,.T.);
#760 = EDGE_CURVE('',#753,#761,#763,.T.);
#761 = VERTEX_POINT('',#762);
#762 = CARTESIAN_POINT('',(13.,92.,19.7));
#763 = LINE('',#764,#765);
#764 = CARTESIAN_POINT('',(6.35,92.,19.7));
#765 = VECTOR('',#766,1.);
#766 = DIRECTION('',(-1.,0.,0.));
#767 = ORIENTED_EDGE('',*,*,#768,.F.);
#768 = EDGE_CURVE('',#769,#761,#771,.T.);
#769 = VERTEX_POINT('',#770);
#770 = CARTESIAN_POINT('',(12.7,92.,19.4));
#771 = CIRCLE('',#772,0.3);
#772 = AXIS2_PLACEMENT_3D('',#773,#774,#775);
#773 = CARTESIAN_POINT('',(13.,92.,19.4));
#774 = DIRECTION('',(0.,1.,-0.));
#775 = DIRECTION('',(-1.,0.,0.));
#776 = ORIENTED_EDGE('',*,*,#777,.F.);
#777 = EDGE_CURVE('',#778,#769,#780,.T.);
#778 = VERTEX_POINT('',#779);
#779 = CARTESIAN_POINT('',(12.7,92.,13.4));
#780 = LINE('',#781,#782);
#781 = CARTESIAN_POINT('',(12.7,92.,6.55));
#782 = VECTOR('',#783,1.);
#783 = DIRECTION('',(0.,0.,1.));
#784 = ORIENTED_EDGE('',*,*,#785,.F.);
#785 = EDGE_CURVE('',#786,#778,#788,.T.);
#786 = VERTEX_POINT('',#787);
#787 = CARTESIAN_POINT('',(13.,92.,13.1));
#788 = CIRCLE('',#789,0.3);
#789 = AXIS2_PLACEMENT_3D('',#790,#791,#792);
#790 = CARTESIAN_POINT('',(13.,92.,13.4));
#791 = DIRECTION('',(0.,1.,-0.));
#792 = DIRECTION('',(-1.,0.,0.));
#793 = ORIENTED_EDGE('',*,*,#794,.F.);
#794 = EDGE_CURVE('',#795,#786,#797,.T.);
#795 = VERTEX_POINT('',#796);
#796 = CARTESIAN_POINT('',(14.3,92.,13.1));
#797 = LINE('',#798,#799);
#798 = CARTESIAN_POINT('',(6.35,92.,13.1));
#799 = VECTOR('',#800,1.);
#800 = DIRECTION('',(-1.,0.,0.));
#801 = ORIENTED_EDGE('',*,*,#802,.T.);
#802 = EDGE_CURVE('',#795,#803,#805,.T.);
#803 = VERTEX_POINT('',#804);
#804 = CARTESIAN_POINT('',(14.3,92.,17.4));
#805 = LINE('',#806,#807);
#806 = CARTESIAN_POINT('',(14.3,92.,8.));
#807 = VECTOR('',#808,1.);
#808 = DIRECTION('',(0.,0.,1.));
#809 = ORIENTED_EDGE('',*,*,#810,.T.);
#810 = EDGE_CURVE('',#803,#811,#813,.T.);
#811 = VERTEX_POINT('',#812);
#812 = CARTESIAN_POINT('',(17.5,92.,17.4));
#813 = LINE('',#814,#815);
#814 = CARTESIAN_POINT('',(14.3,92.,17.4));
#815 = VECTOR('',#816,1.);
#816 = DIRECTION('',(1.,0.,0.));
#817 = ORIENTED_EDGE('',*,*,#818,.T.);
#818 = EDGE_CURVE('',#811,#819,#821,.T.);
#819 = VERTEX_POINT('',#820);
#820 = CARTESIAN_POINT('',(17.5,92.,14.9));
#821 = LINE('',#822,#823);
#822 = CARTESIAN_POINT('',(17.5,92.,14.233387096774));
#823 = VECTOR('',#824,1.);
#824 = DIRECTION('',(0.,0.,-1.));
#825 = ORIENTED_EDGE('',*,*,#826,.T.);
#826 = EDGE_CURVE('',#819,#827,#829,.T.);
#827 = VERTEX_POINT('',#828);
#828 = CARTESIAN_POINT('',(17.8,92.,14.9));
#829 = LINE('',#830,#831);
#830 = CARTESIAN_POINT('',(17.271290322581,92.,14.9));
#831 = VECTOR('',#832,1.);
#832 = DIRECTION('',(1.,0.,0.));
#833 = ORIENTED_EDGE('',*,*,#834,.F.);
#834 = EDGE_CURVE('',#835,#827,#837,.T.);
#835 = VERTEX_POINT('',#836);
#836 = CARTESIAN_POINT('',(17.8,92.,8.));
#837 = LINE('',#838,#839);
#838 = CARTESIAN_POINT('',(17.8,92.,8.));
#839 = VECTOR('',#840,1.);
#840 = DIRECTION('',(0.,0.,1.));
#841 = ORIENTED_EDGE('',*,*,#842,.F.);
#842 = EDGE_CURVE('',#843,#835,#845,.T.);
#843 = VERTEX_POINT('',#844);
#844 = CARTESIAN_POINT('',(22.4,92.,8.));
#845 = LINE('',#846,#847);
#846 = CARTESIAN_POINT('',(10.005694980695,92.,8.));
#847 = VECTOR('',#848,1.);
#848 = DIRECTION('',(-1.,0.,0.));
#849 = ORIENTED_EDGE('',*,*,#850,.F.);
#850 = EDGE_CURVE('',#851,#843,#853,.T.);
#851 = VERTEX_POINT('',#852);
#852 = CARTESIAN_POINT('',(22.4,92.,6.));
#853 = LINE('',#854,#855);
#854 = CARTESIAN_POINT('',(22.4,92.,3.));
#855 = VECTOR('',#856,1.);
#856 = DIRECTION('',(0.,0.,1.));
#857 = ORIENTED_EDGE('',*,*,#858,.T.);
#858 = EDGE_CURVE('',#851,#859,#861,.T.);
#859 = VERTEX_POINT('',#860);
#860 = CARTESIAN_POINT('',(16.,92.,6.));
#861 = LINE('',#862,#863);
#862 = CARTESIAN_POINT('',(8.,92.,6.));
#863 = VECTOR('',#864,1.);
#864 = DIRECTION('',(-1.,0.,0.));
#865 = ORIENTED_EDGE('',*,*,#866,.F.);
#866 = EDGE_CURVE('',#695,#859,#867,.T.);
#867 = LINE('',#868,#869);
#868 = CARTESIAN_POINT('',(16.,92.,-1.));
#869 = VECTOR('',#870,1.);
#870 = DIRECTION('',(0.,0.,1.));
#871 = PLANE('',#872);
#872 = AXIS2_PLACEMENT_3D('',#873,#874,#875);
#873 = CARTESIAN_POINT('',(10.239433395073,92.,10.279548653939));
#874 = DIRECTION('',(0.,1.,0.));
#875 = DIRECTION('',(0.,0.,1.));
#876 = ADVANCED_FACE('',(#877),#902,.T.);
#877 = FACE_BOUND('',#878,.T.);
#878 = EDGE_LOOP('',(#879,#887,#895,#901));
#879 = ORIENTED_EDGE('',*,*,#880,.F.);
#880 = EDGE_CURVE('',#881,#368,#883,.T.);
#881 = VERTEX_POINT('',#882);
#882 = CARTESIAN_POINT('',(22.4,70.,6.));
#883 = LINE('',#884,#885);
#884 = CARTESIAN_POINT('',(0.,70.,6.));
#885 = VECTOR('',#886,1.);
#886 = DIRECTION('',(1.,0.,0.));
#887 = ORIENTED_EDGE('',*,*,#888,.F.);
#888 = EDGE_CURVE('',#889,#881,#891,.T.);
#889 = VERTEX_POINT('',#890);
#890 = CARTESIAN_POINT('',(22.4,67.,6.));
#891 = LINE('',#892,#893);
#892 = CARTESIAN_POINT('',(22.4,0.,6.));
#893 = VECTOR('',#894,1.);
#894 = DIRECTION('',(0.,1.,0.));
#895 = ORIENTED_EDGE('',*,*,#896,.T.);
#896 = EDGE_CURVE('',#889,#360,#897,.T.);
#897 = LINE('',#898,#899);
#898 = CARTESIAN_POINT('',(0.,67.,6.));
#899 = VECTOR('',#900,1.);
#900 = DIRECTION('',(1.,0.,0.));
#901 = ORIENTED_EDGE('',*,*,#367,.T.);
#902 = PLANE('',#903);
#903 = AXIS2_PLACEMENT_3D('',#904,#905,#906);
#904 = CARTESIAN_POINT('',(0.,67.,6.));
#905 = DIRECTION('',(0.,0.,1.));
#906 = DIRECTION('',(1.,0.,0.));
#907 = ADVANCED_FACE('',(#908),#932,.T.);
#908 = FACE_BOUND('',#909,.T.);
#909 = EDGE_LOOP('',(#910,#918,#924,#925,#931));
#910 = ORIENTED_EDGE('',*,*,#911,.F.);
#911 = EDGE_CURVE('',#912,#843,#914,.T.);
#912 = VERTEX_POINT('',#913);
#913 = CARTESIAN_POINT('',(22.4,67.,8.));
#914 = LINE('',#915,#916);
#915 = CARTESIAN_POINT('',(22.4,0.,8.));
#916 = VECTOR('',#917,1.);
#917 = DIRECTION('',(0.,1.,0.));
#918 = ORIENTED_EDGE('',*,*,#919,.F.);
#919 = EDGE_CURVE('',#889,#912,#920,.T.);
#920 = LINE('',#921,#922);
#921 = CARTESIAN_POINT('',(22.4,67.,3.));
#922 = VECTOR('',#923,1.);
#923 = DIRECTION('',(0.,0.,1.));
#924 = ORIENTED_EDGE('',*,*,#888,.T.);
#925 = ORIENTED_EDGE('',*,*,#926,.T.);
#926 = EDGE_CURVE('',#881,#851,#927,.T.);
#927 = LINE('',#928,#929);
#928 = CARTESIAN_POINT('',(22.4,0.,6.));
#929 = VECTOR('',#930,1.);
#930 = DIRECTION('',(0.,1.,0.));
#931 = ORIENTED_EDGE('',*,*,#850,.T.);
#932 = PLANE('',#933);
#933 = AXIS2_PLACEMENT_3D('',#934,#935,#936);
#934 = CARTESIAN_POINT('',(22.4,0.,6.));
#935 = DIRECTION('',(1.,0.,0.));
#936 = DIRECTION('',(0.,0.,1.));
#937 = ADVANCED_FACE('',(#938),#956,.T.);
#938 = FACE_BOUND('',#939,.T.);
#939 = EDGE_LOOP('',(#940,#941,#949,#955));
#940 = ORIENTED_EDGE('',*,*,#842,.T.);
#941 = ORIENTED_EDGE('',*,*,#942,.F.);
#942 = EDGE_CURVE('',#943,#835,#945,.T.);
#943 = VERTEX_POINT('',#944);
#944 = CARTESIAN_POINT('',(17.8,67.,8.));
#945 = LINE('',#946,#947);
#946 = CARTESIAN_POINT('',(17.8,0.,8.));
#947 = VECTOR('',#948,1.);
#948 = DIRECTION('',(0.,1.,0.));
#949 = ORIENTED_EDGE('',*,*,#950,.F.);
#950 = EDGE_CURVE('',#912,#943,#951,.T.);
#951 = LINE('',#952,#953);
#952 = CARTESIAN_POINT('',(10.005694980695,67.,8.));
#953 = VECTOR('',#954,1.);
#954 = DIRECTION('',(-1.,0.,0.));
#955 = ORIENTED_EDGE('',*,*,#911,.T.);
#956 = PLANE('',#957);
#957 = AXIS2_PLACEMENT_3D('',#958,#959,#960);
#958 = CARTESIAN_POINT('',(20.01138996139,51.352316602317,8.));
#959 = DIRECTION('',(0.,0.,1.));
#960 = DIRECTION('',(1.,0.,0.));
#961 = ADVANCED_FACE('',(#962),#996,.T.);
#962 = FACE_BOUND('',#963,.T.);
#963 = EDGE_LOOP('',(#964,#974,#980,#981,#982,#990));
#964 = ORIENTED_EDGE('',*,*,#965,.T.);
#965 = EDGE_CURVE('',#966,#968,#970,.T.);
#966 = VERTEX_POINT('',#967);
#967 = CARTESIAN_POINT('',(17.8,83.7,15.));
#968 = VERTEX_POINT('',#969);
#969 = CARTESIAN_POINT('',(17.8,67.,15.));
#970 = LINE('',#971,#972);
#971 = CARTESIAN_POINT('',(17.8,0.,15.));
#972 = VECTOR('',#973,1.);
#973 = DIRECTION('',(0.,-1.,0.));
#974 = ORIENTED_EDGE('',*,*,#975,.F.);
#975 = EDGE_CURVE('',#943,#968,#976,.T.);
#976 = LINE('',#977,#978);
#977 = CARTESIAN_POINT('',(17.8,67.,4.));
#978 = VECTOR('',#979,1.);
#979 = DIRECTION('',(0.,0.,1.));
#980 = ORIENTED_EDGE('',*,*,#942,.T.);
#981 = ORIENTED_EDGE('',*,*,#834,.T.);
#982 = ORIENTED_EDGE('',*,*,#983,.T.);
#983 = EDGE_CURVE('',#827,#984,#986,.T.);
#984 = VERTEX_POINT('',#985);
#985 = CARTESIAN_POINT('',(17.8,83.7,14.9));
#986 = LINE('',#987,#988);
#987 = CARTESIAN_POINT('',(17.8,41.85,14.9));
#988 = VECTOR('',#989,1.);
#989 = DIRECTION('',(0.,-1.,0.));
#990 = ORIENTED_EDGE('',*,*,#991,.T.);
#991 = EDGE_CURVE('',#984,#966,#992,.T.);
#992 = LINE('',#993,#994);
#993 = CARTESIAN_POINT('',(17.8,83.7,11.45));
#994 = VECTOR('',#995,1.);
#995 = DIRECTION('',(0.,0.,1.));
#996 = PLANE('',#997);
#997 = AXIS2_PLACEMENT_3D('',#998,#999,#1000);
#998 = CARTESIAN_POINT('',(17.8,0.,8.));
#999 = DIRECTION('',(1.,0.,0.));
#1000 = DIRECTION('',(0.,0.,1.));
#1001 = ADVANCED_FACE('',(#1002),#1043,.F.);
#1002 = FACE_BOUND('',#1003,.F.);
#1003 = EDGE_LOOP('',(#1004,#1014,#1020,#1021,#1029,#1037));
#1004 = ORIENTED_EDGE('',*,*,#1005,.F.);
#1005 = EDGE_CURVE('',#1006,#1008,#1010,.T.);
#1006 = VERTEX_POINT('',#1007);
#1007 = CARTESIAN_POINT('',(19.1,83.7,15.));
#1008 = VERTEX_POINT('',#1009);
#1009 = CARTESIAN_POINT('',(19.1,92.,15.));
#1010 = LINE('',#1011,#1012);
#1011 = CARTESIAN_POINT('',(19.1,41.85,15.));
#1012 = VECTOR('',#1013,1.);
#1013 = DIRECTION('',(0.,1.,0.));
#1014 = ORIENTED_EDGE('',*,*,#1015,.T.);
#1015 = EDGE_CURVE('',#1006,#966,#1016,.T.);
#1016 = LINE('',#1017,#1018);
#1017 = CARTESIAN_POINT('',(15.9,83.7,15.));
#1018 = VECTOR('',#1019,1.);
#1019 = DIRECTION('',(-1.,0.,0.));
#1020 = ORIENTED_EDGE('',*,*,#965,.T.);
#1021 = ORIENTED_EDGE('',*,*,#1022,.F.);
#1022 = EDGE_CURVE('',#1023,#968,#1025,.T.);
#1023 = VERTEX_POINT('',#1024);
#1024 = CARTESIAN_POINT('',(20.4,67.,15.));
#1025 = LINE('',#1026,#1027);
#1026 = CARTESIAN_POINT('',(7.15,67.,15.));
#1027 = VECTOR('',#1028,1.);
#1028 = DIRECTION('',(-1.,0.,0.));
#1029 = ORIENTED_EDGE('',*,*,#1030,.T.);
#1030 = EDGE_CURVE('',#1023,#1031,#1033,.T.);
#1031 = VERTEX_POINT('',#1032);
#1032 = CARTESIAN_POINT('',(20.4,92.,15.));
#1033 = LINE('',#1034,#1035);
#1034 = CARTESIAN_POINT('',(20.4,0.,15.));
#1035 = VECTOR('',#1036,1.);
#1036 = DIRECTION('',(0.,1.,0.));
#1037 = ORIENTED_EDGE('',*,*,#1038,.F.);
#1038 = EDGE_CURVE('',#1008,#1031,#1039,.T.);
#1039 = LINE('',#1040,#1041);
#1040 = CARTESIAN_POINT('',(14.3,92.,15.));
#1041 = VECTOR('',#1042,1.);
#1042 = DIRECTION('',(1.,0.,0.));
#1043 = PLANE('',#1044);
#1044 = AXIS2_PLACEMENT_3D('',#1045,#1046,#1047);
#1045 = CARTESIAN_POINT('',(14.3,0.,15.));
#1046 = DIRECTION('',(0.,0.,1.));
#1047 = DIRECTION('',(1.,0.,0.));
#1048 = ADVANCED_FACE('',(#1049),#1074,.T.);
#1049 = FACE_BOUND('',#1050,.T.);
#1050 = EDGE_LOOP('',(#1051,#1061,#1067,#1068));
#1051 = ORIENTED_EDGE('',*,*,#1052,.F.);
#1052 = EDGE_CURVE('',#1053,#1055,#1057,.T.);
#1053 = VERTEX_POINT('',#1054);
#1054 = CARTESIAN_POINT('',(20.4,67.,17.4));
#1055 = VERTEX_POINT('',#1056);
#1056 = CARTESIAN_POINT('',(20.4,92.,17.4));
#1057 = LINE('',#1058,#1059);
#1058 = CARTESIAN_POINT('',(20.4,0.,17.4));
#1059 = VECTOR('',#1060,1.);
#1060 = DIRECTION('',(0.,1.,0.));
#1061 = ORIENTED_EDGE('',*,*,#1062,.F.);
#1062 = EDGE_CURVE('',#1023,#1053,#1063,.T.);
#1063 = LINE('',#1064,#1065);
#1064 = CARTESIAN_POINT('',(20.4,67.,7.5));
#1065 = VECTOR('',#1066,1.);
#1066 = DIRECTION('',(0.,0.,1.));
#1067 = ORIENTED_EDGE('',*,*,#1030,.T.);
#1068 = ORIENTED_EDGE('',*,*,#1069,.T.);
#1069 = EDGE_CURVE('',#1031,#1055,#1070,.T.);
#1070 = LINE('',#1071,#1072);
#1071 = CARTESIAN_POINT('',(20.4,92.,15.));
#1072 = VECTOR('',#1073,1.);
#1073 = DIRECTION('',(0.,0.,1.));
#1074 = PLANE('',#1075);
#1075 = AXIS2_PLACEMENT_3D('',#1076,#1077,#1078);
#1076 = CARTESIAN_POINT('',(20.4,0.,15.));
#1077 = DIRECTION('',(1.,0.,0.));
#1078 = DIRECTION('',(0.,0.,1.));
#1079 = ADVANCED_FACE('',(#1080),#1128,.T.);
#1080 = FACE_BOUND('',#1081,.T.);
#1081 = EDGE_LOOP('',(#1082,#1090,#1096,#1097,#1105,#1113,#1121,#1127));
#1082 = ORIENTED_EDGE('',*,*,#1083,.F.);
#1083 = EDGE_CURVE('',#1084,#803,#1086,.T.);
#1084 = VERTEX_POINT('',#1085);
#1085 = CARTESIAN_POINT('',(14.3,67.,17.4));
#1086 = LINE('',#1087,#1088);
#1087 = CARTESIAN_POINT('',(14.3,0.,17.4));
#1088 = VECTOR('',#1089,1.);
#1089 = DIRECTION('',(0.,1.,0.));
#1090 = ORIENTED_EDGE('',*,*,#1091,.F.);
#1091 = EDGE_CURVE('',#1053,#1084,#1092,.T.);
#1092 = LINE('',#1093,#1094);
#1093 = CARTESIAN_POINT('',(8.744317023445,67.,17.4));
#1094 = VECTOR('',#1095,1.);
#1095 = DIRECTION('',(-1.,0.,0.));
#1096 = ORIENTED_EDGE('',*,*,#1052,.T.);
#1097 = ORIENTED_EDGE('',*,*,#1098,.F.);
#1098 = EDGE_CURVE('',#1099,#1055,#1101,.T.);
#1099 = VERTEX_POINT('',#1100);
#1100 = CARTESIAN_POINT('',(19.1,92.,17.4));
#1101 = LINE('',#1102,#1103);
#1102 = CARTESIAN_POINT('',(14.3,92.,17.4));
#1103 = VECTOR('',#1104,1.);
#1104 = DIRECTION('',(1.,0.,0.));
#1105 = ORIENTED_EDGE('',*,*,#1106,.F.);
#1106 = EDGE_CURVE('',#1107,#1099,#1109,.T.);
#1107 = VERTEX_POINT('',#1108);
#1108 = CARTESIAN_POINT('',(19.1,83.7,17.4));
#1109 = LINE('',#1110,#1111);
#1110 = CARTESIAN_POINT('',(19.1,64.919317023445,17.4));
#1111 = VECTOR('',#1112,1.);
#1112 = DIRECTION('',(0.,1.,0.));
#1113 = ORIENTED_EDGE('',*,*,#1114,.T.);
#1114 = EDGE_CURVE('',#1107,#1115,#1117,.T.);
#1115 = VERTEX_POINT('',#1116);
#1116 = CARTESIAN_POINT('',(17.5,83.7,17.4));
#1117 = LINE('',#1118,#1119);
#1118 = CARTESIAN_POINT('',(17.494317023445,83.7,17.4));
#1119 = VECTOR('',#1120,1.);
#1120 = DIRECTION('',(-1.,0.,0.));
#1121 = ORIENTED_EDGE('',*,*,#1122,.T.);
#1122 = EDGE_CURVE('',#1115,#811,#1123,.T.);
#1123 = LINE('',#1124,#1125);
#1124 = CARTESIAN_POINT('',(17.5,64.919317023445,17.4));
#1125 = VECTOR('',#1126,1.);
#1126 = DIRECTION('',(0.,1.,0.));
#1127 = ORIENTED_EDGE('',*,*,#810,.F.);
#1128 = PLANE('',#1129);
#1129 = AXIS2_PLACEMENT_3D('',#1130,#1131,#1132);
#1130 = CARTESIAN_POINT('',(17.488634046891,46.138634046891,17.4));
#1131 = DIRECTION('',(0.,0.,1.));
#1132 = DIRECTION('',(1.,0.,0.));
#1133 = ADVANCED_FACE('',(#1134),#1168,.T.);
#1134 = FACE_BOUND('',#1135,.T.);
#1135 = EDGE_LOOP('',(#1136,#1144,#1145,#1146,#1154,#1162));
#1136 = ORIENTED_EDGE('',*,*,#1137,.F.);
#1137 = EDGE_CURVE('',#1084,#1138,#1140,.T.);
#1138 = VERTEX_POINT('',#1139);
#1139 = CARTESIAN_POINT('',(14.3,67.,8.));
#1140 = LINE('',#1141,#1142);
#1141 = CARTESIAN_POINT('',(14.3,67.,6.46943793911));
#1142 = VECTOR('',#1143,1.);
#1143 = DIRECTION('',(0.,0.,-1.));
#1144 = ORIENTED_EDGE('',*,*,#1083,.T.);
#1145 = ORIENTED_EDGE('',*,*,#802,.F.);
#1146 = ORIENTED_EDGE('',*,*,#1147,.F.);
#1147 = EDGE_CURVE('',#1148,#795,#1150,.T.);
#1148 = VERTEX_POINT('',#1149);
#1149 = CARTESIAN_POINT('',(14.3,84.,13.1));
#1150 = LINE('',#1151,#1152);
#1151 = CARTESIAN_POINT('',(14.3,41.85,13.1));
#1152 = VECTOR('',#1153,1.);
#1153 = DIRECTION('',(0.,1.,0.));
#1154 = ORIENTED_EDGE('',*,*,#1155,.T.);
#1155 = EDGE_CURVE('',#1148,#1156,#1158,.T.);
#1156 = VERTEX_POINT('',#1157);
#1157 = CARTESIAN_POINT('',(14.3,84.,8.));
#1158 = LINE('',#1159,#1160);
#1159 = CARTESIAN_POINT('',(14.3,84.,7.));
#1160 = VECTOR('',#1161,1.);
#1161 = DIRECTION('',(0.,0.,-1.));
#1162 = ORIENTED_EDGE('',*,*,#1163,.F.);
#1163 = EDGE_CURVE('',#1138,#1156,#1164,.T.);
#1164 = LINE('',#1165,#1166);
#1165 = CARTESIAN_POINT('',(14.3,0.,8.));
#1166 = VECTOR('',#1167,1.);
#1167 = DIRECTION('',(0.,1.,0.));
#1168 = PLANE('',#1169);
#1169 = AXIS2_PLACEMENT_3D('',#1170,#1171,#1172);
#1170 = CARTESIAN_POINT('',(14.3,53.76112412178,12.93887587822));
#1171 = DIRECTION('',(-1.,-0.,-0.));
#1172 = DIRECTION('',(0.,0.,-1.));
#1173 = ADVANCED_FACE('',(#1174),#1199,.T.);
#1174 = FACE_BOUND('',#1175,.T.);
#1175 = EDGE_LOOP('',(#1176,#1186,#1192,#1193));
#1176 = ORIENTED_EDGE('',*,*,#1177,.F.);
#1177 = EDGE_CURVE('',#1178,#1180,#1182,.T.);
#1178 = VERTEX_POINT('',#1179);
#1179 = CARTESIAN_POINT('',(12.,67.,8.));
#1180 = VERTEX_POINT('',#1181);
#1181 = CARTESIAN_POINT('',(12.,84.,8.));
#1182 = LINE('',#1183,#1184);
#1183 = CARTESIAN_POINT('',(12.,0.,8.));
#1184 = VECTOR('',#1185,1.);
#1185 = DIRECTION('',(0.,1.,0.));
#1186 = ORIENTED_EDGE('',*,*,#1187,.F.);
#1187 = EDGE_CURVE('',#1138,#1178,#1188,.T.);
#1188 = LINE('',#1189,#1190);
#1189 = CARTESIAN_POINT('',(6.,67.,8.));
#1190 = VECTOR('',#1191,1.);
#1191 = DIRECTION('',(-1.,0.,0.));
#1192 = ORIENTED_EDGE('',*,*,#1163,.T.);
#1193 = ORIENTED_EDGE('',*,*,#1194,.F.);
#1194 = EDGE_CURVE('',#1180,#1156,#1195,.T.);
#1195 = LINE('',#1196,#1197);
#1196 = CARTESIAN_POINT('',(6.,84.,8.));
#1197 = VECTOR('',#1198,1.);
#1198 = DIRECTION('',(1.,0.,0.));
#1199 = PLANE('',#1200);
#1200 = AXIS2_PLACEMENT_3D('',#1201,#1202,#1203);
#1201 = CARTESIAN_POINT('',(12.,0.,8.));
#1202 = DIRECTION('',(0.,0.,1.));
#1203 = DIRECTION('',(1.,0.,0.));
#1204 = ADVANCED_FACE('',(#1205),#1230,.F.);
#1205 = FACE_BOUND('',#1206,.F.);
#1206 = EDGE_LOOP('',(#1207,#1208,#1216,#1224));
#1207 = ORIENTED_EDGE('',*,*,#1177,.F.);
#1208 = ORIENTED_EDGE('',*,*,#1209,.F.);
#1209 = EDGE_CURVE('',#1210,#1178,#1212,.T.);
#1210 = VERTEX_POINT('',#1211);
#1211 = CARTESIAN_POINT('',(12.,67.,6.));
#1212 = LINE('',#1213,#1214);
#1213 = CARTESIAN_POINT('',(12.,67.,3.));
#1214 = VECTOR('',#1215,1.);
#1215 = DIRECTION('',(0.,0.,1.));
#1216 = ORIENTED_EDGE('',*,*,#1217,.T.);
#1217 = EDGE_CURVE('',#1210,#1218,#1220,.T.);
#1218 = VERTEX_POINT('',#1219);
#1219 = CARTESIAN_POINT('',(12.,84.,6.));
#1220 = LINE('',#1221,#1222);
#1221 = CARTESIAN_POINT('',(12.,0.,6.));
#1222 = VECTOR('',#1223,1.);
#1223 = DIRECTION('',(0.,1.,0.));
#1224 = ORIENTED_EDGE('',*,*,#1225,.F.);
#1225 = EDGE_CURVE('',#1180,#1218,#1226,.T.);
#1226 = LINE('',#1227,#1228);
#1227 = CARTESIAN_POINT('',(12.,84.,6.));
#1228 = VECTOR('',#1229,1.);
#1229 = DIRECTION('',(0.,0.,-1.));
#1230 = PLANE('',#1231);
#1231 = AXIS2_PLACEMENT_3D('',#1232,#1233,#1234);
#1232 = CARTESIAN_POINT('',(12.,0.,6.));
#1233 = DIRECTION('',(1.,0.,0.));
#1234 = DIRECTION('',(0.,0.,1.));
#1235 = ADVANCED_FACE('',(#1236),#1254,.F.);
#1236 = FACE_BOUND('',#1237,.T.);
#1237 = EDGE_LOOP('',(#1238,#1239,#1246,#1247));
#1238 = ORIENTED_EDGE('',*,*,#702,.F.);
#1239 = ORIENTED_EDGE('',*,*,#1240,.T.);
#1240 = EDGE_CURVE('',#693,#719,#1241,.T.);
#1241 = CIRCLE('',#1242,3.9);
#1242 = AXIS2_PLACEMENT_3D('',#1243,#1244,#1245);
#1243 = CARTESIAN_POINT('',(8.,92.,0.));
#1244 = DIRECTION('',(0.,0.,-1.));
#1245 = DIRECTION('',(1.,0.,0.));
#1246 = ORIENTED_EDGE('',*,*,#718,.F.);
#1247 = ORIENTED_EDGE('',*,*,#1248,.T.);
#1248 = EDGE_CURVE('',#711,#703,#1249,.T.);
#1249 = CIRCLE('',#1250,3.9);
#1250 = AXIS2_PLACEMENT_3D('',#1251,#1252,#1253);
#1251 = CARTESIAN_POINT('',(8.,92.,6.));
#1252 = DIRECTION('',(0.,0.,1.));
#1253 = DIRECTION('',(1.,0.,0.));
#1254 = CYLINDRICAL_SURFACE('',#1255,3.9);
#1255 = AXIS2_PLACEMENT_3D('',#1256,#1257,#1258);
#1256 = CARTESIAN_POINT('',(8.,92.,-1.));
#1257 = DIRECTION('',(-0.,-0.,-1.));
#1258 = DIRECTION('',(1.,0.,0.));
#1259 = ADVANCED_FACE('',(#1260),#1285,.T.);
#1260 = FACE_BOUND('',#1261,.T.);
#1261 = EDGE_LOOP('',(#1262,#1272,#1278,#1279));
#1262 = ORIENTED_EDGE('',*,*,#1263,.F.);
#1263 = EDGE_CURVE('',#1264,#1266,#1268,.T.);
#1264 = VERTEX_POINT('',#1265);
#1265 = CARTESIAN_POINT('',(16.,70.,0.));
#1266 = VERTEX_POINT('',#1267);
#1267 = CARTESIAN_POINT('',(16.,70.,6.));
#1268 = LINE('',#1269,#1270);
#1269 = CARTESIAN_POINT('',(16.,70.,7.938305237809));
#1270 = VECTOR('',#1271,1.);
#1271 = DIRECTION('',(0.,0.,1.));
#1272 = ORIENTED_EDGE('',*,*,#1273,.T.);
#1273 = EDGE_CURVE('',#1264,#695,#1274,.T.);
#1274 = LINE('',#1275,#1276);
#1275 = CARTESIAN_POINT('',(16.,4.,0.));
#1276 = VECTOR('',#1277,1.);
#1277 = DIRECTION('',(0.,1.,0.));
#1278 = ORIENTED_EDGE('',*,*,#866,.T.);
#1279 = ORIENTED_EDGE('',*,*,#1280,.T.);
#1280 = EDGE_CURVE('',#859,#1266,#1281,.T.);
#1281 = LINE('',#1282,#1283);
#1282 = CARTESIAN_POINT('',(16.,19.19686935581,6.));
#1283 = VECTOR('',#1284,1.);
#1284 = DIRECTION('',(0.,-1.,0.));
#1285 = PLANE('',#1286);
#1286 = AXIS2_PLACEMENT_3D('',#1287,#1288,#1289);
#1287 = CARTESIAN_POINT('',(16.,38.39373871162,15.876610475617));
#1288 = DIRECTION('',(1.,0.,0.));
#1289 = DIRECTION('',(0.,0.,1.));
#1290 = ADVANCED_FACE('',(#1291),#1323,.T.);
#1291 = FACE_BOUND('',#1292,.T.);
#1292 = EDGE_LOOP('',(#1293,#1301,#1302,#1308,#1309,#1317));
#1293 = ORIENTED_EDGE('',*,*,#1294,.F.);
#1294 = EDGE_CURVE('',#1264,#1295,#1297,.T.);
#1295 = VERTEX_POINT('',#1296);
#1296 = CARTESIAN_POINT('',(126.,70.,0.));
#1297 = LINE('',#1298,#1299);
#1298 = CARTESIAN_POINT('',(0.,70.,0.));
#1299 = VECTOR('',#1300,1.);
#1300 = DIRECTION('',(1.,0.,0.));
#1301 = ORIENTED_EDGE('',*,*,#1263,.T.);
#1302 = ORIENTED_EDGE('',*,*,#1303,.T.);
#1303 = EDGE_CURVE('',#1266,#881,#1304,.T.);
#1304 = LINE('',#1305,#1306);
#1305 = CARTESIAN_POINT('',(0.,70.,6.));
#1306 = VECTOR('',#1307,1.);
#1307 = DIRECTION('',(1.,0.,0.));
#1308 = ORIENTED_EDGE('',*,*,#880,.T.);
#1309 = ORIENTED_EDGE('',*,*,#1310,.T.);
#1310 = EDGE_CURVE('',#368,#1311,#1313,.T.);
#1311 = VERTEX_POINT('',#1312);
#1312 = CARTESIAN_POINT('',(126.,70.,6.));
#1313 = LINE('',#1314,#1315);
#1314 = CARTESIAN_POINT('',(0.,70.,6.));
#1315 = VECTOR('',#1316,1.);
#1316 = DIRECTION('',(1.,0.,0.));
#1317 = ORIENTED_EDGE('',*,*,#1318,.T.);
#1318 = EDGE_CURVE('',#1311,#1295,#1319,.T.);
#1319 = LINE('',#1320,#1321);
#1320 = CARTESIAN_POINT('',(126.,70.,7.938305237809));
#1321 = VECTOR('',#1322,1.);
#1322 = DIRECTION('',(0.,0.,-1.));
#1323 = PLANE('',#1324);
#1324 = AXIS2_PLACEMENT_3D('',#1325,#1326,#1327);
#1325 = CARTESIAN_POINT('',(0.,70.,0.));
#1326 = DIRECTION('',(0.,1.,0.));
#1327 = DIRECTION('',(0.,0.,1.));
#1328 = ADVANCED_FACE('',(#1329),#1335,.F.);
#1329 = FACE_BOUND('',#1330,.F.);
#1330 = EDGE_LOOP('',(#1331,#1332,#1333,#1334));
#1331 = ORIENTED_EDGE('',*,*,#1303,.T.);
#1332 = ORIENTED_EDGE('',*,*,#926,.T.);
#1333 = ORIENTED_EDGE('',*,*,#858,.T.);
#1334 = ORIENTED_EDGE('',*,*,#1280,.T.);
#1335 = PLANE('',#1336);
#1336 = AXIS2_PLACEMENT_3D('',#1337,#1338,#1339);
#1337 = CARTESIAN_POINT('',(12.,0.,6.));
#1338 = DIRECTION('',(0.,0.,1.));
#1339 = DIRECTION('',(1.,0.,0.));
#1340 = ADVANCED_FACE('',(#1341),#1366,.T.);
#1341 = FACE_BOUND('',#1342,.T.);
#1342 = EDGE_LOOP('',(#1343,#1351,#1357,#1358,#1364,#1365));
#1343 = ORIENTED_EDGE('',*,*,#1344,.F.);
#1344 = EDGE_CURVE('',#1345,#984,#1347,.T.);
#1345 = VERTEX_POINT('',#1346);
#1346 = CARTESIAN_POINT('',(17.5,83.7,14.9));
#1347 = LINE('',#1348,#1349);
#1348 = CARTESIAN_POINT('',(17.5,83.7,14.9));
#1349 = VECTOR('',#1350,1.);
#1350 = DIRECTION('',(1.,0.,0.));
#1351 = ORIENTED_EDGE('',*,*,#1352,.T.);
#1352 = EDGE_CURVE('',#1345,#1115,#1353,.T.);
#1353 = LINE('',#1354,#1355);
#1354 = CARTESIAN_POINT('',(17.5,83.7,14.9));
#1355 = VECTOR('',#1356,1.);
#1356 = DIRECTION('',(0.,0.,1.));
#1357 = ORIENTED_EDGE('',*,*,#1114,.F.);
#1358 = ORIENTED_EDGE('',*,*,#1359,.F.);
#1359 = EDGE_CURVE('',#1006,#1107,#1360,.T.);
#1360 = LINE('',#1361,#1362);
#1361 = CARTESIAN_POINT('',(19.1,83.7,14.9));
#1362 = VECTOR('',#1363,1.);
#1363 = DIRECTION('',(0.,0.,1.));
#1364 = ORIENTED_EDGE('',*,*,#1015,.T.);
#1365 = ORIENTED_EDGE('',*,*,#991,.F.);
#1366 = PLANE('',#1367);
#1367 = AXIS2_PLACEMENT_3D('',#1368,#1369,#1370);
#1368 = CARTESIAN_POINT('',(17.5,83.7,14.9));
#1369 = DIRECTION('',(0.,1.,0.));
#1370 = DIRECTION('',(0.,0.,1.));
#1371 = ADVANCED_FACE('',(#1372),#1383,.T.);
#1372 = FACE_BOUND('',#1373,.T.);
#1373 = EDGE_LOOP('',(#1374,#1380,#1381,#1382));
#1374 = ORIENTED_EDGE('',*,*,#1375,.F.);
#1375 = EDGE_CURVE('',#1345,#819,#1376,.T.);
#1376 = LINE('',#1377,#1378);
#1377 = CARTESIAN_POINT('',(17.5,83.7,14.9));
#1378 = VECTOR('',#1379,1.);
#1379 = DIRECTION('',(0.,1.,0.));
#1380 = ORIENTED_EDGE('',*,*,#1344,.T.);
#1381 = ORIENTED_EDGE('',*,*,#983,.F.);
#1382 = ORIENTED_EDGE('',*,*,#826,.F.);
#1383 = PLANE('',#1384);
#1384 = AXIS2_PLACEMENT_3D('',#1385,#1386,#1387);
#1385 = CARTESIAN_POINT('',(17.5,83.7,14.9));
#1386 = DIRECTION('',(0.,0.,1.));
#1387 = DIRECTION('',(1.,0.,0.));
#1388 = ADVANCED_FACE('',(#1389),#1400,.F.);
#1389 = FACE_BOUND('',#1390,.F.);
#1390 = EDGE_LOOP('',(#1391,#1392,#1393,#1399));
#1391 = ORIENTED_EDGE('',*,*,#1359,.F.);
#1392 = ORIENTED_EDGE('',*,*,#1005,.T.);
#1393 = ORIENTED_EDGE('',*,*,#1394,.F.);
#1394 = EDGE_CURVE('',#1099,#1008,#1395,.T.);
#1395 = LINE('',#1396,#1397);
#1396 = CARTESIAN_POINT('',(19.1,92.,14.233387096774));
#1397 = VECTOR('',#1398,1.);
#1398 = DIRECTION('',(0.,0.,-1.));
#1399 = ORIENTED_EDGE('',*,*,#1106,.F.);
#1400 = PLANE('',#1401);
#1401 = AXIS2_PLACEMENT_3D('',#1402,#1403,#1404);
#1402 = CARTESIAN_POINT('',(19.1,83.7,14.9));
#1403 = DIRECTION('',(1.,0.,0.));
#1404 = DIRECTION('',(0.,0.,1.));
#1405 = ADVANCED_FACE('',(#1406),#1412,.T.);
#1406 = FACE_BOUND('',#1407,.T.);
#1407 = EDGE_LOOP('',(#1408,#1409,#1410,#1411));
#1408 = ORIENTED_EDGE('',*,*,#1038,.F.);
#1409 = ORIENTED_EDGE('',*,*,#1394,.F.);
#1410 = ORIENTED_EDGE('',*,*,#1098,.T.);
#1411 = ORIENTED_EDGE('',*,*,#1069,.F.);
#1412 = PLANE('',#1413);
#1413 = AXIS2_PLACEMENT_3D('',#1414,#1415,#1416);
#1414 = CARTESIAN_POINT('',(17.042580645161,92.,13.566774193548));
#1415 = DIRECTION('',(0.,1.,0.));
#1416 = DIRECTION('',(0.,0.,1.));
#1417 = ADVANCED_FACE('',(#1418),#1424,.T.);
#1418 = FACE_BOUND('',#1419,.T.);
#1419 = EDGE_LOOP('',(#1420,#1421,#1422,#1423));
#1420 = ORIENTED_EDGE('',*,*,#1352,.F.);
#1421 = ORIENTED_EDGE('',*,*,#1375,.T.);
#1422 = ORIENTED_EDGE('',*,*,#818,.F.);
#1423 = ORIENTED_EDGE('',*,*,#1122,.F.);
#1424 = PLANE('',#1425);
#1425 = AXIS2_PLACEMENT_3D('',#1426,#1427,#1428);
#1426 = CARTESIAN_POINT('',(17.5,83.7,14.9));
#1427 = DIRECTION('',(1.,0.,0.));
#1428 = DIRECTION('',(0.,0.,1.));
#1429 = ADVANCED_FACE('',(#1430),#1506,.F.);
#1430 = FACE_BOUND('',#1431,.F.);
#1431 = EDGE_LOOP('',(#1432,#1433,#1434,#1440,#1441,#1449,#1457,#1465,
    #1473,#1482,#1490,#1499,#1505));
#1432 = ORIENTED_EDGE('',*,*,#1194,.F.);
#1433 = ORIENTED_EDGE('',*,*,#1225,.T.);
#1434 = ORIENTED_EDGE('',*,*,#1435,.F.);
#1435 = EDGE_CURVE('',#440,#1218,#1436,.T.);
#1436 = LINE('',#1437,#1438);
#1437 = CARTESIAN_POINT('',(0.,84.,6.));
#1438 = VECTOR('',#1439,1.);
#1439 = DIRECTION('',(1.,0.,0.));
#1440 = ORIENTED_EDGE('',*,*,#670,.F.);
#1441 = ORIENTED_EDGE('',*,*,#1442,.T.);
#1442 = EDGE_CURVE('',#663,#1443,#1445,.T.);
#1443 = VERTEX_POINT('',#1444);
#1444 = CARTESIAN_POINT('',(0.,84.,20.));
#1445 = LINE('',#1446,#1447);
#1446 = CARTESIAN_POINT('',(0.,84.,6.));
#1447 = VECTOR('',#1448,1.);
#1448 = DIRECTION('',(0.,0.,1.));
#1449 = ORIENTED_EDGE('',*,*,#1450,.T.);
#1450 = EDGE_CURVE('',#1443,#1451,#1453,.T.);
#1451 = VERTEX_POINT('',#1452);
#1452 = CARTESIAN_POINT('',(16.,84.,20.));
#1453 = LINE('',#1454,#1455);
#1454 = CARTESIAN_POINT('',(0.,84.,20.));
#1455 = VECTOR('',#1456,1.);
#1456 = DIRECTION('',(1.,0.,0.));
#1457 = ORIENTED_EDGE('',*,*,#1458,.F.);
#1458 = EDGE_CURVE('',#1459,#1451,#1461,.T.);
#1459 = VERTEX_POINT('',#1460);
#1460 = CARTESIAN_POINT('',(16.,84.,19.7));
#1461 = LINE('',#1462,#1463);
#1462 = CARTESIAN_POINT('',(16.,84.,6.));
#1463 = VECTOR('',#1464,1.);
#1464 = DIRECTION('',(0.,0.,1.));
#1465 = ORIENTED_EDGE('',*,*,#1466,.F.);
#1466 = EDGE_CURVE('',#1467,#1459,#1469,.T.);
#1467 = VERTEX_POINT('',#1468);
#1468 = CARTESIAN_POINT('',(13.,84.,19.7));
#1469 = LINE('',#1470,#1471);
#1470 = CARTESIAN_POINT('',(12.7,84.,19.7));
#1471 = VECTOR('',#1472,1.);
#1472 = DIRECTION('',(1.,0.,0.));
#1473 = ORIENTED_EDGE('',*,*,#1474,.T.);
#1474 = EDGE_CURVE('',#1467,#1475,#1477,.T.);
#1475 = VERTEX_POINT('',#1476);
#1476 = CARTESIAN_POINT('',(12.7,84.,19.4));
#1477 = CIRCLE('',#1478,0.3);
#1478 = AXIS2_PLACEMENT_3D('',#1479,#1480,#1481);
#1479 = CARTESIAN_POINT('',(13.,84.,19.4));
#1480 = DIRECTION('',(0.,-1.,0.));
#1481 = DIRECTION('',(-1.,0.,0.));
#1482 = ORIENTED_EDGE('',*,*,#1483,.F.);
#1483 = EDGE_CURVE('',#1484,#1475,#1486,.T.);
#1484 = VERTEX_POINT('',#1485);
#1485 = CARTESIAN_POINT('',(12.7,84.,13.4));
#1486 = LINE('',#1487,#1488);
#1487 = CARTESIAN_POINT('',(12.7,84.,13.1));
#1488 = VECTOR('',#1489,1.);
#1489 = DIRECTION('',(0.,0.,1.));
#1490 = ORIENTED_EDGE('',*,*,#1491,.F.);
#1491 = EDGE_CURVE('',#1492,#1484,#1494,.T.);
#1492 = VERTEX_POINT('',#1493);
#1493 = CARTESIAN_POINT('',(13.,84.,13.1));
#1494 = CIRCLE('',#1495,0.3);
#1495 = AXIS2_PLACEMENT_3D('',#1496,#1497,#1498);
#1496 = CARTESIAN_POINT('',(13.,84.,13.4));
#1497 = DIRECTION('',(0.,1.,-0.));
#1498 = DIRECTION('',(-1.,0.,0.));
#1499 = ORIENTED_EDGE('',*,*,#1500,.T.);
#1500 = EDGE_CURVE('',#1492,#1148,#1501,.T.);
#1501 = LINE('',#1502,#1503);
#1502 = CARTESIAN_POINT('',(12.7,84.,13.1));
#1503 = VECTOR('',#1504,1.);
#1504 = DIRECTION('',(1.,0.,0.));
#1505 = ORIENTED_EDGE('',*,*,#1155,.T.);
#1506 = PLANE('',#1507);
#1507 = AXIS2_PLACEMENT_3D('',#1508,#1509,#1510);
#1508 = CARTESIAN_POINT('',(0.,84.,6.));
#1509 = DIRECTION('',(0.,1.,0.));
#1510 = DIRECTION('',(0.,0.,1.));
#1511 = ADVANCED_FACE('',(#1512),#1523,.T.);
#1512 = FACE_BOUND('',#1513,.T.);
#1513 = EDGE_LOOP('',(#1514,#1520,#1521,#1522));
#1514 = ORIENTED_EDGE('',*,*,#1515,.F.);
#1515 = EDGE_CURVE('',#1492,#786,#1516,.T.);
#1516 = LINE('',#1517,#1518);
#1517 = CARTESIAN_POINT('',(13.,83.7,13.1));
#1518 = VECTOR('',#1519,1.);
#1519 = DIRECTION('',(0.,1.,0.));
#1520 = ORIENTED_EDGE('',*,*,#1500,.T.);
#1521 = ORIENTED_EDGE('',*,*,#1147,.T.);
#1522 = ORIENTED_EDGE('',*,*,#794,.T.);
#1523 = PLANE('',#1524);
#1524 = AXIS2_PLACEMENT_3D('',#1525,#1526,#1527);
#1525 = CARTESIAN_POINT('',(12.7,83.7,13.1));
#1526 = DIRECTION('',(0.,0.,1.));
#1527 = DIRECTION('',(1.,0.,0.));
#1528 = ADVANCED_FACE('',(#1529),#1548,.T.);
#1529 = FACE_BOUND('',#1530,.F.);
#1530 = EDGE_LOOP('',(#1531,#1539,#1540,#1541));
#1531 = ORIENTED_EDGE('',*,*,#1532,.F.);
#1532 = EDGE_CURVE('',#652,#1533,#1535,.T.);
#1533 = VERTEX_POINT('',#1534);
#1534 = CARTESIAN_POINT('',(-1.E-15,90.,20.));
#1535 = LINE('',#1536,#1537);
#1536 = CARTESIAN_POINT('',(-1.78E-15,90.,6.));
#1537 = VECTOR('',#1538,1.);
#1538 = DIRECTION('',(0.,0.,1.));
#1539 = ORIENTED_EDGE('',*,*,#651,.T.);
#1540 = ORIENTED_EDGE('',*,*,#736,.T.);
#1541 = ORIENTED_EDGE('',*,*,#1542,.T.);
#1542 = EDGE_CURVE('',#737,#1533,#1543,.T.);
#1543 = CIRCLE('',#1544,10.);
#1544 = AXIS2_PLACEMENT_3D('',#1545,#1546,#1547);
#1545 = CARTESIAN_POINT('',(10.,90.,20.));
#1546 = DIRECTION('',(0.,0.,1.));
#1547 = DIRECTION('',(-1.,0.,0.));
#1548 = CYLINDRICAL_SURFACE('',#1549,10.);
#1549 = AXIS2_PLACEMENT_3D('',#1550,#1551,#1552);
#1550 = CARTESIAN_POINT('',(10.,90.,6.));
#1551 = DIRECTION('',(0.,0.,1.));
#1552 = DIRECTION('',(-1.,0.,0.));
#1553 = ADVANCED_FACE('',(#1554),#1565,.F.);
#1554 = FACE_BOUND('',#1555,.F.);
#1555 = EDGE_LOOP('',(#1556,#1557,#1558,#1564));
#1556 = ORIENTED_EDGE('',*,*,#662,.T.);
#1557 = ORIENTED_EDGE('',*,*,#1532,.T.);
#1558 = ORIENTED_EDGE('',*,*,#1559,.F.);
#1559 = EDGE_CURVE('',#1443,#1533,#1560,.T.);
#1560 = LINE('',#1561,#1562);
#1561 = CARTESIAN_POINT('',(0.,67.,20.));
#1562 = VECTOR('',#1563,1.);
#1563 = DIRECTION('',(0.,1.,0.));
#1564 = ORIENTED_EDGE('',*,*,#1442,.F.);
#1565 = PLANE('',#1566);
#1566 = AXIS2_PLACEMENT_3D('',#1567,#1568,#1569);
#1567 = CARTESIAN_POINT('',(0.,84.,6.));
#1568 = DIRECTION('',(1.,0.,0.));
#1569 = DIRECTION('',(0.,0.,1.));
#1570 = ADVANCED_FACE('',(#1571),#1575,.F.);
#1571 = FACE_BOUND('',#1572,.F.);
#1572 = EDGE_LOOP('',(#1573,#1574));
#1573 = ORIENTED_EDGE('',*,*,#1248,.T.);
#1574 = ORIENTED_EDGE('',*,*,#710,.T.);
#1575 = PLANE('',#1576);
#1576 = AXIS2_PLACEMENT_3D('',#1577,#1578,#1579);
#1577 = CARTESIAN_POINT('',(8.,92.,6.));
#1578 = DIRECTION('',(0.,0.,1.));
#1579 = DIRECTION('',(1.,0.,0.));
#1580 = ADVANCED_FACE('',(#1581),#1593,.T.);
#1581 = FACE_BOUND('',#1582,.T.);
#1582 = EDGE_LOOP('',(#1583,#1584,#1585,#1591,#1592));
#1583 = ORIENTED_EDGE('',*,*,#1559,.F.);
#1584 = ORIENTED_EDGE('',*,*,#1450,.T.);
#1585 = ORIENTED_EDGE('',*,*,#1586,.F.);
#1586 = EDGE_CURVE('',#745,#1451,#1587,.T.);
#1587 = LINE('',#1588,#1589);
#1588 = CARTESIAN_POINT('',(16.,75.5,20.));
#1589 = VECTOR('',#1590,1.);
#1590 = DIRECTION('',(0.,-1.,0.));
#1591 = ORIENTED_EDGE('',*,*,#744,.F.);
#1592 = ORIENTED_EDGE('',*,*,#1542,.T.);
#1593 = PLANE('',#1594);
#1594 = AXIS2_PLACEMENT_3D('',#1595,#1596,#1597);
#1595 = CARTESIAN_POINT('',(0.,67.,20.));
#1596 = DIRECTION('',(0.,0.,1.));
#1597 = DIRECTION('',(1.,0.,0.));
#1598 = ADVANCED_FACE('',(#1599),#1610,.T.);
#1599 = FACE_BOUND('',#1600,.T.);
#1600 = EDGE_LOOP('',(#1601,#1602,#1608,#1609));
#1601 = ORIENTED_EDGE('',*,*,#1458,.F.);
#1602 = ORIENTED_EDGE('',*,*,#1603,.T.);
#1603 = EDGE_CURVE('',#1459,#753,#1604,.T.);
#1604 = LINE('',#1605,#1606);
#1605 = CARTESIAN_POINT('',(16.,83.7,19.7));
#1606 = VECTOR('',#1607,1.);
#1607 = DIRECTION('',(0.,1.,0.));
#1608 = ORIENTED_EDGE('',*,*,#752,.T.);
#1609 = ORIENTED_EDGE('',*,*,#1586,.T.);
#1610 = PLANE('',#1611);
#1611 = AXIS2_PLACEMENT_3D('',#1612,#1613,#1614);
#1612 = CARTESIAN_POINT('',(16.,84.,6.));
#1613 = DIRECTION('',(1.,0.,0.));
#1614 = DIRECTION('',(0.,0.,1.));
#1615 = ADVANCED_FACE('',(#1616),#1627,.F.);
#1616 = FACE_BOUND('',#1617,.F.);
#1617 = EDGE_LOOP('',(#1618,#1624,#1625,#1626));
#1618 = ORIENTED_EDGE('',*,*,#1619,.F.);
#1619 = EDGE_CURVE('',#1467,#761,#1620,.T.);
#1620 = LINE('',#1621,#1622);
#1621 = CARTESIAN_POINT('',(13.,83.7,19.7));
#1622 = VECTOR('',#1623,1.);
#1623 = DIRECTION('',(0.,1.,0.));
#1624 = ORIENTED_EDGE('',*,*,#1466,.T.);
#1625 = ORIENTED_EDGE('',*,*,#1603,.T.);
#1626 = ORIENTED_EDGE('',*,*,#760,.T.);
#1627 = PLANE('',#1628);
#1628 = AXIS2_PLACEMENT_3D('',#1629,#1630,#1631);
#1629 = CARTESIAN_POINT('',(12.7,83.7,19.7));
#1630 = DIRECTION('',(0.,0.,1.));
#1631 = DIRECTION('',(1.,0.,0.));
#1632 = ADVANCED_FACE('',(#1633),#1644,.F.);
#1633 = FACE_BOUND('',#1634,.F.);
#1634 = EDGE_LOOP('',(#1635,#1636,#1637,#1638));
#1635 = ORIENTED_EDGE('',*,*,#1474,.F.);
#1636 = ORIENTED_EDGE('',*,*,#1619,.T.);
#1637 = ORIENTED_EDGE('',*,*,#768,.F.);
#1638 = ORIENTED_EDGE('',*,*,#1639,.F.);
#1639 = EDGE_CURVE('',#1475,#769,#1640,.T.);
#1640 = LINE('',#1641,#1642);
#1641 = CARTESIAN_POINT('',(12.7,83.7,19.4));
#1642 = VECTOR('',#1643,1.);
#1643 = DIRECTION('',(0.,1.,0.));
#1644 = CYLINDRICAL_SURFACE('',#1645,0.3);
#1645 = AXIS2_PLACEMENT_3D('',#1646,#1647,#1648);
#1646 = CARTESIAN_POINT('',(13.,83.7,19.4));
#1647 = DIRECTION('',(0.,1.,0.));
#1648 = DIRECTION('',(-1.,0.,0.));
#1649 = ADVANCED_FACE('',(#1650),#1661,.T.);
#1650 = FACE_BOUND('',#1651,.T.);
#1651 = EDGE_LOOP('',(#1652,#1653,#1659,#1660));
#1652 = ORIENTED_EDGE('',*,*,#1483,.F.);
#1653 = ORIENTED_EDGE('',*,*,#1654,.T.);
#1654 = EDGE_CURVE('',#1484,#778,#1655,.T.);
#1655 = LINE('',#1656,#1657);
#1656 = CARTESIAN_POINT('',(12.7,83.7,13.4));
#1657 = VECTOR('',#1658,1.);
#1658 = DIRECTION('',(0.,1.,0.));
#1659 = ORIENTED_EDGE('',*,*,#777,.T.);
#1660 = ORIENTED_EDGE('',*,*,#1639,.F.);
#1661 = PLANE('',#1662);
#1662 = AXIS2_PLACEMENT_3D('',#1663,#1664,#1665);
#1663 = CARTESIAN_POINT('',(12.7,83.7,13.1));
#1664 = DIRECTION('',(1.,0.,0.));
#1665 = DIRECTION('',(0.,0.,1.));
#1666 = ADVANCED_FACE('',(#1667),#1673,.F.);
#1667 = FACE_BOUND('',#1668,.T.);
#1668 = EDGE_LOOP('',(#1669,#1670,#1671,#1672));
#1669 = ORIENTED_EDGE('',*,*,#1491,.F.);
#1670 = ORIENTED_EDGE('',*,*,#1515,.T.);
#1671 = ORIENTED_EDGE('',*,*,#785,.T.);
#1672 = ORIENTED_EDGE('',*,*,#1654,.F.);
#1673 = CYLINDRICAL_SURFACE('',#1674,0.3);
#1674 = AXIS2_PLACEMENT_3D('',#1675,#1676,#1677);
#1675 = CARTESIAN_POINT('',(13.,83.7,13.4));
#1676 = DIRECTION('',(0.,1.,0.));
#1677 = DIRECTION('',(-1.,0.,0.));
#1678 = ADVANCED_FACE('',(#1679),#1704,.T.);
#1679 = FACE_BOUND('',#1680,.T.);
#1680 = EDGE_LOOP('',(#1681,#1689,#1690,#1698));
#1681 = ORIENTED_EDGE('',*,*,#1682,.F.);
#1682 = EDGE_CURVE('',#1295,#1683,#1685,.T.);
#1683 = VERTEX_POINT('',#1684);
#1684 = CARTESIAN_POINT('',(126.,92.,0.));
#1685 = LINE('',#1686,#1687);
#1686 = CARTESIAN_POINT('',(126.,4.,0.));
#1687 = VECTOR('',#1688,1.);
#1688 = DIRECTION('',(0.,1.,0.));
#1689 = ORIENTED_EDGE('',*,*,#1318,.F.);
#1690 = ORIENTED_EDGE('',*,*,#1691,.T.);
#1691 = EDGE_CURVE('',#1311,#1692,#1694,.T.);
#1692 = VERTEX_POINT('',#1693);
#1693 = CARTESIAN_POINT('',(126.,92.,6.));
#1694 = LINE('',#1695,#1696);
#1695 = CARTESIAN_POINT('',(126.,19.19686935581,6.));
#1696 = VECTOR('',#1697,1.);
#1697 = DIRECTION('',(0.,1.,0.));
#1698 = ORIENTED_EDGE('',*,*,#1699,.F.);
#1699 = EDGE_CURVE('',#1683,#1692,#1700,.T.);
#1700 = LINE('',#1701,#1702);
#1701 = CARTESIAN_POINT('',(126.,92.,-1.));
#1702 = VECTOR('',#1703,1.);
#1703 = DIRECTION('',(0.,0.,1.));
#1704 = PLANE('',#1705);
#1705 = AXIS2_PLACEMENT_3D('',#1706,#1707,#1708);
#1706 = CARTESIAN_POINT('',(126.,38.39373871162,15.876610475617));
#1707 = DIRECTION('',(-1.,-0.,-0.));
#1708 = DIRECTION('',(0.,0.,-1.));
#1709 = ADVANCED_FACE('',(#1710),#1721,.F.);
#1710 = FACE_BOUND('',#1711,.F.);
#1711 = EDGE_LOOP('',(#1712,#1713,#1714,#1715));
#1712 = ORIENTED_EDGE('',*,*,#375,.F.);
#1713 = ORIENTED_EDGE('',*,*,#1310,.T.);
#1714 = ORIENTED_EDGE('',*,*,#1691,.T.);
#1715 = ORIENTED_EDGE('',*,*,#1716,.T.);
#1716 = EDGE_CURVE('',#1692,#376,#1717,.T.);
#1717 = LINE('',#1718,#1719);
#1718 = CARTESIAN_POINT('',(8.,92.,6.));
#1719 = VECTOR('',#1720,1.);
#1720 = DIRECTION('',(-1.,0.,0.));
#1721 = PLANE('',#1722);
#1722 = AXIS2_PLACEMENT_3D('',#1723,#1724,#1725);
#1723 = CARTESIAN_POINT('',(119.6,0.,6.));
#1724 = DIRECTION('',(0.,0.,1.));
#1725 = DIRECTION('',(1.,0.,0.));
#1726 = ADVANCED_FACE('',(#1727),#1812,.F.);
#1727 = FACE_BOUND('',#1728,.F.);
#1728 = EDGE_LOOP('',(#1729,#1739,#1747,#1755,#1763,#1771,#1777,#1778,
    #1779,#1780,#1788,#1797,#1805));
#1729 = ORIENTED_EDGE('',*,*,#1730,.F.);
#1730 = EDGE_CURVE('',#1731,#1733,#1735,.T.);
#1731 = VERTEX_POINT('',#1732);
#1732 = CARTESIAN_POINT('',(126.,84.,19.7));
#1733 = VERTEX_POINT('',#1734);
#1734 = CARTESIAN_POINT('',(129.,84.,19.7));
#1735 = LINE('',#1736,#1737);
#1736 = CARTESIAN_POINT('',(125.7,84.,19.7));
#1737 = VECTOR('',#1738,1.);
#1738 = DIRECTION('',(1.,0.,0.));
#1739 = ORIENTED_EDGE('',*,*,#1740,.T.);
#1740 = EDGE_CURVE('',#1731,#1741,#1743,.T.);
#1741 = VERTEX_POINT('',#1742);
#1742 = CARTESIAN_POINT('',(126.,84.,20.));
#1743 = LINE('',#1744,#1745);
#1744 = CARTESIAN_POINT('',(126.,84.,6.));
#1745 = VECTOR('',#1746,1.);
#1746 = DIRECTION('',(0.,0.,1.));
#1747 = ORIENTED_EDGE('',*,*,#1748,.T.);
#1748 = EDGE_CURVE('',#1741,#1749,#1751,.T.);
#1749 = VERTEX_POINT('',#1750);
#1750 = CARTESIAN_POINT('',(142.,84.,20.));
#1751 = LINE('',#1752,#1753);
#1752 = CARTESIAN_POINT('',(63.,84.,20.));
#1753 = VECTOR('',#1754,1.);
#1754 = DIRECTION('',(1.,0.,0.));
#1755 = ORIENTED_EDGE('',*,*,#1756,.F.);
#1756 = EDGE_CURVE('',#1757,#1749,#1759,.T.);
#1757 = VERTEX_POINT('',#1758);
#1758 = CARTESIAN_POINT('',(142.,84.,6.));
#1759 = LINE('',#1760,#1761);
#1760 = CARTESIAN_POINT('',(142.,84.,6.));
#1761 = VECTOR('',#1762,1.);
#1762 = DIRECTION('',(0.,0.,1.));
#1763 = ORIENTED_EDGE('',*,*,#1764,.F.);
#1764 = EDGE_CURVE('',#1765,#1757,#1767,.T.);
#1765 = VERTEX_POINT('',#1766);
#1766 = CARTESIAN_POINT('',(141.,84.,6.));
#1767 = LINE('',#1768,#1769);
#1768 = CARTESIAN_POINT('',(126.,84.,6.));
#1769 = VECTOR('',#1770,1.);
#1770 = DIRECTION('',(1.,0.,0.));
#1771 = ORIENTED_EDGE('',*,*,#1772,.F.);
#1772 = EDGE_CURVE('',#40,#1765,#1773,.T.);
#1773 = LINE('',#1774,#1775);
#1774 = CARTESIAN_POINT('',(126.,84.,6.));
#1775 = VECTOR('',#1776,1.);
#1776 = DIRECTION('',(1.,0.,0.));
#1777 = ORIENTED_EDGE('',*,*,#47,.F.);
#1778 = ORIENTED_EDGE('',*,*,#78,.F.);
#1779 = ORIENTED_EDGE('',*,*,#109,.F.);
#1780 = ORIENTED_EDGE('',*,*,#1781,.T.);
#1781 = EDGE_CURVE('',#110,#1782,#1784,.T.);
#1782 = VERTEX_POINT('',#1783);
#1783 = CARTESIAN_POINT('',(129.,84.,13.1));
#1784 = LINE('',#1785,#1786);
#1785 = CARTESIAN_POINT('',(125.7,84.,13.1));
#1786 = VECTOR('',#1787,1.);
#1787 = DIRECTION('',(1.,0.,0.));
#1788 = ORIENTED_EDGE('',*,*,#1789,.T.);
#1789 = EDGE_CURVE('',#1782,#1790,#1792,.T.);
#1790 = VERTEX_POINT('',#1791);
#1791 = CARTESIAN_POINT('',(129.3,84.,13.4));
#1792 = CIRCLE('',#1793,0.3);
#1793 = AXIS2_PLACEMENT_3D('',#1794,#1795,#1796);
#1794 = CARTESIAN_POINT('',(129.,84.,13.4));
#1795 = DIRECTION('',(0.,-1.,0.));
#1796 = DIRECTION('',(1.,0.,0.));
#1797 = ORIENTED_EDGE('',*,*,#1798,.T.);
#1798 = EDGE_CURVE('',#1790,#1799,#1801,.T.);
#1799 = VERTEX_POINT('',#1800);
#1800 = CARTESIAN_POINT('',(129.3,84.,19.4));
#1801 = LINE('',#1802,#1803);
#1802 = CARTESIAN_POINT('',(129.3,84.,13.1));
#1803 = VECTOR('',#1804,1.);
#1804 = DIRECTION('',(0.,0.,1.));
#1805 = ORIENTED_EDGE('',*,*,#1806,.F.);
#1806 = EDGE_CURVE('',#1733,#1799,#1807,.T.);
#1807 = CIRCLE('',#1808,0.3);
#1808 = AXIS2_PLACEMENT_3D('',#1809,#1810,#1811);
#1809 = CARTESIAN_POINT('',(129.,84.,19.4));
#1810 = DIRECTION('',(-0.,1.,0.));
#1811 = DIRECTION('',(1.,0.,0.));
#1812 = PLANE('',#1813);
#1813 = AXIS2_PLACEMENT_3D('',#1814,#1815,#1816);
#1814 = CARTESIAN_POINT('',(126.,84.,6.));
#1815 = DIRECTION('',(0.,1.,0.));
#1816 = DIRECTION('',(0.,0.,1.));
#1817 = ADVANCED_FACE('',(#1818),#2005,.T.);
#1818 = FACE_BOUND('',#1819,.T.);
#1819 = EDGE_LOOP('',(#1820,#1828,#1829,#1830,#1831,#1832,#1833,#1841,
    #1847,#1848,#1849,#1857,#1866,#1874,#1883,#1891,#1899,#1907,#1915,
    #1923,#1945,#1953,#1975,#1983,#1991,#1999));
#1820 = ORIENTED_EDGE('',*,*,#1821,.F.);
#1821 = EDGE_CURVE('',#1683,#1822,#1824,.T.);
#1822 = VERTEX_POINT('',#1823);
#1823 = CARTESIAN_POINT('',(130.1,92.,0.));
#1824 = LINE('',#1825,#1826);
#1825 = CARTESIAN_POINT('',(0.,92.,0.));
#1826 = VECTOR('',#1827,1.);
#1827 = DIRECTION('',(1.,0.,0.));
#1828 = ORIENTED_EDGE('',*,*,#1699,.T.);
#1829 = ORIENTED_EDGE('',*,*,#1716,.T.);
#1830 = ORIENTED_EDGE('',*,*,#383,.T.);
#1831 = ORIENTED_EDGE('',*,*,#344,.F.);
#1832 = ORIENTED_EDGE('',*,*,#297,.T.);
#1833 = ORIENTED_EDGE('',*,*,#1834,.T.);
#1834 = EDGE_CURVE('',#298,#1835,#1837,.T.);
#1835 = VERTEX_POINT('',#1836);
#1836 = CARTESIAN_POINT('',(124.5,92.,14.9));
#1837 = LINE('',#1838,#1839);
#1838 = CARTESIAN_POINT('',(123.92870967741,92.,14.9));
#1839 = VECTOR('',#1840,1.);
#1840 = DIRECTION('',(1.,0.,0.));
#1841 = ORIENTED_EDGE('',*,*,#1842,.F.);
#1842 = EDGE_CURVE('',#165,#1835,#1843,.T.);
#1843 = LINE('',#1844,#1845);
#1844 = CARTESIAN_POINT('',(124.5,92.,14.233387096774));
#1845 = VECTOR('',#1846,1.);
#1846 = DIRECTION('',(0.,0.,-1.));
#1847 = ORIENTED_EDGE('',*,*,#164,.T.);
#1848 = ORIENTED_EDGE('',*,*,#125,.F.);
#1849 = ORIENTED_EDGE('',*,*,#1850,.F.);
#1850 = EDGE_CURVE('',#1851,#118,#1853,.T.);
#1851 = VERTEX_POINT('',#1852);
#1852 = CARTESIAN_POINT('',(129.,92.,13.1));
#1853 = LINE('',#1854,#1855);
#1854 = CARTESIAN_POINT('',(62.85,92.,13.1));
#1855 = VECTOR('',#1856,1.);
#1856 = DIRECTION('',(-1.,0.,0.));
#1857 = ORIENTED_EDGE('',*,*,#1858,.F.);
#1858 = EDGE_CURVE('',#1859,#1851,#1861,.T.);
#1859 = VERTEX_POINT('',#1860);
#1860 = CARTESIAN_POINT('',(129.3,92.,13.4));
#1861 = CIRCLE('',#1862,0.3);
#1862 = AXIS2_PLACEMENT_3D('',#1863,#1864,#1865);
#1863 = CARTESIAN_POINT('',(129.,92.,13.4));
#1864 = DIRECTION('',(-0.,1.,0.));
#1865 = DIRECTION('',(1.,0.,0.));
#1866 = ORIENTED_EDGE('',*,*,#1867,.T.);
#1867 = EDGE_CURVE('',#1859,#1868,#1870,.T.);
#1868 = VERTEX_POINT('',#1869);
#1869 = CARTESIAN_POINT('',(129.3,92.,19.4));
#1870 = LINE('',#1871,#1872);
#1871 = CARTESIAN_POINT('',(129.3,92.,6.55));
#1872 = VECTOR('',#1873,1.);
#1873 = DIRECTION('',(0.,0.,1.));
#1874 = ORIENTED_EDGE('',*,*,#1875,.F.);
#1875 = EDGE_CURVE('',#1876,#1868,#1878,.T.);
#1876 = VERTEX_POINT('',#1877);
#1877 = CARTESIAN_POINT('',(129.,92.,19.7));
#1878 = CIRCLE('',#1879,0.3);
#1879 = AXIS2_PLACEMENT_3D('',#1880,#1881,#1882);
#1880 = CARTESIAN_POINT('',(129.,92.,19.4));
#1881 = DIRECTION('',(-0.,1.,0.));
#1882 = DIRECTION('',(1.,0.,0.));
#1883 = ORIENTED_EDGE('',*,*,#1884,.T.);
#1884 = EDGE_CURVE('',#1876,#1885,#1887,.T.);
#1885 = VERTEX_POINT('',#1886);
#1886 = CARTESIAN_POINT('',(126.,92.,19.7));
#1887 = LINE('',#1888,#1889);
#1888 = CARTESIAN_POINT('',(62.85,92.,19.7));
#1889 = VECTOR('',#1890,1.);
#1890 = DIRECTION('',(-1.,0.,0.));
#1891 = ORIENTED_EDGE('',*,*,#1892,.T.);
#1892 = EDGE_CURVE('',#1885,#1893,#1895,.T.);
#1893 = VERTEX_POINT('',#1894);
#1894 = CARTESIAN_POINT('',(126.,92.,20.));
#1895 = LINE('',#1896,#1897);
#1896 = CARTESIAN_POINT('',(126.,92.,3.));
#1897 = VECTOR('',#1898,1.);
#1898 = DIRECTION('',(0.,0.,1.));
#1899 = ORIENTED_EDGE('',*,*,#1900,.T.);
#1900 = EDGE_CURVE('',#1893,#1901,#1903,.T.);
#1901 = VERTEX_POINT('',#1902);
#1902 = CARTESIAN_POINT('',(141.79795897113,92.,20.));
#1903 = LINE('',#1904,#1905);
#1904 = CARTESIAN_POINT('',(0.,92.,20.));
#1905 = VECTOR('',#1906,1.);
#1906 = DIRECTION('',(1.,0.,0.));
#1907 = ORIENTED_EDGE('',*,*,#1908,.F.);
#1908 = EDGE_CURVE('',#1909,#1901,#1911,.T.);
#1909 = VERTEX_POINT('',#1910);
#1910 = CARTESIAN_POINT('',(141.79795897113,92.,6.));
#1911 = LINE('',#1912,#1913);
#1912 = CARTESIAN_POINT('',(141.79795897113,92.,6.));
#1913 = VECTOR('',#1914,1.);
#1914 = DIRECTION('',(0.,0.,1.));
#1915 = ORIENTED_EDGE('',*,*,#1916,.T.);
#1916 = EDGE_CURVE('',#1909,#1917,#1919,.T.);
#1917 = VERTEX_POINT('',#1918);
#1918 = CARTESIAN_POINT('',(140.77496438739,92.,6.));
#1919 = LINE('',#1920,#1921);
#1920 = CARTESIAN_POINT('',(63.,92.,6.));
#1921 = VECTOR('',#1922,1.);
#1922 = DIRECTION('',(-1.,0.,0.));
#1923 = ORIENTED_EDGE('',*,*,#1924,.F.);
#1924 = EDGE_CURVE('',#1925,#1917,#1927,.T.);
#1925 = VERTEX_POINT('',#1926);
#1926 = CARTESIAN_POINT('',(141.79795897113,92.,5.));
#1927 = B_SPLINE_CURVE_WITH_KNOTS('',6,(#1928,#1929,#1930,#1931,#1932,
    #1933,#1934,#1935,#1936,#1937,#1938,#1939,#1940,#1941,#1942,#1943,
    #1944),.UNSPECIFIED.,.F.,.F.,(7,5,5,7),(0.,0.278165365271,
    0.555677581321,1.),.UNSPECIFIED.);
#1928 = CARTESIAN_POINT('',(141.79795897113,92.,5.));
#1929 = CARTESIAN_POINT('',(141.79795897113,92.,5.073255068325));
#1930 = CARTESIAN_POINT('',(141.79138629204,92.,5.146514309879));
#1931 = CARTESIAN_POINT('',(141.77824109599,92.,5.219045908894));
#1932 = CARTESIAN_POINT('',(141.75863781195,92.,5.290132835422));
#1933 = CARTESIAN_POINT('',(141.73279977715,92.,5.359086248062));
#1934 = CARTESIAN_POINT('',(141.66938252104,92.,5.491276167869));
#1935 = CARTESIAN_POINT('',(141.63182766261,92.,5.554532711822));
#1936 = CARTESIAN_POINT('',(141.58871370077,92.,5.61438708292));
#1937 = CARTESIAN_POINT('',(141.54045504572,92.,5.670263034288));
#1938 = CARTESIAN_POINT('',(141.48754403908,92.,5.721655869542));
#1939 = CARTESIAN_POINT('',(141.33926839193,92.,5.842562205357));
#1940 = CARTESIAN_POINT('',(141.23747711212,92.,5.904420396931));
#1941 = CARTESIAN_POINT('',(141.12747242274,92.,5.951935478539));
#1942 = CARTESIAN_POINT('',(141.01187271511,92.,5.983991862245));
#1943 = CARTESIAN_POINT('',(140.89342548196,92.,6.));
#1944 = CARTESIAN_POINT('',(140.77496438739,92.,6.));
#1945 = ORIENTED_EDGE('',*,*,#1946,.F.);
#1946 = EDGE_CURVE('',#1947,#1925,#1949,.T.);
#1947 = VERTEX_POINT('',#1948);
#1948 = CARTESIAN_POINT('',(141.79795897113,92.,1.));
#1949 = LINE('',#1950,#1951);
#1950 = CARTESIAN_POINT('',(141.79795897113,92.,0.));
#1951 = VECTOR('',#1952,1.);
#1952 = DIRECTION('',(0.,0.,1.));
#1953 = ORIENTED_EDGE('',*,*,#1954,.T.);
#1954 = EDGE_CURVE('',#1947,#1955,#1957,.T.);
#1955 = VERTEX_POINT('',#1956);
#1956 = CARTESIAN_POINT('',(140.77496438739,92.,0.));
#1957 = B_SPLINE_CURVE_WITH_KNOTS('',6,(#1958,#1959,#1960,#1961,#1962,
    #1963,#1964,#1965,#1966,#1967,#1968,#1969,#1970,#1971,#1972,#1973,
    #1974),.UNSPECIFIED.,.F.,.F.,(7,5,5,7),(0.,0.278165365271,
    0.555677581321,1.),.UNSPECIFIED.);
#1958 = CARTESIAN_POINT('',(141.79795897113,92.,1.));
#1959 = CARTESIAN_POINT('',(141.79795897113,92.,0.926744931675));
#1960 = CARTESIAN_POINT('',(141.79138629204,92.,0.853485690121));
#1961 = CARTESIAN_POINT('',(141.77824109599,92.,0.780954091106));
#1962 = CARTESIAN_POINT('',(141.75863781195,92.,0.709867164578));
#1963 = CARTESIAN_POINT('',(141.73279977715,92.,0.640913751938));
#1964 = CARTESIAN_POINT('',(141.66938252104,92.,0.508723832131));
#1965 = CARTESIAN_POINT('',(141.63182766261,92.,0.445467288178));
#1966 = CARTESIAN_POINT('',(141.58871370077,92.,0.38561291708));
#1967 = CARTESIAN_POINT('',(141.54045504572,92.,0.329736965712));
#1968 = CARTESIAN_POINT('',(141.48754403908,92.,0.278344130458));
#1969 = CARTESIAN_POINT('',(141.33926839193,92.,0.157437794643));
#1970 = CARTESIAN_POINT('',(141.23747711212,92.,9.557960306929E-02));
#1971 = CARTESIAN_POINT('',(141.12747242274,92.,4.806452146106E-02));
#1972 = CARTESIAN_POINT('',(141.01187271511,92.,1.600813775503E-02));
#1973 = CARTESIAN_POINT('',(140.89342548196,92.,1.E-17));
#1974 = CARTESIAN_POINT('',(140.77496438739,92.,0.));
#1975 = ORIENTED_EDGE('',*,*,#1976,.F.);
#1976 = EDGE_CURVE('',#1977,#1955,#1979,.T.);
#1977 = VERTEX_POINT('',#1978);
#1978 = CARTESIAN_POINT('',(137.9,92.,0.));
#1979 = LINE('',#1980,#1981);
#1980 = CARTESIAN_POINT('',(0.,92.,0.));
#1981 = VECTOR('',#1982,1.);
#1982 = DIRECTION('',(1.,0.,0.));
#1983 = ORIENTED_EDGE('',*,*,#1984,.T.);
#1984 = EDGE_CURVE('',#1977,#1985,#1987,.T.);
#1985 = VERTEX_POINT('',#1986);
#1986 = CARTESIAN_POINT('',(137.9,92.,6.));
#1987 = LINE('',#1988,#1989);
#1988 = CARTESIAN_POINT('',(137.9,92.,-1.));
#1989 = VECTOR('',#1990,1.);
#1990 = DIRECTION('',(0.,0.,1.));
#1991 = ORIENTED_EDGE('',*,*,#1992,.T.);
#1992 = EDGE_CURVE('',#1985,#1993,#1995,.T.);
#1993 = VERTEX_POINT('',#1994);
#1994 = CARTESIAN_POINT('',(130.1,92.,6.));
#1995 = LINE('',#1996,#1997);
#1996 = CARTESIAN_POINT('',(67.,92.,6.));
#1997 = VECTOR('',#1998,1.);
#1998 = DIRECTION('',(-1.,0.,0.));
#1999 = ORIENTED_EDGE('',*,*,#2000,.T.);
#2000 = EDGE_CURVE('',#1993,#1822,#2001,.T.);
#2001 = LINE('',#2002,#2003);
#2002 = CARTESIAN_POINT('',(130.1,92.,-1.));
#2003 = VECTOR('',#2004,1.);
#2004 = DIRECTION('',(-0.,-0.,-1.));
#2005 = PLANE('',#2006);
#2006 = AXIS2_PLACEMENT_3D('',#2007,#2008,#2009);
#2007 = CARTESIAN_POINT('',(131.76056660492,92.,10.279548653939));
#2008 = DIRECTION('',(0.,1.,0.));
#2009 = DIRECTION('',(0.,0.,1.));
#2010 = ADVANCED_FACE('',(#2011),#2022,.T.);
#2011 = FACE_BOUND('',#2012,.T.);
#2012 = EDGE_LOOP('',(#2013,#2014,#2015,#2016));
#2013 = ORIENTED_EDGE('',*,*,#1850,.T.);
#2014 = ORIENTED_EDGE('',*,*,#117,.F.);
#2015 = ORIENTED_EDGE('',*,*,#1781,.T.);
#2016 = ORIENTED_EDGE('',*,*,#2017,.T.);
#2017 = EDGE_CURVE('',#1782,#1851,#2018,.T.);
#2018 = LINE('',#2019,#2020);
#2019 = CARTESIAN_POINT('',(129.,83.7,13.1));
#2020 = VECTOR('',#2021,1.);
#2021 = DIRECTION('',(0.,1.,0.));
#2022 = PLANE('',#2023);
#2023 = AXIS2_PLACEMENT_3D('',#2024,#2025,#2026);
#2024 = CARTESIAN_POINT('',(125.7,83.7,13.1));
#2025 = DIRECTION('',(0.,0.,1.));
#2026 = DIRECTION('',(1.,0.,0.));
#2027 = ADVANCED_FACE('',(#2028),#2039,.T.);
#2028 = FACE_BOUND('',#2029,.T.);
#2029 = EDGE_LOOP('',(#2030,#2031,#2037,#2038));
#2030 = ORIENTED_EDGE('',*,*,#139,.T.);
#2031 = ORIENTED_EDGE('',*,*,#2032,.T.);
#2032 = EDGE_CURVE('',#142,#234,#2033,.T.);
#2033 = LINE('',#2034,#2035);
#2034 = CARTESIAN_POINT('',(122.9,92.,14.233387096774));
#2035 = VECTOR('',#2036,1.);
#2036 = DIRECTION('',(0.,0.,-1.));
#2037 = ORIENTED_EDGE('',*,*,#233,.F.);
#2038 = ORIENTED_EDGE('',*,*,#219,.T.);
#2039 = PLANE('',#2040);
#2040 = AXIS2_PLACEMENT_3D('',#2041,#2042,#2043);
#2041 = CARTESIAN_POINT('',(124.95741935483,92.,13.566774193548));
#2042 = DIRECTION('',(0.,1.,0.));
#2043 = DIRECTION('',(0.,0.,1.));
#2044 = ADVANCED_FACE('',(#2045),#2056,.T.);
#2045 = FACE_BOUND('',#2046,.T.);
#2046 = EDGE_LOOP('',(#2047,#2053,#2054,#2055));
#2047 = ORIENTED_EDGE('',*,*,#2048,.F.);
#2048 = EDGE_CURVE('',#259,#181,#2049,.T.);
#2049 = LINE('',#2050,#2051);
#2050 = CARTESIAN_POINT('',(122.9,83.7,14.9));
#2051 = VECTOR('',#2052,1.);
#2052 = DIRECTION('',(0.,0.,1.));
#2053 = ORIENTED_EDGE('',*,*,#266,.T.);
#2054 = ORIENTED_EDGE('',*,*,#2032,.F.);
#2055 = ORIENTED_EDGE('',*,*,#188,.F.);
#2056 = PLANE('',#2057);
#2057 = AXIS2_PLACEMENT_3D('',#2058,#2059,#2060);
#2058 = CARTESIAN_POINT('',(122.9,83.7,14.9));
#2059 = DIRECTION('',(1.,0.,0.));
#2060 = DIRECTION('',(0.,0.,1.));
#2061 = ADVANCED_FACE('',(#2062),#2082,.T.);
#2062 = FACE_BOUND('',#2063,.T.);
#2063 = EDGE_LOOP('',(#2064,#2072,#2073,#2074,#2075,#2076));
#2064 = ORIENTED_EDGE('',*,*,#2065,.F.);
#2065 = EDGE_CURVE('',#306,#2066,#2068,.T.);
#2066 = VERTEX_POINT('',#2067);
#2067 = CARTESIAN_POINT('',(124.5,83.7,14.9));
#2068 = LINE('',#2069,#2070);
#2069 = CARTESIAN_POINT('',(122.9,83.7,14.9));
#2070 = VECTOR('',#2071,1.);
#2071 = DIRECTION('',(1.,0.,0.));
#2072 = ORIENTED_EDGE('',*,*,#313,.T.);
#2073 = ORIENTED_EDGE('',*,*,#258,.T.);
#2074 = ORIENTED_EDGE('',*,*,#2048,.T.);
#2075 = ORIENTED_EDGE('',*,*,#180,.F.);
#2076 = ORIENTED_EDGE('',*,*,#2077,.F.);
#2077 = EDGE_CURVE('',#2066,#173,#2078,.T.);
#2078 = LINE('',#2079,#2080);
#2079 = CARTESIAN_POINT('',(124.5,83.7,14.9));
#2080 = VECTOR('',#2081,1.);
#2081 = DIRECTION('',(0.,0.,1.));
#2082 = PLANE('',#2083);
#2083 = AXIS2_PLACEMENT_3D('',#2084,#2085,#2086);
#2084 = CARTESIAN_POINT('',(122.9,83.7,14.9));
#2085 = DIRECTION('',(0.,1.,0.));
#2086 = DIRECTION('',(0.,0.,1.));
#2087 = ADVANCED_FACE('',(#2088),#2099,.F.);
#2088 = FACE_BOUND('',#2089,.F.);
#2089 = EDGE_LOOP('',(#2090,#2091,#2097,#2098));
#2090 = ORIENTED_EDGE('',*,*,#2077,.F.);
#2091 = ORIENTED_EDGE('',*,*,#2092,.T.);
#2092 = EDGE_CURVE('',#2066,#1835,#2093,.T.);
#2093 = LINE('',#2094,#2095);
#2094 = CARTESIAN_POINT('',(124.5,83.7,14.9));
#2095 = VECTOR('',#2096,1.);
#2096 = DIRECTION('',(0.,1.,0.));
#2097 = ORIENTED_EDGE('',*,*,#1842,.F.);
#2098 = ORIENTED_EDGE('',*,*,#172,.F.);
#2099 = PLANE('',#2100);
#2100 = AXIS2_PLACEMENT_3D('',#2101,#2102,#2103);
#2101 = CARTESIAN_POINT('',(124.5,83.7,14.9));
#2102 = DIRECTION('',(1.,0.,0.));
#2103 = DIRECTION('',(0.,0.,1.));
#2104 = ADVANCED_FACE('',(#2105),#2111,.T.);
#2105 = FACE_BOUND('',#2106,.T.);
#2106 = EDGE_LOOP('',(#2107,#2108,#2109,#2110));
#2107 = ORIENTED_EDGE('',*,*,#305,.T.);
#2108 = ORIENTED_EDGE('',*,*,#2065,.T.);
#2109 = ORIENTED_EDGE('',*,*,#2092,.T.);
#2110 = ORIENTED_EDGE('',*,*,#1834,.F.);
#2111 = PLANE('',#2112);
#2112 = AXIS2_PLACEMENT_3D('',#2113,#2114,#2115);
#2113 = CARTESIAN_POINT('',(122.9,83.7,14.9));
#2114 = DIRECTION('',(0.,0.,1.));
#2115 = DIRECTION('',(1.,0.,0.));
#2116 = ADVANCED_FACE('',(#2117),#2135,.F.);
#2117 = FACE_BOUND('',#2118,.T.);
#2118 = EDGE_LOOP('',(#2119,#2120,#2127,#2128));
#2119 = ORIENTED_EDGE('',*,*,#1984,.F.);
#2120 = ORIENTED_EDGE('',*,*,#2121,.T.);
#2121 = EDGE_CURVE('',#1977,#1822,#2122,.T.);
#2122 = CIRCLE('',#2123,3.9);
#2123 = AXIS2_PLACEMENT_3D('',#2124,#2125,#2126);
#2124 = CARTESIAN_POINT('',(134.,92.,0.));
#2125 = DIRECTION('',(0.,0.,-1.));
#2126 = DIRECTION('',(1.,0.,0.));
#2127 = ORIENTED_EDGE('',*,*,#2000,.F.);
#2128 = ORIENTED_EDGE('',*,*,#2129,.T.);
#2129 = EDGE_CURVE('',#1993,#1985,#2130,.T.);
#2130 = CIRCLE('',#2131,3.9);
#2131 = AXIS2_PLACEMENT_3D('',#2132,#2133,#2134);
#2132 = CARTESIAN_POINT('',(134.,92.,6.));
#2133 = DIRECTION('',(0.,0.,1.));
#2134 = DIRECTION('',(1.,0.,0.));
#2135 = CYLINDRICAL_SURFACE('',#2136,3.9);
#2136 = AXIS2_PLACEMENT_3D('',#2137,#2138,#2139);
#2137 = CARTESIAN_POINT('',(134.,92.,-1.));
#2138 = DIRECTION('',(-0.,-0.,-1.));
#2139 = DIRECTION('',(1.,0.,0.));
#2140 = ADVANCED_FACE('',(#2141),#2169,.T.);
#2141 = FACE_BOUND('',#2142,.T.);
#2142 = EDGE_LOOP('',(#2143,#2144,#2153,#2162));
#2143 = ORIENTED_EDGE('',*,*,#1954,.F.);
#2144 = ORIENTED_EDGE('',*,*,#2145,.T.);
#2145 = EDGE_CURVE('',#1947,#2146,#2148,.T.);
#2146 = VERTEX_POINT('',#2147);
#2147 = CARTESIAN_POINT('',(142.,90.,1.));
#2148 = CIRCLE('',#2149,10.);
#2149 = AXIS2_PLACEMENT_3D('',#2150,#2151,#2152);
#2150 = CARTESIAN_POINT('',(132.,90.,1.));
#2151 = DIRECTION('',(0.,0.,-1.));
#2152 = DIRECTION('',(0.,1.,0.));
#2153 = ORIENTED_EDGE('',*,*,#2154,.T.);
#2154 = EDGE_CURVE('',#2146,#2155,#2157,.T.);
#2155 = VERTEX_POINT('',#2156);
#2156 = CARTESIAN_POINT('',(141.,90.,0.));
#2157 = CIRCLE('',#2158,1.);
#2158 = AXIS2_PLACEMENT_3D('',#2159,#2160,#2161);
#2159 = CARTESIAN_POINT('',(141.,90.,1.));
#2160 = DIRECTION('',(-6.E-17,1.,0.));
#2161 = DIRECTION('',(1.,6.E-17,0.));
#2162 = ORIENTED_EDGE('',*,*,#2163,.F.);
#2163 = EDGE_CURVE('',#1955,#2155,#2164,.T.);
#2164 = CIRCLE('',#2165,9.);
#2165 = AXIS2_PLACEMENT_3D('',#2166,#2167,#2168);
#2166 = CARTESIAN_POINT('',(132.,90.,0.));
#2167 = DIRECTION('',(0.,0.,-1.));
#2168 = DIRECTION('',(0.,1.,0.));
#2169 = TOROIDAL_SURFACE('',#2170,9.,1.);
#2170 = AXIS2_PLACEMENT_3D('',#2171,#2172,#2173);
#2171 = CARTESIAN_POINT('',(132.,90.,1.));
#2172 = DIRECTION('',(-0.,-0.,-1.));
#2173 = DIRECTION('',(0.,1.,0.));
#2174 = ADVANCED_FACE('',(#2175),#2201,.T.);
#2175 = FACE_BOUND('',#2176,.F.);
#2176 = EDGE_LOOP('',(#2177,#2185,#2186,#2194));
#2177 = ORIENTED_EDGE('',*,*,#2178,.F.);
#2178 = EDGE_CURVE('',#2146,#2179,#2181,.T.);
#2179 = VERTEX_POINT('',#2180);
#2180 = CARTESIAN_POINT('',(142.,70.,1.));
#2181 = LINE('',#2182,#2183);
#2182 = CARTESIAN_POINT('',(142.,90.,1.));
#2183 = VECTOR('',#2184,1.);
#2184 = DIRECTION('',(-0.,-1.,-0.));
#2185 = ORIENTED_EDGE('',*,*,#2154,.T.);
#2186 = ORIENTED_EDGE('',*,*,#2187,.T.);
#2187 = EDGE_CURVE('',#2155,#2188,#2190,.T.);
#2188 = VERTEX_POINT('',#2189);
#2189 = CARTESIAN_POINT('',(141.,70.,0.));
#2190 = LINE('',#2191,#2192);
#2191 = CARTESIAN_POINT('',(141.,90.,-2.2E-16));
#2192 = VECTOR('',#2193,1.);
#2193 = DIRECTION('',(-0.,-1.,-0.));
#2194 = ORIENTED_EDGE('',*,*,#2195,.T.);
#2195 = EDGE_CURVE('',#2188,#2179,#2196,.T.);
#2196 = CIRCLE('',#2197,1.);
#2197 = AXIS2_PLACEMENT_3D('',#2198,#2199,#2200);
#2198 = CARTESIAN_POINT('',(141.,70.,1.));
#2199 = DIRECTION('',(0.,-1.,0.));
#2200 = DIRECTION('',(1.,0.,0.));
#2201 = CYLINDRICAL_SURFACE('',#2202,1.);
#2202 = AXIS2_PLACEMENT_3D('',#2203,#2204,#2205);
#2203 = CARTESIAN_POINT('',(141.,90.,1.));
#2204 = DIRECTION('',(-0.,-1.,-0.));
#2205 = DIRECTION('',(1.,0.,0.));
#2206 = ADVANCED_FACE('',(#2207),#2224,.T.);
#2207 = FACE_BOUND('',#2208,.T.);
#2208 = EDGE_LOOP('',(#2209,#2217,#2218));
#2209 = ORIENTED_EDGE('',*,*,#2210,.F.);
#2210 = EDGE_CURVE('',#2188,#2211,#2213,.T.);
#2211 = VERTEX_POINT('',#2212);
#2212 = CARTESIAN_POINT('',(142.,70.,0.));
#2213 = LINE('',#2214,#2215);
#2214 = CARTESIAN_POINT('',(0.,70.,0.));
#2215 = VECTOR('',#2216,1.);
#2216 = DIRECTION('',(1.,0.,0.));
#2217 = ORIENTED_EDGE('',*,*,#2195,.T.);
#2218 = ORIENTED_EDGE('',*,*,#2219,.F.);
#2219 = EDGE_CURVE('',#2211,#2179,#2220,.T.);
#2220 = LINE('',#2221,#2222);
#2221 = CARTESIAN_POINT('',(142.,70.,0.));
#2222 = VECTOR('',#2223,1.);
#2223 = DIRECTION('',(0.,0.,1.));
#2224 = PLANE('',#2225);
#2225 = AXIS2_PLACEMENT_3D('',#2226,#2227,#2228);
#2226 = CARTESIAN_POINT('',(0.,70.,0.));
#2227 = DIRECTION('',(0.,1.,0.));
#2228 = DIRECTION('',(0.,0.,1.));
#2229 = ADVANCED_FACE('',(#2230),#2249,.T.);
#2230 = FACE_BOUND('',#2231,.T.);
#2231 = EDGE_LOOP('',(#2232,#2240,#2241,#2242));
#2232 = ORIENTED_EDGE('',*,*,#2233,.F.);
#2233 = EDGE_CURVE('',#2146,#2234,#2236,.T.);
#2234 = VERTEX_POINT('',#2235);
#2235 = CARTESIAN_POINT('',(142.,90.,5.));
#2236 = LINE('',#2237,#2238);
#2237 = CARTESIAN_POINT('',(142.,90.,0.));
#2238 = VECTOR('',#2239,1.);
#2239 = DIRECTION('',(0.,0.,1.));
#2240 = ORIENTED_EDGE('',*,*,#2145,.F.);
#2241 = ORIENTED_EDGE('',*,*,#1946,.T.);
#2242 = ORIENTED_EDGE('',*,*,#2243,.T.);
#2243 = EDGE_CURVE('',#1925,#2234,#2244,.T.);
#2244 = CIRCLE('',#2245,10.);
#2245 = AXIS2_PLACEMENT_3D('',#2246,#2247,#2248);
#2246 = CARTESIAN_POINT('',(132.,90.,5.));
#2247 = DIRECTION('',(0.,0.,-1.));
#2248 = DIRECTION('',(0.,1.,0.));
#2249 = CYLINDRICAL_SURFACE('',#2250,10.);
#2250 = AXIS2_PLACEMENT_3D('',#2251,#2252,#2253);
#2251 = CARTESIAN_POINT('',(132.,90.,0.));
#2252 = DIRECTION('',(0.,0.,1.));
#2253 = DIRECTION('',(1.,0.,0.));
#2254 = ADVANCED_FACE('',(#2255),#2271,.F.);
#2255 = FACE_BOUND('',#2256,.F.);
#2256 = EDGE_LOOP('',(#2257,#2263,#2264,#2270));
#2257 = ORIENTED_EDGE('',*,*,#2258,.F.);
#2258 = EDGE_CURVE('',#1731,#1885,#2259,.T.);
#2259 = LINE('',#2260,#2261);
#2260 = CARTESIAN_POINT('',(126.,83.7,19.7));
#2261 = VECTOR('',#2262,1.);
#2262 = DIRECTION('',(0.,1.,0.));
#2263 = ORIENTED_EDGE('',*,*,#1730,.T.);
#2264 = ORIENTED_EDGE('',*,*,#2265,.T.);
#2265 = EDGE_CURVE('',#1733,#1876,#2266,.T.);
#2266 = LINE('',#2267,#2268);
#2267 = CARTESIAN_POINT('',(129.,83.7,19.7));
#2268 = VECTOR('',#2269,1.);
#2269 = DIRECTION('',(0.,1.,0.));
#2270 = ORIENTED_EDGE('',*,*,#1884,.T.);
#2271 = PLANE('',#2272);
#2272 = AXIS2_PLACEMENT_3D('',#2273,#2274,#2275);
#2273 = CARTESIAN_POINT('',(125.7,83.7,19.7));
#2274 = DIRECTION('',(0.,0.,1.));
#2275 = DIRECTION('',(1.,0.,0.));
#2276 = ADVANCED_FACE('',(#2277),#2288,.F.);
#2277 = FACE_BOUND('',#2278,.T.);
#2278 = EDGE_LOOP('',(#2279,#2280,#2281,#2282));
#2279 = ORIENTED_EDGE('',*,*,#1806,.F.);
#2280 = ORIENTED_EDGE('',*,*,#2265,.T.);
#2281 = ORIENTED_EDGE('',*,*,#1875,.T.);
#2282 = ORIENTED_EDGE('',*,*,#2283,.F.);
#2283 = EDGE_CURVE('',#1799,#1868,#2284,.T.);
#2284 = LINE('',#2285,#2286);
#2285 = CARTESIAN_POINT('',(129.3,83.7,19.4));
#2286 = VECTOR('',#2287,1.);
#2287 = DIRECTION('',(0.,1.,0.));
#2288 = CYLINDRICAL_SURFACE('',#2289,0.3);
#2289 = AXIS2_PLACEMENT_3D('',#2290,#2291,#2292);
#2290 = CARTESIAN_POINT('',(129.,83.7,19.4));
#2291 = DIRECTION('',(0.,1.,0.));
#2292 = DIRECTION('',(1.,0.,0.));
#2293 = ADVANCED_FACE('',(#2294),#2305,.F.);
#2294 = FACE_BOUND('',#2295,.F.);
#2295 = EDGE_LOOP('',(#2296,#2297,#2303,#2304));
#2296 = ORIENTED_EDGE('',*,*,#1798,.F.);
#2297 = ORIENTED_EDGE('',*,*,#2298,.T.);
#2298 = EDGE_CURVE('',#1790,#1859,#2299,.T.);
#2299 = LINE('',#2300,#2301);
#2300 = CARTESIAN_POINT('',(129.3,83.7,13.4));
#2301 = VECTOR('',#2302,1.);
#2302 = DIRECTION('',(0.,1.,0.));
#2303 = ORIENTED_EDGE('',*,*,#1867,.T.);
#2304 = ORIENTED_EDGE('',*,*,#2283,.F.);
#2305 = PLANE('',#2306);
#2306 = AXIS2_PLACEMENT_3D('',#2307,#2308,#2309);
#2307 = CARTESIAN_POINT('',(129.3,83.7,13.1));
#2308 = DIRECTION('',(1.,0.,0.));
#2309 = DIRECTION('',(0.,0.,1.));
#2310 = ADVANCED_FACE('',(#2311),#2317,.F.);
#2311 = FACE_BOUND('',#2312,.F.);
#2312 = EDGE_LOOP('',(#2313,#2314,#2315,#2316));
#2313 = ORIENTED_EDGE('',*,*,#1789,.F.);
#2314 = ORIENTED_EDGE('',*,*,#2017,.T.);
#2315 = ORIENTED_EDGE('',*,*,#1858,.F.);
#2316 = ORIENTED_EDGE('',*,*,#2298,.F.);
#2317 = CYLINDRICAL_SURFACE('',#2318,0.3);
#2318 = AXIS2_PLACEMENT_3D('',#2319,#2320,#2321);
#2319 = CARTESIAN_POINT('',(129.,83.7,13.4));
#2320 = DIRECTION('',(0.,1.,0.));
#2321 = DIRECTION('',(1.,0.,0.));
#2322 = ADVANCED_FACE('',(#2323),#2357,.F.);
#2323 = FACE_BOUND('',#2324,.F.);
#2324 = EDGE_LOOP('',(#2325,#2333,#2340,#2341,#2350,#2356));
#2325 = ORIENTED_EDGE('',*,*,#2326,.T.);
#2326 = EDGE_CURVE('',#1757,#2327,#2329,.T.);
#2327 = VERTEX_POINT('',#2328);
#2328 = CARTESIAN_POINT('',(142.,90.,6.));
#2329 = LINE('',#2330,#2331);
#2330 = CARTESIAN_POINT('',(142.,84.,6.));
#2331 = VECTOR('',#2332,1.);
#2332 = DIRECTION('',(0.,1.,0.));
#2333 = ORIENTED_EDGE('',*,*,#2334,.T.);
#2334 = EDGE_CURVE('',#2327,#1909,#2335,.T.);
#2335 = CIRCLE('',#2336,10.);
#2336 = AXIS2_PLACEMENT_3D('',#2337,#2338,#2339);
#2337 = CARTESIAN_POINT('',(132.,90.,6.));
#2338 = DIRECTION('',(-0.,0.,1.));
#2339 = DIRECTION('',(0.,-1.,0.));
#2340 = ORIENTED_EDGE('',*,*,#1916,.T.);
#2341 = ORIENTED_EDGE('',*,*,#2342,.T.);
#2342 = EDGE_CURVE('',#1917,#2343,#2345,.T.);
#2343 = VERTEX_POINT('',#2344);
#2344 = CARTESIAN_POINT('',(141.,90.,6.));
#2345 = CIRCLE('',#2346,9.);
#2346 = AXIS2_PLACEMENT_3D('',#2347,#2348,#2349);
#2347 = CARTESIAN_POINT('',(132.,90.,6.));
#2348 = DIRECTION('',(0.,0.,-1.));
#2349 = DIRECTION('',(0.,1.,0.));
#2350 = ORIENTED_EDGE('',*,*,#2351,.T.);
#2351 = EDGE_CURVE('',#2343,#1765,#2352,.T.);
#2352 = LINE('',#2353,#2354);
#2353 = CARTESIAN_POINT('',(141.,90.,6.));
#2354 = VECTOR('',#2355,1.);
#2355 = DIRECTION('',(-0.,-1.,-0.));
#2356 = ORIENTED_EDGE('',*,*,#1764,.T.);
#2357 = PLANE('',#2358);
#2358 = AXIS2_PLACEMENT_3D('',#2359,#2360,#2361);
#2359 = CARTESIAN_POINT('',(126.,84.,6.));
#2360 = DIRECTION('',(0.,0.,1.));
#2361 = DIRECTION('',(1.,0.,0.));
#2362 = ADVANCED_FACE('',(#2363),#2390,.T.);
#2363 = FACE_BOUND('',#2364,.T.);
#2364 = EDGE_LOOP('',(#2365,#2375,#2384));
#2365 = ORIENTED_EDGE('',*,*,#2366,.F.);
#2366 = EDGE_CURVE('',#2367,#2369,#2371,.T.);
#2367 = VERTEX_POINT('',#2368);
#2368 = CARTESIAN_POINT('',(142.,70.,5.));
#2369 = VERTEX_POINT('',#2370);
#2370 = CARTESIAN_POINT('',(142.,70.,6.));
#2371 = LINE('',#2372,#2373);
#2372 = CARTESIAN_POINT('',(142.,70.,0.));
#2373 = VECTOR('',#2374,1.);
#2374 = DIRECTION('',(0.,0.,1.));
#2375 = ORIENTED_EDGE('',*,*,#2376,.T.);
#2376 = EDGE_CURVE('',#2367,#2377,#2379,.T.);
#2377 = VERTEX_POINT('',#2378);
#2378 = CARTESIAN_POINT('',(141.,70.,6.));
#2379 = CIRCLE('',#2380,1.);
#2380 = AXIS2_PLACEMENT_3D('',#2381,#2382,#2383);
#2381 = CARTESIAN_POINT('',(141.,70.,5.));
#2382 = DIRECTION('',(0.,-1.,0.));
#2383 = DIRECTION('',(1.,0.,0.));
#2384 = ORIENTED_EDGE('',*,*,#2385,.T.);
#2385 = EDGE_CURVE('',#2377,#2369,#2386,.T.);
#2386 = LINE('',#2387,#2388);
#2387 = CARTESIAN_POINT('',(0.,70.,6.));
#2388 = VECTOR('',#2389,1.);
#2389 = DIRECTION('',(1.,0.,0.));
#2390 = PLANE('',#2391);
#2391 = AXIS2_PLACEMENT_3D('',#2392,#2393,#2394);
#2392 = CARTESIAN_POINT('',(0.,70.,0.));
#2393 = DIRECTION('',(0.,1.,0.));
#2394 = DIRECTION('',(0.,0.,1.));
#2395 = ADVANCED_FACE('',(#2396),#2419,.T.);
#2396 = FACE_BOUND('',#2397,.T.);
#2397 = EDGE_LOOP('',(#2398,#2404,#2411,#2412,#2418));
#2398 = ORIENTED_EDGE('',*,*,#2399,.F.);
#2399 = EDGE_CURVE('',#2234,#2367,#2400,.T.);
#2400 = LINE('',#2401,#2402);
#2401 = CARTESIAN_POINT('',(142.,90.,5.));
#2402 = VECTOR('',#2403,1.);
#2403 = DIRECTION('',(-0.,-1.,-0.));
#2404 = ORIENTED_EDGE('',*,*,#2405,.T.);
#2405 = EDGE_CURVE('',#2234,#2343,#2406,.T.);
#2406 = CIRCLE('',#2407,1.);
#2407 = AXIS2_PLACEMENT_3D('',#2408,#2409,#2410);
#2408 = CARTESIAN_POINT('',(141.,90.,5.));
#2409 = DIRECTION('',(6.E-17,-1.,0.));
#2410 = DIRECTION('',(1.,6.E-17,0.));
#2411 = ORIENTED_EDGE('',*,*,#2351,.T.);
#2412 = ORIENTED_EDGE('',*,*,#2413,.T.);
#2413 = EDGE_CURVE('',#1765,#2377,#2414,.T.);
#2414 = LINE('',#2415,#2416);
#2415 = CARTESIAN_POINT('',(141.,90.,6.));
#2416 = VECTOR('',#2417,1.);
#2417 = DIRECTION('',(-0.,-1.,-0.));
#2418 = ORIENTED_EDGE('',*,*,#2376,.F.);
#2419 = CYLINDRICAL_SURFACE('',#2420,1.);
#2420 = AXIS2_PLACEMENT_3D('',#2421,#2422,#2423);
#2421 = CARTESIAN_POINT('',(141.,90.,5.));
#2422 = DIRECTION('',(-0.,-1.,-0.));
#2423 = DIRECTION('',(1.,0.,0.));
#2424 = ADVANCED_FACE('',(#2425),#2443,.T.);
#2425 = FACE_BOUND('',#2426,.T.);
#2426 = EDGE_LOOP('',(#2427,#2428,#2436,#2442));
#2427 = ORIENTED_EDGE('',*,*,#2326,.T.);
#2428 = ORIENTED_EDGE('',*,*,#2429,.T.);
#2429 = EDGE_CURVE('',#2327,#2430,#2432,.T.);
#2430 = VERTEX_POINT('',#2431);
#2431 = CARTESIAN_POINT('',(142.,90.,20.));
#2432 = LINE('',#2433,#2434);
#2433 = CARTESIAN_POINT('',(142.,90.,6.));
#2434 = VECTOR('',#2435,1.);
#2435 = DIRECTION('',(0.,0.,1.));
#2436 = ORIENTED_EDGE('',*,*,#2437,.F.);
#2437 = EDGE_CURVE('',#1749,#2430,#2438,.T.);
#2438 = LINE('',#2439,#2440);
#2439 = CARTESIAN_POINT('',(142.,67.,20.));
#2440 = VECTOR('',#2441,1.);
#2441 = DIRECTION('',(0.,1.,0.));
#2442 = ORIENTED_EDGE('',*,*,#1756,.F.);
#2443 = PLANE('',#2444);
#2444 = AXIS2_PLACEMENT_3D('',#2445,#2446,#2447);
#2445 = CARTESIAN_POINT('',(142.,84.,6.));
#2446 = DIRECTION('',(1.,0.,0.));
#2447 = DIRECTION('',(0.,0.,1.));
#2448 = ADVANCED_FACE('',(#2449),#2467,.T.);
#2449 = FACE_BOUND('',#2450,.T.);
#2450 = EDGE_LOOP('',(#2451,#2452,#2453,#2460,#2461));
#2451 = ORIENTED_EDGE('',*,*,#1748,.T.);
#2452 = ORIENTED_EDGE('',*,*,#2437,.T.);
#2453 = ORIENTED_EDGE('',*,*,#2454,.T.);
#2454 = EDGE_CURVE('',#2430,#1901,#2455,.T.);
#2455 = CIRCLE('',#2456,10.);
#2456 = AXIS2_PLACEMENT_3D('',#2457,#2458,#2459);
#2457 = CARTESIAN_POINT('',(132.,90.,20.));
#2458 = DIRECTION('',(0.,0.,1.));
#2459 = DIRECTION('',(1.,0.,0.));
#2460 = ORIENTED_EDGE('',*,*,#1900,.F.);
#2461 = ORIENTED_EDGE('',*,*,#2462,.T.);
#2462 = EDGE_CURVE('',#1893,#1741,#2463,.T.);
#2463 = LINE('',#2464,#2465);
#2464 = CARTESIAN_POINT('',(126.,75.5,20.));
#2465 = VECTOR('',#2466,1.);
#2466 = DIRECTION('',(0.,-1.,0.));
#2467 = PLANE('',#2468);
#2468 = AXIS2_PLACEMENT_3D('',#2469,#2470,#2471);
#2469 = CARTESIAN_POINT('',(0.,67.,20.));
#2470 = DIRECTION('',(0.,0.,1.));
#2471 = DIRECTION('',(1.,0.,0.));
#2472 = ADVANCED_FACE('',(#2473),#2479,.F.);
#2473 = FACE_BOUND('',#2474,.F.);
#2474 = EDGE_LOOP('',(#2475,#2476,#2477,#2478));
#2475 = ORIENTED_EDGE('',*,*,#1740,.F.);
#2476 = ORIENTED_EDGE('',*,*,#2258,.T.);
#2477 = ORIENTED_EDGE('',*,*,#1892,.T.);
#2478 = ORIENTED_EDGE('',*,*,#2462,.T.);
#2479 = PLANE('',#2480);
#2480 = AXIS2_PLACEMENT_3D('',#2481,#2482,#2483);
#2481 = CARTESIAN_POINT('',(126.,84.,6.));
#2482 = DIRECTION('',(1.,0.,0.));
#2483 = DIRECTION('',(0.,0.,1.));
#2484 = ADVANCED_FACE('',(#2485),#2491,.T.);
#2485 = FACE_BOUND('',#2486,.T.);
#2486 = EDGE_LOOP('',(#2487,#2488,#2489,#2490));
#2487 = ORIENTED_EDGE('',*,*,#2429,.F.);
#2488 = ORIENTED_EDGE('',*,*,#2334,.T.);
#2489 = ORIENTED_EDGE('',*,*,#1908,.T.);
#2490 = ORIENTED_EDGE('',*,*,#2454,.F.);
#2491 = CYLINDRICAL_SURFACE('',#2492,10.);
#2492 = AXIS2_PLACEMENT_3D('',#2493,#2494,#2495);
#2493 = CARTESIAN_POINT('',(132.,90.,6.));
#2494 = DIRECTION('',(0.,0.,1.));
#2495 = DIRECTION('',(1.,0.,0.));
#2496 = ADVANCED_FACE('',(#2497),#2503,.T.);
#2497 = FACE_BOUND('',#2498,.F.);
#2498 = EDGE_LOOP('',(#2499,#2500,#2501,#2502));
#2499 = ORIENTED_EDGE('',*,*,#1924,.F.);
#2500 = ORIENTED_EDGE('',*,*,#2243,.T.);
#2501 = ORIENTED_EDGE('',*,*,#2405,.T.);
#2502 = ORIENTED_EDGE('',*,*,#2342,.F.);
#2503 = TOROIDAL_SURFACE('',#2504,9.,1.);
#2504 = AXIS2_PLACEMENT_3D('',#2505,#2506,#2507);
#2505 = CARTESIAN_POINT('',(132.,90.,5.));
#2506 = DIRECTION('',(0.,0.,1.));
#2507 = DIRECTION('',(0.,1.,0.));
#2508 = ADVANCED_FACE('',(#2509),#2513,.F.);
#2509 = FACE_BOUND('',#2510,.F.);
#2510 = EDGE_LOOP('',(#2511,#2512));
#2511 = ORIENTED_EDGE('',*,*,#2129,.T.);
#2512 = ORIENTED_EDGE('',*,*,#1992,.T.);
#2513 = PLANE('',#2514);
#2514 = AXIS2_PLACEMENT_3D('',#2515,#2516,#2517);
#2515 = CARTESIAN_POINT('',(134.,92.,6.));
#2516 = DIRECTION('',(0.,0.,1.));
#2517 = DIRECTION('',(1.,0.,0.));
#2518 = ADVANCED_FACE('',(#2519),#2548,.T.);
#2519 = FACE_BOUND('',#2520,.T.);
#2520 = EDGE_LOOP('',(#2521,#2531,#2537,#2538,#2539,#2540,#2541,#2542));
#2521 = ORIENTED_EDGE('',*,*,#2522,.T.);
#2522 = EDGE_CURVE('',#2523,#2525,#2527,.T.);
#2523 = VERTEX_POINT('',#2524);
#2524 = CARTESIAN_POINT('',(0.,67.,0.));
#2525 = VERTEX_POINT('',#2526);
#2526 = CARTESIAN_POINT('',(0.,67.,6.));
#2527 = LINE('',#2528,#2529);
#2528 = CARTESIAN_POINT('',(0.,67.,0.));
#2529 = VECTOR('',#2530,1.);
#2530 = DIRECTION('',(0.,0.,1.));
#2531 = ORIENTED_EDGE('',*,*,#2532,.T.);
#2532 = EDGE_CURVE('',#2525,#409,#2533,.T.);
#2533 = LINE('',#2534,#2535);
#2534 = CARTESIAN_POINT('',(0.,67.,6.));
#2535 = VECTOR('',#2536,1.);
#2536 = DIRECTION('',(0.,1.,0.));
#2537 = ORIENTED_EDGE('',*,*,#408,.F.);
#2538 = ORIENTED_EDGE('',*,*,#430,.T.);
#2539 = ORIENTED_EDGE('',*,*,#629,.F.);
#2540 = ORIENTED_EDGE('',*,*,#550,.F.);
#2541 = ORIENTED_EDGE('',*,*,#527,.F.);
#2542 = ORIENTED_EDGE('',*,*,#2543,.F.);
#2543 = EDGE_CURVE('',#2523,#518,#2544,.T.);
#2544 = LINE('',#2545,#2546);
#2545 = CARTESIAN_POINT('',(0.,67.,0.));
#2546 = VECTOR('',#2547,1.);
#2547 = DIRECTION('',(0.,1.,0.));
#2548 = PLANE('',#2549);
#2549 = AXIS2_PLACEMENT_3D('',#2550,#2551,#2552);
#2550 = CARTESIAN_POINT('',(-2.8E-16,77.810344827586,3.));
#2551 = DIRECTION('',(-1.,-0.,-0.));
#2552 = DIRECTION('',(0.,0.,-1.));
#2553 = ADVANCED_FACE('',(#2554),#2604,.T.);
#2554 = FACE_BOUND('',#2555,.T.);
#2555 = EDGE_LOOP('',(#2556,#2564,#2572,#2578,#2579,#2580,#2581,#2582,
    #2583,#2584,#2585,#2586,#2587,#2588,#2589,#2590,#2591,#2592,#2593,
    #2594,#2595,#2596,#2597,#2603));
#2556 = ORIENTED_EDGE('',*,*,#2557,.T.);
#2557 = EDGE_CURVE('',#2523,#2558,#2560,.T.);
#2558 = VERTEX_POINT('',#2559);
#2559 = CARTESIAN_POINT('',(142.,67.,0.));
#2560 = LINE('',#2561,#2562);
#2561 = CARTESIAN_POINT('',(0.,67.,0.));
#2562 = VECTOR('',#2563,1.);
#2563 = DIRECTION('',(1.,0.,0.));
#2564 = ORIENTED_EDGE('',*,*,#2565,.T.);
#2565 = EDGE_CURVE('',#2558,#2566,#2568,.T.);
#2566 = VERTEX_POINT('',#2567);
#2567 = CARTESIAN_POINT('',(142.,67.,6.));
#2568 = LINE('',#2569,#2570);
#2569 = CARTESIAN_POINT('',(142.,67.,0.));
#2570 = VECTOR('',#2571,1.);
#2571 = DIRECTION('',(0.,0.,1.));
#2572 = ORIENTED_EDGE('',*,*,#2573,.F.);
#2573 = EDGE_CURVE('',#32,#2566,#2574,.T.);
#2574 = LINE('',#2575,#2576);
#2575 = CARTESIAN_POINT('',(0.,67.,6.));
#2576 = VECTOR('',#2577,1.);
#2577 = DIRECTION('',(1.,0.,0.));
#2578 = ORIENTED_EDGE('',*,*,#31,.T.);
#2579 = ORIENTED_EDGE('',*,*,#71,.T.);
#2580 = ORIENTED_EDGE('',*,*,#102,.T.);
#2581 = ORIENTED_EDGE('',*,*,#157,.T.);
#2582 = ORIENTED_EDGE('',*,*,#203,.F.);
#2583 = ORIENTED_EDGE('',*,*,#242,.F.);
#2584 = ORIENTED_EDGE('',*,*,#281,.F.);
#2585 = ORIENTED_EDGE('',*,*,#337,.T.);
#2586 = ORIENTED_EDGE('',*,*,#359,.F.);
#2587 = ORIENTED_EDGE('',*,*,#896,.F.);
#2588 = ORIENTED_EDGE('',*,*,#919,.T.);
#2589 = ORIENTED_EDGE('',*,*,#950,.T.);
#2590 = ORIENTED_EDGE('',*,*,#975,.T.);
#2591 = ORIENTED_EDGE('',*,*,#1022,.F.);
#2592 = ORIENTED_EDGE('',*,*,#1062,.T.);
#2593 = ORIENTED_EDGE('',*,*,#1091,.T.);
#2594 = ORIENTED_EDGE('',*,*,#1137,.T.);
#2595 = ORIENTED_EDGE('',*,*,#1187,.T.);
#2596 = ORIENTED_EDGE('',*,*,#1209,.F.);
#2597 = ORIENTED_EDGE('',*,*,#2598,.T.);
#2598 = EDGE_CURVE('',#1210,#2525,#2599,.T.);
#2599 = LINE('',#2600,#2601);
#2600 = CARTESIAN_POINT('',(0.,67.,6.));
#2601 = VECTOR('',#2602,1.);
#2602 = DIRECTION('',(-1.,0.,0.));
#2603 = ORIENTED_EDGE('',*,*,#2522,.F.);
#2604 = PLANE('',#2605);
#2605 = AXIS2_PLACEMENT_3D('',#2606,#2607,#2608);
#2606 = CARTESIAN_POINT('',(71.,67.,4.822159090909));
#2607 = DIRECTION('',(-0.,-1.,-0.));
#2608 = DIRECTION('',(0.,0.,-1.));
#2609 = ADVANCED_FACE('',(#2610),#2635,.T.);
#2610 = FACE_BOUND('',#2611,.T.);
#2611 = EDGE_LOOP('',(#2612,#2613,#2614,#2615,#2616,#2617,#2618,#2619,
    #2620,#2621,#2622,#2623,#2624,#2625,#2626,#2627,#2633,#2634));
#2612 = ORIENTED_EDGE('',*,*,#517,.T.);
#2613 = ORIENTED_EDGE('',*,*,#559,.T.);
#2614 = ORIENTED_EDGE('',*,*,#614,.T.);
#2615 = ORIENTED_EDGE('',*,*,#726,.T.);
#2616 = ORIENTED_EDGE('',*,*,#1240,.F.);
#2617 = ORIENTED_EDGE('',*,*,#692,.T.);
#2618 = ORIENTED_EDGE('',*,*,#1273,.F.);
#2619 = ORIENTED_EDGE('',*,*,#1294,.T.);
#2620 = ORIENTED_EDGE('',*,*,#1682,.T.);
#2621 = ORIENTED_EDGE('',*,*,#1821,.T.);
#2622 = ORIENTED_EDGE('',*,*,#2121,.F.);
#2623 = ORIENTED_EDGE('',*,*,#1976,.T.);
#2624 = ORIENTED_EDGE('',*,*,#2163,.T.);
#2625 = ORIENTED_EDGE('',*,*,#2187,.T.);
#2626 = ORIENTED_EDGE('',*,*,#2210,.T.);
#2627 = ORIENTED_EDGE('',*,*,#2628,.F.);
#2628 = EDGE_CURVE('',#2558,#2211,#2629,.T.);
#2629 = LINE('',#2630,#2631);
#2630 = CARTESIAN_POINT('',(142.,67.,0.));
#2631 = VECTOR('',#2632,1.);
#2632 = DIRECTION('',(0.,1.,0.));
#2633 = ORIENTED_EDGE('',*,*,#2557,.F.);
#2634 = ORIENTED_EDGE('',*,*,#2543,.T.);
#2635 = PLANE('',#2636);
#2636 = AXIS2_PLACEMENT_3D('',#2637,#2638,#2639);
#2637 = CARTESIAN_POINT('',(71.,73.380307769274,-2.E-17));
#2638 = DIRECTION('',(-0.,-0.,-1.));
#2639 = DIRECTION('',(-1.,0.,0.));
#2640 = ADVANCED_FACE('',(#2641),#2649,.T.);
#2641 = FACE_BOUND('',#2642,.T.);
#2642 = EDGE_LOOP('',(#2643,#2644,#2645,#2646,#2647,#2648));
#2643 = ORIENTED_EDGE('',*,*,#1217,.T.);
#2644 = ORIENTED_EDGE('',*,*,#1435,.F.);
#2645 = ORIENTED_EDGE('',*,*,#439,.F.);
#2646 = ORIENTED_EDGE('',*,*,#416,.F.);
#2647 = ORIENTED_EDGE('',*,*,#2532,.F.);
#2648 = ORIENTED_EDGE('',*,*,#2598,.F.);
#2649 = PLANE('',#2650);
#2650 = AXIS2_PLACEMENT_3D('',#2651,#2652,#2653);
#2651 = CARTESIAN_POINT('',(6.241379310345,75.258620689655,6.));
#2652 = DIRECTION('',(0.,0.,1.));
#2653 = DIRECTION('',(1.,0.,0.));
#2654 = ADVANCED_FACE('',(#2655),#2668,.T.);
#2655 = FACE_BOUND('',#2656,.T.);
#2656 = EDGE_LOOP('',(#2657,#2658,#2659,#2665,#2666,#2667));
#2657 = ORIENTED_EDGE('',*,*,#39,.F.);
#2658 = ORIENTED_EDGE('',*,*,#2573,.T.);
#2659 = ORIENTED_EDGE('',*,*,#2660,.T.);
#2660 = EDGE_CURVE('',#2566,#2369,#2661,.T.);
#2661 = LINE('',#2662,#2663);
#2662 = CARTESIAN_POINT('',(142.,67.,6.));
#2663 = VECTOR('',#2664,1.);
#2664 = DIRECTION('',(0.,1.,0.));
#2665 = ORIENTED_EDGE('',*,*,#2385,.F.);
#2666 = ORIENTED_EDGE('',*,*,#2413,.F.);
#2667 = ORIENTED_EDGE('',*,*,#1772,.F.);
#2668 = PLANE('',#2669);
#2669 = AXIS2_PLACEMENT_3D('',#2670,#2671,#2672);
#2670 = CARTESIAN_POINT('',(135.75862068965,75.258620689655,6.));
#2671 = DIRECTION('',(0.,0.,1.));
#2672 = DIRECTION('',(1.,0.,0.));
#2673 = ADVANCED_FACE('',(#2674),#2684,.T.);
#2674 = FACE_BOUND('',#2675,.T.);
#2675 = EDGE_LOOP('',(#2676,#2677,#2678,#2679,#2680,#2681,#2682,#2683));
#2676 = ORIENTED_EDGE('',*,*,#2565,.F.);
#2677 = ORIENTED_EDGE('',*,*,#2628,.T.);
#2678 = ORIENTED_EDGE('',*,*,#2219,.T.);
#2679 = ORIENTED_EDGE('',*,*,#2178,.F.);
#2680 = ORIENTED_EDGE('',*,*,#2233,.T.);
#2681 = ORIENTED_EDGE('',*,*,#2399,.T.);
#2682 = ORIENTED_EDGE('',*,*,#2366,.T.);
#2683 = ORIENTED_EDGE('',*,*,#2660,.F.);
#2684 = PLANE('',#2685);
#2685 = AXIS2_PLACEMENT_3D('',#2686,#2687,#2688);
#2686 = CARTESIAN_POINT('',(142.,77.810344827586,3.));
#2687 = DIRECTION('',(1.,0.,0.));
#2688 = DIRECTION('',(0.,0.,1.));
#2689 = ( GEOMETRIC_REPRESENTATION_CONTEXT(3) 
GLOBAL_UNCERTAINTY_ASSIGNED_CONTEXT((#2693)) 
GLOBAL_UNIT_ASSIGNED_CONTEXT((#2690,#2691,#2692)) REPRESENTATION_CONTEXT
('Context #1','3D Context with UNIT and UNCERTAINTY') );
#2690 = ( LENGTH_UNIT() NAMED_UNIT(*) SI_UNIT(.MILLI.,.METRE.) );
#2691 = ( NAMED_UNIT(*) PLANE_ANGLE_UNIT() SI_UNIT($,.RADIAN.) );
#2692 = ( NAMED_UNIT(*) SI_UNIT($,.STERADIAN.) SOLID_ANGLE_UNIT() );
#2693 = UNCERTAINTY_MEASURE_WITH_UNIT(LENGTH_MEASURE(2.E-04),#2690,
  'distance_accuracy_value','confusion accuracy');
#2694 = PRODUCT_RELATED_PRODUCT_CATEGORY('part',$,(#7));
ENDSEC;
END-ISO-10303-21;
