ISO-10303-21;
HEADER;
FILE_DESCRIPTION(('FreeCAD Model'),'2;1');
FILE_NAME('Open CASCADE Shape Model','2026-10-03T15:01:09',('FreeCAD'),(
    'FreeCAD'),'Open CASCADE STEP processor 7.8','FreeCAD','Unknown');
FILE_SCHEMA(('AUTOMOTIVE_DESIGN { 1 0 10303 214 1 1 1 1 }'));
ENDSEC;
DATA;
#1 = APPLICATION_PROTOCOL_DEFINITION('international standard',
  'automotive_design',2000,#2);
#2 = APPLICATION_CONTEXT(
  'core data for automotive mechanical design processes');
#3 = SHAPE_DEFINITION_REPRESENTATION(#4,#10);
#4 = PRODUCT_DEFINITION_SHAPE('','',#5);
#5 = PRODUCT_DEFINITION('design','',#6,#9);
#6 = PRODUCT_DEFINITION_FORMATION('','',#7);
#7 = PRODUCT('Open CASCADE STEP translator 7.8 8',
  'Open CASCADE STEP translator 7.8 8','',(#8));
#8 = PRODUCT_CONTEXT('',#2,'mechanical');
#9 = PRODUCT_DEFINITION_CONTEXT('part definition',#2,'design');
#10 = SHAPE_REPRESENTATION('',(#11,#15,#4961,#5375,#5723,#6071,#11017,
    #11431,#11779,#12127,#17073,#17487,#17835),#18183);
#11 = AXIS2_PLACEMENT_3D('',#12,#13,#14);
#12 = CARTESIAN_POINT('',(0.,0.,0.));
#13 = DIRECTION('',(0.,0.,1.));
#14 = DIRECTION('',(1.,0.,-0.));
#15 = MANIFOLD_SOLID_BREP('',#16);
#16 = CLOSED_SHELL('',(#17,#59,#91,#250,#294,#320,#344,#369,#434,#490,
    #514,#570,#628,#653,#686,#717,#789,#813,#853,#909,#933,#989,#1029,
    #1053,#1118,#1135,#1152,#1177,#1225,#1265,#1277,#1326,#1344,#1448,
    #1472,#1489,#1520,#1567,#1586,#1685,#1702,#1733,#1759,#1800,#1855,
    #1872,#1898,#1923,#1959,#1976,#1993,#2019,#2043,#2083,#2116,#2128,
    #2159,#2183,#2223,#2240,#2252,#2285,#2297,#2322,#2353,#2370,#2387,
    #2418,#2449,#2514,#2540,#2558,#2589,#2621,#2645,#2667,#2679,#2710,
    #2734,#2758,#2775,#2808,#2841,#2858,#2915,#2932,#2949,#2995,#3019,
    #3036,#3067,#3091,#3115,#3132,#3149,#3174,#3198,#3222,#3265,#3289,
    #3307,#3331,#3348,#3360,#3385,#3418,#3488,#3521,#3591,#3600,#3633,
    #3666,#3691,#3723,#3783,#3800,#3818,#3830,#3842,#3944,#3968,#3980,
    #4047,#4059,#4077,#4095,#4113,#4138,#4155,#4180,#4197,#4219,#4236,
    #4253,#4265,#4298,#4315,#4332,#4349,#4366,#4383,#4416,#4434,#4468,
    #4493,#4510,#4528,#4540,#4565,#4590,#4615,#4640,#4673,#4699,#4716,
    #4725,#4742,#4766,#4783,#4807,#4816,#4825,#4834,#4843,#4868,#4893,
    #4918,#4943,#4952));
#17 = ADVANCED_FACE('',(#18),#54,.T.);
#18 = FACE_BOUND('',#19,.T.);
#19 = EDGE_LOOP('',(#20,#31,#39,#48));
#20 = ORIENTED_EDGE('',*,*,#21,.T.);
#21 = EDGE_CURVE('',#22,#24,#26,.T.);
#22 = VERTEX_POINT('',#23);
#23 = CARTESIAN_POINT('',(16.,0.,59.));
#24 = VERTEX_POINT('',#25);
#25 = CARTESIAN_POINT('',(15.,1.,60.));
#26 = ELLIPSE('',#27,1.414213562373,1.);
#27 = AXIS2_PLACEMENT_3D('',#28,#29,#30);
#28 = CARTESIAN_POINT('',(15.,1.,59.));
#29 = DIRECTION('',(-0.707106781187,-0.707106781187,-0.));
#30 = DIRECTION('',(-0.707106781187,0.707106781187,0.));
#31 = ORIENTED_EDGE('',*,*,#32,.T.);
#32 = EDGE_CURVE('',#24,#33,#35,.T.);
#33 = VERTEX_POINT('',#34);
#34 = CARTESIAN_POINT('',(10.,1.,60.));
#35 = LINE('',#36,#37);
#36 = CARTESIAN_POINT('',(16.,1.,60.));
#37 = VECTOR('',#38,1.);
#38 = DIRECTION('',(-1.,-0.,-0.));
#39 = ORIENTED_EDGE('',*,*,#40,.F.);
#40 = EDGE_CURVE('',#41,#33,#43,.T.);
#41 = VERTEX_POINT('',#42);
#42 = CARTESIAN_POINT('',(10.,0.,59.));
#43 = CIRCLE('',#44,1.);
#44 = AXIS2_PLACEMENT_3D('',#45,#46,#47);
#45 = CARTESIAN_POINT('',(10.,1.,59.));
#46 = DIRECTION('',(-1.,0.,0.));
#47 = DIRECTION('',(0.,-1.,0.));
#48 = ORIENTED_EDGE('',*,*,#49,.F.);
#49 = EDGE_CURVE('',#22,#41,#50,.T.);
#50 = LINE('',#51,#52);
#51 = CARTESIAN_POINT('',(16.,-2.2E-16,59.));
#52 = VECTOR('',#53,1.);
#53 = DIRECTION('',(-1.,-0.,-0.));
#54 = CYLINDRICAL_SURFACE('',#55,1.);
#55 = AXIS2_PLACEMENT_3D('',#56,#57,#58);
#56 = CARTESIAN_POINT('',(16.,1.,59.));
#57 = DIRECTION('',(-1.,-0.,-0.));
#58 = DIRECTION('',(0.,-1.,0.));
#59 = ADVANCED_FACE('',(#60),#86,.T.);
#60 = FACE_BOUND('',#61,.T.);
#61 = EDGE_LOOP('',(#62,#63,#71,#80));
#62 = ORIENTED_EDGE('',*,*,#21,.F.);
#63 = ORIENTED_EDGE('',*,*,#64,.T.);
#64 = EDGE_CURVE('',#22,#65,#67,.T.);
#65 = VERTEX_POINT('',#66);
#66 = CARTESIAN_POINT('',(16.,16.,59.));
#67 = LINE('',#68,#69);
#68 = CARTESIAN_POINT('',(16.,0.,59.));
#69 = VECTOR('',#70,1.);
#70 = DIRECTION('',(0.,1.,0.));
#71 = ORIENTED_EDGE('',*,*,#72,.F.);
#72 = EDGE_CURVE('',#73,#65,#75,.T.);
#73 = VERTEX_POINT('',#74);
#74 = CARTESIAN_POINT('',(15.,15.,60.));
#75 = ELLIPSE('',#76,1.414213562373,1.);
#76 = AXIS2_PLACEMENT_3D('',#77,#78,#79);
#77 = CARTESIAN_POINT('',(15.,15.,59.));
#78 = DIRECTION('',(-0.707106781187,0.707106781187,0.));
#79 = DIRECTION('',(0.707106781187,0.707106781187,0.));
#80 = ORIENTED_EDGE('',*,*,#81,.F.);
#81 = EDGE_CURVE('',#24,#73,#82,.T.);
#82 = LINE('',#83,#84);
#83 = CARTESIAN_POINT('',(15.,0.,60.));
#84 = VECTOR('',#85,1.);
#85 = DIRECTION('',(0.,1.,0.));
#86 = CYLINDRICAL_SURFACE('',#87,1.);
#87 = AXIS2_PLACEMENT_3D('',#88,#89,#90);
#88 = CARTESIAN_POINT('',(15.,0.,59.));
#89 = DIRECTION('',(0.,1.,0.));
#90 = DIRECTION('',(0.,0.,1.));
#91 = ADVANCED_FACE('',(#92),#245,.T.);
#92 = FACE_BOUND('',#93,.T.);
#93 = EDGE_LOOP('',(#94,#104,#112,#120,#128,#136,#144,#152,#160,#168,
    #176,#184,#192,#200,#208,#216,#224,#232,#238,#239));
#94 = ORIENTED_EDGE('',*,*,#95,.T.);
#95 = EDGE_CURVE('',#96,#98,#100,.T.);
#96 = VERTEX_POINT('',#97);
#97 = CARTESIAN_POINT('',(10.,-2.E-15,6.));
#98 = VERTEX_POINT('',#99);
#99 = CARTESIAN_POINT('',(22.4,0.,6.));
#100 = LINE('',#101,#102);
#101 = CARTESIAN_POINT('',(12.,0.,6.));
#102 = VECTOR('',#103,1.);
#103 = DIRECTION('',(1.,0.,0.));
#104 = ORIENTED_EDGE('',*,*,#105,.T.);
#105 = EDGE_CURVE('',#98,#106,#108,.T.);
#106 = VERTEX_POINT('',#107);
#107 = CARTESIAN_POINT('',(22.4,0.,8.));
#108 = LINE('',#109,#110);
#109 = CARTESIAN_POINT('',(22.4,0.,6.));
#110 = VECTOR('',#111,1.);
#111 = DIRECTION('',(0.,0.,1.));
#112 = ORIENTED_EDGE('',*,*,#113,.T.);
#113 = EDGE_CURVE('',#106,#114,#116,.T.);
#114 = VERTEX_POINT('',#115);
#115 = CARTESIAN_POINT('',(119.6,0.,8.));
#116 = LINE('',#117,#118);
#117 = CARTESIAN_POINT('',(15.3,0.,8.));
#118 = VECTOR('',#119,1.);
#119 = DIRECTION('',(1.,0.,0.));
#120 = ORIENTED_EDGE('',*,*,#121,.F.);
#121 = EDGE_CURVE('',#122,#114,#124,.T.);
#122 = VERTEX_POINT('',#123);
#123 = CARTESIAN_POINT('',(119.6,0.,6.));
#124 = LINE('',#125,#126);
#125 = CARTESIAN_POINT('',(119.6,0.,6.));
#126 = VECTOR('',#127,1.);
#127 = DIRECTION('',(0.,0.,1.));
#128 = ORIENTED_EDGE('',*,*,#129,.T.);
#129 = EDGE_CURVE('',#122,#130,#132,.T.);
#130 = VERTEX_POINT('',#131);
#131 = CARTESIAN_POINT('',(132.,-2.E-15,6.));
#132 = LINE('',#133,#134);
#133 = CARTESIAN_POINT('',(126.,0.,6.));
#134 = VECTOR('',#135,1.);
#135 = DIRECTION('',(1.,0.,0.));
#136 = ORIENTED_EDGE('',*,*,#137,.T.);
#137 = EDGE_CURVE('',#130,#138,#140,.T.);
#138 = VERTEX_POINT('',#139);
#139 = CARTESIAN_POINT('',(132.,0.,59.));
#140 = LINE('',#141,#142);
#141 = CARTESIAN_POINT('',(132.,-1.78E-15,6.));
#142 = VECTOR('',#143,1.);
#143 = DIRECTION('',(0.,0.,1.));
#144 = ORIENTED_EDGE('',*,*,#145,.F.);
#145 = EDGE_CURVE('',#146,#138,#148,.T.);
#146 = VERTEX_POINT('',#147);
#147 = CARTESIAN_POINT('',(126.,0.,59.));
#148 = LINE('',#149,#150);
#149 = CARTESIAN_POINT('',(126.,-2.2E-16,59.));
#150 = VECTOR('',#151,1.);
#151 = DIRECTION('',(1.,0.,0.));
#152 = ORIENTED_EDGE('',*,*,#153,.F.);
#153 = EDGE_CURVE('',#154,#146,#156,.T.);
#154 = VERTEX_POINT('',#155);
#155 = CARTESIAN_POINT('',(126.,0.,17.4));
#156 = LINE('',#157,#158);
#157 = CARTESIAN_POINT('',(126.,0.,6.));
#158 = VECTOR('',#159,1.);
#159 = DIRECTION('',(0.,0.,1.));
#160 = ORIENTED_EDGE('',*,*,#161,.F.);
#161 = EDGE_CURVE('',#162,#154,#164,.T.);
#162 = VERTEX_POINT('',#163);
#163 = CARTESIAN_POINT('',(121.6,0.,17.4));
#164 = LINE('',#165,#166);
#165 = CARTESIAN_POINT('',(124.2,0.,17.4));
#166 = VECTOR('',#167,1.);
#167 = DIRECTION('',(1.,0.,0.));
#168 = ORIENTED_EDGE('',*,*,#169,.F.);
#169 = EDGE_CURVE('',#170,#162,#172,.T.);
#170 = VERTEX_POINT('',#171);
#171 = CARTESIAN_POINT('',(121.6,0.,15.));
#172 = LINE('',#173,#174);
#173 = CARTESIAN_POINT('',(121.6,0.,15.));
#174 = VECTOR('',#175,1.);
#175 = DIRECTION('',(0.,0.,1.));
#176 = ORIENTED_EDGE('',*,*,#177,.T.);
#177 = EDGE_CURVE('',#170,#178,#180,.T.);
#178 = VERTEX_POINT('',#179);
#179 = CARTESIAN_POINT('',(124.2,0.,15.));
#180 = LINE('',#181,#182);
#181 = CARTESIAN_POINT('',(121.6,0.,15.));
#182 = VECTOR('',#183,1.);
#183 = DIRECTION('',(1.,0.,0.));
#184 = ORIENTED_EDGE('',*,*,#185,.F.);
#185 = EDGE_CURVE('',#186,#178,#188,.T.);
#186 = VERTEX_POINT('',#187);
#187 = CARTESIAN_POINT('',(124.2,0.,14.));
#188 = LINE('',#189,#190);
#189 = CARTESIAN_POINT('',(124.2,0.,8.));
#190 = VECTOR('',#191,1.);
#191 = DIRECTION('',(0.,0.,1.));
#192 = ORIENTED_EDGE('',*,*,#193,.F.);
#193 = EDGE_CURVE('',#194,#186,#196,.T.);
#194 = VERTEX_POINT('',#195);
#195 = CARTESIAN_POINT('',(17.8,0.,14.));
#196 = LINE('',#197,#198);
#197 = CARTESIAN_POINT('',(15.3,0.,14.));
#198 = VECTOR('',#199,1.);
#199 = DIRECTION('',(1.,0.,0.));
#200 = ORIENTED_EDGE('',*,*,#201,.T.);
#201 = EDGE_CURVE('',#194,#202,#204,.T.);
#202 = VERTEX_POINT('',#203);
#203 = CARTESIAN_POINT('',(17.8,0.,15.));
#204 = LINE('',#205,#206);
#205 = CARTESIAN_POINT('',(17.8,0.,8.));
#206 = VECTOR('',#207,1.);
#207 = DIRECTION('',(0.,0.,1.));
#208 = ORIENTED_EDGE('',*,*,#209,.T.);
#209 = EDGE_CURVE('',#202,#210,#212,.T.);
#210 = VERTEX_POINT('',#211);
#211 = CARTESIAN_POINT('',(20.4,0.,15.));
#212 = LINE('',#213,#214);
#213 = CARTESIAN_POINT('',(14.3,0.,15.));
#214 = VECTOR('',#215,1.);
#215 = DIRECTION('',(1.,0.,0.));
#216 = ORIENTED_EDGE('',*,*,#217,.T.);
#217 = EDGE_CURVE('',#210,#218,#220,.T.);
#218 = VERTEX_POINT('',#219);
#219 = CARTESIAN_POINT('',(20.4,0.,17.4));
#220 = LINE('',#221,#222);
#221 = CARTESIAN_POINT('',(20.4,0.,15.));
#222 = VECTOR('',#223,1.);
#223 = DIRECTION('',(0.,0.,1.));
#224 = ORIENTED_EDGE('',*,*,#225,.F.);
#225 = EDGE_CURVE('',#226,#218,#228,.T.);
#226 = VERTEX_POINT('',#227);
#227 = CARTESIAN_POINT('',(16.,0.,17.4));
#228 = LINE('',#229,#230);
#229 = CARTESIAN_POINT('',(14.3,0.,17.4));
#230 = VECTOR('',#231,1.);
#231 = DIRECTION('',(1.,0.,0.));
#232 = ORIENTED_EDGE('',*,*,#233,.T.);
#233 = EDGE_CURVE('',#226,#22,#234,.T.);
#234 = LINE('',#235,#236);
#235 = CARTESIAN_POINT('',(16.,0.,6.));
#236 = VECTOR('',#237,1.);
#237 = DIRECTION('',(0.,0.,1.));
#238 = ORIENTED_EDGE('',*,*,#49,.T.);
#239 = ORIENTED_EDGE('',*,*,#240,.F.);
#240 = EDGE_CURVE('',#96,#41,#241,.T.);
#241 = LINE('',#242,#243);
#242 = CARTESIAN_POINT('',(10.,-1.78E-15,6.));
#243 = VECTOR('',#244,1.);
#244 = DIRECTION('',(0.,0.,1.));
#245 = PLANE('',#246);
#246 = AXIS2_PLACEMENT_3D('',#247,#248,#249);
#247 = CARTESIAN_POINT('',(71.,-4.2E-16,22.255985915493));
#248 = DIRECTION('',(-0.,-1.,-0.));
#249 = DIRECTION('',(0.,0.,-1.));
#250 = ADVANCED_FACE('',(#251,#278),#289,.T.);
#251 = FACE_BOUND('',#252,.T.);
#252 = EDGE_LOOP('',(#253,#254,#255,#263,#271));
#253 = ORIENTED_EDGE('',*,*,#32,.F.);
#254 = ORIENTED_EDGE('',*,*,#81,.T.);
#255 = ORIENTED_EDGE('',*,*,#256,.F.);
#256 = EDGE_CURVE('',#257,#73,#259,.T.);
#257 = VERTEX_POINT('',#258);
#258 = CARTESIAN_POINT('',(1.,15.,60.));
#259 = LINE('',#260,#261);
#260 = CARTESIAN_POINT('',(0.,15.,60.));
#261 = VECTOR('',#262,1.);
#262 = DIRECTION('',(1.,0.,0.));
#263 = ORIENTED_EDGE('',*,*,#264,.F.);
#264 = EDGE_CURVE('',#265,#257,#267,.T.);
#265 = VERTEX_POINT('',#266);
#266 = CARTESIAN_POINT('',(1.,10.,60.));
#267 = LINE('',#268,#269);
#268 = CARTESIAN_POINT('',(1.,10.,60.));
#269 = VECTOR('',#270,1.);
#270 = DIRECTION('',(0.,1.,0.));
#271 = ORIENTED_EDGE('',*,*,#272,.F.);
#272 = EDGE_CURVE('',#33,#265,#273,.T.);
#273 = CIRCLE('',#274,9.);
#274 = AXIS2_PLACEMENT_3D('',#275,#276,#277);
#275 = CARTESIAN_POINT('',(10.,10.,60.));
#276 = DIRECTION('',(-0.,0.,-1.));
#277 = DIRECTION('',(-1.8E-16,-1.,0.));
#278 = FACE_BOUND('',#279,.T.);
#279 = EDGE_LOOP('',(#280));
#280 = ORIENTED_EDGE('',*,*,#281,.F.);
#281 = EDGE_CURVE('',#282,#282,#284,.T.);
#282 = VERTEX_POINT('',#283);
#283 = CARTESIAN_POINT('',(11.4,8.,60.));
#284 = CIRCLE('',#285,3.4);
#285 = AXIS2_PLACEMENT_3D('',#286,#287,#288);
#286 = CARTESIAN_POINT('',(8.,8.,60.));
#287 = DIRECTION('',(0.,0.,1.));
#288 = DIRECTION('',(1.,0.,0.));
#289 = PLANE('',#290);
#290 = AXIS2_PLACEMENT_3D('',#291,#292,#293);
#291 = CARTESIAN_POINT('',(0.,0.,60.));
#292 = DIRECTION('',(0.,0.,1.));
#293 = DIRECTION('',(1.,0.,0.));
#294 = ADVANCED_FACE('',(#295),#315,.T.);
#295 = FACE_BOUND('',#296,.F.);
#296 = EDGE_LOOP('',(#297,#298,#307,#314));
#297 = ORIENTED_EDGE('',*,*,#40,.F.);
#298 = ORIENTED_EDGE('',*,*,#299,.T.);
#299 = EDGE_CURVE('',#41,#300,#302,.T.);
#300 = VERTEX_POINT('',#301);
#301 = CARTESIAN_POINT('',(-2.E-15,10.,59.));
#302 = CIRCLE('',#303,10.);
#303 = AXIS2_PLACEMENT_3D('',#304,#305,#306);
#304 = CARTESIAN_POINT('',(10.,10.,59.));
#305 = DIRECTION('',(-0.,0.,-1.));
#306 = DIRECTION('',(-1.8E-16,-1.,0.));
#307 = ORIENTED_EDGE('',*,*,#308,.T.);
#308 = EDGE_CURVE('',#300,#265,#309,.T.);
#309 = CIRCLE('',#310,1.);
#310 = AXIS2_PLACEMENT_3D('',#311,#312,#313);
#311 = CARTESIAN_POINT('',(1.,10.,59.));
#312 = DIRECTION('',(-1.1E-16,1.,0.));
#313 = DIRECTION('',(-1.,-1.1E-16,0.));
#314 = ORIENTED_EDGE('',*,*,#272,.F.);
#315 = TOROIDAL_SURFACE('',#316,9.,1.);
#316 = AXIS2_PLACEMENT_3D('',#317,#318,#319);
#317 = CARTESIAN_POINT('',(10.,10.,59.));
#318 = DIRECTION('',(0.,0.,1.));
#319 = DIRECTION('',(-1.8E-16,-1.,0.));
#320 = ADVANCED_FACE('',(#321),#339,.T.);
#321 = FACE_BOUND('',#322,.T.);
#322 = EDGE_LOOP('',(#323,#331,#337,#338));
#323 = ORIENTED_EDGE('',*,*,#324,.F.);
#324 = EDGE_CURVE('',#325,#226,#327,.T.);
#325 = VERTEX_POINT('',#326);
#326 = CARTESIAN_POINT('',(16.,16.,17.4));
#327 = LINE('',#328,#329);
#328 = CARTESIAN_POINT('',(16.,19.19686935581,17.4));
#329 = VECTOR('',#330,1.);
#330 = DIRECTION('',(0.,-1.,0.));
#331 = ORIENTED_EDGE('',*,*,#332,.T.);
#332 = EDGE_CURVE('',#325,#65,#333,.T.);
#333 = LINE('',#334,#335);
#334 = CARTESIAN_POINT('',(16.,16.,6.));
#335 = VECTOR('',#336,1.);
#336 = DIRECTION('',(0.,0.,1.));
#337 = ORIENTED_EDGE('',*,*,#64,.F.);
#338 = ORIENTED_EDGE('',*,*,#233,.F.);
#339 = PLANE('',#340);
#340 = AXIS2_PLACEMENT_3D('',#341,#342,#343);
#341 = CARTESIAN_POINT('',(16.,38.39373871162,15.876610475617));
#342 = DIRECTION('',(1.,0.,0.));
#343 = DIRECTION('',(0.,0.,1.));
#344 = ADVANCED_FACE('',(#345),#364,.T.);
#345 = FACE_BOUND('',#346,.F.);
#346 = EDGE_LOOP('',(#347,#356,#362,#363));
#347 = ORIENTED_EDGE('',*,*,#348,.F.);
#348 = EDGE_CURVE('',#349,#257,#351,.T.);
#349 = VERTEX_POINT('',#350);
#350 = CARTESIAN_POINT('',(0.,16.,59.));
#351 = ELLIPSE('',#352,1.414213562373,1.);
#352 = AXIS2_PLACEMENT_3D('',#353,#354,#355);
#353 = CARTESIAN_POINT('',(1.,15.,59.));
#354 = DIRECTION('',(0.707106781187,0.707106781187,-0.));
#355 = DIRECTION('',(-0.707106781187,0.707106781187,0.));
#356 = ORIENTED_EDGE('',*,*,#357,.T.);
#357 = EDGE_CURVE('',#349,#65,#358,.T.);
#358 = LINE('',#359,#360);
#359 = CARTESIAN_POINT('',(0.,16.,59.));
#360 = VECTOR('',#361,1.);
#361 = DIRECTION('',(1.,0.,0.));
#362 = ORIENTED_EDGE('',*,*,#72,.F.);
#363 = ORIENTED_EDGE('',*,*,#256,.F.);
#364 = CYLINDRICAL_SURFACE('',#365,1.);
#365 = AXIS2_PLACEMENT_3D('',#366,#367,#368);
#366 = CARTESIAN_POINT('',(0.,15.,59.));
#367 = DIRECTION('',(1.,0.,0.));
#368 = DIRECTION('',(0.,0.,1.));
#369 = ADVANCED_FACE('',(#370),#429,.T.);
#370 = FACE_BOUND('',#371,.T.);
#371 = EDGE_LOOP('',(#372,#382,#388,#389,#398,#406,#414,#422));
#372 = ORIENTED_EDGE('',*,*,#373,.F.);
#373 = EDGE_CURVE('',#374,#376,#378,.T.);
#374 = VERTEX_POINT('',#375);
#375 = CARTESIAN_POINT('',(22.4,1.,6.));
#376 = VERTEX_POINT('',#377);
#377 = CARTESIAN_POINT('',(10.,1.,6.));
#378 = LINE('',#379,#380);
#379 = CARTESIAN_POINT('',(132.,1.,6.));
#380 = VECTOR('',#381,1.);
#381 = DIRECTION('',(-1.,-0.,-0.));
#382 = ORIENTED_EDGE('',*,*,#383,.F.);
#383 = EDGE_CURVE('',#98,#374,#384,.T.);
#384 = LINE('',#385,#386);
#385 = CARTESIAN_POINT('',(22.4,0.,6.));
#386 = VECTOR('',#387,1.);
#387 = DIRECTION('',(0.,1.,0.));
#388 = ORIENTED_EDGE('',*,*,#95,.F.);
#389 = ORIENTED_EDGE('',*,*,#390,.F.);
#390 = EDGE_CURVE('',#391,#96,#393,.T.);
#391 = VERTEX_POINT('',#392);
#392 = CARTESIAN_POINT('',(-2.E-15,10.,6.));
#393 = CIRCLE('',#394,10.);
#394 = AXIS2_PLACEMENT_3D('',#395,#396,#397);
#395 = CARTESIAN_POINT('',(10.,10.,6.));
#396 = DIRECTION('',(-0.,0.,1.));
#397 = DIRECTION('',(0.,-1.,0.));
#398 = ORIENTED_EDGE('',*,*,#399,.T.);
#399 = EDGE_CURVE('',#391,#400,#402,.T.);
#400 = VERTEX_POINT('',#401);
#401 = CARTESIAN_POINT('',(0.,16.,6.));
#402 = LINE('',#403,#404);
#403 = CARTESIAN_POINT('',(0.,0.,6.));
#404 = VECTOR('',#405,1.);
#405 = DIRECTION('',(0.,1.,0.));
#406 = ORIENTED_EDGE('',*,*,#407,.T.);
#407 = EDGE_CURVE('',#400,#408,#410,.T.);
#408 = VERTEX_POINT('',#409);
#409 = CARTESIAN_POINT('',(1.,16.,6.));
#410 = LINE('',#411,#412);
#411 = CARTESIAN_POINT('',(0.,16.,6.));
#412 = VECTOR('',#413,1.);
#413 = DIRECTION('',(1.,0.,0.));
#414 = ORIENTED_EDGE('',*,*,#415,.F.);
#415 = EDGE_CURVE('',#416,#408,#418,.T.);
#416 = VERTEX_POINT('',#417);
#417 = CARTESIAN_POINT('',(1.,10.,6.));
#418 = LINE('',#419,#420);
#419 = CARTESIAN_POINT('',(1.,10.,6.));
#420 = VECTOR('',#421,1.);
#421 = DIRECTION('',(0.,1.,0.));
#422 = ORIENTED_EDGE('',*,*,#423,.F.);
#423 = EDGE_CURVE('',#376,#416,#424,.T.);
#424 = CIRCLE('',#425,9.);
#425 = AXIS2_PLACEMENT_3D('',#426,#427,#428);
#426 = CARTESIAN_POINT('',(10.,10.,6.));
#427 = DIRECTION('',(-0.,0.,-1.));
#428 = DIRECTION('',(-1.8E-16,-1.,0.));
#429 = PLANE('',#430);
#430 = AXIS2_PLACEMENT_3D('',#431,#432,#433);
#431 = CARTESIAN_POINT('',(8.064975384086,4.467015283844,6.));
#432 = DIRECTION('',(-0.,-0.,-1.));
#433 = DIRECTION('',(-1.,0.,0.));
#434 = ADVANCED_FACE('',(#435),#485,.T.);
#435 = FACE_BOUND('',#436,.T.);
#436 = EDGE_LOOP('',(#437,#438,#439,#447,#455,#463,#471,#479));
#437 = ORIENTED_EDGE('',*,*,#105,.F.);
#438 = ORIENTED_EDGE('',*,*,#383,.T.);
#439 = ORIENTED_EDGE('',*,*,#440,.T.);
#440 = EDGE_CURVE('',#374,#441,#443,.T.);
#441 = VERTEX_POINT('',#442);
#442 = CARTESIAN_POINT('',(22.4,8.,6.));
#443 = LINE('',#444,#445);
#444 = CARTESIAN_POINT('',(22.4,0.,6.));
#445 = VECTOR('',#446,1.);
#446 = DIRECTION('',(0.,1.,0.));
#447 = ORIENTED_EDGE('',*,*,#448,.T.);
#448 = EDGE_CURVE('',#441,#449,#451,.T.);
#449 = VERTEX_POINT('',#450);
#450 = CARTESIAN_POINT('',(22.4,92.,6.));
#451 = LINE('',#452,#453);
#452 = CARTESIAN_POINT('',(22.4,0.,6.));
#453 = VECTOR('',#454,1.);
#454 = DIRECTION('',(0.,1.,0.));
#455 = ORIENTED_EDGE('',*,*,#456,.T.);
#456 = EDGE_CURVE('',#449,#457,#459,.T.);
#457 = VERTEX_POINT('',#458);
#458 = CARTESIAN_POINT('',(22.4,93.,6.));
#459 = LINE('',#460,#461);
#460 = CARTESIAN_POINT('',(22.4,0.,6.));
#461 = VECTOR('',#462,1.);
#462 = DIRECTION('',(0.,1.,0.));
#463 = ORIENTED_EDGE('',*,*,#464,.T.);
#464 = EDGE_CURVE('',#457,#465,#467,.T.);
#465 = VERTEX_POINT('',#466);
#466 = CARTESIAN_POINT('',(22.4,93.,8.));
#467 = LINE('',#468,#469);
#468 = CARTESIAN_POINT('',(22.4,93.,6.));
#469 = VECTOR('',#470,1.);
#470 = DIRECTION('',(0.,0.,1.));
#471 = ORIENTED_EDGE('',*,*,#472,.F.);
#472 = EDGE_CURVE('',#473,#465,#475,.T.);
#473 = VERTEX_POINT('',#474);
#474 = CARTESIAN_POINT('',(22.4,2.,8.));
#475 = LINE('',#476,#477);
#476 = CARTESIAN_POINT('',(22.4,0.,8.));
#477 = VECTOR('',#478,1.);
#478 = DIRECTION('',(0.,1.,0.));
#479 = ORIENTED_EDGE('',*,*,#480,.F.);
#480 = EDGE_CURVE('',#106,#473,#481,.T.);
#481 = LINE('',#482,#483);
#482 = CARTESIAN_POINT('',(22.4,0.,8.));
#483 = VECTOR('',#484,1.);
#484 = DIRECTION('',(0.,1.,0.));
#485 = PLANE('',#486);
#486 = AXIS2_PLACEMENT_3D('',#487,#488,#489);
#487 = CARTESIAN_POINT('',(22.4,0.,6.));
#488 = DIRECTION('',(1.,0.,0.));
#489 = DIRECTION('',(0.,0.,1.));
#490 = ADVANCED_FACE('',(#491),#509,.F.);
#491 = FACE_BOUND('',#492,.F.);
#492 = EDGE_LOOP('',(#493,#494,#495,#503));
#493 = ORIENTED_EDGE('',*,*,#480,.F.);
#494 = ORIENTED_EDGE('',*,*,#113,.T.);
#495 = ORIENTED_EDGE('',*,*,#496,.T.);
#496 = EDGE_CURVE('',#114,#497,#499,.T.);
#497 = VERTEX_POINT('',#498);
#498 = CARTESIAN_POINT('',(119.6,2.,8.));
#499 = LINE('',#500,#501);
#500 = CARTESIAN_POINT('',(119.6,0.,8.));
#501 = VECTOR('',#502,1.);
#502 = DIRECTION('',(0.,1.,0.));
#503 = ORIENTED_EDGE('',*,*,#504,.F.);
#504 = EDGE_CURVE('',#473,#497,#505,.T.);
#505 = LINE('',#506,#507);
#506 = CARTESIAN_POINT('',(15.3,2.,8.));
#507 = VECTOR('',#508,1.);
#508 = DIRECTION('',(1.,0.,0.));
#509 = PLANE('',#510);
#510 = AXIS2_PLACEMENT_3D('',#511,#512,#513);
#511 = CARTESIAN_POINT('',(15.3,0.,8.));
#512 = DIRECTION('',(0.,0.,1.));
#513 = DIRECTION('',(1.,0.,0.));
#514 = ADVANCED_FACE('',(#515),#565,.F.);
#515 = FACE_BOUND('',#516,.F.);
#516 = EDGE_LOOP('',(#517,#518,#526,#534,#542,#550,#558,#564));
#517 = ORIENTED_EDGE('',*,*,#121,.F.);
#518 = ORIENTED_EDGE('',*,*,#519,.T.);
#519 = EDGE_CURVE('',#122,#520,#522,.T.);
#520 = VERTEX_POINT('',#521);
#521 = CARTESIAN_POINT('',(119.6,1.,6.));
#522 = LINE('',#523,#524);
#523 = CARTESIAN_POINT('',(119.6,0.,6.));
#524 = VECTOR('',#525,1.);
#525 = DIRECTION('',(0.,1.,0.));
#526 = ORIENTED_EDGE('',*,*,#527,.T.);
#527 = EDGE_CURVE('',#520,#528,#530,.T.);
#528 = VERTEX_POINT('',#529);
#529 = CARTESIAN_POINT('',(119.6,8.,6.));
#530 = LINE('',#531,#532);
#531 = CARTESIAN_POINT('',(119.6,0.,6.));
#532 = VECTOR('',#533,1.);
#533 = DIRECTION('',(0.,1.,0.));
#534 = ORIENTED_EDGE('',*,*,#535,.T.);
#535 = EDGE_CURVE('',#528,#536,#538,.T.);
#536 = VERTEX_POINT('',#537);
#537 = CARTESIAN_POINT('',(119.6,92.,6.));
#538 = LINE('',#539,#540);
#539 = CARTESIAN_POINT('',(119.6,0.,6.));
#540 = VECTOR('',#541,1.);
#541 = DIRECTION('',(0.,1.,0.));
#542 = ORIENTED_EDGE('',*,*,#543,.T.);
#543 = EDGE_CURVE('',#536,#544,#546,.T.);
#544 = VERTEX_POINT('',#545);
#545 = CARTESIAN_POINT('',(119.6,93.,6.));
#546 = LINE('',#547,#548);
#547 = CARTESIAN_POINT('',(119.6,0.,6.));
#548 = VECTOR('',#549,1.);
#549 = DIRECTION('',(0.,1.,0.));
#550 = ORIENTED_EDGE('',*,*,#551,.T.);
#551 = EDGE_CURVE('',#544,#552,#554,.T.);
#552 = VERTEX_POINT('',#553);
#553 = CARTESIAN_POINT('',(119.6,93.,8.));
#554 = LINE('',#555,#556);
#555 = CARTESIAN_POINT('',(119.6,93.,6.));
#556 = VECTOR('',#557,1.);
#557 = DIRECTION('',(0.,0.,1.));
#558 = ORIENTED_EDGE('',*,*,#559,.F.);
#559 = EDGE_CURVE('',#497,#552,#560,.T.);
#560 = LINE('',#561,#562);
#561 = CARTESIAN_POINT('',(119.6,0.,8.));
#562 = VECTOR('',#563,1.);
#563 = DIRECTION('',(0.,1.,0.));
#564 = ORIENTED_EDGE('',*,*,#496,.F.);
#565 = PLANE('',#566);
#566 = AXIS2_PLACEMENT_3D('',#567,#568,#569);
#567 = CARTESIAN_POINT('',(119.6,0.,6.));
#568 = DIRECTION('',(1.,0.,0.));
#569 = DIRECTION('',(0.,0.,1.));
#570 = ADVANCED_FACE('',(#571),#623,.T.);
#571 = FACE_BOUND('',#572,.T.);
#572 = EDGE_LOOP('',(#573,#582,#583,#584,#592,#601,#609,#617));
#573 = ORIENTED_EDGE('',*,*,#574,.T.);
#574 = EDGE_CURVE('',#575,#130,#577,.T.);
#575 = VERTEX_POINT('',#576);
#576 = CARTESIAN_POINT('',(142.,10.,6.));
#577 = CIRCLE('',#578,10.);
#578 = AXIS2_PLACEMENT_3D('',#579,#580,#581);
#579 = CARTESIAN_POINT('',(132.,10.,6.));
#580 = DIRECTION('',(-0.,-0.,-1.));
#581 = DIRECTION('',(0.,-1.,0.));
#582 = ORIENTED_EDGE('',*,*,#129,.F.);
#583 = ORIENTED_EDGE('',*,*,#519,.T.);
#584 = ORIENTED_EDGE('',*,*,#585,.F.);
#585 = EDGE_CURVE('',#586,#520,#588,.T.);
#586 = VERTEX_POINT('',#587);
#587 = CARTESIAN_POINT('',(132.,1.,6.));
#588 = LINE('',#589,#590);
#589 = CARTESIAN_POINT('',(132.,1.,6.));
#590 = VECTOR('',#591,1.);
#591 = DIRECTION('',(-1.,-0.,-0.));
#592 = ORIENTED_EDGE('',*,*,#593,.F.);
#593 = EDGE_CURVE('',#594,#586,#596,.T.);
#594 = VERTEX_POINT('',#595);
#595 = CARTESIAN_POINT('',(141.,10.,6.));
#596 = CIRCLE('',#597,9.);
#597 = AXIS2_PLACEMENT_3D('',#598,#599,#600);
#598 = CARTESIAN_POINT('',(132.,10.,6.));
#599 = DIRECTION('',(0.,0.,-1.));
#600 = DIRECTION('',(1.,0.,0.));
#601 = ORIENTED_EDGE('',*,*,#602,.F.);
#602 = EDGE_CURVE('',#603,#594,#605,.T.);
#603 = VERTEX_POINT('',#604);
#604 = CARTESIAN_POINT('',(141.,16.,6.));
#605 = LINE('',#606,#607);
#606 = CARTESIAN_POINT('',(141.,90.,6.));
#607 = VECTOR('',#608,1.);
#608 = DIRECTION('',(-0.,-1.,-0.));
#609 = ORIENTED_EDGE('',*,*,#610,.T.);
#610 = EDGE_CURVE('',#603,#611,#613,.T.);
#611 = VERTEX_POINT('',#612);
#612 = CARTESIAN_POINT('',(142.,16.,6.));
#613 = LINE('',#614,#615);
#614 = CARTESIAN_POINT('',(126.,16.,6.));
#615 = VECTOR('',#616,1.);
#616 = DIRECTION('',(1.,0.,0.));
#617 = ORIENTED_EDGE('',*,*,#618,.F.);
#618 = EDGE_CURVE('',#575,#611,#619,.T.);
#619 = LINE('',#620,#621);
#620 = CARTESIAN_POINT('',(142.,0.,6.));
#621 = VECTOR('',#622,1.);
#622 = DIRECTION('',(0.,1.,0.));
#623 = PLANE('',#624);
#624 = AXIS2_PLACEMENT_3D('',#625,#626,#627);
#625 = CARTESIAN_POINT('',(133.93502461591,4.467015283844,6.));
#626 = DIRECTION('',(-0.,-0.,-1.));
#627 = DIRECTION('',(-1.,0.,0.));
#628 = ADVANCED_FACE('',(#629),#648,.T.);
#629 = FACE_BOUND('',#630,.F.);
#630 = EDGE_LOOP('',(#631,#639,#640,#641));
#631 = ORIENTED_EDGE('',*,*,#632,.F.);
#632 = EDGE_CURVE('',#575,#633,#635,.T.);
#633 = VERTEX_POINT('',#634);
#634 = CARTESIAN_POINT('',(142.,10.,59.));
#635 = LINE('',#636,#637);
#636 = CARTESIAN_POINT('',(142.,10.,6.));
#637 = VECTOR('',#638,1.);
#638 = DIRECTION('',(0.,0.,1.));
#639 = ORIENTED_EDGE('',*,*,#574,.T.);
#640 = ORIENTED_EDGE('',*,*,#137,.T.);
#641 = ORIENTED_EDGE('',*,*,#642,.T.);
#642 = EDGE_CURVE('',#138,#633,#643,.T.);
#643 = CIRCLE('',#644,10.);
#644 = AXIS2_PLACEMENT_3D('',#645,#646,#647);
#645 = CARTESIAN_POINT('',(132.,10.,59.));
#646 = DIRECTION('',(-0.,0.,1.));
#647 = DIRECTION('',(0.,-1.,0.));
#648 = CYLINDRICAL_SURFACE('',#649,10.);
#649 = AXIS2_PLACEMENT_3D('',#650,#651,#652);
#650 = CARTESIAN_POINT('',(132.,10.,6.));
#651 = DIRECTION('',(0.,0.,1.));
#652 = DIRECTION('',(1.,0.,0.));
#653 = ADVANCED_FACE('',(#654),#681,.T.);
#654 = FACE_BOUND('',#655,.F.);
#655 = EDGE_LOOP('',(#656,#665,#673,#680));
#656 = ORIENTED_EDGE('',*,*,#657,.T.);
#657 = EDGE_CURVE('',#146,#658,#660,.T.);
#658 = VERTEX_POINT('',#659);
#659 = CARTESIAN_POINT('',(127.,1.,60.));
#660 = ELLIPSE('',#661,1.414213562373,1.);
#661 = AXIS2_PLACEMENT_3D('',#662,#663,#664);
#662 = CARTESIAN_POINT('',(127.,1.,59.));
#663 = DIRECTION('',(-0.707106781187,0.707106781187,0.));
#664 = DIRECTION('',(0.707106781187,0.707106781187,0.));
#665 = ORIENTED_EDGE('',*,*,#666,.T.);
#666 = EDGE_CURVE('',#658,#667,#669,.T.);
#667 = VERTEX_POINT('',#668);
#668 = CARTESIAN_POINT('',(132.,1.,60.));
#669 = LINE('',#670,#671);
#670 = CARTESIAN_POINT('',(126.,1.,60.));
#671 = VECTOR('',#672,1.);
#672 = DIRECTION('',(1.,0.,0.));
#673 = ORIENTED_EDGE('',*,*,#674,.F.);
#674 = EDGE_CURVE('',#138,#667,#675,.T.);
#675 = CIRCLE('',#676,1.);
#676 = AXIS2_PLACEMENT_3D('',#677,#678,#679);
#677 = CARTESIAN_POINT('',(132.,1.,59.));
#678 = DIRECTION('',(-1.,0.,0.));
#679 = DIRECTION('',(0.,-1.,0.));
#680 = ORIENTED_EDGE('',*,*,#145,.F.);
#681 = CYLINDRICAL_SURFACE('',#682,1.);
#682 = AXIS2_PLACEMENT_3D('',#683,#684,#685);
#683 = CARTESIAN_POINT('',(126.,1.,59.));
#684 = DIRECTION('',(1.,0.,0.));
#685 = DIRECTION('',(0.,-1.,0.));
#686 = ADVANCED_FACE('',(#687),#712,.T.);
#687 = FACE_BOUND('',#688,.T.);
#688 = EDGE_LOOP('',(#689,#699,#705,#706));
#689 = ORIENTED_EDGE('',*,*,#690,.F.);
#690 = EDGE_CURVE('',#691,#693,#695,.T.);
#691 = VERTEX_POINT('',#692);
#692 = CARTESIAN_POINT('',(126.,16.,17.4));
#693 = VERTEX_POINT('',#694);
#694 = CARTESIAN_POINT('',(126.,16.,59.));
#695 = LINE('',#696,#697);
#696 = CARTESIAN_POINT('',(126.,16.,6.));
#697 = VECTOR('',#698,1.);
#698 = DIRECTION('',(0.,0.,1.));
#699 = ORIENTED_EDGE('',*,*,#700,.F.);
#700 = EDGE_CURVE('',#154,#691,#701,.T.);
#701 = LINE('',#702,#703);
#702 = CARTESIAN_POINT('',(126.,19.19686935581,17.4));
#703 = VECTOR('',#704,1.);
#704 = DIRECTION('',(0.,1.,0.));
#705 = ORIENTED_EDGE('',*,*,#153,.T.);
#706 = ORIENTED_EDGE('',*,*,#707,.T.);
#707 = EDGE_CURVE('',#146,#693,#708,.T.);
#708 = LINE('',#709,#710);
#709 = CARTESIAN_POINT('',(126.,0.,59.));
#710 = VECTOR('',#711,1.);
#711 = DIRECTION('',(0.,1.,0.));
#712 = PLANE('',#713);
#713 = AXIS2_PLACEMENT_3D('',#714,#715,#716);
#714 = CARTESIAN_POINT('',(126.,38.39373871162,15.876610475617));
#715 = DIRECTION('',(-1.,-0.,-0.));
#716 = DIRECTION('',(0.,0.,-1.));
#717 = ADVANCED_FACE('',(#718),#784,.T.);
#718 = FACE_BOUND('',#719,.T.);
#719 = EDGE_LOOP('',(#720,#730,#736,#737,#738,#746,#754,#762,#770,#778)
  );
#720 = ORIENTED_EDGE('',*,*,#721,.F.);
#721 = EDGE_CURVE('',#722,#724,#726,.T.);
#722 = VERTEX_POINT('',#723);
#723 = CARTESIAN_POINT('',(121.6,92.,17.4));
#724 = VERTEX_POINT('',#725);
#725 = CARTESIAN_POINT('',(122.9,92.,17.4));
#726 = LINE('',#727,#728);
#727 = CARTESIAN_POINT('',(124.2,92.,17.4));
#728 = VECTOR('',#729,1.);
#729 = DIRECTION('',(1.,0.,0.));
#730 = ORIENTED_EDGE('',*,*,#731,.F.);
#731 = EDGE_CURVE('',#162,#722,#732,.T.);
#732 = LINE('',#733,#734);
#733 = CARTESIAN_POINT('',(121.6,0.,17.4));
#734 = VECTOR('',#735,1.);
#735 = DIRECTION('',(0.,1.,0.));
#736 = ORIENTED_EDGE('',*,*,#161,.T.);
#737 = ORIENTED_EDGE('',*,*,#700,.T.);
#738 = ORIENTED_EDGE('',*,*,#739,.T.);
#739 = EDGE_CURVE('',#691,#740,#742,.T.);
#740 = VERTEX_POINT('',#741);
#741 = CARTESIAN_POINT('',(127.7,16.,17.4));
#742 = LINE('',#743,#744);
#743 = CARTESIAN_POINT('',(123.8,16.,17.4));
#744 = VECTOR('',#745,1.);
#745 = DIRECTION('',(1.,0.,0.));
#746 = ORIENTED_EDGE('',*,*,#747,.T.);
#747 = EDGE_CURVE('',#740,#748,#750,.T.);
#748 = VERTEX_POINT('',#749);
#749 = CARTESIAN_POINT('',(127.7,92.,17.4));
#750 = LINE('',#751,#752);
#751 = CARTESIAN_POINT('',(127.7,0.,17.4));
#752 = VECTOR('',#753,1.);
#753 = DIRECTION('',(0.,1.,0.));
#754 = ORIENTED_EDGE('',*,*,#755,.F.);
#755 = EDGE_CURVE('',#756,#748,#758,.T.);
#756 = VERTEX_POINT('',#757);
#757 = CARTESIAN_POINT('',(124.5,92.,17.4));
#758 = LINE('',#759,#760);
#759 = CARTESIAN_POINT('',(124.2,92.,17.4));
#760 = VECTOR('',#761,1.);
#761 = DIRECTION('',(1.,0.,0.));
#762 = ORIENTED_EDGE('',*,*,#763,.F.);
#763 = EDGE_CURVE('',#764,#756,#766,.T.);
#764 = VERTEX_POINT('',#765);
#765 = CARTESIAN_POINT('',(124.5,83.7,17.4));
#766 = LINE('',#767,#768);
#767 = CARTESIAN_POINT('',(124.5,64.919317023445,17.4));
#768 = VECTOR('',#769,1.);
#769 = DIRECTION('',(0.,1.,0.));
#770 = ORIENTED_EDGE('',*,*,#771,.T.);
#771 = EDGE_CURVE('',#764,#772,#774,.T.);
#772 = VERTEX_POINT('',#773);
#773 = CARTESIAN_POINT('',(122.9,83.7,17.4));
#774 = LINE('',#775,#776);
#775 = CARTESIAN_POINT('',(123.70568297655,83.7,17.4));
#776 = VECTOR('',#777,1.);
#777 = DIRECTION('',(-1.,0.,0.));
#778 = ORIENTED_EDGE('',*,*,#779,.T.);
#779 = EDGE_CURVE('',#772,#724,#780,.T.);
#780 = LINE('',#781,#782);
#781 = CARTESIAN_POINT('',(122.9,64.919317023445,17.4));
#782 = VECTOR('',#783,1.);
#783 = DIRECTION('',(0.,1.,0.));
#784 = PLANE('',#785);
#785 = AXIS2_PLACEMENT_3D('',#786,#787,#788);
#786 = CARTESIAN_POINT('',(124.5113659531,46.138634046891,17.4));
#787 = DIRECTION('',(0.,0.,1.));
#788 = DIRECTION('',(1.,0.,0.));
#789 = ADVANCED_FACE('',(#790),#808,.F.);
#790 = FACE_BOUND('',#791,.F.);
#791 = EDGE_LOOP('',(#792,#793,#801,#807));
#792 = ORIENTED_EDGE('',*,*,#169,.F.);
#793 = ORIENTED_EDGE('',*,*,#794,.T.);
#794 = EDGE_CURVE('',#170,#795,#797,.T.);
#795 = VERTEX_POINT('',#796);
#796 = CARTESIAN_POINT('',(121.6,92.,15.));
#797 = LINE('',#798,#799);
#798 = CARTESIAN_POINT('',(121.6,0.,15.));
#799 = VECTOR('',#800,1.);
#800 = DIRECTION('',(0.,1.,0.));
#801 = ORIENTED_EDGE('',*,*,#802,.T.);
#802 = EDGE_CURVE('',#795,#722,#803,.T.);
#803 = LINE('',#804,#805);
#804 = CARTESIAN_POINT('',(121.6,92.,15.));
#805 = VECTOR('',#806,1.);
#806 = DIRECTION('',(0.,0.,1.));
#807 = ORIENTED_EDGE('',*,*,#731,.F.);
#808 = PLANE('',#809);
#809 = AXIS2_PLACEMENT_3D('',#810,#811,#812);
#810 = CARTESIAN_POINT('',(121.6,0.,15.));
#811 = DIRECTION('',(1.,0.,0.));
#812 = DIRECTION('',(0.,0.,1.));
#813 = ADVANCED_FACE('',(#814),#848,.F.);
#814 = FACE_BOUND('',#815,.F.);
#815 = EDGE_LOOP('',(#816,#824,#825,#826,#834,#842));
#816 = ORIENTED_EDGE('',*,*,#817,.F.);
#817 = EDGE_CURVE('',#795,#818,#820,.T.);
#818 = VERTEX_POINT('',#819);
#819 = CARTESIAN_POINT('',(122.9,92.,15.));
#820 = LINE('',#821,#822);
#821 = CARTESIAN_POINT('',(121.6,92.,15.));
#822 = VECTOR('',#823,1.);
#823 = DIRECTION('',(1.,0.,0.));
#824 = ORIENTED_EDGE('',*,*,#794,.F.);
#825 = ORIENTED_EDGE('',*,*,#177,.T.);
#826 = ORIENTED_EDGE('',*,*,#827,.F.);
#827 = EDGE_CURVE('',#828,#178,#830,.T.);
#828 = VERTEX_POINT('',#829);
#829 = CARTESIAN_POINT('',(124.2,83.7,15.));
#830 = LINE('',#831,#832);
#831 = CARTESIAN_POINT('',(124.2,0.,15.));
#832 = VECTOR('',#833,1.);
#833 = DIRECTION('',(0.,-1.,0.));
#834 = ORIENTED_EDGE('',*,*,#835,.T.);
#835 = EDGE_CURVE('',#828,#836,#838,.T.);
#836 = VERTEX_POINT('',#837);
#837 = CARTESIAN_POINT('',(122.9,83.7,15.));
#838 = LINE('',#839,#840);
#839 = CARTESIAN_POINT('',(122.25,83.7,15.));
#840 = VECTOR('',#841,1.);
#841 = DIRECTION('',(-1.,0.,0.));
#842 = ORIENTED_EDGE('',*,*,#843,.T.);
#843 = EDGE_CURVE('',#836,#818,#844,.T.);
#844 = LINE('',#845,#846);
#845 = CARTESIAN_POINT('',(122.9,41.85,15.));
#846 = VECTOR('',#847,1.);
#847 = DIRECTION('',(0.,1.,0.));
#848 = PLANE('',#849);
#849 = AXIS2_PLACEMENT_3D('',#850,#851,#852);
#850 = CARTESIAN_POINT('',(121.6,0.,15.));
#851 = DIRECTION('',(0.,0.,1.));
#852 = DIRECTION('',(1.,0.,0.));
#853 = ADVANCED_FACE('',(#854),#904,.F.);
#854 = FACE_BOUND('',#855,.F.);
#855 = EDGE_LOOP('',(#856,#857,#865,#873,#881,#889,#897,#903));
#856 = ORIENTED_EDGE('',*,*,#185,.F.);
#857 = ORIENTED_EDGE('',*,*,#858,.F.);
#858 = EDGE_CURVE('',#859,#186,#861,.T.);
#859 = VERTEX_POINT('',#860);
#860 = CARTESIAN_POINT('',(124.2,2.,14.));
#861 = LINE('',#862,#863);
#862 = CARTESIAN_POINT('',(124.2,0.,14.));
#863 = VECTOR('',#864,1.);
#864 = DIRECTION('',(0.,-1.,0.));
#865 = ORIENTED_EDGE('',*,*,#866,.F.);
#866 = EDGE_CURVE('',#867,#859,#869,.T.);
#867 = VERTEX_POINT('',#868);
#868 = CARTESIAN_POINT('',(124.2,2.,8.));
#869 = LINE('',#870,#871);
#870 = CARTESIAN_POINT('',(124.2,2.,8.));
#871 = VECTOR('',#872,1.);
#872 = DIRECTION('',(0.,0.,1.));
#873 = ORIENTED_EDGE('',*,*,#874,.T.);
#874 = EDGE_CURVE('',#867,#875,#877,.T.);
#875 = VERTEX_POINT('',#876);
#876 = CARTESIAN_POINT('',(124.2,92.,8.));
#877 = LINE('',#878,#879);
#878 = CARTESIAN_POINT('',(124.2,0.,8.));
#879 = VECTOR('',#880,1.);
#880 = DIRECTION('',(0.,1.,0.));
#881 = ORIENTED_EDGE('',*,*,#882,.T.);
#882 = EDGE_CURVE('',#875,#883,#885,.T.);
#883 = VERTEX_POINT('',#884);
#884 = CARTESIAN_POINT('',(124.2,92.,14.9));
#885 = LINE('',#886,#887);
#886 = CARTESIAN_POINT('',(124.2,92.,8.));
#887 = VECTOR('',#888,1.);
#888 = DIRECTION('',(0.,0.,1.));
#889 = ORIENTED_EDGE('',*,*,#890,.T.);
#890 = EDGE_CURVE('',#883,#891,#893,.T.);
#891 = VERTEX_POINT('',#892);
#892 = CARTESIAN_POINT('',(124.2,83.7,14.9));
#893 = LINE('',#894,#895);
#894 = CARTESIAN_POINT('',(124.2,41.85,14.9));
#895 = VECTOR('',#896,1.);
#896 = DIRECTION('',(0.,-1.,0.));
#897 = ORIENTED_EDGE('',*,*,#898,.T.);
#898 = EDGE_CURVE('',#891,#828,#899,.T.);
#899 = LINE('',#900,#901);
#900 = CARTESIAN_POINT('',(124.2,83.7,11.45));
#901 = VECTOR('',#902,1.);
#902 = DIRECTION('',(0.,0.,1.));
#903 = ORIENTED_EDGE('',*,*,#827,.T.);
#904 = PLANE('',#905);
#905 = AXIS2_PLACEMENT_3D('',#906,#907,#908);
#906 = CARTESIAN_POINT('',(124.2,0.,8.));
#907 = DIRECTION('',(1.,0.,0.));
#908 = DIRECTION('',(0.,0.,1.));
#909 = ADVANCED_FACE('',(#910),#928,.T.);
#910 = FACE_BOUND('',#911,.T.);
#911 = EDGE_LOOP('',(#912,#920,#921,#922));
#912 = ORIENTED_EDGE('',*,*,#913,.T.);
#913 = EDGE_CURVE('',#914,#194,#916,.T.);
#914 = VERTEX_POINT('',#915);
#915 = CARTESIAN_POINT('',(17.8,2.,14.));
#916 = LINE('',#917,#918);
#917 = CARTESIAN_POINT('',(17.8,0.,14.));
#918 = VECTOR('',#919,1.);
#919 = DIRECTION('',(0.,-1.,0.));
#920 = ORIENTED_EDGE('',*,*,#193,.T.);
#921 = ORIENTED_EDGE('',*,*,#858,.F.);
#922 = ORIENTED_EDGE('',*,*,#923,.F.);
#923 = EDGE_CURVE('',#914,#859,#924,.T.);
#924 = LINE('',#925,#926);
#925 = CARTESIAN_POINT('',(15.3,2.,14.));
#926 = VECTOR('',#927,1.);
#927 = DIRECTION('',(1.,0.,0.));
#928 = PLANE('',#929);
#929 = AXIS2_PLACEMENT_3D('',#930,#931,#932);
#930 = CARTESIAN_POINT('',(15.3,0.,14.));
#931 = DIRECTION('',(0.,0.,1.));
#932 = DIRECTION('',(1.,0.,0.));
#933 = ADVANCED_FACE('',(#934),#984,.T.);
#934 = FACE_BOUND('',#935,.T.);
#935 = EDGE_LOOP('',(#936,#937,#938,#946,#954,#962,#970,#978));
#936 = ORIENTED_EDGE('',*,*,#201,.F.);
#937 = ORIENTED_EDGE('',*,*,#913,.F.);
#938 = ORIENTED_EDGE('',*,*,#939,.F.);
#939 = EDGE_CURVE('',#940,#914,#942,.T.);
#940 = VERTEX_POINT('',#941);
#941 = CARTESIAN_POINT('',(17.8,2.,8.));
#942 = LINE('',#943,#944);
#943 = CARTESIAN_POINT('',(17.8,2.,8.));
#944 = VECTOR('',#945,1.);
#945 = DIRECTION('',(0.,0.,1.));
#946 = ORIENTED_EDGE('',*,*,#947,.T.);
#947 = EDGE_CURVE('',#940,#948,#950,.T.);
#948 = VERTEX_POINT('',#949);
#949 = CARTESIAN_POINT('',(17.8,92.,8.));
#950 = LINE('',#951,#952);
#951 = CARTESIAN_POINT('',(17.8,0.,8.));
#952 = VECTOR('',#953,1.);
#953 = DIRECTION('',(0.,1.,0.));
#954 = ORIENTED_EDGE('',*,*,#955,.T.);
#955 = EDGE_CURVE('',#948,#956,#958,.T.);
#956 = VERTEX_POINT('',#957);
#957 = CARTESIAN_POINT('',(17.8,92.,14.9));
#958 = LINE('',#959,#960);
#959 = CARTESIAN_POINT('',(17.8,92.,8.));
#960 = VECTOR('',#961,1.);
#961 = DIRECTION('',(0.,0.,1.));
#962 = ORIENTED_EDGE('',*,*,#963,.T.);
#963 = EDGE_CURVE('',#956,#964,#966,.T.);
#964 = VERTEX_POINT('',#965);
#965 = CARTESIAN_POINT('',(17.8,83.7,14.9));
#966 = LINE('',#967,#968);
#967 = CARTESIAN_POINT('',(17.8,41.85,14.9));
#968 = VECTOR('',#969,1.);
#969 = DIRECTION('',(0.,-1.,0.));
#970 = ORIENTED_EDGE('',*,*,#971,.T.);
#971 = EDGE_CURVE('',#964,#972,#974,.T.);
#972 = VERTEX_POINT('',#973);
#973 = CARTESIAN_POINT('',(17.8,83.7,15.));
#974 = LINE('',#975,#976);
#975 = CARTESIAN_POINT('',(17.8,83.7,11.45));
#976 = VECTOR('',#977,1.);
#977 = DIRECTION('',(0.,0.,1.));
#978 = ORIENTED_EDGE('',*,*,#979,.T.);
#979 = EDGE_CURVE('',#972,#202,#980,.T.);
#980 = LINE('',#981,#982);
#981 = CARTESIAN_POINT('',(17.8,0.,15.));
#982 = VECTOR('',#983,1.);
#983 = DIRECTION('',(0.,-1.,0.));
#984 = PLANE('',#985);
#985 = AXIS2_PLACEMENT_3D('',#986,#987,#988);
#986 = CARTESIAN_POINT('',(17.8,0.,8.));
#987 = DIRECTION('',(1.,0.,0.));
#988 = DIRECTION('',(0.,0.,1.));
#989 = ADVANCED_FACE('',(#990),#1024,.F.);
#990 = FACE_BOUND('',#991,.F.);
#991 = EDGE_LOOP('',(#992,#1000,#1001,#1002,#1010,#1018));
#992 = ORIENTED_EDGE('',*,*,#993,.T.);
#993 = EDGE_CURVE('',#994,#972,#996,.T.);
#994 = VERTEX_POINT('',#995);
#995 = CARTESIAN_POINT('',(19.1,83.7,15.));
#996 = LINE('',#997,#998);
#997 = CARTESIAN_POINT('',(15.9,83.7,15.));
#998 = VECTOR('',#999,1.);
#999 = DIRECTION('',(-1.,0.,0.));
#1000 = ORIENTED_EDGE('',*,*,#979,.T.);
#1001 = ORIENTED_EDGE('',*,*,#209,.T.);
#1002 = ORIENTED_EDGE('',*,*,#1003,.T.);
#1003 = EDGE_CURVE('',#210,#1004,#1006,.T.);
#1004 = VERTEX_POINT('',#1005);
#1005 = CARTESIAN_POINT('',(20.4,92.,15.));
#1006 = LINE('',#1007,#1008);
#1007 = CARTESIAN_POINT('',(20.4,0.,15.));
#1008 = VECTOR('',#1009,1.);
#1009 = DIRECTION('',(0.,1.,0.));
#1010 = ORIENTED_EDGE('',*,*,#1011,.F.);
#1011 = EDGE_CURVE('',#1012,#1004,#1014,.T.);
#1012 = VERTEX_POINT('',#1013);
#1013 = CARTESIAN_POINT('',(19.1,92.,15.));
#1014 = LINE('',#1015,#1016);
#1015 = CARTESIAN_POINT('',(14.3,92.,15.));
#1016 = VECTOR('',#1017,1.);
#1017 = DIRECTION('',(1.,0.,0.));
#1018 = ORIENTED_EDGE('',*,*,#1019,.F.);
#1019 = EDGE_CURVE('',#994,#1012,#1020,.T.);
#1020 = LINE('',#1021,#1022);
#1021 = CARTESIAN_POINT('',(19.1,41.85,15.));
#1022 = VECTOR('',#1023,1.);
#1023 = DIRECTION('',(0.,1.,0.));
#1024 = PLANE('',#1025);
#1025 = AXIS2_PLACEMENT_3D('',#1026,#1027,#1028);
#1026 = CARTESIAN_POINT('',(14.3,0.,15.));
#1027 = DIRECTION('',(0.,0.,1.));
#1028 = DIRECTION('',(1.,0.,0.));
#1029 = ADVANCED_FACE('',(#1030),#1048,.T.);
#1030 = FACE_BOUND('',#1031,.T.);
#1031 = EDGE_LOOP('',(#1032,#1033,#1034,#1042));
#1032 = ORIENTED_EDGE('',*,*,#217,.F.);
#1033 = ORIENTED_EDGE('',*,*,#1003,.T.);
#1034 = ORIENTED_EDGE('',*,*,#1035,.T.);
#1035 = EDGE_CURVE('',#1004,#1036,#1038,.T.);
#1036 = VERTEX_POINT('',#1037);
#1037 = CARTESIAN_POINT('',(20.4,92.,17.4));
#1038 = LINE('',#1039,#1040);
#1039 = CARTESIAN_POINT('',(20.4,92.,15.));
#1040 = VECTOR('',#1041,1.);
#1041 = DIRECTION('',(0.,0.,1.));
#1042 = ORIENTED_EDGE('',*,*,#1043,.F.);
#1043 = EDGE_CURVE('',#218,#1036,#1044,.T.);
#1044 = LINE('',#1045,#1046);
#1045 = CARTESIAN_POINT('',(20.4,0.,17.4));
#1046 = VECTOR('',#1047,1.);
#1047 = DIRECTION('',(0.,1.,0.));
#1048 = PLANE('',#1049);
#1049 = AXIS2_PLACEMENT_3D('',#1050,#1051,#1052);
#1050 = CARTESIAN_POINT('',(20.4,0.,15.));
#1051 = DIRECTION('',(1.,0.,0.));
#1052 = DIRECTION('',(0.,0.,1.));
#1053 = ADVANCED_FACE('',(#1054),#1113,.T.);
#1054 = FACE_BOUND('',#1055,.T.);
#1055 = EDGE_LOOP('',(#1056,#1066,#1072,#1073,#1074,#1075,#1083,#1091,
    #1099,#1107));
#1056 = ORIENTED_EDGE('',*,*,#1057,.F.);
#1057 = EDGE_CURVE('',#1058,#1060,#1062,.T.);
#1058 = VERTEX_POINT('',#1059);
#1059 = CARTESIAN_POINT('',(14.3,16.,17.4));
#1060 = VERTEX_POINT('',#1061);
#1061 = CARTESIAN_POINT('',(14.3,92.,17.4));
#1062 = LINE('',#1063,#1064);
#1063 = CARTESIAN_POINT('',(14.3,0.,17.4));
#1064 = VECTOR('',#1065,1.);
#1065 = DIRECTION('',(0.,1.,0.));
#1066 = ORIENTED_EDGE('',*,*,#1067,.T.);
#1067 = EDGE_CURVE('',#1058,#325,#1068,.T.);
#1068 = LINE('',#1069,#1070);
#1069 = CARTESIAN_POINT('',(7.15,16.,17.4));
#1070 = VECTOR('',#1071,1.);
#1071 = DIRECTION('',(1.,0.,0.));
#1072 = ORIENTED_EDGE('',*,*,#324,.T.);
#1073 = ORIENTED_EDGE('',*,*,#225,.T.);
#1074 = ORIENTED_EDGE('',*,*,#1043,.T.);
#1075 = ORIENTED_EDGE('',*,*,#1076,.F.);
#1076 = EDGE_CURVE('',#1077,#1036,#1079,.T.);
#1077 = VERTEX_POINT('',#1078);
#1078 = CARTESIAN_POINT('',(19.1,92.,17.4));
#1079 = LINE('',#1080,#1081);
#1080 = CARTESIAN_POINT('',(14.3,92.,17.4));
#1081 = VECTOR('',#1082,1.);
#1082 = DIRECTION('',(1.,0.,0.));
#1083 = ORIENTED_EDGE('',*,*,#1084,.F.);
#1084 = EDGE_CURVE('',#1085,#1077,#1087,.T.);
#1085 = VERTEX_POINT('',#1086);
#1086 = CARTESIAN_POINT('',(19.1,83.7,17.4));
#1087 = LINE('',#1088,#1089);
#1088 = CARTESIAN_POINT('',(19.1,64.919317023445,17.4));
#1089 = VECTOR('',#1090,1.);
#1090 = DIRECTION('',(0.,1.,0.));
#1091 = ORIENTED_EDGE('',*,*,#1092,.T.);
#1092 = EDGE_CURVE('',#1085,#1093,#1095,.T.);
#1093 = VERTEX_POINT('',#1094);
#1094 = CARTESIAN_POINT('',(17.5,83.7,17.4));
#1095 = LINE('',#1096,#1097);
#1096 = CARTESIAN_POINT('',(17.494317023445,83.7,17.4));
#1097 = VECTOR('',#1098,1.);
#1098 = DIRECTION('',(-1.,0.,0.));
#1099 = ORIENTED_EDGE('',*,*,#1100,.T.);
#1100 = EDGE_CURVE('',#1093,#1101,#1103,.T.);
#1101 = VERTEX_POINT('',#1102);
#1102 = CARTESIAN_POINT('',(17.5,92.,17.4));
#1103 = LINE('',#1104,#1105);
#1104 = CARTESIAN_POINT('',(17.5,64.919317023445,17.4));
#1105 = VECTOR('',#1106,1.);
#1106 = DIRECTION('',(0.,1.,0.));
#1107 = ORIENTED_EDGE('',*,*,#1108,.F.);
#1108 = EDGE_CURVE('',#1060,#1101,#1109,.T.);
#1109 = LINE('',#1110,#1111);
#1110 = CARTESIAN_POINT('',(14.3,92.,17.4));
#1111 = VECTOR('',#1112,1.);
#1112 = DIRECTION('',(1.,0.,0.));
#1113 = PLANE('',#1114);
#1114 = AXIS2_PLACEMENT_3D('',#1115,#1116,#1117);
#1115 = CARTESIAN_POINT('',(17.488634046891,46.138634046891,17.4));
#1116 = DIRECTION('',(0.,0.,1.));
#1117 = DIRECTION('',(1.,0.,0.));
#1118 = ADVANCED_FACE('',(#1119),#1130,.T.);
#1119 = FACE_BOUND('',#1120,.T.);
#1120 = EDGE_LOOP('',(#1121,#1127,#1128,#1129));
#1121 = ORIENTED_EDGE('',*,*,#1122,.F.);
#1122 = EDGE_CURVE('',#391,#300,#1123,.T.);
#1123 = LINE('',#1124,#1125);
#1124 = CARTESIAN_POINT('',(-1.78E-15,10.,6.));
#1125 = VECTOR('',#1126,1.);
#1126 = DIRECTION('',(0.,0.,1.));
#1127 = ORIENTED_EDGE('',*,*,#390,.T.);
#1128 = ORIENTED_EDGE('',*,*,#240,.T.);
#1129 = ORIENTED_EDGE('',*,*,#299,.T.);
#1130 = CYLINDRICAL_SURFACE('',#1131,10.);
#1131 = AXIS2_PLACEMENT_3D('',#1132,#1133,#1134);
#1132 = CARTESIAN_POINT('',(10.,10.,6.));
#1133 = DIRECTION('',(0.,0.,1.));
#1134 = DIRECTION('',(-1.,0.,0.));
#1135 = ADVANCED_FACE('',(#1136),#1147,.T.);
#1136 = FACE_BOUND('',#1137,.T.);
#1137 = EDGE_LOOP('',(#1138,#1139,#1140,#1141));
#1138 = ORIENTED_EDGE('',*,*,#308,.T.);
#1139 = ORIENTED_EDGE('',*,*,#264,.T.);
#1140 = ORIENTED_EDGE('',*,*,#348,.F.);
#1141 = ORIENTED_EDGE('',*,*,#1142,.F.);
#1142 = EDGE_CURVE('',#300,#349,#1143,.T.);
#1143 = LINE('',#1144,#1145);
#1144 = CARTESIAN_POINT('',(-2.2E-16,10.,59.));
#1145 = VECTOR('',#1146,1.);
#1146 = DIRECTION('',(0.,1.,0.));
#1147 = CYLINDRICAL_SURFACE('',#1148,1.);
#1148 = AXIS2_PLACEMENT_3D('',#1149,#1150,#1151);
#1149 = CARTESIAN_POINT('',(1.,10.,59.));
#1150 = DIRECTION('',(0.,1.,0.));
#1151 = DIRECTION('',(-1.,0.,0.));
#1152 = ADVANCED_FACE('',(#1153),#1172,.T.);
#1153 = FACE_BOUND('',#1154,.F.);
#1154 = EDGE_LOOP('',(#1155,#1163,#1170,#1171));
#1155 = ORIENTED_EDGE('',*,*,#1156,.T.);
#1156 = EDGE_CURVE('',#282,#1157,#1159,.T.);
#1157 = VERTEX_POINT('',#1158);
#1158 = CARTESIAN_POINT('',(11.4,8.,64.9));
#1159 = LINE('',#1160,#1161);
#1160 = CARTESIAN_POINT('',(11.4,8.,60.));
#1161 = VECTOR('',#1162,1.);
#1162 = DIRECTION('',(0.,0.,1.));
#1163 = ORIENTED_EDGE('',*,*,#1164,.T.);
#1164 = EDGE_CURVE('',#1157,#1157,#1165,.T.);
#1165 = CIRCLE('',#1166,3.4);
#1166 = AXIS2_PLACEMENT_3D('',#1167,#1168,#1169);
#1167 = CARTESIAN_POINT('',(8.,8.,64.9));
#1168 = DIRECTION('',(0.,0.,1.));
#1169 = DIRECTION('',(1.,0.,0.));
#1170 = ORIENTED_EDGE('',*,*,#1156,.F.);
#1171 = ORIENTED_EDGE('',*,*,#281,.F.);
#1172 = CYLINDRICAL_SURFACE('',#1173,3.4);
#1173 = AXIS2_PLACEMENT_3D('',#1174,#1175,#1176);
#1174 = CARTESIAN_POINT('',(8.,8.,60.));
#1175 = DIRECTION('',(-0.,-0.,-1.));
#1176 = DIRECTION('',(1.,0.,0.));
#1177 = ADVANCED_FACE('',(#1178),#1220,.T.);
#1178 = FACE_BOUND('',#1179,.T.);
#1179 = EDGE_LOOP('',(#1180,#1190,#1196,#1197,#1203,#1204,#1205,#1206,
    #1214));
#1180 = ORIENTED_EDGE('',*,*,#1181,.T.);
#1181 = EDGE_CURVE('',#1182,#1184,#1186,.T.);
#1182 = VERTEX_POINT('',#1183);
#1183 = CARTESIAN_POINT('',(12.,16.,8.));
#1184 = VERTEX_POINT('',#1185);
#1185 = CARTESIAN_POINT('',(12.,16.,6.));
#1186 = LINE('',#1187,#1188);
#1187 = CARTESIAN_POINT('',(12.,16.,6.));
#1188 = VECTOR('',#1189,1.);
#1189 = DIRECTION('',(0.,0.,-1.));
#1190 = ORIENTED_EDGE('',*,*,#1191,.F.);
#1191 = EDGE_CURVE('',#408,#1184,#1192,.T.);
#1192 = LINE('',#1193,#1194);
#1193 = CARTESIAN_POINT('',(0.,16.,6.));
#1194 = VECTOR('',#1195,1.);
#1195 = DIRECTION('',(1.,0.,0.));
#1196 = ORIENTED_EDGE('',*,*,#407,.F.);
#1197 = ORIENTED_EDGE('',*,*,#1198,.T.);
#1198 = EDGE_CURVE('',#400,#349,#1199,.T.);
#1199 = LINE('',#1200,#1201);
#1200 = CARTESIAN_POINT('',(0.,16.,6.));
#1201 = VECTOR('',#1202,1.);
#1202 = DIRECTION('',(0.,0.,1.));
#1203 = ORIENTED_EDGE('',*,*,#357,.T.);
#1204 = ORIENTED_EDGE('',*,*,#332,.F.);
#1205 = ORIENTED_EDGE('',*,*,#1067,.F.);
#1206 = ORIENTED_EDGE('',*,*,#1207,.T.);
#1207 = EDGE_CURVE('',#1058,#1208,#1210,.T.);
#1208 = VERTEX_POINT('',#1209);
#1209 = CARTESIAN_POINT('',(14.3,16.,8.));
#1210 = LINE('',#1211,#1212);
#1211 = CARTESIAN_POINT('',(14.3,16.,10.5));
#1212 = VECTOR('',#1213,1.);
#1213 = DIRECTION('',(0.,0.,-1.));
#1214 = ORIENTED_EDGE('',*,*,#1215,.F.);
#1215 = EDGE_CURVE('',#1182,#1208,#1216,.T.);
#1216 = LINE('',#1217,#1218);
#1217 = CARTESIAN_POINT('',(6.,16.,8.));
#1218 = VECTOR('',#1219,1.);
#1219 = DIRECTION('',(1.,0.,0.));
#1220 = PLANE('',#1221);
#1221 = AXIS2_PLACEMENT_3D('',#1222,#1223,#1224);
#1222 = CARTESIAN_POINT('',(0.,16.,6.));
#1223 = DIRECTION('',(0.,1.,0.));
#1224 = DIRECTION('',(0.,0.,1.));
#1225 = ADVANCED_FACE('',(#1226),#1260,.T.);
#1226 = FACE_BOUND('',#1227,.T.);
#1227 = EDGE_LOOP('',(#1228,#1237,#1238,#1244,#1245,#1254));
#1228 = ORIENTED_EDGE('',*,*,#1229,.T.);
#1229 = EDGE_CURVE('',#1230,#586,#1232,.T.);
#1230 = VERTEX_POINT('',#1231);
#1231 = CARTESIAN_POINT('',(132.,-2.E-15,5.));
#1232 = CIRCLE('',#1233,1.);
#1233 = AXIS2_PLACEMENT_3D('',#1234,#1235,#1236);
#1234 = CARTESIAN_POINT('',(132.,1.,5.));
#1235 = DIRECTION('',(-1.,-6.E-17,0.));
#1236 = DIRECTION('',(6.E-17,-1.,0.));
#1237 = ORIENTED_EDGE('',*,*,#585,.T.);
#1238 = ORIENTED_EDGE('',*,*,#1239,.T.);
#1239 = EDGE_CURVE('',#520,#374,#1240,.T.);
#1240 = LINE('',#1241,#1242);
#1241 = CARTESIAN_POINT('',(132.,1.,6.));
#1242 = VECTOR('',#1243,1.);
#1243 = DIRECTION('',(-1.,-0.,-0.));
#1244 = ORIENTED_EDGE('',*,*,#373,.T.);
#1245 = ORIENTED_EDGE('',*,*,#1246,.F.);
#1246 = EDGE_CURVE('',#1247,#376,#1249,.T.);
#1247 = VERTEX_POINT('',#1248);
#1248 = CARTESIAN_POINT('',(10.,0.,5.));
#1249 = CIRCLE('',#1250,1.);
#1250 = AXIS2_PLACEMENT_3D('',#1251,#1252,#1253);
#1251 = CARTESIAN_POINT('',(10.,1.,5.));
#1252 = DIRECTION('',(-1.,0.,0.));
#1253 = DIRECTION('',(0.,-1.,0.));
#1254 = ORIENTED_EDGE('',*,*,#1255,.F.);
#1255 = EDGE_CURVE('',#1230,#1247,#1256,.T.);
#1256 = LINE('',#1257,#1258);
#1257 = CARTESIAN_POINT('',(132.,-2.2E-16,5.));
#1258 = VECTOR('',#1259,1.);
#1259 = DIRECTION('',(-1.,-0.,-0.));
#1260 = CYLINDRICAL_SURFACE('',#1261,1.);
#1261 = AXIS2_PLACEMENT_3D('',#1262,#1263,#1264);
#1262 = CARTESIAN_POINT('',(132.,1.,5.));
#1263 = DIRECTION('',(-1.,-0.,-0.));
#1264 = DIRECTION('',(0.,-1.,0.));
#1265 = ADVANCED_FACE('',(#1266),#1272,.F.);
#1266 = FACE_BOUND('',#1267,.F.);
#1267 = EDGE_LOOP('',(#1268,#1269,#1270,#1271));
#1268 = ORIENTED_EDGE('',*,*,#1122,.F.);
#1269 = ORIENTED_EDGE('',*,*,#399,.T.);
#1270 = ORIENTED_EDGE('',*,*,#1198,.T.);
#1271 = ORIENTED_EDGE('',*,*,#1142,.F.);
#1272 = PLANE('',#1273);
#1273 = AXIS2_PLACEMENT_3D('',#1274,#1275,#1276);
#1274 = CARTESIAN_POINT('',(0.,0.,6.));
#1275 = DIRECTION('',(1.,0.,0.));
#1276 = DIRECTION('',(0.,0.,1.));
#1277 = ADVANCED_FACE('',(#1278),#1321,.T.);
#1278 = FACE_BOUND('',#1279,.T.);
#1279 = EDGE_LOOP('',(#1280,#1289,#1290,#1298,#1306,#1315));
#1280 = ORIENTED_EDGE('',*,*,#1281,.T.);
#1281 = EDGE_CURVE('',#1282,#416,#1284,.T.);
#1282 = VERTEX_POINT('',#1283);
#1283 = CARTESIAN_POINT('',(0.,10.,5.));
#1284 = CIRCLE('',#1285,1.);
#1285 = AXIS2_PLACEMENT_3D('',#1286,#1287,#1288);
#1286 = CARTESIAN_POINT('',(1.,10.,5.));
#1287 = DIRECTION('',(0.,1.,-0.));
#1288 = DIRECTION('',(-1.,0.,0.));
#1289 = ORIENTED_EDGE('',*,*,#415,.T.);
#1290 = ORIENTED_EDGE('',*,*,#1291,.T.);
#1291 = EDGE_CURVE('',#408,#1292,#1294,.T.);
#1292 = VERTEX_POINT('',#1293);
#1293 = CARTESIAN_POINT('',(1.,84.,6.));
#1294 = LINE('',#1295,#1296);
#1295 = CARTESIAN_POINT('',(1.,10.,6.));
#1296 = VECTOR('',#1297,1.);
#1297 = DIRECTION('',(0.,1.,0.));
#1298 = ORIENTED_EDGE('',*,*,#1299,.T.);
#1299 = EDGE_CURVE('',#1292,#1300,#1302,.T.);
#1300 = VERTEX_POINT('',#1301);
#1301 = CARTESIAN_POINT('',(1.,90.,6.));
#1302 = LINE('',#1303,#1304);
#1303 = CARTESIAN_POINT('',(1.,10.,6.));
#1304 = VECTOR('',#1305,1.);
#1305 = DIRECTION('',(0.,1.,0.));
#1306 = ORIENTED_EDGE('',*,*,#1307,.F.);
#1307 = EDGE_CURVE('',#1308,#1300,#1310,.T.);
#1308 = VERTEX_POINT('',#1309);
#1309 = CARTESIAN_POINT('',(0.,90.,5.));
#1310 = CIRCLE('',#1311,1.);
#1311 = AXIS2_PLACEMENT_3D('',#1312,#1313,#1314);
#1312 = CARTESIAN_POINT('',(1.,90.,5.));
#1313 = DIRECTION('',(0.,1.,-0.));
#1314 = DIRECTION('',(-1.,0.,0.));
#1315 = ORIENTED_EDGE('',*,*,#1316,.F.);
#1316 = EDGE_CURVE('',#1282,#1308,#1317,.T.);
#1317 = LINE('',#1318,#1319);
#1318 = CARTESIAN_POINT('',(-2.2E-16,10.,5.));
#1319 = VECTOR('',#1320,1.);
#1320 = DIRECTION('',(0.,1.,0.));
#1321 = CYLINDRICAL_SURFACE('',#1322,1.);
#1322 = AXIS2_PLACEMENT_3D('',#1323,#1324,#1325);
#1323 = CARTESIAN_POINT('',(1.,10.,5.));
#1324 = DIRECTION('',(0.,1.,0.));
#1325 = DIRECTION('',(-1.,0.,0.));
#1326 = ADVANCED_FACE('',(#1327),#1339,.T.);
#1327 = FACE_BOUND('',#1328,.F.);
#1328 = EDGE_LOOP('',(#1329,#1330,#1337,#1338));
#1329 = ORIENTED_EDGE('',*,*,#1246,.F.);
#1330 = ORIENTED_EDGE('',*,*,#1331,.T.);
#1331 = EDGE_CURVE('',#1247,#1282,#1332,.T.);
#1332 = CIRCLE('',#1333,10.);
#1333 = AXIS2_PLACEMENT_3D('',#1334,#1335,#1336);
#1334 = CARTESIAN_POINT('',(10.,10.,5.));
#1335 = DIRECTION('',(-0.,0.,-1.));
#1336 = DIRECTION('',(-1.8E-16,-1.,0.));
#1337 = ORIENTED_EDGE('',*,*,#1281,.T.);
#1338 = ORIENTED_EDGE('',*,*,#423,.F.);
#1339 = TOROIDAL_SURFACE('',#1340,9.,1.);
#1340 = AXIS2_PLACEMENT_3D('',#1341,#1342,#1343);
#1341 = CARTESIAN_POINT('',(10.,10.,5.));
#1342 = DIRECTION('',(0.,0.,1.));
#1343 = DIRECTION('',(-1.8E-16,-1.,0.));
#1344 = ADVANCED_FACE('',(#1345,#1409),#1443,.T.);
#1345 = FACE_BOUND('',#1346,.T.);
#1346 = EDGE_LOOP('',(#1347,#1357,#1365,#1371,#1372,#1378,#1379,#1387,
    #1395,#1403));
#1347 = ORIENTED_EDGE('',*,*,#1348,.F.);
#1348 = EDGE_CURVE('',#1349,#1351,#1353,.T.);
#1349 = VERTEX_POINT('',#1350);
#1350 = CARTESIAN_POINT('',(16.,93.,8.));
#1351 = VERTEX_POINT('',#1352);
#1352 = CARTESIAN_POINT('',(16.6,93.,8.));
#1353 = LINE('',#1354,#1355);
#1354 = CARTESIAN_POINT('',(12.,93.,8.));
#1355 = VECTOR('',#1356,1.);
#1356 = DIRECTION('',(1.,0.,0.));
#1357 = ORIENTED_EDGE('',*,*,#1358,.T.);
#1358 = EDGE_CURVE('',#1349,#1359,#1361,.T.);
#1359 = VERTEX_POINT('',#1360);
#1360 = CARTESIAN_POINT('',(16.,92.,8.));
#1361 = LINE('',#1362,#1363);
#1362 = CARTESIAN_POINT('',(16.,19.19686935581,8.));
#1363 = VECTOR('',#1364,1.);
#1364 = DIRECTION('',(0.,-1.,0.));
#1365 = ORIENTED_EDGE('',*,*,#1366,.T.);
#1366 = EDGE_CURVE('',#1359,#948,#1367,.T.);
#1367 = LINE('',#1368,#1369);
#1368 = CARTESIAN_POINT('',(14.3,92.,8.));
#1369 = VECTOR('',#1370,1.);
#1370 = DIRECTION('',(1.,0.,0.));
#1371 = ORIENTED_EDGE('',*,*,#947,.F.);
#1372 = ORIENTED_EDGE('',*,*,#1373,.T.);
#1373 = EDGE_CURVE('',#940,#473,#1374,.T.);
#1374 = LINE('',#1375,#1376);
#1375 = CARTESIAN_POINT('',(15.3,2.,8.));
#1376 = VECTOR('',#1377,1.);
#1377 = DIRECTION('',(1.,0.,0.));
#1378 = ORIENTED_EDGE('',*,*,#472,.T.);
#1379 = ORIENTED_EDGE('',*,*,#1380,.T.);
#1380 = EDGE_CURVE('',#465,#1381,#1383,.T.);
#1381 = VERTEX_POINT('',#1382);
#1382 = CARTESIAN_POINT('',(22.6,93.,8.));
#1383 = LINE('',#1384,#1385);
#1384 = CARTESIAN_POINT('',(16.6,93.,8.));
#1385 = VECTOR('',#1386,1.);
#1386 = DIRECTION('',(1.,0.,0.));
#1387 = ORIENTED_EDGE('',*,*,#1388,.T.);
#1388 = EDGE_CURVE('',#1381,#1389,#1391,.T.);
#1389 = VERTEX_POINT('',#1390);
#1390 = CARTESIAN_POINT('',(22.6,99.,8.));
#1391 = LINE('',#1392,#1393);
#1392 = CARTESIAN_POINT('',(22.6,93.,8.));
#1393 = VECTOR('',#1394,1.);
#1394 = DIRECTION('',(0.,1.,0.));
#1395 = ORIENTED_EDGE('',*,*,#1396,.F.);
#1396 = EDGE_CURVE('',#1397,#1389,#1399,.T.);
#1397 = VERTEX_POINT('',#1398);
#1398 = CARTESIAN_POINT('',(16.6,99.,8.));
#1399 = LINE('',#1400,#1401);
#1400 = CARTESIAN_POINT('',(16.6,99.,8.));
#1401 = VECTOR('',#1402,1.);
#1402 = DIRECTION('',(1.,0.,0.));
#1403 = ORIENTED_EDGE('',*,*,#1404,.F.);
#1404 = EDGE_CURVE('',#1351,#1397,#1405,.T.);
#1405 = LINE('',#1406,#1407);
#1406 = CARTESIAN_POINT('',(16.6,93.,8.));
#1407 = VECTOR('',#1408,1.);
#1408 = DIRECTION('',(0.,1.,0.));
#1409 = FACE_BOUND('',#1410,.T.);
#1410 = EDGE_LOOP('',(#1411,#1421,#1429,#1437));
#1411 = ORIENTED_EDGE('',*,*,#1412,.F.);
#1412 = EDGE_CURVE('',#1413,#1415,#1417,.T.);
#1413 = VERTEX_POINT('',#1414);
#1414 = CARTESIAN_POINT('',(17.5,93.9,8.));
#1415 = VERTEX_POINT('',#1416);
#1416 = CARTESIAN_POINT('',(21.1,93.9,8.));
#1417 = LINE('',#1418,#1419);
#1418 = CARTESIAN_POINT('',(17.5,93.9,8.));
#1419 = VECTOR('',#1420,1.);
#1420 = DIRECTION('',(1.,0.,0.));
#1421 = ORIENTED_EDGE('',*,*,#1422,.T.);
#1422 = EDGE_CURVE('',#1413,#1423,#1425,.T.);
#1423 = VERTEX_POINT('',#1424);
#1424 = CARTESIAN_POINT('',(17.5,96.9,8.));
#1425 = LINE('',#1426,#1427);
#1426 = CARTESIAN_POINT('',(17.5,93.9,8.));
#1427 = VECTOR('',#1428,1.);
#1428 = DIRECTION('',(0.,1.,0.));
#1429 = ORIENTED_EDGE('',*,*,#1430,.T.);
#1430 = EDGE_CURVE('',#1423,#1431,#1433,.T.);
#1431 = VERTEX_POINT('',#1432);
#1432 = CARTESIAN_POINT('',(21.1,96.9,8.));
#1433 = LINE('',#1434,#1435);
#1434 = CARTESIAN_POINT('',(17.5,96.9,8.));
#1435 = VECTOR('',#1436,1.);
#1436 = DIRECTION('',(1.,0.,0.));
#1437 = ORIENTED_EDGE('',*,*,#1438,.F.);
#1438 = EDGE_CURVE('',#1415,#1431,#1439,.T.);
#1439 = LINE('',#1440,#1441);
#1440 = CARTESIAN_POINT('',(21.1,93.9,8.));
#1441 = VECTOR('',#1442,1.);
#1442 = DIRECTION('',(0.,1.,0.));
#1443 = PLANE('',#1444);
#1444 = AXIS2_PLACEMENT_3D('',#1445,#1446,#1447);
#1445 = CARTESIAN_POINT('',(20.01138996139,51.352316602317,8.));
#1446 = DIRECTION('',(0.,0.,1.));
#1447 = DIRECTION('',(1.,0.,0.));
#1448 = ADVANCED_FACE('',(#1449),#1467,.F.);
#1449 = FACE_BOUND('',#1450,.F.);
#1450 = EDGE_LOOP('',(#1451,#1459,#1460,#1461));
#1451 = ORIENTED_EDGE('',*,*,#1452,.F.);
#1452 = EDGE_CURVE('',#457,#1453,#1455,.T.);
#1453 = VERTEX_POINT('',#1454);
#1454 = CARTESIAN_POINT('',(22.6,93.,6.));
#1455 = LINE('',#1456,#1457);
#1456 = CARTESIAN_POINT('',(16.6,93.,6.));
#1457 = VECTOR('',#1458,1.);
#1458 = DIRECTION('',(1.,0.,0.));
#1459 = ORIENTED_EDGE('',*,*,#464,.T.);
#1460 = ORIENTED_EDGE('',*,*,#1380,.T.);
#1461 = ORIENTED_EDGE('',*,*,#1462,.F.);
#1462 = EDGE_CURVE('',#1453,#1381,#1463,.T.);
#1463 = LINE('',#1464,#1465);
#1464 = CARTESIAN_POINT('',(22.6,93.,6.));
#1465 = VECTOR('',#1466,1.);
#1466 = DIRECTION('',(0.,0.,1.));
#1467 = PLANE('',#1468);
#1468 = AXIS2_PLACEMENT_3D('',#1469,#1470,#1471);
#1469 = CARTESIAN_POINT('',(16.6,93.,6.));
#1470 = DIRECTION('',(0.,1.,0.));
#1471 = DIRECTION('',(0.,0.,1.));
#1472 = ADVANCED_FACE('',(#1473),#1484,.T.);
#1473 = FACE_BOUND('',#1474,.T.);
#1474 = EDGE_LOOP('',(#1475,#1476,#1477,#1478));
#1475 = ORIENTED_EDGE('',*,*,#440,.F.);
#1476 = ORIENTED_EDGE('',*,*,#1239,.F.);
#1477 = ORIENTED_EDGE('',*,*,#527,.T.);
#1478 = ORIENTED_EDGE('',*,*,#1479,.T.);
#1479 = EDGE_CURVE('',#528,#441,#1480,.T.);
#1480 = LINE('',#1481,#1482);
#1481 = CARTESIAN_POINT('',(8.,8.,6.));
#1482 = VECTOR('',#1483,1.);
#1483 = DIRECTION('',(-1.,0.,0.));
#1484 = PLANE('',#1485);
#1485 = AXIS2_PLACEMENT_3D('',#1486,#1487,#1488);
#1486 = CARTESIAN_POINT('',(0.,0.,6.));
#1487 = DIRECTION('',(0.,0.,1.));
#1488 = DIRECTION('',(1.,0.,0.));
#1489 = ADVANCED_FACE('',(#1490),#1515,.F.);
#1490 = FACE_BOUND('',#1491,.F.);
#1491 = EDGE_LOOP('',(#1492,#1500,#1508,#1514));
#1492 = ORIENTED_EDGE('',*,*,#1493,.T.);
#1493 = EDGE_CURVE('',#449,#1494,#1496,.T.);
#1494 = VERTEX_POINT('',#1495);
#1495 = CARTESIAN_POINT('',(16.,92.,6.));
#1496 = LINE('',#1497,#1498);
#1497 = CARTESIAN_POINT('',(8.,92.,6.));
#1498 = VECTOR('',#1499,1.);
#1499 = DIRECTION('',(-1.,0.,0.));
#1500 = ORIENTED_EDGE('',*,*,#1501,.T.);
#1501 = EDGE_CURVE('',#1494,#1502,#1504,.T.);
#1502 = VERTEX_POINT('',#1503);
#1503 = CARTESIAN_POINT('',(16.,8.,6.));
#1504 = LINE('',#1505,#1506);
#1505 = CARTESIAN_POINT('',(16.,19.19686935581,6.));
#1506 = VECTOR('',#1507,1.);
#1507 = DIRECTION('',(0.,-1.,0.));
#1508 = ORIENTED_EDGE('',*,*,#1509,.F.);
#1509 = EDGE_CURVE('',#441,#1502,#1510,.T.);
#1510 = LINE('',#1511,#1512);
#1511 = CARTESIAN_POINT('',(8.,8.,6.));
#1512 = VECTOR('',#1513,1.);
#1513 = DIRECTION('',(-1.,0.,0.));
#1514 = ORIENTED_EDGE('',*,*,#448,.T.);
#1515 = PLANE('',#1516);
#1516 = AXIS2_PLACEMENT_3D('',#1517,#1518,#1519);
#1517 = CARTESIAN_POINT('',(12.,0.,6.));
#1518 = DIRECTION('',(0.,0.,1.));
#1519 = DIRECTION('',(1.,0.,0.));
#1520 = ADVANCED_FACE('',(#1521),#1562,.T.);
#1521 = FACE_BOUND('',#1522,.T.);
#1522 = EDGE_LOOP('',(#1523,#1524,#1530,#1531,#1539,#1547,#1555,#1561));
#1523 = ORIENTED_EDGE('',*,*,#456,.F.);
#1524 = ORIENTED_EDGE('',*,*,#1525,.F.);
#1525 = EDGE_CURVE('',#536,#449,#1526,.T.);
#1526 = LINE('',#1527,#1528);
#1527 = CARTESIAN_POINT('',(8.,92.,6.));
#1528 = VECTOR('',#1529,1.);
#1529 = DIRECTION('',(-1.,0.,0.));
#1530 = ORIENTED_EDGE('',*,*,#543,.T.);
#1531 = ORIENTED_EDGE('',*,*,#1532,.F.);
#1532 = EDGE_CURVE('',#1533,#544,#1535,.T.);
#1533 = VERTEX_POINT('',#1534);
#1534 = CARTESIAN_POINT('',(119.4,93.,6.));
#1535 = LINE('',#1536,#1537);
#1536 = CARTESIAN_POINT('',(119.4,93.,6.));
#1537 = VECTOR('',#1538,1.);
#1538 = DIRECTION('',(1.,0.,0.));
#1539 = ORIENTED_EDGE('',*,*,#1540,.T.);
#1540 = EDGE_CURVE('',#1533,#1541,#1543,.T.);
#1541 = VERTEX_POINT('',#1542);
#1542 = CARTESIAN_POINT('',(119.4,99.,6.));
#1543 = LINE('',#1544,#1545);
#1544 = CARTESIAN_POINT('',(119.4,93.,6.));
#1545 = VECTOR('',#1546,1.);
#1546 = DIRECTION('',(0.,1.,0.));
#1547 = ORIENTED_EDGE('',*,*,#1548,.F.);
#1548 = EDGE_CURVE('',#1549,#1541,#1551,.T.);
#1549 = VERTEX_POINT('',#1550);
#1550 = CARTESIAN_POINT('',(22.6,99.,6.));
#1551 = LINE('',#1552,#1553);
#1552 = CARTESIAN_POINT('',(10.,99.,6.));
#1553 = VECTOR('',#1554,1.);
#1554 = DIRECTION('',(1.,0.,0.));
#1555 = ORIENTED_EDGE('',*,*,#1556,.F.);
#1556 = EDGE_CURVE('',#1453,#1549,#1557,.T.);
#1557 = LINE('',#1558,#1559);
#1558 = CARTESIAN_POINT('',(22.6,93.,6.));
#1559 = VECTOR('',#1560,1.);
#1560 = DIRECTION('',(0.,1.,0.));
#1561 = ORIENTED_EDGE('',*,*,#1452,.F.);
#1562 = PLANE('',#1563);
#1563 = AXIS2_PLACEMENT_3D('',#1564,#1565,#1566);
#1564 = CARTESIAN_POINT('',(0.,0.,6.));
#1565 = DIRECTION('',(0.,0.,1.));
#1566 = DIRECTION('',(1.,0.,0.));
#1567 = ADVANCED_FACE('',(#1568),#1581,.T.);
#1568 = FACE_BOUND('',#1569,.T.);
#1569 = EDGE_LOOP('',(#1570,#1571,#1572,#1573,#1574,#1580));
#1570 = ORIENTED_EDGE('',*,*,#1373,.F.);
#1571 = ORIENTED_EDGE('',*,*,#939,.T.);
#1572 = ORIENTED_EDGE('',*,*,#923,.T.);
#1573 = ORIENTED_EDGE('',*,*,#866,.F.);
#1574 = ORIENTED_EDGE('',*,*,#1575,.F.);
#1575 = EDGE_CURVE('',#497,#867,#1576,.T.);
#1576 = LINE('',#1577,#1578);
#1577 = CARTESIAN_POINT('',(15.3,2.,8.));
#1578 = VECTOR('',#1579,1.);
#1579 = DIRECTION('',(1.,0.,0.));
#1580 = ORIENTED_EDGE('',*,*,#504,.F.);
#1581 = PLANE('',#1582);
#1582 = AXIS2_PLACEMENT_3D('',#1583,#1584,#1585);
#1583 = CARTESIAN_POINT('',(15.3,2.,8.));
#1584 = DIRECTION('',(0.,1.,0.));
#1585 = DIRECTION('',(0.,0.,1.));
#1586 = ADVANCED_FACE('',(#1587,#1646),#1680,.T.);
#1587 = FACE_BOUND('',#1588,.T.);
#1588 = EDGE_LOOP('',(#1589,#1590,#1591,#1592,#1600,#1608,#1616,#1624,
    #1632,#1640));
#1589 = ORIENTED_EDGE('',*,*,#559,.F.);
#1590 = ORIENTED_EDGE('',*,*,#1575,.T.);
#1591 = ORIENTED_EDGE('',*,*,#874,.T.);
#1592 = ORIENTED_EDGE('',*,*,#1593,.T.);
#1593 = EDGE_CURVE('',#875,#1594,#1596,.T.);
#1594 = VERTEX_POINT('',#1595);
#1595 = CARTESIAN_POINT('',(126.,92.,8.));
#1596 = LINE('',#1597,#1598);
#1597 = CARTESIAN_POINT('',(124.2,92.,8.));
#1598 = VECTOR('',#1599,1.);
#1599 = DIRECTION('',(1.,0.,0.));
#1600 = ORIENTED_EDGE('',*,*,#1601,.T.);
#1601 = EDGE_CURVE('',#1594,#1602,#1604,.T.);
#1602 = VERTEX_POINT('',#1603);
#1603 = CARTESIAN_POINT('',(126.,93.,8.));
#1604 = LINE('',#1605,#1606);
#1605 = CARTESIAN_POINT('',(126.,19.19686935581,8.));
#1606 = VECTOR('',#1607,1.);
#1607 = DIRECTION('',(0.,1.,0.));
#1608 = ORIENTED_EDGE('',*,*,#1609,.F.);
#1609 = EDGE_CURVE('',#1610,#1602,#1612,.T.);
#1610 = VERTEX_POINT('',#1611);
#1611 = CARTESIAN_POINT('',(125.4,93.,8.));
#1612 = LINE('',#1613,#1614);
#1613 = CARTESIAN_POINT('',(119.6,93.,8.));
#1614 = VECTOR('',#1615,1.);
#1615 = DIRECTION('',(1.,0.,0.));
#1616 = ORIENTED_EDGE('',*,*,#1617,.T.);
#1617 = EDGE_CURVE('',#1610,#1618,#1620,.T.);
#1618 = VERTEX_POINT('',#1619);
#1619 = CARTESIAN_POINT('',(125.4,99.,8.));
#1620 = LINE('',#1621,#1622);
#1621 = CARTESIAN_POINT('',(125.4,93.,8.));
#1622 = VECTOR('',#1623,1.);
#1623 = DIRECTION('',(0.,1.,0.));
#1624 = ORIENTED_EDGE('',*,*,#1625,.F.);
#1625 = EDGE_CURVE('',#1626,#1618,#1628,.T.);
#1626 = VERTEX_POINT('',#1627);
#1627 = CARTESIAN_POINT('',(119.4,99.,8.));
#1628 = LINE('',#1629,#1630);
#1629 = CARTESIAN_POINT('',(119.4,99.,8.));
#1630 = VECTOR('',#1631,1.);
#1631 = DIRECTION('',(1.,0.,0.));
#1632 = ORIENTED_EDGE('',*,*,#1633,.F.);
#1633 = EDGE_CURVE('',#1634,#1626,#1636,.T.);
#1634 = VERTEX_POINT('',#1635);
#1635 = CARTESIAN_POINT('',(119.4,93.,8.));
#1636 = LINE('',#1637,#1638);
#1637 = CARTESIAN_POINT('',(119.4,93.,8.));
#1638 = VECTOR('',#1639,1.);
#1639 = DIRECTION('',(0.,1.,0.));
#1640 = ORIENTED_EDGE('',*,*,#1641,.T.);
#1641 = EDGE_CURVE('',#1634,#552,#1642,.T.);
#1642 = LINE('',#1643,#1644);
#1643 = CARTESIAN_POINT('',(119.4,93.,8.));
#1644 = VECTOR('',#1645,1.);
#1645 = DIRECTION('',(1.,0.,0.));
#1646 = FACE_BOUND('',#1647,.T.);
#1647 = EDGE_LOOP('',(#1648,#1658,#1666,#1674));
#1648 = ORIENTED_EDGE('',*,*,#1649,.F.);
#1649 = EDGE_CURVE('',#1650,#1652,#1654,.T.);
#1650 = VERTEX_POINT('',#1651);
#1651 = CARTESIAN_POINT('',(120.9,93.9,8.));
#1652 = VERTEX_POINT('',#1653);
#1653 = CARTESIAN_POINT('',(124.5,93.9,8.));
#1654 = LINE('',#1655,#1656);
#1655 = CARTESIAN_POINT('',(120.9,93.9,8.));
#1656 = VECTOR('',#1657,1.);
#1657 = DIRECTION('',(1.,0.,0.));
#1658 = ORIENTED_EDGE('',*,*,#1659,.T.);
#1659 = EDGE_CURVE('',#1650,#1660,#1662,.T.);
#1660 = VERTEX_POINT('',#1661);
#1661 = CARTESIAN_POINT('',(120.9,96.9,8.));
#1662 = LINE('',#1663,#1664);
#1663 = CARTESIAN_POINT('',(120.9,93.9,8.));
#1664 = VECTOR('',#1665,1.);
#1665 = DIRECTION('',(0.,1.,0.));
#1666 = ORIENTED_EDGE('',*,*,#1667,.T.);
#1667 = EDGE_CURVE('',#1660,#1668,#1670,.T.);
#1668 = VERTEX_POINT('',#1669);
#1669 = CARTESIAN_POINT('',(124.5,96.9,8.));
#1670 = LINE('',#1671,#1672);
#1671 = CARTESIAN_POINT('',(120.9,96.9,8.));
#1672 = VECTOR('',#1673,1.);
#1673 = DIRECTION('',(1.,0.,0.));
#1674 = ORIENTED_EDGE('',*,*,#1675,.F.);
#1675 = EDGE_CURVE('',#1652,#1668,#1676,.T.);
#1676 = LINE('',#1677,#1678);
#1677 = CARTESIAN_POINT('',(124.5,93.9,8.));
#1678 = VECTOR('',#1679,1.);
#1679 = DIRECTION('',(0.,1.,0.));
#1680 = PLANE('',#1681);
#1681 = AXIS2_PLACEMENT_3D('',#1682,#1683,#1684);
#1682 = CARTESIAN_POINT('',(121.98861003861,51.352316602317,8.));
#1683 = DIRECTION('',(0.,0.,1.));
#1684 = DIRECTION('',(1.,0.,0.));
#1685 = ADVANCED_FACE('',(#1686),#1697,.F.);
#1686 = FACE_BOUND('',#1687,.F.);
#1687 = EDGE_LOOP('',(#1688,#1689,#1695,#1696));
#1688 = ORIENTED_EDGE('',*,*,#1532,.F.);
#1689 = ORIENTED_EDGE('',*,*,#1690,.T.);
#1690 = EDGE_CURVE('',#1533,#1634,#1691,.T.);
#1691 = LINE('',#1692,#1693);
#1692 = CARTESIAN_POINT('',(119.4,93.,6.));
#1693 = VECTOR('',#1694,1.);
#1694 = DIRECTION('',(0.,0.,1.));
#1695 = ORIENTED_EDGE('',*,*,#1641,.T.);
#1696 = ORIENTED_EDGE('',*,*,#551,.F.);
#1697 = PLANE('',#1698);
#1698 = AXIS2_PLACEMENT_3D('',#1699,#1700,#1701);
#1699 = CARTESIAN_POINT('',(119.4,93.,6.));
#1700 = DIRECTION('',(0.,1.,0.));
#1701 = DIRECTION('',(0.,0.,1.));
#1702 = ADVANCED_FACE('',(#1703),#1728,.F.);
#1703 = FACE_BOUND('',#1704,.F.);
#1704 = EDGE_LOOP('',(#1705,#1706,#1714,#1722));
#1705 = ORIENTED_EDGE('',*,*,#535,.F.);
#1706 = ORIENTED_EDGE('',*,*,#1707,.F.);
#1707 = EDGE_CURVE('',#1708,#528,#1710,.T.);
#1708 = VERTEX_POINT('',#1709);
#1709 = CARTESIAN_POINT('',(126.,8.,6.));
#1710 = LINE('',#1711,#1712);
#1711 = CARTESIAN_POINT('',(8.,8.,6.));
#1712 = VECTOR('',#1713,1.);
#1713 = DIRECTION('',(-1.,0.,0.));
#1714 = ORIENTED_EDGE('',*,*,#1715,.T.);
#1715 = EDGE_CURVE('',#1708,#1716,#1718,.T.);
#1716 = VERTEX_POINT('',#1717);
#1717 = CARTESIAN_POINT('',(126.,92.,6.));
#1718 = LINE('',#1719,#1720);
#1719 = CARTESIAN_POINT('',(126.,19.19686935581,6.));
#1720 = VECTOR('',#1721,1.);
#1721 = DIRECTION('',(0.,1.,0.));
#1722 = ORIENTED_EDGE('',*,*,#1723,.T.);
#1723 = EDGE_CURVE('',#1716,#536,#1724,.T.);
#1724 = LINE('',#1725,#1726);
#1725 = CARTESIAN_POINT('',(8.,92.,6.));
#1726 = VECTOR('',#1727,1.);
#1727 = DIRECTION('',(-1.,0.,0.));
#1728 = PLANE('',#1729);
#1729 = AXIS2_PLACEMENT_3D('',#1730,#1731,#1732);
#1730 = CARTESIAN_POINT('',(119.6,0.,6.));
#1731 = DIRECTION('',(0.,0.,1.));
#1732 = DIRECTION('',(1.,0.,0.));
#1733 = ADVANCED_FACE('',(#1734),#1754,.T.);
#1734 = FACE_BOUND('',#1735,.F.);
#1735 = EDGE_LOOP('',(#1736,#1745,#1752,#1753));
#1736 = ORIENTED_EDGE('',*,*,#1737,.F.);
#1737 = EDGE_CURVE('',#1738,#594,#1740,.T.);
#1738 = VERTEX_POINT('',#1739);
#1739 = CARTESIAN_POINT('',(142.,10.,5.));
#1740 = CIRCLE('',#1741,1.);
#1741 = AXIS2_PLACEMENT_3D('',#1742,#1743,#1744);
#1742 = CARTESIAN_POINT('',(141.,10.,5.));
#1743 = DIRECTION('',(0.,-1.,0.));
#1744 = DIRECTION('',(1.,0.,0.));
#1745 = ORIENTED_EDGE('',*,*,#1746,.T.);
#1746 = EDGE_CURVE('',#1738,#1230,#1747,.T.);
#1747 = CIRCLE('',#1748,10.);
#1748 = AXIS2_PLACEMENT_3D('',#1749,#1750,#1751);
#1749 = CARTESIAN_POINT('',(132.,10.,5.));
#1750 = DIRECTION('',(0.,0.,-1.));
#1751 = DIRECTION('',(1.,0.,0.));
#1752 = ORIENTED_EDGE('',*,*,#1229,.T.);
#1753 = ORIENTED_EDGE('',*,*,#593,.F.);
#1754 = TOROIDAL_SURFACE('',#1755,9.,1.);
#1755 = AXIS2_PLACEMENT_3D('',#1756,#1757,#1758);
#1756 = CARTESIAN_POINT('',(132.,10.,5.));
#1757 = DIRECTION('',(0.,0.,1.));
#1758 = DIRECTION('',(1.,0.,0.));
#1759 = ADVANCED_FACE('',(#1760),#1795,.T.);
#1760 = FACE_BOUND('',#1761,.T.);
#1761 = EDGE_LOOP('',(#1762,#1773,#1781,#1787,#1788,#1789));
#1762 = ORIENTED_EDGE('',*,*,#1763,.T.);
#1763 = EDGE_CURVE('',#1764,#1766,#1768,.T.);
#1764 = VERTEX_POINT('',#1765);
#1765 = CARTESIAN_POINT('',(142.,90.,5.));
#1766 = VERTEX_POINT('',#1767);
#1767 = CARTESIAN_POINT('',(141.,90.,6.));
#1768 = CIRCLE('',#1769,1.);
#1769 = AXIS2_PLACEMENT_3D('',#1770,#1771,#1772);
#1770 = CARTESIAN_POINT('',(141.,90.,5.));
#1771 = DIRECTION('',(6.E-17,-1.,0.));
#1772 = DIRECTION('',(1.,6.E-17,0.));
#1773 = ORIENTED_EDGE('',*,*,#1774,.T.);
#1774 = EDGE_CURVE('',#1766,#1775,#1777,.T.);
#1775 = VERTEX_POINT('',#1776);
#1776 = CARTESIAN_POINT('',(141.,84.,6.));
#1777 = LINE('',#1778,#1779);
#1778 = CARTESIAN_POINT('',(141.,90.,6.));
#1779 = VECTOR('',#1780,1.);
#1780 = DIRECTION('',(-0.,-1.,-0.));
#1781 = ORIENTED_EDGE('',*,*,#1782,.T.);
#1782 = EDGE_CURVE('',#1775,#603,#1783,.T.);
#1783 = LINE('',#1784,#1785);
#1784 = CARTESIAN_POINT('',(141.,90.,6.));
#1785 = VECTOR('',#1786,1.);
#1786 = DIRECTION('',(-0.,-1.,-0.));
#1787 = ORIENTED_EDGE('',*,*,#602,.T.);
#1788 = ORIENTED_EDGE('',*,*,#1737,.F.);
#1789 = ORIENTED_EDGE('',*,*,#1790,.F.);
#1790 = EDGE_CURVE('',#1764,#1738,#1791,.T.);
#1791 = LINE('',#1792,#1793);
#1792 = CARTESIAN_POINT('',(142.,90.,5.));
#1793 = VECTOR('',#1794,1.);
#1794 = DIRECTION('',(-0.,-1.,-0.));
#1795 = CYLINDRICAL_SURFACE('',#1796,1.);
#1796 = AXIS2_PLACEMENT_3D('',#1797,#1798,#1799);
#1797 = CARTESIAN_POINT('',(141.,90.,5.));
#1798 = DIRECTION('',(-0.,-1.,-0.));
#1799 = DIRECTION('',(1.,0.,0.));
#1800 = ADVANCED_FACE('',(#1801),#1850,.T.);
#1801 = FACE_BOUND('',#1802,.T.);
#1802 = EDGE_LOOP('',(#1803,#1811,#1817,#1818,#1826,#1834,#1842,#1848,
    #1849));
#1803 = ORIENTED_EDGE('',*,*,#1804,.T.);
#1804 = EDGE_CURVE('',#693,#1805,#1807,.T.);
#1805 = VERTEX_POINT('',#1806);
#1806 = CARTESIAN_POINT('',(142.,16.,59.));
#1807 = LINE('',#1808,#1809);
#1808 = CARTESIAN_POINT('',(126.,16.,59.));
#1809 = VECTOR('',#1810,1.);
#1810 = DIRECTION('',(1.,0.,0.));
#1811 = ORIENTED_EDGE('',*,*,#1812,.F.);
#1812 = EDGE_CURVE('',#611,#1805,#1813,.T.);
#1813 = LINE('',#1814,#1815);
#1814 = CARTESIAN_POINT('',(142.,16.,6.));
#1815 = VECTOR('',#1816,1.);
#1816 = DIRECTION('',(0.,0.,1.));
#1817 = ORIENTED_EDGE('',*,*,#610,.F.);
#1818 = ORIENTED_EDGE('',*,*,#1819,.F.);
#1819 = EDGE_CURVE('',#1820,#603,#1822,.T.);
#1820 = VERTEX_POINT('',#1821);
#1821 = CARTESIAN_POINT('',(130.,16.,6.));
#1822 = LINE('',#1823,#1824);
#1823 = CARTESIAN_POINT('',(126.,16.,6.));
#1824 = VECTOR('',#1825,1.);
#1825 = DIRECTION('',(1.,0.,0.));
#1826 = ORIENTED_EDGE('',*,*,#1827,.F.);
#1827 = EDGE_CURVE('',#1828,#1820,#1830,.T.);
#1828 = VERTEX_POINT('',#1829);
#1829 = CARTESIAN_POINT('',(130.,16.,8.));
#1830 = LINE('',#1831,#1832);
#1831 = CARTESIAN_POINT('',(130.,16.,6.));
#1832 = VECTOR('',#1833,1.);
#1833 = DIRECTION('',(0.,0.,-1.));
#1834 = ORIENTED_EDGE('',*,*,#1835,.F.);
#1835 = EDGE_CURVE('',#1836,#1828,#1838,.T.);
#1836 = VERTEX_POINT('',#1837);
#1837 = CARTESIAN_POINT('',(127.7,16.,8.));
#1838 = LINE('',#1839,#1840);
#1839 = CARTESIAN_POINT('',(122.8,16.,8.));
#1840 = VECTOR('',#1841,1.);
#1841 = DIRECTION('',(1.,0.,0.));
#1842 = ORIENTED_EDGE('',*,*,#1843,.F.);
#1843 = EDGE_CURVE('',#740,#1836,#1844,.T.);
#1844 = LINE('',#1845,#1846);
#1845 = CARTESIAN_POINT('',(127.7,16.,7.));
#1846 = VECTOR('',#1847,1.);
#1847 = DIRECTION('',(0.,0.,-1.));
#1848 = ORIENTED_EDGE('',*,*,#739,.F.);
#1849 = ORIENTED_EDGE('',*,*,#690,.T.);
#1850 = PLANE('',#1851);
#1851 = AXIS2_PLACEMENT_3D('',#1852,#1853,#1854);
#1852 = CARTESIAN_POINT('',(126.,16.,6.));
#1853 = DIRECTION('',(0.,1.,0.));
#1854 = DIRECTION('',(0.,0.,1.));
#1855 = ADVANCED_FACE('',(#1856),#1867,.T.);
#1856 = FACE_BOUND('',#1857,.T.);
#1857 = EDGE_LOOP('',(#1858,#1859,#1860,#1861));
#1858 = ORIENTED_EDGE('',*,*,#632,.F.);
#1859 = ORIENTED_EDGE('',*,*,#618,.T.);
#1860 = ORIENTED_EDGE('',*,*,#1812,.T.);
#1861 = ORIENTED_EDGE('',*,*,#1862,.F.);
#1862 = EDGE_CURVE('',#633,#1805,#1863,.T.);
#1863 = LINE('',#1864,#1865);
#1864 = CARTESIAN_POINT('',(142.,10.,59.));
#1865 = VECTOR('',#1866,1.);
#1866 = DIRECTION('',(0.,1.,0.));
#1867 = PLANE('',#1868);
#1868 = AXIS2_PLACEMENT_3D('',#1869,#1870,#1871);
#1869 = CARTESIAN_POINT('',(142.,0.,6.));
#1870 = DIRECTION('',(1.,0.,0.));
#1871 = DIRECTION('',(0.,0.,1.));
#1872 = ADVANCED_FACE('',(#1873),#1893,.T.);
#1873 = FACE_BOUND('',#1874,.T.);
#1874 = EDGE_LOOP('',(#1875,#1876,#1877,#1886));
#1875 = ORIENTED_EDGE('',*,*,#674,.F.);
#1876 = ORIENTED_EDGE('',*,*,#642,.T.);
#1877 = ORIENTED_EDGE('',*,*,#1878,.T.);
#1878 = EDGE_CURVE('',#633,#1879,#1881,.T.);
#1879 = VERTEX_POINT('',#1880);
#1880 = CARTESIAN_POINT('',(141.,10.,60.));
#1881 = CIRCLE('',#1882,1.);
#1882 = AXIS2_PLACEMENT_3D('',#1883,#1884,#1885);
#1883 = CARTESIAN_POINT('',(141.,10.,59.));
#1884 = DIRECTION('',(-6.E-17,-1.,0.));
#1885 = DIRECTION('',(1.,-6.E-17,0.));
#1886 = ORIENTED_EDGE('',*,*,#1887,.F.);
#1887 = EDGE_CURVE('',#667,#1879,#1888,.T.);
#1888 = CIRCLE('',#1889,9.);
#1889 = AXIS2_PLACEMENT_3D('',#1890,#1891,#1892);
#1890 = CARTESIAN_POINT('',(132.,10.,60.));
#1891 = DIRECTION('',(-0.,0.,1.));
#1892 = DIRECTION('',(0.,-1.,0.));
#1893 = TOROIDAL_SURFACE('',#1894,9.,1.);
#1894 = AXIS2_PLACEMENT_3D('',#1895,#1896,#1897);
#1895 = CARTESIAN_POINT('',(132.,10.,59.));
#1896 = DIRECTION('',(0.,0.,1.));
#1897 = DIRECTION('',(0.,-1.,0.));
#1898 = ADVANCED_FACE('',(#1899),#1918,.T.);
#1899 = FACE_BOUND('',#1900,.F.);
#1900 = EDGE_LOOP('',(#1901,#1902,#1903,#1912));
#1901 = ORIENTED_EDGE('',*,*,#657,.F.);
#1902 = ORIENTED_EDGE('',*,*,#707,.T.);
#1903 = ORIENTED_EDGE('',*,*,#1904,.F.);
#1904 = EDGE_CURVE('',#1905,#693,#1907,.T.);
#1905 = VERTEX_POINT('',#1906);
#1906 = CARTESIAN_POINT('',(127.,15.,60.));
#1907 = ELLIPSE('',#1908,1.414213562373,1.);
#1908 = AXIS2_PLACEMENT_3D('',#1909,#1910,#1911);
#1909 = CARTESIAN_POINT('',(127.,15.,59.));
#1910 = DIRECTION('',(-0.707106781187,-0.707106781187,0.));
#1911 = DIRECTION('',(0.707106781187,-0.707106781187,0.));
#1912 = ORIENTED_EDGE('',*,*,#1913,.F.);
#1913 = EDGE_CURVE('',#658,#1905,#1914,.T.);
#1914 = LINE('',#1915,#1916);
#1915 = CARTESIAN_POINT('',(127.,0.,60.));
#1916 = VECTOR('',#1917,1.);
#1917 = DIRECTION('',(0.,1.,0.));
#1918 = CYLINDRICAL_SURFACE('',#1919,1.);
#1919 = AXIS2_PLACEMENT_3D('',#1920,#1921,#1922);
#1920 = CARTESIAN_POINT('',(127.,0.,59.));
#1921 = DIRECTION('',(0.,1.,0.));
#1922 = DIRECTION('',(0.,0.,1.));
#1923 = ADVANCED_FACE('',(#1924,#1943),#1954,.T.);
#1924 = FACE_BOUND('',#1925,.T.);
#1925 = EDGE_LOOP('',(#1926,#1927,#1928,#1936,#1942));
#1926 = ORIENTED_EDGE('',*,*,#666,.T.);
#1927 = ORIENTED_EDGE('',*,*,#1887,.T.);
#1928 = ORIENTED_EDGE('',*,*,#1929,.T.);
#1929 = EDGE_CURVE('',#1879,#1930,#1932,.T.);
#1930 = VERTEX_POINT('',#1931);
#1931 = CARTESIAN_POINT('',(141.,15.,60.));
#1932 = LINE('',#1933,#1934);
#1933 = CARTESIAN_POINT('',(141.,10.,60.));
#1934 = VECTOR('',#1935,1.);
#1935 = DIRECTION('',(0.,1.,0.));
#1936 = ORIENTED_EDGE('',*,*,#1937,.F.);
#1937 = EDGE_CURVE('',#1905,#1930,#1938,.T.);
#1938 = LINE('',#1939,#1940);
#1939 = CARTESIAN_POINT('',(126.,15.,60.));
#1940 = VECTOR('',#1941,1.);
#1941 = DIRECTION('',(1.,0.,0.));
#1942 = ORIENTED_EDGE('',*,*,#1913,.F.);
#1943 = FACE_BOUND('',#1944,.T.);
#1944 = EDGE_LOOP('',(#1945));
#1945 = ORIENTED_EDGE('',*,*,#1946,.F.);
#1946 = EDGE_CURVE('',#1947,#1947,#1949,.T.);
#1947 = VERTEX_POINT('',#1948);
#1948 = CARTESIAN_POINT('',(137.4,8.,60.));
#1949 = CIRCLE('',#1950,3.4);
#1950 = AXIS2_PLACEMENT_3D('',#1951,#1952,#1953);
#1951 = CARTESIAN_POINT('',(134.,8.,60.));
#1952 = DIRECTION('',(0.,0.,1.));
#1953 = DIRECTION('',(1.,0.,0.));
#1954 = PLANE('',#1955);
#1955 = AXIS2_PLACEMENT_3D('',#1956,#1957,#1958);
#1956 = CARTESIAN_POINT('',(126.,0.,60.));
#1957 = DIRECTION('',(0.,0.,1.));
#1958 = DIRECTION('',(1.,0.,0.));
#1959 = ADVANCED_FACE('',(#1960),#1971,.T.);
#1960 = FACE_BOUND('',#1961,.T.);
#1961 = EDGE_LOOP('',(#1962,#1963,#1969,#1970));
#1962 = ORIENTED_EDGE('',*,*,#721,.T.);
#1963 = ORIENTED_EDGE('',*,*,#1964,.T.);
#1964 = EDGE_CURVE('',#724,#818,#1965,.T.);
#1965 = LINE('',#1966,#1967);
#1966 = CARTESIAN_POINT('',(122.9,92.,14.233387096774));
#1967 = VECTOR('',#1968,1.);
#1968 = DIRECTION('',(0.,0.,-1.));
#1969 = ORIENTED_EDGE('',*,*,#817,.F.);
#1970 = ORIENTED_EDGE('',*,*,#802,.T.);
#1971 = PLANE('',#1972);
#1972 = AXIS2_PLACEMENT_3D('',#1973,#1974,#1975);
#1973 = CARTESIAN_POINT('',(124.95741935483,92.,13.566774193548));
#1974 = DIRECTION('',(0.,1.,0.));
#1975 = DIRECTION('',(0.,0.,1.));
#1976 = ADVANCED_FACE('',(#1977),#1988,.T.);
#1977 = FACE_BOUND('',#1978,.T.);
#1978 = EDGE_LOOP('',(#1979,#1985,#1986,#1987));
#1979 = ORIENTED_EDGE('',*,*,#1980,.F.);
#1980 = EDGE_CURVE('',#836,#772,#1981,.T.);
#1981 = LINE('',#1982,#1983);
#1982 = CARTESIAN_POINT('',(122.9,83.7,14.9));
#1983 = VECTOR('',#1984,1.);
#1984 = DIRECTION('',(0.,0.,1.));
#1985 = ORIENTED_EDGE('',*,*,#843,.T.);
#1986 = ORIENTED_EDGE('',*,*,#1964,.F.);
#1987 = ORIENTED_EDGE('',*,*,#779,.F.);
#1988 = PLANE('',#1989);
#1989 = AXIS2_PLACEMENT_3D('',#1990,#1991,#1992);
#1990 = CARTESIAN_POINT('',(122.9,83.7,14.9));
#1991 = DIRECTION('',(1.,0.,0.));
#1992 = DIRECTION('',(0.,0.,1.));
#1993 = ADVANCED_FACE('',(#1994),#2014,.T.);
#1994 = FACE_BOUND('',#1995,.T.);
#1995 = EDGE_LOOP('',(#1996,#2004,#2005,#2006,#2007,#2008));
#1996 = ORIENTED_EDGE('',*,*,#1997,.F.);
#1997 = EDGE_CURVE('',#891,#1998,#2000,.T.);
#1998 = VERTEX_POINT('',#1999);
#1999 = CARTESIAN_POINT('',(124.5,83.7,14.9));
#2000 = LINE('',#2001,#2002);
#2001 = CARTESIAN_POINT('',(122.9,83.7,14.9));
#2002 = VECTOR('',#2003,1.);
#2003 = DIRECTION('',(1.,0.,0.));
#2004 = ORIENTED_EDGE('',*,*,#898,.T.);
#2005 = ORIENTED_EDGE('',*,*,#835,.T.);
#2006 = ORIENTED_EDGE('',*,*,#1980,.T.);
#2007 = ORIENTED_EDGE('',*,*,#771,.F.);
#2008 = ORIENTED_EDGE('',*,*,#2009,.F.);
#2009 = EDGE_CURVE('',#1998,#764,#2010,.T.);
#2010 = LINE('',#2011,#2012);
#2011 = CARTESIAN_POINT('',(124.5,83.7,14.9));
#2012 = VECTOR('',#2013,1.);
#2013 = DIRECTION('',(0.,0.,1.));
#2014 = PLANE('',#2015);
#2015 = AXIS2_PLACEMENT_3D('',#2016,#2017,#2018);
#2016 = CARTESIAN_POINT('',(122.9,83.7,14.9));
#2017 = DIRECTION('',(0.,1.,0.));
#2018 = DIRECTION('',(0.,0.,1.));
#2019 = ADVANCED_FACE('',(#2020),#2038,.F.);
#2020 = FACE_BOUND('',#2021,.F.);
#2021 = EDGE_LOOP('',(#2022,#2023,#2031,#2037));
#2022 = ORIENTED_EDGE('',*,*,#2009,.F.);
#2023 = ORIENTED_EDGE('',*,*,#2024,.T.);
#2024 = EDGE_CURVE('',#1998,#2025,#2027,.T.);
#2025 = VERTEX_POINT('',#2026);
#2026 = CARTESIAN_POINT('',(124.5,92.,14.9));
#2027 = LINE('',#2028,#2029);
#2028 = CARTESIAN_POINT('',(124.5,83.7,14.9));
#2029 = VECTOR('',#2030,1.);
#2030 = DIRECTION('',(0.,1.,0.));
#2031 = ORIENTED_EDGE('',*,*,#2032,.F.);
#2032 = EDGE_CURVE('',#756,#2025,#2033,.T.);
#2033 = LINE('',#2034,#2035);
#2034 = CARTESIAN_POINT('',(124.5,92.,14.233387096774));
#2035 = VECTOR('',#2036,1.);
#2036 = DIRECTION('',(0.,0.,-1.));
#2037 = ORIENTED_EDGE('',*,*,#763,.F.);
#2038 = PLANE('',#2039);
#2039 = AXIS2_PLACEMENT_3D('',#2040,#2041,#2042);
#2040 = CARTESIAN_POINT('',(124.5,83.7,14.9));
#2041 = DIRECTION('',(1.,0.,0.));
#2042 = DIRECTION('',(0.,0.,1.));
#2043 = ADVANCED_FACE('',(#2044),#2078,.T.);
#2044 = FACE_BOUND('',#2045,.T.);
#2045 = EDGE_LOOP('',(#2046,#2054,#2062,#2068,#2069,#2070,#2076,#2077));
#2046 = ORIENTED_EDGE('',*,*,#2047,.F.);
#2047 = EDGE_CURVE('',#2048,#748,#2050,.T.);
#2048 = VERTEX_POINT('',#2049);
#2049 = CARTESIAN_POINT('',(127.7,92.,13.1));
#2050 = LINE('',#2051,#2052);
#2051 = CARTESIAN_POINT('',(127.7,92.,8.));
#2052 = VECTOR('',#2053,1.);
#2053 = DIRECTION('',(0.,0.,1.));
#2054 = ORIENTED_EDGE('',*,*,#2055,.T.);
#2055 = EDGE_CURVE('',#2048,#2056,#2058,.T.);
#2056 = VERTEX_POINT('',#2057);
#2057 = CARTESIAN_POINT('',(126.,92.,13.1));
#2058 = LINE('',#2059,#2060);
#2059 = CARTESIAN_POINT('',(124.95,92.,13.1));
#2060 = VECTOR('',#2061,1.);
#2061 = DIRECTION('',(-1.,0.,0.));
#2062 = ORIENTED_EDGE('',*,*,#2063,.T.);
#2063 = EDGE_CURVE('',#2056,#1594,#2064,.T.);
#2064 = LINE('',#2065,#2066);
#2065 = CARTESIAN_POINT('',(126.,92.,11.938305237809));
#2066 = VECTOR('',#2067,1.);
#2067 = DIRECTION('',(0.,0.,-1.));
#2068 = ORIENTED_EDGE('',*,*,#1593,.F.);
#2069 = ORIENTED_EDGE('',*,*,#882,.T.);
#2070 = ORIENTED_EDGE('',*,*,#2071,.T.);
#2071 = EDGE_CURVE('',#883,#2025,#2072,.T.);
#2072 = LINE('',#2073,#2074);
#2073 = CARTESIAN_POINT('',(123.92870967741,92.,14.9));
#2074 = VECTOR('',#2075,1.);
#2075 = DIRECTION('',(1.,0.,0.));
#2076 = ORIENTED_EDGE('',*,*,#2032,.F.);
#2077 = ORIENTED_EDGE('',*,*,#755,.T.);
#2078 = PLANE('',#2079);
#2079 = AXIS2_PLACEMENT_3D('',#2080,#2081,#2082);
#2080 = CARTESIAN_POINT('',(124.95741935483,92.,13.566774193548));
#2081 = DIRECTION('',(0.,1.,0.));
#2082 = DIRECTION('',(0.,0.,1.));
#2083 = ADVANCED_FACE('',(#2084),#2111,.T.);
#2084 = FACE_BOUND('',#2085,.T.);
#2085 = EDGE_LOOP('',(#2086,#2087,#2095,#2103,#2109,#2110));
#2086 = ORIENTED_EDGE('',*,*,#1843,.T.);
#2087 = ORIENTED_EDGE('',*,*,#2088,.T.);
#2088 = EDGE_CURVE('',#1836,#2089,#2091,.T.);
#2089 = VERTEX_POINT('',#2090);
#2090 = CARTESIAN_POINT('',(127.7,84.,8.));
#2091 = LINE('',#2092,#2093);
#2092 = CARTESIAN_POINT('',(127.7,0.,8.));
#2093 = VECTOR('',#2094,1.);
#2094 = DIRECTION('',(0.,1.,0.));
#2095 = ORIENTED_EDGE('',*,*,#2096,.F.);
#2096 = EDGE_CURVE('',#2097,#2089,#2099,.T.);
#2097 = VERTEX_POINT('',#2098);
#2098 = CARTESIAN_POINT('',(127.7,84.,13.1));
#2099 = LINE('',#2100,#2101);
#2100 = CARTESIAN_POINT('',(127.7,84.,7.));
#2101 = VECTOR('',#2102,1.);
#2102 = DIRECTION('',(0.,0.,-1.));
#2103 = ORIENTED_EDGE('',*,*,#2104,.T.);
#2104 = EDGE_CURVE('',#2097,#2048,#2105,.T.);
#2105 = LINE('',#2106,#2107);
#2106 = CARTESIAN_POINT('',(127.7,41.85,13.1));
#2107 = VECTOR('',#2108,1.);
#2108 = DIRECTION('',(0.,1.,0.));
#2109 = ORIENTED_EDGE('',*,*,#2047,.T.);
#2110 = ORIENTED_EDGE('',*,*,#747,.F.);
#2111 = PLANE('',#2112);
#2112 = AXIS2_PLACEMENT_3D('',#2113,#2114,#2115);
#2113 = CARTESIAN_POINT('',(127.7,53.76112412178,12.93887587822));
#2114 = DIRECTION('',(1.,0.,0.));
#2115 = DIRECTION('',(0.,0.,1.));
#2116 = ADVANCED_FACE('',(#2117),#2123,.T.);
#2117 = FACE_BOUND('',#2118,.T.);
#2118 = EDGE_LOOP('',(#2119,#2120,#2121,#2122));
#2119 = ORIENTED_EDGE('',*,*,#890,.T.);
#2120 = ORIENTED_EDGE('',*,*,#1997,.T.);
#2121 = ORIENTED_EDGE('',*,*,#2024,.T.);
#2122 = ORIENTED_EDGE('',*,*,#2071,.F.);
#2123 = PLANE('',#2124);
#2124 = AXIS2_PLACEMENT_3D('',#2125,#2126,#2127);
#2125 = CARTESIAN_POINT('',(122.9,83.7,14.9));
#2126 = DIRECTION('',(0.,0.,1.));
#2127 = DIRECTION('',(1.,0.,0.));
#2128 = ADVANCED_FACE('',(#2129),#2154,.T.);
#2129 = FACE_BOUND('',#2130,.T.);
#2130 = EDGE_LOOP('',(#2131,#2139,#2145,#2146,#2152,#2153));
#2131 = ORIENTED_EDGE('',*,*,#2132,.F.);
#2132 = EDGE_CURVE('',#2133,#964,#2135,.T.);
#2133 = VERTEX_POINT('',#2134);
#2134 = CARTESIAN_POINT('',(17.5,83.7,14.9));
#2135 = LINE('',#2136,#2137);
#2136 = CARTESIAN_POINT('',(17.5,83.7,14.9));
#2137 = VECTOR('',#2138,1.);
#2138 = DIRECTION('',(1.,0.,0.));
#2139 = ORIENTED_EDGE('',*,*,#2140,.T.);
#2140 = EDGE_CURVE('',#2133,#1093,#2141,.T.);
#2141 = LINE('',#2142,#2143);
#2142 = CARTESIAN_POINT('',(17.5,83.7,14.9));
#2143 = VECTOR('',#2144,1.);
#2144 = DIRECTION('',(0.,0.,1.));
#2145 = ORIENTED_EDGE('',*,*,#1092,.F.);
#2146 = ORIENTED_EDGE('',*,*,#2147,.F.);
#2147 = EDGE_CURVE('',#994,#1085,#2148,.T.);
#2148 = LINE('',#2149,#2150);
#2149 = CARTESIAN_POINT('',(19.1,83.7,14.9));
#2150 = VECTOR('',#2151,1.);
#2151 = DIRECTION('',(0.,0.,1.));
#2152 = ORIENTED_EDGE('',*,*,#993,.T.);
#2153 = ORIENTED_EDGE('',*,*,#971,.F.);
#2154 = PLANE('',#2155);
#2155 = AXIS2_PLACEMENT_3D('',#2156,#2157,#2158);
#2156 = CARTESIAN_POINT('',(17.5,83.7,14.9));
#2157 = DIRECTION('',(0.,1.,0.));
#2158 = DIRECTION('',(0.,0.,1.));
#2159 = ADVANCED_FACE('',(#2160),#2178,.T.);
#2160 = FACE_BOUND('',#2161,.T.);
#2161 = EDGE_LOOP('',(#2162,#2170,#2171,#2172));
#2162 = ORIENTED_EDGE('',*,*,#2163,.F.);
#2163 = EDGE_CURVE('',#2133,#2164,#2166,.T.);
#2164 = VERTEX_POINT('',#2165);
#2165 = CARTESIAN_POINT('',(17.5,92.,14.9));
#2166 = LINE('',#2167,#2168);
#2167 = CARTESIAN_POINT('',(17.5,83.7,14.9));
#2168 = VECTOR('',#2169,1.);
#2169 = DIRECTION('',(0.,1.,0.));
#2170 = ORIENTED_EDGE('',*,*,#2132,.T.);
#2171 = ORIENTED_EDGE('',*,*,#963,.F.);
#2172 = ORIENTED_EDGE('',*,*,#2173,.F.);
#2173 = EDGE_CURVE('',#2164,#956,#2174,.T.);
#2174 = LINE('',#2175,#2176);
#2175 = CARTESIAN_POINT('',(17.271290322581,92.,14.9));
#2176 = VECTOR('',#2177,1.);
#2177 = DIRECTION('',(1.,0.,0.));
#2178 = PLANE('',#2179);
#2179 = AXIS2_PLACEMENT_3D('',#2180,#2181,#2182);
#2180 = CARTESIAN_POINT('',(17.5,83.7,14.9));
#2181 = DIRECTION('',(0.,0.,1.));
#2182 = DIRECTION('',(1.,0.,0.));
#2183 = ADVANCED_FACE('',(#2184),#2218,.T.);
#2184 = FACE_BOUND('',#2185,.T.);
#2185 = EDGE_LOOP('',(#2186,#2187,#2195,#2203,#2209,#2210,#2216,#2217));
#2186 = ORIENTED_EDGE('',*,*,#1366,.F.);
#2187 = ORIENTED_EDGE('',*,*,#2188,.T.);
#2188 = EDGE_CURVE('',#1359,#2189,#2191,.T.);
#2189 = VERTEX_POINT('',#2190);
#2190 = CARTESIAN_POINT('',(16.,92.,13.1));
#2191 = LINE('',#2192,#2193);
#2192 = CARTESIAN_POINT('',(16.,92.,11.938305237809));
#2193 = VECTOR('',#2194,1.);
#2194 = DIRECTION('',(0.,0.,1.));
#2195 = ORIENTED_EDGE('',*,*,#2196,.T.);
#2196 = EDGE_CURVE('',#2189,#2197,#2199,.T.);
#2197 = VERTEX_POINT('',#2198);
#2198 = CARTESIAN_POINT('',(14.3,92.,13.1));
#2199 = LINE('',#2200,#2201);
#2200 = CARTESIAN_POINT('',(13.5,92.,13.1));
#2201 = VECTOR('',#2202,1.);
#2202 = DIRECTION('',(-1.,0.,0.));
#2203 = ORIENTED_EDGE('',*,*,#2204,.T.);
#2204 = EDGE_CURVE('',#2197,#1060,#2205,.T.);
#2205 = LINE('',#2206,#2207);
#2206 = CARTESIAN_POINT('',(14.3,92.,8.));
#2207 = VECTOR('',#2208,1.);
#2208 = DIRECTION('',(0.,0.,1.));
#2209 = ORIENTED_EDGE('',*,*,#1108,.T.);
#2210 = ORIENTED_EDGE('',*,*,#2211,.T.);
#2211 = EDGE_CURVE('',#1101,#2164,#2212,.T.);
#2212 = LINE('',#2213,#2214);
#2213 = CARTESIAN_POINT('',(17.5,92.,14.233387096774));
#2214 = VECTOR('',#2215,1.);
#2215 = DIRECTION('',(0.,0.,-1.));
#2216 = ORIENTED_EDGE('',*,*,#2173,.T.);
#2217 = ORIENTED_EDGE('',*,*,#955,.F.);
#2218 = PLANE('',#2219);
#2219 = AXIS2_PLACEMENT_3D('',#2220,#2221,#2222);
#2220 = CARTESIAN_POINT('',(17.042580645161,92.,13.566774193548));
#2221 = DIRECTION('',(0.,1.,0.));
#2222 = DIRECTION('',(0.,0.,1.));
#2223 = ADVANCED_FACE('',(#2224),#2235,.F.);
#2224 = FACE_BOUND('',#2225,.F.);
#2225 = EDGE_LOOP('',(#2226,#2227,#2228,#2234));
#2226 = ORIENTED_EDGE('',*,*,#2147,.F.);
#2227 = ORIENTED_EDGE('',*,*,#1019,.T.);
#2228 = ORIENTED_EDGE('',*,*,#2229,.F.);
#2229 = EDGE_CURVE('',#1077,#1012,#2230,.T.);
#2230 = LINE('',#2231,#2232);
#2231 = CARTESIAN_POINT('',(19.1,92.,14.233387096774));
#2232 = VECTOR('',#2233,1.);
#2233 = DIRECTION('',(0.,0.,-1.));
#2234 = ORIENTED_EDGE('',*,*,#1084,.F.);
#2235 = PLANE('',#2236);
#2236 = AXIS2_PLACEMENT_3D('',#2237,#2238,#2239);
#2237 = CARTESIAN_POINT('',(19.1,83.7,14.9));
#2238 = DIRECTION('',(1.,0.,0.));
#2239 = DIRECTION('',(0.,0.,1.));
#2240 = ADVANCED_FACE('',(#2241),#2247,.T.);
#2241 = FACE_BOUND('',#2242,.T.);
#2242 = EDGE_LOOP('',(#2243,#2244,#2245,#2246));
#2243 = ORIENTED_EDGE('',*,*,#1011,.F.);
#2244 = ORIENTED_EDGE('',*,*,#2229,.F.);
#2245 = ORIENTED_EDGE('',*,*,#1076,.T.);
#2246 = ORIENTED_EDGE('',*,*,#1035,.F.);
#2247 = PLANE('',#2248);
#2248 = AXIS2_PLACEMENT_3D('',#2249,#2250,#2251);
#2249 = CARTESIAN_POINT('',(17.042580645161,92.,13.566774193548));
#2250 = DIRECTION('',(0.,1.,0.));
#2251 = DIRECTION('',(0.,0.,1.));
#2252 = ADVANCED_FACE('',(#2253),#2280,.T.);
#2253 = FACE_BOUND('',#2254,.T.);
#2254 = EDGE_LOOP('',(#2255,#2256,#2257,#2258,#2266,#2274));
#2255 = ORIENTED_EDGE('',*,*,#1207,.F.);
#2256 = ORIENTED_EDGE('',*,*,#1057,.T.);
#2257 = ORIENTED_EDGE('',*,*,#2204,.F.);
#2258 = ORIENTED_EDGE('',*,*,#2259,.F.);
#2259 = EDGE_CURVE('',#2260,#2197,#2262,.T.);
#2260 = VERTEX_POINT('',#2261);
#2261 = CARTESIAN_POINT('',(14.3,84.,13.1));
#2262 = LINE('',#2263,#2264);
#2263 = CARTESIAN_POINT('',(14.3,41.85,13.1));
#2264 = VECTOR('',#2265,1.);
#2265 = DIRECTION('',(0.,1.,0.));
#2266 = ORIENTED_EDGE('',*,*,#2267,.T.);
#2267 = EDGE_CURVE('',#2260,#2268,#2270,.T.);
#2268 = VERTEX_POINT('',#2269);
#2269 = CARTESIAN_POINT('',(14.3,84.,8.));
#2270 = LINE('',#2271,#2272);
#2271 = CARTESIAN_POINT('',(14.3,84.,7.));
#2272 = VECTOR('',#2273,1.);
#2273 = DIRECTION('',(0.,0.,-1.));
#2274 = ORIENTED_EDGE('',*,*,#2275,.F.);
#2275 = EDGE_CURVE('',#1208,#2268,#2276,.T.);
#2276 = LINE('',#2277,#2278);
#2277 = CARTESIAN_POINT('',(14.3,0.,8.));
#2278 = VECTOR('',#2279,1.);
#2279 = DIRECTION('',(0.,1.,0.));
#2280 = PLANE('',#2281);
#2281 = AXIS2_PLACEMENT_3D('',#2282,#2283,#2284);
#2282 = CARTESIAN_POINT('',(14.3,53.76112412178,12.93887587822));
#2283 = DIRECTION('',(-1.,-0.,-0.));
#2284 = DIRECTION('',(0.,0.,-1.));
#2285 = ADVANCED_FACE('',(#2286),#2292,.T.);
#2286 = FACE_BOUND('',#2287,.T.);
#2287 = EDGE_LOOP('',(#2288,#2289,#2290,#2291));
#2288 = ORIENTED_EDGE('',*,*,#2140,.F.);
#2289 = ORIENTED_EDGE('',*,*,#2163,.T.);
#2290 = ORIENTED_EDGE('',*,*,#2211,.F.);
#2291 = ORIENTED_EDGE('',*,*,#1100,.F.);
#2292 = PLANE('',#2293);
#2293 = AXIS2_PLACEMENT_3D('',#2294,#2295,#2296);
#2294 = CARTESIAN_POINT('',(17.5,83.7,14.9));
#2295 = DIRECTION('',(1.,0.,0.));
#2296 = DIRECTION('',(0.,0.,1.));
#2297 = ADVANCED_FACE('',(#2298),#2317,.T.);
#2298 = FACE_BOUND('',#2299,.T.);
#2299 = EDGE_LOOP('',(#2300,#2308,#2309,#2310));
#2300 = ORIENTED_EDGE('',*,*,#2301,.F.);
#2301 = EDGE_CURVE('',#1157,#2302,#2304,.T.);
#2302 = VERTEX_POINT('',#2303);
#2303 = CARTESIAN_POINT('',(10.8,8.,65.5));
#2304 = LINE('',#2305,#2306);
#2305 = CARTESIAN_POINT('',(11.4,8.,64.9));
#2306 = VECTOR('',#2307,1.);
#2307 = DIRECTION('',(-0.707106781187,0.,0.707106781187));
#2308 = ORIENTED_EDGE('',*,*,#1164,.T.);
#2309 = ORIENTED_EDGE('',*,*,#2301,.T.);
#2310 = ORIENTED_EDGE('',*,*,#2311,.F.);
#2311 = EDGE_CURVE('',#2302,#2302,#2312,.T.);
#2312 = CIRCLE('',#2313,2.8);
#2313 = AXIS2_PLACEMENT_3D('',#2314,#2315,#2316);
#2314 = CARTESIAN_POINT('',(8.,8.,65.5));
#2315 = DIRECTION('',(0.,0.,1.));
#2316 = DIRECTION('',(1.,0.,0.));
#2317 = CONICAL_SURFACE('',#2318,3.4,0.785398163397);
#2318 = AXIS2_PLACEMENT_3D('',#2319,#2320,#2321);
#2319 = CARTESIAN_POINT('',(8.,8.,64.9));
#2320 = DIRECTION('',(-0.,-0.,-1.));
#2321 = DIRECTION('',(1.,0.,0.));
#2322 = ADVANCED_FACE('',(#2323),#2348,.F.);
#2323 = FACE_BOUND('',#2324,.F.);
#2324 = EDGE_LOOP('',(#2325,#2333,#2334,#2342));
#2325 = ORIENTED_EDGE('',*,*,#2326,.F.);
#2326 = EDGE_CURVE('',#1182,#2327,#2329,.T.);
#2327 = VERTEX_POINT('',#2328);
#2328 = CARTESIAN_POINT('',(12.,84.,8.));
#2329 = LINE('',#2330,#2331);
#2330 = CARTESIAN_POINT('',(12.,0.,8.));
#2331 = VECTOR('',#2332,1.);
#2332 = DIRECTION('',(0.,1.,0.));
#2333 = ORIENTED_EDGE('',*,*,#1181,.T.);
#2334 = ORIENTED_EDGE('',*,*,#2335,.T.);
#2335 = EDGE_CURVE('',#1184,#2336,#2338,.T.);
#2336 = VERTEX_POINT('',#2337);
#2337 = CARTESIAN_POINT('',(12.,84.,6.));
#2338 = LINE('',#2339,#2340);
#2339 = CARTESIAN_POINT('',(12.,0.,6.));
#2340 = VECTOR('',#2341,1.);
#2341 = DIRECTION('',(0.,1.,0.));
#2342 = ORIENTED_EDGE('',*,*,#2343,.F.);
#2343 = EDGE_CURVE('',#2327,#2336,#2344,.T.);
#2344 = LINE('',#2345,#2346);
#2345 = CARTESIAN_POINT('',(12.,84.,6.));
#2346 = VECTOR('',#2347,1.);
#2347 = DIRECTION('',(0.,0.,-1.));
#2348 = PLANE('',#2349);
#2349 = AXIS2_PLACEMENT_3D('',#2350,#2351,#2352);
#2350 = CARTESIAN_POINT('',(12.,0.,6.));
#2351 = DIRECTION('',(1.,0.,0.));
#2352 = DIRECTION('',(0.,0.,1.));
#2353 = ADVANCED_FACE('',(#2354),#2365,.T.);
#2354 = FACE_BOUND('',#2355,.T.);
#2355 = EDGE_LOOP('',(#2356,#2357,#2358,#2359));
#2356 = ORIENTED_EDGE('',*,*,#2326,.F.);
#2357 = ORIENTED_EDGE('',*,*,#1215,.T.);
#2358 = ORIENTED_EDGE('',*,*,#2275,.T.);
#2359 = ORIENTED_EDGE('',*,*,#2360,.F.);
#2360 = EDGE_CURVE('',#2327,#2268,#2361,.T.);
#2361 = LINE('',#2362,#2363);
#2362 = CARTESIAN_POINT('',(6.,84.,8.));
#2363 = VECTOR('',#2364,1.);
#2364 = DIRECTION('',(1.,0.,0.));
#2365 = PLANE('',#2366);
#2366 = AXIS2_PLACEMENT_3D('',#2367,#2368,#2369);
#2367 = CARTESIAN_POINT('',(12.,0.,8.));
#2368 = DIRECTION('',(0.,0.,1.));
#2369 = DIRECTION('',(1.,0.,0.));
#2370 = ADVANCED_FACE('',(#2371),#2382,.T.);
#2371 = FACE_BOUND('',#2372,.T.);
#2372 = EDGE_LOOP('',(#2373,#2374,#2375,#2376));
#2373 = ORIENTED_EDGE('',*,*,#1291,.F.);
#2374 = ORIENTED_EDGE('',*,*,#1191,.T.);
#2375 = ORIENTED_EDGE('',*,*,#2335,.T.);
#2376 = ORIENTED_EDGE('',*,*,#2377,.F.);
#2377 = EDGE_CURVE('',#1292,#2336,#2378,.T.);
#2378 = LINE('',#2379,#2380);
#2379 = CARTESIAN_POINT('',(0.,84.,6.));
#2380 = VECTOR('',#2381,1.);
#2381 = DIRECTION('',(1.,0.,0.));
#2382 = PLANE('',#2383);
#2383 = AXIS2_PLACEMENT_3D('',#2384,#2385,#2386);
#2384 = CARTESIAN_POINT('',(0.,0.,6.));
#2385 = DIRECTION('',(0.,0.,1.));
#2386 = DIRECTION('',(1.,0.,0.));
#2387 = ADVANCED_FACE('',(#2388),#2413,.F.);
#2388 = FACE_BOUND('',#2389,.F.);
#2389 = EDGE_LOOP('',(#2390,#2398,#2399,#2407));
#2390 = ORIENTED_EDGE('',*,*,#2391,.T.);
#2391 = EDGE_CURVE('',#2392,#1247,#2394,.T.);
#2392 = VERTEX_POINT('',#2393);
#2393 = CARTESIAN_POINT('',(10.,0.,1.));
#2394 = LINE('',#2395,#2396);
#2395 = CARTESIAN_POINT('',(10.,-1.78E-15,0.));
#2396 = VECTOR('',#2397,1.);
#2397 = DIRECTION('',(0.,0.,1.));
#2398 = ORIENTED_EDGE('',*,*,#1255,.F.);
#2399 = ORIENTED_EDGE('',*,*,#2400,.F.);
#2400 = EDGE_CURVE('',#2401,#1230,#2403,.T.);
#2401 = VERTEX_POINT('',#2402);
#2402 = CARTESIAN_POINT('',(132.,-2.E-15,1.));
#2403 = LINE('',#2404,#2405);
#2404 = CARTESIAN_POINT('',(132.,-1.78E-15,0.));
#2405 = VECTOR('',#2406,1.);
#2406 = DIRECTION('',(0.,0.,1.));
#2407 = ORIENTED_EDGE('',*,*,#2408,.T.);
#2408 = EDGE_CURVE('',#2401,#2392,#2409,.T.);
#2409 = LINE('',#2410,#2411);
#2410 = CARTESIAN_POINT('',(132.,-2.2E-16,1.));
#2411 = VECTOR('',#2412,1.);
#2412 = DIRECTION('',(-1.,-0.,-0.));
#2413 = PLANE('',#2414);
#2414 = AXIS2_PLACEMENT_3D('',#2415,#2416,#2417);
#2415 = CARTESIAN_POINT('',(0.,0.,0.));
#2416 = DIRECTION('',(0.,1.,0.));
#2417 = DIRECTION('',(0.,0.,1.));
#2418 = ADVANCED_FACE('',(#2419),#2444,.F.);
#2419 = FACE_BOUND('',#2420,.F.);
#2420 = EDGE_LOOP('',(#2421,#2429,#2437,#2443));
#2421 = ORIENTED_EDGE('',*,*,#2422,.F.);
#2422 = EDGE_CURVE('',#2423,#1282,#2425,.T.);
#2423 = VERTEX_POINT('',#2424);
#2424 = CARTESIAN_POINT('',(0.,10.,1.));
#2425 = LINE('',#2426,#2427);
#2426 = CARTESIAN_POINT('',(-1.78E-15,10.,0.));
#2427 = VECTOR('',#2428,1.);
#2428 = DIRECTION('',(0.,0.,1.));
#2429 = ORIENTED_EDGE('',*,*,#2430,.T.);
#2430 = EDGE_CURVE('',#2423,#2431,#2433,.T.);
#2431 = VERTEX_POINT('',#2432);
#2432 = CARTESIAN_POINT('',(0.,90.,1.));
#2433 = LINE('',#2434,#2435);
#2434 = CARTESIAN_POINT('',(-2.2E-16,10.,1.));
#2435 = VECTOR('',#2436,1.);
#2436 = DIRECTION('',(0.,1.,0.));
#2437 = ORIENTED_EDGE('',*,*,#2438,.T.);
#2438 = EDGE_CURVE('',#2431,#1308,#2439,.T.);
#2439 = LINE('',#2440,#2441);
#2440 = CARTESIAN_POINT('',(-1.78E-15,90.,0.));
#2441 = VECTOR('',#2442,1.);
#2442 = DIRECTION('',(0.,0.,1.));
#2443 = ORIENTED_EDGE('',*,*,#1316,.F.);
#2444 = PLANE('',#2445);
#2445 = AXIS2_PLACEMENT_3D('',#2446,#2447,#2448);
#2446 = CARTESIAN_POINT('',(0.,0.,0.));
#2447 = DIRECTION('',(1.,0.,0.));
#2448 = DIRECTION('',(0.,0.,1.));
#2449 = ADVANCED_FACE('',(#2450),#2509,.F.);
#2450 = FACE_BOUND('',#2451,.F.);
#2451 = EDGE_LOOP('',(#2452,#2463,#2471,#2477,#2478,#2487,#2495,#2503));
#2452 = ORIENTED_EDGE('',*,*,#2453,.F.);
#2453 = EDGE_CURVE('',#2454,#2456,#2458,.T.);
#2454 = VERTEX_POINT('',#2455);
#2455 = CARTESIAN_POINT('',(-2.E-15,90.,6.));
#2456 = VERTEX_POINT('',#2457);
#2457 = CARTESIAN_POINT('',(10.,100.,6.));
#2458 = CIRCLE('',#2459,10.);
#2459 = AXIS2_PLACEMENT_3D('',#2460,#2461,#2462);
#2460 = CARTESIAN_POINT('',(10.,90.,6.));
#2461 = DIRECTION('',(-0.,-0.,-1.));
#2462 = DIRECTION('',(0.,-1.,0.));
#2463 = ORIENTED_EDGE('',*,*,#2464,.F.);
#2464 = EDGE_CURVE('',#2465,#2454,#2467,.T.);
#2465 = VERTEX_POINT('',#2466);
#2466 = CARTESIAN_POINT('',(0.,84.,6.));
#2467 = LINE('',#2468,#2469);
#2468 = CARTESIAN_POINT('',(0.,84.,6.));
#2469 = VECTOR('',#2470,1.);
#2470 = DIRECTION('',(0.,1.,0.));
#2471 = ORIENTED_EDGE('',*,*,#2472,.T.);
#2472 = EDGE_CURVE('',#2465,#1292,#2473,.T.);
#2473 = LINE('',#2474,#2475);
#2474 = CARTESIAN_POINT('',(0.,84.,6.));
#2475 = VECTOR('',#2476,1.);
#2476 = DIRECTION('',(1.,0.,0.));
#2477 = ORIENTED_EDGE('',*,*,#1299,.T.);
#2478 = ORIENTED_EDGE('',*,*,#2479,.T.);
#2479 = EDGE_CURVE('',#1300,#2480,#2482,.T.);
#2480 = VERTEX_POINT('',#2481);
#2481 = CARTESIAN_POINT('',(10.,99.,6.));
#2482 = CIRCLE('',#2483,9.);
#2483 = AXIS2_PLACEMENT_3D('',#2484,#2485,#2486);
#2484 = CARTESIAN_POINT('',(10.,90.,6.));
#2485 = DIRECTION('',(0.,0.,-1.));
#2486 = DIRECTION('',(-1.,0.,0.));
#2487 = ORIENTED_EDGE('',*,*,#2488,.T.);
#2488 = EDGE_CURVE('',#2480,#2489,#2491,.T.);
#2489 = VERTEX_POINT('',#2490);
#2490 = CARTESIAN_POINT('',(16.,99.,6.));
#2491 = LINE('',#2492,#2493);
#2492 = CARTESIAN_POINT('',(10.,99.,6.));
#2493 = VECTOR('',#2494,1.);
#2494 = DIRECTION('',(1.,0.,0.));
#2495 = ORIENTED_EDGE('',*,*,#2496,.T.);
#2496 = EDGE_CURVE('',#2489,#2497,#2499,.T.);
#2497 = VERTEX_POINT('',#2498);
#2498 = CARTESIAN_POINT('',(16.,100.,6.));
#2499 = LINE('',#2500,#2501);
#2500 = CARTESIAN_POINT('',(16.,84.,6.));
#2501 = VECTOR('',#2502,1.);
#2502 = DIRECTION('',(0.,1.,0.));
#2503 = ORIENTED_EDGE('',*,*,#2504,.F.);
#2504 = EDGE_CURVE('',#2456,#2497,#2505,.T.);
#2505 = LINE('',#2506,#2507);
#2506 = CARTESIAN_POINT('',(0.,100.,6.));
#2507 = VECTOR('',#2508,1.);
#2508 = DIRECTION('',(1.,0.,0.));
#2509 = PLANE('',#2510);
#2510 = AXIS2_PLACEMENT_3D('',#2511,#2512,#2513);
#2511 = CARTESIAN_POINT('',(0.,84.,6.));
#2512 = DIRECTION('',(0.,0.,1.));
#2513 = DIRECTION('',(1.,0.,0.));
#2514 = ADVANCED_FACE('',(#2515),#2535,.T.);
#2515 = FACE_BOUND('',#2516,.F.);
#2516 = EDGE_LOOP('',(#2517,#2518,#2527,#2534));
#2517 = ORIENTED_EDGE('',*,*,#1307,.F.);
#2518 = ORIENTED_EDGE('',*,*,#2519,.T.);
#2519 = EDGE_CURVE('',#1308,#2520,#2522,.T.);
#2520 = VERTEX_POINT('',#2521);
#2521 = CARTESIAN_POINT('',(10.,100.,5.));
#2522 = CIRCLE('',#2523,10.);
#2523 = AXIS2_PLACEMENT_3D('',#2524,#2525,#2526);
#2524 = CARTESIAN_POINT('',(10.,90.,5.));
#2525 = DIRECTION('',(0.,0.,-1.));
#2526 = DIRECTION('',(-1.,0.,0.));
#2527 = ORIENTED_EDGE('',*,*,#2528,.T.);
#2528 = EDGE_CURVE('',#2520,#2480,#2529,.T.);
#2529 = CIRCLE('',#2530,1.);
#2530 = AXIS2_PLACEMENT_3D('',#2531,#2532,#2533);
#2531 = CARTESIAN_POINT('',(10.,99.,5.));
#2532 = DIRECTION('',(1.,6.E-17,-0.));
#2533 = DIRECTION('',(-6.E-17,1.,0.));
#2534 = ORIENTED_EDGE('',*,*,#2479,.F.);
#2535 = TOROIDAL_SURFACE('',#2536,9.,1.);
#2536 = AXIS2_PLACEMENT_3D('',#2537,#2538,#2539);
#2537 = CARTESIAN_POINT('',(10.,90.,5.));
#2538 = DIRECTION('',(0.,0.,1.));
#2539 = DIRECTION('',(-1.,0.,0.));
#2540 = ADVANCED_FACE('',(#2541),#2553,.T.);
#2541 = FACE_BOUND('',#2542,.T.);
#2542 = EDGE_LOOP('',(#2543,#2544,#2551,#2552));
#2543 = ORIENTED_EDGE('',*,*,#2422,.F.);
#2544 = ORIENTED_EDGE('',*,*,#2545,.F.);
#2545 = EDGE_CURVE('',#2392,#2423,#2546,.T.);
#2546 = CIRCLE('',#2547,10.);
#2547 = AXIS2_PLACEMENT_3D('',#2548,#2549,#2550);
#2548 = CARTESIAN_POINT('',(10.,10.,1.));
#2549 = DIRECTION('',(-0.,0.,-1.));
#2550 = DIRECTION('',(-1.8E-16,-1.,0.));
#2551 = ORIENTED_EDGE('',*,*,#2391,.T.);
#2552 = ORIENTED_EDGE('',*,*,#1331,.T.);
#2553 = CYLINDRICAL_SURFACE('',#2554,10.);
#2554 = AXIS2_PLACEMENT_3D('',#2555,#2556,#2557);
#2555 = CARTESIAN_POINT('',(10.,10.,0.));
#2556 = DIRECTION('',(0.,0.,1.));
#2557 = DIRECTION('',(-1.,0.,0.));
#2558 = ADVANCED_FACE('',(#2559),#2584,.T.);
#2559 = FACE_BOUND('',#2560,.T.);
#2560 = EDGE_LOOP('',(#2561,#2569,#2577,#2583));
#2561 = ORIENTED_EDGE('',*,*,#2562,.F.);
#2562 = EDGE_CURVE('',#2563,#1351,#2565,.T.);
#2563 = VERTEX_POINT('',#2564);
#2564 = CARTESIAN_POINT('',(16.6,93.,6.));
#2565 = LINE('',#2566,#2567);
#2566 = CARTESIAN_POINT('',(16.6,93.,6.));
#2567 = VECTOR('',#2568,1.);
#2568 = DIRECTION('',(0.,0.,1.));
#2569 = ORIENTED_EDGE('',*,*,#2570,.F.);
#2570 = EDGE_CURVE('',#2571,#2563,#2573,.T.);
#2571 = VERTEX_POINT('',#2572);
#2572 = CARTESIAN_POINT('',(16.,93.,6.));
#2573 = LINE('',#2574,#2575);
#2574 = CARTESIAN_POINT('',(12.,93.,6.));
#2575 = VECTOR('',#2576,1.);
#2576 = DIRECTION('',(1.,0.,0.));
#2577 = ORIENTED_EDGE('',*,*,#2578,.T.);
#2578 = EDGE_CURVE('',#2571,#1349,#2579,.T.);
#2579 = LINE('',#2580,#2581);
#2580 = CARTESIAN_POINT('',(16.,93.,10.938305237809));
#2581 = VECTOR('',#2582,1.);
#2582 = DIRECTION('',(0.,0.,1.));
#2583 = ORIENTED_EDGE('',*,*,#1348,.T.);
#2584 = PLANE('',#2585);
#2585 = AXIS2_PLACEMENT_3D('',#2586,#2587,#2588);
#2586 = CARTESIAN_POINT('',(12.,93.,6.));
#2587 = DIRECTION('',(0.,1.,0.));
#2588 = DIRECTION('',(0.,0.,1.));
#2589 = ADVANCED_FACE('',(#2590),#2616,.T.);
#2590 = FACE_BOUND('',#2591,.T.);
#2591 = EDGE_LOOP('',(#2592,#2593,#2599,#2600,#2608,#2614,#2615));
#2592 = ORIENTED_EDGE('',*,*,#2578,.F.);
#2593 = ORIENTED_EDGE('',*,*,#2594,.T.);
#2594 = EDGE_CURVE('',#2571,#2489,#2595,.T.);
#2595 = LINE('',#2596,#2597);
#2596 = CARTESIAN_POINT('',(16.,84.,6.));
#2597 = VECTOR('',#2598,1.);
#2598 = DIRECTION('',(0.,1.,0.));
#2599 = ORIENTED_EDGE('',*,*,#2496,.T.);
#2600 = ORIENTED_EDGE('',*,*,#2601,.T.);
#2601 = EDGE_CURVE('',#2497,#2602,#2604,.T.);
#2602 = VERTEX_POINT('',#2603);
#2603 = CARTESIAN_POINT('',(16.,100.,13.1));
#2604 = LINE('',#2605,#2606);
#2605 = CARTESIAN_POINT('',(16.,100.,6.));
#2606 = VECTOR('',#2607,1.);
#2607 = DIRECTION('',(0.,0.,1.));
#2608 = ORIENTED_EDGE('',*,*,#2609,.F.);
#2609 = EDGE_CURVE('',#2189,#2602,#2610,.T.);
#2610 = LINE('',#2611,#2612);
#2611 = CARTESIAN_POINT('',(16.,83.7,13.1));
#2612 = VECTOR('',#2613,1.);
#2613 = DIRECTION('',(0.,1.,0.));
#2614 = ORIENTED_EDGE('',*,*,#2188,.F.);
#2615 = ORIENTED_EDGE('',*,*,#1358,.F.);
#2616 = PLANE('',#2617);
#2617 = AXIS2_PLACEMENT_3D('',#2618,#2619,#2620);
#2618 = CARTESIAN_POINT('',(16.,38.39373871162,15.876610475617));
#2619 = DIRECTION('',(1.,0.,0.));
#2620 = DIRECTION('',(0.,0.,1.));
#2621 = ADVANCED_FACE('',(#2622),#2640,.F.);
#2622 = FACE_BOUND('',#2623,.F.);
#2623 = EDGE_LOOP('',(#2624,#2625,#2633,#2639));
#2624 = ORIENTED_EDGE('',*,*,#2562,.F.);
#2625 = ORIENTED_EDGE('',*,*,#2626,.T.);
#2626 = EDGE_CURVE('',#2563,#2627,#2629,.T.);
#2627 = VERTEX_POINT('',#2628);
#2628 = CARTESIAN_POINT('',(16.6,99.,6.));
#2629 = LINE('',#2630,#2631);
#2630 = CARTESIAN_POINT('',(16.6,93.,6.));
#2631 = VECTOR('',#2632,1.);
#2632 = DIRECTION('',(0.,1.,0.));
#2633 = ORIENTED_EDGE('',*,*,#2634,.T.);
#2634 = EDGE_CURVE('',#2627,#1397,#2635,.T.);
#2635 = LINE('',#2636,#2637);
#2636 = CARTESIAN_POINT('',(16.6,99.,6.));
#2637 = VECTOR('',#2638,1.);
#2638 = DIRECTION('',(0.,0.,1.));
#2639 = ORIENTED_EDGE('',*,*,#1404,.F.);
#2640 = PLANE('',#2641);
#2641 = AXIS2_PLACEMENT_3D('',#2642,#2643,#2644);
#2642 = CARTESIAN_POINT('',(16.6,93.,6.));
#2643 = DIRECTION('',(1.,0.,0.));
#2644 = DIRECTION('',(0.,0.,1.));
#2645 = ADVANCED_FACE('',(#2646),#2662,.T.);
#2646 = FACE_BOUND('',#2647,.T.);
#2647 = EDGE_LOOP('',(#2648,#2654,#2655,#2656));
#2648 = ORIENTED_EDGE('',*,*,#2649,.F.);
#2649 = EDGE_CURVE('',#2627,#1549,#2650,.T.);
#2650 = LINE('',#2651,#2652);
#2651 = CARTESIAN_POINT('',(10.,99.,6.));
#2652 = VECTOR('',#2653,1.);
#2653 = DIRECTION('',(1.,0.,0.));
#2654 = ORIENTED_EDGE('',*,*,#2634,.T.);
#2655 = ORIENTED_EDGE('',*,*,#1396,.T.);
#2656 = ORIENTED_EDGE('',*,*,#2657,.F.);
#2657 = EDGE_CURVE('',#1549,#1389,#2658,.T.);
#2658 = LINE('',#2659,#2660);
#2659 = CARTESIAN_POINT('',(22.6,99.,6.));
#2660 = VECTOR('',#2661,1.);
#2661 = DIRECTION('',(0.,0.,1.));
#2662 = PLANE('',#2663);
#2663 = AXIS2_PLACEMENT_3D('',#2664,#2665,#2666);
#2664 = CARTESIAN_POINT('',(16.6,99.,6.));
#2665 = DIRECTION('',(0.,1.,0.));
#2666 = DIRECTION('',(0.,0.,1.));
#2667 = ADVANCED_FACE('',(#2668),#2674,.T.);
#2668 = FACE_BOUND('',#2669,.T.);
#2669 = EDGE_LOOP('',(#2670,#2671,#2672,#2673));
#2670 = ORIENTED_EDGE('',*,*,#1462,.F.);
#2671 = ORIENTED_EDGE('',*,*,#1556,.T.);
#2672 = ORIENTED_EDGE('',*,*,#2657,.T.);
#2673 = ORIENTED_EDGE('',*,*,#1388,.F.);
#2674 = PLANE('',#2675);
#2675 = AXIS2_PLACEMENT_3D('',#2676,#2677,#2678);
#2676 = CARTESIAN_POINT('',(22.6,93.,6.));
#2677 = DIRECTION('',(1.,0.,0.));
#2678 = DIRECTION('',(0.,0.,1.));
#2679 = ADVANCED_FACE('',(#2680),#2705,.T.);
#2680 = FACE_BOUND('',#2681,.T.);
#2681 = EDGE_LOOP('',(#2682,#2692,#2698,#2699));
#2682 = ORIENTED_EDGE('',*,*,#2683,.F.);
#2683 = EDGE_CURVE('',#2684,#2686,#2688,.T.);
#2684 = VERTEX_POINT('',#2685);
#2685 = CARTESIAN_POINT('',(17.5,93.9,1.7));
#2686 = VERTEX_POINT('',#2687);
#2687 = CARTESIAN_POINT('',(21.1,93.9,1.7));
#2688 = LINE('',#2689,#2690);
#2689 = CARTESIAN_POINT('',(17.5,93.9,1.7));
#2690 = VECTOR('',#2691,1.);
#2691 = DIRECTION('',(1.,0.,0.));
#2692 = ORIENTED_EDGE('',*,*,#2693,.T.);
#2693 = EDGE_CURVE('',#2684,#1413,#2694,.T.);
#2694 = LINE('',#2695,#2696);
#2695 = CARTESIAN_POINT('',(17.5,93.9,1.7));
#2696 = VECTOR('',#2697,1.);
#2697 = DIRECTION('',(0.,0.,1.));
#2698 = ORIENTED_EDGE('',*,*,#1412,.T.);
#2699 = ORIENTED_EDGE('',*,*,#2700,.F.);
#2700 = EDGE_CURVE('',#2686,#1415,#2701,.T.);
#2701 = LINE('',#2702,#2703);
#2702 = CARTESIAN_POINT('',(21.1,93.9,1.7));
#2703 = VECTOR('',#2704,1.);
#2704 = DIRECTION('',(0.,0.,1.));
#2705 = PLANE('',#2706);
#2706 = AXIS2_PLACEMENT_3D('',#2707,#2708,#2709);
#2707 = CARTESIAN_POINT('',(17.5,93.9,1.7));
#2708 = DIRECTION('',(0.,1.,0.));
#2709 = DIRECTION('',(0.,0.,1.));
#2710 = ADVANCED_FACE('',(#2711),#2729,.F.);
#2711 = FACE_BOUND('',#2712,.F.);
#2712 = EDGE_LOOP('',(#2713,#2714,#2722,#2728));
#2713 = ORIENTED_EDGE('',*,*,#2700,.F.);
#2714 = ORIENTED_EDGE('',*,*,#2715,.T.);
#2715 = EDGE_CURVE('',#2686,#2716,#2718,.T.);
#2716 = VERTEX_POINT('',#2717);
#2717 = CARTESIAN_POINT('',(21.1,96.9,1.7));
#2718 = LINE('',#2719,#2720);
#2719 = CARTESIAN_POINT('',(21.1,93.9,1.7));
#2720 = VECTOR('',#2721,1.);
#2721 = DIRECTION('',(0.,1.,0.));
#2722 = ORIENTED_EDGE('',*,*,#2723,.T.);
#2723 = EDGE_CURVE('',#2716,#1431,#2724,.T.);
#2724 = LINE('',#2725,#2726);
#2725 = CARTESIAN_POINT('',(21.1,96.9,1.7));
#2726 = VECTOR('',#2727,1.);
#2727 = DIRECTION('',(0.,0.,1.));
#2728 = ORIENTED_EDGE('',*,*,#1438,.F.);
#2729 = PLANE('',#2730);
#2730 = AXIS2_PLACEMENT_3D('',#2731,#2732,#2733);
#2731 = CARTESIAN_POINT('',(21.1,93.9,1.7));
#2732 = DIRECTION('',(1.,0.,0.));
#2733 = DIRECTION('',(0.,0.,1.));
#2734 = ADVANCED_FACE('',(#2735),#2753,.F.);
#2735 = FACE_BOUND('',#2736,.F.);
#2736 = EDGE_LOOP('',(#2737,#2745,#2751,#2752));
#2737 = ORIENTED_EDGE('',*,*,#2738,.F.);
#2738 = EDGE_CURVE('',#2739,#2716,#2741,.T.);
#2739 = VERTEX_POINT('',#2740);
#2740 = CARTESIAN_POINT('',(17.5,96.9,1.7));
#2741 = LINE('',#2742,#2743);
#2742 = CARTESIAN_POINT('',(17.5,96.9,1.7));
#2743 = VECTOR('',#2744,1.);
#2744 = DIRECTION('',(1.,0.,0.));
#2745 = ORIENTED_EDGE('',*,*,#2746,.T.);
#2746 = EDGE_CURVE('',#2739,#1423,#2747,.T.);
#2747 = LINE('',#2748,#2749);
#2748 = CARTESIAN_POINT('',(17.5,96.9,1.7));
#2749 = VECTOR('',#2750,1.);
#2750 = DIRECTION('',(0.,0.,1.));
#2751 = ORIENTED_EDGE('',*,*,#1430,.T.);
#2752 = ORIENTED_EDGE('',*,*,#2723,.F.);
#2753 = PLANE('',#2754);
#2754 = AXIS2_PLACEMENT_3D('',#2755,#2756,#2757);
#2755 = CARTESIAN_POINT('',(17.5,96.9,1.7));
#2756 = DIRECTION('',(0.,1.,0.));
#2757 = DIRECTION('',(0.,0.,1.));
#2758 = ADVANCED_FACE('',(#2759),#2770,.T.);
#2759 = FACE_BOUND('',#2760,.T.);
#2760 = EDGE_LOOP('',(#2761,#2762,#2768,#2769));
#2761 = ORIENTED_EDGE('',*,*,#2693,.F.);
#2762 = ORIENTED_EDGE('',*,*,#2763,.T.);
#2763 = EDGE_CURVE('',#2684,#2739,#2764,.T.);
#2764 = LINE('',#2765,#2766);
#2765 = CARTESIAN_POINT('',(17.5,93.9,1.7));
#2766 = VECTOR('',#2767,1.);
#2767 = DIRECTION('',(0.,1.,0.));
#2768 = ORIENTED_EDGE('',*,*,#2746,.T.);
#2769 = ORIENTED_EDGE('',*,*,#1422,.F.);
#2770 = PLANE('',#2771);
#2771 = AXIS2_PLACEMENT_3D('',#2772,#2773,#2774);
#2772 = CARTESIAN_POINT('',(17.5,93.9,1.7));
#2773 = DIRECTION('',(1.,0.,0.));
#2774 = DIRECTION('',(0.,0.,1.));
#2775 = ADVANCED_FACE('',(#2776),#2803,.T.);
#2776 = FACE_BOUND('',#2777,.T.);
#2777 = EDGE_LOOP('',(#2778,#2786,#2794,#2800,#2801,#2802));
#2778 = ORIENTED_EDGE('',*,*,#2779,.F.);
#2779 = EDGE_CURVE('',#2780,#1708,#2782,.T.);
#2780 = VERTEX_POINT('',#2781);
#2781 = CARTESIAN_POINT('',(126.,8.,0.));
#2782 = LINE('',#2783,#2784);
#2783 = CARTESIAN_POINT('',(126.,8.,-1.));
#2784 = VECTOR('',#2785,1.);
#2785 = DIRECTION('',(0.,0.,1.));
#2786 = ORIENTED_EDGE('',*,*,#2787,.T.);
#2787 = EDGE_CURVE('',#2780,#2788,#2790,.T.);
#2788 = VERTEX_POINT('',#2789);
#2789 = CARTESIAN_POINT('',(16.,8.,0.));
#2790 = LINE('',#2791,#2792);
#2791 = CARTESIAN_POINT('',(8.,8.,0.));
#2792 = VECTOR('',#2793,1.);
#2793 = DIRECTION('',(-1.,0.,0.));
#2794 = ORIENTED_EDGE('',*,*,#2795,.T.);
#2795 = EDGE_CURVE('',#2788,#1502,#2796,.T.);
#2796 = LINE('',#2797,#2798);
#2797 = CARTESIAN_POINT('',(16.,8.,-1.));
#2798 = VECTOR('',#2799,1.);
#2799 = DIRECTION('',(0.,0.,1.));
#2800 = ORIENTED_EDGE('',*,*,#1509,.F.);
#2801 = ORIENTED_EDGE('',*,*,#1479,.F.);
#2802 = ORIENTED_EDGE('',*,*,#1707,.F.);
#2803 = PLANE('',#2804);
#2804 = AXIS2_PLACEMENT_3D('',#2805,#2806,#2807);
#2805 = CARTESIAN_POINT('',(16.,8.,-1.));
#2806 = DIRECTION('',(0.,1.,0.));
#2807 = DIRECTION('',(0.,0.,1.));
#2808 = ADVANCED_FACE('',(#2809),#2836,.F.);
#2809 = FACE_BOUND('',#2810,.F.);
#2810 = EDGE_LOOP('',(#2811,#2819,#2827,#2833,#2834,#2835));
#2811 = ORIENTED_EDGE('',*,*,#2812,.F.);
#2812 = EDGE_CURVE('',#2813,#1716,#2815,.T.);
#2813 = VERTEX_POINT('',#2814);
#2814 = CARTESIAN_POINT('',(126.,92.,0.));
#2815 = LINE('',#2816,#2817);
#2816 = CARTESIAN_POINT('',(126.,92.,-1.));
#2817 = VECTOR('',#2818,1.);
#2818 = DIRECTION('',(0.,0.,1.));
#2819 = ORIENTED_EDGE('',*,*,#2820,.T.);
#2820 = EDGE_CURVE('',#2813,#2821,#2823,.T.);
#2821 = VERTEX_POINT('',#2822);
#2822 = CARTESIAN_POINT('',(16.,92.,0.));
#2823 = LINE('',#2824,#2825);
#2824 = CARTESIAN_POINT('',(8.,92.,0.));
#2825 = VECTOR('',#2826,1.);
#2826 = DIRECTION('',(-1.,0.,0.));
#2827 = ORIENTED_EDGE('',*,*,#2828,.T.);
#2828 = EDGE_CURVE('',#2821,#1494,#2829,.T.);
#2829 = LINE('',#2830,#2831);
#2830 = CARTESIAN_POINT('',(16.,92.,-1.));
#2831 = VECTOR('',#2832,1.);
#2832 = DIRECTION('',(0.,0.,1.));
#2833 = ORIENTED_EDGE('',*,*,#1493,.F.);
#2834 = ORIENTED_EDGE('',*,*,#1525,.F.);
#2835 = ORIENTED_EDGE('',*,*,#1723,.F.);
#2836 = PLANE('',#2837);
#2837 = AXIS2_PLACEMENT_3D('',#2838,#2839,#2840);
#2838 = CARTESIAN_POINT('',(16.,92.,-1.));
#2839 = DIRECTION('',(0.,1.,0.));
#2840 = DIRECTION('',(0.,0.,1.));
#2841 = ADVANCED_FACE('',(#2842),#2853,.T.);
#2842 = FACE_BOUND('',#2843,.T.);
#2843 = EDGE_LOOP('',(#2844,#2845,#2851,#2852));
#2844 = ORIENTED_EDGE('',*,*,#2795,.F.);
#2845 = ORIENTED_EDGE('',*,*,#2846,.T.);
#2846 = EDGE_CURVE('',#2788,#2821,#2847,.T.);
#2847 = LINE('',#2848,#2849);
#2848 = CARTESIAN_POINT('',(16.,4.,0.));
#2849 = VECTOR('',#2850,1.);
#2850 = DIRECTION('',(0.,1.,0.));
#2851 = ORIENTED_EDGE('',*,*,#2828,.T.);
#2852 = ORIENTED_EDGE('',*,*,#1501,.T.);
#2853 = PLANE('',#2854);
#2854 = AXIS2_PLACEMENT_3D('',#2855,#2856,#2857);
#2855 = CARTESIAN_POINT('',(16.,38.39373871162,15.876610475617));
#2856 = DIRECTION('',(1.,0.,0.));
#2857 = DIRECTION('',(0.,0.,1.));
#2858 = ADVANCED_FACE('',(#2859),#2910,.T.);
#2859 = FACE_BOUND('',#2860,.T.);
#2860 = EDGE_LOOP('',(#2861,#2862,#2863,#2869,#2870,#2871,#2879,#2887,
    #2895,#2904));
#2861 = ORIENTED_EDGE('',*,*,#2528,.T.);
#2862 = ORIENTED_EDGE('',*,*,#2488,.T.);
#2863 = ORIENTED_EDGE('',*,*,#2864,.T.);
#2864 = EDGE_CURVE('',#2489,#2627,#2865,.T.);
#2865 = LINE('',#2866,#2867);
#2866 = CARTESIAN_POINT('',(10.,99.,6.));
#2867 = VECTOR('',#2868,1.);
#2868 = DIRECTION('',(1.,0.,0.));
#2869 = ORIENTED_EDGE('',*,*,#2649,.T.);
#2870 = ORIENTED_EDGE('',*,*,#1548,.T.);
#2871 = ORIENTED_EDGE('',*,*,#2872,.T.);
#2872 = EDGE_CURVE('',#1541,#2873,#2875,.T.);
#2873 = VERTEX_POINT('',#2874);
#2874 = CARTESIAN_POINT('',(125.4,99.,6.));
#2875 = LINE('',#2876,#2877);
#2876 = CARTESIAN_POINT('',(10.,99.,6.));
#2877 = VECTOR('',#2878,1.);
#2878 = DIRECTION('',(1.,0.,0.));
#2879 = ORIENTED_EDGE('',*,*,#2880,.T.);
#2880 = EDGE_CURVE('',#2873,#2881,#2883,.T.);
#2881 = VERTEX_POINT('',#2882);
#2882 = CARTESIAN_POINT('',(126.,99.,6.));
#2883 = LINE('',#2884,#2885);
#2884 = CARTESIAN_POINT('',(10.,99.,6.));
#2885 = VECTOR('',#2886,1.);
#2886 = DIRECTION('',(1.,0.,0.));
#2887 = ORIENTED_EDGE('',*,*,#2888,.T.);
#2888 = EDGE_CURVE('',#2881,#2889,#2891,.T.);
#2889 = VERTEX_POINT('',#2890);
#2890 = CARTESIAN_POINT('',(132.,99.,6.));
#2891 = LINE('',#2892,#2893);
#2892 = CARTESIAN_POINT('',(10.,99.,6.));
#2893 = VECTOR('',#2894,1.);
#2894 = DIRECTION('',(1.,0.,0.));
#2895 = ORIENTED_EDGE('',*,*,#2896,.F.);
#2896 = EDGE_CURVE('',#2897,#2889,#2899,.T.);
#2897 = VERTEX_POINT('',#2898);
#2898 = CARTESIAN_POINT('',(132.,100.,5.));
#2899 = CIRCLE('',#2900,1.);
#2900 = AXIS2_PLACEMENT_3D('',#2901,#2902,#2903);
#2901 = CARTESIAN_POINT('',(132.,99.,5.));
#2902 = DIRECTION('',(1.,0.,0.));
#2903 = DIRECTION('',(0.,1.,0.));
#2904 = ORIENTED_EDGE('',*,*,#2905,.F.);
#2905 = EDGE_CURVE('',#2520,#2897,#2906,.T.);
#2906 = LINE('',#2907,#2908);
#2907 = CARTESIAN_POINT('',(10.,100.,5.));
#2908 = VECTOR('',#2909,1.);
#2909 = DIRECTION('',(1.,0.,0.));
#2910 = CYLINDRICAL_SURFACE('',#2911,1.);
#2911 = AXIS2_PLACEMENT_3D('',#2912,#2913,#2914);
#2912 = CARTESIAN_POINT('',(10.,99.,5.));
#2913 = DIRECTION('',(1.,0.,0.));
#2914 = DIRECTION('',(0.,1.,0.));
#2915 = ADVANCED_FACE('',(#2916),#2927,.F.);
#2916 = FACE_BOUND('',#2917,.F.);
#2917 = EDGE_LOOP('',(#2918,#2919,#2920,#2926));
#2918 = ORIENTED_EDGE('',*,*,#1690,.F.);
#2919 = ORIENTED_EDGE('',*,*,#1540,.T.);
#2920 = ORIENTED_EDGE('',*,*,#2921,.T.);
#2921 = EDGE_CURVE('',#1541,#1626,#2922,.T.);
#2922 = LINE('',#2923,#2924);
#2923 = CARTESIAN_POINT('',(119.4,99.,6.));
#2924 = VECTOR('',#2925,1.);
#2925 = DIRECTION('',(0.,0.,1.));
#2926 = ORIENTED_EDGE('',*,*,#1633,.F.);
#2927 = PLANE('',#2928);
#2928 = AXIS2_PLACEMENT_3D('',#2929,#2930,#2931);
#2929 = CARTESIAN_POINT('',(119.4,93.,6.));
#2930 = DIRECTION('',(1.,0.,0.));
#2931 = DIRECTION('',(0.,0.,1.));
#2932 = ADVANCED_FACE('',(#2933),#2944,.T.);
#2933 = FACE_BOUND('',#2934,.T.);
#2934 = EDGE_LOOP('',(#2935,#2936,#2937,#2938));
#2935 = ORIENTED_EDGE('',*,*,#2872,.F.);
#2936 = ORIENTED_EDGE('',*,*,#2921,.T.);
#2937 = ORIENTED_EDGE('',*,*,#1625,.T.);
#2938 = ORIENTED_EDGE('',*,*,#2939,.F.);
#2939 = EDGE_CURVE('',#2873,#1618,#2940,.T.);
#2940 = LINE('',#2941,#2942);
#2941 = CARTESIAN_POINT('',(125.4,99.,6.));
#2942 = VECTOR('',#2943,1.);
#2943 = DIRECTION('',(0.,0.,1.));
#2944 = PLANE('',#2945);
#2945 = AXIS2_PLACEMENT_3D('',#2946,#2947,#2948);
#2946 = CARTESIAN_POINT('',(119.4,99.,6.));
#2947 = DIRECTION('',(0.,1.,0.));
#2948 = DIRECTION('',(0.,0.,1.));
#2949 = ADVANCED_FACE('',(#2950),#2990,.T.);
#2950 = FACE_BOUND('',#2951,.T.);
#2951 = EDGE_LOOP('',(#2952,#2960,#2966,#2967,#2968,#2976,#2984));
#2952 = ORIENTED_EDGE('',*,*,#2953,.F.);
#2953 = EDGE_CURVE('',#2954,#2881,#2956,.T.);
#2954 = VERTEX_POINT('',#2955);
#2955 = CARTESIAN_POINT('',(126.,93.,6.));
#2956 = LINE('',#2957,#2958);
#2957 = CARTESIAN_POINT('',(126.,84.,6.));
#2958 = VECTOR('',#2959,1.);
#2959 = DIRECTION('',(0.,1.,0.));
#2960 = ORIENTED_EDGE('',*,*,#2961,.F.);
#2961 = EDGE_CURVE('',#1602,#2954,#2962,.T.);
#2962 = LINE('',#2963,#2964);
#2963 = CARTESIAN_POINT('',(126.,93.,10.938305237809));
#2964 = VECTOR('',#2965,1.);
#2965 = DIRECTION('',(0.,0.,-1.));
#2966 = ORIENTED_EDGE('',*,*,#1601,.F.);
#2967 = ORIENTED_EDGE('',*,*,#2063,.F.);
#2968 = ORIENTED_EDGE('',*,*,#2969,.T.);
#2969 = EDGE_CURVE('',#2056,#2970,#2972,.T.);
#2970 = VERTEX_POINT('',#2971);
#2971 = CARTESIAN_POINT('',(126.,100.,13.1));
#2972 = LINE('',#2973,#2974);
#2973 = CARTESIAN_POINT('',(126.,83.7,13.1));
#2974 = VECTOR('',#2975,1.);
#2975 = DIRECTION('',(0.,1.,0.));
#2976 = ORIENTED_EDGE('',*,*,#2977,.F.);
#2977 = EDGE_CURVE('',#2978,#2970,#2980,.T.);
#2978 = VERTEX_POINT('',#2979);
#2979 = CARTESIAN_POINT('',(126.,100.,6.));
#2980 = LINE('',#2981,#2982);
#2981 = CARTESIAN_POINT('',(126.,100.,6.));
#2982 = VECTOR('',#2983,1.);
#2983 = DIRECTION('',(0.,0.,1.));
#2984 = ORIENTED_EDGE('',*,*,#2985,.F.);
#2985 = EDGE_CURVE('',#2881,#2978,#2986,.T.);
#2986 = LINE('',#2987,#2988);
#2987 = CARTESIAN_POINT('',(126.,84.,6.));
#2988 = VECTOR('',#2989,1.);
#2989 = DIRECTION('',(0.,1.,0.));
#2990 = PLANE('',#2991);
#2991 = AXIS2_PLACEMENT_3D('',#2992,#2993,#2994);
#2992 = CARTESIAN_POINT('',(126.,38.39373871162,15.876610475617));
#2993 = DIRECTION('',(-1.,-0.,-0.));
#2994 = DIRECTION('',(0.,0.,-1.));
#2995 = ADVANCED_FACE('',(#2996),#3014,.T.);
#2996 = FACE_BOUND('',#2997,.T.);
#2997 = EDGE_LOOP('',(#2998,#3006,#3012,#3013));
#2998 = ORIENTED_EDGE('',*,*,#2999,.F.);
#2999 = EDGE_CURVE('',#3000,#1610,#3002,.T.);
#3000 = VERTEX_POINT('',#3001);
#3001 = CARTESIAN_POINT('',(125.4,93.,6.));
#3002 = LINE('',#3003,#3004);
#3003 = CARTESIAN_POINT('',(125.4,93.,6.));
#3004 = VECTOR('',#3005,1.);
#3005 = DIRECTION('',(0.,0.,1.));
#3006 = ORIENTED_EDGE('',*,*,#3007,.T.);
#3007 = EDGE_CURVE('',#3000,#2873,#3008,.T.);
#3008 = LINE('',#3009,#3010);
#3009 = CARTESIAN_POINT('',(125.4,93.,6.));
#3010 = VECTOR('',#3011,1.);
#3011 = DIRECTION('',(0.,1.,0.));
#3012 = ORIENTED_EDGE('',*,*,#2939,.T.);
#3013 = ORIENTED_EDGE('',*,*,#1617,.F.);
#3014 = PLANE('',#3015);
#3015 = AXIS2_PLACEMENT_3D('',#3016,#3017,#3018);
#3016 = CARTESIAN_POINT('',(125.4,93.,6.));
#3017 = DIRECTION('',(1.,0.,0.));
#3018 = DIRECTION('',(0.,0.,1.));
#3019 = ADVANCED_FACE('',(#3020),#3031,.T.);
#3020 = FACE_BOUND('',#3021,.T.);
#3021 = EDGE_LOOP('',(#3022,#3028,#3029,#3030));
#3022 = ORIENTED_EDGE('',*,*,#3023,.F.);
#3023 = EDGE_CURVE('',#3000,#2954,#3024,.T.);
#3024 = LINE('',#3025,#3026);
#3025 = CARTESIAN_POINT('',(119.6,93.,6.));
#3026 = VECTOR('',#3027,1.);
#3027 = DIRECTION('',(1.,0.,0.));
#3028 = ORIENTED_EDGE('',*,*,#2999,.T.);
#3029 = ORIENTED_EDGE('',*,*,#1609,.T.);
#3030 = ORIENTED_EDGE('',*,*,#2961,.T.);
#3031 = PLANE('',#3032);
#3032 = AXIS2_PLACEMENT_3D('',#3033,#3034,#3035);
#3033 = CARTESIAN_POINT('',(119.6,93.,6.));
#3034 = DIRECTION('',(0.,1.,0.));
#3035 = DIRECTION('',(0.,0.,1.));
#3036 = ADVANCED_FACE('',(#3037),#3062,.T.);
#3037 = FACE_BOUND('',#3038,.T.);
#3038 = EDGE_LOOP('',(#3039,#3049,#3055,#3056));
#3039 = ORIENTED_EDGE('',*,*,#3040,.F.);
#3040 = EDGE_CURVE('',#3041,#3043,#3045,.T.);
#3041 = VERTEX_POINT('',#3042);
#3042 = CARTESIAN_POINT('',(120.9,93.9,1.7));
#3043 = VERTEX_POINT('',#3044);
#3044 = CARTESIAN_POINT('',(124.5,93.9,1.7));
#3045 = LINE('',#3046,#3047);
#3046 = CARTESIAN_POINT('',(120.9,93.9,1.7));
#3047 = VECTOR('',#3048,1.);
#3048 = DIRECTION('',(1.,0.,0.));
#3049 = ORIENTED_EDGE('',*,*,#3050,.T.);
#3050 = EDGE_CURVE('',#3041,#1650,#3051,.T.);
#3051 = LINE('',#3052,#3053);
#3052 = CARTESIAN_POINT('',(120.9,93.9,1.7));
#3053 = VECTOR('',#3054,1.);
#3054 = DIRECTION('',(0.,0.,1.));
#3055 = ORIENTED_EDGE('',*,*,#1649,.T.);
#3056 = ORIENTED_EDGE('',*,*,#3057,.F.);
#3057 = EDGE_CURVE('',#3043,#1652,#3058,.T.);
#3058 = LINE('',#3059,#3060);
#3059 = CARTESIAN_POINT('',(124.5,93.9,1.7));
#3060 = VECTOR('',#3061,1.);
#3061 = DIRECTION('',(0.,0.,1.));
#3062 = PLANE('',#3063);
#3063 = AXIS2_PLACEMENT_3D('',#3064,#3065,#3066);
#3064 = CARTESIAN_POINT('',(120.9,93.9,1.7));
#3065 = DIRECTION('',(0.,1.,0.));
#3066 = DIRECTION('',(0.,0.,1.));
#3067 = ADVANCED_FACE('',(#3068),#3086,.F.);
#3068 = FACE_BOUND('',#3069,.F.);
#3069 = EDGE_LOOP('',(#3070,#3071,#3079,#3085));
#3070 = ORIENTED_EDGE('',*,*,#3057,.F.);
#3071 = ORIENTED_EDGE('',*,*,#3072,.T.);
#3072 = EDGE_CURVE('',#3043,#3073,#3075,.T.);
#3073 = VERTEX_POINT('',#3074);
#3074 = CARTESIAN_POINT('',(124.5,96.9,1.7));
#3075 = LINE('',#3076,#3077);
#3076 = CARTESIAN_POINT('',(124.5,93.9,1.7));
#3077 = VECTOR('',#3078,1.);
#3078 = DIRECTION('',(0.,1.,0.));
#3079 = ORIENTED_EDGE('',*,*,#3080,.T.);
#3080 = EDGE_CURVE('',#3073,#1668,#3081,.T.);
#3081 = LINE('',#3082,#3083);
#3082 = CARTESIAN_POINT('',(124.5,96.9,1.7));
#3083 = VECTOR('',#3084,1.);
#3084 = DIRECTION('',(0.,0.,1.));
#3085 = ORIENTED_EDGE('',*,*,#1675,.F.);
#3086 = PLANE('',#3087);
#3087 = AXIS2_PLACEMENT_3D('',#3088,#3089,#3090);
#3088 = CARTESIAN_POINT('',(124.5,93.9,1.7));
#3089 = DIRECTION('',(1.,0.,0.));
#3090 = DIRECTION('',(0.,0.,1.));
#3091 = ADVANCED_FACE('',(#3092),#3110,.F.);
#3092 = FACE_BOUND('',#3093,.F.);
#3093 = EDGE_LOOP('',(#3094,#3102,#3108,#3109));
#3094 = ORIENTED_EDGE('',*,*,#3095,.F.);
#3095 = EDGE_CURVE('',#3096,#3073,#3098,.T.);
#3096 = VERTEX_POINT('',#3097);
#3097 = CARTESIAN_POINT('',(120.9,96.9,1.7));
#3098 = LINE('',#3099,#3100);
#3099 = CARTESIAN_POINT('',(120.9,96.9,1.7));
#3100 = VECTOR('',#3101,1.);
#3101 = DIRECTION('',(1.,0.,0.));
#3102 = ORIENTED_EDGE('',*,*,#3103,.T.);
#3103 = EDGE_CURVE('',#3096,#1660,#3104,.T.);
#3104 = LINE('',#3105,#3106);
#3105 = CARTESIAN_POINT('',(120.9,96.9,1.7));
#3106 = VECTOR('',#3107,1.);
#3107 = DIRECTION('',(0.,0.,1.));
#3108 = ORIENTED_EDGE('',*,*,#1667,.T.);
#3109 = ORIENTED_EDGE('',*,*,#3080,.F.);
#3110 = PLANE('',#3111);
#3111 = AXIS2_PLACEMENT_3D('',#3112,#3113,#3114);
#3112 = CARTESIAN_POINT('',(120.9,96.9,1.7));
#3113 = DIRECTION('',(0.,1.,0.));
#3114 = DIRECTION('',(0.,0.,1.));
#3115 = ADVANCED_FACE('',(#3116),#3127,.T.);
#3116 = FACE_BOUND('',#3117,.T.);
#3117 = EDGE_LOOP('',(#3118,#3119,#3125,#3126));
#3118 = ORIENTED_EDGE('',*,*,#3050,.F.);
#3119 = ORIENTED_EDGE('',*,*,#3120,.T.);
#3120 = EDGE_CURVE('',#3041,#3096,#3121,.T.);
#3121 = LINE('',#3122,#3123);
#3122 = CARTESIAN_POINT('',(120.9,93.9,1.7));
#3123 = VECTOR('',#3124,1.);
#3124 = DIRECTION('',(0.,1.,0.));
#3125 = ORIENTED_EDGE('',*,*,#3103,.T.);
#3126 = ORIENTED_EDGE('',*,*,#1659,.F.);
#3127 = PLANE('',#3128);
#3128 = AXIS2_PLACEMENT_3D('',#3129,#3130,#3131);
#3129 = CARTESIAN_POINT('',(120.9,93.9,1.7));
#3130 = DIRECTION('',(1.,0.,0.));
#3131 = DIRECTION('',(0.,0.,1.));
#3132 = ADVANCED_FACE('',(#3133),#3144,.T.);
#3133 = FACE_BOUND('',#3134,.T.);
#3134 = EDGE_LOOP('',(#3135,#3141,#3142,#3143));
#3135 = ORIENTED_EDGE('',*,*,#3136,.F.);
#3136 = EDGE_CURVE('',#2780,#2813,#3137,.T.);
#3137 = LINE('',#3138,#3139);
#3138 = CARTESIAN_POINT('',(126.,4.,0.));
#3139 = VECTOR('',#3140,1.);
#3140 = DIRECTION('',(0.,1.,0.));
#3141 = ORIENTED_EDGE('',*,*,#2779,.T.);
#3142 = ORIENTED_EDGE('',*,*,#1715,.T.);
#3143 = ORIENTED_EDGE('',*,*,#2812,.F.);
#3144 = PLANE('',#3145);
#3145 = AXIS2_PLACEMENT_3D('',#3146,#3147,#3148);
#3146 = CARTESIAN_POINT('',(126.,38.39373871162,15.876610475617));
#3147 = DIRECTION('',(-1.,-0.,-0.));
#3148 = DIRECTION('',(0.,0.,-1.));
#3149 = ADVANCED_FACE('',(#3150),#3169,.T.);
#3150 = FACE_BOUND('',#3151,.F.);
#3151 = EDGE_LOOP('',(#3152,#3160,#3167,#3168));
#3152 = ORIENTED_EDGE('',*,*,#3153,.F.);
#3153 = EDGE_CURVE('',#3154,#1738,#3156,.T.);
#3154 = VERTEX_POINT('',#3155);
#3155 = CARTESIAN_POINT('',(142.,10.,1.));
#3156 = LINE('',#3157,#3158);
#3157 = CARTESIAN_POINT('',(142.,10.,0.));
#3158 = VECTOR('',#3159,1.);
#3159 = DIRECTION('',(0.,0.,1.));
#3160 = ORIENTED_EDGE('',*,*,#3161,.T.);
#3161 = EDGE_CURVE('',#3154,#2401,#3162,.T.);
#3162 = CIRCLE('',#3163,10.);
#3163 = AXIS2_PLACEMENT_3D('',#3164,#3165,#3166);
#3164 = CARTESIAN_POINT('',(132.,10.,1.));
#3165 = DIRECTION('',(0.,0.,-1.));
#3166 = DIRECTION('',(1.,0.,0.));
#3167 = ORIENTED_EDGE('',*,*,#2400,.T.);
#3168 = ORIENTED_EDGE('',*,*,#1746,.F.);
#3169 = CYLINDRICAL_SURFACE('',#3170,10.);
#3170 = AXIS2_PLACEMENT_3D('',#3171,#3172,#3173);
#3171 = CARTESIAN_POINT('',(132.,10.,0.));
#3172 = DIRECTION('',(0.,0.,1.));
#3173 = DIRECTION('',(1.,0.,0.));
#3174 = ADVANCED_FACE('',(#3175),#3193,.T.);
#3175 = FACE_BOUND('',#3176,.F.);
#3176 = EDGE_LOOP('',(#3177,#3178,#3185,#3186));
#3177 = ORIENTED_EDGE('',*,*,#2896,.F.);
#3178 = ORIENTED_EDGE('',*,*,#3179,.T.);
#3179 = EDGE_CURVE('',#2897,#1764,#3180,.T.);
#3180 = CIRCLE('',#3181,10.);
#3181 = AXIS2_PLACEMENT_3D('',#3182,#3183,#3184);
#3182 = CARTESIAN_POINT('',(132.,90.,5.));
#3183 = DIRECTION('',(0.,0.,-1.));
#3184 = DIRECTION('',(0.,1.,0.));
#3185 = ORIENTED_EDGE('',*,*,#1763,.T.);
#3186 = ORIENTED_EDGE('',*,*,#3187,.F.);
#3187 = EDGE_CURVE('',#2889,#1766,#3188,.T.);
#3188 = CIRCLE('',#3189,9.);
#3189 = AXIS2_PLACEMENT_3D('',#3190,#3191,#3192);
#3190 = CARTESIAN_POINT('',(132.,90.,6.));
#3191 = DIRECTION('',(0.,0.,-1.));
#3192 = DIRECTION('',(0.,1.,0.));
#3193 = TOROIDAL_SURFACE('',#3194,9.,1.);
#3194 = AXIS2_PLACEMENT_3D('',#3195,#3196,#3197);
#3195 = CARTESIAN_POINT('',(132.,90.,5.));
#3196 = DIRECTION('',(0.,0.,1.));
#3197 = DIRECTION('',(0.,1.,0.));
#3198 = ADVANCED_FACE('',(#3199),#3217,.T.);
#3199 = FACE_BOUND('',#3200,.T.);
#3200 = EDGE_LOOP('',(#3201,#3202,#3210,#3216));
#3201 = ORIENTED_EDGE('',*,*,#3153,.F.);
#3202 = ORIENTED_EDGE('',*,*,#3203,.F.);
#3203 = EDGE_CURVE('',#3204,#3154,#3206,.T.);
#3204 = VERTEX_POINT('',#3205);
#3205 = CARTESIAN_POINT('',(142.,90.,1.));
#3206 = LINE('',#3207,#3208);
#3207 = CARTESIAN_POINT('',(142.,90.,1.));
#3208 = VECTOR('',#3209,1.);
#3209 = DIRECTION('',(-0.,-1.,-0.));
#3210 = ORIENTED_EDGE('',*,*,#3211,.T.);
#3211 = EDGE_CURVE('',#3204,#1764,#3212,.T.);
#3212 = LINE('',#3213,#3214);
#3213 = CARTESIAN_POINT('',(142.,90.,0.));
#3214 = VECTOR('',#3215,1.);
#3215 = DIRECTION('',(0.,0.,1.));
#3216 = ORIENTED_EDGE('',*,*,#1790,.T.);
#3217 = PLANE('',#3218);
#3218 = AXIS2_PLACEMENT_3D('',#3219,#3220,#3221);
#3219 = CARTESIAN_POINT('',(142.,0.,0.));
#3220 = DIRECTION('',(1.,0.,0.));
#3221 = DIRECTION('',(0.,0.,1.));
#3222 = ADVANCED_FACE('',(#3223),#3260,.F.);
#3223 = FACE_BOUND('',#3224,.F.);
#3224 = EDGE_LOOP('',(#3225,#3236,#3242,#3243,#3244,#3245,#3246,#3254));
#3225 = ORIENTED_EDGE('',*,*,#3226,.T.);
#3226 = EDGE_CURVE('',#3227,#3229,#3231,.T.);
#3227 = VERTEX_POINT('',#3228);
#3228 = CARTESIAN_POINT('',(142.,90.,6.));
#3229 = VERTEX_POINT('',#3230);
#3230 = CARTESIAN_POINT('',(132.,100.,6.));
#3231 = CIRCLE('',#3232,10.);
#3232 = AXIS2_PLACEMENT_3D('',#3233,#3234,#3235);
#3233 = CARTESIAN_POINT('',(132.,90.,6.));
#3234 = DIRECTION('',(-0.,0.,1.));
#3235 = DIRECTION('',(0.,-1.,0.));
#3236 = ORIENTED_EDGE('',*,*,#3237,.F.);
#3237 = EDGE_CURVE('',#2978,#3229,#3238,.T.);
#3238 = LINE('',#3239,#3240);
#3239 = CARTESIAN_POINT('',(126.,100.,6.));
#3240 = VECTOR('',#3241,1.);
#3241 = DIRECTION('',(1.,0.,0.));
#3242 = ORIENTED_EDGE('',*,*,#2985,.F.);
#3243 = ORIENTED_EDGE('',*,*,#2888,.T.);
#3244 = ORIENTED_EDGE('',*,*,#3187,.T.);
#3245 = ORIENTED_EDGE('',*,*,#1774,.T.);
#3246 = ORIENTED_EDGE('',*,*,#3247,.T.);
#3247 = EDGE_CURVE('',#1775,#3248,#3250,.T.);
#3248 = VERTEX_POINT('',#3249);
#3249 = CARTESIAN_POINT('',(142.,84.,6.));
#3250 = LINE('',#3251,#3252);
#3251 = CARTESIAN_POINT('',(126.,84.,6.));
#3252 = VECTOR('',#3253,1.);
#3253 = DIRECTION('',(1.,0.,0.));
#3254 = ORIENTED_EDGE('',*,*,#3255,.T.);
#3255 = EDGE_CURVE('',#3248,#3227,#3256,.T.);
#3256 = LINE('',#3257,#3258);
#3257 = CARTESIAN_POINT('',(142.,84.,6.));
#3258 = VECTOR('',#3259,1.);
#3259 = DIRECTION('',(0.,1.,0.));
#3260 = PLANE('',#3261);
#3261 = AXIS2_PLACEMENT_3D('',#3262,#3263,#3264);
#3262 = CARTESIAN_POINT('',(126.,84.,6.));
#3263 = DIRECTION('',(0.,0.,1.));
#3264 = DIRECTION('',(1.,0.,0.));
#3265 = ADVANCED_FACE('',(#3266),#3284,.T.);
#3266 = FACE_BOUND('',#3267,.T.);
#3267 = EDGE_LOOP('',(#3268,#3276,#3277,#3278));
#3268 = ORIENTED_EDGE('',*,*,#3269,.F.);
#3269 = EDGE_CURVE('',#1820,#3270,#3272,.T.);
#3270 = VERTEX_POINT('',#3271);
#3271 = CARTESIAN_POINT('',(130.,84.,6.));
#3272 = LINE('',#3273,#3274);
#3273 = CARTESIAN_POINT('',(130.,0.,6.));
#3274 = VECTOR('',#3275,1.);
#3275 = DIRECTION('',(0.,1.,0.));
#3276 = ORIENTED_EDGE('',*,*,#1819,.T.);
#3277 = ORIENTED_EDGE('',*,*,#1782,.F.);
#3278 = ORIENTED_EDGE('',*,*,#3279,.F.);
#3279 = EDGE_CURVE('',#3270,#1775,#3280,.T.);
#3280 = LINE('',#3281,#3282);
#3281 = CARTESIAN_POINT('',(126.,84.,6.));
#3282 = VECTOR('',#3283,1.);
#3283 = DIRECTION('',(1.,0.,0.));
#3284 = PLANE('',#3285);
#3285 = AXIS2_PLACEMENT_3D('',#3286,#3287,#3288);
#3286 = CARTESIAN_POINT('',(0.,0.,6.));
#3287 = DIRECTION('',(0.,0.,1.));
#3288 = DIRECTION('',(1.,0.,0.));
#3289 = ADVANCED_FACE('',(#3290),#3302,.T.);
#3290 = FACE_BOUND('',#3291,.F.);
#3291 = EDGE_LOOP('',(#3292,#3293,#3294,#3301));
#3292 = ORIENTED_EDGE('',*,*,#1904,.T.);
#3293 = ORIENTED_EDGE('',*,*,#1804,.T.);
#3294 = ORIENTED_EDGE('',*,*,#3295,.T.);
#3295 = EDGE_CURVE('',#1805,#1930,#3296,.T.);
#3296 = ELLIPSE('',#3297,1.414213562373,1.);
#3297 = AXIS2_PLACEMENT_3D('',#3298,#3299,#3300);
#3298 = CARTESIAN_POINT('',(141.,15.,59.));
#3299 = DIRECTION('',(0.707106781187,-0.707106781187,0.));
#3300 = DIRECTION('',(0.707106781187,0.707106781187,0.));
#3301 = ORIENTED_EDGE('',*,*,#1937,.F.);
#3302 = CYLINDRICAL_SURFACE('',#3303,1.);
#3303 = AXIS2_PLACEMENT_3D('',#3304,#3305,#3306);
#3304 = CARTESIAN_POINT('',(126.,15.,59.));
#3305 = DIRECTION('',(1.,0.,0.));
#3306 = DIRECTION('',(0.,0.,1.));
#3307 = ADVANCED_FACE('',(#3308),#3326,.T.);
#3308 = FACE_BOUND('',#3309,.T.);
#3309 = EDGE_LOOP('',(#3310,#3311,#3312,#3320));
#3310 = ORIENTED_EDGE('',*,*,#2088,.F.);
#3311 = ORIENTED_EDGE('',*,*,#1835,.T.);
#3312 = ORIENTED_EDGE('',*,*,#3313,.T.);
#3313 = EDGE_CURVE('',#1828,#3314,#3316,.T.);
#3314 = VERTEX_POINT('',#3315);
#3315 = CARTESIAN_POINT('',(130.,84.,8.));
#3316 = LINE('',#3317,#3318);
#3317 = CARTESIAN_POINT('',(130.,0.,8.));
#3318 = VECTOR('',#3319,1.);
#3319 = DIRECTION('',(0.,1.,0.));
#3320 = ORIENTED_EDGE('',*,*,#3321,.F.);
#3321 = EDGE_CURVE('',#2089,#3314,#3322,.T.);
#3322 = LINE('',#3323,#3324);
#3323 = CARTESIAN_POINT('',(122.8,84.,8.));
#3324 = VECTOR('',#3325,1.);
#3325 = DIRECTION('',(1.,0.,0.));
#3326 = PLANE('',#3327);
#3327 = AXIS2_PLACEMENT_3D('',#3328,#3329,#3330);
#3328 = CARTESIAN_POINT('',(119.6,0.,8.));
#3329 = DIRECTION('',(0.,0.,1.));
#3330 = DIRECTION('',(1.,0.,0.));
#3331 = ADVANCED_FACE('',(#3332),#3343,.T.);
#3332 = FACE_BOUND('',#3333,.T.);
#3333 = EDGE_LOOP('',(#3334,#3335,#3336,#3337));
#3334 = ORIENTED_EDGE('',*,*,#3313,.F.);
#3335 = ORIENTED_EDGE('',*,*,#1827,.T.);
#3336 = ORIENTED_EDGE('',*,*,#3269,.T.);
#3337 = ORIENTED_EDGE('',*,*,#3338,.F.);
#3338 = EDGE_CURVE('',#3314,#3270,#3339,.T.);
#3339 = LINE('',#3340,#3341);
#3340 = CARTESIAN_POINT('',(130.,84.,6.));
#3341 = VECTOR('',#3342,1.);
#3342 = DIRECTION('',(0.,0.,-1.));
#3343 = PLANE('',#3344);
#3344 = AXIS2_PLACEMENT_3D('',#3345,#3346,#3347);
#3345 = CARTESIAN_POINT('',(130.,0.,6.));
#3346 = DIRECTION('',(1.,0.,0.));
#3347 = DIRECTION('',(0.,0.,1.));
#3348 = ADVANCED_FACE('',(#3349),#3355,.T.);
#3349 = FACE_BOUND('',#3350,.F.);
#3350 = EDGE_LOOP('',(#3351,#3352,#3353,#3354));
#3351 = ORIENTED_EDGE('',*,*,#1878,.T.);
#3352 = ORIENTED_EDGE('',*,*,#1929,.T.);
#3353 = ORIENTED_EDGE('',*,*,#3295,.F.);
#3354 = ORIENTED_EDGE('',*,*,#1862,.F.);
#3355 = CYLINDRICAL_SURFACE('',#3356,1.);
#3356 = AXIS2_PLACEMENT_3D('',#3357,#3358,#3359);
#3357 = CARTESIAN_POINT('',(141.,10.,59.));
#3358 = DIRECTION('',(0.,1.,0.));
#3359 = DIRECTION('',(1.,0.,0.));
#3360 = ADVANCED_FACE('',(#3361),#3380,.T.);
#3361 = FACE_BOUND('',#3362,.F.);
#3362 = EDGE_LOOP('',(#3363,#3371,#3378,#3379));
#3363 = ORIENTED_EDGE('',*,*,#3364,.T.);
#3364 = EDGE_CURVE('',#1947,#3365,#3367,.T.);
#3365 = VERTEX_POINT('',#3366);
#3366 = CARTESIAN_POINT('',(137.4,8.,64.9));
#3367 = LINE('',#3368,#3369);
#3368 = CARTESIAN_POINT('',(137.4,8.,60.));
#3369 = VECTOR('',#3370,1.);
#3370 = DIRECTION('',(0.,0.,1.));
#3371 = ORIENTED_EDGE('',*,*,#3372,.T.);
#3372 = EDGE_CURVE('',#3365,#3365,#3373,.T.);
#3373 = CIRCLE('',#3374,3.4);
#3374 = AXIS2_PLACEMENT_3D('',#3375,#3376,#3377);
#3375 = CARTESIAN_POINT('',(134.,8.,64.9));
#3376 = DIRECTION('',(0.,0.,1.));
#3377 = DIRECTION('',(1.,0.,0.));
#3378 = ORIENTED_EDGE('',*,*,#3364,.F.);
#3379 = ORIENTED_EDGE('',*,*,#1946,.F.);
#3380 = CYLINDRICAL_SURFACE('',#3381,3.4);
#3381 = AXIS2_PLACEMENT_3D('',#3382,#3383,#3384);
#3382 = CARTESIAN_POINT('',(134.,8.,60.));
#3383 = DIRECTION('',(-0.,-0.,-1.));
#3384 = DIRECTION('',(1.,0.,0.));
#3385 = ADVANCED_FACE('',(#3386),#3413,.T.);
#3386 = FACE_BOUND('',#3387,.T.);
#3387 = EDGE_LOOP('',(#3388,#3389,#3390,#3391,#3399,#3407));
#3388 = ORIENTED_EDGE('',*,*,#2969,.F.);
#3389 = ORIENTED_EDGE('',*,*,#2055,.F.);
#3390 = ORIENTED_EDGE('',*,*,#2104,.F.);
#3391 = ORIENTED_EDGE('',*,*,#3392,.T.);
#3392 = EDGE_CURVE('',#2097,#3393,#3395,.T.);
#3393 = VERTEX_POINT('',#3394);
#3394 = CARTESIAN_POINT('',(129.,84.,13.1));
#3395 = LINE('',#3396,#3397);
#3396 = CARTESIAN_POINT('',(125.7,84.,13.1));
#3397 = VECTOR('',#3398,1.);
#3398 = DIRECTION('',(1.,0.,0.));
#3399 = ORIENTED_EDGE('',*,*,#3400,.T.);
#3400 = EDGE_CURVE('',#3393,#3401,#3403,.T.);
#3401 = VERTEX_POINT('',#3402);
#3402 = CARTESIAN_POINT('',(129.,100.,13.1));
#3403 = LINE('',#3404,#3405);
#3404 = CARTESIAN_POINT('',(129.,83.7,13.1));
#3405 = VECTOR('',#3406,1.);
#3406 = DIRECTION('',(0.,1.,0.));
#3407 = ORIENTED_EDGE('',*,*,#3408,.F.);
#3408 = EDGE_CURVE('',#2970,#3401,#3409,.T.);
#3409 = LINE('',#3410,#3411);
#3410 = CARTESIAN_POINT('',(125.7,100.,13.1));
#3411 = VECTOR('',#3412,1.);
#3412 = DIRECTION('',(1.,0.,0.));
#3413 = PLANE('',#3414);
#3414 = AXIS2_PLACEMENT_3D('',#3415,#3416,#3417);
#3415 = CARTESIAN_POINT('',(125.7,83.7,13.1));
#3416 = DIRECTION('',(0.,0.,1.));
#3417 = DIRECTION('',(1.,0.,0.));
#3418 = ADVANCED_FACE('',(#3419),#3483,.F.);
#3419 = FACE_BOUND('',#3420,.F.);
#3420 = EDGE_LOOP('',(#3421,#3431,#3439,#3445,#3446,#3447,#3448,#3449,
    #3450,#3451,#3460,#3468,#3477));
#3421 = ORIENTED_EDGE('',*,*,#3422,.T.);
#3422 = EDGE_CURVE('',#3423,#3425,#3427,.T.);
#3423 = VERTEX_POINT('',#3424);
#3424 = CARTESIAN_POINT('',(126.,84.,19.7));
#3425 = VERTEX_POINT('',#3426);
#3426 = CARTESIAN_POINT('',(126.,84.,59.));
#3427 = LINE('',#3428,#3429);
#3428 = CARTESIAN_POINT('',(126.,84.,6.));
#3429 = VECTOR('',#3430,1.);
#3430 = DIRECTION('',(0.,0.,1.));
#3431 = ORIENTED_EDGE('',*,*,#3432,.T.);
#3432 = EDGE_CURVE('',#3425,#3433,#3435,.T.);
#3433 = VERTEX_POINT('',#3434);
#3434 = CARTESIAN_POINT('',(142.,84.,59.));
#3435 = LINE('',#3436,#3437);
#3436 = CARTESIAN_POINT('',(126.,84.,59.));
#3437 = VECTOR('',#3438,1.);
#3438 = DIRECTION('',(1.,0.,0.));
#3439 = ORIENTED_EDGE('',*,*,#3440,.F.);
#3440 = EDGE_CURVE('',#3248,#3433,#3441,.T.);
#3441 = LINE('',#3442,#3443);
#3442 = CARTESIAN_POINT('',(142.,84.,6.));
#3443 = VECTOR('',#3444,1.);
#3444 = DIRECTION('',(0.,0.,1.));
#3445 = ORIENTED_EDGE('',*,*,#3247,.F.);
#3446 = ORIENTED_EDGE('',*,*,#3279,.F.);
#3447 = ORIENTED_EDGE('',*,*,#3338,.F.);
#3448 = ORIENTED_EDGE('',*,*,#3321,.F.);
#3449 = ORIENTED_EDGE('',*,*,#2096,.F.);
#3450 = ORIENTED_EDGE('',*,*,#3392,.T.);
#3451 = ORIENTED_EDGE('',*,*,#3452,.T.);
#3452 = EDGE_CURVE('',#3393,#3453,#3455,.T.);
#3453 = VERTEX_POINT('',#3454);
#3454 = CARTESIAN_POINT('',(129.3,84.,13.4));
#3455 = CIRCLE('',#3456,0.3);
#3456 = AXIS2_PLACEMENT_3D('',#3457,#3458,#3459);
#3457 = CARTESIAN_POINT('',(129.,84.,13.4));
#3458 = DIRECTION('',(0.,-1.,0.));
#3459 = DIRECTION('',(1.,0.,0.));
#3460 = ORIENTED_EDGE('',*,*,#3461,.T.);
#3461 = EDGE_CURVE('',#3453,#3462,#3464,.T.);
#3462 = VERTEX_POINT('',#3463);
#3463 = CARTESIAN_POINT('',(129.3,84.,19.4));
#3464 = LINE('',#3465,#3466);
#3465 = CARTESIAN_POINT('',(129.3,84.,13.1));
#3466 = VECTOR('',#3467,1.);
#3467 = DIRECTION('',(0.,0.,1.));
#3468 = ORIENTED_EDGE('',*,*,#3469,.F.);
#3469 = EDGE_CURVE('',#3470,#3462,#3472,.T.);
#3470 = VERTEX_POINT('',#3471);
#3471 = CARTESIAN_POINT('',(129.,84.,19.7));
#3472 = CIRCLE('',#3473,0.3);
#3473 = AXIS2_PLACEMENT_3D('',#3474,#3475,#3476);
#3474 = CARTESIAN_POINT('',(129.,84.,19.4));
#3475 = DIRECTION('',(-0.,1.,0.));
#3476 = DIRECTION('',(1.,0.,0.));
#3477 = ORIENTED_EDGE('',*,*,#3478,.F.);
#3478 = EDGE_CURVE('',#3423,#3470,#3479,.T.);
#3479 = LINE('',#3480,#3481);
#3480 = CARTESIAN_POINT('',(125.7,84.,19.7));
#3481 = VECTOR('',#3482,1.);
#3482 = DIRECTION('',(1.,0.,0.));
#3483 = PLANE('',#3484);
#3484 = AXIS2_PLACEMENT_3D('',#3485,#3486,#3487);
#3485 = CARTESIAN_POINT('',(126.,84.,6.));
#3486 = DIRECTION('',(0.,1.,0.));
#3487 = DIRECTION('',(0.,0.,1.));
#3488 = ADVANCED_FACE('',(#3489),#3516,.T.);
#3489 = FACE_BOUND('',#3490,.T.);
#3490 = EDGE_LOOP('',(#3491,#3501,#3507,#3508,#3509,#3510));
#3491 = ORIENTED_EDGE('',*,*,#3492,.F.);
#3492 = EDGE_CURVE('',#3493,#3495,#3497,.T.);
#3493 = VERTEX_POINT('',#3494);
#3494 = CARTESIAN_POINT('',(13.,84.,13.1));
#3495 = VERTEX_POINT('',#3496);
#3496 = CARTESIAN_POINT('',(13.,100.,13.1));
#3497 = LINE('',#3498,#3499);
#3498 = CARTESIAN_POINT('',(13.,83.7,13.1));
#3499 = VECTOR('',#3500,1.);
#3500 = DIRECTION('',(0.,1.,0.));
#3501 = ORIENTED_EDGE('',*,*,#3502,.T.);
#3502 = EDGE_CURVE('',#3493,#2260,#3503,.T.);
#3503 = LINE('',#3504,#3505);
#3504 = CARTESIAN_POINT('',(12.7,84.,13.1));
#3505 = VECTOR('',#3506,1.);
#3506 = DIRECTION('',(1.,0.,0.));
#3507 = ORIENTED_EDGE('',*,*,#2259,.T.);
#3508 = ORIENTED_EDGE('',*,*,#2196,.F.);
#3509 = ORIENTED_EDGE('',*,*,#2609,.T.);
#3510 = ORIENTED_EDGE('',*,*,#3511,.F.);
#3511 = EDGE_CURVE('',#3495,#2602,#3512,.T.);
#3512 = LINE('',#3513,#3514);
#3513 = CARTESIAN_POINT('',(12.7,100.,13.1));
#3514 = VECTOR('',#3515,1.);
#3515 = DIRECTION('',(1.,0.,0.));
#3516 = PLANE('',#3517);
#3517 = AXIS2_PLACEMENT_3D('',#3518,#3519,#3520);
#3518 = CARTESIAN_POINT('',(12.7,83.7,13.1));
#3519 = DIRECTION('',(0.,0.,1.));
#3520 = DIRECTION('',(1.,0.,0.));
#3521 = ADVANCED_FACE('',(#3522),#3586,.F.);
#3522 = FACE_BOUND('',#3523,.F.);
#3523 = EDGE_LOOP('',(#3524,#3525,#3526,#3527,#3535,#3543,#3551,#3559,
    #3568,#3576,#3583,#3584,#3585));
#3524 = ORIENTED_EDGE('',*,*,#2343,.T.);
#3525 = ORIENTED_EDGE('',*,*,#2377,.F.);
#3526 = ORIENTED_EDGE('',*,*,#2472,.F.);
#3527 = ORIENTED_EDGE('',*,*,#3528,.T.);
#3528 = EDGE_CURVE('',#2465,#3529,#3531,.T.);
#3529 = VERTEX_POINT('',#3530);
#3530 = CARTESIAN_POINT('',(0.,84.,59.));
#3531 = LINE('',#3532,#3533);
#3532 = CARTESIAN_POINT('',(0.,84.,6.));
#3533 = VECTOR('',#3534,1.);
#3534 = DIRECTION('',(0.,0.,1.));
#3535 = ORIENTED_EDGE('',*,*,#3536,.T.);
#3536 = EDGE_CURVE('',#3529,#3537,#3539,.T.);
#3537 = VERTEX_POINT('',#3538);
#3538 = CARTESIAN_POINT('',(16.,84.,59.));
#3539 = LINE('',#3540,#3541);
#3540 = CARTESIAN_POINT('',(0.,84.,59.));
#3541 = VECTOR('',#3542,1.);
#3542 = DIRECTION('',(1.,0.,0.));
#3543 = ORIENTED_EDGE('',*,*,#3544,.F.);
#3544 = EDGE_CURVE('',#3545,#3537,#3547,.T.);
#3545 = VERTEX_POINT('',#3546);
#3546 = CARTESIAN_POINT('',(16.,84.,19.7));
#3547 = LINE('',#3548,#3549);
#3548 = CARTESIAN_POINT('',(16.,84.,6.));
#3549 = VECTOR('',#3550,1.);
#3550 = DIRECTION('',(0.,0.,1.));
#3551 = ORIENTED_EDGE('',*,*,#3552,.F.);
#3552 = EDGE_CURVE('',#3553,#3545,#3555,.T.);
#3553 = VERTEX_POINT('',#3554);
#3554 = CARTESIAN_POINT('',(13.,84.,19.7));
#3555 = LINE('',#3556,#3557);
#3556 = CARTESIAN_POINT('',(12.7,84.,19.7));
#3557 = VECTOR('',#3558,1.);
#3558 = DIRECTION('',(1.,0.,0.));
#3559 = ORIENTED_EDGE('',*,*,#3560,.T.);
#3560 = EDGE_CURVE('',#3553,#3561,#3563,.T.);
#3561 = VERTEX_POINT('',#3562);
#3562 = CARTESIAN_POINT('',(12.7,84.,19.4));
#3563 = CIRCLE('',#3564,0.3);
#3564 = AXIS2_PLACEMENT_3D('',#3565,#3566,#3567);
#3565 = CARTESIAN_POINT('',(13.,84.,19.4));
#3566 = DIRECTION('',(0.,-1.,0.));
#3567 = DIRECTION('',(-1.,0.,0.));
#3568 = ORIENTED_EDGE('',*,*,#3569,.F.);
#3569 = EDGE_CURVE('',#3570,#3561,#3572,.T.);
#3570 = VERTEX_POINT('',#3571);
#3571 = CARTESIAN_POINT('',(12.7,84.,13.4));
#3572 = LINE('',#3573,#3574);
#3573 = CARTESIAN_POINT('',(12.7,84.,13.1));
#3574 = VECTOR('',#3575,1.);
#3575 = DIRECTION('',(0.,0.,1.));
#3576 = ORIENTED_EDGE('',*,*,#3577,.F.);
#3577 = EDGE_CURVE('',#3493,#3570,#3578,.T.);
#3578 = CIRCLE('',#3579,0.3);
#3579 = AXIS2_PLACEMENT_3D('',#3580,#3581,#3582);
#3580 = CARTESIAN_POINT('',(13.,84.,13.4));
#3581 = DIRECTION('',(0.,1.,-0.));
#3582 = DIRECTION('',(-1.,0.,0.));
#3583 = ORIENTED_EDGE('',*,*,#3502,.T.);
#3584 = ORIENTED_EDGE('',*,*,#2267,.T.);
#3585 = ORIENTED_EDGE('',*,*,#2360,.F.);
#3586 = PLANE('',#3587);
#3587 = AXIS2_PLACEMENT_3D('',#3588,#3589,#3590);
#3588 = CARTESIAN_POINT('',(0.,84.,6.));
#3589 = DIRECTION('',(0.,1.,0.));
#3590 = DIRECTION('',(0.,0.,1.));
#3591 = ADVANCED_FACE('',(#3592),#3595,.T.);
#3592 = FACE_BOUND('',#3593,.T.);
#3593 = EDGE_LOOP('',(#3594));
#3594 = ORIENTED_EDGE('',*,*,#2311,.T.);
#3595 = PLANE('',#3596);
#3596 = AXIS2_PLACEMENT_3D('',#3597,#3598,#3599);
#3597 = CARTESIAN_POINT('',(8.,8.,65.5));
#3598 = DIRECTION('',(0.,0.,1.));
#3599 = DIRECTION('',(1.,0.,0.));
#3600 = ADVANCED_FACE('',(#3601),#3628,.T.);
#3601 = FACE_BOUND('',#3602,.F.);
#3602 = EDGE_LOOP('',(#3603,#3612,#3620,#3627));
#3603 = ORIENTED_EDGE('',*,*,#3604,.T.);
#3604 = EDGE_CURVE('',#2401,#3605,#3607,.T.);
#3605 = VERTEX_POINT('',#3606);
#3606 = CARTESIAN_POINT('',(132.,1.,0.));
#3607 = CIRCLE('',#3608,1.);
#3608 = AXIS2_PLACEMENT_3D('',#3609,#3610,#3611);
#3609 = CARTESIAN_POINT('',(132.,1.,1.));
#3610 = DIRECTION('',(1.,6.E-17,0.));
#3611 = DIRECTION('',(6.E-17,-1.,0.));
#3612 = ORIENTED_EDGE('',*,*,#3613,.T.);
#3613 = EDGE_CURVE('',#3605,#3614,#3616,.T.);
#3614 = VERTEX_POINT('',#3615);
#3615 = CARTESIAN_POINT('',(10.,1.,0.));
#3616 = LINE('',#3617,#3618);
#3617 = CARTESIAN_POINT('',(132.,1.,-2.2E-16));
#3618 = VECTOR('',#3619,1.);
#3619 = DIRECTION('',(-1.,-0.,-0.));
#3620 = ORIENTED_EDGE('',*,*,#3621,.F.);
#3621 = EDGE_CURVE('',#2392,#3614,#3622,.T.);
#3622 = CIRCLE('',#3623,1.);
#3623 = AXIS2_PLACEMENT_3D('',#3624,#3625,#3626);
#3624 = CARTESIAN_POINT('',(10.,1.,1.));
#3625 = DIRECTION('',(1.,0.,0.));
#3626 = DIRECTION('',(0.,-1.,0.));
#3627 = ORIENTED_EDGE('',*,*,#2408,.F.);
#3628 = CYLINDRICAL_SURFACE('',#3629,1.);
#3629 = AXIS2_PLACEMENT_3D('',#3630,#3631,#3632);
#3630 = CARTESIAN_POINT('',(132.,1.,1.));
#3631 = DIRECTION('',(-1.,-0.,-0.));
#3632 = DIRECTION('',(0.,-1.,0.));
#3633 = ADVANCED_FACE('',(#3634),#3661,.T.);
#3634 = FACE_BOUND('',#3635,.F.);
#3635 = EDGE_LOOP('',(#3636,#3645,#3653,#3660));
#3636 = ORIENTED_EDGE('',*,*,#3637,.T.);
#3637 = EDGE_CURVE('',#2423,#3638,#3640,.T.);
#3638 = VERTEX_POINT('',#3639);
#3639 = CARTESIAN_POINT('',(1.,10.,0.));
#3640 = CIRCLE('',#3641,1.);
#3641 = AXIS2_PLACEMENT_3D('',#3642,#3643,#3644);
#3642 = CARTESIAN_POINT('',(1.,10.,1.));
#3643 = DIRECTION('',(-0.,-1.,-0.));
#3644 = DIRECTION('',(-1.,0.,0.));
#3645 = ORIENTED_EDGE('',*,*,#3646,.T.);
#3646 = EDGE_CURVE('',#3638,#3647,#3649,.T.);
#3647 = VERTEX_POINT('',#3648);
#3648 = CARTESIAN_POINT('',(1.,90.,0.));
#3649 = LINE('',#3650,#3651);
#3650 = CARTESIAN_POINT('',(1.,10.,-2.2E-16));
#3651 = VECTOR('',#3652,1.);
#3652 = DIRECTION('',(0.,1.,0.));
#3653 = ORIENTED_EDGE('',*,*,#3654,.F.);
#3654 = EDGE_CURVE('',#2431,#3647,#3655,.T.);
#3655 = CIRCLE('',#3656,1.);
#3656 = AXIS2_PLACEMENT_3D('',#3657,#3658,#3659);
#3657 = CARTESIAN_POINT('',(1.,90.,1.));
#3658 = DIRECTION('',(-0.,-1.,-0.));
#3659 = DIRECTION('',(-1.,0.,0.));
#3660 = ORIENTED_EDGE('',*,*,#2430,.F.);
#3661 = CYLINDRICAL_SURFACE('',#3662,1.);
#3662 = AXIS2_PLACEMENT_3D('',#3663,#3664,#3665);
#3663 = CARTESIAN_POINT('',(1.,10.,1.));
#3664 = DIRECTION('',(0.,1.,0.));
#3665 = DIRECTION('',(-1.,0.,0.));
#3666 = ADVANCED_FACE('',(#3667),#3686,.T.);
#3667 = FACE_BOUND('',#3668,.F.);
#3668 = EDGE_LOOP('',(#3669,#3670,#3679,#3685));
#3669 = ORIENTED_EDGE('',*,*,#2438,.F.);
#3670 = ORIENTED_EDGE('',*,*,#3671,.T.);
#3671 = EDGE_CURVE('',#2431,#3672,#3674,.T.);
#3672 = VERTEX_POINT('',#3673);
#3673 = CARTESIAN_POINT('',(10.,100.,1.));
#3674 = CIRCLE('',#3675,10.);
#3675 = AXIS2_PLACEMENT_3D('',#3676,#3677,#3678);
#3676 = CARTESIAN_POINT('',(10.,90.,1.));
#3677 = DIRECTION('',(0.,0.,-1.));
#3678 = DIRECTION('',(-1.,0.,0.));
#3679 = ORIENTED_EDGE('',*,*,#3680,.T.);
#3680 = EDGE_CURVE('',#3672,#2520,#3681,.T.);
#3681 = LINE('',#3682,#3683);
#3682 = CARTESIAN_POINT('',(10.,100.,0.));
#3683 = VECTOR('',#3684,1.);
#3684 = DIRECTION('',(0.,0.,1.));
#3685 = ORIENTED_EDGE('',*,*,#2519,.F.);
#3686 = CYLINDRICAL_SURFACE('',#3687,10.);
#3687 = AXIS2_PLACEMENT_3D('',#3688,#3689,#3690);
#3688 = CARTESIAN_POINT('',(10.,90.,0.));
#3689 = DIRECTION('',(0.,0.,1.));
#3690 = DIRECTION('',(-1.,0.,0.));
#3691 = ADVANCED_FACE('',(#3692),#3718,.T.);
#3692 = FACE_BOUND('',#3693,.F.);
#3693 = EDGE_LOOP('',(#3694,#3702,#3703,#3711));
#3694 = ORIENTED_EDGE('',*,*,#3695,.F.);
#3695 = EDGE_CURVE('',#2454,#3696,#3698,.T.);
#3696 = VERTEX_POINT('',#3697);
#3697 = CARTESIAN_POINT('',(0.,90.,59.));
#3698 = LINE('',#3699,#3700);
#3699 = CARTESIAN_POINT('',(-1.78E-15,90.,6.));
#3700 = VECTOR('',#3701,1.);
#3701 = DIRECTION('',(0.,0.,1.));
#3702 = ORIENTED_EDGE('',*,*,#2453,.T.);
#3703 = ORIENTED_EDGE('',*,*,#3704,.T.);
#3704 = EDGE_CURVE('',#2456,#3705,#3707,.T.);
#3705 = VERTEX_POINT('',#3706);
#3706 = CARTESIAN_POINT('',(10.,100.,59.));
#3707 = LINE('',#3708,#3709);
#3708 = CARTESIAN_POINT('',(10.,100.,6.));
#3709 = VECTOR('',#3710,1.);
#3710 = DIRECTION('',(0.,0.,1.));
#3711 = ORIENTED_EDGE('',*,*,#3712,.F.);
#3712 = EDGE_CURVE('',#3696,#3705,#3713,.T.);
#3713 = CIRCLE('',#3714,10.);
#3714 = AXIS2_PLACEMENT_3D('',#3715,#3716,#3717);
#3715 = CARTESIAN_POINT('',(10.,90.,59.));
#3716 = DIRECTION('',(0.,0.,-1.));
#3717 = DIRECTION('',(-1.,0.,0.));
#3718 = CYLINDRICAL_SURFACE('',#3719,10.);
#3719 = AXIS2_PLACEMENT_3D('',#3720,#3721,#3722);
#3720 = CARTESIAN_POINT('',(10.,90.,6.));
#3721 = DIRECTION('',(0.,0.,1.));
#3722 = DIRECTION('',(-1.,0.,0.));
#3723 = ADVANCED_FACE('',(#3724),#3778,.T.);
#3724 = FACE_BOUND('',#3725,.T.);
#3725 = EDGE_LOOP('',(#3726,#3727,#3735,#3743,#3751,#3760,#3768,#3775,
    #3776,#3777));
#3726 = ORIENTED_EDGE('',*,*,#3704,.T.);
#3727 = ORIENTED_EDGE('',*,*,#3728,.T.);
#3728 = EDGE_CURVE('',#3705,#3729,#3731,.T.);
#3729 = VERTEX_POINT('',#3730);
#3730 = CARTESIAN_POINT('',(16.,100.,59.));
#3731 = LINE('',#3732,#3733);
#3732 = CARTESIAN_POINT('',(10.,100.,59.));
#3733 = VECTOR('',#3734,1.);
#3734 = DIRECTION('',(1.,0.,0.));
#3735 = ORIENTED_EDGE('',*,*,#3736,.F.);
#3736 = EDGE_CURVE('',#3737,#3729,#3739,.T.);
#3737 = VERTEX_POINT('',#3738);
#3738 = CARTESIAN_POINT('',(16.,100.,19.7));
#3739 = LINE('',#3740,#3741);
#3740 = CARTESIAN_POINT('',(16.,100.,6.));
#3741 = VECTOR('',#3742,1.);
#3742 = DIRECTION('',(0.,0.,1.));
#3743 = ORIENTED_EDGE('',*,*,#3744,.F.);
#3744 = EDGE_CURVE('',#3745,#3737,#3747,.T.);
#3745 = VERTEX_POINT('',#3746);
#3746 = CARTESIAN_POINT('',(13.,100.,19.7));
#3747 = LINE('',#3748,#3749);
#3748 = CARTESIAN_POINT('',(12.7,100.,19.7));
#3749 = VECTOR('',#3750,1.);
#3750 = DIRECTION('',(1.,0.,0.));
#3751 = ORIENTED_EDGE('',*,*,#3752,.F.);
#3752 = EDGE_CURVE('',#3753,#3745,#3755,.T.);
#3753 = VERTEX_POINT('',#3754);
#3754 = CARTESIAN_POINT('',(12.7,100.,19.4));
#3755 = CIRCLE('',#3756,0.3);
#3756 = AXIS2_PLACEMENT_3D('',#3757,#3758,#3759);
#3757 = CARTESIAN_POINT('',(13.,100.,19.4));
#3758 = DIRECTION('',(0.,1.,-0.));
#3759 = DIRECTION('',(-1.,0.,0.));
#3760 = ORIENTED_EDGE('',*,*,#3761,.F.);
#3761 = EDGE_CURVE('',#3762,#3753,#3764,.T.);
#3762 = VERTEX_POINT('',#3763);
#3763 = CARTESIAN_POINT('',(12.7,100.,13.4));
#3764 = LINE('',#3765,#3766);
#3765 = CARTESIAN_POINT('',(12.7,100.,13.1));
#3766 = VECTOR('',#3767,1.);
#3767 = DIRECTION('',(0.,0.,1.));
#3768 = ORIENTED_EDGE('',*,*,#3769,.F.);
#3769 = EDGE_CURVE('',#3495,#3762,#3770,.T.);
#3770 = CIRCLE('',#3771,0.3);
#3771 = AXIS2_PLACEMENT_3D('',#3772,#3773,#3774);
#3772 = CARTESIAN_POINT('',(13.,100.,13.4));
#3773 = DIRECTION('',(0.,1.,-0.));
#3774 = DIRECTION('',(-1.,0.,0.));
#3775 = ORIENTED_EDGE('',*,*,#3511,.T.);
#3776 = ORIENTED_EDGE('',*,*,#2601,.F.);
#3777 = ORIENTED_EDGE('',*,*,#2504,.F.);
#3778 = PLANE('',#3779);
#3779 = AXIS2_PLACEMENT_3D('',#3780,#3781,#3782);
#3780 = CARTESIAN_POINT('',(0.,100.,6.));
#3781 = DIRECTION('',(0.,1.,0.));
#3782 = DIRECTION('',(0.,0.,1.));
#3783 = ADVANCED_FACE('',(#3784),#3795,.F.);
#3784 = FACE_BOUND('',#3785,.F.);
#3785 = EDGE_LOOP('',(#3786,#3787,#3793,#3794));
#3786 = ORIENTED_EDGE('',*,*,#3695,.T.);
#3787 = ORIENTED_EDGE('',*,*,#3788,.F.);
#3788 = EDGE_CURVE('',#3529,#3696,#3789,.T.);
#3789 = LINE('',#3790,#3791);
#3790 = CARTESIAN_POINT('',(-2.2E-16,84.,59.));
#3791 = VECTOR('',#3792,1.);
#3792 = DIRECTION('',(0.,1.,0.));
#3793 = ORIENTED_EDGE('',*,*,#3528,.F.);
#3794 = ORIENTED_EDGE('',*,*,#2464,.T.);
#3795 = PLANE('',#3796);
#3796 = AXIS2_PLACEMENT_3D('',#3797,#3798,#3799);
#3797 = CARTESIAN_POINT('',(0.,84.,6.));
#3798 = DIRECTION('',(1.,0.,0.));
#3799 = DIRECTION('',(0.,0.,1.));
#3800 = ADVANCED_FACE('',(#3801),#3813,.T.);
#3801 = FACE_BOUND('',#3802,.T.);
#3802 = EDGE_LOOP('',(#3803,#3804,#3805,#3806));
#3803 = ORIENTED_EDGE('',*,*,#3621,.F.);
#3804 = ORIENTED_EDGE('',*,*,#2545,.T.);
#3805 = ORIENTED_EDGE('',*,*,#3637,.T.);
#3806 = ORIENTED_EDGE('',*,*,#3807,.F.);
#3807 = EDGE_CURVE('',#3614,#3638,#3808,.T.);
#3808 = CIRCLE('',#3809,9.);
#3809 = AXIS2_PLACEMENT_3D('',#3810,#3811,#3812);
#3810 = CARTESIAN_POINT('',(10.,10.,0.));
#3811 = DIRECTION('',(-0.,0.,-1.));
#3812 = DIRECTION('',(-1.8E-16,-1.,0.));
#3813 = TOROIDAL_SURFACE('',#3814,9.,1.);
#3814 = AXIS2_PLACEMENT_3D('',#3815,#3816,#3817);
#3815 = CARTESIAN_POINT('',(10.,10.,1.));
#3816 = DIRECTION('',(-0.,-0.,-1.));
#3817 = DIRECTION('',(-1.8E-16,-1.,0.));
#3818 = ADVANCED_FACE('',(#3819),#3825,.T.);
#3819 = FACE_BOUND('',#3820,.T.);
#3820 = EDGE_LOOP('',(#3821,#3822,#3823,#3824));
#3821 = ORIENTED_EDGE('',*,*,#2594,.F.);
#3822 = ORIENTED_EDGE('',*,*,#2570,.T.);
#3823 = ORIENTED_EDGE('',*,*,#2626,.T.);
#3824 = ORIENTED_EDGE('',*,*,#2864,.F.);
#3825 = PLANE('',#3826);
#3826 = AXIS2_PLACEMENT_3D('',#3827,#3828,#3829);
#3827 = CARTESIAN_POINT('',(0.,0.,6.));
#3828 = DIRECTION('',(0.,0.,1.));
#3829 = DIRECTION('',(1.,0.,0.));
#3830 = ADVANCED_FACE('',(#3831),#3837,.T.);
#3831 = FACE_BOUND('',#3832,.T.);
#3832 = EDGE_LOOP('',(#3833,#3834,#3835,#3836));
#3833 = ORIENTED_EDGE('',*,*,#2763,.F.);
#3834 = ORIENTED_EDGE('',*,*,#2683,.T.);
#3835 = ORIENTED_EDGE('',*,*,#2715,.T.);
#3836 = ORIENTED_EDGE('',*,*,#2738,.F.);
#3837 = PLANE('',#3838);
#3838 = AXIS2_PLACEMENT_3D('',#3839,#3840,#3841);
#3839 = CARTESIAN_POINT('',(17.5,93.9,1.7));
#3840 = DIRECTION('',(0.,0.,1.));
#3841 = DIRECTION('',(1.,0.,0.));
#3842 = ADVANCED_FACE('',(#3843,#3889,#3895,#3906,#3917,#3928),#3939,.F.
  );
#3843 = FACE_BOUND('',#3844,.T.);
#3844 = EDGE_LOOP('',(#3845,#3846,#3855,#3863,#3872,#3880,#3887,#3888));
#3845 = ORIENTED_EDGE('',*,*,#3646,.T.);
#3846 = ORIENTED_EDGE('',*,*,#3847,.T.);
#3847 = EDGE_CURVE('',#3647,#3848,#3850,.T.);
#3848 = VERTEX_POINT('',#3849);
#3849 = CARTESIAN_POINT('',(10.,99.,0.));
#3850 = CIRCLE('',#3851,9.);
#3851 = AXIS2_PLACEMENT_3D('',#3852,#3853,#3854);
#3852 = CARTESIAN_POINT('',(10.,90.,0.));
#3853 = DIRECTION('',(0.,0.,-1.));
#3854 = DIRECTION('',(-1.,0.,0.));
#3855 = ORIENTED_EDGE('',*,*,#3856,.T.);
#3856 = EDGE_CURVE('',#3848,#3857,#3859,.T.);
#3857 = VERTEX_POINT('',#3858);
#3858 = CARTESIAN_POINT('',(132.,99.,0.));
#3859 = LINE('',#3860,#3861);
#3860 = CARTESIAN_POINT('',(10.,99.,-2.2E-16));
#3861 = VECTOR('',#3862,1.);
#3862 = DIRECTION('',(1.,0.,0.));
#3863 = ORIENTED_EDGE('',*,*,#3864,.T.);
#3864 = EDGE_CURVE('',#3857,#3865,#3867,.T.);
#3865 = VERTEX_POINT('',#3866);
#3866 = CARTESIAN_POINT('',(141.,90.,0.));
#3867 = CIRCLE('',#3868,9.);
#3868 = AXIS2_PLACEMENT_3D('',#3869,#3870,#3871);
#3869 = CARTESIAN_POINT('',(132.,90.,0.));
#3870 = DIRECTION('',(0.,0.,-1.));
#3871 = DIRECTION('',(0.,1.,0.));
#3872 = ORIENTED_EDGE('',*,*,#3873,.T.);
#3873 = EDGE_CURVE('',#3865,#3874,#3876,.T.);
#3874 = VERTEX_POINT('',#3875);
#3875 = CARTESIAN_POINT('',(141.,10.,0.));
#3876 = LINE('',#3877,#3878);
#3877 = CARTESIAN_POINT('',(141.,90.,-2.2E-16));
#3878 = VECTOR('',#3879,1.);
#3879 = DIRECTION('',(-0.,-1.,-0.));
#3880 = ORIENTED_EDGE('',*,*,#3881,.T.);
#3881 = EDGE_CURVE('',#3874,#3605,#3882,.T.);
#3882 = CIRCLE('',#3883,9.);
#3883 = AXIS2_PLACEMENT_3D('',#3884,#3885,#3886);
#3884 = CARTESIAN_POINT('',(132.,10.,0.));
#3885 = DIRECTION('',(0.,0.,-1.));
#3886 = DIRECTION('',(1.,0.,0.));
#3887 = ORIENTED_EDGE('',*,*,#3613,.T.);
#3888 = ORIENTED_EDGE('',*,*,#3807,.T.);
#3889 = FACE_BOUND('',#3890,.F.);
#3890 = EDGE_LOOP('',(#3891,#3892,#3893,#3894));
#3891 = ORIENTED_EDGE('',*,*,#2846,.T.);
#3892 = ORIENTED_EDGE('',*,*,#2820,.F.);
#3893 = ORIENTED_EDGE('',*,*,#3136,.F.);
#3894 = ORIENTED_EDGE('',*,*,#2787,.T.);
#3895 = FACE_BOUND('',#3896,.F.);
#3896 = EDGE_LOOP('',(#3897));
#3897 = ORIENTED_EDGE('',*,*,#3898,.T.);
#3898 = EDGE_CURVE('',#3899,#3899,#3901,.T.);
#3899 = VERTEX_POINT('',#3900);
#3900 = CARTESIAN_POINT('',(137.9,92.,0.));
#3901 = CIRCLE('',#3902,3.9);
#3902 = AXIS2_PLACEMENT_3D('',#3903,#3904,#3905);
#3903 = CARTESIAN_POINT('',(134.,92.,0.));
#3904 = DIRECTION('',(0.,0.,-1.));
#3905 = DIRECTION('',(1.,0.,0.));
#3906 = FACE_BOUND('',#3907,.F.);
#3907 = EDGE_LOOP('',(#3908));
#3908 = ORIENTED_EDGE('',*,*,#3909,.T.);
#3909 = EDGE_CURVE('',#3910,#3910,#3912,.T.);
#3910 = VERTEX_POINT('',#3911);
#3911 = CARTESIAN_POINT('',(137.9,8.,0.));
#3912 = CIRCLE('',#3913,3.9);
#3913 = AXIS2_PLACEMENT_3D('',#3914,#3915,#3916);
#3914 = CARTESIAN_POINT('',(134.,8.,0.));
#3915 = DIRECTION('',(0.,0.,-1.));
#3916 = DIRECTION('',(1.,0.,0.));
#3917 = FACE_BOUND('',#3918,.F.);
#3918 = EDGE_LOOP('',(#3919));
#3919 = ORIENTED_EDGE('',*,*,#3920,.T.);
#3920 = EDGE_CURVE('',#3921,#3921,#3923,.T.);
#3921 = VERTEX_POINT('',#3922);
#3922 = CARTESIAN_POINT('',(11.9,92.,0.));
#3923 = CIRCLE('',#3924,3.9);
#3924 = AXIS2_PLACEMENT_3D('',#3925,#3926,#3927);
#3925 = CARTESIAN_POINT('',(8.,92.,0.));
#3926 = DIRECTION('',(0.,0.,-1.));
#3927 = DIRECTION('',(1.,0.,0.));
#3928 = FACE_BOUND('',#3929,.F.);
#3929 = EDGE_LOOP('',(#3930));
#3930 = ORIENTED_EDGE('',*,*,#3931,.T.);
#3931 = EDGE_CURVE('',#3932,#3932,#3934,.T.);
#3932 = VERTEX_POINT('',#3933);
#3933 = CARTESIAN_POINT('',(11.9,8.,0.));
#3934 = CIRCLE('',#3935,3.9);
#3935 = AXIS2_PLACEMENT_3D('',#3936,#3937,#3938);
#3936 = CARTESIAN_POINT('',(8.,8.,0.));
#3937 = DIRECTION('',(0.,0.,-1.));
#3938 = DIRECTION('',(1.,0.,0.));
#3939 = PLANE('',#3940);
#3940 = AXIS2_PLACEMENT_3D('',#3941,#3942,#3943);
#3941 = CARTESIAN_POINT('',(0.,0.,0.));
#3942 = DIRECTION('',(0.,0.,1.));
#3943 = DIRECTION('',(1.,0.,0.));
#3944 = ADVANCED_FACE('',(#3945),#3963,.T.);
#3945 = FACE_BOUND('',#3946,.T.);
#3946 = EDGE_LOOP('',(#3947,#3948,#3949,#3957));
#3947 = ORIENTED_EDGE('',*,*,#3680,.T.);
#3948 = ORIENTED_EDGE('',*,*,#2905,.T.);
#3949 = ORIENTED_EDGE('',*,*,#3950,.F.);
#3950 = EDGE_CURVE('',#3951,#2897,#3953,.T.);
#3951 = VERTEX_POINT('',#3952);
#3952 = CARTESIAN_POINT('',(132.,100.,1.));
#3953 = LINE('',#3954,#3955);
#3954 = CARTESIAN_POINT('',(132.,100.,0.));
#3955 = VECTOR('',#3956,1.);
#3956 = DIRECTION('',(0.,0.,1.));
#3957 = ORIENTED_EDGE('',*,*,#3958,.F.);
#3958 = EDGE_CURVE('',#3672,#3951,#3959,.T.);
#3959 = LINE('',#3960,#3961);
#3960 = CARTESIAN_POINT('',(10.,100.,1.));
#3961 = VECTOR('',#3962,1.);
#3962 = DIRECTION('',(1.,0.,0.));
#3963 = PLANE('',#3964);
#3964 = AXIS2_PLACEMENT_3D('',#3965,#3966,#3967);
#3965 = CARTESIAN_POINT('',(0.,100.,0.));
#3966 = DIRECTION('',(0.,1.,0.));
#3967 = DIRECTION('',(0.,0.,1.));
#3968 = ADVANCED_FACE('',(#3969),#3975,.T.);
#3969 = FACE_BOUND('',#3970,.T.);
#3970 = EDGE_LOOP('',(#3971,#3972,#3973,#3974));
#3971 = ORIENTED_EDGE('',*,*,#2880,.F.);
#3972 = ORIENTED_EDGE('',*,*,#3007,.F.);
#3973 = ORIENTED_EDGE('',*,*,#3023,.T.);
#3974 = ORIENTED_EDGE('',*,*,#2953,.T.);
#3975 = PLANE('',#3976);
#3976 = AXIS2_PLACEMENT_3D('',#3977,#3978,#3979);
#3977 = CARTESIAN_POINT('',(0.,0.,6.));
#3978 = DIRECTION('',(0.,0.,1.));
#3979 = DIRECTION('',(1.,0.,0.));
#3980 = ADVANCED_FACE('',(#3981),#4042,.T.);
#3981 = FACE_BOUND('',#3982,.T.);
#3982 = EDGE_LOOP('',(#3983,#3993,#3999,#4000,#4001,#4002,#4011,#4019,
    #4028,#4036));
#3983 = ORIENTED_EDGE('',*,*,#3984,.F.);
#3984 = EDGE_CURVE('',#3985,#3987,#3989,.T.);
#3985 = VERTEX_POINT('',#3986);
#3986 = CARTESIAN_POINT('',(132.,100.,59.));
#3987 = VERTEX_POINT('',#3988);
#3988 = CARTESIAN_POINT('',(126.,100.,59.));
#3989 = LINE('',#3990,#3991);
#3990 = CARTESIAN_POINT('',(132.,100.,59.));
#3991 = VECTOR('',#3992,1.);
#3992 = DIRECTION('',(-1.,-0.,-0.));
#3993 = ORIENTED_EDGE('',*,*,#3994,.F.);
#3994 = EDGE_CURVE('',#3229,#3985,#3995,.T.);
#3995 = LINE('',#3996,#3997);
#3996 = CARTESIAN_POINT('',(132.,100.,6.));
#3997 = VECTOR('',#3998,1.);
#3998 = DIRECTION('',(0.,0.,1.));
#3999 = ORIENTED_EDGE('',*,*,#3237,.F.);
#4000 = ORIENTED_EDGE('',*,*,#2977,.T.);
#4001 = ORIENTED_EDGE('',*,*,#3408,.T.);
#4002 = ORIENTED_EDGE('',*,*,#4003,.T.);
#4003 = EDGE_CURVE('',#3401,#4004,#4006,.T.);
#4004 = VERTEX_POINT('',#4005);
#4005 = CARTESIAN_POINT('',(129.3,100.,13.4));
#4006 = CIRCLE('',#4007,0.3);
#4007 = AXIS2_PLACEMENT_3D('',#4008,#4009,#4010);
#4008 = CARTESIAN_POINT('',(129.,100.,13.4));
#4009 = DIRECTION('',(0.,-1.,0.));
#4010 = DIRECTION('',(1.,0.,0.));
#4011 = ORIENTED_EDGE('',*,*,#4012,.T.);
#4012 = EDGE_CURVE('',#4004,#4013,#4015,.T.);
#4013 = VERTEX_POINT('',#4014);
#4014 = CARTESIAN_POINT('',(129.3,100.,19.4));
#4015 = LINE('',#4016,#4017);
#4016 = CARTESIAN_POINT('',(129.3,100.,13.1));
#4017 = VECTOR('',#4018,1.);
#4018 = DIRECTION('',(0.,0.,1.));
#4019 = ORIENTED_EDGE('',*,*,#4020,.T.);
#4020 = EDGE_CURVE('',#4013,#4021,#4023,.T.);
#4021 = VERTEX_POINT('',#4022);
#4022 = CARTESIAN_POINT('',(129.,100.,19.7));
#4023 = CIRCLE('',#4024,0.3);
#4024 = AXIS2_PLACEMENT_3D('',#4025,#4026,#4027);
#4025 = CARTESIAN_POINT('',(129.,100.,19.4));
#4026 = DIRECTION('',(0.,-1.,0.));
#4027 = DIRECTION('',(1.,0.,0.));
#4028 = ORIENTED_EDGE('',*,*,#4029,.F.);
#4029 = EDGE_CURVE('',#4030,#4021,#4032,.T.);
#4030 = VERTEX_POINT('',#4031);
#4031 = CARTESIAN_POINT('',(126.,100.,19.7));
#4032 = LINE('',#4033,#4034);
#4033 = CARTESIAN_POINT('',(125.7,100.,19.7));
#4034 = VECTOR('',#4035,1.);
#4035 = DIRECTION('',(1.,0.,0.));
#4036 = ORIENTED_EDGE('',*,*,#4037,.T.);
#4037 = EDGE_CURVE('',#4030,#3987,#4038,.T.);
#4038 = LINE('',#4039,#4040);
#4039 = CARTESIAN_POINT('',(126.,100.,6.));
#4040 = VECTOR('',#4041,1.);
#4041 = DIRECTION('',(0.,0.,1.));
#4042 = PLANE('',#4043);
#4043 = AXIS2_PLACEMENT_3D('',#4044,#4045,#4046);
#4044 = CARTESIAN_POINT('',(126.,100.,6.));
#4045 = DIRECTION('',(0.,1.,0.));
#4046 = DIRECTION('',(0.,0.,1.));
#4047 = ADVANCED_FACE('',(#4048),#4054,.T.);
#4048 = FACE_BOUND('',#4049,.T.);
#4049 = EDGE_LOOP('',(#4050,#4051,#4052,#4053));
#4050 = ORIENTED_EDGE('',*,*,#3120,.F.);
#4051 = ORIENTED_EDGE('',*,*,#3040,.T.);
#4052 = ORIENTED_EDGE('',*,*,#3072,.T.);
#4053 = ORIENTED_EDGE('',*,*,#3095,.F.);
#4054 = PLANE('',#4055);
#4055 = AXIS2_PLACEMENT_3D('',#4056,#4057,#4058);
#4056 = CARTESIAN_POINT('',(120.9,93.9,1.7));
#4057 = DIRECTION('',(0.,0.,1.));
#4058 = DIRECTION('',(1.,0.,0.));
#4059 = ADVANCED_FACE('',(#4060),#4072,.T.);
#4060 = FACE_BOUND('',#4061,.T.);
#4061 = EDGE_LOOP('',(#4062,#4069,#4070,#4071));
#4062 = ORIENTED_EDGE('',*,*,#4063,.F.);
#4063 = EDGE_CURVE('',#3154,#3874,#4064,.T.);
#4064 = CIRCLE('',#4065,1.);
#4065 = AXIS2_PLACEMENT_3D('',#4066,#4067,#4068);
#4066 = CARTESIAN_POINT('',(141.,10.,1.));
#4067 = DIRECTION('',(-0.,1.,0.));
#4068 = DIRECTION('',(1.,0.,0.));
#4069 = ORIENTED_EDGE('',*,*,#3161,.T.);
#4070 = ORIENTED_EDGE('',*,*,#3604,.T.);
#4071 = ORIENTED_EDGE('',*,*,#3881,.F.);
#4072 = TOROIDAL_SURFACE('',#4073,9.,1.);
#4073 = AXIS2_PLACEMENT_3D('',#4074,#4075,#4076);
#4074 = CARTESIAN_POINT('',(132.,10.,1.));
#4075 = DIRECTION('',(-0.,-0.,-1.));
#4076 = DIRECTION('',(1.,0.,0.));
#4077 = ADVANCED_FACE('',(#4078),#4090,.T.);
#4078 = FACE_BOUND('',#4079,.T.);
#4079 = EDGE_LOOP('',(#4080,#4081,#4088,#4089));
#4080 = ORIENTED_EDGE('',*,*,#3211,.F.);
#4081 = ORIENTED_EDGE('',*,*,#4082,.F.);
#4082 = EDGE_CURVE('',#3951,#3204,#4083,.T.);
#4083 = CIRCLE('',#4084,10.);
#4084 = AXIS2_PLACEMENT_3D('',#4085,#4086,#4087);
#4085 = CARTESIAN_POINT('',(132.,90.,1.));
#4086 = DIRECTION('',(0.,0.,-1.));
#4087 = DIRECTION('',(0.,1.,0.));
#4088 = ORIENTED_EDGE('',*,*,#3950,.T.);
#4089 = ORIENTED_EDGE('',*,*,#3179,.T.);
#4090 = CYLINDRICAL_SURFACE('',#4091,10.);
#4091 = AXIS2_PLACEMENT_3D('',#4092,#4093,#4094);
#4092 = CARTESIAN_POINT('',(132.,90.,0.));
#4093 = DIRECTION('',(0.,0.,1.));
#4094 = DIRECTION('',(1.,0.,0.));
#4095 = ADVANCED_FACE('',(#4096),#4108,.T.);
#4096 = FACE_BOUND('',#4097,.F.);
#4097 = EDGE_LOOP('',(#4098,#4105,#4106,#4107));
#4098 = ORIENTED_EDGE('',*,*,#4099,.T.);
#4099 = EDGE_CURVE('',#3204,#3865,#4100,.T.);
#4100 = CIRCLE('',#4101,1.);
#4101 = AXIS2_PLACEMENT_3D('',#4102,#4103,#4104);
#4102 = CARTESIAN_POINT('',(141.,90.,1.));
#4103 = DIRECTION('',(-6.E-17,1.,0.));
#4104 = DIRECTION('',(1.,6.E-17,0.));
#4105 = ORIENTED_EDGE('',*,*,#3873,.T.);
#4106 = ORIENTED_EDGE('',*,*,#4063,.F.);
#4107 = ORIENTED_EDGE('',*,*,#3203,.F.);
#4108 = CYLINDRICAL_SURFACE('',#4109,1.);
#4109 = AXIS2_PLACEMENT_3D('',#4110,#4111,#4112);
#4110 = CARTESIAN_POINT('',(141.,90.,1.));
#4111 = DIRECTION('',(-0.,-1.,-0.));
#4112 = DIRECTION('',(1.,0.,0.));
#4113 = ADVANCED_FACE('',(#4114),#4133,.T.);
#4114 = FACE_BOUND('',#4115,.T.);
#4115 = EDGE_LOOP('',(#4116,#4124,#4125,#4126));
#4116 = ORIENTED_EDGE('',*,*,#4117,.F.);
#4117 = EDGE_CURVE('',#3227,#4118,#4120,.T.);
#4118 = VERTEX_POINT('',#4119);
#4119 = CARTESIAN_POINT('',(142.,90.,59.));
#4120 = LINE('',#4121,#4122);
#4121 = CARTESIAN_POINT('',(142.,90.,6.));
#4122 = VECTOR('',#4123,1.);
#4123 = DIRECTION('',(0.,0.,1.));
#4124 = ORIENTED_EDGE('',*,*,#3226,.T.);
#4125 = ORIENTED_EDGE('',*,*,#3994,.T.);
#4126 = ORIENTED_EDGE('',*,*,#4127,.F.);
#4127 = EDGE_CURVE('',#4118,#3985,#4128,.T.);
#4128 = CIRCLE('',#4129,10.);
#4129 = AXIS2_PLACEMENT_3D('',#4130,#4131,#4132);
#4130 = CARTESIAN_POINT('',(132.,90.,59.));
#4131 = DIRECTION('',(0.,0.,1.));
#4132 = DIRECTION('',(1.,0.,0.));
#4133 = CYLINDRICAL_SURFACE('',#4134,10.);
#4134 = AXIS2_PLACEMENT_3D('',#4135,#4136,#4137);
#4135 = CARTESIAN_POINT('',(132.,90.,6.));
#4136 = DIRECTION('',(0.,0.,1.));
#4137 = DIRECTION('',(1.,0.,0.));
#4138 = ADVANCED_FACE('',(#4139),#4150,.T.);
#4139 = FACE_BOUND('',#4140,.T.);
#4140 = EDGE_LOOP('',(#4141,#4142,#4148,#4149));
#4141 = ORIENTED_EDGE('',*,*,#4117,.T.);
#4142 = ORIENTED_EDGE('',*,*,#4143,.F.);
#4143 = EDGE_CURVE('',#3433,#4118,#4144,.T.);
#4144 = LINE('',#4145,#4146);
#4145 = CARTESIAN_POINT('',(142.,84.,59.));
#4146 = VECTOR('',#4147,1.);
#4147 = DIRECTION('',(0.,1.,0.));
#4148 = ORIENTED_EDGE('',*,*,#3440,.F.);
#4149 = ORIENTED_EDGE('',*,*,#3255,.T.);
#4150 = PLANE('',#4151);
#4151 = AXIS2_PLACEMENT_3D('',#4152,#4153,#4154);
#4152 = CARTESIAN_POINT('',(142.,84.,6.));
#4153 = DIRECTION('',(1.,0.,0.));
#4154 = DIRECTION('',(0.,0.,1.));
#4155 = ADVANCED_FACE('',(#4156),#4175,.T.);
#4156 = FACE_BOUND('',#4157,.T.);
#4157 = EDGE_LOOP('',(#4158,#4166,#4167,#4168));
#4158 = ORIENTED_EDGE('',*,*,#4159,.F.);
#4159 = EDGE_CURVE('',#3365,#4160,#4162,.T.);
#4160 = VERTEX_POINT('',#4161);
#4161 = CARTESIAN_POINT('',(136.8,8.,65.5));
#4162 = LINE('',#4163,#4164);
#4163 = CARTESIAN_POINT('',(137.4,8.,64.9));
#4164 = VECTOR('',#4165,1.);
#4165 = DIRECTION('',(-0.707106781187,0.,0.707106781187));
#4166 = ORIENTED_EDGE('',*,*,#3372,.T.);
#4167 = ORIENTED_EDGE('',*,*,#4159,.T.);
#4168 = ORIENTED_EDGE('',*,*,#4169,.F.);
#4169 = EDGE_CURVE('',#4160,#4160,#4170,.T.);
#4170 = CIRCLE('',#4171,2.8);
#4171 = AXIS2_PLACEMENT_3D('',#4172,#4173,#4174);
#4172 = CARTESIAN_POINT('',(134.,8.,65.5));
#4173 = DIRECTION('',(0.,0.,1.));
#4174 = DIRECTION('',(1.,0.,0.));
#4175 = CONICAL_SURFACE('',#4176,3.4,0.785398163397);
#4176 = AXIS2_PLACEMENT_3D('',#4177,#4178,#4179);
#4177 = CARTESIAN_POINT('',(134.,8.,64.9));
#4178 = DIRECTION('',(-0.,-0.,-1.));
#4179 = DIRECTION('',(1.,0.,0.));
#4180 = ADVANCED_FACE('',(#4181),#4192,.F.);
#4181 = FACE_BOUND('',#4182,.F.);
#4182 = EDGE_LOOP('',(#4183,#4184,#4185,#4186));
#4183 = ORIENTED_EDGE('',*,*,#3452,.F.);
#4184 = ORIENTED_EDGE('',*,*,#3400,.T.);
#4185 = ORIENTED_EDGE('',*,*,#4003,.T.);
#4186 = ORIENTED_EDGE('',*,*,#4187,.F.);
#4187 = EDGE_CURVE('',#3453,#4004,#4188,.T.);
#4188 = LINE('',#4189,#4190);
#4189 = CARTESIAN_POINT('',(129.3,83.7,13.4));
#4190 = VECTOR('',#4191,1.);
#4191 = DIRECTION('',(0.,1.,0.));
#4192 = CYLINDRICAL_SURFACE('',#4193,0.3);
#4193 = AXIS2_PLACEMENT_3D('',#4194,#4195,#4196);
#4194 = CARTESIAN_POINT('',(129.,83.7,13.4));
#4195 = DIRECTION('',(0.,1.,0.));
#4196 = DIRECTION('',(1.,0.,0.));
#4197 = ADVANCED_FACE('',(#4198),#4214,.F.);
#4198 = FACE_BOUND('',#4199,.F.);
#4199 = EDGE_LOOP('',(#4200,#4201,#4207,#4208));
#4200 = ORIENTED_EDGE('',*,*,#3422,.F.);
#4201 = ORIENTED_EDGE('',*,*,#4202,.T.);
#4202 = EDGE_CURVE('',#3423,#4030,#4203,.T.);
#4203 = LINE('',#4204,#4205);
#4204 = CARTESIAN_POINT('',(126.,83.7,19.7));
#4205 = VECTOR('',#4206,1.);
#4206 = DIRECTION('',(0.,1.,0.));
#4207 = ORIENTED_EDGE('',*,*,#4037,.T.);
#4208 = ORIENTED_EDGE('',*,*,#4209,.F.);
#4209 = EDGE_CURVE('',#3425,#3987,#4210,.T.);
#4210 = LINE('',#4211,#4212);
#4211 = CARTESIAN_POINT('',(126.,84.,59.));
#4212 = VECTOR('',#4213,1.);
#4213 = DIRECTION('',(0.,1.,0.));
#4214 = PLANE('',#4215);
#4215 = AXIS2_PLACEMENT_3D('',#4216,#4217,#4218);
#4216 = CARTESIAN_POINT('',(126.,84.,6.));
#4217 = DIRECTION('',(1.,0.,0.));
#4218 = DIRECTION('',(0.,0.,1.));
#4219 = ADVANCED_FACE('',(#4220),#4231,.F.);
#4220 = FACE_BOUND('',#4221,.F.);
#4221 = EDGE_LOOP('',(#4222,#4223,#4224,#4230));
#4222 = ORIENTED_EDGE('',*,*,#4202,.F.);
#4223 = ORIENTED_EDGE('',*,*,#3478,.T.);
#4224 = ORIENTED_EDGE('',*,*,#4225,.T.);
#4225 = EDGE_CURVE('',#3470,#4021,#4226,.T.);
#4226 = LINE('',#4227,#4228);
#4227 = CARTESIAN_POINT('',(129.,83.7,19.7));
#4228 = VECTOR('',#4229,1.);
#4229 = DIRECTION('',(0.,1.,0.));
#4230 = ORIENTED_EDGE('',*,*,#4029,.F.);
#4231 = PLANE('',#4232);
#4232 = AXIS2_PLACEMENT_3D('',#4233,#4234,#4235);
#4233 = CARTESIAN_POINT('',(125.7,83.7,19.7));
#4234 = DIRECTION('',(0.,0.,1.));
#4235 = DIRECTION('',(1.,0.,0.));
#4236 = ADVANCED_FACE('',(#4237),#4248,.F.);
#4237 = FACE_BOUND('',#4238,.T.);
#4238 = EDGE_LOOP('',(#4239,#4240,#4241,#4242));
#4239 = ORIENTED_EDGE('',*,*,#3469,.F.);
#4240 = ORIENTED_EDGE('',*,*,#4225,.T.);
#4241 = ORIENTED_EDGE('',*,*,#4020,.F.);
#4242 = ORIENTED_EDGE('',*,*,#4243,.F.);
#4243 = EDGE_CURVE('',#3462,#4013,#4244,.T.);
#4244 = LINE('',#4245,#4246);
#4245 = CARTESIAN_POINT('',(129.3,83.7,19.4));
#4246 = VECTOR('',#4247,1.);
#4247 = DIRECTION('',(0.,1.,0.));
#4248 = CYLINDRICAL_SURFACE('',#4249,0.3);
#4249 = AXIS2_PLACEMENT_3D('',#4250,#4251,#4252);
#4250 = CARTESIAN_POINT('',(129.,83.7,19.4));
#4251 = DIRECTION('',(0.,1.,0.));
#4252 = DIRECTION('',(1.,0.,0.));
#4253 = ADVANCED_FACE('',(#4254),#4260,.F.);
#4254 = FACE_BOUND('',#4255,.F.);
#4255 = EDGE_LOOP('',(#4256,#4257,#4258,#4259));
#4256 = ORIENTED_EDGE('',*,*,#3461,.F.);
#4257 = ORIENTED_EDGE('',*,*,#4187,.T.);
#4258 = ORIENTED_EDGE('',*,*,#4012,.T.);
#4259 = ORIENTED_EDGE('',*,*,#4243,.F.);
#4260 = PLANE('',#4261);
#4261 = AXIS2_PLACEMENT_3D('',#4262,#4263,#4264);
#4262 = CARTESIAN_POINT('',(129.3,83.7,13.1));
#4263 = DIRECTION('',(1.,0.,0.));
#4264 = DIRECTION('',(0.,0.,1.));
#4265 = ADVANCED_FACE('',(#4266),#4293,.T.);
#4266 = FACE_BOUND('',#4267,.T.);
#4267 = EDGE_LOOP('',(#4268,#4277,#4278,#4287));
#4268 = ORIENTED_EDGE('',*,*,#4269,.T.);
#4269 = EDGE_CURVE('',#4270,#3425,#4272,.T.);
#4270 = VERTEX_POINT('',#4271);
#4271 = CARTESIAN_POINT('',(127.,85.,60.));
#4272 = ELLIPSE('',#4273,1.414213562373,1.);
#4273 = AXIS2_PLACEMENT_3D('',#4274,#4275,#4276);
#4274 = CARTESIAN_POINT('',(127.,85.,59.));
#4275 = DIRECTION('',(0.707106781187,-0.707106781187,0.));
#4276 = DIRECTION('',(0.707106781187,0.707106781187,0.));
#4277 = ORIENTED_EDGE('',*,*,#3432,.T.);
#4278 = ORIENTED_EDGE('',*,*,#4279,.T.);
#4279 = EDGE_CURVE('',#3433,#4280,#4282,.T.);
#4280 = VERTEX_POINT('',#4281);
#4281 = CARTESIAN_POINT('',(141.,85.,60.));
#4282 = ELLIPSE('',#4283,1.414213562373,1.);
#4283 = AXIS2_PLACEMENT_3D('',#4284,#4285,#4286);
#4284 = CARTESIAN_POINT('',(141.,85.,59.));
#4285 = DIRECTION('',(-0.707106781187,-0.707106781187,-0.));
#4286 = DIRECTION('',(-0.707106781187,0.707106781187,0.));
#4287 = ORIENTED_EDGE('',*,*,#4288,.F.);
#4288 = EDGE_CURVE('',#4270,#4280,#4289,.T.);
#4289 = LINE('',#4290,#4291);
#4290 = CARTESIAN_POINT('',(126.,85.,60.));
#4291 = VECTOR('',#4292,1.);
#4292 = DIRECTION('',(1.,0.,0.));
#4293 = CYLINDRICAL_SURFACE('',#4294,1.);
#4294 = AXIS2_PLACEMENT_3D('',#4295,#4296,#4297);
#4295 = CARTESIAN_POINT('',(126.,85.,59.));
#4296 = DIRECTION('',(1.,0.,0.));
#4297 = DIRECTION('',(0.,0.,1.));
#4298 = ADVANCED_FACE('',(#4299),#4310,.F.);
#4299 = FACE_BOUND('',#4300,.T.);
#4300 = EDGE_LOOP('',(#4301,#4302,#4303,#4304));
#4301 = ORIENTED_EDGE('',*,*,#3577,.F.);
#4302 = ORIENTED_EDGE('',*,*,#3492,.T.);
#4303 = ORIENTED_EDGE('',*,*,#3769,.T.);
#4304 = ORIENTED_EDGE('',*,*,#4305,.F.);
#4305 = EDGE_CURVE('',#3570,#3762,#4306,.T.);
#4306 = LINE('',#4307,#4308);
#4307 = CARTESIAN_POINT('',(12.7,83.7,13.4));
#4308 = VECTOR('',#4309,1.);
#4309 = DIRECTION('',(0.,1.,0.));
#4310 = CYLINDRICAL_SURFACE('',#4311,0.3);
#4311 = AXIS2_PLACEMENT_3D('',#4312,#4313,#4314);
#4312 = CARTESIAN_POINT('',(13.,83.7,13.4));
#4313 = DIRECTION('',(0.,1.,0.));
#4314 = DIRECTION('',(-1.,0.,0.));
#4315 = ADVANCED_FACE('',(#4316),#4327,.T.);
#4316 = FACE_BOUND('',#4317,.T.);
#4317 = EDGE_LOOP('',(#4318,#4319,#4320,#4321));
#4318 = ORIENTED_EDGE('',*,*,#3569,.F.);
#4319 = ORIENTED_EDGE('',*,*,#4305,.T.);
#4320 = ORIENTED_EDGE('',*,*,#3761,.T.);
#4321 = ORIENTED_EDGE('',*,*,#4322,.F.);
#4322 = EDGE_CURVE('',#3561,#3753,#4323,.T.);
#4323 = LINE('',#4324,#4325);
#4324 = CARTESIAN_POINT('',(12.7,83.7,19.4));
#4325 = VECTOR('',#4326,1.);
#4326 = DIRECTION('',(0.,1.,0.));
#4327 = PLANE('',#4328);
#4328 = AXIS2_PLACEMENT_3D('',#4329,#4330,#4331);
#4329 = CARTESIAN_POINT('',(12.7,83.7,13.1));
#4330 = DIRECTION('',(1.,0.,0.));
#4331 = DIRECTION('',(0.,0.,1.));
#4332 = ADVANCED_FACE('',(#4333),#4344,.F.);
#4333 = FACE_BOUND('',#4334,.F.);
#4334 = EDGE_LOOP('',(#4335,#4336,#4342,#4343));
#4335 = ORIENTED_EDGE('',*,*,#3560,.F.);
#4336 = ORIENTED_EDGE('',*,*,#4337,.T.);
#4337 = EDGE_CURVE('',#3553,#3745,#4338,.T.);
#4338 = LINE('',#4339,#4340);
#4339 = CARTESIAN_POINT('',(13.,83.7,19.7));
#4340 = VECTOR('',#4341,1.);
#4341 = DIRECTION('',(0.,1.,0.));
#4342 = ORIENTED_EDGE('',*,*,#3752,.F.);
#4343 = ORIENTED_EDGE('',*,*,#4322,.F.);
#4344 = CYLINDRICAL_SURFACE('',#4345,0.3);
#4345 = AXIS2_PLACEMENT_3D('',#4346,#4347,#4348);
#4346 = CARTESIAN_POINT('',(13.,83.7,19.4));
#4347 = DIRECTION('',(0.,1.,0.));
#4348 = DIRECTION('',(-1.,0.,0.));
#4349 = ADVANCED_FACE('',(#4350),#4361,.F.);
#4350 = FACE_BOUND('',#4351,.F.);
#4351 = EDGE_LOOP('',(#4352,#4353,#4354,#4360));
#4352 = ORIENTED_EDGE('',*,*,#4337,.F.);
#4353 = ORIENTED_EDGE('',*,*,#3552,.T.);
#4354 = ORIENTED_EDGE('',*,*,#4355,.T.);
#4355 = EDGE_CURVE('',#3545,#3737,#4356,.T.);
#4356 = LINE('',#4357,#4358);
#4357 = CARTESIAN_POINT('',(16.,83.7,19.7));
#4358 = VECTOR('',#4359,1.);
#4359 = DIRECTION('',(0.,1.,0.));
#4360 = ORIENTED_EDGE('',*,*,#3744,.F.);
#4361 = PLANE('',#4362);
#4362 = AXIS2_PLACEMENT_3D('',#4363,#4364,#4365);
#4363 = CARTESIAN_POINT('',(12.7,83.7,19.7));
#4364 = DIRECTION('',(0.,0.,1.));
#4365 = DIRECTION('',(1.,0.,0.));
#4366 = ADVANCED_FACE('',(#4367),#4378,.T.);
#4367 = FACE_BOUND('',#4368,.T.);
#4368 = EDGE_LOOP('',(#4369,#4370,#4371,#4372));
#4369 = ORIENTED_EDGE('',*,*,#3544,.F.);
#4370 = ORIENTED_EDGE('',*,*,#4355,.T.);
#4371 = ORIENTED_EDGE('',*,*,#3736,.T.);
#4372 = ORIENTED_EDGE('',*,*,#4373,.F.);
#4373 = EDGE_CURVE('',#3537,#3729,#4374,.T.);
#4374 = LINE('',#4375,#4376);
#4375 = CARTESIAN_POINT('',(16.,84.,59.));
#4376 = VECTOR('',#4377,1.);
#4377 = DIRECTION('',(0.,1.,0.));
#4378 = PLANE('',#4379);
#4379 = AXIS2_PLACEMENT_3D('',#4380,#4381,#4382);
#4380 = CARTESIAN_POINT('',(16.,84.,6.));
#4381 = DIRECTION('',(1.,0.,0.));
#4382 = DIRECTION('',(0.,0.,1.));
#4383 = ADVANCED_FACE('',(#4384),#4411,.T.);
#4384 = FACE_BOUND('',#4385,.T.);
#4385 = EDGE_LOOP('',(#4386,#4395,#4396,#4405));
#4386 = ORIENTED_EDGE('',*,*,#4387,.F.);
#4387 = EDGE_CURVE('',#3529,#4388,#4390,.T.);
#4388 = VERTEX_POINT('',#4389);
#4389 = CARTESIAN_POINT('',(1.,85.,60.));
#4390 = ELLIPSE('',#4391,1.414213562373,1.);
#4391 = AXIS2_PLACEMENT_3D('',#4392,#4393,#4394);
#4392 = CARTESIAN_POINT('',(1.,85.,59.));
#4393 = DIRECTION('',(-0.707106781187,0.707106781187,0.));
#4394 = DIRECTION('',(0.707106781187,0.707106781187,0.));
#4395 = ORIENTED_EDGE('',*,*,#3536,.T.);
#4396 = ORIENTED_EDGE('',*,*,#4397,.F.);
#4397 = EDGE_CURVE('',#4398,#3537,#4400,.T.);
#4398 = VERTEX_POINT('',#4399);
#4399 = CARTESIAN_POINT('',(15.,85.,60.));
#4400 = ELLIPSE('',#4401,1.414213562373,1.);
#4401 = AXIS2_PLACEMENT_3D('',#4402,#4403,#4404);
#4402 = CARTESIAN_POINT('',(15.,85.,59.));
#4403 = DIRECTION('',(0.707106781187,0.707106781187,0.));
#4404 = DIRECTION('',(0.707106781187,-0.707106781187,0.));
#4405 = ORIENTED_EDGE('',*,*,#4406,.F.);
#4406 = EDGE_CURVE('',#4388,#4398,#4407,.T.);
#4407 = LINE('',#4408,#4409);
#4408 = CARTESIAN_POINT('',(0.,85.,60.));
#4409 = VECTOR('',#4410,1.);
#4410 = DIRECTION('',(1.,0.,0.));
#4411 = CYLINDRICAL_SURFACE('',#4412,1.);
#4412 = AXIS2_PLACEMENT_3D('',#4413,#4414,#4415);
#4413 = CARTESIAN_POINT('',(0.,85.,59.));
#4414 = DIRECTION('',(1.,0.,0.));
#4415 = DIRECTION('',(0.,0.,1.));
#4416 = ADVANCED_FACE('',(#4417),#4429,.T.);
#4417 = FACE_BOUND('',#4418,.T.);
#4418 = EDGE_LOOP('',(#4419,#4420,#4421,#4428));
#4419 = ORIENTED_EDGE('',*,*,#3654,.F.);
#4420 = ORIENTED_EDGE('',*,*,#3671,.T.);
#4421 = ORIENTED_EDGE('',*,*,#4422,.T.);
#4422 = EDGE_CURVE('',#3672,#3848,#4423,.T.);
#4423 = CIRCLE('',#4424,1.);
#4424 = AXIS2_PLACEMENT_3D('',#4425,#4426,#4427);
#4425 = CARTESIAN_POINT('',(10.,99.,1.));
#4426 = DIRECTION('',(-1.,-6.E-17,-0.));
#4427 = DIRECTION('',(-6.E-17,1.,0.));
#4428 = ORIENTED_EDGE('',*,*,#3847,.F.);
#4429 = TOROIDAL_SURFACE('',#4430,9.,1.);
#4430 = AXIS2_PLACEMENT_3D('',#4431,#4432,#4433);
#4431 = CARTESIAN_POINT('',(10.,90.,1.));
#4432 = DIRECTION('',(-0.,-0.,-1.));
#4433 = DIRECTION('',(-1.,0.,0.));
#4434 = ADVANCED_FACE('',(#4435),#4463,.T.);
#4435 = FACE_BOUND('',#4436,.F.);
#4436 = EDGE_LOOP('',(#4437,#4446,#4447,#4456));
#4437 = ORIENTED_EDGE('',*,*,#4438,.F.);
#4438 = EDGE_CURVE('',#3696,#4439,#4441,.T.);
#4439 = VERTEX_POINT('',#4440);
#4440 = CARTESIAN_POINT('',(1.,90.,60.));
#4441 = CIRCLE('',#4442,1.);
#4442 = AXIS2_PLACEMENT_3D('',#4443,#4444,#4445);
#4443 = CARTESIAN_POINT('',(1.,90.,59.));
#4444 = DIRECTION('',(0.,1.,-0.));
#4445 = DIRECTION('',(-1.,0.,0.));
#4446 = ORIENTED_EDGE('',*,*,#3712,.T.);
#4447 = ORIENTED_EDGE('',*,*,#4448,.T.);
#4448 = EDGE_CURVE('',#3705,#4449,#4451,.T.);
#4449 = VERTEX_POINT('',#4450);
#4450 = CARTESIAN_POINT('',(10.,99.,60.));
#4451 = CIRCLE('',#4452,1.);
#4452 = AXIS2_PLACEMENT_3D('',#4453,#4454,#4455);
#4453 = CARTESIAN_POINT('',(10.,99.,59.));
#4454 = DIRECTION('',(1.,6.E-17,-0.));
#4455 = DIRECTION('',(-6.E-17,1.,0.));
#4456 = ORIENTED_EDGE('',*,*,#4457,.F.);
#4457 = EDGE_CURVE('',#4439,#4449,#4458,.T.);
#4458 = CIRCLE('',#4459,9.);
#4459 = AXIS2_PLACEMENT_3D('',#4460,#4461,#4462);
#4460 = CARTESIAN_POINT('',(10.,90.,60.));
#4461 = DIRECTION('',(0.,0.,-1.));
#4462 = DIRECTION('',(-1.,0.,0.));
#4463 = TOROIDAL_SURFACE('',#4464,9.,1.);
#4464 = AXIS2_PLACEMENT_3D('',#4465,#4466,#4467);
#4465 = CARTESIAN_POINT('',(10.,90.,59.));
#4466 = DIRECTION('',(0.,0.,1.));
#4467 = DIRECTION('',(-1.,0.,0.));
#4468 = ADVANCED_FACE('',(#4469),#4488,.T.);
#4469 = FACE_BOUND('',#4470,.T.);
#4470 = EDGE_LOOP('',(#4471,#4472,#4480,#4487));
#4471 = ORIENTED_EDGE('',*,*,#4448,.T.);
#4472 = ORIENTED_EDGE('',*,*,#4473,.T.);
#4473 = EDGE_CURVE('',#4449,#4474,#4476,.T.);
#4474 = VERTEX_POINT('',#4475);
#4475 = CARTESIAN_POINT('',(15.,99.,60.));
#4476 = LINE('',#4477,#4478);
#4477 = CARTESIAN_POINT('',(10.,99.,60.));
#4478 = VECTOR('',#4479,1.);
#4479 = DIRECTION('',(1.,0.,0.));
#4480 = ORIENTED_EDGE('',*,*,#4481,.F.);
#4481 = EDGE_CURVE('',#3729,#4474,#4482,.T.);
#4482 = ELLIPSE('',#4483,1.414213562373,1.);
#4483 = AXIS2_PLACEMENT_3D('',#4484,#4485,#4486);
#4484 = CARTESIAN_POINT('',(15.,99.,59.));
#4485 = DIRECTION('',(0.707106781187,-0.707106781187,0.));
#4486 = DIRECTION('',(0.707106781187,0.707106781187,0.));
#4487 = ORIENTED_EDGE('',*,*,#3728,.F.);
#4488 = CYLINDRICAL_SURFACE('',#4489,1.);
#4489 = AXIS2_PLACEMENT_3D('',#4490,#4491,#4492);
#4490 = CARTESIAN_POINT('',(10.,99.,59.));
#4491 = DIRECTION('',(1.,0.,0.));
#4492 = DIRECTION('',(0.,1.,0.));
#4493 = ADVANCED_FACE('',(#4494),#4505,.T.);
#4494 = FACE_BOUND('',#4495,.T.);
#4495 = EDGE_LOOP('',(#4496,#4497,#4503,#4504));
#4496 = ORIENTED_EDGE('',*,*,#4387,.T.);
#4497 = ORIENTED_EDGE('',*,*,#4498,.T.);
#4498 = EDGE_CURVE('',#4388,#4439,#4499,.T.);
#4499 = LINE('',#4500,#4501);
#4500 = CARTESIAN_POINT('',(1.,84.,60.));
#4501 = VECTOR('',#4502,1.);
#4502 = DIRECTION('',(0.,1.,0.));
#4503 = ORIENTED_EDGE('',*,*,#4438,.F.);
#4504 = ORIENTED_EDGE('',*,*,#3788,.F.);
#4505 = CYLINDRICAL_SURFACE('',#4506,1.);
#4506 = AXIS2_PLACEMENT_3D('',#4507,#4508,#4509);
#4507 = CARTESIAN_POINT('',(1.,84.,59.));
#4508 = DIRECTION('',(0.,1.,0.));
#4509 = DIRECTION('',(-1.,0.,0.));
#4510 = ADVANCED_FACE('',(#4511),#4523,.T.);
#4511 = FACE_BOUND('',#4512,.F.);
#4512 = EDGE_LOOP('',(#4513,#4514,#4515,#4522));
#4513 = ORIENTED_EDGE('',*,*,#4422,.T.);
#4514 = ORIENTED_EDGE('',*,*,#3856,.T.);
#4515 = ORIENTED_EDGE('',*,*,#4516,.F.);
#4516 = EDGE_CURVE('',#3951,#3857,#4517,.T.);
#4517 = CIRCLE('',#4518,1.);
#4518 = AXIS2_PLACEMENT_3D('',#4519,#4520,#4521);
#4519 = CARTESIAN_POINT('',(132.,99.,1.));
#4520 = DIRECTION('',(-1.,0.,0.));
#4521 = DIRECTION('',(0.,1.,0.));
#4522 = ORIENTED_EDGE('',*,*,#3958,.F.);
#4523 = CYLINDRICAL_SURFACE('',#4524,1.);
#4524 = AXIS2_PLACEMENT_3D('',#4525,#4526,#4527);
#4525 = CARTESIAN_POINT('',(10.,99.,1.));
#4526 = DIRECTION('',(1.,0.,0.));
#4527 = DIRECTION('',(0.,1.,0.));
#4528 = ADVANCED_FACE('',(#4529),#4535,.T.);
#4529 = FACE_BOUND('',#4530,.T.);
#4530 = EDGE_LOOP('',(#4531,#4532,#4533,#4534));
#4531 = ORIENTED_EDGE('',*,*,#4516,.F.);
#4532 = ORIENTED_EDGE('',*,*,#4082,.T.);
#4533 = ORIENTED_EDGE('',*,*,#4099,.T.);
#4534 = ORIENTED_EDGE('',*,*,#3864,.F.);
#4535 = TOROIDAL_SURFACE('',#4536,9.,1.);
#4536 = AXIS2_PLACEMENT_3D('',#4537,#4538,#4539);
#4537 = CARTESIAN_POINT('',(132.,90.,1.));
#4538 = DIRECTION('',(-0.,-0.,-1.));
#4539 = DIRECTION('',(0.,1.,0.));
#4540 = ADVANCED_FACE('',(#4541),#4560,.F.);
#4541 = FACE_BOUND('',#4542,.T.);
#4542 = EDGE_LOOP('',(#4543,#4544,#4552,#4559));
#4543 = ORIENTED_EDGE('',*,*,#3898,.T.);
#4544 = ORIENTED_EDGE('',*,*,#4545,.T.);
#4545 = EDGE_CURVE('',#3899,#4546,#4548,.T.);
#4546 = VERTEX_POINT('',#4547);
#4547 = CARTESIAN_POINT('',(137.9,92.,6.));
#4548 = LINE('',#4549,#4550);
#4549 = CARTESIAN_POINT('',(137.9,92.,-1.));
#4550 = VECTOR('',#4551,1.);
#4551 = DIRECTION('',(0.,0.,1.));
#4552 = ORIENTED_EDGE('',*,*,#4553,.T.);
#4553 = EDGE_CURVE('',#4546,#4546,#4554,.T.);
#4554 = CIRCLE('',#4555,3.9);
#4555 = AXIS2_PLACEMENT_3D('',#4556,#4557,#4558);
#4556 = CARTESIAN_POINT('',(134.,92.,6.));
#4557 = DIRECTION('',(0.,0.,1.));
#4558 = DIRECTION('',(1.,0.,0.));
#4559 = ORIENTED_EDGE('',*,*,#4545,.F.);
#4560 = CYLINDRICAL_SURFACE('',#4561,3.9);
#4561 = AXIS2_PLACEMENT_3D('',#4562,#4563,#4564);
#4562 = CARTESIAN_POINT('',(134.,92.,-1.));
#4563 = DIRECTION('',(-0.,-0.,-1.));
#4564 = DIRECTION('',(1.,0.,0.));
#4565 = ADVANCED_FACE('',(#4566),#4585,.F.);
#4566 = FACE_BOUND('',#4567,.T.);
#4567 = EDGE_LOOP('',(#4568,#4569,#4577,#4584));
#4568 = ORIENTED_EDGE('',*,*,#3909,.T.);
#4569 = ORIENTED_EDGE('',*,*,#4570,.T.);
#4570 = EDGE_CURVE('',#3910,#4571,#4573,.T.);
#4571 = VERTEX_POINT('',#4572);
#4572 = CARTESIAN_POINT('',(137.9,8.,6.));
#4573 = LINE('',#4574,#4575);
#4574 = CARTESIAN_POINT('',(137.9,8.,-1.));
#4575 = VECTOR('',#4576,1.);
#4576 = DIRECTION('',(0.,0.,1.));
#4577 = ORIENTED_EDGE('',*,*,#4578,.T.);
#4578 = EDGE_CURVE('',#4571,#4571,#4579,.T.);
#4579 = CIRCLE('',#4580,3.9);
#4580 = AXIS2_PLACEMENT_3D('',#4581,#4582,#4583);
#4581 = CARTESIAN_POINT('',(134.,8.,6.));
#4582 = DIRECTION('',(0.,0.,1.));
#4583 = DIRECTION('',(1.,0.,0.));
#4584 = ORIENTED_EDGE('',*,*,#4570,.F.);
#4585 = CYLINDRICAL_SURFACE('',#4586,3.9);
#4586 = AXIS2_PLACEMENT_3D('',#4587,#4588,#4589);
#4587 = CARTESIAN_POINT('',(134.,8.,-1.));
#4588 = DIRECTION('',(-0.,-0.,-1.));
#4589 = DIRECTION('',(1.,0.,0.));
#4590 = ADVANCED_FACE('',(#4591),#4610,.F.);
#4591 = FACE_BOUND('',#4592,.T.);
#4592 = EDGE_LOOP('',(#4593,#4594,#4602,#4609));
#4593 = ORIENTED_EDGE('',*,*,#3920,.T.);
#4594 = ORIENTED_EDGE('',*,*,#4595,.T.);
#4595 = EDGE_CURVE('',#3921,#4596,#4598,.T.);
#4596 = VERTEX_POINT('',#4597);
#4597 = CARTESIAN_POINT('',(11.9,92.,6.));
#4598 = LINE('',#4599,#4600);
#4599 = CARTESIAN_POINT('',(11.9,92.,-1.));
#4600 = VECTOR('',#4601,1.);
#4601 = DIRECTION('',(0.,0.,1.));
#4602 = ORIENTED_EDGE('',*,*,#4603,.T.);
#4603 = EDGE_CURVE('',#4596,#4596,#4604,.T.);
#4604 = CIRCLE('',#4605,3.9);
#4605 = AXIS2_PLACEMENT_3D('',#4606,#4607,#4608);
#4606 = CARTESIAN_POINT('',(8.,92.,6.));
#4607 = DIRECTION('',(0.,0.,1.));
#4608 = DIRECTION('',(1.,0.,0.));
#4609 = ORIENTED_EDGE('',*,*,#4595,.F.);
#4610 = CYLINDRICAL_SURFACE('',#4611,3.9);
#4611 = AXIS2_PLACEMENT_3D('',#4612,#4613,#4614);
#4612 = CARTESIAN_POINT('',(8.,92.,-1.));
#4613 = DIRECTION('',(-0.,-0.,-1.));
#4614 = DIRECTION('',(1.,0.,0.));
#4615 = ADVANCED_FACE('',(#4616),#4635,.F.);
#4616 = FACE_BOUND('',#4617,.T.);
#4617 = EDGE_LOOP('',(#4618,#4619,#4627,#4634));
#4618 = ORIENTED_EDGE('',*,*,#3931,.T.);
#4619 = ORIENTED_EDGE('',*,*,#4620,.T.);
#4620 = EDGE_CURVE('',#3932,#4621,#4623,.T.);
#4621 = VERTEX_POINT('',#4622);
#4622 = CARTESIAN_POINT('',(11.9,8.,6.));
#4623 = LINE('',#4624,#4625);
#4624 = CARTESIAN_POINT('',(11.9,8.,-1.));
#4625 = VECTOR('',#4626,1.);
#4626 = DIRECTION('',(0.,0.,1.));
#4627 = ORIENTED_EDGE('',*,*,#4628,.T.);
#4628 = EDGE_CURVE('',#4621,#4621,#4629,.T.);
#4629 = CIRCLE('',#4630,3.9);
#4630 = AXIS2_PLACEMENT_3D('',#4631,#4632,#4633);
#4631 = CARTESIAN_POINT('',(8.,8.,6.));
#4632 = DIRECTION('',(0.,0.,1.));
#4633 = DIRECTION('',(1.,0.,0.));
#4634 = ORIENTED_EDGE('',*,*,#4620,.F.);
#4635 = CYLINDRICAL_SURFACE('',#4636,3.9);
#4636 = AXIS2_PLACEMENT_3D('',#4637,#4638,#4639);
#4637 = CARTESIAN_POINT('',(8.,8.,-1.));
#4638 = DIRECTION('',(-0.,-0.,-1.));
#4639 = DIRECTION('',(1.,0.,0.));
#4640 = ADVANCED_FACE('',(#4641),#4668,.T.);
#4641 = FACE_BOUND('',#4642,.F.);
#4642 = EDGE_LOOP('',(#4643,#4652,#4660,#4667));
#4643 = ORIENTED_EDGE('',*,*,#4644,.T.);
#4644 = EDGE_CURVE('',#3985,#4645,#4647,.T.);
#4645 = VERTEX_POINT('',#4646);
#4646 = CARTESIAN_POINT('',(132.,99.,60.));
#4647 = CIRCLE('',#4648,1.);
#4648 = AXIS2_PLACEMENT_3D('',#4649,#4650,#4651);
#4649 = CARTESIAN_POINT('',(132.,99.,59.));
#4650 = DIRECTION('',(1.,-6.E-17,0.));
#4651 = DIRECTION('',(6.E-17,1.,0.));
#4652 = ORIENTED_EDGE('',*,*,#4653,.T.);
#4653 = EDGE_CURVE('',#4645,#4654,#4656,.T.);
#4654 = VERTEX_POINT('',#4655);
#4655 = CARTESIAN_POINT('',(127.,99.,60.));
#4656 = LINE('',#4657,#4658);
#4657 = CARTESIAN_POINT('',(132.,99.,60.));
#4658 = VECTOR('',#4659,1.);
#4659 = DIRECTION('',(-1.,-0.,-0.));
#4660 = ORIENTED_EDGE('',*,*,#4661,.F.);
#4661 = EDGE_CURVE('',#3987,#4654,#4662,.T.);
#4662 = ELLIPSE('',#4663,1.414213562373,1.);
#4663 = AXIS2_PLACEMENT_3D('',#4664,#4665,#4666);
#4664 = CARTESIAN_POINT('',(127.,99.,59.));
#4665 = DIRECTION('',(0.707106781187,0.707106781187,-0.));
#4666 = DIRECTION('',(-0.707106781187,0.707106781187,0.));
#4667 = ORIENTED_EDGE('',*,*,#3984,.F.);
#4668 = CYLINDRICAL_SURFACE('',#4669,1.);
#4669 = AXIS2_PLACEMENT_3D('',#4670,#4671,#4672);
#4670 = CARTESIAN_POINT('',(132.,99.,59.));
#4671 = DIRECTION('',(-1.,-0.,-0.));
#4672 = DIRECTION('',(0.,1.,0.));
#4673 = ADVANCED_FACE('',(#4674),#4694,.T.);
#4674 = FACE_BOUND('',#4675,.T.);
#4675 = EDGE_LOOP('',(#4676,#4685,#4686,#4687));
#4676 = ORIENTED_EDGE('',*,*,#4677,.F.);
#4677 = EDGE_CURVE('',#4118,#4678,#4680,.T.);
#4678 = VERTEX_POINT('',#4679);
#4679 = CARTESIAN_POINT('',(141.,90.,60.));
#4680 = CIRCLE('',#4681,1.);
#4681 = AXIS2_PLACEMENT_3D('',#4682,#4683,#4684);
#4682 = CARTESIAN_POINT('',(141.,90.,59.));
#4683 = DIRECTION('',(0.,-1.,0.));
#4684 = DIRECTION('',(1.,0.,0.));
#4685 = ORIENTED_EDGE('',*,*,#4127,.T.);
#4686 = ORIENTED_EDGE('',*,*,#4644,.T.);
#4687 = ORIENTED_EDGE('',*,*,#4688,.F.);
#4688 = EDGE_CURVE('',#4678,#4645,#4689,.T.);
#4689 = CIRCLE('',#4690,9.);
#4690 = AXIS2_PLACEMENT_3D('',#4691,#4692,#4693);
#4691 = CARTESIAN_POINT('',(132.,90.,60.));
#4692 = DIRECTION('',(0.,0.,1.));
#4693 = DIRECTION('',(1.,0.,0.));
#4694 = TOROIDAL_SURFACE('',#4695,9.,1.);
#4695 = AXIS2_PLACEMENT_3D('',#4696,#4697,#4698);
#4696 = CARTESIAN_POINT('',(132.,90.,59.));
#4697 = DIRECTION('',(0.,0.,1.));
#4698 = DIRECTION('',(1.,0.,0.));
#4699 = ADVANCED_FACE('',(#4700),#4711,.T.);
#4700 = FACE_BOUND('',#4701,.F.);
#4701 = EDGE_LOOP('',(#4702,#4703,#4709,#4710));
#4702 = ORIENTED_EDGE('',*,*,#4279,.T.);
#4703 = ORIENTED_EDGE('',*,*,#4704,.T.);
#4704 = EDGE_CURVE('',#4280,#4678,#4705,.T.);
#4705 = LINE('',#4706,#4707);
#4706 = CARTESIAN_POINT('',(141.,84.,60.));
#4707 = VECTOR('',#4708,1.);
#4708 = DIRECTION('',(0.,1.,0.));
#4709 = ORIENTED_EDGE('',*,*,#4677,.F.);
#4710 = ORIENTED_EDGE('',*,*,#4143,.F.);
#4711 = CYLINDRICAL_SURFACE('',#4712,1.);
#4712 = AXIS2_PLACEMENT_3D('',#4713,#4714,#4715);
#4713 = CARTESIAN_POINT('',(141.,84.,59.));
#4714 = DIRECTION('',(0.,1.,0.));
#4715 = DIRECTION('',(1.,0.,0.));
#4716 = ADVANCED_FACE('',(#4717),#4720,.T.);
#4717 = FACE_BOUND('',#4718,.T.);
#4718 = EDGE_LOOP('',(#4719));
#4719 = ORIENTED_EDGE('',*,*,#4169,.T.);
#4720 = PLANE('',#4721);
#4721 = AXIS2_PLACEMENT_3D('',#4722,#4723,#4724);
#4722 = CARTESIAN_POINT('',(134.,8.,65.5));
#4723 = DIRECTION('',(0.,0.,1.));
#4724 = DIRECTION('',(1.,0.,0.));
#4725 = ADVANCED_FACE('',(#4726),#4737,.T.);
#4726 = FACE_BOUND('',#4727,.F.);
#4727 = EDGE_LOOP('',(#4728,#4729,#4730,#4731));
#4728 = ORIENTED_EDGE('',*,*,#4269,.T.);
#4729 = ORIENTED_EDGE('',*,*,#4209,.T.);
#4730 = ORIENTED_EDGE('',*,*,#4661,.T.);
#4731 = ORIENTED_EDGE('',*,*,#4732,.F.);
#4732 = EDGE_CURVE('',#4270,#4654,#4733,.T.);
#4733 = LINE('',#4734,#4735);
#4734 = CARTESIAN_POINT('',(127.,84.,60.));
#4735 = VECTOR('',#4736,1.);
#4736 = DIRECTION('',(0.,1.,0.));
#4737 = CYLINDRICAL_SURFACE('',#4738,1.);
#4738 = AXIS2_PLACEMENT_3D('',#4739,#4740,#4741);
#4739 = CARTESIAN_POINT('',(127.,84.,59.));
#4740 = DIRECTION('',(0.,1.,0.));
#4741 = DIRECTION('',(0.,0.,1.));
#4742 = ADVANCED_FACE('',(#4743,#4750),#4761,.T.);
#4743 = FACE_BOUND('',#4744,.T.);
#4744 = EDGE_LOOP('',(#4745,#4746,#4747,#4748,#4749));
#4745 = ORIENTED_EDGE('',*,*,#4704,.T.);
#4746 = ORIENTED_EDGE('',*,*,#4688,.T.);
#4747 = ORIENTED_EDGE('',*,*,#4653,.T.);
#4748 = ORIENTED_EDGE('',*,*,#4732,.F.);
#4749 = ORIENTED_EDGE('',*,*,#4288,.T.);
#4750 = FACE_BOUND('',#4751,.T.);
#4751 = EDGE_LOOP('',(#4752));
#4752 = ORIENTED_EDGE('',*,*,#4753,.F.);
#4753 = EDGE_CURVE('',#4754,#4754,#4756,.T.);
#4754 = VERTEX_POINT('',#4755);
#4755 = CARTESIAN_POINT('',(137.4,92.,60.));
#4756 = CIRCLE('',#4757,3.4);
#4757 = AXIS2_PLACEMENT_3D('',#4758,#4759,#4760);
#4758 = CARTESIAN_POINT('',(134.,92.,60.));
#4759 = DIRECTION('',(0.,0.,1.));
#4760 = DIRECTION('',(1.,0.,0.));
#4761 = PLANE('',#4762);
#4762 = AXIS2_PLACEMENT_3D('',#4763,#4764,#4765);
#4763 = CARTESIAN_POINT('',(126.,84.,60.));
#4764 = DIRECTION('',(0.,0.,1.));
#4765 = DIRECTION('',(1.,0.,0.));
#4766 = ADVANCED_FACE('',(#4767),#4778,.T.);
#4767 = FACE_BOUND('',#4768,.T.);
#4768 = EDGE_LOOP('',(#4769,#4770,#4771,#4772));
#4769 = ORIENTED_EDGE('',*,*,#4397,.T.);
#4770 = ORIENTED_EDGE('',*,*,#4373,.T.);
#4771 = ORIENTED_EDGE('',*,*,#4481,.T.);
#4772 = ORIENTED_EDGE('',*,*,#4773,.F.);
#4773 = EDGE_CURVE('',#4398,#4474,#4774,.T.);
#4774 = LINE('',#4775,#4776);
#4775 = CARTESIAN_POINT('',(15.,84.,60.));
#4776 = VECTOR('',#4777,1.);
#4777 = DIRECTION('',(0.,1.,0.));
#4778 = CYLINDRICAL_SURFACE('',#4779,1.);
#4779 = AXIS2_PLACEMENT_3D('',#4780,#4781,#4782);
#4780 = CARTESIAN_POINT('',(15.,84.,59.));
#4781 = DIRECTION('',(0.,1.,0.));
#4782 = DIRECTION('',(0.,0.,1.));
#4783 = ADVANCED_FACE('',(#4784,#4791),#4802,.T.);
#4784 = FACE_BOUND('',#4785,.T.);
#4785 = EDGE_LOOP('',(#4786,#4787,#4788,#4789,#4790));
#4786 = ORIENTED_EDGE('',*,*,#4498,.F.);
#4787 = ORIENTED_EDGE('',*,*,#4406,.T.);
#4788 = ORIENTED_EDGE('',*,*,#4773,.T.);
#4789 = ORIENTED_EDGE('',*,*,#4473,.F.);
#4790 = ORIENTED_EDGE('',*,*,#4457,.F.);
#4791 = FACE_BOUND('',#4792,.T.);
#4792 = EDGE_LOOP('',(#4793));
#4793 = ORIENTED_EDGE('',*,*,#4794,.F.);
#4794 = EDGE_CURVE('',#4795,#4795,#4797,.T.);
#4795 = VERTEX_POINT('',#4796);
#4796 = CARTESIAN_POINT('',(11.4,92.,60.));
#4797 = CIRCLE('',#4798,3.4);
#4798 = AXIS2_PLACEMENT_3D('',#4799,#4800,#4801);
#4799 = CARTESIAN_POINT('',(8.,92.,60.));
#4800 = DIRECTION('',(0.,0.,1.));
#4801 = DIRECTION('',(1.,0.,0.));
#4802 = PLANE('',#4803);
#4803 = AXIS2_PLACEMENT_3D('',#4804,#4805,#4806);
#4804 = CARTESIAN_POINT('',(0.,84.,60.));
#4805 = DIRECTION('',(0.,0.,1.));
#4806 = DIRECTION('',(1.,0.,0.));
#4807 = ADVANCED_FACE('',(#4808),#4811,.F.);
#4808 = FACE_BOUND('',#4809,.T.);
#4809 = EDGE_LOOP('',(#4810));
#4810 = ORIENTED_EDGE('',*,*,#4553,.F.);
#4811 = PLANE('',#4812);
#4812 = AXIS2_PLACEMENT_3D('',#4813,#4814,#4815);
#4813 = CARTESIAN_POINT('',(134.,92.,6.));
#4814 = DIRECTION('',(0.,0.,1.));
#4815 = DIRECTION('',(1.,0.,0.));
#4816 = ADVANCED_FACE('',(#4817),#4820,.F.);
#4817 = FACE_BOUND('',#4818,.T.);
#4818 = EDGE_LOOP('',(#4819));
#4819 = ORIENTED_EDGE('',*,*,#4578,.F.);
#4820 = PLANE('',#4821);
#4821 = AXIS2_PLACEMENT_3D('',#4822,#4823,#4824);
#4822 = CARTESIAN_POINT('',(134.,8.,6.));
#4823 = DIRECTION('',(0.,0.,1.));
#4824 = DIRECTION('',(1.,0.,0.));
#4825 = ADVANCED_FACE('',(#4826),#4829,.F.);
#4826 = FACE_BOUND('',#4827,.T.);
#4827 = EDGE_LOOP('',(#4828));
#4828 = ORIENTED_EDGE('',*,*,#4603,.F.);
#4829 = PLANE('',#4830);
#4830 = AXIS2_PLACEMENT_3D('',#4831,#4832,#4833);
#4831 = CARTESIAN_POINT('',(8.,92.,6.));
#4832 = DIRECTION('',(0.,0.,1.));
#4833 = DIRECTION('',(1.,0.,0.));
#4834 = ADVANCED_FACE('',(#4835),#4838,.F.);
#4835 = FACE_BOUND('',#4836,.T.);
#4836 = EDGE_LOOP('',(#4837));
#4837 = ORIENTED_EDGE('',*,*,#4628,.F.);
#4838 = PLANE('',#4839);
#4839 = AXIS2_PLACEMENT_3D('',#4840,#4841,#4842);
#4840 = CARTESIAN_POINT('',(8.,8.,6.));
#4841 = DIRECTION('',(0.,0.,1.));
#4842 = DIRECTION('',(1.,0.,0.));
#4843 = ADVANCED_FACE('',(#4844),#4863,.T.);
#4844 = FACE_BOUND('',#4845,.F.);
#4845 = EDGE_LOOP('',(#4846,#4854,#4861,#4862));
#4846 = ORIENTED_EDGE('',*,*,#4847,.T.);
#4847 = EDGE_CURVE('',#4754,#4848,#4850,.T.);
#4848 = VERTEX_POINT('',#4849);
#4849 = CARTESIAN_POINT('',(137.4,92.,64.9));
#4850 = LINE('',#4851,#4852);
#4851 = CARTESIAN_POINT('',(137.4,92.,60.));
#4852 = VECTOR('',#4853,1.);
#4853 = DIRECTION('',(0.,0.,1.));
#4854 = ORIENTED_EDGE('',*,*,#4855,.T.);
#4855 = EDGE_CURVE('',#4848,#4848,#4856,.T.);
#4856 = CIRCLE('',#4857,3.4);
#4857 = AXIS2_PLACEMENT_3D('',#4858,#4859,#4860);
#4858 = CARTESIAN_POINT('',(134.,92.,64.9));
#4859 = DIRECTION('',(0.,0.,1.));
#4860 = DIRECTION('',(1.,0.,0.));
#4861 = ORIENTED_EDGE('',*,*,#4847,.F.);
#4862 = ORIENTED_EDGE('',*,*,#4753,.F.);
#4863 = CYLINDRICAL_SURFACE('',#4864,3.4);
#4864 = AXIS2_PLACEMENT_3D('',#4865,#4866,#4867);
#4865 = CARTESIAN_POINT('',(134.,92.,60.));
#4866 = DIRECTION('',(-0.,-0.,-1.));
#4867 = DIRECTION('',(1.,0.,0.));
#4868 = ADVANCED_FACE('',(#4869),#4888,.T.);
#4869 = FACE_BOUND('',#4870,.F.);
#4870 = EDGE_LOOP('',(#4871,#4879,#4886,#4887));
#4871 = ORIENTED_EDGE('',*,*,#4872,.T.);
#4872 = EDGE_CURVE('',#4795,#4873,#4875,.T.);
#4873 = VERTEX_POINT('',#4874);
#4874 = CARTESIAN_POINT('',(11.4,92.,64.9));
#4875 = LINE('',#4876,#4877);
#4876 = CARTESIAN_POINT('',(11.4,92.,60.));
#4877 = VECTOR('',#4878,1.);
#4878 = DIRECTION('',(0.,0.,1.));
#4879 = ORIENTED_EDGE('',*,*,#4880,.T.);
#4880 = EDGE_CURVE('',#4873,#4873,#4881,.T.);
#4881 = CIRCLE('',#4882,3.4);
#4882 = AXIS2_PLACEMENT_3D('',#4883,#4884,#4885);
#4883 = CARTESIAN_POINT('',(8.,92.,64.9));
#4884 = DIRECTION('',(0.,0.,1.));
#4885 = DIRECTION('',(1.,0.,0.));
#4886 = ORIENTED_EDGE('',*,*,#4872,.F.);
#4887 = ORIENTED_EDGE('',*,*,#4794,.F.);
#4888 = CYLINDRICAL_SURFACE('',#4889,3.4);
#4889 = AXIS2_PLACEMENT_3D('',#4890,#4891,#4892);
#4890 = CARTESIAN_POINT('',(8.,92.,60.));
#4891 = DIRECTION('',(-0.,-0.,-1.));
#4892 = DIRECTION('',(1.,0.,0.));
#4893 = ADVANCED_FACE('',(#4894),#4913,.T.);
#4894 = FACE_BOUND('',#4895,.T.);
#4895 = EDGE_LOOP('',(#4896,#4904,#4905,#4906));
#4896 = ORIENTED_EDGE('',*,*,#4897,.F.);
#4897 = EDGE_CURVE('',#4848,#4898,#4900,.T.);
#4898 = VERTEX_POINT('',#4899);
#4899 = CARTESIAN_POINT('',(136.8,92.,65.5));
#4900 = LINE('',#4901,#4902);
#4901 = CARTESIAN_POINT('',(137.4,92.,64.9));
#4902 = VECTOR('',#4903,1.);
#4903 = DIRECTION('',(-0.707106781187,0.,0.707106781187));
#4904 = ORIENTED_EDGE('',*,*,#4855,.T.);
#4905 = ORIENTED_EDGE('',*,*,#4897,.T.);
#4906 = ORIENTED_EDGE('',*,*,#4907,.F.);
#4907 = EDGE_CURVE('',#4898,#4898,#4908,.T.);
#4908 = CIRCLE('',#4909,2.8);
#4909 = AXIS2_PLACEMENT_3D('',#4910,#4911,#4912);
#4910 = CARTESIAN_POINT('',(134.,92.,65.5));
#4911 = DIRECTION('',(0.,0.,1.));
#4912 = DIRECTION('',(1.,0.,0.));
#4913 = CONICAL_SURFACE('',#4914,3.4,0.785398163397);
#4914 = AXIS2_PLACEMENT_3D('',#4915,#4916,#4917);
#4915 = CARTESIAN_POINT('',(134.,92.,64.9));
#4916 = DIRECTION('',(-0.,-0.,-1.));
#4917 = DIRECTION('',(1.,0.,0.));
#4918 = ADVANCED_FACE('',(#4919),#4938,.T.);
#4919 = FACE_BOUND('',#4920,.T.);
#4920 = EDGE_LOOP('',(#4921,#4929,#4930,#4931));
#4921 = ORIENTED_EDGE('',*,*,#4922,.F.);
#4922 = EDGE_CURVE('',#4873,#4923,#4925,.T.);
#4923 = VERTEX_POINT('',#4924);
#4924 = CARTESIAN_POINT('',(10.8,92.,65.5));
#4925 = LINE('',#4926,#4927);
#4926 = CARTESIAN_POINT('',(11.4,92.,64.9));
#4927 = VECTOR('',#4928,1.);
#4928 = DIRECTION('',(-0.707106781187,0.,0.707106781187));
#4929 = ORIENTED_EDGE('',*,*,#4880,.T.);
#4930 = ORIENTED_EDGE('',*,*,#4922,.T.);
#4931 = ORIENTED_EDGE('',*,*,#4932,.F.);
#4932 = EDGE_CURVE('',#4923,#4923,#4933,.T.);
#4933 = CIRCLE('',#4934,2.8);
#4934 = AXIS2_PLACEMENT_3D('',#4935,#4936,#4937);
#4935 = CARTESIAN_POINT('',(8.,92.,65.5));
#4936 = DIRECTION('',(0.,0.,1.));
#4937 = DIRECTION('',(1.,0.,0.));
#4938 = CONICAL_SURFACE('',#4939,3.4,0.785398163397);
#4939 = AXIS2_PLACEMENT_3D('',#4940,#4941,#4942);
#4940 = CARTESIAN_POINT('',(8.,92.,64.9));
#4941 = DIRECTION('',(-0.,-0.,-1.));
#4942 = DIRECTION('',(1.,0.,0.));
#4943 = ADVANCED_FACE('',(#4944),#4947,.T.);
#4944 = FACE_BOUND('',#4945,.T.);
#4945 = EDGE_LOOP('',(#4946));
#4946 = ORIENTED_EDGE('',*,*,#4907,.T.);
#4947 = PLANE('',#4948);
#4948 = AXIS2_PLACEMENT_3D('',#4949,#4950,#4951);
#4949 = CARTESIAN_POINT('',(134.,92.,65.5));
#4950 = DIRECTION('',(0.,0.,1.));
#4951 = DIRECTION('',(1.,0.,0.));
#4952 = ADVANCED_FACE('',(#4953),#4956,.T.);
#4953 = FACE_BOUND('',#4954,.T.);
#4954 = EDGE_LOOP('',(#4955));
#4955 = ORIENTED_EDGE('',*,*,#4932,.T.);
#4956 = PLANE('',#4957);
#4957 = AXIS2_PLACEMENT_3D('',#4958,#4959,#4960);
#4958 = CARTESIAN_POINT('',(8.,92.,65.5));
#4959 = DIRECTION('',(0.,0.,1.));
#4960 = DIRECTION('',(1.,0.,0.));
#4961 = MANIFOLD_SOLID_BREP('',#4962);
#4962 = CLOSED_SHELL('',(#4963,#5003,#5034,#5065,#5151,#5182,#5206,#5230
    ,#5261,#5285,#5309,#5326,#5343,#5359));
#4963 = ADVANCED_FACE('',(#4964),#4998,.F.);
#4964 = FACE_BOUND('',#4965,.F.);
#4965 = EDGE_LOOP('',(#4966,#4976,#4984,#4992));
#4966 = ORIENTED_EDGE('',*,*,#4967,.F.);
#4967 = EDGE_CURVE('',#4968,#4970,#4972,.T.);
#4968 = VERTEX_POINT('',#4969);
#4969 = CARTESIAN_POINT('',(17.8,94.,8.));
#4970 = VERTEX_POINT('',#4971);
#4971 = CARTESIAN_POINT('',(124.2,94.,8.));
#4972 = LINE('',#4973,#4974);
#4973 = CARTESIAN_POINT('',(17.8,94.,8.));
#4974 = VECTOR('',#4975,1.);
#4975 = DIRECTION('',(1.,0.,0.));
#4976 = ORIENTED_EDGE('',*,*,#4977,.T.);
#4977 = EDGE_CURVE('',#4968,#4978,#4980,.T.);
#4978 = VERTEX_POINT('',#4979);
#4979 = CARTESIAN_POINT('',(17.8,94.,14.));
#4980 = LINE('',#4981,#4982);
#4981 = CARTESIAN_POINT('',(17.8,94.,8.));
#4982 = VECTOR('',#4983,1.);
#4983 = DIRECTION('',(0.,0.,1.));
#4984 = ORIENTED_EDGE('',*,*,#4985,.T.);
#4985 = EDGE_CURVE('',#4978,#4986,#4988,.T.);
#4986 = VERTEX_POINT('',#4987);
#4987 = CARTESIAN_POINT('',(124.2,94.,14.));
#4988 = LINE('',#4989,#4990);
#4989 = CARTESIAN_POINT('',(17.8,94.,14.));
#4990 = VECTOR('',#4991,1.);
#4991 = DIRECTION('',(1.,0.,0.));
#4992 = ORIENTED_EDGE('',*,*,#4993,.F.);
#4993 = EDGE_CURVE('',#4970,#4986,#4994,.T.);
#4994 = LINE('',#4995,#4996);
#4995 = CARTESIAN_POINT('',(124.2,94.,8.));
#4996 = VECTOR('',#4997,1.);
#4997 = DIRECTION('',(0.,0.,1.));
#4998 = PLANE('',#4999);
#4999 = AXIS2_PLACEMENT_3D('',#5000,#5001,#5002);
#5000 = CARTESIAN_POINT('',(17.8,94.,8.));
#5001 = DIRECTION('',(0.,1.,0.));
#5002 = DIRECTION('',(0.,0.,1.));
#5003 = ADVANCED_FACE('',(#5004),#5029,.T.);
#5004 = FACE_BOUND('',#5005,.T.);
#5005 = EDGE_LOOP('',(#5006,#5014,#5015,#5023));
#5006 = ORIENTED_EDGE('',*,*,#5007,.F.);
#5007 = EDGE_CURVE('',#4978,#5008,#5010,.T.);
#5008 = VERTEX_POINT('',#5009);
#5009 = CARTESIAN_POINT('',(17.8,96.8,14.));
#5010 = LINE('',#5011,#5012);
#5011 = CARTESIAN_POINT('',(17.8,94.,14.));
#5012 = VECTOR('',#5013,1.);
#5013 = DIRECTION('',(0.,1.,0.));
#5014 = ORIENTED_EDGE('',*,*,#4985,.T.);
#5015 = ORIENTED_EDGE('',*,*,#5016,.T.);
#5016 = EDGE_CURVE('',#4986,#5017,#5019,.T.);
#5017 = VERTEX_POINT('',#5018);
#5018 = CARTESIAN_POINT('',(124.2,96.8,14.));
#5019 = LINE('',#5020,#5021);
#5020 = CARTESIAN_POINT('',(124.2,94.,14.));
#5021 = VECTOR('',#5022,1.);
#5022 = DIRECTION('',(0.,1.,0.));
#5023 = ORIENTED_EDGE('',*,*,#5024,.F.);
#5024 = EDGE_CURVE('',#5008,#5017,#5025,.T.);
#5025 = LINE('',#5026,#5027);
#5026 = CARTESIAN_POINT('',(17.8,96.8,14.));
#5027 = VECTOR('',#5028,1.);
#5028 = DIRECTION('',(1.,0.,0.));
#5029 = PLANE('',#5030);
#5030 = AXIS2_PLACEMENT_3D('',#5031,#5032,#5033);
#5031 = CARTESIAN_POINT('',(17.8,94.,14.));
#5032 = DIRECTION('',(0.,0.,1.));
#5033 = DIRECTION('',(1.,0.,0.));
#5034 = ADVANCED_FACE('',(#5035),#5060,.T.);
#5035 = FACE_BOUND('',#5036,.T.);
#5036 = EDGE_LOOP('',(#5037,#5047,#5053,#5054));
#5037 = ORIENTED_EDGE('',*,*,#5038,.F.);
#5038 = EDGE_CURVE('',#5039,#5041,#5043,.T.);
#5039 = VERTEX_POINT('',#5040);
#5040 = CARTESIAN_POINT('',(17.8,96.8,8.));
#5041 = VERTEX_POINT('',#5042);
#5042 = CARTESIAN_POINT('',(124.2,96.8,8.));
#5043 = LINE('',#5044,#5045);
#5044 = CARTESIAN_POINT('',(17.8,96.8,8.));
#5045 = VECTOR('',#5046,1.);
#5046 = DIRECTION('',(1.,0.,0.));
#5047 = ORIENTED_EDGE('',*,*,#5048,.T.);
#5048 = EDGE_CURVE('',#5039,#5008,#5049,.T.);
#5049 = LINE('',#5050,#5051);
#5050 = CARTESIAN_POINT('',(17.8,96.8,8.));
#5051 = VECTOR('',#5052,1.);
#5052 = DIRECTION('',(0.,0.,1.));
#5053 = ORIENTED_EDGE('',*,*,#5024,.T.);
#5054 = ORIENTED_EDGE('',*,*,#5055,.F.);
#5055 = EDGE_CURVE('',#5041,#5017,#5056,.T.);
#5056 = LINE('',#5057,#5058);
#5057 = CARTESIAN_POINT('',(124.2,96.8,8.));
#5058 = VECTOR('',#5059,1.);
#5059 = DIRECTION('',(0.,0.,1.));
#5060 = PLANE('',#5061);
#5061 = AXIS2_PLACEMENT_3D('',#5062,#5063,#5064);
#5062 = CARTESIAN_POINT('',(17.8,96.8,8.));
#5063 = DIRECTION('',(0.,1.,0.));
#5064 = DIRECTION('',(0.,0.,1.));
#5065 = ADVANCED_FACE('',(#5066),#5146,.F.);
#5066 = FACE_BOUND('',#5067,.F.);
#5067 = EDGE_LOOP('',(#5068,#5076,#5077,#5085,#5093,#5101,#5109,#5115,
    #5116,#5124,#5132,#5140));
#5068 = ORIENTED_EDGE('',*,*,#5069,.F.);
#5069 = EDGE_CURVE('',#4968,#5070,#5072,.T.);
#5070 = VERTEX_POINT('',#5071);
#5071 = CARTESIAN_POINT('',(17.8,94.2,8.));
#5072 = LINE('',#5073,#5074);
#5073 = CARTESIAN_POINT('',(17.8,94.,8.));
#5074 = VECTOR('',#5075,1.);
#5075 = DIRECTION('',(0.,1.,0.));
#5076 = ORIENTED_EDGE('',*,*,#4967,.T.);
#5077 = ORIENTED_EDGE('',*,*,#5078,.T.);
#5078 = EDGE_CURVE('',#4970,#5079,#5081,.T.);
#5079 = VERTEX_POINT('',#5080);
#5080 = CARTESIAN_POINT('',(124.2,94.2,8.));
#5081 = LINE('',#5082,#5083);
#5082 = CARTESIAN_POINT('',(124.2,94.,8.));
#5083 = VECTOR('',#5084,1.);
#5084 = DIRECTION('',(0.,1.,0.));
#5085 = ORIENTED_EDGE('',*,*,#5086,.F.);
#5086 = EDGE_CURVE('',#5087,#5079,#5089,.T.);
#5087 = VERTEX_POINT('',#5088);
#5088 = CARTESIAN_POINT('',(121.2,94.2,8.));
#5089 = LINE('',#5090,#5091);
#5090 = CARTESIAN_POINT('',(121.2,94.2,8.));
#5091 = VECTOR('',#5092,1.);
#5092 = DIRECTION('',(1.,0.,0.));
#5093 = ORIENTED_EDGE('',*,*,#5094,.T.);
#5094 = EDGE_CURVE('',#5087,#5095,#5097,.T.);
#5095 = VERTEX_POINT('',#5096);
#5096 = CARTESIAN_POINT('',(121.2,96.6,8.));
#5097 = LINE('',#5098,#5099);
#5098 = CARTESIAN_POINT('',(121.2,94.2,8.));
#5099 = VECTOR('',#5100,1.);
#5100 = DIRECTION('',(0.,1.,0.));
#5101 = ORIENTED_EDGE('',*,*,#5102,.T.);
#5102 = EDGE_CURVE('',#5095,#5103,#5105,.T.);
#5103 = VERTEX_POINT('',#5104);
#5104 = CARTESIAN_POINT('',(124.2,96.6,8.));
#5105 = LINE('',#5106,#5107);
#5106 = CARTESIAN_POINT('',(121.2,96.6,8.));
#5107 = VECTOR('',#5108,1.);
#5108 = DIRECTION('',(1.,0.,0.));
#5109 = ORIENTED_EDGE('',*,*,#5110,.T.);
#5110 = EDGE_CURVE('',#5103,#5041,#5111,.T.);
#5111 = LINE('',#5112,#5113);
#5112 = CARTESIAN_POINT('',(124.2,94.,8.));
#5113 = VECTOR('',#5114,1.);
#5114 = DIRECTION('',(0.,1.,0.));
#5115 = ORIENTED_EDGE('',*,*,#5038,.F.);
#5116 = ORIENTED_EDGE('',*,*,#5117,.F.);
#5117 = EDGE_CURVE('',#5118,#5039,#5120,.T.);
#5118 = VERTEX_POINT('',#5119);
#5119 = CARTESIAN_POINT('',(17.8,96.6,8.));
#5120 = LINE('',#5121,#5122);
#5121 = CARTESIAN_POINT('',(17.8,94.,8.));
#5122 = VECTOR('',#5123,1.);
#5123 = DIRECTION('',(0.,1.,0.));
#5124 = ORIENTED_EDGE('',*,*,#5125,.T.);
#5125 = EDGE_CURVE('',#5118,#5126,#5128,.T.);
#5126 = VERTEX_POINT('',#5127);
#5127 = CARTESIAN_POINT('',(20.8,96.6,8.));
#5128 = LINE('',#5129,#5130);
#5129 = CARTESIAN_POINT('',(17.8,96.6,8.));
#5130 = VECTOR('',#5131,1.);
#5131 = DIRECTION('',(1.,0.,0.));
#5132 = ORIENTED_EDGE('',*,*,#5133,.F.);
#5133 = EDGE_CURVE('',#5134,#5126,#5136,.T.);
#5134 = VERTEX_POINT('',#5135);
#5135 = CARTESIAN_POINT('',(20.8,94.2,8.));
#5136 = LINE('',#5137,#5138);
#5137 = CARTESIAN_POINT('',(20.8,94.2,8.));
#5138 = VECTOR('',#5139,1.);
#5139 = DIRECTION('',(0.,1.,0.));
#5140 = ORIENTED_EDGE('',*,*,#5141,.F.);
#5141 = EDGE_CURVE('',#5070,#5134,#5142,.T.);
#5142 = LINE('',#5143,#5144);
#5143 = CARTESIAN_POINT('',(17.8,94.2,8.));
#5144 = VECTOR('',#5145,1.);
#5145 = DIRECTION('',(1.,0.,0.));
#5146 = PLANE('',#5147);
#5147 = AXIS2_PLACEMENT_3D('',#5148,#5149,#5150);
#5148 = CARTESIAN_POINT('',(17.8,94.,8.));
#5149 = DIRECTION('',(0.,0.,1.));
#5150 = DIRECTION('',(1.,0.,0.));
#5151 = ADVANCED_FACE('',(#5152),#5177,.F.);
#5152 = FACE_BOUND('',#5153,.F.);
#5153 = EDGE_LOOP('',(#5154,#5164,#5170,#5171));
#5154 = ORIENTED_EDGE('',*,*,#5155,.F.);
#5155 = EDGE_CURVE('',#5156,#5158,#5160,.T.);
#5156 = VERTEX_POINT('',#5157);
#5157 = CARTESIAN_POINT('',(17.8,94.2,2.));
#5158 = VERTEX_POINT('',#5159);
#5159 = CARTESIAN_POINT('',(20.8,94.2,2.));
#5160 = LINE('',#5161,#5162);
#5161 = CARTESIAN_POINT('',(17.8,94.2,2.));
#5162 = VECTOR('',#5163,1.);
#5163 = DIRECTION('',(1.,0.,0.));
#5164 = ORIENTED_EDGE('',*,*,#5165,.T.);
#5165 = EDGE_CURVE('',#5156,#5070,#5166,.T.);
#5166 = LINE('',#5167,#5168);
#5167 = CARTESIAN_POINT('',(17.8,94.2,2.));
#5168 = VECTOR('',#5169,1.);
#5169 = DIRECTION('',(0.,0.,1.));
#5170 = ORIENTED_EDGE('',*,*,#5141,.T.);
#5171 = ORIENTED_EDGE('',*,*,#5172,.F.);
#5172 = EDGE_CURVE('',#5158,#5134,#5173,.T.);
#5173 = LINE('',#5174,#5175);
#5174 = CARTESIAN_POINT('',(20.8,94.2,2.));
#5175 = VECTOR('',#5176,1.);
#5176 = DIRECTION('',(0.,0.,1.));
#5177 = PLANE('',#5178);
#5178 = AXIS2_PLACEMENT_3D('',#5179,#5180,#5181);
#5179 = CARTESIAN_POINT('',(17.8,94.2,2.));
#5180 = DIRECTION('',(0.,1.,0.));
#5181 = DIRECTION('',(0.,0.,1.));
#5182 = ADVANCED_FACE('',(#5183),#5201,.T.);
#5183 = FACE_BOUND('',#5184,.T.);
#5184 = EDGE_LOOP('',(#5185,#5186,#5194,#5200));
#5185 = ORIENTED_EDGE('',*,*,#5172,.F.);
#5186 = ORIENTED_EDGE('',*,*,#5187,.T.);
#5187 = EDGE_CURVE('',#5158,#5188,#5190,.T.);
#5188 = VERTEX_POINT('',#5189);
#5189 = CARTESIAN_POINT('',(20.8,96.6,2.));
#5190 = LINE('',#5191,#5192);
#5191 = CARTESIAN_POINT('',(20.8,94.2,2.));
#5192 = VECTOR('',#5193,1.);
#5193 = DIRECTION('',(0.,1.,0.));
#5194 = ORIENTED_EDGE('',*,*,#5195,.T.);
#5195 = EDGE_CURVE('',#5188,#5126,#5196,.T.);
#5196 = LINE('',#5197,#5198);
#5197 = CARTESIAN_POINT('',(20.8,96.6,2.));
#5198 = VECTOR('',#5199,1.);
#5199 = DIRECTION('',(0.,0.,1.));
#5200 = ORIENTED_EDGE('',*,*,#5133,.F.);
#5201 = PLANE('',#5202);
#5202 = AXIS2_PLACEMENT_3D('',#5203,#5204,#5205);
#5203 = CARTESIAN_POINT('',(20.8,94.2,2.));
#5204 = DIRECTION('',(1.,0.,0.));
#5205 = DIRECTION('',(0.,0.,1.));
#5206 = ADVANCED_FACE('',(#5207),#5225,.T.);
#5207 = FACE_BOUND('',#5208,.T.);
#5208 = EDGE_LOOP('',(#5209,#5217,#5223,#5224));
#5209 = ORIENTED_EDGE('',*,*,#5210,.F.);
#5210 = EDGE_CURVE('',#5211,#5188,#5213,.T.);
#5211 = VERTEX_POINT('',#5212);
#5212 = CARTESIAN_POINT('',(17.8,96.6,2.));
#5213 = LINE('',#5214,#5215);
#5214 = CARTESIAN_POINT('',(17.8,96.6,2.));
#5215 = VECTOR('',#5216,1.);
#5216 = DIRECTION('',(1.,0.,0.));
#5217 = ORIENTED_EDGE('',*,*,#5218,.T.);
#5218 = EDGE_CURVE('',#5211,#5118,#5219,.T.);
#5219 = LINE('',#5220,#5221);
#5220 = CARTESIAN_POINT('',(17.8,96.6,2.));
#5221 = VECTOR('',#5222,1.);
#5222 = DIRECTION('',(0.,0.,1.));
#5223 = ORIENTED_EDGE('',*,*,#5125,.T.);
#5224 = ORIENTED_EDGE('',*,*,#5195,.F.);
#5225 = PLANE('',#5226);
#5226 = AXIS2_PLACEMENT_3D('',#5227,#5228,#5229);
#5227 = CARTESIAN_POINT('',(17.8,96.6,2.));
#5228 = DIRECTION('',(0.,1.,0.));
#5229 = DIRECTION('',(0.,0.,1.));
#5230 = ADVANCED_FACE('',(#5231),#5256,.T.);
#5231 = FACE_BOUND('',#5232,.T.);
#5232 = EDGE_LOOP('',(#5233,#5243,#5249,#5250));
#5233 = ORIENTED_EDGE('',*,*,#5234,.F.);
#5234 = EDGE_CURVE('',#5235,#5237,#5239,.T.);
#5235 = VERTEX_POINT('',#5236);
#5236 = CARTESIAN_POINT('',(121.2,96.6,2.));
#5237 = VERTEX_POINT('',#5238);
#5238 = CARTESIAN_POINT('',(124.2,96.6,2.));
#5239 = LINE('',#5240,#5241);
#5240 = CARTESIAN_POINT('',(121.2,96.6,2.));
#5241 = VECTOR('',#5242,1.);
#5242 = DIRECTION('',(1.,0.,0.));
#5243 = ORIENTED_EDGE('',*,*,#5244,.T.);
#5244 = EDGE_CURVE('',#5235,#5095,#5245,.T.);
#5245 = LINE('',#5246,#5247);
#5246 = CARTESIAN_POINT('',(121.2,96.6,2.));
#5247 = VECTOR('',#5248,1.);
#5248 = DIRECTION('',(0.,0.,1.));
#5249 = ORIENTED_EDGE('',*,*,#5102,.T.);
#5250 = ORIENTED_EDGE('',*,*,#5251,.F.);
#5251 = EDGE_CURVE('',#5237,#5103,#5252,.T.);
#5252 = LINE('',#5253,#5254);
#5253 = CARTESIAN_POINT('',(124.2,96.6,2.));
#5254 = VECTOR('',#5255,1.);
#5255 = DIRECTION('',(0.,0.,1.));
#5256 = PLANE('',#5257);
#5257 = AXIS2_PLACEMENT_3D('',#5258,#5259,#5260);
#5258 = CARTESIAN_POINT('',(121.2,96.6,2.));
#5259 = DIRECTION('',(0.,1.,0.));
#5260 = DIRECTION('',(0.,0.,1.));
#5261 = ADVANCED_FACE('',(#5262),#5280,.F.);
#5262 = FACE_BOUND('',#5263,.F.);
#5263 = EDGE_LOOP('',(#5264,#5272,#5278,#5279));
#5264 = ORIENTED_EDGE('',*,*,#5265,.F.);
#5265 = EDGE_CURVE('',#5266,#5087,#5268,.T.);
#5266 = VERTEX_POINT('',#5267);
#5267 = CARTESIAN_POINT('',(121.2,94.2,2.));
#5268 = LINE('',#5269,#5270);
#5269 = CARTESIAN_POINT('',(121.2,94.2,2.));
#5270 = VECTOR('',#5271,1.);
#5271 = DIRECTION('',(0.,0.,1.));
#5272 = ORIENTED_EDGE('',*,*,#5273,.T.);
#5273 = EDGE_CURVE('',#5266,#5235,#5274,.T.);
#5274 = LINE('',#5275,#5276);
#5275 = CARTESIAN_POINT('',(121.2,94.2,2.));
#5276 = VECTOR('',#5277,1.);
#5277 = DIRECTION('',(0.,1.,0.));
#5278 = ORIENTED_EDGE('',*,*,#5244,.T.);
#5279 = ORIENTED_EDGE('',*,*,#5094,.F.);
#5280 = PLANE('',#5281);
#5281 = AXIS2_PLACEMENT_3D('',#5282,#5283,#5284);
#5282 = CARTESIAN_POINT('',(121.2,94.2,2.));
#5283 = DIRECTION('',(1.,0.,0.));
#5284 = DIRECTION('',(0.,0.,1.));
#5285 = ADVANCED_FACE('',(#5286),#5304,.F.);
#5286 = FACE_BOUND('',#5287,.F.);
#5287 = EDGE_LOOP('',(#5288,#5296,#5297,#5298));
#5288 = ORIENTED_EDGE('',*,*,#5289,.F.);
#5289 = EDGE_CURVE('',#5266,#5290,#5292,.T.);
#5290 = VERTEX_POINT('',#5291);
#5291 = CARTESIAN_POINT('',(124.2,94.2,2.));
#5292 = LINE('',#5293,#5294);
#5293 = CARTESIAN_POINT('',(121.2,94.2,2.));
#5294 = VECTOR('',#5295,1.);
#5295 = DIRECTION('',(1.,0.,0.));
#5296 = ORIENTED_EDGE('',*,*,#5265,.T.);
#5297 = ORIENTED_EDGE('',*,*,#5086,.T.);
#5298 = ORIENTED_EDGE('',*,*,#5299,.F.);
#5299 = EDGE_CURVE('',#5290,#5079,#5300,.T.);
#5300 = LINE('',#5301,#5302);
#5301 = CARTESIAN_POINT('',(124.2,94.2,2.));
#5302 = VECTOR('',#5303,1.);
#5303 = DIRECTION('',(0.,0.,1.));
#5304 = PLANE('',#5305);
#5305 = AXIS2_PLACEMENT_3D('',#5306,#5307,#5308);
#5306 = CARTESIAN_POINT('',(121.2,94.2,2.));
#5307 = DIRECTION('',(0.,1.,0.));
#5308 = DIRECTION('',(0.,0.,1.));
#5309 = ADVANCED_FACE('',(#5310),#5321,.F.);
#5310 = FACE_BOUND('',#5311,.F.);
#5311 = EDGE_LOOP('',(#5312,#5318,#5319,#5320));
#5312 = ORIENTED_EDGE('',*,*,#5313,.F.);
#5313 = EDGE_CURVE('',#5156,#5211,#5314,.T.);
#5314 = LINE('',#5315,#5316);
#5315 = CARTESIAN_POINT('',(17.8,94.2,2.));
#5316 = VECTOR('',#5317,1.);
#5317 = DIRECTION('',(0.,1.,0.));
#5318 = ORIENTED_EDGE('',*,*,#5155,.T.);
#5319 = ORIENTED_EDGE('',*,*,#5187,.T.);
#5320 = ORIENTED_EDGE('',*,*,#5210,.F.);
#5321 = PLANE('',#5322);
#5322 = AXIS2_PLACEMENT_3D('',#5323,#5324,#5325);
#5323 = CARTESIAN_POINT('',(17.8,94.2,2.));
#5324 = DIRECTION('',(0.,0.,1.));
#5325 = DIRECTION('',(1.,0.,0.));
#5326 = ADVANCED_FACE('',(#5327),#5338,.F.);
#5327 = FACE_BOUND('',#5328,.F.);
#5328 = EDGE_LOOP('',(#5329,#5330,#5331,#5337));
#5329 = ORIENTED_EDGE('',*,*,#5273,.F.);
#5330 = ORIENTED_EDGE('',*,*,#5289,.T.);
#5331 = ORIENTED_EDGE('',*,*,#5332,.T.);
#5332 = EDGE_CURVE('',#5290,#5237,#5333,.T.);
#5333 = LINE('',#5334,#5335);
#5334 = CARTESIAN_POINT('',(124.2,94.2,2.));
#5335 = VECTOR('',#5336,1.);
#5336 = DIRECTION('',(0.,1.,0.));
#5337 = ORIENTED_EDGE('',*,*,#5234,.F.);
#5338 = PLANE('',#5339);
#5339 = AXIS2_PLACEMENT_3D('',#5340,#5341,#5342);
#5340 = CARTESIAN_POINT('',(121.2,94.2,2.));
#5341 = DIRECTION('',(0.,0.,1.));
#5342 = DIRECTION('',(1.,0.,0.));
#5343 = ADVANCED_FACE('',(#5344),#5354,.T.);
#5344 = FACE_BOUND('',#5345,.T.);
#5345 = EDGE_LOOP('',(#5346,#5347,#5348,#5349,#5350,#5351,#5352,#5353));
#5346 = ORIENTED_EDGE('',*,*,#4977,.T.);
#5347 = ORIENTED_EDGE('',*,*,#5007,.T.);
#5348 = ORIENTED_EDGE('',*,*,#5048,.F.);
#5349 = ORIENTED_EDGE('',*,*,#5117,.F.);
#5350 = ORIENTED_EDGE('',*,*,#5218,.F.);
#5351 = ORIENTED_EDGE('',*,*,#5313,.F.);
#5352 = ORIENTED_EDGE('',*,*,#5165,.T.);
#5353 = ORIENTED_EDGE('',*,*,#5069,.F.);
#5354 = PLANE('',#5355);
#5355 = AXIS2_PLACEMENT_3D('',#5356,#5357,#5358);
#5356 = CARTESIAN_POINT('',(17.8,95.4,8.081081081081));
#5357 = DIRECTION('',(-1.,-0.,-0.));
#5358 = DIRECTION('',(0.,0.,-1.));
#5359 = ADVANCED_FACE('',(#5360),#5370,.T.);
#5360 = FACE_BOUND('',#5361,.T.);
#5361 = EDGE_LOOP('',(#5362,#5363,#5364,#5365,#5366,#5367,#5368,#5369));
#5362 = ORIENTED_EDGE('',*,*,#4993,.F.);
#5363 = ORIENTED_EDGE('',*,*,#5078,.T.);
#5364 = ORIENTED_EDGE('',*,*,#5299,.F.);
#5365 = ORIENTED_EDGE('',*,*,#5332,.T.);
#5366 = ORIENTED_EDGE('',*,*,#5251,.T.);
#5367 = ORIENTED_EDGE('',*,*,#5110,.T.);
#5368 = ORIENTED_EDGE('',*,*,#5055,.T.);
#5369 = ORIENTED_EDGE('',*,*,#5016,.F.);
#5370 = PLANE('',#5371);
#5371 = AXIS2_PLACEMENT_3D('',#5372,#5373,#5374);
#5372 = CARTESIAN_POINT('',(124.2,95.4,8.081081081081));
#5373 = DIRECTION('',(1.,0.,0.));
#5374 = DIRECTION('',(0.,0.,1.));
#5375 = MANIFOLD_SOLID_BREP('',#5376);
#5376 = CLOSED_SHELL('',(#5377,#5417,#5448,#5488,#5519,#5550,#5581,#5605
    ,#5640,#5666,#5694,#5711));
#5377 = ADVANCED_FACE('',(#5378),#5412,.T.);
#5378 = FACE_BOUND('',#5379,.T.);
#5379 = EDGE_LOOP('',(#5380,#5390,#5398,#5406));
#5380 = ORIENTED_EDGE('',*,*,#5381,.F.);
#5381 = EDGE_CURVE('',#5382,#5384,#5386,.T.);
#5382 = VERTEX_POINT('',#5383);
#5383 = CARTESIAN_POINT('',(17.8,2.2,14.8));
#5384 = VERTEX_POINT('',#5385);
#5385 = CARTESIAN_POINT('',(17.8,84.,14.8));
#5386 = LINE('',#5387,#5388);
#5387 = CARTESIAN_POINT('',(17.8,2.2,14.8));
#5388 = VECTOR('',#5389,1.);
#5389 = DIRECTION('',(0.,1.,0.));
#5390 = ORIENTED_EDGE('',*,*,#5391,.T.);
#5391 = EDGE_CURVE('',#5382,#5392,#5394,.T.);
#5392 = VERTEX_POINT('',#5393);
#5393 = CARTESIAN_POINT('',(18.8,2.2,14.8));
#5394 = LINE('',#5395,#5396);
#5395 = CARTESIAN_POINT('',(17.8,2.2,14.8));
#5396 = VECTOR('',#5397,1.);
#5397 = DIRECTION('',(1.,0.,0.));
#5398 = ORIENTED_EDGE('',*,*,#5399,.T.);
#5399 = EDGE_CURVE('',#5392,#5400,#5402,.T.);
#5400 = VERTEX_POINT('',#5401);
#5401 = CARTESIAN_POINT('',(18.8,84.,14.8));
#5402 = LINE('',#5403,#5404);
#5403 = CARTESIAN_POINT('',(18.8,2.2,14.8));
#5404 = VECTOR('',#5405,1.);
#5405 = DIRECTION('',(0.,1.,0.));
#5406 = ORIENTED_EDGE('',*,*,#5407,.T.);
#5407 = EDGE_CURVE('',#5400,#5384,#5408,.T.);
#5408 = LINE('',#5409,#5410);
#5409 = CARTESIAN_POINT('',(17.8,84.,14.8));
#5410 = VECTOR('',#5411,1.);
#5411 = DIRECTION('',(-1.,0.,0.));
#5412 = PLANE('',#5413);
#5413 = AXIS2_PLACEMENT_3D('',#5414,#5415,#5416);
#5414 = CARTESIAN_POINT('',(17.8,2.2,14.8));
#5415 = DIRECTION('',(0.,0.,1.));
#5416 = DIRECTION('',(1.,0.,0.));
#5417 = ADVANCED_FACE('',(#5418),#5443,.F.);
#5418 = FACE_BOUND('',#5419,.F.);
#5419 = EDGE_LOOP('',(#5420,#5430,#5436,#5437));
#5420 = ORIENTED_EDGE('',*,*,#5421,.F.);
#5421 = EDGE_CURVE('',#5422,#5424,#5426,.T.);
#5422 = VERTEX_POINT('',#5423);
#5423 = CARTESIAN_POINT('',(17.8,2.2,8.));
#5424 = VERTEX_POINT('',#5425);
#5425 = CARTESIAN_POINT('',(18.8,2.2,8.));
#5426 = LINE('',#5427,#5428);
#5427 = CARTESIAN_POINT('',(17.8,2.2,8.));
#5428 = VECTOR('',#5429,1.);
#5429 = DIRECTION('',(1.,0.,0.));
#5430 = ORIENTED_EDGE('',*,*,#5431,.T.);
#5431 = EDGE_CURVE('',#5422,#5382,#5432,.T.);
#5432 = LINE('',#5433,#5434);
#5433 = CARTESIAN_POINT('',(17.8,2.2,8.));
#5434 = VECTOR('',#5435,1.);
#5435 = DIRECTION('',(0.,0.,1.));
#5436 = ORIENTED_EDGE('',*,*,#5391,.T.);
#5437 = ORIENTED_EDGE('',*,*,#5438,.F.);
#5438 = EDGE_CURVE('',#5424,#5392,#5439,.T.);
#5439 = LINE('',#5440,#5441);
#5440 = CARTESIAN_POINT('',(18.8,2.2,8.));
#5441 = VECTOR('',#5442,1.);
#5442 = DIRECTION('',(0.,0.,1.));
#5443 = PLANE('',#5444);
#5444 = AXIS2_PLACEMENT_3D('',#5445,#5446,#5447);
#5445 = CARTESIAN_POINT('',(17.8,2.2,8.));
#5446 = DIRECTION('',(0.,1.,0.));
#5447 = DIRECTION('',(0.,0.,1.));
#5448 = ADVANCED_FACE('',(#5449),#5483,.T.);
#5449 = FACE_BOUND('',#5450,.T.);
#5450 = EDGE_LOOP('',(#5451,#5452,#5460,#5468,#5476,#5482));
#5451 = ORIENTED_EDGE('',*,*,#5381,.T.);
#5452 = ORIENTED_EDGE('',*,*,#5453,.T.);
#5453 = EDGE_CURVE('',#5384,#5454,#5456,.T.);
#5454 = VERTEX_POINT('',#5455);
#5455 = CARTESIAN_POINT('',(17.8,84.,17.4));
#5456 = LINE('',#5457,#5458);
#5457 = CARTESIAN_POINT('',(17.8,84.,8.));
#5458 = VECTOR('',#5459,1.);
#5459 = DIRECTION('',(0.,0.,1.));
#5460 = ORIENTED_EDGE('',*,*,#5461,.F.);
#5461 = EDGE_CURVE('',#5462,#5454,#5464,.T.);
#5462 = VERTEX_POINT('',#5463);
#5463 = CARTESIAN_POINT('',(17.8,92.,17.4));
#5464 = LINE('',#5465,#5466);
#5465 = CARTESIAN_POINT('',(17.8,84.,17.4));
#5466 = VECTOR('',#5467,1.);
#5467 = DIRECTION('',(0.,-1.,0.));
#5468 = ORIENTED_EDGE('',*,*,#5469,.F.);
#5469 = EDGE_CURVE('',#5470,#5462,#5472,.T.);
#5470 = VERTEX_POINT('',#5471);
#5471 = CARTESIAN_POINT('',(17.8,92.,8.));
#5472 = LINE('',#5473,#5474);
#5473 = CARTESIAN_POINT('',(17.8,92.,8.));
#5474 = VECTOR('',#5475,1.);
#5475 = DIRECTION('',(0.,0.,1.));
#5476 = ORIENTED_EDGE('',*,*,#5477,.F.);
#5477 = EDGE_CURVE('',#5422,#5470,#5478,.T.);
#5478 = LINE('',#5479,#5480);
#5479 = CARTESIAN_POINT('',(17.8,2.2,8.));
#5480 = VECTOR('',#5481,1.);
#5481 = DIRECTION('',(0.,1.,0.));
#5482 = ORIENTED_EDGE('',*,*,#5431,.T.);
#5483 = PLANE('',#5484);
#5484 = AXIS2_PLACEMENT_3D('',#5485,#5486,#5487);
#5485 = CARTESIAN_POINT('',(17.8,48.171975806452,11.628024193548));
#5486 = DIRECTION('',(-1.,-0.,-0.));
#5487 = DIRECTION('',(0.,0.,-1.));
#5488 = ADVANCED_FACE('',(#5489),#5514,.F.);
#5489 = FACE_BOUND('',#5490,.F.);
#5490 = EDGE_LOOP('',(#5491,#5501,#5507,#5508));
#5491 = ORIENTED_EDGE('',*,*,#5492,.F.);
#5492 = EDGE_CURVE('',#5493,#5495,#5497,.T.);
#5493 = VERTEX_POINT('',#5494);
#5494 = CARTESIAN_POINT('',(14.,84.,17.4));
#5495 = VERTEX_POINT('',#5496);
#5496 = CARTESIAN_POINT('',(14.,92.,17.4));
#5497 = LINE('',#5498,#5499);
#5498 = CARTESIAN_POINT('',(14.,84.,17.4));
#5499 = VECTOR('',#5500,1.);
#5500 = DIRECTION('',(0.,1.,0.));
#5501 = ORIENTED_EDGE('',*,*,#5502,.T.);
#5502 = EDGE_CURVE('',#5493,#5454,#5503,.T.);
#5503 = LINE('',#5504,#5505);
#5504 = CARTESIAN_POINT('',(13.,84.,17.4));
#5505 = VECTOR('',#5506,1.);
#5506 = DIRECTION('',(1.,0.,0.));
#5507 = ORIENTED_EDGE('',*,*,#5461,.F.);
#5508 = ORIENTED_EDGE('',*,*,#5509,.F.);
#5509 = EDGE_CURVE('',#5495,#5462,#5510,.T.);
#5510 = LINE('',#5511,#5512);
#5511 = CARTESIAN_POINT('',(13.,92.,17.4));
#5512 = VECTOR('',#5513,1.);
#5513 = DIRECTION('',(1.,0.,0.));
#5514 = PLANE('',#5515);
#5515 = AXIS2_PLACEMENT_3D('',#5516,#5517,#5518);
#5516 = CARTESIAN_POINT('',(13.,84.,17.4));
#5517 = DIRECTION('',(0.,0.,1.));
#5518 = DIRECTION('',(1.,0.,0.));
#5519 = ADVANCED_FACE('',(#5520),#5545,.T.);
#5520 = FACE_BOUND('',#5521,.T.);
#5521 = EDGE_LOOP('',(#5522,#5530,#5538,#5544));
#5522 = ORIENTED_EDGE('',*,*,#5523,.F.);
#5523 = EDGE_CURVE('',#5524,#5493,#5526,.T.);
#5524 = VERTEX_POINT('',#5525);
#5525 = CARTESIAN_POINT('',(14.,84.,13.4));
#5526 = LINE('',#5527,#5528);
#5527 = CARTESIAN_POINT('',(14.,84.,13.4));
#5528 = VECTOR('',#5529,1.);
#5529 = DIRECTION('',(0.,0.,1.));
#5530 = ORIENTED_EDGE('',*,*,#5531,.T.);
#5531 = EDGE_CURVE('',#5524,#5532,#5534,.T.);
#5532 = VERTEX_POINT('',#5533);
#5533 = CARTESIAN_POINT('',(14.,92.,13.4));
#5534 = LINE('',#5535,#5536);
#5535 = CARTESIAN_POINT('',(14.,84.,13.4));
#5536 = VECTOR('',#5537,1.);
#5537 = DIRECTION('',(0.,1.,0.));
#5538 = ORIENTED_EDGE('',*,*,#5539,.T.);
#5539 = EDGE_CURVE('',#5532,#5495,#5540,.T.);
#5540 = LINE('',#5541,#5542);
#5541 = CARTESIAN_POINT('',(14.,92.,13.4));
#5542 = VECTOR('',#5543,1.);
#5543 = DIRECTION('',(0.,0.,1.));
#5544 = ORIENTED_EDGE('',*,*,#5492,.F.);
#5545 = PLANE('',#5546);
#5546 = AXIS2_PLACEMENT_3D('',#5547,#5548,#5549);
#5547 = CARTESIAN_POINT('',(14.,84.,13.4));
#5548 = DIRECTION('',(1.,0.,0.));
#5549 = DIRECTION('',(0.,0.,1.));
#5550 = ADVANCED_FACE('',(#5551),#5576,.F.);
#5551 = FACE_BOUND('',#5552,.F.);
#5552 = EDGE_LOOP('',(#5553,#5563,#5569,#5570));
#5553 = ORIENTED_EDGE('',*,*,#5554,.F.);
#5554 = EDGE_CURVE('',#5555,#5557,#5559,.T.);
#5555 = VERTEX_POINT('',#5556);
#5556 = CARTESIAN_POINT('',(13.,84.,13.4));
#5557 = VERTEX_POINT('',#5558);
#5558 = CARTESIAN_POINT('',(13.,92.,13.4));
#5559 = LINE('',#5560,#5561);
#5560 = CARTESIAN_POINT('',(13.,84.,13.4));
#5561 = VECTOR('',#5562,1.);
#5562 = DIRECTION('',(0.,1.,0.));
#5563 = ORIENTED_EDGE('',*,*,#5564,.T.);
#5564 = EDGE_CURVE('',#5555,#5524,#5565,.T.);
#5565 = LINE('',#5566,#5567);
#5566 = CARTESIAN_POINT('',(13.,84.,13.4));
#5567 = VECTOR('',#5568,1.);
#5568 = DIRECTION('',(1.,0.,0.));
#5569 = ORIENTED_EDGE('',*,*,#5531,.T.);
#5570 = ORIENTED_EDGE('',*,*,#5571,.F.);
#5571 = EDGE_CURVE('',#5557,#5532,#5572,.T.);
#5572 = LINE('',#5573,#5574);
#5573 = CARTESIAN_POINT('',(13.,92.,13.4));
#5574 = VECTOR('',#5575,1.);
#5575 = DIRECTION('',(1.,0.,0.));
#5576 = PLANE('',#5577);
#5577 = AXIS2_PLACEMENT_3D('',#5578,#5579,#5580);
#5578 = CARTESIAN_POINT('',(13.,84.,13.4));
#5579 = DIRECTION('',(0.,0.,1.));
#5580 = DIRECTION('',(1.,0.,0.));
#5581 = ADVANCED_FACE('',(#5582),#5600,.F.);
#5582 = FACE_BOUND('',#5583,.T.);
#5583 = EDGE_LOOP('',(#5584,#5585,#5593,#5599));
#5584 = ORIENTED_EDGE('',*,*,#5477,.T.);
#5585 = ORIENTED_EDGE('',*,*,#5586,.T.);
#5586 = EDGE_CURVE('',#5470,#5587,#5589,.T.);
#5587 = VERTEX_POINT('',#5588);
#5588 = CARTESIAN_POINT('',(18.8,92.,8.));
#5589 = LINE('',#5590,#5591);
#5590 = CARTESIAN_POINT('',(17.8,92.,8.));
#5591 = VECTOR('',#5592,1.);
#5592 = DIRECTION('',(1.,0.,0.));
#5593 = ORIENTED_EDGE('',*,*,#5594,.F.);
#5594 = EDGE_CURVE('',#5424,#5587,#5595,.T.);
#5595 = LINE('',#5596,#5597);
#5596 = CARTESIAN_POINT('',(18.8,2.2,8.));
#5597 = VECTOR('',#5598,1.);
#5598 = DIRECTION('',(0.,1.,0.));
#5599 = ORIENTED_EDGE('',*,*,#5421,.F.);
#5600 = PLANE('',#5601);
#5601 = AXIS2_PLACEMENT_3D('',#5602,#5603,#5604);
#5602 = CARTESIAN_POINT('',(17.8,2.2,8.));
#5603 = DIRECTION('',(0.,0.,1.));
#5604 = DIRECTION('',(1.,0.,0.));
#5605 = ADVANCED_FACE('',(#5606),#5635,.T.);
#5606 = FACE_BOUND('',#5607,.T.);
#5607 = EDGE_LOOP('',(#5608,#5609,#5617,#5625,#5631,#5632,#5633,#5634));
#5608 = ORIENTED_EDGE('',*,*,#5407,.F.);
#5609 = ORIENTED_EDGE('',*,*,#5610,.T.);
#5610 = EDGE_CURVE('',#5400,#5611,#5613,.T.);
#5611 = VERTEX_POINT('',#5612);
#5612 = CARTESIAN_POINT('',(18.8,84.,19.4));
#5613 = LINE('',#5614,#5615);
#5614 = CARTESIAN_POINT('',(18.8,84.,8.));
#5615 = VECTOR('',#5616,1.);
#5616 = DIRECTION('',(0.,0.,1.));
#5617 = ORIENTED_EDGE('',*,*,#5618,.F.);
#5618 = EDGE_CURVE('',#5619,#5611,#5621,.T.);
#5619 = VERTEX_POINT('',#5620);
#5620 = CARTESIAN_POINT('',(13.,84.,19.4));
#5621 = LINE('',#5622,#5623);
#5622 = CARTESIAN_POINT('',(17.8,84.,19.4));
#5623 = VECTOR('',#5624,1.);
#5624 = DIRECTION('',(1.,0.,0.));
#5625 = ORIENTED_EDGE('',*,*,#5626,.F.);
#5626 = EDGE_CURVE('',#5555,#5619,#5627,.T.);
#5627 = LINE('',#5628,#5629);
#5628 = CARTESIAN_POINT('',(13.,84.,17.4));
#5629 = VECTOR('',#5630,1.);
#5630 = DIRECTION('',(0.,0.,1.));
#5631 = ORIENTED_EDGE('',*,*,#5564,.T.);
#5632 = ORIENTED_EDGE('',*,*,#5523,.T.);
#5633 = ORIENTED_EDGE('',*,*,#5502,.T.);
#5634 = ORIENTED_EDGE('',*,*,#5453,.F.);
#5635 = PLANE('',#5636);
#5636 = AXIS2_PLACEMENT_3D('',#5637,#5638,#5639);
#5637 = CARTESIAN_POINT('',(15.666666666667,84.,16.922222222222));
#5638 = DIRECTION('',(-0.,-1.,-0.));
#5639 = DIRECTION('',(0.,0.,-1.));
#5640 = ADVANCED_FACE('',(#5641),#5661,.T.);
#5641 = FACE_BOUND('',#5642,.T.);
#5642 = EDGE_LOOP('',(#5643,#5644,#5645,#5646,#5654,#5660));
#5643 = ORIENTED_EDGE('',*,*,#5399,.F.);
#5644 = ORIENTED_EDGE('',*,*,#5438,.F.);
#5645 = ORIENTED_EDGE('',*,*,#5594,.T.);
#5646 = ORIENTED_EDGE('',*,*,#5647,.T.);
#5647 = EDGE_CURVE('',#5587,#5648,#5650,.T.);
#5648 = VERTEX_POINT('',#5649);
#5649 = CARTESIAN_POINT('',(18.8,92.,19.4));
#5650 = LINE('',#5651,#5652);
#5651 = CARTESIAN_POINT('',(18.8,92.,8.));
#5652 = VECTOR('',#5653,1.);
#5653 = DIRECTION('',(0.,0.,1.));
#5654 = ORIENTED_EDGE('',*,*,#5655,.F.);
#5655 = EDGE_CURVE('',#5611,#5648,#5656,.T.);
#5656 = LINE('',#5657,#5658);
#5657 = CARTESIAN_POINT('',(18.8,84.,19.4));
#5658 = VECTOR('',#5659,1.);
#5659 = DIRECTION('',(0.,1.,0.));
#5660 = ORIENTED_EDGE('',*,*,#5610,.F.);
#5661 = PLANE('',#5662);
#5662 = AXIS2_PLACEMENT_3D('',#5663,#5664,#5665);
#5663 = CARTESIAN_POINT('',(18.8,48.959090909091,11.840909090909));
#5664 = DIRECTION('',(1.,0.,0.));
#5665 = DIRECTION('',(0.,0.,1.));
#5666 = ADVANCED_FACE('',(#5667),#5689,.T.);
#5667 = FACE_BOUND('',#5668,.T.);
#5668 = EDGE_LOOP('',(#5669,#5670,#5671,#5672,#5673,#5674,#5682,#5688));
#5669 = ORIENTED_EDGE('',*,*,#5586,.F.);
#5670 = ORIENTED_EDGE('',*,*,#5469,.T.);
#5671 = ORIENTED_EDGE('',*,*,#5509,.F.);
#5672 = ORIENTED_EDGE('',*,*,#5539,.F.);
#5673 = ORIENTED_EDGE('',*,*,#5571,.F.);
#5674 = ORIENTED_EDGE('',*,*,#5675,.T.);
#5675 = EDGE_CURVE('',#5557,#5676,#5678,.T.);
#5676 = VERTEX_POINT('',#5677);
#5677 = CARTESIAN_POINT('',(13.,92.,19.4));
#5678 = LINE('',#5679,#5680);
#5679 = CARTESIAN_POINT('',(13.,92.,13.4));
#5680 = VECTOR('',#5681,1.);
#5681 = DIRECTION('',(0.,0.,1.));
#5682 = ORIENTED_EDGE('',*,*,#5683,.T.);
#5683 = EDGE_CURVE('',#5676,#5648,#5684,.T.);
#5684 = LINE('',#5685,#5686);
#5685 = CARTESIAN_POINT('',(13.,92.,19.4));
#5686 = VECTOR('',#5687,1.);
#5687 = DIRECTION('',(1.,0.,0.));
#5688 = ORIENTED_EDGE('',*,*,#5647,.F.);
#5689 = PLANE('',#5690);
#5690 = AXIS2_PLACEMENT_3D('',#5691,#5692,#5693);
#5691 = CARTESIAN_POINT('',(16.511320754717,92.,14.990566037736));
#5692 = DIRECTION('',(0.,1.,0.));
#5693 = DIRECTION('',(0.,0.,1.));
#5694 = ADVANCED_FACE('',(#5695),#5706,.T.);
#5695 = FACE_BOUND('',#5696,.T.);
#5696 = EDGE_LOOP('',(#5697,#5698,#5704,#5705));
#5697 = ORIENTED_EDGE('',*,*,#5683,.F.);
#5698 = ORIENTED_EDGE('',*,*,#5699,.F.);
#5699 = EDGE_CURVE('',#5619,#5676,#5700,.T.);
#5700 = LINE('',#5701,#5702);
#5701 = CARTESIAN_POINT('',(13.,84.,19.4));
#5702 = VECTOR('',#5703,1.);
#5703 = DIRECTION('',(0.,1.,0.));
#5704 = ORIENTED_EDGE('',*,*,#5618,.T.);
#5705 = ORIENTED_EDGE('',*,*,#5655,.T.);
#5706 = PLANE('',#5707);
#5707 = AXIS2_PLACEMENT_3D('',#5708,#5709,#5710);
#5708 = CARTESIAN_POINT('',(15.9,88.,19.4));
#5709 = DIRECTION('',(0.,0.,1.));
#5710 = DIRECTION('',(1.,0.,0.));
#5711 = ADVANCED_FACE('',(#5712),#5718,.T.);
#5712 = FACE_BOUND('',#5713,.T.);
#5713 = EDGE_LOOP('',(#5714,#5715,#5716,#5717));
#5714 = ORIENTED_EDGE('',*,*,#5626,.T.);
#5715 = ORIENTED_EDGE('',*,*,#5699,.T.);
#5716 = ORIENTED_EDGE('',*,*,#5675,.F.);
#5717 = ORIENTED_EDGE('',*,*,#5554,.F.);
#5718 = PLANE('',#5719);
#5719 = AXIS2_PLACEMENT_3D('',#5720,#5721,#5722);
#5720 = CARTESIAN_POINT('',(13.,88.,16.4));
#5721 = DIRECTION('',(-1.,-0.,-0.));
#5722 = DIRECTION('',(0.,0.,-1.));
#5723 = MANIFOLD_SOLID_BREP('',#5724);
#5724 = CLOSED_SHELL('',(#5725,#5765,#5796,#5836,#5860,#5916,#5947,#5971
    ,#5995,#6014,#6042,#6059));
#5725 = ADVANCED_FACE('',(#5726),#5760,.T.);
#5726 = FACE_BOUND('',#5727,.T.);
#5727 = EDGE_LOOP('',(#5728,#5738,#5746,#5754));
#5728 = ORIENTED_EDGE('',*,*,#5729,.F.);
#5729 = EDGE_CURVE('',#5730,#5732,#5734,.T.);
#5730 = VERTEX_POINT('',#5731);
#5731 = CARTESIAN_POINT('',(123.2,2.2,14.8));
#5732 = VERTEX_POINT('',#5733);
#5733 = CARTESIAN_POINT('',(123.2,84.,14.8));
#5734 = LINE('',#5735,#5736);
#5735 = CARTESIAN_POINT('',(123.2,2.2,14.8));
#5736 = VECTOR('',#5737,1.);
#5737 = DIRECTION('',(0.,1.,0.));
#5738 = ORIENTED_EDGE('',*,*,#5739,.T.);
#5739 = EDGE_CURVE('',#5730,#5740,#5742,.T.);
#5740 = VERTEX_POINT('',#5741);
#5741 = CARTESIAN_POINT('',(124.2,2.2,14.8));
#5742 = LINE('',#5743,#5744);
#5743 = CARTESIAN_POINT('',(123.2,2.2,14.8));
#5744 = VECTOR('',#5745,1.);
#5745 = DIRECTION('',(1.,0.,0.));
#5746 = ORIENTED_EDGE('',*,*,#5747,.T.);
#5747 = EDGE_CURVE('',#5740,#5748,#5750,.T.);
#5748 = VERTEX_POINT('',#5749);
#5749 = CARTESIAN_POINT('',(124.2,84.,14.8));
#5750 = LINE('',#5751,#5752);
#5751 = CARTESIAN_POINT('',(124.2,2.2,14.8));
#5752 = VECTOR('',#5753,1.);
#5753 = DIRECTION('',(0.,1.,0.));
#5754 = ORIENTED_EDGE('',*,*,#5755,.T.);
#5755 = EDGE_CURVE('',#5748,#5732,#5756,.T.);
#5756 = LINE('',#5757,#5758);
#5757 = CARTESIAN_POINT('',(123.2,84.,14.8));
#5758 = VECTOR('',#5759,1.);
#5759 = DIRECTION('',(-1.,0.,0.));
#5760 = PLANE('',#5761);
#5761 = AXIS2_PLACEMENT_3D('',#5762,#5763,#5764);
#5762 = CARTESIAN_POINT('',(123.2,2.2,14.8));
#5763 = DIRECTION('',(0.,0.,1.));
#5764 = DIRECTION('',(1.,0.,0.));
#5765 = ADVANCED_FACE('',(#5766),#5791,.F.);
#5766 = FACE_BOUND('',#5767,.F.);
#5767 = EDGE_LOOP('',(#5768,#5778,#5784,#5785));
#5768 = ORIENTED_EDGE('',*,*,#5769,.F.);
#5769 = EDGE_CURVE('',#5770,#5772,#5774,.T.);
#5770 = VERTEX_POINT('',#5771);
#5771 = CARTESIAN_POINT('',(123.2,2.2,8.));
#5772 = VERTEX_POINT('',#5773);
#5773 = CARTESIAN_POINT('',(124.2,2.2,8.));
#5774 = LINE('',#5775,#5776);
#5775 = CARTESIAN_POINT('',(123.2,2.2,8.));
#5776 = VECTOR('',#5777,1.);
#5777 = DIRECTION('',(1.,0.,0.));
#5778 = ORIENTED_EDGE('',*,*,#5779,.T.);
#5779 = EDGE_CURVE('',#5770,#5730,#5780,.T.);
#5780 = LINE('',#5781,#5782);
#5781 = CARTESIAN_POINT('',(123.2,2.2,8.));
#5782 = VECTOR('',#5783,1.);
#5783 = DIRECTION('',(0.,0.,1.));
#5784 = ORIENTED_EDGE('',*,*,#5739,.T.);
#5785 = ORIENTED_EDGE('',*,*,#5786,.F.);
#5786 = EDGE_CURVE('',#5772,#5740,#5787,.T.);
#5787 = LINE('',#5788,#5789);
#5788 = CARTESIAN_POINT('',(124.2,2.2,8.));
#5789 = VECTOR('',#5790,1.);
#5790 = DIRECTION('',(0.,0.,1.));
#5791 = PLANE('',#5792);
#5792 = AXIS2_PLACEMENT_3D('',#5793,#5794,#5795);
#5793 = CARTESIAN_POINT('',(123.2,2.2,8.));
#5794 = DIRECTION('',(0.,1.,0.));
#5795 = DIRECTION('',(0.,0.,1.));
#5796 = ADVANCED_FACE('',(#5797),#5831,.T.);
#5797 = FACE_BOUND('',#5798,.T.);
#5798 = EDGE_LOOP('',(#5799,#5800,#5808,#5816,#5824,#5830));
#5799 = ORIENTED_EDGE('',*,*,#5729,.T.);
#5800 = ORIENTED_EDGE('',*,*,#5801,.T.);
#5801 = EDGE_CURVE('',#5732,#5802,#5804,.T.);
#5802 = VERTEX_POINT('',#5803);
#5803 = CARTESIAN_POINT('',(123.2,84.,19.4));
#5804 = LINE('',#5805,#5806);
#5805 = CARTESIAN_POINT('',(123.2,84.,8.));
#5806 = VECTOR('',#5807,1.);
#5807 = DIRECTION('',(0.,0.,1.));
#5808 = ORIENTED_EDGE('',*,*,#5809,.T.);
#5809 = EDGE_CURVE('',#5802,#5810,#5812,.T.);
#5810 = VERTEX_POINT('',#5811);
#5811 = CARTESIAN_POINT('',(123.2,92.,19.4));
#5812 = LINE('',#5813,#5814);
#5813 = CARTESIAN_POINT('',(123.2,84.,19.4));
#5814 = VECTOR('',#5815,1.);
#5815 = DIRECTION('',(0.,1.,0.));
#5816 = ORIENTED_EDGE('',*,*,#5817,.F.);
#5817 = EDGE_CURVE('',#5818,#5810,#5820,.T.);
#5818 = VERTEX_POINT('',#5819);
#5819 = CARTESIAN_POINT('',(123.2,92.,8.));
#5820 = LINE('',#5821,#5822);
#5821 = CARTESIAN_POINT('',(123.2,92.,8.));
#5822 = VECTOR('',#5823,1.);
#5823 = DIRECTION('',(0.,0.,1.));
#5824 = ORIENTED_EDGE('',*,*,#5825,.F.);
#5825 = EDGE_CURVE('',#5770,#5818,#5826,.T.);
#5826 = LINE('',#5827,#5828);
#5827 = CARTESIAN_POINT('',(123.2,2.2,8.));
#5828 = VECTOR('',#5829,1.);
#5829 = DIRECTION('',(0.,1.,0.));
#5830 = ORIENTED_EDGE('',*,*,#5779,.T.);
#5831 = PLANE('',#5832);
#5832 = AXIS2_PLACEMENT_3D('',#5833,#5834,#5835);
#5833 = CARTESIAN_POINT('',(123.2,48.959090909091,11.840909090909));
#5834 = DIRECTION('',(-1.,-0.,-0.));
#5835 = DIRECTION('',(0.,0.,-1.));
#5836 = ADVANCED_FACE('',(#5837),#5855,.F.);
#5837 = FACE_BOUND('',#5838,.T.);
#5838 = EDGE_LOOP('',(#5839,#5840,#5848,#5854));
#5839 = ORIENTED_EDGE('',*,*,#5825,.T.);
#5840 = ORIENTED_EDGE('',*,*,#5841,.T.);
#5841 = EDGE_CURVE('',#5818,#5842,#5844,.T.);
#5842 = VERTEX_POINT('',#5843);
#5843 = CARTESIAN_POINT('',(124.2,92.,8.));
#5844 = LINE('',#5845,#5846);
#5845 = CARTESIAN_POINT('',(123.2,92.,8.));
#5846 = VECTOR('',#5847,1.);
#5847 = DIRECTION('',(1.,0.,0.));
#5848 = ORIENTED_EDGE('',*,*,#5849,.F.);
#5849 = EDGE_CURVE('',#5772,#5842,#5850,.T.);
#5850 = LINE('',#5851,#5852);
#5851 = CARTESIAN_POINT('',(124.2,2.2,8.));
#5852 = VECTOR('',#5853,1.);
#5853 = DIRECTION('',(0.,1.,0.));
#5854 = ORIENTED_EDGE('',*,*,#5769,.F.);
#5855 = PLANE('',#5856);
#5856 = AXIS2_PLACEMENT_3D('',#5857,#5858,#5859);
#5857 = CARTESIAN_POINT('',(123.2,2.2,8.));
#5858 = DIRECTION('',(0.,0.,1.));
#5859 = DIRECTION('',(1.,0.,0.));
#5860 = ADVANCED_FACE('',(#5861),#5911,.T.);
#5861 = FACE_BOUND('',#5862,.T.);
#5862 = EDGE_LOOP('',(#5863,#5864,#5872,#5880,#5888,#5896,#5904,#5910));
#5863 = ORIENTED_EDGE('',*,*,#5755,.F.);
#5864 = ORIENTED_EDGE('',*,*,#5865,.T.);
#5865 = EDGE_CURVE('',#5748,#5866,#5868,.T.);
#5866 = VERTEX_POINT('',#5867);
#5867 = CARTESIAN_POINT('',(124.2,84.,17.4));
#5868 = LINE('',#5869,#5870);
#5869 = CARTESIAN_POINT('',(124.2,84.,8.));
#5870 = VECTOR('',#5871,1.);
#5871 = DIRECTION('',(0.,0.,1.));
#5872 = ORIENTED_EDGE('',*,*,#5873,.T.);
#5873 = EDGE_CURVE('',#5866,#5874,#5876,.T.);
#5874 = VERTEX_POINT('',#5875);
#5875 = CARTESIAN_POINT('',(128.,84.,17.4));
#5876 = LINE('',#5877,#5878);
#5877 = CARTESIAN_POINT('',(123.2,84.,17.4));
#5878 = VECTOR('',#5879,1.);
#5879 = DIRECTION('',(1.,0.,0.));
#5880 = ORIENTED_EDGE('',*,*,#5881,.F.);
#5881 = EDGE_CURVE('',#5882,#5874,#5884,.T.);
#5882 = VERTEX_POINT('',#5883);
#5883 = CARTESIAN_POINT('',(128.,84.,13.4));
#5884 = LINE('',#5885,#5886);
#5885 = CARTESIAN_POINT('',(128.,84.,13.4));
#5886 = VECTOR('',#5887,1.);
#5887 = DIRECTION('',(0.,0.,1.));
#5888 = ORIENTED_EDGE('',*,*,#5889,.T.);
#5889 = EDGE_CURVE('',#5882,#5890,#5892,.T.);
#5890 = VERTEX_POINT('',#5891);
#5891 = CARTESIAN_POINT('',(129.,84.,13.4));
#5892 = LINE('',#5893,#5894);
#5893 = CARTESIAN_POINT('',(128.,84.,13.4));
#5894 = VECTOR('',#5895,1.);
#5895 = DIRECTION('',(1.,0.,0.));
#5896 = ORIENTED_EDGE('',*,*,#5897,.T.);
#5897 = EDGE_CURVE('',#5890,#5898,#5900,.T.);
#5898 = VERTEX_POINT('',#5899);
#5899 = CARTESIAN_POINT('',(129.,84.,19.4));
#5900 = LINE('',#5901,#5902);
#5901 = CARTESIAN_POINT('',(129.,84.,13.4));
#5902 = VECTOR('',#5903,1.);
#5903 = DIRECTION('',(0.,0.,1.));
#5904 = ORIENTED_EDGE('',*,*,#5905,.F.);
#5905 = EDGE_CURVE('',#5802,#5898,#5906,.T.);
#5906 = LINE('',#5907,#5908);
#5907 = CARTESIAN_POINT('',(123.2,84.,19.4));
#5908 = VECTOR('',#5909,1.);
#5909 = DIRECTION('',(1.,0.,0.));
#5910 = ORIENTED_EDGE('',*,*,#5801,.F.);
#5911 = PLANE('',#5912);
#5912 = AXIS2_PLACEMENT_3D('',#5913,#5914,#5915);
#5913 = CARTESIAN_POINT('',(126.33333333333,84.,16.922222222222));
#5914 = DIRECTION('',(-0.,-1.,-0.));
#5915 = DIRECTION('',(0.,0.,-1.));
#5916 = ADVANCED_FACE('',(#5917),#5942,.F.);
#5917 = FACE_BOUND('',#5918,.F.);
#5918 = EDGE_LOOP('',(#5919,#5927,#5928,#5936));
#5919 = ORIENTED_EDGE('',*,*,#5920,.T.);
#5920 = EDGE_CURVE('',#5921,#5866,#5923,.T.);
#5921 = VERTEX_POINT('',#5922);
#5922 = CARTESIAN_POINT('',(124.2,92.,17.4));
#5923 = LINE('',#5924,#5925);
#5924 = CARTESIAN_POINT('',(124.2,84.,17.4));
#5925 = VECTOR('',#5926,1.);
#5926 = DIRECTION('',(0.,-1.,0.));
#5927 = ORIENTED_EDGE('',*,*,#5873,.T.);
#5928 = ORIENTED_EDGE('',*,*,#5929,.T.);
#5929 = EDGE_CURVE('',#5874,#5930,#5932,.T.);
#5930 = VERTEX_POINT('',#5931);
#5931 = CARTESIAN_POINT('',(128.,92.,17.4));
#5932 = LINE('',#5933,#5934);
#5933 = CARTESIAN_POINT('',(128.,84.,17.4));
#5934 = VECTOR('',#5935,1.);
#5935 = DIRECTION('',(0.,1.,0.));
#5936 = ORIENTED_EDGE('',*,*,#5937,.F.);
#5937 = EDGE_CURVE('',#5921,#5930,#5938,.T.);
#5938 = LINE('',#5939,#5940);
#5939 = CARTESIAN_POINT('',(123.2,92.,17.4));
#5940 = VECTOR('',#5941,1.);
#5941 = DIRECTION('',(1.,0.,0.));
#5942 = PLANE('',#5943);
#5943 = AXIS2_PLACEMENT_3D('',#5944,#5945,#5946);
#5944 = CARTESIAN_POINT('',(123.2,84.,17.4));
#5945 = DIRECTION('',(0.,0.,1.));
#5946 = DIRECTION('',(1.,0.,0.));
#5947 = ADVANCED_FACE('',(#5948),#5966,.F.);
#5948 = FACE_BOUND('',#5949,.F.);
#5949 = EDGE_LOOP('',(#5950,#5951,#5959,#5965));
#5950 = ORIENTED_EDGE('',*,*,#5881,.F.);
#5951 = ORIENTED_EDGE('',*,*,#5952,.T.);
#5952 = EDGE_CURVE('',#5882,#5953,#5955,.T.);
#5953 = VERTEX_POINT('',#5954);
#5954 = CARTESIAN_POINT('',(128.,92.,13.4));
#5955 = LINE('',#5956,#5957);
#5956 = CARTESIAN_POINT('',(128.,84.,13.4));
#5957 = VECTOR('',#5958,1.);
#5958 = DIRECTION('',(0.,1.,0.));
#5959 = ORIENTED_EDGE('',*,*,#5960,.T.);
#5960 = EDGE_CURVE('',#5953,#5930,#5961,.T.);
#5961 = LINE('',#5962,#5963);
#5962 = CARTESIAN_POINT('',(128.,92.,13.4));
#5963 = VECTOR('',#5964,1.);
#5964 = DIRECTION('',(0.,0.,1.));
#5965 = ORIENTED_EDGE('',*,*,#5929,.F.);
#5966 = PLANE('',#5967);
#5967 = AXIS2_PLACEMENT_3D('',#5968,#5969,#5970);
#5968 = CARTESIAN_POINT('',(128.,84.,13.4));
#5969 = DIRECTION('',(1.,0.,0.));
#5970 = DIRECTION('',(0.,0.,1.));
#5971 = ADVANCED_FACE('',(#5972),#5990,.F.);
#5972 = FACE_BOUND('',#5973,.F.);
#5973 = EDGE_LOOP('',(#5974,#5975,#5976,#5984));
#5974 = ORIENTED_EDGE('',*,*,#5952,.F.);
#5975 = ORIENTED_EDGE('',*,*,#5889,.T.);
#5976 = ORIENTED_EDGE('',*,*,#5977,.T.);
#5977 = EDGE_CURVE('',#5890,#5978,#5980,.T.);
#5978 = VERTEX_POINT('',#5979);
#5979 = CARTESIAN_POINT('',(129.,92.,13.4));
#5980 = LINE('',#5981,#5982);
#5981 = CARTESIAN_POINT('',(129.,84.,13.4));
#5982 = VECTOR('',#5983,1.);
#5983 = DIRECTION('',(0.,1.,0.));
#5984 = ORIENTED_EDGE('',*,*,#5985,.F.);
#5985 = EDGE_CURVE('',#5953,#5978,#5986,.T.);
#5986 = LINE('',#5987,#5988);
#5987 = CARTESIAN_POINT('',(128.,92.,13.4));
#5988 = VECTOR('',#5989,1.);
#5989 = DIRECTION('',(1.,0.,0.));
#5990 = PLANE('',#5991);
#5991 = AXIS2_PLACEMENT_3D('',#5992,#5993,#5994);
#5992 = CARTESIAN_POINT('',(128.,84.,13.4));
#5993 = DIRECTION('',(0.,0.,1.));
#5994 = DIRECTION('',(1.,0.,0.));
#5995 = ADVANCED_FACE('',(#5996),#6009,.T.);
#5996 = FACE_BOUND('',#5997,.T.);
#5997 = EDGE_LOOP('',(#5998,#5999,#6000,#6001,#6007,#6008));
#5998 = ORIENTED_EDGE('',*,*,#5747,.F.);
#5999 = ORIENTED_EDGE('',*,*,#5786,.F.);
#6000 = ORIENTED_EDGE('',*,*,#5849,.T.);
#6001 = ORIENTED_EDGE('',*,*,#6002,.T.);
#6002 = EDGE_CURVE('',#5842,#5921,#6003,.T.);
#6003 = LINE('',#6004,#6005);
#6004 = CARTESIAN_POINT('',(124.2,92.,8.));
#6005 = VECTOR('',#6006,1.);
#6006 = DIRECTION('',(0.,0.,1.));
#6007 = ORIENTED_EDGE('',*,*,#5920,.T.);
#6008 = ORIENTED_EDGE('',*,*,#5865,.F.);
#6009 = PLANE('',#6010);
#6010 = AXIS2_PLACEMENT_3D('',#6011,#6012,#6013);
#6011 = CARTESIAN_POINT('',(124.2,48.171975806452,11.628024193548));
#6012 = DIRECTION('',(1.,0.,0.));
#6013 = DIRECTION('',(0.,0.,1.));
#6014 = ADVANCED_FACE('',(#6015),#6037,.T.);
#6015 = FACE_BOUND('',#6016,.T.);
#6016 = EDGE_LOOP('',(#6017,#6018,#6019,#6027,#6033,#6034,#6035,#6036));
#6017 = ORIENTED_EDGE('',*,*,#5841,.F.);
#6018 = ORIENTED_EDGE('',*,*,#5817,.T.);
#6019 = ORIENTED_EDGE('',*,*,#6020,.T.);
#6020 = EDGE_CURVE('',#5810,#6021,#6023,.T.);
#6021 = VERTEX_POINT('',#6022);
#6022 = CARTESIAN_POINT('',(129.,92.,19.4));
#6023 = LINE('',#6024,#6025);
#6024 = CARTESIAN_POINT('',(123.2,92.,19.4));
#6025 = VECTOR('',#6026,1.);
#6026 = DIRECTION('',(1.,0.,0.));
#6027 = ORIENTED_EDGE('',*,*,#6028,.F.);
#6028 = EDGE_CURVE('',#5978,#6021,#6029,.T.);
#6029 = LINE('',#6030,#6031);
#6030 = CARTESIAN_POINT('',(129.,92.,17.4));
#6031 = VECTOR('',#6032,1.);
#6032 = DIRECTION('',(0.,0.,1.));
#6033 = ORIENTED_EDGE('',*,*,#5985,.F.);
#6034 = ORIENTED_EDGE('',*,*,#5960,.T.);
#6035 = ORIENTED_EDGE('',*,*,#5937,.F.);
#6036 = ORIENTED_EDGE('',*,*,#6002,.F.);
#6037 = PLANE('',#6038);
#6038 = AXIS2_PLACEMENT_3D('',#6039,#6040,#6041);
#6039 = CARTESIAN_POINT('',(125.48867924528,92.,14.990566037736));
#6040 = DIRECTION('',(0.,1.,0.));
#6041 = DIRECTION('',(0.,0.,1.));
#6042 = ADVANCED_FACE('',(#6043),#6054,.T.);
#6043 = FACE_BOUND('',#6044,.T.);
#6044 = EDGE_LOOP('',(#6045,#6046,#6047,#6053));
#6045 = ORIENTED_EDGE('',*,*,#5809,.F.);
#6046 = ORIENTED_EDGE('',*,*,#5905,.T.);
#6047 = ORIENTED_EDGE('',*,*,#6048,.T.);
#6048 = EDGE_CURVE('',#5898,#6021,#6049,.T.);
#6049 = LINE('',#6050,#6051);
#6050 = CARTESIAN_POINT('',(129.,84.,19.4));
#6051 = VECTOR('',#6052,1.);
#6052 = DIRECTION('',(0.,1.,0.));
#6053 = ORIENTED_EDGE('',*,*,#6020,.F.);
#6054 = PLANE('',#6055);
#6055 = AXIS2_PLACEMENT_3D('',#6056,#6057,#6058);
#6056 = CARTESIAN_POINT('',(126.1,88.,19.4));
#6057 = DIRECTION('',(0.,0.,1.));
#6058 = DIRECTION('',(1.,0.,0.));
#6059 = ADVANCED_FACE('',(#6060),#6066,.T.);
#6060 = FACE_BOUND('',#6061,.T.);
#6061 = EDGE_LOOP('',(#6062,#6063,#6064,#6065));
#6062 = ORIENTED_EDGE('',*,*,#5897,.F.);
#6063 = ORIENTED_EDGE('',*,*,#5977,.T.);
#6064 = ORIENTED_EDGE('',*,*,#6028,.T.);
#6065 = ORIENTED_EDGE('',*,*,#6048,.F.);
#6066 = PLANE('',#6067);
#6067 = AXIS2_PLACEMENT_3D('',#6068,#6069,#6070);
#6068 = CARTESIAN_POINT('',(129.,88.,16.4));
#6069 = DIRECTION('',(1.,0.,0.));
#6070 = DIRECTION('',(0.,0.,1.));
#6071 = MANIFOLD_SOLID_BREP('',#6072);
#6072 = CLOSED_SHELL('',(#6073,#6115,#6147,#6306,#6350,#6376,#6400,#6425
    ,#6490,#6546,#6570,#6626,#6684,#6709,#6742,#6773,#6845,#6869,#6909,
    #6965,#6989,#7045,#7085,#7109,#7174,#7191,#7208,#7233,#7281,#7321,
    #7333,#7382,#7400,#7504,#7528,#7545,#7576,#7623,#7642,#7741,#7758,
    #7789,#7815,#7856,#7911,#7928,#7954,#7979,#8015,#8032,#8049,#8075,
    #8099,#8139,#8172,#8184,#8215,#8239,#8279,#8296,#8308,#8341,#8353,
    #8378,#8409,#8426,#8443,#8474,#8505,#8570,#8596,#8614,#8645,#8677,
    #8701,#8723,#8735,#8766,#8790,#8814,#8831,#8864,#8897,#8914,#8971,
    #8988,#9005,#9051,#9075,#9092,#9123,#9147,#9171,#9188,#9205,#9230,
    #9254,#9278,#9321,#9345,#9363,#9387,#9404,#9416,#9441,#9474,#9544,
    #9577,#9647,#9656,#9689,#9722,#9747,#9779,#9839,#9856,#9874,#9886,
    #9898,#10000,#10024,#10036,#10103,#10115,#10133,#10151,#10169,#10194
    ,#10211,#10236,#10253,#10275,#10292,#10309,#10321,#10354,#10371,
    #10388,#10405,#10422,#10439,#10472,#10490,#10524,#10549,#10566,
    #10584,#10596,#10621,#10646,#10671,#10696,#10729,#10755,#10772,
    #10781,#10798,#10822,#10839,#10863,#10872,#10881,#10890,#10899,
    #10924,#10949,#10974,#10999,#11008));
#6073 = ADVANCED_FACE('',(#6074),#6110,.T.);
#6074 = FACE_BOUND('',#6075,.T.);
#6075 = EDGE_LOOP('',(#6076,#6087,#6095,#6104));
#6076 = ORIENTED_EDGE('',*,*,#6077,.T.);
#6077 = EDGE_CURVE('',#6078,#6080,#6082,.T.);
#6078 = VERTEX_POINT('',#6079);
#6079 = CARTESIAN_POINT('',(16.,0.,119.));
#6080 = VERTEX_POINT('',#6081);
#6081 = CARTESIAN_POINT('',(15.,1.,120.));
#6082 = ELLIPSE('',#6083,1.414213562373,1.);
#6083 = AXIS2_PLACEMENT_3D('',#6084,#6085,#6086);
#6084 = CARTESIAN_POINT('',(15.,1.,119.));
#6085 = DIRECTION('',(-0.707106781187,-0.707106781187,-0.));
#6086 = DIRECTION('',(-0.707106781187,0.707106781187,0.));
#6087 = ORIENTED_EDGE('',*,*,#6088,.T.);
#6088 = EDGE_CURVE('',#6080,#6089,#6091,.T.);
#6089 = VERTEX_POINT('',#6090);
#6090 = CARTESIAN_POINT('',(10.,1.,120.));
#6091 = LINE('',#6092,#6093);
#6092 = CARTESIAN_POINT('',(16.,1.,120.));
#6093 = VECTOR('',#6094,1.);
#6094 = DIRECTION('',(-1.,-0.,-0.));
#6095 = ORIENTED_EDGE('',*,*,#6096,.F.);
#6096 = EDGE_CURVE('',#6097,#6089,#6099,.T.);
#6097 = VERTEX_POINT('',#6098);
#6098 = CARTESIAN_POINT('',(10.,0.,119.));
#6099 = CIRCLE('',#6100,1.);
#6100 = AXIS2_PLACEMENT_3D('',#6101,#6102,#6103);
#6101 = CARTESIAN_POINT('',(10.,1.,119.));
#6102 = DIRECTION('',(-1.,0.,0.));
#6103 = DIRECTION('',(0.,-1.,0.));
#6104 = ORIENTED_EDGE('',*,*,#6105,.F.);
#6105 = EDGE_CURVE('',#6078,#6097,#6106,.T.);
#6106 = LINE('',#6107,#6108);
#6107 = CARTESIAN_POINT('',(16.,-2.2E-16,119.));
#6108 = VECTOR('',#6109,1.);
#6109 = DIRECTION('',(-1.,-0.,-0.));
#6110 = CYLINDRICAL_SURFACE('',#6111,1.);
#6111 = AXIS2_PLACEMENT_3D('',#6112,#6113,#6114);
#6112 = CARTESIAN_POINT('',(16.,1.,119.));
#6113 = DIRECTION('',(-1.,-0.,-0.));
#6114 = DIRECTION('',(0.,-1.,0.));
#6115 = ADVANCED_FACE('',(#6116),#6142,.T.);
#6116 = FACE_BOUND('',#6117,.T.);
#6117 = EDGE_LOOP('',(#6118,#6119,#6127,#6136));
#6118 = ORIENTED_EDGE('',*,*,#6077,.F.);
#6119 = ORIENTED_EDGE('',*,*,#6120,.T.);
#6120 = EDGE_CURVE('',#6078,#6121,#6123,.T.);
#6121 = VERTEX_POINT('',#6122);
#6122 = CARTESIAN_POINT('',(16.,16.,119.));
#6123 = LINE('',#6124,#6125);
#6124 = CARTESIAN_POINT('',(16.,0.,119.));
#6125 = VECTOR('',#6126,1.);
#6126 = DIRECTION('',(0.,1.,0.));
#6127 = ORIENTED_EDGE('',*,*,#6128,.F.);
#6128 = EDGE_CURVE('',#6129,#6121,#6131,.T.);
#6129 = VERTEX_POINT('',#6130);
#6130 = CARTESIAN_POINT('',(15.,15.,120.));
#6131 = ELLIPSE('',#6132,1.414213562373,1.);
#6132 = AXIS2_PLACEMENT_3D('',#6133,#6134,#6135);
#6133 = CARTESIAN_POINT('',(15.,15.,119.));
#6134 = DIRECTION('',(-0.707106781187,0.707106781187,0.));
#6135 = DIRECTION('',(0.707106781187,0.707106781187,0.));
#6136 = ORIENTED_EDGE('',*,*,#6137,.F.);
#6137 = EDGE_CURVE('',#6080,#6129,#6138,.T.);
#6138 = LINE('',#6139,#6140);
#6139 = CARTESIAN_POINT('',(15.,0.,120.));
#6140 = VECTOR('',#6141,1.);
#6141 = DIRECTION('',(0.,1.,0.));
#6142 = CYLINDRICAL_SURFACE('',#6143,1.);
#6143 = AXIS2_PLACEMENT_3D('',#6144,#6145,#6146);
#6144 = CARTESIAN_POINT('',(15.,0.,119.));
#6145 = DIRECTION('',(0.,1.,0.));
#6146 = DIRECTION('',(0.,0.,1.));
#6147 = ADVANCED_FACE('',(#6148),#6301,.T.);
#6148 = FACE_BOUND('',#6149,.T.);
#6149 = EDGE_LOOP('',(#6150,#6160,#6168,#6176,#6184,#6192,#6200,#6208,
    #6216,#6224,#6232,#6240,#6248,#6256,#6264,#6272,#6280,#6288,#6294,
    #6295));
#6150 = ORIENTED_EDGE('',*,*,#6151,.T.);
#6151 = EDGE_CURVE('',#6152,#6154,#6156,.T.);
#6152 = VERTEX_POINT('',#6153);
#6153 = CARTESIAN_POINT('',(10.,-2.E-15,66.));
#6154 = VERTEX_POINT('',#6155);
#6155 = CARTESIAN_POINT('',(22.4,0.,66.));
#6156 = LINE('',#6157,#6158);
#6157 = CARTESIAN_POINT('',(12.,0.,66.));
#6158 = VECTOR('',#6159,1.);
#6159 = DIRECTION('',(1.,0.,0.));
#6160 = ORIENTED_EDGE('',*,*,#6161,.T.);
#6161 = EDGE_CURVE('',#6154,#6162,#6164,.T.);
#6162 = VERTEX_POINT('',#6163);
#6163 = CARTESIAN_POINT('',(22.4,0.,68.));
#6164 = LINE('',#6165,#6166);
#6165 = CARTESIAN_POINT('',(22.4,0.,66.));
#6166 = VECTOR('',#6167,1.);
#6167 = DIRECTION('',(0.,0.,1.));
#6168 = ORIENTED_EDGE('',*,*,#6169,.T.);
#6169 = EDGE_CURVE('',#6162,#6170,#6172,.T.);
#6170 = VERTEX_POINT('',#6171);
#6171 = CARTESIAN_POINT('',(119.6,0.,68.));
#6172 = LINE('',#6173,#6174);
#6173 = CARTESIAN_POINT('',(15.3,0.,68.));
#6174 = VECTOR('',#6175,1.);
#6175 = DIRECTION('',(1.,0.,0.));
#6176 = ORIENTED_EDGE('',*,*,#6177,.F.);
#6177 = EDGE_CURVE('',#6178,#6170,#6180,.T.);
#6178 = VERTEX_POINT('',#6179);
#6179 = CARTESIAN_POINT('',(119.6,0.,66.));
#6180 = LINE('',#6181,#6182);
#6181 = CARTESIAN_POINT('',(119.6,0.,66.));
#6182 = VECTOR('',#6183,1.);
#6183 = DIRECTION('',(0.,0.,1.));
#6184 = ORIENTED_EDGE('',*,*,#6185,.T.);
#6185 = EDGE_CURVE('',#6178,#6186,#6188,.T.);
#6186 = VERTEX_POINT('',#6187);
#6187 = CARTESIAN_POINT('',(132.,-2.E-15,66.));
#6188 = LINE('',#6189,#6190);
#6189 = CARTESIAN_POINT('',(126.,0.,66.));
#6190 = VECTOR('',#6191,1.);
#6191 = DIRECTION('',(1.,0.,0.));
#6192 = ORIENTED_EDGE('',*,*,#6193,.T.);
#6193 = EDGE_CURVE('',#6186,#6194,#6196,.T.);
#6194 = VERTEX_POINT('',#6195);
#6195 = CARTESIAN_POINT('',(132.,0.,119.));
#6196 = LINE('',#6197,#6198);
#6197 = CARTESIAN_POINT('',(132.,-1.78E-15,66.));
#6198 = VECTOR('',#6199,1.);
#6199 = DIRECTION('',(0.,0.,1.));
#6200 = ORIENTED_EDGE('',*,*,#6201,.F.);
#6201 = EDGE_CURVE('',#6202,#6194,#6204,.T.);
#6202 = VERTEX_POINT('',#6203);
#6203 = CARTESIAN_POINT('',(126.,0.,119.));
#6204 = LINE('',#6205,#6206);
#6205 = CARTESIAN_POINT('',(126.,-2.2E-16,119.));
#6206 = VECTOR('',#6207,1.);
#6207 = DIRECTION('',(1.,0.,0.));
#6208 = ORIENTED_EDGE('',*,*,#6209,.F.);
#6209 = EDGE_CURVE('',#6210,#6202,#6212,.T.);
#6210 = VERTEX_POINT('',#6211);
#6211 = CARTESIAN_POINT('',(126.,0.,77.4));
#6212 = LINE('',#6213,#6214);
#6213 = CARTESIAN_POINT('',(126.,0.,66.));
#6214 = VECTOR('',#6215,1.);
#6215 = DIRECTION('',(0.,0.,1.));
#6216 = ORIENTED_EDGE('',*,*,#6217,.F.);
#6217 = EDGE_CURVE('',#6218,#6210,#6220,.T.);
#6218 = VERTEX_POINT('',#6219);
#6219 = CARTESIAN_POINT('',(121.6,0.,77.4));
#6220 = LINE('',#6221,#6222);
#6221 = CARTESIAN_POINT('',(124.2,0.,77.4));
#6222 = VECTOR('',#6223,1.);
#6223 = DIRECTION('',(1.,0.,0.));
#6224 = ORIENTED_EDGE('',*,*,#6225,.F.);
#6225 = EDGE_CURVE('',#6226,#6218,#6228,.T.);
#6226 = VERTEX_POINT('',#6227);
#6227 = CARTESIAN_POINT('',(121.6,0.,75.));
#6228 = LINE('',#6229,#6230);
#6229 = CARTESIAN_POINT('',(121.6,0.,75.));
#6230 = VECTOR('',#6231,1.);
#6231 = DIRECTION('',(0.,0.,1.));
#6232 = ORIENTED_EDGE('',*,*,#6233,.T.);
#6233 = EDGE_CURVE('',#6226,#6234,#6236,.T.);
#6234 = VERTEX_POINT('',#6235);
#6235 = CARTESIAN_POINT('',(124.2,0.,75.));
#6236 = LINE('',#6237,#6238);
#6237 = CARTESIAN_POINT('',(121.6,0.,75.));
#6238 = VECTOR('',#6239,1.);
#6239 = DIRECTION('',(1.,0.,0.));
#6240 = ORIENTED_EDGE('',*,*,#6241,.F.);
#6241 = EDGE_CURVE('',#6242,#6234,#6244,.T.);
#6242 = VERTEX_POINT('',#6243);
#6243 = CARTESIAN_POINT('',(124.2,0.,74.));
#6244 = LINE('',#6245,#6246);
#6245 = CARTESIAN_POINT('',(124.2,0.,68.));
#6246 = VECTOR('',#6247,1.);
#6247 = DIRECTION('',(0.,0.,1.));
#6248 = ORIENTED_EDGE('',*,*,#6249,.F.);
#6249 = EDGE_CURVE('',#6250,#6242,#6252,.T.);
#6250 = VERTEX_POINT('',#6251);
#6251 = CARTESIAN_POINT('',(17.8,0.,74.));
#6252 = LINE('',#6253,#6254);
#6253 = CARTESIAN_POINT('',(15.3,0.,74.));
#6254 = VECTOR('',#6255,1.);
#6255 = DIRECTION('',(1.,0.,0.));
#6256 = ORIENTED_EDGE('',*,*,#6257,.T.);
#6257 = EDGE_CURVE('',#6250,#6258,#6260,.T.);
#6258 = VERTEX_POINT('',#6259);
#6259 = CARTESIAN_POINT('',(17.8,0.,75.));
#6260 = LINE('',#6261,#6262);
#6261 = CARTESIAN_POINT('',(17.8,0.,68.));
#6262 = VECTOR('',#6263,1.);
#6263 = DIRECTION('',(0.,0.,1.));
#6264 = ORIENTED_EDGE('',*,*,#6265,.T.);
#6265 = EDGE_CURVE('',#6258,#6266,#6268,.T.);
#6266 = VERTEX_POINT('',#6267);
#6267 = CARTESIAN_POINT('',(20.4,0.,75.));
#6268 = LINE('',#6269,#6270);
#6269 = CARTESIAN_POINT('',(14.3,0.,75.));
#6270 = VECTOR('',#6271,1.);
#6271 = DIRECTION('',(1.,0.,0.));
#6272 = ORIENTED_EDGE('',*,*,#6273,.T.);
#6273 = EDGE_CURVE('',#6266,#6274,#6276,.T.);
#6274 = VERTEX_POINT('',#6275);
#6275 = CARTESIAN_POINT('',(20.4,0.,77.4));
#6276 = LINE('',#6277,#6278);
#6277 = CARTESIAN_POINT('',(20.4,0.,75.));
#6278 = VECTOR('',#6279,1.);
#6279 = DIRECTION('',(0.,0.,1.));
#6280 = ORIENTED_EDGE('',*,*,#6281,.F.);
#6281 = EDGE_CURVE('',#6282,#6274,#6284,.T.);
#6282 = VERTEX_POINT('',#6283);
#6283 = CARTESIAN_POINT('',(16.,0.,77.4));
#6284 = LINE('',#6285,#6286);
#6285 = CARTESIAN_POINT('',(14.3,0.,77.4));
#6286 = VECTOR('',#6287,1.);
#6287 = DIRECTION('',(1.,0.,0.));
#6288 = ORIENTED_EDGE('',*,*,#6289,.T.);
#6289 = EDGE_CURVE('',#6282,#6078,#6290,.T.);
#6290 = LINE('',#6291,#6292);
#6291 = CARTESIAN_POINT('',(16.,0.,66.));
#6292 = VECTOR('',#6293,1.);
#6293 = DIRECTION('',(0.,0.,1.));
#6294 = ORIENTED_EDGE('',*,*,#6105,.T.);
#6295 = ORIENTED_EDGE('',*,*,#6296,.F.);
#6296 = EDGE_CURVE('',#6152,#6097,#6297,.T.);
#6297 = LINE('',#6298,#6299);
#6298 = CARTESIAN_POINT('',(10.,-1.78E-15,66.));
#6299 = VECTOR('',#6300,1.);
#6300 = DIRECTION('',(0.,0.,1.));
#6301 = PLANE('',#6302);
#6302 = AXIS2_PLACEMENT_3D('',#6303,#6304,#6305);
#6303 = CARTESIAN_POINT('',(71.,-4.2E-16,82.255985915493));
#6304 = DIRECTION('',(-0.,-1.,-0.));
#6305 = DIRECTION('',(0.,0.,-1.));
#6306 = ADVANCED_FACE('',(#6307,#6334),#6345,.T.);
#6307 = FACE_BOUND('',#6308,.T.);
#6308 = EDGE_LOOP('',(#6309,#6310,#6311,#6319,#6327));
#6309 = ORIENTED_EDGE('',*,*,#6088,.F.);
#6310 = ORIENTED_EDGE('',*,*,#6137,.T.);
#6311 = ORIENTED_EDGE('',*,*,#6312,.F.);
#6312 = EDGE_CURVE('',#6313,#6129,#6315,.T.);
#6313 = VERTEX_POINT('',#6314);
#6314 = CARTESIAN_POINT('',(1.,15.,120.));
#6315 = LINE('',#6316,#6317);
#6316 = CARTESIAN_POINT('',(0.,15.,120.));
#6317 = VECTOR('',#6318,1.);
#6318 = DIRECTION('',(1.,0.,0.));
#6319 = ORIENTED_EDGE('',*,*,#6320,.F.);
#6320 = EDGE_CURVE('',#6321,#6313,#6323,.T.);
#6321 = VERTEX_POINT('',#6322);
#6322 = CARTESIAN_POINT('',(1.,10.,120.));
#6323 = LINE('',#6324,#6325);
#6324 = CARTESIAN_POINT('',(1.,10.,120.));
#6325 = VECTOR('',#6326,1.);
#6326 = DIRECTION('',(0.,1.,0.));
#6327 = ORIENTED_EDGE('',*,*,#6328,.F.);
#6328 = EDGE_CURVE('',#6089,#6321,#6329,.T.);
#6329 = CIRCLE('',#6330,9.);
#6330 = AXIS2_PLACEMENT_3D('',#6331,#6332,#6333);
#6331 = CARTESIAN_POINT('',(10.,10.,120.));
#6332 = DIRECTION('',(-0.,0.,-1.));
#6333 = DIRECTION('',(-1.8E-16,-1.,0.));
#6334 = FACE_BOUND('',#6335,.T.);
#6335 = EDGE_LOOP('',(#6336));
#6336 = ORIENTED_EDGE('',*,*,#6337,.F.);
#6337 = EDGE_CURVE('',#6338,#6338,#6340,.T.);
#6338 = VERTEX_POINT('',#6339);
#6339 = CARTESIAN_POINT('',(11.4,8.,120.));
#6340 = CIRCLE('',#6341,3.4);
#6341 = AXIS2_PLACEMENT_3D('',#6342,#6343,#6344);
#6342 = CARTESIAN_POINT('',(8.,8.,120.));
#6343 = DIRECTION('',(0.,0.,1.));
#6344 = DIRECTION('',(1.,0.,0.));
#6345 = PLANE('',#6346);
#6346 = AXIS2_PLACEMENT_3D('',#6347,#6348,#6349);
#6347 = CARTESIAN_POINT('',(0.,0.,120.));
#6348 = DIRECTION('',(0.,0.,1.));
#6349 = DIRECTION('',(1.,0.,0.));
#6350 = ADVANCED_FACE('',(#6351),#6371,.T.);
#6351 = FACE_BOUND('',#6352,.F.);
#6352 = EDGE_LOOP('',(#6353,#6354,#6363,#6370));
#6353 = ORIENTED_EDGE('',*,*,#6096,.F.);
#6354 = ORIENTED_EDGE('',*,*,#6355,.T.);
#6355 = EDGE_CURVE('',#6097,#6356,#6358,.T.);
#6356 = VERTEX_POINT('',#6357);
#6357 = CARTESIAN_POINT('',(-2.E-15,10.,119.));
#6358 = CIRCLE('',#6359,10.);
#6359 = AXIS2_PLACEMENT_3D('',#6360,#6361,#6362);
#6360 = CARTESIAN_POINT('',(10.,10.,119.));
#6361 = DIRECTION('',(-0.,0.,-1.));
#6362 = DIRECTION('',(-1.8E-16,-1.,0.));
#6363 = ORIENTED_EDGE('',*,*,#6364,.T.);
#6364 = EDGE_CURVE('',#6356,#6321,#6365,.T.);
#6365 = CIRCLE('',#6366,1.);
#6366 = AXIS2_PLACEMENT_3D('',#6367,#6368,#6369);
#6367 = CARTESIAN_POINT('',(1.,10.,119.));
#6368 = DIRECTION('',(-1.1E-16,1.,0.));
#6369 = DIRECTION('',(-1.,-1.1E-16,0.));
#6370 = ORIENTED_EDGE('',*,*,#6328,.F.);
#6371 = TOROIDAL_SURFACE('',#6372,9.,1.);
#6372 = AXIS2_PLACEMENT_3D('',#6373,#6374,#6375);
#6373 = CARTESIAN_POINT('',(10.,10.,119.));
#6374 = DIRECTION('',(0.,0.,1.));
#6375 = DIRECTION('',(-1.8E-16,-1.,0.));
#6376 = ADVANCED_FACE('',(#6377),#6395,.T.);
#6377 = FACE_BOUND('',#6378,.T.);
#6378 = EDGE_LOOP('',(#6379,#6387,#6393,#6394));
#6379 = ORIENTED_EDGE('',*,*,#6380,.F.);
#6380 = EDGE_CURVE('',#6381,#6282,#6383,.T.);
#6381 = VERTEX_POINT('',#6382);
#6382 = CARTESIAN_POINT('',(16.,16.,77.4));
#6383 = LINE('',#6384,#6385);
#6384 = CARTESIAN_POINT('',(16.,19.19686935581,77.4));
#6385 = VECTOR('',#6386,1.);
#6386 = DIRECTION('',(0.,-1.,0.));
#6387 = ORIENTED_EDGE('',*,*,#6388,.T.);
#6388 = EDGE_CURVE('',#6381,#6121,#6389,.T.);
#6389 = LINE('',#6390,#6391);
#6390 = CARTESIAN_POINT('',(16.,16.,66.));
#6391 = VECTOR('',#6392,1.);
#6392 = DIRECTION('',(0.,0.,1.));
#6393 = ORIENTED_EDGE('',*,*,#6120,.F.);
#6394 = ORIENTED_EDGE('',*,*,#6289,.F.);
#6395 = PLANE('',#6396);
#6396 = AXIS2_PLACEMENT_3D('',#6397,#6398,#6399);
#6397 = CARTESIAN_POINT('',(16.,38.39373871162,75.876610475617));
#6398 = DIRECTION('',(1.,0.,0.));
#6399 = DIRECTION('',(0.,0.,1.));
#6400 = ADVANCED_FACE('',(#6401),#6420,.T.);
#6401 = FACE_BOUND('',#6402,.F.);
#6402 = EDGE_LOOP('',(#6403,#6412,#6418,#6419));
#6403 = ORIENTED_EDGE('',*,*,#6404,.F.);
#6404 = EDGE_CURVE('',#6405,#6313,#6407,.T.);
#6405 = VERTEX_POINT('',#6406);
#6406 = CARTESIAN_POINT('',(0.,16.,119.));
#6407 = ELLIPSE('',#6408,1.414213562373,1.);
#6408 = AXIS2_PLACEMENT_3D('',#6409,#6410,#6411);
#6409 = CARTESIAN_POINT('',(1.,15.,119.));
#6410 = DIRECTION('',(0.707106781187,0.707106781187,-0.));
#6411 = DIRECTION('',(-0.707106781187,0.707106781187,0.));
#6412 = ORIENTED_EDGE('',*,*,#6413,.T.);
#6413 = EDGE_CURVE('',#6405,#6121,#6414,.T.);
#6414 = LINE('',#6415,#6416);
#6415 = CARTESIAN_POINT('',(0.,16.,119.));
#6416 = VECTOR('',#6417,1.);
#6417 = DIRECTION('',(1.,0.,0.));
#6418 = ORIENTED_EDGE('',*,*,#6128,.F.);
#6419 = ORIENTED_EDGE('',*,*,#6312,.F.);
#6420 = CYLINDRICAL_SURFACE('',#6421,1.);
#6421 = AXIS2_PLACEMENT_3D('',#6422,#6423,#6424);
#6422 = CARTESIAN_POINT('',(0.,15.,119.));
#6423 = DIRECTION('',(1.,0.,0.));
#6424 = DIRECTION('',(0.,0.,1.));
#6425 = ADVANCED_FACE('',(#6426),#6485,.T.);
#6426 = FACE_BOUND('',#6427,.T.);
#6427 = EDGE_LOOP('',(#6428,#6438,#6444,#6445,#6454,#6462,#6470,#6478));
#6428 = ORIENTED_EDGE('',*,*,#6429,.F.);
#6429 = EDGE_CURVE('',#6430,#6432,#6434,.T.);
#6430 = VERTEX_POINT('',#6431);
#6431 = CARTESIAN_POINT('',(22.4,1.,66.));
#6432 = VERTEX_POINT('',#6433);
#6433 = CARTESIAN_POINT('',(10.,1.,66.));
#6434 = LINE('',#6435,#6436);
#6435 = CARTESIAN_POINT('',(132.,1.,66.));
#6436 = VECTOR('',#6437,1.);
#6437 = DIRECTION('',(-1.,-0.,-0.));
#6438 = ORIENTED_EDGE('',*,*,#6439,.F.);
#6439 = EDGE_CURVE('',#6154,#6430,#6440,.T.);
#6440 = LINE('',#6441,#6442);
#6441 = CARTESIAN_POINT('',(22.4,0.,66.));
#6442 = VECTOR('',#6443,1.);
#6443 = DIRECTION('',(0.,1.,0.));
#6444 = ORIENTED_EDGE('',*,*,#6151,.F.);
#6445 = ORIENTED_EDGE('',*,*,#6446,.F.);
#6446 = EDGE_CURVE('',#6447,#6152,#6449,.T.);
#6447 = VERTEX_POINT('',#6448);
#6448 = CARTESIAN_POINT('',(-2.E-15,10.,66.));
#6449 = CIRCLE('',#6450,10.);
#6450 = AXIS2_PLACEMENT_3D('',#6451,#6452,#6453);
#6451 = CARTESIAN_POINT('',(10.,10.,66.));
#6452 = DIRECTION('',(-0.,0.,1.));
#6453 = DIRECTION('',(0.,-1.,0.));
#6454 = ORIENTED_EDGE('',*,*,#6455,.T.);
#6455 = EDGE_CURVE('',#6447,#6456,#6458,.T.);
#6456 = VERTEX_POINT('',#6457);
#6457 = CARTESIAN_POINT('',(0.,16.,66.));
#6458 = LINE('',#6459,#6460);
#6459 = CARTESIAN_POINT('',(0.,0.,66.));
#6460 = VECTOR('',#6461,1.);
#6461 = DIRECTION('',(0.,1.,0.));
#6462 = ORIENTED_EDGE('',*,*,#6463,.T.);
#6463 = EDGE_CURVE('',#6456,#6464,#6466,.T.);
#6464 = VERTEX_POINT('',#6465);
#6465 = CARTESIAN_POINT('',(1.,16.,66.));
#6466 = LINE('',#6467,#6468);
#6467 = CARTESIAN_POINT('',(0.,16.,66.));
#6468 = VECTOR('',#6469,1.);
#6469 = DIRECTION('',(1.,0.,0.));
#6470 = ORIENTED_EDGE('',*,*,#6471,.F.);
#6471 = EDGE_CURVE('',#6472,#6464,#6474,.T.);
#6472 = VERTEX_POINT('',#6473);
#6473 = CARTESIAN_POINT('',(1.,10.,66.));
#6474 = LINE('',#6475,#6476);
#6475 = CARTESIAN_POINT('',(1.,10.,66.));
#6476 = VECTOR('',#6477,1.);
#6477 = DIRECTION('',(0.,1.,0.));
#6478 = ORIENTED_EDGE('',*,*,#6479,.F.);
#6479 = EDGE_CURVE('',#6432,#6472,#6480,.T.);
#6480 = CIRCLE('',#6481,9.);
#6481 = AXIS2_PLACEMENT_3D('',#6482,#6483,#6484);
#6482 = CARTESIAN_POINT('',(10.,10.,66.));
#6483 = DIRECTION('',(-0.,0.,-1.));
#6484 = DIRECTION('',(-1.8E-16,-1.,0.));
#6485 = PLANE('',#6486);
#6486 = AXIS2_PLACEMENT_3D('',#6487,#6488,#6489);
#6487 = CARTESIAN_POINT('',(8.064975384086,4.467015283844,66.));
#6488 = DIRECTION('',(-0.,-0.,-1.));
#6489 = DIRECTION('',(-1.,0.,0.));
#6490 = ADVANCED_FACE('',(#6491),#6541,.T.);
#6491 = FACE_BOUND('',#6492,.T.);
#6492 = EDGE_LOOP('',(#6493,#6494,#6495,#6503,#6511,#6519,#6527,#6535));
#6493 = ORIENTED_EDGE('',*,*,#6161,.F.);
#6494 = ORIENTED_EDGE('',*,*,#6439,.T.);
#6495 = ORIENTED_EDGE('',*,*,#6496,.T.);
#6496 = EDGE_CURVE('',#6430,#6497,#6499,.T.);
#6497 = VERTEX_POINT('',#6498);
#6498 = CARTESIAN_POINT('',(22.4,8.,66.));
#6499 = LINE('',#6500,#6501);
#6500 = CARTESIAN_POINT('',(22.4,0.,66.));
#6501 = VECTOR('',#6502,1.);
#6502 = DIRECTION('',(0.,1.,0.));
#6503 = ORIENTED_EDGE('',*,*,#6504,.T.);
#6504 = EDGE_CURVE('',#6497,#6505,#6507,.T.);
#6505 = VERTEX_POINT('',#6506);
#6506 = CARTESIAN_POINT('',(22.4,92.,66.));
#6507 = LINE('',#6508,#6509);
#6508 = CARTESIAN_POINT('',(22.4,0.,66.));
#6509 = VECTOR('',#6510,1.);
#6510 = DIRECTION('',(0.,1.,0.));
#6511 = ORIENTED_EDGE('',*,*,#6512,.T.);
#6512 = EDGE_CURVE('',#6505,#6513,#6515,.T.);
#6513 = VERTEX_POINT('',#6514);
#6514 = CARTESIAN_POINT('',(22.4,93.,66.));
#6515 = LINE('',#6516,#6517);
#6516 = CARTESIAN_POINT('',(22.4,0.,66.));
#6517 = VECTOR('',#6518,1.);
#6518 = DIRECTION('',(0.,1.,0.));
#6519 = ORIENTED_EDGE('',*,*,#6520,.T.);
#6520 = EDGE_CURVE('',#6513,#6521,#6523,.T.);
#6521 = VERTEX_POINT('',#6522);
#6522 = CARTESIAN_POINT('',(22.4,93.,68.));
#6523 = LINE('',#6524,#6525);
#6524 = CARTESIAN_POINT('',(22.4,93.,66.));
#6525 = VECTOR('',#6526,1.);
#6526 = DIRECTION('',(0.,0.,1.));
#6527 = ORIENTED_EDGE('',*,*,#6528,.F.);
#6528 = EDGE_CURVE('',#6529,#6521,#6531,.T.);
#6529 = VERTEX_POINT('',#6530);
#6530 = CARTESIAN_POINT('',(22.4,2.,68.));
#6531 = LINE('',#6532,#6533);
#6532 = CARTESIAN_POINT('',(22.4,0.,68.));
#6533 = VECTOR('',#6534,1.);
#6534 = DIRECTION('',(0.,1.,0.));
#6535 = ORIENTED_EDGE('',*,*,#6536,.F.);
#6536 = EDGE_CURVE('',#6162,#6529,#6537,.T.);
#6537 = LINE('',#6538,#6539);
#6538 = CARTESIAN_POINT('',(22.4,0.,68.));
#6539 = VECTOR('',#6540,1.);
#6540 = DIRECTION('',(0.,1.,0.));
#6541 = PLANE('',#6542);
#6542 = AXIS2_PLACEMENT_3D('',#6543,#6544,#6545);
#6543 = CARTESIAN_POINT('',(22.4,0.,66.));
#6544 = DIRECTION('',(1.,0.,0.));
#6545 = DIRECTION('',(0.,0.,1.));
#6546 = ADVANCED_FACE('',(#6547),#6565,.F.);
#6547 = FACE_BOUND('',#6548,.F.);
#6548 = EDGE_LOOP('',(#6549,#6550,#6551,#6559));
#6549 = ORIENTED_EDGE('',*,*,#6536,.F.);
#6550 = ORIENTED_EDGE('',*,*,#6169,.T.);
#6551 = ORIENTED_EDGE('',*,*,#6552,.T.);
#6552 = EDGE_CURVE('',#6170,#6553,#6555,.T.);
#6553 = VERTEX_POINT('',#6554);
#6554 = CARTESIAN_POINT('',(119.6,2.,68.));
#6555 = LINE('',#6556,#6557);
#6556 = CARTESIAN_POINT('',(119.6,0.,68.));
#6557 = VECTOR('',#6558,1.);
#6558 = DIRECTION('',(0.,1.,0.));
#6559 = ORIENTED_EDGE('',*,*,#6560,.F.);
#6560 = EDGE_CURVE('',#6529,#6553,#6561,.T.);
#6561 = LINE('',#6562,#6563);
#6562 = CARTESIAN_POINT('',(15.3,2.,68.));
#6563 = VECTOR('',#6564,1.);
#6564 = DIRECTION('',(1.,0.,0.));
#6565 = PLANE('',#6566);
#6566 = AXIS2_PLACEMENT_3D('',#6567,#6568,#6569);
#6567 = CARTESIAN_POINT('',(15.3,0.,68.));
#6568 = DIRECTION('',(0.,0.,1.));
#6569 = DIRECTION('',(1.,0.,0.));
#6570 = ADVANCED_FACE('',(#6571),#6621,.F.);
#6571 = FACE_BOUND('',#6572,.F.);
#6572 = EDGE_LOOP('',(#6573,#6574,#6582,#6590,#6598,#6606,#6614,#6620));
#6573 = ORIENTED_EDGE('',*,*,#6177,.F.);
#6574 = ORIENTED_EDGE('',*,*,#6575,.T.);
#6575 = EDGE_CURVE('',#6178,#6576,#6578,.T.);
#6576 = VERTEX_POINT('',#6577);
#6577 = CARTESIAN_POINT('',(119.6,1.,66.));
#6578 = LINE('',#6579,#6580);
#6579 = CARTESIAN_POINT('',(119.6,0.,66.));
#6580 = VECTOR('',#6581,1.);
#6581 = DIRECTION('',(0.,1.,0.));
#6582 = ORIENTED_EDGE('',*,*,#6583,.T.);
#6583 = EDGE_CURVE('',#6576,#6584,#6586,.T.);
#6584 = VERTEX_POINT('',#6585);
#6585 = CARTESIAN_POINT('',(119.6,8.,66.));
#6586 = LINE('',#6587,#6588);
#6587 = CARTESIAN_POINT('',(119.6,0.,66.));
#6588 = VECTOR('',#6589,1.);
#6589 = DIRECTION('',(0.,1.,0.));
#6590 = ORIENTED_EDGE('',*,*,#6591,.T.);
#6591 = EDGE_CURVE('',#6584,#6592,#6594,.T.);
#6592 = VERTEX_POINT('',#6593);
#6593 = CARTESIAN_POINT('',(119.6,92.,66.));
#6594 = LINE('',#6595,#6596);
#6595 = CARTESIAN_POINT('',(119.6,0.,66.));
#6596 = VECTOR('',#6597,1.);
#6597 = DIRECTION('',(0.,1.,0.));
#6598 = ORIENTED_EDGE('',*,*,#6599,.T.);
#6599 = EDGE_CURVE('',#6592,#6600,#6602,.T.);
#6600 = VERTEX_POINT('',#6601);
#6601 = CARTESIAN_POINT('',(119.6,93.,66.));
#6602 = LINE('',#6603,#6604);
#6603 = CARTESIAN_POINT('',(119.6,0.,66.));
#6604 = VECTOR('',#6605,1.);
#6605 = DIRECTION('',(0.,1.,0.));
#6606 = ORIENTED_EDGE('',*,*,#6607,.T.);
#6607 = EDGE_CURVE('',#6600,#6608,#6610,.T.);
#6608 = VERTEX_POINT('',#6609);
#6609 = CARTESIAN_POINT('',(119.6,93.,68.));
#6610 = LINE('',#6611,#6612);
#6611 = CARTESIAN_POINT('',(119.6,93.,66.));
#6612 = VECTOR('',#6613,1.);
#6613 = DIRECTION('',(0.,0.,1.));
#6614 = ORIENTED_EDGE('',*,*,#6615,.F.);
#6615 = EDGE_CURVE('',#6553,#6608,#6616,.T.);
#6616 = LINE('',#6617,#6618);
#6617 = CARTESIAN_POINT('',(119.6,0.,68.));
#6618 = VECTOR('',#6619,1.);
#6619 = DIRECTION('',(0.,1.,0.));
#6620 = ORIENTED_EDGE('',*,*,#6552,.F.);
#6621 = PLANE('',#6622);
#6622 = AXIS2_PLACEMENT_3D('',#6623,#6624,#6625);
#6623 = CARTESIAN_POINT('',(119.6,0.,66.));
#6624 = DIRECTION('',(1.,0.,0.));
#6625 = DIRECTION('',(0.,0.,1.));
#6626 = ADVANCED_FACE('',(#6627),#6679,.T.);
#6627 = FACE_BOUND('',#6628,.T.);
#6628 = EDGE_LOOP('',(#6629,#6638,#6639,#6640,#6648,#6657,#6665,#6673));
#6629 = ORIENTED_EDGE('',*,*,#6630,.T.);
#6630 = EDGE_CURVE('',#6631,#6186,#6633,.T.);
#6631 = VERTEX_POINT('',#6632);
#6632 = CARTESIAN_POINT('',(142.,10.,66.));
#6633 = CIRCLE('',#6634,10.);
#6634 = AXIS2_PLACEMENT_3D('',#6635,#6636,#6637);
#6635 = CARTESIAN_POINT('',(132.,10.,66.));
#6636 = DIRECTION('',(-0.,-0.,-1.));
#6637 = DIRECTION('',(0.,-1.,0.));
#6638 = ORIENTED_EDGE('',*,*,#6185,.F.);
#6639 = ORIENTED_EDGE('',*,*,#6575,.T.);
#6640 = ORIENTED_EDGE('',*,*,#6641,.F.);
#6641 = EDGE_CURVE('',#6642,#6576,#6644,.T.);
#6642 = VERTEX_POINT('',#6643);
#6643 = CARTESIAN_POINT('',(132.,1.,66.));
#6644 = LINE('',#6645,#6646);
#6645 = CARTESIAN_POINT('',(132.,1.,66.));
#6646 = VECTOR('',#6647,1.);
#6647 = DIRECTION('',(-1.,-0.,-0.));
#6648 = ORIENTED_EDGE('',*,*,#6649,.F.);
#6649 = EDGE_CURVE('',#6650,#6642,#6652,.T.);
#6650 = VERTEX_POINT('',#6651);
#6651 = CARTESIAN_POINT('',(141.,10.,66.));
#6652 = CIRCLE('',#6653,9.);
#6653 = AXIS2_PLACEMENT_3D('',#6654,#6655,#6656);
#6654 = CARTESIAN_POINT('',(132.,10.,66.));
#6655 = DIRECTION('',(0.,0.,-1.));
#6656 = DIRECTION('',(1.,0.,0.));
#6657 = ORIENTED_EDGE('',*,*,#6658,.F.);
#6658 = EDGE_CURVE('',#6659,#6650,#6661,.T.);
#6659 = VERTEX_POINT('',#6660);
#6660 = CARTESIAN_POINT('',(141.,16.,66.));
#6661 = LINE('',#6662,#6663);
#6662 = CARTESIAN_POINT('',(141.,90.,66.));
#6663 = VECTOR('',#6664,1.);
#6664 = DIRECTION('',(-0.,-1.,-0.));
#6665 = ORIENTED_EDGE('',*,*,#6666,.T.);
#6666 = EDGE_CURVE('',#6659,#6667,#6669,.T.);
#6667 = VERTEX_POINT('',#6668);
#6668 = CARTESIAN_POINT('',(142.,16.,66.));
#6669 = LINE('',#6670,#6671);
#6670 = CARTESIAN_POINT('',(126.,16.,66.));
#6671 = VECTOR('',#6672,1.);
#6672 = DIRECTION('',(1.,0.,0.));
#6673 = ORIENTED_EDGE('',*,*,#6674,.F.);
#6674 = EDGE_CURVE('',#6631,#6667,#6675,.T.);
#6675 = LINE('',#6676,#6677);
#6676 = CARTESIAN_POINT('',(142.,0.,66.));
#6677 = VECTOR('',#6678,1.);
#6678 = DIRECTION('',(0.,1.,0.));
#6679 = PLANE('',#6680);
#6680 = AXIS2_PLACEMENT_3D('',#6681,#6682,#6683);
#6681 = CARTESIAN_POINT('',(133.93502461591,4.467015283844,66.));
#6682 = DIRECTION('',(-0.,-0.,-1.));
#6683 = DIRECTION('',(-1.,0.,0.));
#6684 = ADVANCED_FACE('',(#6685),#6704,.T.);
#6685 = FACE_BOUND('',#6686,.F.);
#6686 = EDGE_LOOP('',(#6687,#6695,#6696,#6697));
#6687 = ORIENTED_EDGE('',*,*,#6688,.F.);
#6688 = EDGE_CURVE('',#6631,#6689,#6691,.T.);
#6689 = VERTEX_POINT('',#6690);
#6690 = CARTESIAN_POINT('',(142.,10.,119.));
#6691 = LINE('',#6692,#6693);
#6692 = CARTESIAN_POINT('',(142.,10.,66.));
#6693 = VECTOR('',#6694,1.);
#6694 = DIRECTION('',(0.,0.,1.));
#6695 = ORIENTED_EDGE('',*,*,#6630,.T.);
#6696 = ORIENTED_EDGE('',*,*,#6193,.T.);
#6697 = ORIENTED_EDGE('',*,*,#6698,.T.);
#6698 = EDGE_CURVE('',#6194,#6689,#6699,.T.);
#6699 = CIRCLE('',#6700,10.);
#6700 = AXIS2_PLACEMENT_3D('',#6701,#6702,#6703);
#6701 = CARTESIAN_POINT('',(132.,10.,119.));
#6702 = DIRECTION('',(-0.,0.,1.));
#6703 = DIRECTION('',(0.,-1.,0.));
#6704 = CYLINDRICAL_SURFACE('',#6705,10.);
#6705 = AXIS2_PLACEMENT_3D('',#6706,#6707,#6708);
#6706 = CARTESIAN_POINT('',(132.,10.,66.));
#6707 = DIRECTION('',(0.,0.,1.));
#6708 = DIRECTION('',(1.,0.,0.));
#6709 = ADVANCED_FACE('',(#6710),#6737,.T.);
#6710 = FACE_BOUND('',#6711,.F.);
#6711 = EDGE_LOOP('',(#6712,#6721,#6729,#6736));
#6712 = ORIENTED_EDGE('',*,*,#6713,.T.);
#6713 = EDGE_CURVE('',#6202,#6714,#6716,.T.);
#6714 = VERTEX_POINT('',#6715);
#6715 = CARTESIAN_POINT('',(127.,1.,120.));
#6716 = ELLIPSE('',#6717,1.414213562373,1.);
#6717 = AXIS2_PLACEMENT_3D('',#6718,#6719,#6720);
#6718 = CARTESIAN_POINT('',(127.,1.,119.));
#6719 = DIRECTION('',(-0.707106781187,0.707106781187,0.));
#6720 = DIRECTION('',(0.707106781187,0.707106781187,0.));
#6721 = ORIENTED_EDGE('',*,*,#6722,.T.);
#6722 = EDGE_CURVE('',#6714,#6723,#6725,.T.);
#6723 = VERTEX_POINT('',#6724);
#6724 = CARTESIAN_POINT('',(132.,1.,120.));
#6725 = LINE('',#6726,#6727);
#6726 = CARTESIAN_POINT('',(126.,1.,120.));
#6727 = VECTOR('',#6728,1.);
#6728 = DIRECTION('',(1.,0.,0.));
#6729 = ORIENTED_EDGE('',*,*,#6730,.F.);
#6730 = EDGE_CURVE('',#6194,#6723,#6731,.T.);
#6731 = CIRCLE('',#6732,1.);
#6732 = AXIS2_PLACEMENT_3D('',#6733,#6734,#6735);
#6733 = CARTESIAN_POINT('',(132.,1.,119.));
#6734 = DIRECTION('',(-1.,0.,0.));
#6735 = DIRECTION('',(0.,-1.,0.));
#6736 = ORIENTED_EDGE('',*,*,#6201,.F.);
#6737 = CYLINDRICAL_SURFACE('',#6738,1.);
#6738 = AXIS2_PLACEMENT_3D('',#6739,#6740,#6741);
#6739 = CARTESIAN_POINT('',(126.,1.,119.));
#6740 = DIRECTION('',(1.,0.,0.));
#6741 = DIRECTION('',(0.,-1.,0.));
#6742 = ADVANCED_FACE('',(#6743),#6768,.T.);
#6743 = FACE_BOUND('',#6744,.T.);
#6744 = EDGE_LOOP('',(#6745,#6755,#6761,#6762));
#6745 = ORIENTED_EDGE('',*,*,#6746,.F.);
#6746 = EDGE_CURVE('',#6747,#6749,#6751,.T.);
#6747 = VERTEX_POINT('',#6748);
#6748 = CARTESIAN_POINT('',(126.,16.,77.4));
#6749 = VERTEX_POINT('',#6750);
#6750 = CARTESIAN_POINT('',(126.,16.,119.));
#6751 = LINE('',#6752,#6753);
#6752 = CARTESIAN_POINT('',(126.,16.,66.));
#6753 = VECTOR('',#6754,1.);
#6754 = DIRECTION('',(0.,0.,1.));
#6755 = ORIENTED_EDGE('',*,*,#6756,.F.);
#6756 = EDGE_CURVE('',#6210,#6747,#6757,.T.);
#6757 = LINE('',#6758,#6759);
#6758 = CARTESIAN_POINT('',(126.,19.19686935581,77.4));
#6759 = VECTOR('',#6760,1.);
#6760 = DIRECTION('',(0.,1.,0.));
#6761 = ORIENTED_EDGE('',*,*,#6209,.T.);
#6762 = ORIENTED_EDGE('',*,*,#6763,.T.);
#6763 = EDGE_CURVE('',#6202,#6749,#6764,.T.);
#6764 = LINE('',#6765,#6766);
#6765 = CARTESIAN_POINT('',(126.,0.,119.));
#6766 = VECTOR('',#6767,1.);
#6767 = DIRECTION('',(0.,1.,0.));
#6768 = PLANE('',#6769);
#6769 = AXIS2_PLACEMENT_3D('',#6770,#6771,#6772);
#6770 = CARTESIAN_POINT('',(126.,38.39373871162,75.876610475617));
#6771 = DIRECTION('',(-1.,-0.,-0.));
#6772 = DIRECTION('',(0.,0.,-1.));
#6773 = ADVANCED_FACE('',(#6774),#6840,.T.);
#6774 = FACE_BOUND('',#6775,.T.);
#6775 = EDGE_LOOP('',(#6776,#6786,#6792,#6793,#6794,#6802,#6810,#6818,
    #6826,#6834));
#6776 = ORIENTED_EDGE('',*,*,#6777,.F.);
#6777 = EDGE_CURVE('',#6778,#6780,#6782,.T.);
#6778 = VERTEX_POINT('',#6779);
#6779 = CARTESIAN_POINT('',(121.6,92.,77.4));
#6780 = VERTEX_POINT('',#6781);
#6781 = CARTESIAN_POINT('',(122.9,92.,77.4));
#6782 = LINE('',#6783,#6784);
#6783 = CARTESIAN_POINT('',(124.2,92.,77.4));
#6784 = VECTOR('',#6785,1.);
#6785 = DIRECTION('',(1.,0.,0.));
#6786 = ORIENTED_EDGE('',*,*,#6787,.F.);
#6787 = EDGE_CURVE('',#6218,#6778,#6788,.T.);
#6788 = LINE('',#6789,#6790);
#6789 = CARTESIAN_POINT('',(121.6,0.,77.4));
#6790 = VECTOR('',#6791,1.);
#6791 = DIRECTION('',(0.,1.,0.));
#6792 = ORIENTED_EDGE('',*,*,#6217,.T.);
#6793 = ORIENTED_EDGE('',*,*,#6756,.T.);
#6794 = ORIENTED_EDGE('',*,*,#6795,.T.);
#6795 = EDGE_CURVE('',#6747,#6796,#6798,.T.);
#6796 = VERTEX_POINT('',#6797);
#6797 = CARTESIAN_POINT('',(127.7,16.,77.4));
#6798 = LINE('',#6799,#6800);
#6799 = CARTESIAN_POINT('',(123.8,16.,77.4));
#6800 = VECTOR('',#6801,1.);
#6801 = DIRECTION('',(1.,0.,0.));
#6802 = ORIENTED_EDGE('',*,*,#6803,.T.);
#6803 = EDGE_CURVE('',#6796,#6804,#6806,.T.);
#6804 = VERTEX_POINT('',#6805);
#6805 = CARTESIAN_POINT('',(127.7,92.,77.4));
#6806 = LINE('',#6807,#6808);
#6807 = CARTESIAN_POINT('',(127.7,0.,77.4));
#6808 = VECTOR('',#6809,1.);
#6809 = DIRECTION('',(0.,1.,0.));
#6810 = ORIENTED_EDGE('',*,*,#6811,.F.);
#6811 = EDGE_CURVE('',#6812,#6804,#6814,.T.);
#6812 = VERTEX_POINT('',#6813);
#6813 = CARTESIAN_POINT('',(124.5,92.,77.4));
#6814 = LINE('',#6815,#6816);
#6815 = CARTESIAN_POINT('',(124.2,92.,77.4));
#6816 = VECTOR('',#6817,1.);
#6817 = DIRECTION('',(1.,0.,0.));
#6818 = ORIENTED_EDGE('',*,*,#6819,.F.);
#6819 = EDGE_CURVE('',#6820,#6812,#6822,.T.);
#6820 = VERTEX_POINT('',#6821);
#6821 = CARTESIAN_POINT('',(124.5,83.7,77.4));
#6822 = LINE('',#6823,#6824);
#6823 = CARTESIAN_POINT('',(124.5,64.919317023445,77.4));
#6824 = VECTOR('',#6825,1.);
#6825 = DIRECTION('',(0.,1.,0.));
#6826 = ORIENTED_EDGE('',*,*,#6827,.T.);
#6827 = EDGE_CURVE('',#6820,#6828,#6830,.T.);
#6828 = VERTEX_POINT('',#6829);
#6829 = CARTESIAN_POINT('',(122.9,83.7,77.4));
#6830 = LINE('',#6831,#6832);
#6831 = CARTESIAN_POINT('',(123.70568297655,83.7,77.4));
#6832 = VECTOR('',#6833,1.);
#6833 = DIRECTION('',(-1.,0.,0.));
#6834 = ORIENTED_EDGE('',*,*,#6835,.T.);
#6835 = EDGE_CURVE('',#6828,#6780,#6836,.T.);
#6836 = LINE('',#6837,#6838);
#6837 = CARTESIAN_POINT('',(122.9,64.919317023445,77.4));
#6838 = VECTOR('',#6839,1.);
#6839 = DIRECTION('',(0.,1.,0.));
#6840 = PLANE('',#6841);
#6841 = AXIS2_PLACEMENT_3D('',#6842,#6843,#6844);
#6842 = CARTESIAN_POINT('',(124.5113659531,46.138634046891,77.4));
#6843 = DIRECTION('',(0.,0.,1.));
#6844 = DIRECTION('',(1.,0.,0.));
#6845 = ADVANCED_FACE('',(#6846),#6864,.F.);
#6846 = FACE_BOUND('',#6847,.F.);
#6847 = EDGE_LOOP('',(#6848,#6849,#6857,#6863));
#6848 = ORIENTED_EDGE('',*,*,#6225,.F.);
#6849 = ORIENTED_EDGE('',*,*,#6850,.T.);
#6850 = EDGE_CURVE('',#6226,#6851,#6853,.T.);
#6851 = VERTEX_POINT('',#6852);
#6852 = CARTESIAN_POINT('',(121.6,92.,75.));
#6853 = LINE('',#6854,#6855);
#6854 = CARTESIAN_POINT('',(121.6,0.,75.));
#6855 = VECTOR('',#6856,1.);
#6856 = DIRECTION('',(0.,1.,0.));
#6857 = ORIENTED_EDGE('',*,*,#6858,.T.);
#6858 = EDGE_CURVE('',#6851,#6778,#6859,.T.);
#6859 = LINE('',#6860,#6861);
#6860 = CARTESIAN_POINT('',(121.6,92.,75.));
#6861 = VECTOR('',#6862,1.);
#6862 = DIRECTION('',(0.,0.,1.));
#6863 = ORIENTED_EDGE('',*,*,#6787,.F.);
#6864 = PLANE('',#6865);
#6865 = AXIS2_PLACEMENT_3D('',#6866,#6867,#6868);
#6866 = CARTESIAN_POINT('',(121.6,0.,75.));
#6867 = DIRECTION('',(1.,0.,0.));
#6868 = DIRECTION('',(0.,0.,1.));
#6869 = ADVANCED_FACE('',(#6870),#6904,.F.);
#6870 = FACE_BOUND('',#6871,.F.);
#6871 = EDGE_LOOP('',(#6872,#6880,#6881,#6882,#6890,#6898));
#6872 = ORIENTED_EDGE('',*,*,#6873,.F.);
#6873 = EDGE_CURVE('',#6851,#6874,#6876,.T.);
#6874 = VERTEX_POINT('',#6875);
#6875 = CARTESIAN_POINT('',(122.9,92.,75.));
#6876 = LINE('',#6877,#6878);
#6877 = CARTESIAN_POINT('',(121.6,92.,75.));
#6878 = VECTOR('',#6879,1.);
#6879 = DIRECTION('',(1.,0.,0.));
#6880 = ORIENTED_EDGE('',*,*,#6850,.F.);
#6881 = ORIENTED_EDGE('',*,*,#6233,.T.);
#6882 = ORIENTED_EDGE('',*,*,#6883,.F.);
#6883 = EDGE_CURVE('',#6884,#6234,#6886,.T.);
#6884 = VERTEX_POINT('',#6885);
#6885 = CARTESIAN_POINT('',(124.2,83.7,75.));
#6886 = LINE('',#6887,#6888);
#6887 = CARTESIAN_POINT('',(124.2,0.,75.));
#6888 = VECTOR('',#6889,1.);
#6889 = DIRECTION('',(0.,-1.,0.));
#6890 = ORIENTED_EDGE('',*,*,#6891,.T.);
#6891 = EDGE_CURVE('',#6884,#6892,#6894,.T.);
#6892 = VERTEX_POINT('',#6893);
#6893 = CARTESIAN_POINT('',(122.9,83.7,75.));
#6894 = LINE('',#6895,#6896);
#6895 = CARTESIAN_POINT('',(122.25,83.7,75.));
#6896 = VECTOR('',#6897,1.);
#6897 = DIRECTION('',(-1.,0.,0.));
#6898 = ORIENTED_EDGE('',*,*,#6899,.T.);
#6899 = EDGE_CURVE('',#6892,#6874,#6900,.T.);
#6900 = LINE('',#6901,#6902);
#6901 = CARTESIAN_POINT('',(122.9,41.85,75.));
#6902 = VECTOR('',#6903,1.);
#6903 = DIRECTION('',(0.,1.,0.));
#6904 = PLANE('',#6905);
#6905 = AXIS2_PLACEMENT_3D('',#6906,#6907,#6908);
#6906 = CARTESIAN_POINT('',(121.6,0.,75.));
#6907 = DIRECTION('',(0.,0.,1.));
#6908 = DIRECTION('',(1.,0.,0.));
#6909 = ADVANCED_FACE('',(#6910),#6960,.F.);
#6910 = FACE_BOUND('',#6911,.F.);
#6911 = EDGE_LOOP('',(#6912,#6913,#6921,#6929,#6937,#6945,#6953,#6959));
#6912 = ORIENTED_EDGE('',*,*,#6241,.F.);
#6913 = ORIENTED_EDGE('',*,*,#6914,.F.);
#6914 = EDGE_CURVE('',#6915,#6242,#6917,.T.);
#6915 = VERTEX_POINT('',#6916);
#6916 = CARTESIAN_POINT('',(124.2,2.,74.));
#6917 = LINE('',#6918,#6919);
#6918 = CARTESIAN_POINT('',(124.2,0.,74.));
#6919 = VECTOR('',#6920,1.);
#6920 = DIRECTION('',(0.,-1.,0.));
#6921 = ORIENTED_EDGE('',*,*,#6922,.F.);
#6922 = EDGE_CURVE('',#6923,#6915,#6925,.T.);
#6923 = VERTEX_POINT('',#6924);
#6924 = CARTESIAN_POINT('',(124.2,2.,68.));
#6925 = LINE('',#6926,#6927);
#6926 = CARTESIAN_POINT('',(124.2,2.,68.));
#6927 = VECTOR('',#6928,1.);
#6928 = DIRECTION('',(0.,0.,1.));
#6929 = ORIENTED_EDGE('',*,*,#6930,.T.);
#6930 = EDGE_CURVE('',#6923,#6931,#6933,.T.);
#6931 = VERTEX_POINT('',#6932);
#6932 = CARTESIAN_POINT('',(124.2,92.,68.));
#6933 = LINE('',#6934,#6935);
#6934 = CARTESIAN_POINT('',(124.2,0.,68.));
#6935 = VECTOR('',#6936,1.);
#6936 = DIRECTION('',(0.,1.,0.));
#6937 = ORIENTED_EDGE('',*,*,#6938,.T.);
#6938 = EDGE_CURVE('',#6931,#6939,#6941,.T.);
#6939 = VERTEX_POINT('',#6940);
#6940 = CARTESIAN_POINT('',(124.2,92.,74.9));
#6941 = LINE('',#6942,#6943);
#6942 = CARTESIAN_POINT('',(124.2,92.,68.));
#6943 = VECTOR('',#6944,1.);
#6944 = DIRECTION('',(0.,0.,1.));
#6945 = ORIENTED_EDGE('',*,*,#6946,.T.);
#6946 = EDGE_CURVE('',#6939,#6947,#6949,.T.);
#6947 = VERTEX_POINT('',#6948);
#6948 = CARTESIAN_POINT('',(124.2,83.7,74.9));
#6949 = LINE('',#6950,#6951);
#6950 = CARTESIAN_POINT('',(124.2,41.85,74.9));
#6951 = VECTOR('',#6952,1.);
#6952 = DIRECTION('',(0.,-1.,0.));
#6953 = ORIENTED_EDGE('',*,*,#6954,.T.);
#6954 = EDGE_CURVE('',#6947,#6884,#6955,.T.);
#6955 = LINE('',#6956,#6957);
#6956 = CARTESIAN_POINT('',(124.2,83.7,71.45));
#6957 = VECTOR('',#6958,1.);
#6958 = DIRECTION('',(0.,0.,1.));
#6959 = ORIENTED_EDGE('',*,*,#6883,.T.);
#6960 = PLANE('',#6961);
#6961 = AXIS2_PLACEMENT_3D('',#6962,#6963,#6964);
#6962 = CARTESIAN_POINT('',(124.2,0.,68.));
#6963 = DIRECTION('',(1.,0.,0.));
#6964 = DIRECTION('',(0.,0.,1.));
#6965 = ADVANCED_FACE('',(#6966),#6984,.T.);
#6966 = FACE_BOUND('',#6967,.T.);
#6967 = EDGE_LOOP('',(#6968,#6976,#6977,#6978));
#6968 = ORIENTED_EDGE('',*,*,#6969,.T.);
#6969 = EDGE_CURVE('',#6970,#6250,#6972,.T.);
#6970 = VERTEX_POINT('',#6971);
#6971 = CARTESIAN_POINT('',(17.8,2.,74.));
#6972 = LINE('',#6973,#6974);
#6973 = CARTESIAN_POINT('',(17.8,0.,74.));
#6974 = VECTOR('',#6975,1.);
#6975 = DIRECTION('',(0.,-1.,0.));
#6976 = ORIENTED_EDGE('',*,*,#6249,.T.);
#6977 = ORIENTED_EDGE('',*,*,#6914,.F.);
#6978 = ORIENTED_EDGE('',*,*,#6979,.F.);
#6979 = EDGE_CURVE('',#6970,#6915,#6980,.T.);
#6980 = LINE('',#6981,#6982);
#6981 = CARTESIAN_POINT('',(15.3,2.,74.));
#6982 = VECTOR('',#6983,1.);
#6983 = DIRECTION('',(1.,0.,0.));
#6984 = PLANE('',#6985);
#6985 = AXIS2_PLACEMENT_3D('',#6986,#6987,#6988);
#6986 = CARTESIAN_POINT('',(15.3,0.,74.));
#6987 = DIRECTION('',(0.,0.,1.));
#6988 = DIRECTION('',(1.,0.,0.));
#6989 = ADVANCED_FACE('',(#6990),#7040,.T.);
#6990 = FACE_BOUND('',#6991,.T.);
#6991 = EDGE_LOOP('',(#6992,#6993,#6994,#7002,#7010,#7018,#7026,#7034));
#6992 = ORIENTED_EDGE('',*,*,#6257,.F.);
#6993 = ORIENTED_EDGE('',*,*,#6969,.F.);
#6994 = ORIENTED_EDGE('',*,*,#6995,.F.);
#6995 = EDGE_CURVE('',#6996,#6970,#6998,.T.);
#6996 = VERTEX_POINT('',#6997);
#6997 = CARTESIAN_POINT('',(17.8,2.,68.));
#6998 = LINE('',#6999,#7000);
#6999 = CARTESIAN_POINT('',(17.8,2.,68.));
#7000 = VECTOR('',#7001,1.);
#7001 = DIRECTION('',(0.,0.,1.));
#7002 = ORIENTED_EDGE('',*,*,#7003,.T.);
#7003 = EDGE_CURVE('',#6996,#7004,#7006,.T.);
#7004 = VERTEX_POINT('',#7005);
#7005 = CARTESIAN_POINT('',(17.8,92.,68.));
#7006 = LINE('',#7007,#7008);
#7007 = CARTESIAN_POINT('',(17.8,0.,68.));
#7008 = VECTOR('',#7009,1.);
#7009 = DIRECTION('',(0.,1.,0.));
#7010 = ORIENTED_EDGE('',*,*,#7011,.T.);
#7011 = EDGE_CURVE('',#7004,#7012,#7014,.T.);
#7012 = VERTEX_POINT('',#7013);
#7013 = CARTESIAN_POINT('',(17.8,92.,74.9));
#7014 = LINE('',#7015,#7016);
#7015 = CARTESIAN_POINT('',(17.8,92.,68.));
#7016 = VECTOR('',#7017,1.);
#7017 = DIRECTION('',(0.,0.,1.));
#7018 = ORIENTED_EDGE('',*,*,#7019,.T.);
#7019 = EDGE_CURVE('',#7012,#7020,#7022,.T.);
#7020 = VERTEX_POINT('',#7021);
#7021 = CARTESIAN_POINT('',(17.8,83.7,74.9));
#7022 = LINE('',#7023,#7024);
#7023 = CARTESIAN_POINT('',(17.8,41.85,74.9));
#7024 = VECTOR('',#7025,1.);
#7025 = DIRECTION('',(0.,-1.,0.));
#7026 = ORIENTED_EDGE('',*,*,#7027,.T.);
#7027 = EDGE_CURVE('',#7020,#7028,#7030,.T.);
#7028 = VERTEX_POINT('',#7029);
#7029 = CARTESIAN_POINT('',(17.8,83.7,75.));
#7030 = LINE('',#7031,#7032);
#7031 = CARTESIAN_POINT('',(17.8,83.7,71.45));
#7032 = VECTOR('',#7033,1.);
#7033 = DIRECTION('',(0.,0.,1.));
#7034 = ORIENTED_EDGE('',*,*,#7035,.T.);
#7035 = EDGE_CURVE('',#7028,#6258,#7036,.T.);
#7036 = LINE('',#7037,#7038);
#7037 = CARTESIAN_POINT('',(17.8,0.,75.));
#7038 = VECTOR('',#7039,1.);
#7039 = DIRECTION('',(0.,-1.,0.));
#7040 = PLANE('',#7041);
#7041 = AXIS2_PLACEMENT_3D('',#7042,#7043,#7044);
#7042 = CARTESIAN_POINT('',(17.8,0.,68.));
#7043 = DIRECTION('',(1.,0.,0.));
#7044 = DIRECTION('',(0.,0.,1.));
#7045 = ADVANCED_FACE('',(#7046),#7080,.F.);
#7046 = FACE_BOUND('',#7047,.F.);
#7047 = EDGE_LOOP('',(#7048,#7056,#7057,#7058,#7066,#7074));
#7048 = ORIENTED_EDGE('',*,*,#7049,.T.);
#7049 = EDGE_CURVE('',#7050,#7028,#7052,.T.);
#7050 = VERTEX_POINT('',#7051);
#7051 = CARTESIAN_POINT('',(19.1,83.7,75.));
#7052 = LINE('',#7053,#7054);
#7053 = CARTESIAN_POINT('',(15.9,83.7,75.));
#7054 = VECTOR('',#7055,1.);
#7055 = DIRECTION('',(-1.,0.,0.));
#7056 = ORIENTED_EDGE('',*,*,#7035,.T.);
#7057 = ORIENTED_EDGE('',*,*,#6265,.T.);
#7058 = ORIENTED_EDGE('',*,*,#7059,.T.);
#7059 = EDGE_CURVE('',#6266,#7060,#7062,.T.);
#7060 = VERTEX_POINT('',#7061);
#7061 = CARTESIAN_POINT('',(20.4,92.,75.));
#7062 = LINE('',#7063,#7064);
#7063 = CARTESIAN_POINT('',(20.4,0.,75.));
#7064 = VECTOR('',#7065,1.);
#7065 = DIRECTION('',(0.,1.,0.));
#7066 = ORIENTED_EDGE('',*,*,#7067,.F.);
#7067 = EDGE_CURVE('',#7068,#7060,#7070,.T.);
#7068 = VERTEX_POINT('',#7069);
#7069 = CARTESIAN_POINT('',(19.1,92.,75.));
#7070 = LINE('',#7071,#7072);
#7071 = CARTESIAN_POINT('',(14.3,92.,75.));
#7072 = VECTOR('',#7073,1.);
#7073 = DIRECTION('',(1.,0.,0.));
#7074 = ORIENTED_EDGE('',*,*,#7075,.F.);
#7075 = EDGE_CURVE('',#7050,#7068,#7076,.T.);
#7076 = LINE('',#7077,#7078);
#7077 = CARTESIAN_POINT('',(19.1,41.85,75.));
#7078 = VECTOR('',#7079,1.);
#7079 = DIRECTION('',(0.,1.,0.));
#7080 = PLANE('',#7081);
#7081 = AXIS2_PLACEMENT_3D('',#7082,#7083,#7084);
#7082 = CARTESIAN_POINT('',(14.3,0.,75.));
#7083 = DIRECTION('',(0.,0.,1.));
#7084 = DIRECTION('',(1.,0.,0.));
#7085 = ADVANCED_FACE('',(#7086),#7104,.T.);
#7086 = FACE_BOUND('',#7087,.T.);
#7087 = EDGE_LOOP('',(#7088,#7089,#7090,#7098));
#7088 = ORIENTED_EDGE('',*,*,#6273,.F.);
#7089 = ORIENTED_EDGE('',*,*,#7059,.T.);
#7090 = ORIENTED_EDGE('',*,*,#7091,.T.);
#7091 = EDGE_CURVE('',#7060,#7092,#7094,.T.);
#7092 = VERTEX_POINT('',#7093);
#7093 = CARTESIAN_POINT('',(20.4,92.,77.4));
#7094 = LINE('',#7095,#7096);
#7095 = CARTESIAN_POINT('',(20.4,92.,75.));
#7096 = VECTOR('',#7097,1.);
#7097 = DIRECTION('',(0.,0.,1.));
#7098 = ORIENTED_EDGE('',*,*,#7099,.F.);
#7099 = EDGE_CURVE('',#6274,#7092,#7100,.T.);
#7100 = LINE('',#7101,#7102);
#7101 = CARTESIAN_POINT('',(20.4,0.,77.4));
#7102 = VECTOR('',#7103,1.);
#7103 = DIRECTION('',(0.,1.,0.));
#7104 = PLANE('',#7105);
#7105 = AXIS2_PLACEMENT_3D('',#7106,#7107,#7108);
#7106 = CARTESIAN_POINT('',(20.4,0.,75.));
#7107 = DIRECTION('',(1.,0.,0.));
#7108 = DIRECTION('',(0.,0.,1.));
#7109 = ADVANCED_FACE('',(#7110),#7169,.T.);
#7110 = FACE_BOUND('',#7111,.T.);
#7111 = EDGE_LOOP('',(#7112,#7122,#7128,#7129,#7130,#7131,#7139,#7147,
    #7155,#7163));
#7112 = ORIENTED_EDGE('',*,*,#7113,.F.);
#7113 = EDGE_CURVE('',#7114,#7116,#7118,.T.);
#7114 = VERTEX_POINT('',#7115);
#7115 = CARTESIAN_POINT('',(14.3,16.,77.4));
#7116 = VERTEX_POINT('',#7117);
#7117 = CARTESIAN_POINT('',(14.3,92.,77.4));
#7118 = LINE('',#7119,#7120);
#7119 = CARTESIAN_POINT('',(14.3,0.,77.4));
#7120 = VECTOR('',#7121,1.);
#7121 = DIRECTION('',(0.,1.,0.));
#7122 = ORIENTED_EDGE('',*,*,#7123,.T.);
#7123 = EDGE_CURVE('',#7114,#6381,#7124,.T.);
#7124 = LINE('',#7125,#7126);
#7125 = CARTESIAN_POINT('',(7.15,16.,77.4));
#7126 = VECTOR('',#7127,1.);
#7127 = DIRECTION('',(1.,0.,0.));
#7128 = ORIENTED_EDGE('',*,*,#6380,.T.);
#7129 = ORIENTED_EDGE('',*,*,#6281,.T.);
#7130 = ORIENTED_EDGE('',*,*,#7099,.T.);
#7131 = ORIENTED_EDGE('',*,*,#7132,.F.);
#7132 = EDGE_CURVE('',#7133,#7092,#7135,.T.);
#7133 = VERTEX_POINT('',#7134);
#7134 = CARTESIAN_POINT('',(19.1,92.,77.4));
#7135 = LINE('',#7136,#7137);
#7136 = CARTESIAN_POINT('',(14.3,92.,77.4));
#7137 = VECTOR('',#7138,1.);
#7138 = DIRECTION('',(1.,0.,0.));
#7139 = ORIENTED_EDGE('',*,*,#7140,.F.);
#7140 = EDGE_CURVE('',#7141,#7133,#7143,.T.);
#7141 = VERTEX_POINT('',#7142);
#7142 = CARTESIAN_POINT('',(19.1,83.7,77.4));
#7143 = LINE('',#7144,#7145);
#7144 = CARTESIAN_POINT('',(19.1,64.919317023445,77.4));
#7145 = VECTOR('',#7146,1.);
#7146 = DIRECTION('',(0.,1.,0.));
#7147 = ORIENTED_EDGE('',*,*,#7148,.T.);
#7148 = EDGE_CURVE('',#7141,#7149,#7151,.T.);
#7149 = VERTEX_POINT('',#7150);
#7150 = CARTESIAN_POINT('',(17.5,83.7,77.4));
#7151 = LINE('',#7152,#7153);
#7152 = CARTESIAN_POINT('',(17.494317023445,83.7,77.4));
#7153 = VECTOR('',#7154,1.);
#7154 = DIRECTION('',(-1.,0.,0.));
#7155 = ORIENTED_EDGE('',*,*,#7156,.T.);
#7156 = EDGE_CURVE('',#7149,#7157,#7159,.T.);
#7157 = VERTEX_POINT('',#7158);
#7158 = CARTESIAN_POINT('',(17.5,92.,77.4));
#7159 = LINE('',#7160,#7161);
#7160 = CARTESIAN_POINT('',(17.5,64.919317023445,77.4));
#7161 = VECTOR('',#7162,1.);
#7162 = DIRECTION('',(0.,1.,0.));
#7163 = ORIENTED_EDGE('',*,*,#7164,.F.);
#7164 = EDGE_CURVE('',#7116,#7157,#7165,.T.);
#7165 = LINE('',#7166,#7167);
#7166 = CARTESIAN_POINT('',(14.3,92.,77.4));
#7167 = VECTOR('',#7168,1.);
#7168 = DIRECTION('',(1.,0.,0.));
#7169 = PLANE('',#7170);
#7170 = AXIS2_PLACEMENT_3D('',#7171,#7172,#7173);
#7171 = CARTESIAN_POINT('',(17.488634046891,46.138634046891,77.4));
#7172 = DIRECTION('',(0.,0.,1.));
#7173 = DIRECTION('',(1.,0.,0.));
#7174 = ADVANCED_FACE('',(#7175),#7186,.T.);
#7175 = FACE_BOUND('',#7176,.T.);
#7176 = EDGE_LOOP('',(#7177,#7183,#7184,#7185));
#7177 = ORIENTED_EDGE('',*,*,#7178,.F.);
#7178 = EDGE_CURVE('',#6447,#6356,#7179,.T.);
#7179 = LINE('',#7180,#7181);
#7180 = CARTESIAN_POINT('',(-1.78E-15,10.,66.));
#7181 = VECTOR('',#7182,1.);
#7182 = DIRECTION('',(0.,0.,1.));
#7183 = ORIENTED_EDGE('',*,*,#6446,.T.);
#7184 = ORIENTED_EDGE('',*,*,#6296,.T.);
#7185 = ORIENTED_EDGE('',*,*,#6355,.T.);
#7186 = CYLINDRICAL_SURFACE('',#7187,10.);
#7187 = AXIS2_PLACEMENT_3D('',#7188,#7189,#7190);
#7188 = CARTESIAN_POINT('',(10.,10.,66.));
#7189 = DIRECTION('',(0.,0.,1.));
#7190 = DIRECTION('',(-1.,0.,0.));
#7191 = ADVANCED_FACE('',(#7192),#7203,.T.);
#7192 = FACE_BOUND('',#7193,.T.);
#7193 = EDGE_LOOP('',(#7194,#7195,#7196,#7197));
#7194 = ORIENTED_EDGE('',*,*,#6364,.T.);
#7195 = ORIENTED_EDGE('',*,*,#6320,.T.);
#7196 = ORIENTED_EDGE('',*,*,#6404,.F.);
#7197 = ORIENTED_EDGE('',*,*,#7198,.F.);
#7198 = EDGE_CURVE('',#6356,#6405,#7199,.T.);
#7199 = LINE('',#7200,#7201);
#7200 = CARTESIAN_POINT('',(-2.2E-16,10.,119.));
#7201 = VECTOR('',#7202,1.);
#7202 = DIRECTION('',(0.,1.,0.));
#7203 = CYLINDRICAL_SURFACE('',#7204,1.);
#7204 = AXIS2_PLACEMENT_3D('',#7205,#7206,#7207);
#7205 = CARTESIAN_POINT('',(1.,10.,119.));
#7206 = DIRECTION('',(0.,1.,0.));
#7207 = DIRECTION('',(-1.,0.,0.));
#7208 = ADVANCED_FACE('',(#7209),#7228,.T.);
#7209 = FACE_BOUND('',#7210,.F.);
#7210 = EDGE_LOOP('',(#7211,#7219,#7226,#7227));
#7211 = ORIENTED_EDGE('',*,*,#7212,.T.);
#7212 = EDGE_CURVE('',#6338,#7213,#7215,.T.);
#7213 = VERTEX_POINT('',#7214);
#7214 = CARTESIAN_POINT('',(11.4,8.,124.9));
#7215 = LINE('',#7216,#7217);
#7216 = CARTESIAN_POINT('',(11.4,8.,120.));
#7217 = VECTOR('',#7218,1.);
#7218 = DIRECTION('',(0.,0.,1.));
#7219 = ORIENTED_EDGE('',*,*,#7220,.T.);
#7220 = EDGE_CURVE('',#7213,#7213,#7221,.T.);
#7221 = CIRCLE('',#7222,3.4);
#7222 = AXIS2_PLACEMENT_3D('',#7223,#7224,#7225);
#7223 = CARTESIAN_POINT('',(8.,8.,124.9));
#7224 = DIRECTION('',(0.,0.,1.));
#7225 = DIRECTION('',(1.,0.,0.));
#7226 = ORIENTED_EDGE('',*,*,#7212,.F.);
#7227 = ORIENTED_EDGE('',*,*,#6337,.F.);
#7228 = CYLINDRICAL_SURFACE('',#7229,3.4);
#7229 = AXIS2_PLACEMENT_3D('',#7230,#7231,#7232);
#7230 = CARTESIAN_POINT('',(8.,8.,120.));
#7231 = DIRECTION('',(-0.,-0.,-1.));
#7232 = DIRECTION('',(1.,0.,0.));
#7233 = ADVANCED_FACE('',(#7234),#7276,.T.);
#7234 = FACE_BOUND('',#7235,.T.);
#7235 = EDGE_LOOP('',(#7236,#7246,#7252,#7253,#7259,#7260,#7261,#7262,
    #7270));
#7236 = ORIENTED_EDGE('',*,*,#7237,.T.);
#7237 = EDGE_CURVE('',#7238,#7240,#7242,.T.);
#7238 = VERTEX_POINT('',#7239);
#7239 = CARTESIAN_POINT('',(12.,16.,68.));
#7240 = VERTEX_POINT('',#7241);
#7241 = CARTESIAN_POINT('',(12.,16.,66.));
#7242 = LINE('',#7243,#7244);
#7243 = CARTESIAN_POINT('',(12.,16.,66.));
#7244 = VECTOR('',#7245,1.);
#7245 = DIRECTION('',(0.,0.,-1.));
#7246 = ORIENTED_EDGE('',*,*,#7247,.F.);
#7247 = EDGE_CURVE('',#6464,#7240,#7248,.T.);
#7248 = LINE('',#7249,#7250);
#7249 = CARTESIAN_POINT('',(0.,16.,66.));
#7250 = VECTOR('',#7251,1.);
#7251 = DIRECTION('',(1.,0.,0.));
#7252 = ORIENTED_EDGE('',*,*,#6463,.F.);
#7253 = ORIENTED_EDGE('',*,*,#7254,.T.);
#7254 = EDGE_CURVE('',#6456,#6405,#7255,.T.);
#7255 = LINE('',#7256,#7257);
#7256 = CARTESIAN_POINT('',(0.,16.,66.));
#7257 = VECTOR('',#7258,1.);
#7258 = DIRECTION('',(0.,0.,1.));
#7259 = ORIENTED_EDGE('',*,*,#6413,.T.);
#7260 = ORIENTED_EDGE('',*,*,#6388,.F.);
#7261 = ORIENTED_EDGE('',*,*,#7123,.F.);
#7262 = ORIENTED_EDGE('',*,*,#7263,.T.);
#7263 = EDGE_CURVE('',#7114,#7264,#7266,.T.);
#7264 = VERTEX_POINT('',#7265);
#7265 = CARTESIAN_POINT('',(14.3,16.,68.));
#7266 = LINE('',#7267,#7268);
#7267 = CARTESIAN_POINT('',(14.3,16.,70.5));
#7268 = VECTOR('',#7269,1.);
#7269 = DIRECTION('',(0.,0.,-1.));
#7270 = ORIENTED_EDGE('',*,*,#7271,.F.);
#7271 = EDGE_CURVE('',#7238,#7264,#7272,.T.);
#7272 = LINE('',#7273,#7274);
#7273 = CARTESIAN_POINT('',(6.,16.,68.));
#7274 = VECTOR('',#7275,1.);
#7275 = DIRECTION('',(1.,0.,0.));
#7276 = PLANE('',#7277);
#7277 = AXIS2_PLACEMENT_3D('',#7278,#7279,#7280);
#7278 = CARTESIAN_POINT('',(0.,16.,66.));
#7279 = DIRECTION('',(0.,1.,0.));
#7280 = DIRECTION('',(0.,0.,1.));
#7281 = ADVANCED_FACE('',(#7282),#7316,.T.);
#7282 = FACE_BOUND('',#7283,.T.);
#7283 = EDGE_LOOP('',(#7284,#7293,#7294,#7300,#7301,#7310));
#7284 = ORIENTED_EDGE('',*,*,#7285,.T.);
#7285 = EDGE_CURVE('',#7286,#6642,#7288,.T.);
#7286 = VERTEX_POINT('',#7287);
#7287 = CARTESIAN_POINT('',(132.,-2.E-15,65.));
#7288 = CIRCLE('',#7289,1.);
#7289 = AXIS2_PLACEMENT_3D('',#7290,#7291,#7292);
#7290 = CARTESIAN_POINT('',(132.,1.,65.));
#7291 = DIRECTION('',(-1.,-6.E-17,0.));
#7292 = DIRECTION('',(6.E-17,-1.,0.));
#7293 = ORIENTED_EDGE('',*,*,#6641,.T.);
#7294 = ORIENTED_EDGE('',*,*,#7295,.T.);
#7295 = EDGE_CURVE('',#6576,#6430,#7296,.T.);
#7296 = LINE('',#7297,#7298);
#7297 = CARTESIAN_POINT('',(132.,1.,66.));
#7298 = VECTOR('',#7299,1.);
#7299 = DIRECTION('',(-1.,-0.,-0.));
#7300 = ORIENTED_EDGE('',*,*,#6429,.T.);
#7301 = ORIENTED_EDGE('',*,*,#7302,.F.);
#7302 = EDGE_CURVE('',#7303,#6432,#7305,.T.);
#7303 = VERTEX_POINT('',#7304);
#7304 = CARTESIAN_POINT('',(10.,0.,65.));
#7305 = CIRCLE('',#7306,1.);
#7306 = AXIS2_PLACEMENT_3D('',#7307,#7308,#7309);
#7307 = CARTESIAN_POINT('',(10.,1.,65.));
#7308 = DIRECTION('',(-1.,0.,0.));
#7309 = DIRECTION('',(0.,-1.,0.));
#7310 = ORIENTED_EDGE('',*,*,#7311,.F.);
#7311 = EDGE_CURVE('',#7286,#7303,#7312,.T.);
#7312 = LINE('',#7313,#7314);
#7313 = CARTESIAN_POINT('',(132.,-2.2E-16,65.));
#7314 = VECTOR('',#7315,1.);
#7315 = DIRECTION('',(-1.,-0.,-0.));
#7316 = CYLINDRICAL_SURFACE('',#7317,1.);
#7317 = AXIS2_PLACEMENT_3D('',#7318,#7319,#7320);
#7318 = CARTESIAN_POINT('',(132.,1.,65.));
#7319 = DIRECTION('',(-1.,-0.,-0.));
#7320 = DIRECTION('',(0.,-1.,0.));
#7321 = ADVANCED_FACE('',(#7322),#7328,.F.);
#7322 = FACE_BOUND('',#7323,.F.);
#7323 = EDGE_LOOP('',(#7324,#7325,#7326,#7327));
#7324 = ORIENTED_EDGE('',*,*,#7178,.F.);
#7325 = ORIENTED_EDGE('',*,*,#6455,.T.);
#7326 = ORIENTED_EDGE('',*,*,#7254,.T.);
#7327 = ORIENTED_EDGE('',*,*,#7198,.F.);
#7328 = PLANE('',#7329);
#7329 = AXIS2_PLACEMENT_3D('',#7330,#7331,#7332);
#7330 = CARTESIAN_POINT('',(0.,0.,66.));
#7331 = DIRECTION('',(1.,0.,0.));
#7332 = DIRECTION('',(0.,0.,1.));
#7333 = ADVANCED_FACE('',(#7334),#7377,.T.);
#7334 = FACE_BOUND('',#7335,.T.);
#7335 = EDGE_LOOP('',(#7336,#7345,#7346,#7354,#7362,#7371));
#7336 = ORIENTED_EDGE('',*,*,#7337,.T.);
#7337 = EDGE_CURVE('',#7338,#6472,#7340,.T.);
#7338 = VERTEX_POINT('',#7339);
#7339 = CARTESIAN_POINT('',(0.,10.,65.));
#7340 = CIRCLE('',#7341,1.);
#7341 = AXIS2_PLACEMENT_3D('',#7342,#7343,#7344);
#7342 = CARTESIAN_POINT('',(1.,10.,65.));
#7343 = DIRECTION('',(0.,1.,-0.));
#7344 = DIRECTION('',(-1.,0.,0.));
#7345 = ORIENTED_EDGE('',*,*,#6471,.T.);
#7346 = ORIENTED_EDGE('',*,*,#7347,.T.);
#7347 = EDGE_CURVE('',#6464,#7348,#7350,.T.);
#7348 = VERTEX_POINT('',#7349);
#7349 = CARTESIAN_POINT('',(1.,84.,66.));
#7350 = LINE('',#7351,#7352);
#7351 = CARTESIAN_POINT('',(1.,10.,66.));
#7352 = VECTOR('',#7353,1.);
#7353 = DIRECTION('',(0.,1.,0.));
#7354 = ORIENTED_EDGE('',*,*,#7355,.T.);
#7355 = EDGE_CURVE('',#7348,#7356,#7358,.T.);
#7356 = VERTEX_POINT('',#7357);
#7357 = CARTESIAN_POINT('',(1.,90.,66.));
#7358 = LINE('',#7359,#7360);
#7359 = CARTESIAN_POINT('',(1.,10.,66.));
#7360 = VECTOR('',#7361,1.);
#7361 = DIRECTION('',(0.,1.,0.));
#7362 = ORIENTED_EDGE('',*,*,#7363,.F.);
#7363 = EDGE_CURVE('',#7364,#7356,#7366,.T.);
#7364 = VERTEX_POINT('',#7365);
#7365 = CARTESIAN_POINT('',(0.,90.,65.));
#7366 = CIRCLE('',#7367,1.);
#7367 = AXIS2_PLACEMENT_3D('',#7368,#7369,#7370);
#7368 = CARTESIAN_POINT('',(1.,90.,65.));
#7369 = DIRECTION('',(0.,1.,-0.));
#7370 = DIRECTION('',(-1.,0.,0.));
#7371 = ORIENTED_EDGE('',*,*,#7372,.F.);
#7372 = EDGE_CURVE('',#7338,#7364,#7373,.T.);
#7373 = LINE('',#7374,#7375);
#7374 = CARTESIAN_POINT('',(-2.2E-16,10.,65.));
#7375 = VECTOR('',#7376,1.);
#7376 = DIRECTION('',(0.,1.,0.));
#7377 = CYLINDRICAL_SURFACE('',#7378,1.);
#7378 = AXIS2_PLACEMENT_3D('',#7379,#7380,#7381);
#7379 = CARTESIAN_POINT('',(1.,10.,65.));
#7380 = DIRECTION('',(0.,1.,0.));
#7381 = DIRECTION('',(-1.,0.,0.));
#7382 = ADVANCED_FACE('',(#7383),#7395,.T.);
#7383 = FACE_BOUND('',#7384,.F.);
#7384 = EDGE_LOOP('',(#7385,#7386,#7393,#7394));
#7385 = ORIENTED_EDGE('',*,*,#7302,.F.);
#7386 = ORIENTED_EDGE('',*,*,#7387,.T.);
#7387 = EDGE_CURVE('',#7303,#7338,#7388,.T.);
#7388 = CIRCLE('',#7389,10.);
#7389 = AXIS2_PLACEMENT_3D('',#7390,#7391,#7392);
#7390 = CARTESIAN_POINT('',(10.,10.,65.));
#7391 = DIRECTION('',(-0.,0.,-1.));
#7392 = DIRECTION('',(-1.8E-16,-1.,0.));
#7393 = ORIENTED_EDGE('',*,*,#7337,.T.);
#7394 = ORIENTED_EDGE('',*,*,#6479,.F.);
#7395 = TOROIDAL_SURFACE('',#7396,9.,1.);
#7396 = AXIS2_PLACEMENT_3D('',#7397,#7398,#7399);
#7397 = CARTESIAN_POINT('',(10.,10.,65.));
#7398 = DIRECTION('',(0.,0.,1.));
#7399 = DIRECTION('',(-1.8E-16,-1.,0.));
#7400 = ADVANCED_FACE('',(#7401,#7465),#7499,.T.);
#7401 = FACE_BOUND('',#7402,.T.);
#7402 = EDGE_LOOP('',(#7403,#7413,#7421,#7427,#7428,#7434,#7435,#7443,
    #7451,#7459));
#7403 = ORIENTED_EDGE('',*,*,#7404,.F.);
#7404 = EDGE_CURVE('',#7405,#7407,#7409,.T.);
#7405 = VERTEX_POINT('',#7406);
#7406 = CARTESIAN_POINT('',(16.,93.,68.));
#7407 = VERTEX_POINT('',#7408);
#7408 = CARTESIAN_POINT('',(16.6,93.,68.));
#7409 = LINE('',#7410,#7411);
#7410 = CARTESIAN_POINT('',(12.,93.,68.));
#7411 = VECTOR('',#7412,1.);
#7412 = DIRECTION('',(1.,0.,0.));
#7413 = ORIENTED_EDGE('',*,*,#7414,.T.);
#7414 = EDGE_CURVE('',#7405,#7415,#7417,.T.);
#7415 = VERTEX_POINT('',#7416);
#7416 = CARTESIAN_POINT('',(16.,92.,68.));
#7417 = LINE('',#7418,#7419);
#7418 = CARTESIAN_POINT('',(16.,19.19686935581,68.));
#7419 = VECTOR('',#7420,1.);
#7420 = DIRECTION('',(0.,-1.,0.));
#7421 = ORIENTED_EDGE('',*,*,#7422,.T.);
#7422 = EDGE_CURVE('',#7415,#7004,#7423,.T.);
#7423 = LINE('',#7424,#7425);
#7424 = CARTESIAN_POINT('',(14.3,92.,68.));
#7425 = VECTOR('',#7426,1.);
#7426 = DIRECTION('',(1.,0.,0.));
#7427 = ORIENTED_EDGE('',*,*,#7003,.F.);
#7428 = ORIENTED_EDGE('',*,*,#7429,.T.);
#7429 = EDGE_CURVE('',#6996,#6529,#7430,.T.);
#7430 = LINE('',#7431,#7432);
#7431 = CARTESIAN_POINT('',(15.3,2.,68.));
#7432 = VECTOR('',#7433,1.);
#7433 = DIRECTION('',(1.,0.,0.));
#7434 = ORIENTED_EDGE('',*,*,#6528,.T.);
#7435 = ORIENTED_EDGE('',*,*,#7436,.T.);
#7436 = EDGE_CURVE('',#6521,#7437,#7439,.T.);
#7437 = VERTEX_POINT('',#7438);
#7438 = CARTESIAN_POINT('',(22.6,93.,68.));
#7439 = LINE('',#7440,#7441);
#7440 = CARTESIAN_POINT('',(16.6,93.,68.));
#7441 = VECTOR('',#7442,1.);
#7442 = DIRECTION('',(1.,0.,0.));
#7443 = ORIENTED_EDGE('',*,*,#7444,.T.);
#7444 = EDGE_CURVE('',#7437,#7445,#7447,.T.);
#7445 = VERTEX_POINT('',#7446);
#7446 = CARTESIAN_POINT('',(22.6,99.,68.));
#7447 = LINE('',#7448,#7449);
#7448 = CARTESIAN_POINT('',(22.6,93.,68.));
#7449 = VECTOR('',#7450,1.);
#7450 = DIRECTION('',(0.,1.,0.));
#7451 = ORIENTED_EDGE('',*,*,#7452,.F.);
#7452 = EDGE_CURVE('',#7453,#7445,#7455,.T.);
#7453 = VERTEX_POINT('',#7454);
#7454 = CARTESIAN_POINT('',(16.6,99.,68.));
#7455 = LINE('',#7456,#7457);
#7456 = CARTESIAN_POINT('',(16.6,99.,68.));
#7457 = VECTOR('',#7458,1.);
#7458 = DIRECTION('',(1.,0.,0.));
#7459 = ORIENTED_EDGE('',*,*,#7460,.F.);
#7460 = EDGE_CURVE('',#7407,#7453,#7461,.T.);
#7461 = LINE('',#7462,#7463);
#7462 = CARTESIAN_POINT('',(16.6,93.,68.));
#7463 = VECTOR('',#7464,1.);
#7464 = DIRECTION('',(0.,1.,0.));
#7465 = FACE_BOUND('',#7466,.T.);
#7466 = EDGE_LOOP('',(#7467,#7477,#7485,#7493));
#7467 = ORIENTED_EDGE('',*,*,#7468,.F.);
#7468 = EDGE_CURVE('',#7469,#7471,#7473,.T.);
#7469 = VERTEX_POINT('',#7470);
#7470 = CARTESIAN_POINT('',(17.5,93.9,68.));
#7471 = VERTEX_POINT('',#7472);
#7472 = CARTESIAN_POINT('',(21.1,93.9,68.));
#7473 = LINE('',#7474,#7475);
#7474 = CARTESIAN_POINT('',(17.5,93.9,68.));
#7475 = VECTOR('',#7476,1.);
#7476 = DIRECTION('',(1.,0.,0.));
#7477 = ORIENTED_EDGE('',*,*,#7478,.T.);
#7478 = EDGE_CURVE('',#7469,#7479,#7481,.T.);
#7479 = VERTEX_POINT('',#7480);
#7480 = CARTESIAN_POINT('',(17.5,96.9,68.));
#7481 = LINE('',#7482,#7483);
#7482 = CARTESIAN_POINT('',(17.5,93.9,68.));
#7483 = VECTOR('',#7484,1.);
#7484 = DIRECTION('',(0.,1.,0.));
#7485 = ORIENTED_EDGE('',*,*,#7486,.T.);
#7486 = EDGE_CURVE('',#7479,#7487,#7489,.T.);
#7487 = VERTEX_POINT('',#7488);
#7488 = CARTESIAN_POINT('',(21.1,96.9,68.));
#7489 = LINE('',#7490,#7491);
#7490 = CARTESIAN_POINT('',(17.5,96.9,68.));
#7491 = VECTOR('',#7492,1.);
#7492 = DIRECTION('',(1.,0.,0.));
#7493 = ORIENTED_EDGE('',*,*,#7494,.F.);
#7494 = EDGE_CURVE('',#7471,#7487,#7495,.T.);
#7495 = LINE('',#7496,#7497);
#7496 = CARTESIAN_POINT('',(21.1,93.9,68.));
#7497 = VECTOR('',#7498,1.);
#7498 = DIRECTION('',(0.,1.,0.));
#7499 = PLANE('',#7500);
#7500 = AXIS2_PLACEMENT_3D('',#7501,#7502,#7503);
#7501 = CARTESIAN_POINT('',(20.01138996139,51.352316602317,68.));
#7502 = DIRECTION('',(0.,0.,1.));
#7503 = DIRECTION('',(1.,0.,0.));
#7504 = ADVANCED_FACE('',(#7505),#7523,.F.);
#7505 = FACE_BOUND('',#7506,.F.);
#7506 = EDGE_LOOP('',(#7507,#7515,#7516,#7517));
#7507 = ORIENTED_EDGE('',*,*,#7508,.F.);
#7508 = EDGE_CURVE('',#6513,#7509,#7511,.T.);
#7509 = VERTEX_POINT('',#7510);
#7510 = CARTESIAN_POINT('',(22.6,93.,66.));
#7511 = LINE('',#7512,#7513);
#7512 = CARTESIAN_POINT('',(16.6,93.,66.));
#7513 = VECTOR('',#7514,1.);
#7514 = DIRECTION('',(1.,0.,0.));
#7515 = ORIENTED_EDGE('',*,*,#6520,.T.);
#7516 = ORIENTED_EDGE('',*,*,#7436,.T.);
#7517 = ORIENTED_EDGE('',*,*,#7518,.F.);
#7518 = EDGE_CURVE('',#7509,#7437,#7519,.T.);
#7519 = LINE('',#7520,#7521);
#7520 = CARTESIAN_POINT('',(22.6,93.,66.));
#7521 = VECTOR('',#7522,1.);
#7522 = DIRECTION('',(0.,0.,1.));
#7523 = PLANE('',#7524);
#7524 = AXIS2_PLACEMENT_3D('',#7525,#7526,#7527);
#7525 = CARTESIAN_POINT('',(16.6,93.,66.));
#7526 = DIRECTION('',(0.,1.,0.));
#7527 = DIRECTION('',(0.,0.,1.));
#7528 = ADVANCED_FACE('',(#7529),#7540,.T.);
#7529 = FACE_BOUND('',#7530,.T.);
#7530 = EDGE_LOOP('',(#7531,#7532,#7533,#7534));
#7531 = ORIENTED_EDGE('',*,*,#6496,.F.);
#7532 = ORIENTED_EDGE('',*,*,#7295,.F.);
#7533 = ORIENTED_EDGE('',*,*,#6583,.T.);
#7534 = ORIENTED_EDGE('',*,*,#7535,.T.);
#7535 = EDGE_CURVE('',#6584,#6497,#7536,.T.);
#7536 = LINE('',#7537,#7538);
#7537 = CARTESIAN_POINT('',(8.,8.,66.));
#7538 = VECTOR('',#7539,1.);
#7539 = DIRECTION('',(-1.,0.,0.));
#7540 = PLANE('',#7541);
#7541 = AXIS2_PLACEMENT_3D('',#7542,#7543,#7544);
#7542 = CARTESIAN_POINT('',(0.,0.,66.));
#7543 = DIRECTION('',(0.,0.,1.));
#7544 = DIRECTION('',(1.,0.,0.));
#7545 = ADVANCED_FACE('',(#7546),#7571,.F.);
#7546 = FACE_BOUND('',#7547,.F.);
#7547 = EDGE_LOOP('',(#7548,#7556,#7564,#7570));
#7548 = ORIENTED_EDGE('',*,*,#7549,.T.);
#7549 = EDGE_CURVE('',#6505,#7550,#7552,.T.);
#7550 = VERTEX_POINT('',#7551);
#7551 = CARTESIAN_POINT('',(16.,92.,66.));
#7552 = LINE('',#7553,#7554);
#7553 = CARTESIAN_POINT('',(8.,92.,66.));
#7554 = VECTOR('',#7555,1.);
#7555 = DIRECTION('',(-1.,0.,0.));
#7556 = ORIENTED_EDGE('',*,*,#7557,.T.);
#7557 = EDGE_CURVE('',#7550,#7558,#7560,.T.);
#7558 = VERTEX_POINT('',#7559);
#7559 = CARTESIAN_POINT('',(16.,8.,66.));
#7560 = LINE('',#7561,#7562);
#7561 = CARTESIAN_POINT('',(16.,19.19686935581,66.));
#7562 = VECTOR('',#7563,1.);
#7563 = DIRECTION('',(0.,-1.,0.));
#7564 = ORIENTED_EDGE('',*,*,#7565,.F.);
#7565 = EDGE_CURVE('',#6497,#7558,#7566,.T.);
#7566 = LINE('',#7567,#7568);
#7567 = CARTESIAN_POINT('',(8.,8.,66.));
#7568 = VECTOR('',#7569,1.);
#7569 = DIRECTION('',(-1.,0.,0.));
#7570 = ORIENTED_EDGE('',*,*,#6504,.T.);
#7571 = PLANE('',#7572);
#7572 = AXIS2_PLACEMENT_3D('',#7573,#7574,#7575);
#7573 = CARTESIAN_POINT('',(12.,0.,66.));
#7574 = DIRECTION('',(0.,0.,1.));
#7575 = DIRECTION('',(1.,0.,0.));
#7576 = ADVANCED_FACE('',(#7577),#7618,.T.);
#7577 = FACE_BOUND('',#7578,.T.);
#7578 = EDGE_LOOP('',(#7579,#7580,#7586,#7587,#7595,#7603,#7611,#7617));
#7579 = ORIENTED_EDGE('',*,*,#6512,.F.);
#7580 = ORIENTED_EDGE('',*,*,#7581,.F.);
#7581 = EDGE_CURVE('',#6592,#6505,#7582,.T.);
#7582 = LINE('',#7583,#7584);
#7583 = CARTESIAN_POINT('',(8.,92.,66.));
#7584 = VECTOR('',#7585,1.);
#7585 = DIRECTION('',(-1.,0.,0.));
#7586 = ORIENTED_EDGE('',*,*,#6599,.T.);
#7587 = ORIENTED_EDGE('',*,*,#7588,.F.);
#7588 = EDGE_CURVE('',#7589,#6600,#7591,.T.);
#7589 = VERTEX_POINT('',#7590);
#7590 = CARTESIAN_POINT('',(119.4,93.,66.));
#7591 = LINE('',#7592,#7593);
#7592 = CARTESIAN_POINT('',(119.4,93.,66.));
#7593 = VECTOR('',#7594,1.);
#7594 = DIRECTION('',(1.,0.,0.));
#7595 = ORIENTED_EDGE('',*,*,#7596,.T.);
#7596 = EDGE_CURVE('',#7589,#7597,#7599,.T.);
#7597 = VERTEX_POINT('',#7598);
#7598 = CARTESIAN_POINT('',(119.4,99.,66.));
#7599 = LINE('',#7600,#7601);
#7600 = CARTESIAN_POINT('',(119.4,93.,66.));
#7601 = VECTOR('',#7602,1.);
#7602 = DIRECTION('',(0.,1.,0.));
#7603 = ORIENTED_EDGE('',*,*,#7604,.F.);
#7604 = EDGE_CURVE('',#7605,#7597,#7607,.T.);
#7605 = VERTEX_POINT('',#7606);
#7606 = CARTESIAN_POINT('',(22.6,99.,66.));
#7607 = LINE('',#7608,#7609);
#7608 = CARTESIAN_POINT('',(10.,99.,66.));
#7609 = VECTOR('',#7610,1.);
#7610 = DIRECTION('',(1.,0.,0.));
#7611 = ORIENTED_EDGE('',*,*,#7612,.F.);
#7612 = EDGE_CURVE('',#7509,#7605,#7613,.T.);
#7613 = LINE('',#7614,#7615);
#7614 = CARTESIAN_POINT('',(22.6,93.,66.));
#7615 = VECTOR('',#7616,1.);
#7616 = DIRECTION('',(0.,1.,0.));
#7617 = ORIENTED_EDGE('',*,*,#7508,.F.);
#7618 = PLANE('',#7619);
#7619 = AXIS2_PLACEMENT_3D('',#7620,#7621,#7622);
#7620 = CARTESIAN_POINT('',(0.,0.,66.));
#7621 = DIRECTION('',(0.,0.,1.));
#7622 = DIRECTION('',(1.,0.,0.));
#7623 = ADVANCED_FACE('',(#7624),#7637,.T.);
#7624 = FACE_BOUND('',#7625,.T.);
#7625 = EDGE_LOOP('',(#7626,#7627,#7628,#7629,#7630,#7636));
#7626 = ORIENTED_EDGE('',*,*,#7429,.F.);
#7627 = ORIENTED_EDGE('',*,*,#6995,.T.);
#7628 = ORIENTED_EDGE('',*,*,#6979,.T.);
#7629 = ORIENTED_EDGE('',*,*,#6922,.F.);
#7630 = ORIENTED_EDGE('',*,*,#7631,.F.);
#7631 = EDGE_CURVE('',#6553,#6923,#7632,.T.);
#7632 = LINE('',#7633,#7634);
#7633 = CARTESIAN_POINT('',(15.3,2.,68.));
#7634 = VECTOR('',#7635,1.);
#7635 = DIRECTION('',(1.,0.,0.));
#7636 = ORIENTED_EDGE('',*,*,#6560,.F.);
#7637 = PLANE('',#7638);
#7638 = AXIS2_PLACEMENT_3D('',#7639,#7640,#7641);
#7639 = CARTESIAN_POINT('',(15.3,2.,68.));
#7640 = DIRECTION('',(0.,1.,0.));
#7641 = DIRECTION('',(0.,0.,1.));
#7642 = ADVANCED_FACE('',(#7643,#7702),#7736,.T.);
#7643 = FACE_BOUND('',#7644,.T.);
#7644 = EDGE_LOOP('',(#7645,#7646,#7647,#7648,#7656,#7664,#7672,#7680,
    #7688,#7696));
#7645 = ORIENTED_EDGE('',*,*,#6615,.F.);
#7646 = ORIENTED_EDGE('',*,*,#7631,.T.);
#7647 = ORIENTED_EDGE('',*,*,#6930,.T.);
#7648 = ORIENTED_EDGE('',*,*,#7649,.T.);
#7649 = EDGE_CURVE('',#6931,#7650,#7652,.T.);
#7650 = VERTEX_POINT('',#7651);
#7651 = CARTESIAN_POINT('',(126.,92.,68.));
#7652 = LINE('',#7653,#7654);
#7653 = CARTESIAN_POINT('',(124.2,92.,68.));
#7654 = VECTOR('',#7655,1.);
#7655 = DIRECTION('',(1.,0.,0.));
#7656 = ORIENTED_EDGE('',*,*,#7657,.T.);
#7657 = EDGE_CURVE('',#7650,#7658,#7660,.T.);
#7658 = VERTEX_POINT('',#7659);
#7659 = CARTESIAN_POINT('',(126.,93.,68.));
#7660 = LINE('',#7661,#7662);
#7661 = CARTESIAN_POINT('',(126.,19.19686935581,68.));
#7662 = VECTOR('',#7663,1.);
#7663 = DIRECTION('',(0.,1.,0.));
#7664 = ORIENTED_EDGE('',*,*,#7665,.F.);
#7665 = EDGE_CURVE('',#7666,#7658,#7668,.T.);
#7666 = VERTEX_POINT('',#7667);
#7667 = CARTESIAN_POINT('',(125.4,93.,68.));
#7668 = LINE('',#7669,#7670);
#7669 = CARTESIAN_POINT('',(119.6,93.,68.));
#7670 = VECTOR('',#7671,1.);
#7671 = DIRECTION('',(1.,0.,0.));
#7672 = ORIENTED_EDGE('',*,*,#7673,.T.);
#7673 = EDGE_CURVE('',#7666,#7674,#7676,.T.);
#7674 = VERTEX_POINT('',#7675);
#7675 = CARTESIAN_POINT('',(125.4,99.,68.));
#7676 = LINE('',#7677,#7678);
#7677 = CARTESIAN_POINT('',(125.4,93.,68.));
#7678 = VECTOR('',#7679,1.);
#7679 = DIRECTION('',(0.,1.,0.));
#7680 = ORIENTED_EDGE('',*,*,#7681,.F.);
#7681 = EDGE_CURVE('',#7682,#7674,#7684,.T.);
#7682 = VERTEX_POINT('',#7683);
#7683 = CARTESIAN_POINT('',(119.4,99.,68.));
#7684 = LINE('',#7685,#7686);
#7685 = CARTESIAN_POINT('',(119.4,99.,68.));
#7686 = VECTOR('',#7687,1.);
#7687 = DIRECTION('',(1.,0.,0.));
#7688 = ORIENTED_EDGE('',*,*,#7689,.F.);
#7689 = EDGE_CURVE('',#7690,#7682,#7692,.T.);
#7690 = VERTEX_POINT('',#7691);
#7691 = CARTESIAN_POINT('',(119.4,93.,68.));
#7692 = LINE('',#7693,#7694);
#7693 = CARTESIAN_POINT('',(119.4,93.,68.));
#7694 = VECTOR('',#7695,1.);
#7695 = DIRECTION('',(0.,1.,0.));
#7696 = ORIENTED_EDGE('',*,*,#7697,.T.);
#7697 = EDGE_CURVE('',#7690,#6608,#7698,.T.);
#7698 = LINE('',#7699,#7700);
#7699 = CARTESIAN_POINT('',(119.4,93.,68.));
#7700 = VECTOR('',#7701,1.);
#7701 = DIRECTION('',(1.,0.,0.));
#7702 = FACE_BOUND('',#7703,.T.);
#7703 = EDGE_LOOP('',(#7704,#7714,#7722,#7730));
#7704 = ORIENTED_EDGE('',*,*,#7705,.F.);
#7705 = EDGE_CURVE('',#7706,#7708,#7710,.T.);
#7706 = VERTEX_POINT('',#7707);
#7707 = CARTESIAN_POINT('',(120.9,93.9,68.));
#7708 = VERTEX_POINT('',#7709);
#7709 = CARTESIAN_POINT('',(124.5,93.9,68.));
#7710 = LINE('',#7711,#7712);
#7711 = CARTESIAN_POINT('',(120.9,93.9,68.));
#7712 = VECTOR('',#7713,1.);
#7713 = DIRECTION('',(1.,0.,0.));
#7714 = ORIENTED_EDGE('',*,*,#7715,.T.);
#7715 = EDGE_CURVE('',#7706,#7716,#7718,.T.);
#7716 = VERTEX_POINT('',#7717);
#7717 = CARTESIAN_POINT('',(120.9,96.9,68.));
#7718 = LINE('',#7719,#7720);
#7719 = CARTESIAN_POINT('',(120.9,93.9,68.));
#7720 = VECTOR('',#7721,1.);
#7721 = DIRECTION('',(0.,1.,0.));
#7722 = ORIENTED_EDGE('',*,*,#7723,.T.);
#7723 = EDGE_CURVE('',#7716,#7724,#7726,.T.);
#7724 = VERTEX_POINT('',#7725);
#7725 = CARTESIAN_POINT('',(124.5,96.9,68.));
#7726 = LINE('',#7727,#7728);
#7727 = CARTESIAN_POINT('',(120.9,96.9,68.));
#7728 = VECTOR('',#7729,1.);
#7729 = DIRECTION('',(1.,0.,0.));
#7730 = ORIENTED_EDGE('',*,*,#7731,.F.);
#7731 = EDGE_CURVE('',#7708,#7724,#7732,.T.);
#7732 = LINE('',#7733,#7734);
#7733 = CARTESIAN_POINT('',(124.5,93.9,68.));
#7734 = VECTOR('',#7735,1.);
#7735 = DIRECTION('',(0.,1.,0.));
#7736 = PLANE('',#7737);
#7737 = AXIS2_PLACEMENT_3D('',#7738,#7739,#7740);
#7738 = CARTESIAN_POINT('',(121.98861003861,51.352316602317,68.));
#7739 = DIRECTION('',(0.,0.,1.));
#7740 = DIRECTION('',(1.,0.,0.));
#7741 = ADVANCED_FACE('',(#7742),#7753,.F.);
#7742 = FACE_BOUND('',#7743,.F.);
#7743 = EDGE_LOOP('',(#7744,#7745,#7751,#7752));
#7744 = ORIENTED_EDGE('',*,*,#7588,.F.);
#7745 = ORIENTED_EDGE('',*,*,#7746,.T.);
#7746 = EDGE_CURVE('',#7589,#7690,#7747,.T.);
#7747 = LINE('',#7748,#7749);
#7748 = CARTESIAN_POINT('',(119.4,93.,66.));
#7749 = VECTOR('',#7750,1.);
#7750 = DIRECTION('',(0.,0.,1.));
#7751 = ORIENTED_EDGE('',*,*,#7697,.T.);
#7752 = ORIENTED_EDGE('',*,*,#6607,.F.);
#7753 = PLANE('',#7754);
#7754 = AXIS2_PLACEMENT_3D('',#7755,#7756,#7757);
#7755 = CARTESIAN_POINT('',(119.4,93.,66.));
#7756 = DIRECTION('',(0.,1.,0.));
#7757 = DIRECTION('',(0.,0.,1.));
#7758 = ADVANCED_FACE('',(#7759),#7784,.F.);
#7759 = FACE_BOUND('',#7760,.F.);
#7760 = EDGE_LOOP('',(#7761,#7762,#7770,#7778));
#7761 = ORIENTED_EDGE('',*,*,#6591,.F.);
#7762 = ORIENTED_EDGE('',*,*,#7763,.F.);
#7763 = EDGE_CURVE('',#7764,#6584,#7766,.T.);
#7764 = VERTEX_POINT('',#7765);
#7765 = CARTESIAN_POINT('',(126.,8.,66.));
#7766 = LINE('',#7767,#7768);
#7767 = CARTESIAN_POINT('',(8.,8.,66.));
#7768 = VECTOR('',#7769,1.);
#7769 = DIRECTION('',(-1.,0.,0.));
#7770 = ORIENTED_EDGE('',*,*,#7771,.T.);
#7771 = EDGE_CURVE('',#7764,#7772,#7774,.T.);
#7772 = VERTEX_POINT('',#7773);
#7773 = CARTESIAN_POINT('',(126.,92.,66.));
#7774 = LINE('',#7775,#7776);
#7775 = CARTESIAN_POINT('',(126.,19.19686935581,66.));
#7776 = VECTOR('',#7777,1.);
#7777 = DIRECTION('',(0.,1.,0.));
#7778 = ORIENTED_EDGE('',*,*,#7779,.T.);
#7779 = EDGE_CURVE('',#7772,#6592,#7780,.T.);
#7780 = LINE('',#7781,#7782);
#7781 = CARTESIAN_POINT('',(8.,92.,66.));
#7782 = VECTOR('',#7783,1.);
#7783 = DIRECTION('',(-1.,0.,0.));
#7784 = PLANE('',#7785);
#7785 = AXIS2_PLACEMENT_3D('',#7786,#7787,#7788);
#7786 = CARTESIAN_POINT('',(119.6,0.,66.));
#7787 = DIRECTION('',(0.,0.,1.));
#7788 = DIRECTION('',(1.,0.,0.));
#7789 = ADVANCED_FACE('',(#7790),#7810,.T.);
#7790 = FACE_BOUND('',#7791,.F.);
#7791 = EDGE_LOOP('',(#7792,#7801,#7808,#7809));
#7792 = ORIENTED_EDGE('',*,*,#7793,.F.);
#7793 = EDGE_CURVE('',#7794,#6650,#7796,.T.);
#7794 = VERTEX_POINT('',#7795);
#7795 = CARTESIAN_POINT('',(142.,10.,65.));
#7796 = CIRCLE('',#7797,1.);
#7797 = AXIS2_PLACEMENT_3D('',#7798,#7799,#7800);
#7798 = CARTESIAN_POINT('',(141.,10.,65.));
#7799 = DIRECTION('',(0.,-1.,0.));
#7800 = DIRECTION('',(1.,0.,0.));
#7801 = ORIENTED_EDGE('',*,*,#7802,.T.);
#7802 = EDGE_CURVE('',#7794,#7286,#7803,.T.);
#7803 = CIRCLE('',#7804,10.);
#7804 = AXIS2_PLACEMENT_3D('',#7805,#7806,#7807);
#7805 = CARTESIAN_POINT('',(132.,10.,65.));
#7806 = DIRECTION('',(0.,0.,-1.));
#7807 = DIRECTION('',(1.,0.,0.));
#7808 = ORIENTED_EDGE('',*,*,#7285,.T.);
#7809 = ORIENTED_EDGE('',*,*,#6649,.F.);
#7810 = TOROIDAL_SURFACE('',#7811,9.,1.);
#7811 = AXIS2_PLACEMENT_3D('',#7812,#7813,#7814);
#7812 = CARTESIAN_POINT('',(132.,10.,65.));
#7813 = DIRECTION('',(0.,0.,1.));
#7814 = DIRECTION('',(1.,0.,0.));
#7815 = ADVANCED_FACE('',(#7816),#7851,.T.);
#7816 = FACE_BOUND('',#7817,.T.);
#7817 = EDGE_LOOP('',(#7818,#7829,#7837,#7843,#7844,#7845));
#7818 = ORIENTED_EDGE('',*,*,#7819,.T.);
#7819 = EDGE_CURVE('',#7820,#7822,#7824,.T.);
#7820 = VERTEX_POINT('',#7821);
#7821 = CARTESIAN_POINT('',(142.,90.,65.));
#7822 = VERTEX_POINT('',#7823);
#7823 = CARTESIAN_POINT('',(141.,90.,66.));
#7824 = CIRCLE('',#7825,1.);
#7825 = AXIS2_PLACEMENT_3D('',#7826,#7827,#7828);
#7826 = CARTESIAN_POINT('',(141.,90.,65.));
#7827 = DIRECTION('',(6.E-17,-1.,0.));
#7828 = DIRECTION('',(1.,6.E-17,0.));
#7829 = ORIENTED_EDGE('',*,*,#7830,.T.);
#7830 = EDGE_CURVE('',#7822,#7831,#7833,.T.);
#7831 = VERTEX_POINT('',#7832);
#7832 = CARTESIAN_POINT('',(141.,84.,66.));
#7833 = LINE('',#7834,#7835);
#7834 = CARTESIAN_POINT('',(141.,90.,66.));
#7835 = VECTOR('',#7836,1.);
#7836 = DIRECTION('',(-0.,-1.,-0.));
#7837 = ORIENTED_EDGE('',*,*,#7838,.T.);
#7838 = EDGE_CURVE('',#7831,#6659,#7839,.T.);
#7839 = LINE('',#7840,#7841);
#7840 = CARTESIAN_POINT('',(141.,90.,66.));
#7841 = VECTOR('',#7842,1.);
#7842 = DIRECTION('',(-0.,-1.,-0.));
#7843 = ORIENTED_EDGE('',*,*,#6658,.T.);
#7844 = ORIENTED_EDGE('',*,*,#7793,.F.);
#7845 = ORIENTED_EDGE('',*,*,#7846,.F.);
#7846 = EDGE_CURVE('',#7820,#7794,#7847,.T.);
#7847 = LINE('',#7848,#7849);
#7848 = CARTESIAN_POINT('',(142.,90.,65.));
#7849 = VECTOR('',#7850,1.);
#7850 = DIRECTION('',(-0.,-1.,-0.));
#7851 = CYLINDRICAL_SURFACE('',#7852,1.);
#7852 = AXIS2_PLACEMENT_3D('',#7853,#7854,#7855);
#7853 = CARTESIAN_POINT('',(141.,90.,65.));
#7854 = DIRECTION('',(-0.,-1.,-0.));
#7855 = DIRECTION('',(1.,0.,0.));
#7856 = ADVANCED_FACE('',(#7857),#7906,.T.);
#7857 = FACE_BOUND('',#7858,.T.);
#7858 = EDGE_LOOP('',(#7859,#7867,#7873,#7874,#7882,#7890,#7898,#7904,
    #7905));
#7859 = ORIENTED_EDGE('',*,*,#7860,.T.);
#7860 = EDGE_CURVE('',#6749,#7861,#7863,.T.);
#7861 = VERTEX_POINT('',#7862);
#7862 = CARTESIAN_POINT('',(142.,16.,119.));
#7863 = LINE('',#7864,#7865);
#7864 = CARTESIAN_POINT('',(126.,16.,119.));
#7865 = VECTOR('',#7866,1.);
#7866 = DIRECTION('',(1.,0.,0.));
#7867 = ORIENTED_EDGE('',*,*,#7868,.F.);
#7868 = EDGE_CURVE('',#6667,#7861,#7869,.T.);
#7869 = LINE('',#7870,#7871);
#7870 = CARTESIAN_POINT('',(142.,16.,66.));
#7871 = VECTOR('',#7872,1.);
#7872 = DIRECTION('',(0.,0.,1.));
#7873 = ORIENTED_EDGE('',*,*,#6666,.F.);
#7874 = ORIENTED_EDGE('',*,*,#7875,.F.);
#7875 = EDGE_CURVE('',#7876,#6659,#7878,.T.);
#7876 = VERTEX_POINT('',#7877);
#7877 = CARTESIAN_POINT('',(130.,16.,66.));
#7878 = LINE('',#7879,#7880);
#7879 = CARTESIAN_POINT('',(126.,16.,66.));
#7880 = VECTOR('',#7881,1.);
#7881 = DIRECTION('',(1.,0.,0.));
#7882 = ORIENTED_EDGE('',*,*,#7883,.F.);
#7883 = EDGE_CURVE('',#7884,#7876,#7886,.T.);
#7884 = VERTEX_POINT('',#7885);
#7885 = CARTESIAN_POINT('',(130.,16.,68.));
#7886 = LINE('',#7887,#7888);
#7887 = CARTESIAN_POINT('',(130.,16.,66.));
#7888 = VECTOR('',#7889,1.);
#7889 = DIRECTION('',(0.,0.,-1.));
#7890 = ORIENTED_EDGE('',*,*,#7891,.F.);
#7891 = EDGE_CURVE('',#7892,#7884,#7894,.T.);
#7892 = VERTEX_POINT('',#7893);
#7893 = CARTESIAN_POINT('',(127.7,16.,68.));
#7894 = LINE('',#7895,#7896);
#7895 = CARTESIAN_POINT('',(122.8,16.,68.));
#7896 = VECTOR('',#7897,1.);
#7897 = DIRECTION('',(1.,0.,0.));
#7898 = ORIENTED_EDGE('',*,*,#7899,.F.);
#7899 = EDGE_CURVE('',#6796,#7892,#7900,.T.);
#7900 = LINE('',#7901,#7902);
#7901 = CARTESIAN_POINT('',(127.7,16.,67.));
#7902 = VECTOR('',#7903,1.);
#7903 = DIRECTION('',(0.,0.,-1.));
#7904 = ORIENTED_EDGE('',*,*,#6795,.F.);
#7905 = ORIENTED_EDGE('',*,*,#6746,.T.);
#7906 = PLANE('',#7907);
#7907 = AXIS2_PLACEMENT_3D('',#7908,#7909,#7910);
#7908 = CARTESIAN_POINT('',(126.,16.,66.));
#7909 = DIRECTION('',(0.,1.,0.));
#7910 = DIRECTION('',(0.,0.,1.));
#7911 = ADVANCED_FACE('',(#7912),#7923,.T.);
#7912 = FACE_BOUND('',#7913,.T.);
#7913 = EDGE_LOOP('',(#7914,#7915,#7916,#7917));
#7914 = ORIENTED_EDGE('',*,*,#6688,.F.);
#7915 = ORIENTED_EDGE('',*,*,#6674,.T.);
#7916 = ORIENTED_EDGE('',*,*,#7868,.T.);
#7917 = ORIENTED_EDGE('',*,*,#7918,.F.);
#7918 = EDGE_CURVE('',#6689,#7861,#7919,.T.);
#7919 = LINE('',#7920,#7921);
#7920 = CARTESIAN_POINT('',(142.,10.,119.));
#7921 = VECTOR('',#7922,1.);
#7922 = DIRECTION('',(0.,1.,0.));
#7923 = PLANE('',#7924);
#7924 = AXIS2_PLACEMENT_3D('',#7925,#7926,#7927);
#7925 = CARTESIAN_POINT('',(142.,0.,66.));
#7926 = DIRECTION('',(1.,0.,0.));
#7927 = DIRECTION('',(0.,0.,1.));
#7928 = ADVANCED_FACE('',(#7929),#7949,.T.);
#7929 = FACE_BOUND('',#7930,.T.);
#7930 = EDGE_LOOP('',(#7931,#7932,#7933,#7942));
#7931 = ORIENTED_EDGE('',*,*,#6730,.F.);
#7932 = ORIENTED_EDGE('',*,*,#6698,.T.);
#7933 = ORIENTED_EDGE('',*,*,#7934,.T.);
#7934 = EDGE_CURVE('',#6689,#7935,#7937,.T.);
#7935 = VERTEX_POINT('',#7936);
#7936 = CARTESIAN_POINT('',(141.,10.,120.));
#7937 = CIRCLE('',#7938,1.);
#7938 = AXIS2_PLACEMENT_3D('',#7939,#7940,#7941);
#7939 = CARTESIAN_POINT('',(141.,10.,119.));
#7940 = DIRECTION('',(-6.E-17,-1.,0.));
#7941 = DIRECTION('',(1.,-6.E-17,0.));
#7942 = ORIENTED_EDGE('',*,*,#7943,.F.);
#7943 = EDGE_CURVE('',#6723,#7935,#7944,.T.);
#7944 = CIRCLE('',#7945,9.);
#7945 = AXIS2_PLACEMENT_3D('',#7946,#7947,#7948);
#7946 = CARTESIAN_POINT('',(132.,10.,120.));
#7947 = DIRECTION('',(-0.,0.,1.));
#7948 = DIRECTION('',(0.,-1.,0.));
#7949 = TOROIDAL_SURFACE('',#7950,9.,1.);
#7950 = AXIS2_PLACEMENT_3D('',#7951,#7952,#7953);
#7951 = CARTESIAN_POINT('',(132.,10.,119.));
#7952 = DIRECTION('',(0.,0.,1.));
#7953 = DIRECTION('',(0.,-1.,0.));
#7954 = ADVANCED_FACE('',(#7955),#7974,.T.);
#7955 = FACE_BOUND('',#7956,.F.);
#7956 = EDGE_LOOP('',(#7957,#7958,#7959,#7968));
#7957 = ORIENTED_EDGE('',*,*,#6713,.F.);
#7958 = ORIENTED_EDGE('',*,*,#6763,.T.);
#7959 = ORIENTED_EDGE('',*,*,#7960,.F.);
#7960 = EDGE_CURVE('',#7961,#6749,#7963,.T.);
#7961 = VERTEX_POINT('',#7962);
#7962 = CARTESIAN_POINT('',(127.,15.,120.));
#7963 = ELLIPSE('',#7964,1.414213562373,1.);
#7964 = AXIS2_PLACEMENT_3D('',#7965,#7966,#7967);
#7965 = CARTESIAN_POINT('',(127.,15.,119.));
#7966 = DIRECTION('',(-0.707106781187,-0.707106781187,0.));
#7967 = DIRECTION('',(0.707106781187,-0.707106781187,0.));
#7968 = ORIENTED_EDGE('',*,*,#7969,.F.);
#7969 = EDGE_CURVE('',#6714,#7961,#7970,.T.);
#7970 = LINE('',#7971,#7972);
#7971 = CARTESIAN_POINT('',(127.,0.,120.));
#7972 = VECTOR('',#7973,1.);
#7973 = DIRECTION('',(0.,1.,0.));
#7974 = CYLINDRICAL_SURFACE('',#7975,1.);
#7975 = AXIS2_PLACEMENT_3D('',#7976,#7977,#7978);
#7976 = CARTESIAN_POINT('',(127.,0.,119.));
#7977 = DIRECTION('',(0.,1.,0.));
#7978 = DIRECTION('',(0.,0.,1.));
#7979 = ADVANCED_FACE('',(#7980,#7999),#8010,.T.);
#7980 = FACE_BOUND('',#7981,.T.);
#7981 = EDGE_LOOP('',(#7982,#7983,#7984,#7992,#7998));
#7982 = ORIENTED_EDGE('',*,*,#6722,.T.);
#7983 = ORIENTED_EDGE('',*,*,#7943,.T.);
#7984 = ORIENTED_EDGE('',*,*,#7985,.T.);
#7985 = EDGE_CURVE('',#7935,#7986,#7988,.T.);
#7986 = VERTEX_POINT('',#7987);
#7987 = CARTESIAN_POINT('',(141.,15.,120.));
#7988 = LINE('',#7989,#7990);
#7989 = CARTESIAN_POINT('',(141.,10.,120.));
#7990 = VECTOR('',#7991,1.);
#7991 = DIRECTION('',(0.,1.,0.));
#7992 = ORIENTED_EDGE('',*,*,#7993,.F.);
#7993 = EDGE_CURVE('',#7961,#7986,#7994,.T.);
#7994 = LINE('',#7995,#7996);
#7995 = CARTESIAN_POINT('',(126.,15.,120.));
#7996 = VECTOR('',#7997,1.);
#7997 = DIRECTION('',(1.,0.,0.));
#7998 = ORIENTED_EDGE('',*,*,#7969,.F.);
#7999 = FACE_BOUND('',#8000,.T.);
#8000 = EDGE_LOOP('',(#8001));
#8001 = ORIENTED_EDGE('',*,*,#8002,.F.);
#8002 = EDGE_CURVE('',#8003,#8003,#8005,.T.);
#8003 = VERTEX_POINT('',#8004);
#8004 = CARTESIAN_POINT('',(137.4,8.,120.));
#8005 = CIRCLE('',#8006,3.4);
#8006 = AXIS2_PLACEMENT_3D('',#8007,#8008,#8009);
#8007 = CARTESIAN_POINT('',(134.,8.,120.));
#8008 = DIRECTION('',(0.,0.,1.));
#8009 = DIRECTION('',(1.,0.,0.));
#8010 = PLANE('',#8011);
#8011 = AXIS2_PLACEMENT_3D('',#8012,#8013,#8014);
#8012 = CARTESIAN_POINT('',(126.,0.,120.));
#8013 = DIRECTION('',(0.,0.,1.));
#8014 = DIRECTION('',(1.,0.,0.));
#8015 = ADVANCED_FACE('',(#8016),#8027,.T.);
#8016 = FACE_BOUND('',#8017,.T.);
#8017 = EDGE_LOOP('',(#8018,#8019,#8025,#8026));
#8018 = ORIENTED_EDGE('',*,*,#6777,.T.);
#8019 = ORIENTED_EDGE('',*,*,#8020,.T.);
#8020 = EDGE_CURVE('',#6780,#6874,#8021,.T.);
#8021 = LINE('',#8022,#8023);
#8022 = CARTESIAN_POINT('',(122.9,92.,74.233387096774));
#8023 = VECTOR('',#8024,1.);
#8024 = DIRECTION('',(0.,0.,-1.));
#8025 = ORIENTED_EDGE('',*,*,#6873,.F.);
#8026 = ORIENTED_EDGE('',*,*,#6858,.T.);
#8027 = PLANE('',#8028);
#8028 = AXIS2_PLACEMENT_3D('',#8029,#8030,#8031);
#8029 = CARTESIAN_POINT('',(124.95741935483,92.,73.566774193548));
#8030 = DIRECTION('',(0.,1.,0.));
#8031 = DIRECTION('',(0.,0.,1.));
#8032 = ADVANCED_FACE('',(#8033),#8044,.T.);
#8033 = FACE_BOUND('',#8034,.T.);
#8034 = EDGE_LOOP('',(#8035,#8041,#8042,#8043));
#8035 = ORIENTED_EDGE('',*,*,#8036,.F.);
#8036 = EDGE_CURVE('',#6892,#6828,#8037,.T.);
#8037 = LINE('',#8038,#8039);
#8038 = CARTESIAN_POINT('',(122.9,83.7,74.9));
#8039 = VECTOR('',#8040,1.);
#8040 = DIRECTION('',(0.,0.,1.));
#8041 = ORIENTED_EDGE('',*,*,#6899,.T.);
#8042 = ORIENTED_EDGE('',*,*,#8020,.F.);
#8043 = ORIENTED_EDGE('',*,*,#6835,.F.);
#8044 = PLANE('',#8045);
#8045 = AXIS2_PLACEMENT_3D('',#8046,#8047,#8048);
#8046 = CARTESIAN_POINT('',(122.9,83.7,74.9));
#8047 = DIRECTION('',(1.,0.,0.));
#8048 = DIRECTION('',(0.,0.,1.));
#8049 = ADVANCED_FACE('',(#8050),#8070,.T.);
#8050 = FACE_BOUND('',#8051,.T.);
#8051 = EDGE_LOOP('',(#8052,#8060,#8061,#8062,#8063,#8064));
#8052 = ORIENTED_EDGE('',*,*,#8053,.F.);
#8053 = EDGE_CURVE('',#6947,#8054,#8056,.T.);
#8054 = VERTEX_POINT('',#8055);
#8055 = CARTESIAN_POINT('',(124.5,83.7,74.9));
#8056 = LINE('',#8057,#8058);
#8057 = CARTESIAN_POINT('',(122.9,83.7,74.9));
#8058 = VECTOR('',#8059,1.);
#8059 = DIRECTION('',(1.,0.,0.));
#8060 = ORIENTED_EDGE('',*,*,#6954,.T.);
#8061 = ORIENTED_EDGE('',*,*,#6891,.T.);
#8062 = ORIENTED_EDGE('',*,*,#8036,.T.);
#8063 = ORIENTED_EDGE('',*,*,#6827,.F.);
#8064 = ORIENTED_EDGE('',*,*,#8065,.F.);
#8065 = EDGE_CURVE('',#8054,#6820,#8066,.T.);
#8066 = LINE('',#8067,#8068);
#8067 = CARTESIAN_POINT('',(124.5,83.7,74.9));
#8068 = VECTOR('',#8069,1.);
#8069 = DIRECTION('',(0.,0.,1.));
#8070 = PLANE('',#8071);
#8071 = AXIS2_PLACEMENT_3D('',#8072,#8073,#8074);
#8072 = CARTESIAN_POINT('',(122.9,83.7,74.9));
#8073 = DIRECTION('',(0.,1.,0.));
#8074 = DIRECTION('',(0.,0.,1.));
#8075 = ADVANCED_FACE('',(#8076),#8094,.F.);
#8076 = FACE_BOUND('',#8077,.F.);
#8077 = EDGE_LOOP('',(#8078,#8079,#8087,#8093));
#8078 = ORIENTED_EDGE('',*,*,#8065,.F.);
#8079 = ORIENTED_EDGE('',*,*,#8080,.T.);
#8080 = EDGE_CURVE('',#8054,#8081,#8083,.T.);
#8081 = VERTEX_POINT('',#8082);
#8082 = CARTESIAN_POINT('',(124.5,92.,74.9));
#8083 = LINE('',#8084,#8085);
#8084 = CARTESIAN_POINT('',(124.5,83.7,74.9));
#8085 = VECTOR('',#8086,1.);
#8086 = DIRECTION('',(0.,1.,0.));
#8087 = ORIENTED_EDGE('',*,*,#8088,.F.);
#8088 = EDGE_CURVE('',#6812,#8081,#8089,.T.);
#8089 = LINE('',#8090,#8091);
#8090 = CARTESIAN_POINT('',(124.5,92.,74.233387096774));
#8091 = VECTOR('',#8092,1.);
#8092 = DIRECTION('',(0.,0.,-1.));
#8093 = ORIENTED_EDGE('',*,*,#6819,.F.);
#8094 = PLANE('',#8095);
#8095 = AXIS2_PLACEMENT_3D('',#8096,#8097,#8098);
#8096 = CARTESIAN_POINT('',(124.5,83.7,74.9));
#8097 = DIRECTION('',(1.,0.,0.));
#8098 = DIRECTION('',(0.,0.,1.));
#8099 = ADVANCED_FACE('',(#8100),#8134,.T.);
#8100 = FACE_BOUND('',#8101,.T.);
#8101 = EDGE_LOOP('',(#8102,#8110,#8118,#8124,#8125,#8126,#8132,#8133));
#8102 = ORIENTED_EDGE('',*,*,#8103,.F.);
#8103 = EDGE_CURVE('',#8104,#6804,#8106,.T.);
#8104 = VERTEX_POINT('',#8105);
#8105 = CARTESIAN_POINT('',(127.7,92.,73.1));
#8106 = LINE('',#8107,#8108);
#8107 = CARTESIAN_POINT('',(127.7,92.,68.));
#8108 = VECTOR('',#8109,1.);
#8109 = DIRECTION('',(0.,0.,1.));
#8110 = ORIENTED_EDGE('',*,*,#8111,.T.);
#8111 = EDGE_CURVE('',#8104,#8112,#8114,.T.);
#8112 = VERTEX_POINT('',#8113);
#8113 = CARTESIAN_POINT('',(126.,92.,73.1));
#8114 = LINE('',#8115,#8116);
#8115 = CARTESIAN_POINT('',(124.95,92.,73.1));
#8116 = VECTOR('',#8117,1.);
#8117 = DIRECTION('',(-1.,0.,0.));
#8118 = ORIENTED_EDGE('',*,*,#8119,.T.);
#8119 = EDGE_CURVE('',#8112,#7650,#8120,.T.);
#8120 = LINE('',#8121,#8122);
#8121 = CARTESIAN_POINT('',(126.,92.,71.938305237809));
#8122 = VECTOR('',#8123,1.);
#8123 = DIRECTION('',(0.,0.,-1.));
#8124 = ORIENTED_EDGE('',*,*,#7649,.F.);
#8125 = ORIENTED_EDGE('',*,*,#6938,.T.);
#8126 = ORIENTED_EDGE('',*,*,#8127,.T.);
#8127 = EDGE_CURVE('',#6939,#8081,#8128,.T.);
#8128 = LINE('',#8129,#8130);
#8129 = CARTESIAN_POINT('',(123.92870967741,92.,74.9));
#8130 = VECTOR('',#8131,1.);
#8131 = DIRECTION('',(1.,0.,0.));
#8132 = ORIENTED_EDGE('',*,*,#8088,.F.);
#8133 = ORIENTED_EDGE('',*,*,#6811,.T.);
#8134 = PLANE('',#8135);
#8135 = AXIS2_PLACEMENT_3D('',#8136,#8137,#8138);
#8136 = CARTESIAN_POINT('',(124.95741935483,92.,73.566774193548));
#8137 = DIRECTION('',(0.,1.,0.));
#8138 = DIRECTION('',(0.,0.,1.));
#8139 = ADVANCED_FACE('',(#8140),#8167,.T.);
#8140 = FACE_BOUND('',#8141,.T.);
#8141 = EDGE_LOOP('',(#8142,#8143,#8151,#8159,#8165,#8166));
#8142 = ORIENTED_EDGE('',*,*,#7899,.T.);
#8143 = ORIENTED_EDGE('',*,*,#8144,.T.);
#8144 = EDGE_CURVE('',#7892,#8145,#8147,.T.);
#8145 = VERTEX_POINT('',#8146);
#8146 = CARTESIAN_POINT('',(127.7,84.,68.));
#8147 = LINE('',#8148,#8149);
#8148 = CARTESIAN_POINT('',(127.7,0.,68.));
#8149 = VECTOR('',#8150,1.);
#8150 = DIRECTION('',(0.,1.,0.));
#8151 = ORIENTED_EDGE('',*,*,#8152,.F.);
#8152 = EDGE_CURVE('',#8153,#8145,#8155,.T.);
#8153 = VERTEX_POINT('',#8154);
#8154 = CARTESIAN_POINT('',(127.7,84.,73.1));
#8155 = LINE('',#8156,#8157);
#8156 = CARTESIAN_POINT('',(127.7,84.,67.));
#8157 = VECTOR('',#8158,1.);
#8158 = DIRECTION('',(0.,0.,-1.));
#8159 = ORIENTED_EDGE('',*,*,#8160,.T.);
#8160 = EDGE_CURVE('',#8153,#8104,#8161,.T.);
#8161 = LINE('',#8162,#8163);
#8162 = CARTESIAN_POINT('',(127.7,41.85,73.1));
#8163 = VECTOR('',#8164,1.);
#8164 = DIRECTION('',(0.,1.,0.));
#8165 = ORIENTED_EDGE('',*,*,#8103,.T.);
#8166 = ORIENTED_EDGE('',*,*,#6803,.F.);
#8167 = PLANE('',#8168);
#8168 = AXIS2_PLACEMENT_3D('',#8169,#8170,#8171);
#8169 = CARTESIAN_POINT('',(127.7,53.76112412178,72.93887587822));
#8170 = DIRECTION('',(1.,0.,0.));
#8171 = DIRECTION('',(0.,0.,1.));
#8172 = ADVANCED_FACE('',(#8173),#8179,.T.);
#8173 = FACE_BOUND('',#8174,.T.);
#8174 = EDGE_LOOP('',(#8175,#8176,#8177,#8178));
#8175 = ORIENTED_EDGE('',*,*,#6946,.T.);
#8176 = ORIENTED_EDGE('',*,*,#8053,.T.);
#8177 = ORIENTED_EDGE('',*,*,#8080,.T.);
#8178 = ORIENTED_EDGE('',*,*,#8127,.F.);
#8179 = PLANE('',#8180);
#8180 = AXIS2_PLACEMENT_3D('',#8181,#8182,#8183);
#8181 = CARTESIAN_POINT('',(122.9,83.7,74.9));
#8182 = DIRECTION('',(0.,0.,1.));
#8183 = DIRECTION('',(1.,0.,0.));
#8184 = ADVANCED_FACE('',(#8185),#8210,.T.);
#8185 = FACE_BOUND('',#8186,.T.);
#8186 = EDGE_LOOP('',(#8187,#8195,#8201,#8202,#8208,#8209));
#8187 = ORIENTED_EDGE('',*,*,#8188,.F.);
#8188 = EDGE_CURVE('',#8189,#7020,#8191,.T.);
#8189 = VERTEX_POINT('',#8190);
#8190 = CARTESIAN_POINT('',(17.5,83.7,74.9));
#8191 = LINE('',#8192,#8193);
#8192 = CARTESIAN_POINT('',(17.5,83.7,74.9));
#8193 = VECTOR('',#8194,1.);
#8194 = DIRECTION('',(1.,0.,0.));
#8195 = ORIENTED_EDGE('',*,*,#8196,.T.);
#8196 = EDGE_CURVE('',#8189,#7149,#8197,.T.);
#8197 = LINE('',#8198,#8199);
#8198 = CARTESIAN_POINT('',(17.5,83.7,74.9));
#8199 = VECTOR('',#8200,1.);
#8200 = DIRECTION('',(0.,0.,1.));
#8201 = ORIENTED_EDGE('',*,*,#7148,.F.);
#8202 = ORIENTED_EDGE('',*,*,#8203,.F.);
#8203 = EDGE_CURVE('',#7050,#7141,#8204,.T.);
#8204 = LINE('',#8205,#8206);
#8205 = CARTESIAN_POINT('',(19.1,83.7,74.9));
#8206 = VECTOR('',#8207,1.);
#8207 = DIRECTION('',(0.,0.,1.));
#8208 = ORIENTED_EDGE('',*,*,#7049,.T.);
#8209 = ORIENTED_EDGE('',*,*,#7027,.F.);
#8210 = PLANE('',#8211);
#8211 = AXIS2_PLACEMENT_3D('',#8212,#8213,#8214);
#8212 = CARTESIAN_POINT('',(17.5,83.7,74.9));
#8213 = DIRECTION('',(0.,1.,0.));
#8214 = DIRECTION('',(0.,0.,1.));
#8215 = ADVANCED_FACE('',(#8216),#8234,.T.);
#8216 = FACE_BOUND('',#8217,.T.);
#8217 = EDGE_LOOP('',(#8218,#8226,#8227,#8228));
#8218 = ORIENTED_EDGE('',*,*,#8219,.F.);
#8219 = EDGE_CURVE('',#8189,#8220,#8222,.T.);
#8220 = VERTEX_POINT('',#8221);
#8221 = CARTESIAN_POINT('',(17.5,92.,74.9));
#8222 = LINE('',#8223,#8224);
#8223 = CARTESIAN_POINT('',(17.5,83.7,74.9));
#8224 = VECTOR('',#8225,1.);
#8225 = DIRECTION('',(0.,1.,0.));
#8226 = ORIENTED_EDGE('',*,*,#8188,.T.);
#8227 = ORIENTED_EDGE('',*,*,#7019,.F.);
#8228 = ORIENTED_EDGE('',*,*,#8229,.F.);
#8229 = EDGE_CURVE('',#8220,#7012,#8230,.T.);
#8230 = LINE('',#8231,#8232);
#8231 = CARTESIAN_POINT('',(17.271290322581,92.,74.9));
#8232 = VECTOR('',#8233,1.);
#8233 = DIRECTION('',(1.,0.,0.));
#8234 = PLANE('',#8235);
#8235 = AXIS2_PLACEMENT_3D('',#8236,#8237,#8238);
#8236 = CARTESIAN_POINT('',(17.5,83.7,74.9));
#8237 = DIRECTION('',(0.,0.,1.));
#8238 = DIRECTION('',(1.,0.,0.));
#8239 = ADVANCED_FACE('',(#8240),#8274,.T.);
#8240 = FACE_BOUND('',#8241,.T.);
#8241 = EDGE_LOOP('',(#8242,#8243,#8251,#8259,#8265,#8266,#8272,#8273));
#8242 = ORIENTED_EDGE('',*,*,#7422,.F.);
#8243 = ORIENTED_EDGE('',*,*,#8244,.T.);
#8244 = EDGE_CURVE('',#7415,#8245,#8247,.T.);
#8245 = VERTEX_POINT('',#8246);
#8246 = CARTESIAN_POINT('',(16.,92.,73.1));
#8247 = LINE('',#8248,#8249);
#8248 = CARTESIAN_POINT('',(16.,92.,71.938305237809));
#8249 = VECTOR('',#8250,1.);
#8250 = DIRECTION('',(0.,0.,1.));
#8251 = ORIENTED_EDGE('',*,*,#8252,.T.);
#8252 = EDGE_CURVE('',#8245,#8253,#8255,.T.);
#8253 = VERTEX_POINT('',#8254);
#8254 = CARTESIAN_POINT('',(14.3,92.,73.1));
#8255 = LINE('',#8256,#8257);
#8256 = CARTESIAN_POINT('',(13.5,92.,73.1));
#8257 = VECTOR('',#8258,1.);
#8258 = DIRECTION('',(-1.,0.,0.));
#8259 = ORIENTED_EDGE('',*,*,#8260,.T.);
#8260 = EDGE_CURVE('',#8253,#7116,#8261,.T.);
#8261 = LINE('',#8262,#8263);
#8262 = CARTESIAN_POINT('',(14.3,92.,68.));
#8263 = VECTOR('',#8264,1.);
#8264 = DIRECTION('',(0.,0.,1.));
#8265 = ORIENTED_EDGE('',*,*,#7164,.T.);
#8266 = ORIENTED_EDGE('',*,*,#8267,.T.);
#8267 = EDGE_CURVE('',#7157,#8220,#8268,.T.);
#8268 = LINE('',#8269,#8270);
#8269 = CARTESIAN_POINT('',(17.5,92.,74.233387096774));
#8270 = VECTOR('',#8271,1.);
#8271 = DIRECTION('',(0.,0.,-1.));
#8272 = ORIENTED_EDGE('',*,*,#8229,.T.);
#8273 = ORIENTED_EDGE('',*,*,#7011,.F.);
#8274 = PLANE('',#8275);
#8275 = AXIS2_PLACEMENT_3D('',#8276,#8277,#8278);
#8276 = CARTESIAN_POINT('',(17.042580645161,92.,73.566774193548));
#8277 = DIRECTION('',(0.,1.,0.));
#8278 = DIRECTION('',(0.,0.,1.));
#8279 = ADVANCED_FACE('',(#8280),#8291,.F.);
#8280 = FACE_BOUND('',#8281,.F.);
#8281 = EDGE_LOOP('',(#8282,#8283,#8284,#8290));
#8282 = ORIENTED_EDGE('',*,*,#8203,.F.);
#8283 = ORIENTED_EDGE('',*,*,#7075,.T.);
#8284 = ORIENTED_EDGE('',*,*,#8285,.F.);
#8285 = EDGE_CURVE('',#7133,#7068,#8286,.T.);
#8286 = LINE('',#8287,#8288);
#8287 = CARTESIAN_POINT('',(19.1,92.,74.233387096774));
#8288 = VECTOR('',#8289,1.);
#8289 = DIRECTION('',(0.,0.,-1.));
#8290 = ORIENTED_EDGE('',*,*,#7140,.F.);
#8291 = PLANE('',#8292);
#8292 = AXIS2_PLACEMENT_3D('',#8293,#8294,#8295);
#8293 = CARTESIAN_POINT('',(19.1,83.7,74.9));
#8294 = DIRECTION('',(1.,0.,0.));
#8295 = DIRECTION('',(0.,0.,1.));
#8296 = ADVANCED_FACE('',(#8297),#8303,.T.);
#8297 = FACE_BOUND('',#8298,.T.);
#8298 = EDGE_LOOP('',(#8299,#8300,#8301,#8302));
#8299 = ORIENTED_EDGE('',*,*,#7067,.F.);
#8300 = ORIENTED_EDGE('',*,*,#8285,.F.);
#8301 = ORIENTED_EDGE('',*,*,#7132,.T.);
#8302 = ORIENTED_EDGE('',*,*,#7091,.F.);
#8303 = PLANE('',#8304);
#8304 = AXIS2_PLACEMENT_3D('',#8305,#8306,#8307);
#8305 = CARTESIAN_POINT('',(17.042580645161,92.,73.566774193548));
#8306 = DIRECTION('',(0.,1.,0.));
#8307 = DIRECTION('',(0.,0.,1.));
#8308 = ADVANCED_FACE('',(#8309),#8336,.T.);
#8309 = FACE_BOUND('',#8310,.T.);
#8310 = EDGE_LOOP('',(#8311,#8312,#8313,#8314,#8322,#8330));
#8311 = ORIENTED_EDGE('',*,*,#7263,.F.);
#8312 = ORIENTED_EDGE('',*,*,#7113,.T.);
#8313 = ORIENTED_EDGE('',*,*,#8260,.F.);
#8314 = ORIENTED_EDGE('',*,*,#8315,.F.);
#8315 = EDGE_CURVE('',#8316,#8253,#8318,.T.);
#8316 = VERTEX_POINT('',#8317);
#8317 = CARTESIAN_POINT('',(14.3,84.,73.1));
#8318 = LINE('',#8319,#8320);
#8319 = CARTESIAN_POINT('',(14.3,41.85,73.1));
#8320 = VECTOR('',#8321,1.);
#8321 = DIRECTION('',(0.,1.,0.));
#8322 = ORIENTED_EDGE('',*,*,#8323,.T.);
#8323 = EDGE_CURVE('',#8316,#8324,#8326,.T.);
#8324 = VERTEX_POINT('',#8325);
#8325 = CARTESIAN_POINT('',(14.3,84.,68.));
#8326 = LINE('',#8327,#8328);
#8327 = CARTESIAN_POINT('',(14.3,84.,67.));
#8328 = VECTOR('',#8329,1.);
#8329 = DIRECTION('',(0.,0.,-1.));
#8330 = ORIENTED_EDGE('',*,*,#8331,.F.);
#8331 = EDGE_CURVE('',#7264,#8324,#8332,.T.);
#8332 = LINE('',#8333,#8334);
#8333 = CARTESIAN_POINT('',(14.3,0.,68.));
#8334 = VECTOR('',#8335,1.);
#8335 = DIRECTION('',(0.,1.,0.));
#8336 = PLANE('',#8337);
#8337 = AXIS2_PLACEMENT_3D('',#8338,#8339,#8340);
#8338 = CARTESIAN_POINT('',(14.3,53.76112412178,72.93887587822));
#8339 = DIRECTION('',(-1.,-0.,-0.));
#8340 = DIRECTION('',(0.,0.,-1.));
#8341 = ADVANCED_FACE('',(#8342),#8348,.T.);
#8342 = FACE_BOUND('',#8343,.T.);
#8343 = EDGE_LOOP('',(#8344,#8345,#8346,#8347));
#8344 = ORIENTED_EDGE('',*,*,#8196,.F.);
#8345 = ORIENTED_EDGE('',*,*,#8219,.T.);
#8346 = ORIENTED_EDGE('',*,*,#8267,.F.);
#8347 = ORIENTED_EDGE('',*,*,#7156,.F.);
#8348 = PLANE('',#8349);
#8349 = AXIS2_PLACEMENT_3D('',#8350,#8351,#8352);
#8350 = CARTESIAN_POINT('',(17.5,83.7,74.9));
#8351 = DIRECTION('',(1.,0.,0.));
#8352 = DIRECTION('',(0.,0.,1.));
#8353 = ADVANCED_FACE('',(#8354),#8373,.T.);
#8354 = FACE_BOUND('',#8355,.T.);
#8355 = EDGE_LOOP('',(#8356,#8364,#8365,#8366));
#8356 = ORIENTED_EDGE('',*,*,#8357,.F.);
#8357 = EDGE_CURVE('',#7213,#8358,#8360,.T.);
#8358 = VERTEX_POINT('',#8359);
#8359 = CARTESIAN_POINT('',(10.8,8.,125.5));
#8360 = LINE('',#8361,#8362);
#8361 = CARTESIAN_POINT('',(11.4,8.,124.9));
#8362 = VECTOR('',#8363,1.);
#8363 = DIRECTION('',(-0.707106781187,0.,0.707106781187));
#8364 = ORIENTED_EDGE('',*,*,#7220,.T.);
#8365 = ORIENTED_EDGE('',*,*,#8357,.T.);
#8366 = ORIENTED_EDGE('',*,*,#8367,.F.);
#8367 = EDGE_CURVE('',#8358,#8358,#8368,.T.);
#8368 = CIRCLE('',#8369,2.8);
#8369 = AXIS2_PLACEMENT_3D('',#8370,#8371,#8372);
#8370 = CARTESIAN_POINT('',(8.,8.,125.5));
#8371 = DIRECTION('',(0.,0.,1.));
#8372 = DIRECTION('',(1.,0.,0.));
#8373 = CONICAL_SURFACE('',#8374,3.4,0.785398163397);
#8374 = AXIS2_PLACEMENT_3D('',#8375,#8376,#8377);
#8375 = CARTESIAN_POINT('',(8.,8.,124.9));
#8376 = DIRECTION('',(-0.,-0.,-1.));
#8377 = DIRECTION('',(1.,0.,0.));
#8378 = ADVANCED_FACE('',(#8379),#8404,.F.);
#8379 = FACE_BOUND('',#8380,.F.);
#8380 = EDGE_LOOP('',(#8381,#8389,#8390,#8398));
#8381 = ORIENTED_EDGE('',*,*,#8382,.F.);
#8382 = EDGE_CURVE('',#7238,#8383,#8385,.T.);
#8383 = VERTEX_POINT('',#8384);
#8384 = CARTESIAN_POINT('',(12.,84.,68.));
#8385 = LINE('',#8386,#8387);
#8386 = CARTESIAN_POINT('',(12.,0.,68.));
#8387 = VECTOR('',#8388,1.);
#8388 = DIRECTION('',(0.,1.,0.));
#8389 = ORIENTED_EDGE('',*,*,#7237,.T.);
#8390 = ORIENTED_EDGE('',*,*,#8391,.T.);
#8391 = EDGE_CURVE('',#7240,#8392,#8394,.T.);
#8392 = VERTEX_POINT('',#8393);
#8393 = CARTESIAN_POINT('',(12.,84.,66.));
#8394 = LINE('',#8395,#8396);
#8395 = CARTESIAN_POINT('',(12.,0.,66.));
#8396 = VECTOR('',#8397,1.);
#8397 = DIRECTION('',(0.,1.,0.));
#8398 = ORIENTED_EDGE('',*,*,#8399,.F.);
#8399 = EDGE_CURVE('',#8383,#8392,#8400,.T.);
#8400 = LINE('',#8401,#8402);
#8401 = CARTESIAN_POINT('',(12.,84.,66.));
#8402 = VECTOR('',#8403,1.);
#8403 = DIRECTION('',(0.,0.,-1.));
#8404 = PLANE('',#8405);
#8405 = AXIS2_PLACEMENT_3D('',#8406,#8407,#8408);
#8406 = CARTESIAN_POINT('',(12.,0.,66.));
#8407 = DIRECTION('',(1.,0.,0.));
#8408 = DIRECTION('',(0.,0.,1.));
#8409 = ADVANCED_FACE('',(#8410),#8421,.T.);
#8410 = FACE_BOUND('',#8411,.T.);
#8411 = EDGE_LOOP('',(#8412,#8413,#8414,#8415));
#8412 = ORIENTED_EDGE('',*,*,#8382,.F.);
#8413 = ORIENTED_EDGE('',*,*,#7271,.T.);
#8414 = ORIENTED_EDGE('',*,*,#8331,.T.);
#8415 = ORIENTED_EDGE('',*,*,#8416,.F.);
#8416 = EDGE_CURVE('',#8383,#8324,#8417,.T.);
#8417 = LINE('',#8418,#8419);
#8418 = CARTESIAN_POINT('',(6.,84.,68.));
#8419 = VECTOR('',#8420,1.);
#8420 = DIRECTION('',(1.,0.,0.));
#8421 = PLANE('',#8422);
#8422 = AXIS2_PLACEMENT_3D('',#8423,#8424,#8425);
#8423 = CARTESIAN_POINT('',(12.,0.,68.));
#8424 = DIRECTION('',(0.,0.,1.));
#8425 = DIRECTION('',(1.,0.,0.));
#8426 = ADVANCED_FACE('',(#8427),#8438,.T.);
#8427 = FACE_BOUND('',#8428,.T.);
#8428 = EDGE_LOOP('',(#8429,#8430,#8431,#8432));
#8429 = ORIENTED_EDGE('',*,*,#7347,.F.);
#8430 = ORIENTED_EDGE('',*,*,#7247,.T.);
#8431 = ORIENTED_EDGE('',*,*,#8391,.T.);
#8432 = ORIENTED_EDGE('',*,*,#8433,.F.);
#8433 = EDGE_CURVE('',#7348,#8392,#8434,.T.);
#8434 = LINE('',#8435,#8436);
#8435 = CARTESIAN_POINT('',(0.,84.,66.));
#8436 = VECTOR('',#8437,1.);
#8437 = DIRECTION('',(1.,0.,0.));
#8438 = PLANE('',#8439);
#8439 = AXIS2_PLACEMENT_3D('',#8440,#8441,#8442);
#8440 = CARTESIAN_POINT('',(0.,0.,66.));
#8441 = DIRECTION('',(0.,0.,1.));
#8442 = DIRECTION('',(1.,0.,0.));
#8443 = ADVANCED_FACE('',(#8444),#8469,.F.);
#8444 = FACE_BOUND('',#8445,.F.);
#8445 = EDGE_LOOP('',(#8446,#8454,#8455,#8463));
#8446 = ORIENTED_EDGE('',*,*,#8447,.T.);
#8447 = EDGE_CURVE('',#8448,#7303,#8450,.T.);
#8448 = VERTEX_POINT('',#8449);
#8449 = CARTESIAN_POINT('',(10.,0.,61.));
#8450 = LINE('',#8451,#8452);
#8451 = CARTESIAN_POINT('',(10.,-1.78E-15,60.));
#8452 = VECTOR('',#8453,1.);
#8453 = DIRECTION('',(0.,0.,1.));
#8454 = ORIENTED_EDGE('',*,*,#7311,.F.);
#8455 = ORIENTED_EDGE('',*,*,#8456,.F.);
#8456 = EDGE_CURVE('',#8457,#7286,#8459,.T.);
#8457 = VERTEX_POINT('',#8458);
#8458 = CARTESIAN_POINT('',(132.,-2.E-15,61.));
#8459 = LINE('',#8460,#8461);
#8460 = CARTESIAN_POINT('',(132.,-1.78E-15,60.));
#8461 = VECTOR('',#8462,1.);
#8462 = DIRECTION('',(0.,0.,1.));
#8463 = ORIENTED_EDGE('',*,*,#8464,.T.);
#8464 = EDGE_CURVE('',#8457,#8448,#8465,.T.);
#8465 = LINE('',#8466,#8467);
#8466 = CARTESIAN_POINT('',(132.,-2.2E-16,61.));
#8467 = VECTOR('',#8468,1.);
#8468 = DIRECTION('',(-1.,-0.,-0.));
#8469 = PLANE('',#8470);
#8470 = AXIS2_PLACEMENT_3D('',#8471,#8472,#8473);
#8471 = CARTESIAN_POINT('',(0.,0.,60.));
#8472 = DIRECTION('',(0.,1.,0.));
#8473 = DIRECTION('',(0.,0.,1.));
#8474 = ADVANCED_FACE('',(#8475),#8500,.F.);
#8475 = FACE_BOUND('',#8476,.F.);
#8476 = EDGE_LOOP('',(#8477,#8485,#8493,#8499));
#8477 = ORIENTED_EDGE('',*,*,#8478,.F.);
#8478 = EDGE_CURVE('',#8479,#7338,#8481,.T.);
#8479 = VERTEX_POINT('',#8480);
#8480 = CARTESIAN_POINT('',(0.,10.,61.));
#8481 = LINE('',#8482,#8483);
#8482 = CARTESIAN_POINT('',(-1.78E-15,10.,60.));
#8483 = VECTOR('',#8484,1.);
#8484 = DIRECTION('',(0.,0.,1.));
#8485 = ORIENTED_EDGE('',*,*,#8486,.T.);
#8486 = EDGE_CURVE('',#8479,#8487,#8489,.T.);
#8487 = VERTEX_POINT('',#8488);
#8488 = CARTESIAN_POINT('',(0.,90.,61.));
#8489 = LINE('',#8490,#8491);
#8490 = CARTESIAN_POINT('',(-2.2E-16,10.,61.));
#8491 = VECTOR('',#8492,1.);
#8492 = DIRECTION('',(0.,1.,0.));
#8493 = ORIENTED_EDGE('',*,*,#8494,.T.);
#8494 = EDGE_CURVE('',#8487,#7364,#8495,.T.);
#8495 = LINE('',#8496,#8497);
#8496 = CARTESIAN_POINT('',(-1.78E-15,90.,60.));
#8497 = VECTOR('',#8498,1.);
#8498 = DIRECTION('',(0.,0.,1.));
#8499 = ORIENTED_EDGE('',*,*,#7372,.F.);
#8500 = PLANE('',#8501);
#8501 = AXIS2_PLACEMENT_3D('',#8502,#8503,#8504);
#8502 = CARTESIAN_POINT('',(0.,0.,60.));
#8503 = DIRECTION('',(1.,0.,0.));
#8504 = DIRECTION('',(0.,0.,1.));
#8505 = ADVANCED_FACE('',(#8506),#8565,.F.);
#8506 = FACE_BOUND('',#8507,.F.);
#8507 = EDGE_LOOP('',(#8508,#8519,#8527,#8533,#8534,#8543,#8551,#8559));
#8508 = ORIENTED_EDGE('',*,*,#8509,.F.);
#8509 = EDGE_CURVE('',#8510,#8512,#8514,.T.);
#8510 = VERTEX_POINT('',#8511);
#8511 = CARTESIAN_POINT('',(-2.E-15,90.,66.));
#8512 = VERTEX_POINT('',#8513);
#8513 = CARTESIAN_POINT('',(10.,100.,66.));
#8514 = CIRCLE('',#8515,10.);
#8515 = AXIS2_PLACEMENT_3D('',#8516,#8517,#8518);
#8516 = CARTESIAN_POINT('',(10.,90.,66.));
#8517 = DIRECTION('',(-0.,-0.,-1.));
#8518 = DIRECTION('',(0.,-1.,0.));
#8519 = ORIENTED_EDGE('',*,*,#8520,.F.);
#8520 = EDGE_CURVE('',#8521,#8510,#8523,.T.);
#8521 = VERTEX_POINT('',#8522);
#8522 = CARTESIAN_POINT('',(0.,84.,66.));
#8523 = LINE('',#8524,#8525);
#8524 = CARTESIAN_POINT('',(0.,84.,66.));
#8525 = VECTOR('',#8526,1.);
#8526 = DIRECTION('',(0.,1.,0.));
#8527 = ORIENTED_EDGE('',*,*,#8528,.T.);
#8528 = EDGE_CURVE('',#8521,#7348,#8529,.T.);
#8529 = LINE('',#8530,#8531);
#8530 = CARTESIAN_POINT('',(0.,84.,66.));
#8531 = VECTOR('',#8532,1.);
#8532 = DIRECTION('',(1.,0.,0.));
#8533 = ORIENTED_EDGE('',*,*,#7355,.T.);
#8534 = ORIENTED_EDGE('',*,*,#8535,.T.);
#8535 = EDGE_CURVE('',#7356,#8536,#8538,.T.);
#8536 = VERTEX_POINT('',#8537);
#8537 = CARTESIAN_POINT('',(10.,99.,66.));
#8538 = CIRCLE('',#8539,9.);
#8539 = AXIS2_PLACEMENT_3D('',#8540,#8541,#8542);
#8540 = CARTESIAN_POINT('',(10.,90.,66.));
#8541 = DIRECTION('',(0.,0.,-1.));
#8542 = DIRECTION('',(-1.,0.,0.));
#8543 = ORIENTED_EDGE('',*,*,#8544,.T.);
#8544 = EDGE_CURVE('',#8536,#8545,#8547,.T.);
#8545 = VERTEX_POINT('',#8546);
#8546 = CARTESIAN_POINT('',(16.,99.,66.));
#8547 = LINE('',#8548,#8549);
#8548 = CARTESIAN_POINT('',(10.,99.,66.));
#8549 = VECTOR('',#8550,1.);
#8550 = DIRECTION('',(1.,0.,0.));
#8551 = ORIENTED_EDGE('',*,*,#8552,.T.);
#8552 = EDGE_CURVE('',#8545,#8553,#8555,.T.);
#8553 = VERTEX_POINT('',#8554);
#8554 = CARTESIAN_POINT('',(16.,100.,66.));
#8555 = LINE('',#8556,#8557);
#8556 = CARTESIAN_POINT('',(16.,84.,66.));
#8557 = VECTOR('',#8558,1.);
#8558 = DIRECTION('',(0.,1.,0.));
#8559 = ORIENTED_EDGE('',*,*,#8560,.F.);
#8560 = EDGE_CURVE('',#8512,#8553,#8561,.T.);
#8561 = LINE('',#8562,#8563);
#8562 = CARTESIAN_POINT('',(0.,100.,66.));
#8563 = VECTOR('',#8564,1.);
#8564 = DIRECTION('',(1.,0.,0.));
#8565 = PLANE('',#8566);
#8566 = AXIS2_PLACEMENT_3D('',#8567,#8568,#8569);
#8567 = CARTESIAN_POINT('',(0.,84.,66.));
#8568 = DIRECTION('',(0.,0.,1.));
#8569 = DIRECTION('',(1.,0.,0.));
#8570 = ADVANCED_FACE('',(#8571),#8591,.T.);
#8571 = FACE_BOUND('',#8572,.F.);
#8572 = EDGE_LOOP('',(#8573,#8574,#8583,#8590));
#8573 = ORIENTED_EDGE('',*,*,#7363,.F.);
#8574 = ORIENTED_EDGE('',*,*,#8575,.T.);
#8575 = EDGE_CURVE('',#7364,#8576,#8578,.T.);
#8576 = VERTEX_POINT('',#8577);
#8577 = CARTESIAN_POINT('',(10.,100.,65.));
#8578 = CIRCLE('',#8579,10.);
#8579 = AXIS2_PLACEMENT_3D('',#8580,#8581,#8582);
#8580 = CARTESIAN_POINT('',(10.,90.,65.));
#8581 = DIRECTION('',(0.,0.,-1.));
#8582 = DIRECTION('',(-1.,0.,0.));
#8583 = ORIENTED_EDGE('',*,*,#8584,.T.);
#8584 = EDGE_CURVE('',#8576,#8536,#8585,.T.);
#8585 = CIRCLE('',#8586,1.);
#8586 = AXIS2_PLACEMENT_3D('',#8587,#8588,#8589);
#8587 = CARTESIAN_POINT('',(10.,99.,65.));
#8588 = DIRECTION('',(1.,6.E-17,-0.));
#8589 = DIRECTION('',(-6.E-17,1.,0.));
#8590 = ORIENTED_EDGE('',*,*,#8535,.F.);
#8591 = TOROIDAL_SURFACE('',#8592,9.,1.);
#8592 = AXIS2_PLACEMENT_3D('',#8593,#8594,#8595);
#8593 = CARTESIAN_POINT('',(10.,90.,65.));
#8594 = DIRECTION('',(0.,0.,1.));
#8595 = DIRECTION('',(-1.,0.,0.));
#8596 = ADVANCED_FACE('',(#8597),#8609,.T.);
#8597 = FACE_BOUND('',#8598,.T.);
#8598 = EDGE_LOOP('',(#8599,#8600,#8607,#8608));
#8599 = ORIENTED_EDGE('',*,*,#8478,.F.);
#8600 = ORIENTED_EDGE('',*,*,#8601,.F.);
#8601 = EDGE_CURVE('',#8448,#8479,#8602,.T.);
#8602 = CIRCLE('',#8603,10.);
#8603 = AXIS2_PLACEMENT_3D('',#8604,#8605,#8606);
#8604 = CARTESIAN_POINT('',(10.,10.,61.));
#8605 = DIRECTION('',(-0.,0.,-1.));
#8606 = DIRECTION('',(-1.8E-16,-1.,0.));
#8607 = ORIENTED_EDGE('',*,*,#8447,.T.);
#8608 = ORIENTED_EDGE('',*,*,#7387,.T.);
#8609 = CYLINDRICAL_SURFACE('',#8610,10.);
#8610 = AXIS2_PLACEMENT_3D('',#8611,#8612,#8613);
#8611 = CARTESIAN_POINT('',(10.,10.,60.));
#8612 = DIRECTION('',(0.,0.,1.));
#8613 = DIRECTION('',(-1.,0.,0.));
#8614 = ADVANCED_FACE('',(#8615),#8640,.T.);
#8615 = FACE_BOUND('',#8616,.T.);
#8616 = EDGE_LOOP('',(#8617,#8625,#8633,#8639));
#8617 = ORIENTED_EDGE('',*,*,#8618,.F.);
#8618 = EDGE_CURVE('',#8619,#7407,#8621,.T.);
#8619 = VERTEX_POINT('',#8620);
#8620 = CARTESIAN_POINT('',(16.6,93.,66.));
#8621 = LINE('',#8622,#8623);
#8622 = CARTESIAN_POINT('',(16.6,93.,66.));
#8623 = VECTOR('',#8624,1.);
#8624 = DIRECTION('',(0.,0.,1.));
#8625 = ORIENTED_EDGE('',*,*,#8626,.F.);
#8626 = EDGE_CURVE('',#8627,#8619,#8629,.T.);
#8627 = VERTEX_POINT('',#8628);
#8628 = CARTESIAN_POINT('',(16.,93.,66.));
#8629 = LINE('',#8630,#8631);
#8630 = CARTESIAN_POINT('',(12.,93.,66.));
#8631 = VECTOR('',#8632,1.);
#8632 = DIRECTION('',(1.,0.,0.));
#8633 = ORIENTED_EDGE('',*,*,#8634,.T.);
#8634 = EDGE_CURVE('',#8627,#7405,#8635,.T.);
#8635 = LINE('',#8636,#8637);
#8636 = CARTESIAN_POINT('',(16.,93.,70.938305237809));
#8637 = VECTOR('',#8638,1.);
#8638 = DIRECTION('',(0.,0.,1.));
#8639 = ORIENTED_EDGE('',*,*,#7404,.T.);
#8640 = PLANE('',#8641);
#8641 = AXIS2_PLACEMENT_3D('',#8642,#8643,#8644);
#8642 = CARTESIAN_POINT('',(12.,93.,66.));
#8643 = DIRECTION('',(0.,1.,0.));
#8644 = DIRECTION('',(0.,0.,1.));
#8645 = ADVANCED_FACE('',(#8646),#8672,.T.);
#8646 = FACE_BOUND('',#8647,.T.);
#8647 = EDGE_LOOP('',(#8648,#8649,#8655,#8656,#8664,#8670,#8671));
#8648 = ORIENTED_EDGE('',*,*,#8634,.F.);
#8649 = ORIENTED_EDGE('',*,*,#8650,.T.);
#8650 = EDGE_CURVE('',#8627,#8545,#8651,.T.);
#8651 = LINE('',#8652,#8653);
#8652 = CARTESIAN_POINT('',(16.,84.,66.));
#8653 = VECTOR('',#8654,1.);
#8654 = DIRECTION('',(0.,1.,0.));
#8655 = ORIENTED_EDGE('',*,*,#8552,.T.);
#8656 = ORIENTED_EDGE('',*,*,#8657,.T.);
#8657 = EDGE_CURVE('',#8553,#8658,#8660,.T.);
#8658 = VERTEX_POINT('',#8659);
#8659 = CARTESIAN_POINT('',(16.,100.,73.1));
#8660 = LINE('',#8661,#8662);
#8661 = CARTESIAN_POINT('',(16.,100.,66.));
#8662 = VECTOR('',#8663,1.);
#8663 = DIRECTION('',(0.,0.,1.));
#8664 = ORIENTED_EDGE('',*,*,#8665,.F.);
#8665 = EDGE_CURVE('',#8245,#8658,#8666,.T.);
#8666 = LINE('',#8667,#8668);
#8667 = CARTESIAN_POINT('',(16.,83.7,73.1));
#8668 = VECTOR('',#8669,1.);
#8669 = DIRECTION('',(0.,1.,0.));
#8670 = ORIENTED_EDGE('',*,*,#8244,.F.);
#8671 = ORIENTED_EDGE('',*,*,#7414,.F.);
#8672 = PLANE('',#8673);
#8673 = AXIS2_PLACEMENT_3D('',#8674,#8675,#8676);
#8674 = CARTESIAN_POINT('',(16.,38.39373871162,75.876610475617));
#8675 = DIRECTION('',(1.,0.,0.));
#8676 = DIRECTION('',(0.,0.,1.));
#8677 = ADVANCED_FACE('',(#8678),#8696,.F.);
#8678 = FACE_BOUND('',#8679,.F.);
#8679 = EDGE_LOOP('',(#8680,#8681,#8689,#8695));
#8680 = ORIENTED_EDGE('',*,*,#8618,.F.);
#8681 = ORIENTED_EDGE('',*,*,#8682,.T.);
#8682 = EDGE_CURVE('',#8619,#8683,#8685,.T.);
#8683 = VERTEX_POINT('',#8684);
#8684 = CARTESIAN_POINT('',(16.6,99.,66.));
#8685 = LINE('',#8686,#8687);
#8686 = CARTESIAN_POINT('',(16.6,93.,66.));
#8687 = VECTOR('',#8688,1.);
#8688 = DIRECTION('',(0.,1.,0.));
#8689 = ORIENTED_EDGE('',*,*,#8690,.T.);
#8690 = EDGE_CURVE('',#8683,#7453,#8691,.T.);
#8691 = LINE('',#8692,#8693);
#8692 = CARTESIAN_POINT('',(16.6,99.,66.));
#8693 = VECTOR('',#8694,1.);
#8694 = DIRECTION('',(0.,0.,1.));
#8695 = ORIENTED_EDGE('',*,*,#7460,.F.);
#8696 = PLANE('',#8697);
#8697 = AXIS2_PLACEMENT_3D('',#8698,#8699,#8700);
#8698 = CARTESIAN_POINT('',(16.6,93.,66.));
#8699 = DIRECTION('',(1.,0.,0.));
#8700 = DIRECTION('',(0.,0.,1.));
#8701 = ADVANCED_FACE('',(#8702),#8718,.T.);
#8702 = FACE_BOUND('',#8703,.T.);
#8703 = EDGE_LOOP('',(#8704,#8710,#8711,#8712));
#8704 = ORIENTED_EDGE('',*,*,#8705,.F.);
#8705 = EDGE_CURVE('',#8683,#7605,#8706,.T.);
#8706 = LINE('',#8707,#8708);
#8707 = CARTESIAN_POINT('',(10.,99.,66.));
#8708 = VECTOR('',#8709,1.);
#8709 = DIRECTION('',(1.,0.,0.));
#8710 = ORIENTED_EDGE('',*,*,#8690,.T.);
#8711 = ORIENTED_EDGE('',*,*,#7452,.T.);
#8712 = ORIENTED_EDGE('',*,*,#8713,.F.);
#8713 = EDGE_CURVE('',#7605,#7445,#8714,.T.);
#8714 = LINE('',#8715,#8716);
#8715 = CARTESIAN_POINT('',(22.6,99.,66.));
#8716 = VECTOR('',#8717,1.);
#8717 = DIRECTION('',(0.,0.,1.));
#8718 = PLANE('',#8719);
#8719 = AXIS2_PLACEMENT_3D('',#8720,#8721,#8722);
#8720 = CARTESIAN_POINT('',(16.6,99.,66.));
#8721 = DIRECTION('',(0.,1.,0.));
#8722 = DIRECTION('',(0.,0.,1.));
#8723 = ADVANCED_FACE('',(#8724),#8730,.T.);
#8724 = FACE_BOUND('',#8725,.T.);
#8725 = EDGE_LOOP('',(#8726,#8727,#8728,#8729));
#8726 = ORIENTED_EDGE('',*,*,#7518,.F.);
#8727 = ORIENTED_EDGE('',*,*,#7612,.T.);
#8728 = ORIENTED_EDGE('',*,*,#8713,.T.);
#8729 = ORIENTED_EDGE('',*,*,#7444,.F.);
#8730 = PLANE('',#8731);
#8731 = AXIS2_PLACEMENT_3D('',#8732,#8733,#8734);
#8732 = CARTESIAN_POINT('',(22.6,93.,66.));
#8733 = DIRECTION('',(1.,0.,0.));
#8734 = DIRECTION('',(0.,0.,1.));
#8735 = ADVANCED_FACE('',(#8736),#8761,.T.);
#8736 = FACE_BOUND('',#8737,.T.);
#8737 = EDGE_LOOP('',(#8738,#8748,#8754,#8755));
#8738 = ORIENTED_EDGE('',*,*,#8739,.F.);
#8739 = EDGE_CURVE('',#8740,#8742,#8744,.T.);
#8740 = VERTEX_POINT('',#8741);
#8741 = CARTESIAN_POINT('',(17.5,93.9,61.7));
#8742 = VERTEX_POINT('',#8743);
#8743 = CARTESIAN_POINT('',(21.1,93.9,61.7));
#8744 = LINE('',#8745,#8746);
#8745 = CARTESIAN_POINT('',(17.5,93.9,61.7));
#8746 = VECTOR('',#8747,1.);
#8747 = DIRECTION('',(1.,0.,0.));
#8748 = ORIENTED_EDGE('',*,*,#8749,.T.);
#8749 = EDGE_CURVE('',#8740,#7469,#8750,.T.);
#8750 = LINE('',#8751,#8752);
#8751 = CARTESIAN_POINT('',(17.5,93.9,61.7));
#8752 = VECTOR('',#8753,1.);
#8753 = DIRECTION('',(0.,0.,1.));
#8754 = ORIENTED_EDGE('',*,*,#7468,.T.);
#8755 = ORIENTED_EDGE('',*,*,#8756,.F.);
#8756 = EDGE_CURVE('',#8742,#7471,#8757,.T.);
#8757 = LINE('',#8758,#8759);
#8758 = CARTESIAN_POINT('',(21.1,93.9,61.7));
#8759 = VECTOR('',#8760,1.);
#8760 = DIRECTION('',(0.,0.,1.));
#8761 = PLANE('',#8762);
#8762 = AXIS2_PLACEMENT_3D('',#8763,#8764,#8765);
#8763 = CARTESIAN_POINT('',(17.5,93.9,61.7));
#8764 = DIRECTION('',(0.,1.,0.));
#8765 = DIRECTION('',(0.,0.,1.));
#8766 = ADVANCED_FACE('',(#8767),#8785,.F.);
#8767 = FACE_BOUND('',#8768,.F.);
#8768 = EDGE_LOOP('',(#8769,#8770,#8778,#8784));
#8769 = ORIENTED_EDGE('',*,*,#8756,.F.);
#8770 = ORIENTED_EDGE('',*,*,#8771,.T.);
#8771 = EDGE_CURVE('',#8742,#8772,#8774,.T.);
#8772 = VERTEX_POINT('',#8773);
#8773 = CARTESIAN_POINT('',(21.1,96.9,61.7));
#8774 = LINE('',#8775,#8776);
#8775 = CARTESIAN_POINT('',(21.1,93.9,61.7));
#8776 = VECTOR('',#8777,1.);
#8777 = DIRECTION('',(0.,1.,0.));
#8778 = ORIENTED_EDGE('',*,*,#8779,.T.);
#8779 = EDGE_CURVE('',#8772,#7487,#8780,.T.);
#8780 = LINE('',#8781,#8782);
#8781 = CARTESIAN_POINT('',(21.1,96.9,61.7));
#8782 = VECTOR('',#8783,1.);
#8783 = DIRECTION('',(0.,0.,1.));
#8784 = ORIENTED_EDGE('',*,*,#7494,.F.);
#8785 = PLANE('',#8786);
#8786 = AXIS2_PLACEMENT_3D('',#8787,#8788,#8789);
#8787 = CARTESIAN_POINT('',(21.1,93.9,61.7));
#8788 = DIRECTION('',(1.,0.,0.));
#8789 = DIRECTION('',(0.,0.,1.));
#8790 = ADVANCED_FACE('',(#8791),#8809,.F.);
#8791 = FACE_BOUND('',#8792,.F.);
#8792 = EDGE_LOOP('',(#8793,#8801,#8807,#8808));
#8793 = ORIENTED_EDGE('',*,*,#8794,.F.);
#8794 = EDGE_CURVE('',#8795,#8772,#8797,.T.);
#8795 = VERTEX_POINT('',#8796);
#8796 = CARTESIAN_POINT('',(17.5,96.9,61.7));
#8797 = LINE('',#8798,#8799);
#8798 = CARTESIAN_POINT('',(17.5,96.9,61.7));
#8799 = VECTOR('',#8800,1.);
#8800 = DIRECTION('',(1.,0.,0.));
#8801 = ORIENTED_EDGE('',*,*,#8802,.T.);
#8802 = EDGE_CURVE('',#8795,#7479,#8803,.T.);
#8803 = LINE('',#8804,#8805);
#8804 = CARTESIAN_POINT('',(17.5,96.9,61.7));
#8805 = VECTOR('',#8806,1.);
#8806 = DIRECTION('',(0.,0.,1.));
#8807 = ORIENTED_EDGE('',*,*,#7486,.T.);
#8808 = ORIENTED_EDGE('',*,*,#8779,.F.);
#8809 = PLANE('',#8810);
#8810 = AXIS2_PLACEMENT_3D('',#8811,#8812,#8813);
#8811 = CARTESIAN_POINT('',(17.5,96.9,61.7));
#8812 = DIRECTION('',(0.,1.,0.));
#8813 = DIRECTION('',(0.,0.,1.));
#8814 = ADVANCED_FACE('',(#8815),#8826,.T.);
#8815 = FACE_BOUND('',#8816,.T.);
#8816 = EDGE_LOOP('',(#8817,#8818,#8824,#8825));
#8817 = ORIENTED_EDGE('',*,*,#8749,.F.);
#8818 = ORIENTED_EDGE('',*,*,#8819,.T.);
#8819 = EDGE_CURVE('',#8740,#8795,#8820,.T.);
#8820 = LINE('',#8821,#8822);
#8821 = CARTESIAN_POINT('',(17.5,93.9,61.7));
#8822 = VECTOR('',#8823,1.);
#8823 = DIRECTION('',(0.,1.,0.));
#8824 = ORIENTED_EDGE('',*,*,#8802,.T.);
#8825 = ORIENTED_EDGE('',*,*,#7478,.F.);
#8826 = PLANE('',#8827);
#8827 = AXIS2_PLACEMENT_3D('',#8828,#8829,#8830);
#8828 = CARTESIAN_POINT('',(17.5,93.9,61.7));
#8829 = DIRECTION('',(1.,0.,0.));
#8830 = DIRECTION('',(0.,0.,1.));
#8831 = ADVANCED_FACE('',(#8832),#8859,.T.);
#8832 = FACE_BOUND('',#8833,.T.);
#8833 = EDGE_LOOP('',(#8834,#8842,#8850,#8856,#8857,#8858));
#8834 = ORIENTED_EDGE('',*,*,#8835,.F.);
#8835 = EDGE_CURVE('',#8836,#7764,#8838,.T.);
#8836 = VERTEX_POINT('',#8837);
#8837 = CARTESIAN_POINT('',(126.,8.,60.));
#8838 = LINE('',#8839,#8840);
#8839 = CARTESIAN_POINT('',(126.,8.,59.));
#8840 = VECTOR('',#8841,1.);
#8841 = DIRECTION('',(0.,0.,1.));
#8842 = ORIENTED_EDGE('',*,*,#8843,.T.);
#8843 = EDGE_CURVE('',#8836,#8844,#8846,.T.);
#8844 = VERTEX_POINT('',#8845);
#8845 = CARTESIAN_POINT('',(16.,8.,60.));
#8846 = LINE('',#8847,#8848);
#8847 = CARTESIAN_POINT('',(8.,8.,60.));
#8848 = VECTOR('',#8849,1.);
#8849 = DIRECTION('',(-1.,0.,0.));
#8850 = ORIENTED_EDGE('',*,*,#8851,.T.);
#8851 = EDGE_CURVE('',#8844,#7558,#8852,.T.);
#8852 = LINE('',#8853,#8854);
#8853 = CARTESIAN_POINT('',(16.,8.,59.));
#8854 = VECTOR('',#8855,1.);
#8855 = DIRECTION('',(0.,0.,1.));
#8856 = ORIENTED_EDGE('',*,*,#7565,.F.);
#8857 = ORIENTED_EDGE('',*,*,#7535,.F.);
#8858 = ORIENTED_EDGE('',*,*,#7763,.F.);
#8859 = PLANE('',#8860);
#8860 = AXIS2_PLACEMENT_3D('',#8861,#8862,#8863);
#8861 = CARTESIAN_POINT('',(16.,8.,59.));
#8862 = DIRECTION('',(0.,1.,0.));
#8863 = DIRECTION('',(0.,0.,1.));
#8864 = ADVANCED_FACE('',(#8865),#8892,.F.);
#8865 = FACE_BOUND('',#8866,.F.);
#8866 = EDGE_LOOP('',(#8867,#8875,#8883,#8889,#8890,#8891));
#8867 = ORIENTED_EDGE('',*,*,#8868,.F.);
#8868 = EDGE_CURVE('',#8869,#7772,#8871,.T.);
#8869 = VERTEX_POINT('',#8870);
#8870 = CARTESIAN_POINT('',(126.,92.,60.));
#8871 = LINE('',#8872,#8873);
#8872 = CARTESIAN_POINT('',(126.,92.,59.));
#8873 = VECTOR('',#8874,1.);
#8874 = DIRECTION('',(0.,0.,1.));
#8875 = ORIENTED_EDGE('',*,*,#8876,.T.);
#8876 = EDGE_CURVE('',#8869,#8877,#8879,.T.);
#8877 = VERTEX_POINT('',#8878);
#8878 = CARTESIAN_POINT('',(16.,92.,60.));
#8879 = LINE('',#8880,#8881);
#8880 = CARTESIAN_POINT('',(8.,92.,60.));
#8881 = VECTOR('',#8882,1.);
#8882 = DIRECTION('',(-1.,0.,0.));
#8883 = ORIENTED_EDGE('',*,*,#8884,.T.);
#8884 = EDGE_CURVE('',#8877,#7550,#8885,.T.);
#8885 = LINE('',#8886,#8887);
#8886 = CARTESIAN_POINT('',(16.,92.,59.));
#8887 = VECTOR('',#8888,1.);
#8888 = DIRECTION('',(0.,0.,1.));
#8889 = ORIENTED_EDGE('',*,*,#7549,.F.);
#8890 = ORIENTED_EDGE('',*,*,#7581,.F.);
#8891 = ORIENTED_EDGE('',*,*,#7779,.F.);
#8892 = PLANE('',#8893);
#8893 = AXIS2_PLACEMENT_3D('',#8894,#8895,#8896);
#8894 = CARTESIAN_POINT('',(16.,92.,59.));
#8895 = DIRECTION('',(0.,1.,0.));
#8896 = DIRECTION('',(0.,0.,1.));
#8897 = ADVANCED_FACE('',(#8898),#8909,.T.);
#8898 = FACE_BOUND('',#8899,.T.);
#8899 = EDGE_LOOP('',(#8900,#8901,#8907,#8908));
#8900 = ORIENTED_EDGE('',*,*,#8851,.F.);
#8901 = ORIENTED_EDGE('',*,*,#8902,.T.);
#8902 = EDGE_CURVE('',#8844,#8877,#8903,.T.);
#8903 = LINE('',#8904,#8905);
#8904 = CARTESIAN_POINT('',(16.,4.,60.));
#8905 = VECTOR('',#8906,1.);
#8906 = DIRECTION('',(0.,1.,0.));
#8907 = ORIENTED_EDGE('',*,*,#8884,.T.);
#8908 = ORIENTED_EDGE('',*,*,#7557,.T.);
#8909 = PLANE('',#8910);
#8910 = AXIS2_PLACEMENT_3D('',#8911,#8912,#8913);
#8911 = CARTESIAN_POINT('',(16.,38.39373871162,75.876610475617));
#8912 = DIRECTION('',(1.,0.,0.));
#8913 = DIRECTION('',(0.,0.,1.));
#8914 = ADVANCED_FACE('',(#8915),#8966,.T.);
#8915 = FACE_BOUND('',#8916,.T.);
#8916 = EDGE_LOOP('',(#8917,#8918,#8919,#8925,#8926,#8927,#8935,#8943,
    #8951,#8960));
#8917 = ORIENTED_EDGE('',*,*,#8584,.T.);
#8918 = ORIENTED_EDGE('',*,*,#8544,.T.);
#8919 = ORIENTED_EDGE('',*,*,#8920,.T.);
#8920 = EDGE_CURVE('',#8545,#8683,#8921,.T.);
#8921 = LINE('',#8922,#8923);
#8922 = CARTESIAN_POINT('',(10.,99.,66.));
#8923 = VECTOR('',#8924,1.);
#8924 = DIRECTION('',(1.,0.,0.));
#8925 = ORIENTED_EDGE('',*,*,#8705,.T.);
#8926 = ORIENTED_EDGE('',*,*,#7604,.T.);
#8927 = ORIENTED_EDGE('',*,*,#8928,.T.);
#8928 = EDGE_CURVE('',#7597,#8929,#8931,.T.);
#8929 = VERTEX_POINT('',#8930);
#8930 = CARTESIAN_POINT('',(125.4,99.,66.));
#8931 = LINE('',#8932,#8933);
#8932 = CARTESIAN_POINT('',(10.,99.,66.));
#8933 = VECTOR('',#8934,1.);
#8934 = DIRECTION('',(1.,0.,0.));
#8935 = ORIENTED_EDGE('',*,*,#8936,.T.);
#8936 = EDGE_CURVE('',#8929,#8937,#8939,.T.);
#8937 = VERTEX_POINT('',#8938);
#8938 = CARTESIAN_POINT('',(126.,99.,66.));
#8939 = LINE('',#8940,#8941);
#8940 = CARTESIAN_POINT('',(10.,99.,66.));
#8941 = VECTOR('',#8942,1.);
#8942 = DIRECTION('',(1.,0.,0.));
#8943 = ORIENTED_EDGE('',*,*,#8944,.T.);
#8944 = EDGE_CURVE('',#8937,#8945,#8947,.T.);
#8945 = VERTEX_POINT('',#8946);
#8946 = CARTESIAN_POINT('',(132.,99.,66.));
#8947 = LINE('',#8948,#8949);
#8948 = CARTESIAN_POINT('',(10.,99.,66.));
#8949 = VECTOR('',#8950,1.);
#8950 = DIRECTION('',(1.,0.,0.));
#8951 = ORIENTED_EDGE('',*,*,#8952,.F.);
#8952 = EDGE_CURVE('',#8953,#8945,#8955,.T.);
#8953 = VERTEX_POINT('',#8954);
#8954 = CARTESIAN_POINT('',(132.,100.,65.));
#8955 = CIRCLE('',#8956,1.);
#8956 = AXIS2_PLACEMENT_3D('',#8957,#8958,#8959);
#8957 = CARTESIAN_POINT('',(132.,99.,65.));
#8958 = DIRECTION('',(1.,0.,0.));
#8959 = DIRECTION('',(0.,1.,0.));
#8960 = ORIENTED_EDGE('',*,*,#8961,.F.);
#8961 = EDGE_CURVE('',#8576,#8953,#8962,.T.);
#8962 = LINE('',#8963,#8964);
#8963 = CARTESIAN_POINT('',(10.,100.,65.));
#8964 = VECTOR('',#8965,1.);
#8965 = DIRECTION('',(1.,0.,0.));
#8966 = CYLINDRICAL_SURFACE('',#8967,1.);
#8967 = AXIS2_PLACEMENT_3D('',#8968,#8969,#8970);
#8968 = CARTESIAN_POINT('',(10.,99.,65.));
#8969 = DIRECTION('',(1.,0.,0.));
#8970 = DIRECTION('',(0.,1.,0.));
#8971 = ADVANCED_FACE('',(#8972),#8983,.F.);
#8972 = FACE_BOUND('',#8973,.F.);
#8973 = EDGE_LOOP('',(#8974,#8975,#8976,#8982));
#8974 = ORIENTED_EDGE('',*,*,#7746,.F.);
#8975 = ORIENTED_EDGE('',*,*,#7596,.T.);
#8976 = ORIENTED_EDGE('',*,*,#8977,.T.);
#8977 = EDGE_CURVE('',#7597,#7682,#8978,.T.);
#8978 = LINE('',#8979,#8980);
#8979 = CARTESIAN_POINT('',(119.4,99.,66.));
#8980 = VECTOR('',#8981,1.);
#8981 = DIRECTION('',(0.,0.,1.));
#8982 = ORIENTED_EDGE('',*,*,#7689,.F.);
#8983 = PLANE('',#8984);
#8984 = AXIS2_PLACEMENT_3D('',#8985,#8986,#8987);
#8985 = CARTESIAN_POINT('',(119.4,93.,66.));
#8986 = DIRECTION('',(1.,0.,0.));
#8987 = DIRECTION('',(0.,0.,1.));
#8988 = ADVANCED_FACE('',(#8989),#9000,.T.);
#8989 = FACE_BOUND('',#8990,.T.);
#8990 = EDGE_LOOP('',(#8991,#8992,#8993,#8994));
#8991 = ORIENTED_EDGE('',*,*,#8928,.F.);
#8992 = ORIENTED_EDGE('',*,*,#8977,.T.);
#8993 = ORIENTED_EDGE('',*,*,#7681,.T.);
#8994 = ORIENTED_EDGE('',*,*,#8995,.F.);
#8995 = EDGE_CURVE('',#8929,#7674,#8996,.T.);
#8996 = LINE('',#8997,#8998);
#8997 = CARTESIAN_POINT('',(125.4,99.,66.));
#8998 = VECTOR('',#8999,1.);
#8999 = DIRECTION('',(0.,0.,1.));
#9000 = PLANE('',#9001);
#9001 = AXIS2_PLACEMENT_3D('',#9002,#9003,#9004);
#9002 = CARTESIAN_POINT('',(119.4,99.,66.));
#9003 = DIRECTION('',(0.,1.,0.));
#9004 = DIRECTION('',(0.,0.,1.));
#9005 = ADVANCED_FACE('',(#9006),#9046,.T.);
#9006 = FACE_BOUND('',#9007,.T.);
#9007 = EDGE_LOOP('',(#9008,#9016,#9022,#9023,#9024,#9032,#9040));
#9008 = ORIENTED_EDGE('',*,*,#9009,.F.);
#9009 = EDGE_CURVE('',#9010,#8937,#9012,.T.);
#9010 = VERTEX_POINT('',#9011);
#9011 = CARTESIAN_POINT('',(126.,93.,66.));
#9012 = LINE('',#9013,#9014);
#9013 = CARTESIAN_POINT('',(126.,84.,66.));
#9014 = VECTOR('',#9015,1.);
#9015 = DIRECTION('',(0.,1.,0.));
#9016 = ORIENTED_EDGE('',*,*,#9017,.F.);
#9017 = EDGE_CURVE('',#7658,#9010,#9018,.T.);
#9018 = LINE('',#9019,#9020);
#9019 = CARTESIAN_POINT('',(126.,93.,70.938305237809));
#9020 = VECTOR('',#9021,1.);
#9021 = DIRECTION('',(0.,0.,-1.));
#9022 = ORIENTED_EDGE('',*,*,#7657,.F.);
#9023 = ORIENTED_EDGE('',*,*,#8119,.F.);
#9024 = ORIENTED_EDGE('',*,*,#9025,.T.);
#9025 = EDGE_CURVE('',#8112,#9026,#9028,.T.);
#9026 = VERTEX_POINT('',#9027);
#9027 = CARTESIAN_POINT('',(126.,100.,73.1));
#9028 = LINE('',#9029,#9030);
#9029 = CARTESIAN_POINT('',(126.,83.7,73.1));
#9030 = VECTOR('',#9031,1.);
#9031 = DIRECTION('',(0.,1.,0.));
#9032 = ORIENTED_EDGE('',*,*,#9033,.F.);
#9033 = EDGE_CURVE('',#9034,#9026,#9036,.T.);
#9034 = VERTEX_POINT('',#9035);
#9035 = CARTESIAN_POINT('',(126.,100.,66.));
#9036 = LINE('',#9037,#9038);
#9037 = CARTESIAN_POINT('',(126.,100.,66.));
#9038 = VECTOR('',#9039,1.);
#9039 = DIRECTION('',(0.,0.,1.));
#9040 = ORIENTED_EDGE('',*,*,#9041,.F.);
#9041 = EDGE_CURVE('',#8937,#9034,#9042,.T.);
#9042 = LINE('',#9043,#9044);
#9043 = CARTESIAN_POINT('',(126.,84.,66.));
#9044 = VECTOR('',#9045,1.);
#9045 = DIRECTION('',(0.,1.,0.));
#9046 = PLANE('',#9047);
#9047 = AXIS2_PLACEMENT_3D('',#9048,#9049,#9050);
#9048 = CARTESIAN_POINT('',(126.,38.39373871162,75.876610475617));
#9049 = DIRECTION('',(-1.,-0.,-0.));
#9050 = DIRECTION('',(0.,0.,-1.));
#9051 = ADVANCED_FACE('',(#9052),#9070,.T.);
#9052 = FACE_BOUND('',#9053,.T.);
#9053 = EDGE_LOOP('',(#9054,#9062,#9068,#9069));
#9054 = ORIENTED_EDGE('',*,*,#9055,.F.);
#9055 = EDGE_CURVE('',#9056,#7666,#9058,.T.);
#9056 = VERTEX_POINT('',#9057);
#9057 = CARTESIAN_POINT('',(125.4,93.,66.));
#9058 = LINE('',#9059,#9060);
#9059 = CARTESIAN_POINT('',(125.4,93.,66.));
#9060 = VECTOR('',#9061,1.);
#9061 = DIRECTION('',(0.,0.,1.));
#9062 = ORIENTED_EDGE('',*,*,#9063,.T.);
#9063 = EDGE_CURVE('',#9056,#8929,#9064,.T.);
#9064 = LINE('',#9065,#9066);
#9065 = CARTESIAN_POINT('',(125.4,93.,66.));
#9066 = VECTOR('',#9067,1.);
#9067 = DIRECTION('',(0.,1.,0.));
#9068 = ORIENTED_EDGE('',*,*,#8995,.T.);
#9069 = ORIENTED_EDGE('',*,*,#7673,.F.);
#9070 = PLANE('',#9071);
#9071 = AXIS2_PLACEMENT_3D('',#9072,#9073,#9074);
#9072 = CARTESIAN_POINT('',(125.4,93.,66.));
#9073 = DIRECTION('',(1.,0.,0.));
#9074 = DIRECTION('',(0.,0.,1.));
#9075 = ADVANCED_FACE('',(#9076),#9087,.T.);
#9076 = FACE_BOUND('',#9077,.T.);
#9077 = EDGE_LOOP('',(#9078,#9084,#9085,#9086));
#9078 = ORIENTED_EDGE('',*,*,#9079,.F.);
#9079 = EDGE_CURVE('',#9056,#9010,#9080,.T.);
#9080 = LINE('',#9081,#9082);
#9081 = CARTESIAN_POINT('',(119.6,93.,66.));
#9082 = VECTOR('',#9083,1.);
#9083 = DIRECTION('',(1.,0.,0.));
#9084 = ORIENTED_EDGE('',*,*,#9055,.T.);
#9085 = ORIENTED_EDGE('',*,*,#7665,.T.);
#9086 = ORIENTED_EDGE('',*,*,#9017,.T.);
#9087 = PLANE('',#9088);
#9088 = AXIS2_PLACEMENT_3D('',#9089,#9090,#9091);
#9089 = CARTESIAN_POINT('',(119.6,93.,66.));
#9090 = DIRECTION('',(0.,1.,0.));
#9091 = DIRECTION('',(0.,0.,1.));
#9092 = ADVANCED_FACE('',(#9093),#9118,.T.);
#9093 = FACE_BOUND('',#9094,.T.);
#9094 = EDGE_LOOP('',(#9095,#9105,#9111,#9112));
#9095 = ORIENTED_EDGE('',*,*,#9096,.F.);
#9096 = EDGE_CURVE('',#9097,#9099,#9101,.T.);
#9097 = VERTEX_POINT('',#9098);
#9098 = CARTESIAN_POINT('',(120.9,93.9,61.7));
#9099 = VERTEX_POINT('',#9100);
#9100 = CARTESIAN_POINT('',(124.5,93.9,61.7));
#9101 = LINE('',#9102,#9103);
#9102 = CARTESIAN_POINT('',(120.9,93.9,61.7));
#9103 = VECTOR('',#9104,1.);
#9104 = DIRECTION('',(1.,0.,0.));
#9105 = ORIENTED_EDGE('',*,*,#9106,.T.);
#9106 = EDGE_CURVE('',#9097,#7706,#9107,.T.);
#9107 = LINE('',#9108,#9109);
#9108 = CARTESIAN_POINT('',(120.9,93.9,61.7));
#9109 = VECTOR('',#9110,1.);
#9110 = DIRECTION('',(0.,0.,1.));
#9111 = ORIENTED_EDGE('',*,*,#7705,.T.);
#9112 = ORIENTED_EDGE('',*,*,#9113,.F.);
#9113 = EDGE_CURVE('',#9099,#7708,#9114,.T.);
#9114 = LINE('',#9115,#9116);
#9115 = CARTESIAN_POINT('',(124.5,93.9,61.7));
#9116 = VECTOR('',#9117,1.);
#9117 = DIRECTION('',(0.,0.,1.));
#9118 = PLANE('',#9119);
#9119 = AXIS2_PLACEMENT_3D('',#9120,#9121,#9122);
#9120 = CARTESIAN_POINT('',(120.9,93.9,61.7));
#9121 = DIRECTION('',(0.,1.,0.));
#9122 = DIRECTION('',(0.,0.,1.));
#9123 = ADVANCED_FACE('',(#9124),#9142,.F.);
#9124 = FACE_BOUND('',#9125,.F.);
#9125 = EDGE_LOOP('',(#9126,#9127,#9135,#9141));
#9126 = ORIENTED_EDGE('',*,*,#9113,.F.);
#9127 = ORIENTED_EDGE('',*,*,#9128,.T.);
#9128 = EDGE_CURVE('',#9099,#9129,#9131,.T.);
#9129 = VERTEX_POINT('',#9130);
#9130 = CARTESIAN_POINT('',(124.5,96.9,61.7));
#9131 = LINE('',#9132,#9133);
#9132 = CARTESIAN_POINT('',(124.5,93.9,61.7));
#9133 = VECTOR('',#9134,1.);
#9134 = DIRECTION('',(0.,1.,0.));
#9135 = ORIENTED_EDGE('',*,*,#9136,.T.);
#9136 = EDGE_CURVE('',#9129,#7724,#9137,.T.);
#9137 = LINE('',#9138,#9139);
#9138 = CARTESIAN_POINT('',(124.5,96.9,61.7));
#9139 = VECTOR('',#9140,1.);
#9140 = DIRECTION('',(0.,0.,1.));
#9141 = ORIENTED_EDGE('',*,*,#7731,.F.);
#9142 = PLANE('',#9143);
#9143 = AXIS2_PLACEMENT_3D('',#9144,#9145,#9146);
#9144 = CARTESIAN_POINT('',(124.5,93.9,61.7));
#9145 = DIRECTION('',(1.,0.,0.));
#9146 = DIRECTION('',(0.,0.,1.));
#9147 = ADVANCED_FACE('',(#9148),#9166,.F.);
#9148 = FACE_BOUND('',#9149,.F.);
#9149 = EDGE_LOOP('',(#9150,#9158,#9164,#9165));
#9150 = ORIENTED_EDGE('',*,*,#9151,.F.);
#9151 = EDGE_CURVE('',#9152,#9129,#9154,.T.);
#9152 = VERTEX_POINT('',#9153);
#9153 = CARTESIAN_POINT('',(120.9,96.9,61.7));
#9154 = LINE('',#9155,#9156);
#9155 = CARTESIAN_POINT('',(120.9,96.9,61.7));
#9156 = VECTOR('',#9157,1.);
#9157 = DIRECTION('',(1.,0.,0.));
#9158 = ORIENTED_EDGE('',*,*,#9159,.T.);
#9159 = EDGE_CURVE('',#9152,#7716,#9160,.T.);
#9160 = LINE('',#9161,#9162);
#9161 = CARTESIAN_POINT('',(120.9,96.9,61.7));
#9162 = VECTOR('',#9163,1.);
#9163 = DIRECTION('',(0.,0.,1.));
#9164 = ORIENTED_EDGE('',*,*,#7723,.T.);
#9165 = ORIENTED_EDGE('',*,*,#9136,.F.);
#9166 = PLANE('',#9167);
#9167 = AXIS2_PLACEMENT_3D('',#9168,#9169,#9170);
#9168 = CARTESIAN_POINT('',(120.9,96.9,61.7));
#9169 = DIRECTION('',(0.,1.,0.));
#9170 = DIRECTION('',(0.,0.,1.));
#9171 = ADVANCED_FACE('',(#9172),#9183,.T.);
#9172 = FACE_BOUND('',#9173,.T.);
#9173 = EDGE_LOOP('',(#9174,#9175,#9181,#9182));
#9174 = ORIENTED_EDGE('',*,*,#9106,.F.);
#9175 = ORIENTED_EDGE('',*,*,#9176,.T.);
#9176 = EDGE_CURVE('',#9097,#9152,#9177,.T.);
#9177 = LINE('',#9178,#9179);
#9178 = CARTESIAN_POINT('',(120.9,93.9,61.7));
#9179 = VECTOR('',#9180,1.);
#9180 = DIRECTION('',(0.,1.,0.));
#9181 = ORIENTED_EDGE('',*,*,#9159,.T.);
#9182 = ORIENTED_EDGE('',*,*,#7715,.F.);
#9183 = PLANE('',#9184);
#9184 = AXIS2_PLACEMENT_3D('',#9185,#9186,#9187);
#9185 = CARTESIAN_POINT('',(120.9,93.9,61.7));
#9186 = DIRECTION('',(1.,0.,0.));
#9187 = DIRECTION('',(0.,0.,1.));
#9188 = ADVANCED_FACE('',(#9189),#9200,.T.);
#9189 = FACE_BOUND('',#9190,.T.);
#9190 = EDGE_LOOP('',(#9191,#9197,#9198,#9199));
#9191 = ORIENTED_EDGE('',*,*,#9192,.F.);
#9192 = EDGE_CURVE('',#8836,#8869,#9193,.T.);
#9193 = LINE('',#9194,#9195);
#9194 = CARTESIAN_POINT('',(126.,4.,60.));
#9195 = VECTOR('',#9196,1.);
#9196 = DIRECTION('',(0.,1.,0.));
#9197 = ORIENTED_EDGE('',*,*,#8835,.T.);
#9198 = ORIENTED_EDGE('',*,*,#7771,.T.);
#9199 = ORIENTED_EDGE('',*,*,#8868,.F.);
#9200 = PLANE('',#9201);
#9201 = AXIS2_PLACEMENT_3D('',#9202,#9203,#9204);
#9202 = CARTESIAN_POINT('',(126.,38.39373871162,75.876610475617));
#9203 = DIRECTION('',(-1.,-0.,-0.));
#9204 = DIRECTION('',(0.,0.,-1.));
#9205 = ADVANCED_FACE('',(#9206),#9225,.T.);
#9206 = FACE_BOUND('',#9207,.F.);
#9207 = EDGE_LOOP('',(#9208,#9216,#9223,#9224));
#9208 = ORIENTED_EDGE('',*,*,#9209,.F.);
#9209 = EDGE_CURVE('',#9210,#7794,#9212,.T.);
#9210 = VERTEX_POINT('',#9211);
#9211 = CARTESIAN_POINT('',(142.,10.,61.));
#9212 = LINE('',#9213,#9214);
#9213 = CARTESIAN_POINT('',(142.,10.,60.));
#9214 = VECTOR('',#9215,1.);
#9215 = DIRECTION('',(0.,0.,1.));
#9216 = ORIENTED_EDGE('',*,*,#9217,.T.);
#9217 = EDGE_CURVE('',#9210,#8457,#9218,.T.);
#9218 = CIRCLE('',#9219,10.);
#9219 = AXIS2_PLACEMENT_3D('',#9220,#9221,#9222);
#9220 = CARTESIAN_POINT('',(132.,10.,61.));
#9221 = DIRECTION('',(0.,0.,-1.));
#9222 = DIRECTION('',(1.,0.,0.));
#9223 = ORIENTED_EDGE('',*,*,#8456,.T.);
#9224 = ORIENTED_EDGE('',*,*,#7802,.F.);
#9225 = CYLINDRICAL_SURFACE('',#9226,10.);
#9226 = AXIS2_PLACEMENT_3D('',#9227,#9228,#9229);
#9227 = CARTESIAN_POINT('',(132.,10.,60.));
#9228 = DIRECTION('',(0.,0.,1.));
#9229 = DIRECTION('',(1.,0.,0.));
#9230 = ADVANCED_FACE('',(#9231),#9249,.T.);
#9231 = FACE_BOUND('',#9232,.F.);
#9232 = EDGE_LOOP('',(#9233,#9234,#9241,#9242));
#9233 = ORIENTED_EDGE('',*,*,#8952,.F.);
#9234 = ORIENTED_EDGE('',*,*,#9235,.T.);
#9235 = EDGE_CURVE('',#8953,#7820,#9236,.T.);
#9236 = CIRCLE('',#9237,10.);
#9237 = AXIS2_PLACEMENT_3D('',#9238,#9239,#9240);
#9238 = CARTESIAN_POINT('',(132.,90.,65.));
#9239 = DIRECTION('',(0.,0.,-1.));
#9240 = DIRECTION('',(0.,1.,0.));
#9241 = ORIENTED_EDGE('',*,*,#7819,.T.);
#9242 = ORIENTED_EDGE('',*,*,#9243,.F.);
#9243 = EDGE_CURVE('',#8945,#7822,#9244,.T.);
#9244 = CIRCLE('',#9245,9.);
#9245 = AXIS2_PLACEMENT_3D('',#9246,#9247,#9248);
#9246 = CARTESIAN_POINT('',(132.,90.,66.));
#9247 = DIRECTION('',(0.,0.,-1.));
#9248 = DIRECTION('',(0.,1.,0.));
#9249 = TOROIDAL_SURFACE('',#9250,9.,1.);
#9250 = AXIS2_PLACEMENT_3D('',#9251,#9252,#9253);
#9251 = CARTESIAN_POINT('',(132.,90.,65.));
#9252 = DIRECTION('',(0.,0.,1.));
#9253 = DIRECTION('',(0.,1.,0.));
#9254 = ADVANCED_FACE('',(#9255),#9273,.T.);
#9255 = FACE_BOUND('',#9256,.T.);
#9256 = EDGE_LOOP('',(#9257,#9258,#9266,#9272));
#9257 = ORIENTED_EDGE('',*,*,#9209,.F.);
#9258 = ORIENTED_EDGE('',*,*,#9259,.F.);
#9259 = EDGE_CURVE('',#9260,#9210,#9262,.T.);
#9260 = VERTEX_POINT('',#9261);
#9261 = CARTESIAN_POINT('',(142.,90.,61.));
#9262 = LINE('',#9263,#9264);
#9263 = CARTESIAN_POINT('',(142.,90.,61.));
#9264 = VECTOR('',#9265,1.);
#9265 = DIRECTION('',(-0.,-1.,-0.));
#9266 = ORIENTED_EDGE('',*,*,#9267,.T.);
#9267 = EDGE_CURVE('',#9260,#7820,#9268,.T.);
#9268 = LINE('',#9269,#9270);
#9269 = CARTESIAN_POINT('',(142.,90.,60.));
#9270 = VECTOR('',#9271,1.);
#9271 = DIRECTION('',(0.,0.,1.));
#9272 = ORIENTED_EDGE('',*,*,#7846,.T.);
#9273 = PLANE('',#9274);
#9274 = AXIS2_PLACEMENT_3D('',#9275,#9276,#9277);
#9275 = CARTESIAN_POINT('',(142.,0.,60.));
#9276 = DIRECTION('',(1.,0.,0.));
#9277 = DIRECTION('',(0.,0.,1.));
#9278 = ADVANCED_FACE('',(#9279),#9316,.F.);
#9279 = FACE_BOUND('',#9280,.F.);
#9280 = EDGE_LOOP('',(#9281,#9292,#9298,#9299,#9300,#9301,#9302,#9310));
#9281 = ORIENTED_EDGE('',*,*,#9282,.T.);
#9282 = EDGE_CURVE('',#9283,#9285,#9287,.T.);
#9283 = VERTEX_POINT('',#9284);
#9284 = CARTESIAN_POINT('',(142.,90.,66.));
#9285 = VERTEX_POINT('',#9286);
#9286 = CARTESIAN_POINT('',(132.,100.,66.));
#9287 = CIRCLE('',#9288,10.);
#9288 = AXIS2_PLACEMENT_3D('',#9289,#9290,#9291);
#9289 = CARTESIAN_POINT('',(132.,90.,66.));
#9290 = DIRECTION('',(-0.,0.,1.));
#9291 = DIRECTION('',(0.,-1.,0.));
#9292 = ORIENTED_EDGE('',*,*,#9293,.F.);
#9293 = EDGE_CURVE('',#9034,#9285,#9294,.T.);
#9294 = LINE('',#9295,#9296);
#9295 = CARTESIAN_POINT('',(126.,100.,66.));
#9296 = VECTOR('',#9297,1.);
#9297 = DIRECTION('',(1.,0.,0.));
#9298 = ORIENTED_EDGE('',*,*,#9041,.F.);
#9299 = ORIENTED_EDGE('',*,*,#8944,.T.);
#9300 = ORIENTED_EDGE('',*,*,#9243,.T.);
#9301 = ORIENTED_EDGE('',*,*,#7830,.T.);
#9302 = ORIENTED_EDGE('',*,*,#9303,.T.);
#9303 = EDGE_CURVE('',#7831,#9304,#9306,.T.);
#9304 = VERTEX_POINT('',#9305);
#9305 = CARTESIAN_POINT('',(142.,84.,66.));
#9306 = LINE('',#9307,#9308);
#9307 = CARTESIAN_POINT('',(126.,84.,66.));
#9308 = VECTOR('',#9309,1.);
#9309 = DIRECTION('',(1.,0.,0.));
#9310 = ORIENTED_EDGE('',*,*,#9311,.T.);
#9311 = EDGE_CURVE('',#9304,#9283,#9312,.T.);
#9312 = LINE('',#9313,#9314);
#9313 = CARTESIAN_POINT('',(142.,84.,66.));
#9314 = VECTOR('',#9315,1.);
#9315 = DIRECTION('',(0.,1.,0.));
#9316 = PLANE('',#9317);
#9317 = AXIS2_PLACEMENT_3D('',#9318,#9319,#9320);
#9318 = CARTESIAN_POINT('',(126.,84.,66.));
#9319 = DIRECTION('',(0.,0.,1.));
#9320 = DIRECTION('',(1.,0.,0.));
#9321 = ADVANCED_FACE('',(#9322),#9340,.T.);
#9322 = FACE_BOUND('',#9323,.T.);
#9323 = EDGE_LOOP('',(#9324,#9332,#9333,#9334));
#9324 = ORIENTED_EDGE('',*,*,#9325,.F.);
#9325 = EDGE_CURVE('',#7876,#9326,#9328,.T.);
#9326 = VERTEX_POINT('',#9327);
#9327 = CARTESIAN_POINT('',(130.,84.,66.));
#9328 = LINE('',#9329,#9330);
#9329 = CARTESIAN_POINT('',(130.,0.,66.));
#9330 = VECTOR('',#9331,1.);
#9331 = DIRECTION('',(0.,1.,0.));
#9332 = ORIENTED_EDGE('',*,*,#7875,.T.);
#9333 = ORIENTED_EDGE('',*,*,#7838,.F.);
#9334 = ORIENTED_EDGE('',*,*,#9335,.F.);
#9335 = EDGE_CURVE('',#9326,#7831,#9336,.T.);
#9336 = LINE('',#9337,#9338);
#9337 = CARTESIAN_POINT('',(126.,84.,66.));
#9338 = VECTOR('',#9339,1.);
#9339 = DIRECTION('',(1.,0.,0.));
#9340 = PLANE('',#9341);
#9341 = AXIS2_PLACEMENT_3D('',#9342,#9343,#9344);
#9342 = CARTESIAN_POINT('',(0.,0.,66.));
#9343 = DIRECTION('',(0.,0.,1.));
#9344 = DIRECTION('',(1.,0.,0.));
#9345 = ADVANCED_FACE('',(#9346),#9358,.T.);
#9346 = FACE_BOUND('',#9347,.F.);
#9347 = EDGE_LOOP('',(#9348,#9349,#9350,#9357));
#9348 = ORIENTED_EDGE('',*,*,#7960,.T.);
#9349 = ORIENTED_EDGE('',*,*,#7860,.T.);
#9350 = ORIENTED_EDGE('',*,*,#9351,.T.);
#9351 = EDGE_CURVE('',#7861,#7986,#9352,.T.);
#9352 = ELLIPSE('',#9353,1.414213562373,1.);
#9353 = AXIS2_PLACEMENT_3D('',#9354,#9355,#9356);
#9354 = CARTESIAN_POINT('',(141.,15.,119.));
#9355 = DIRECTION('',(0.707106781187,-0.707106781187,0.));
#9356 = DIRECTION('',(0.707106781187,0.707106781187,0.));
#9357 = ORIENTED_EDGE('',*,*,#7993,.F.);
#9358 = CYLINDRICAL_SURFACE('',#9359,1.);
#9359 = AXIS2_PLACEMENT_3D('',#9360,#9361,#9362);
#9360 = CARTESIAN_POINT('',(126.,15.,119.));
#9361 = DIRECTION('',(1.,0.,0.));
#9362 = DIRECTION('',(0.,0.,1.));
#9363 = ADVANCED_FACE('',(#9364),#9382,.T.);
#9364 = FACE_BOUND('',#9365,.T.);
#9365 = EDGE_LOOP('',(#9366,#9367,#9368,#9376));
#9366 = ORIENTED_EDGE('',*,*,#8144,.F.);
#9367 = ORIENTED_EDGE('',*,*,#7891,.T.);
#9368 = ORIENTED_EDGE('',*,*,#9369,.T.);
#9369 = EDGE_CURVE('',#7884,#9370,#9372,.T.);
#9370 = VERTEX_POINT('',#9371);
#9371 = CARTESIAN_POINT('',(130.,84.,68.));
#9372 = LINE('',#9373,#9374);
#9373 = CARTESIAN_POINT('',(130.,0.,68.));
#9374 = VECTOR('',#9375,1.);
#9375 = DIRECTION('',(0.,1.,0.));
#9376 = ORIENTED_EDGE('',*,*,#9377,.F.);
#9377 = EDGE_CURVE('',#8145,#9370,#9378,.T.);
#9378 = LINE('',#9379,#9380);
#9379 = CARTESIAN_POINT('',(122.8,84.,68.));
#9380 = VECTOR('',#9381,1.);
#9381 = DIRECTION('',(1.,0.,0.));
#9382 = PLANE('',#9383);
#9383 = AXIS2_PLACEMENT_3D('',#9384,#9385,#9386);
#9384 = CARTESIAN_POINT('',(119.6,0.,68.));
#9385 = DIRECTION('',(0.,0.,1.));
#9386 = DIRECTION('',(1.,0.,0.));
#9387 = ADVANCED_FACE('',(#9388),#9399,.T.);
#9388 = FACE_BOUND('',#9389,.T.);
#9389 = EDGE_LOOP('',(#9390,#9391,#9392,#9393));
#9390 = ORIENTED_EDGE('',*,*,#9369,.F.);
#9391 = ORIENTED_EDGE('',*,*,#7883,.T.);
#9392 = ORIENTED_EDGE('',*,*,#9325,.T.);
#9393 = ORIENTED_EDGE('',*,*,#9394,.F.);
#9394 = EDGE_CURVE('',#9370,#9326,#9395,.T.);
#9395 = LINE('',#9396,#9397);
#9396 = CARTESIAN_POINT('',(130.,84.,66.));
#9397 = VECTOR('',#9398,1.);
#9398 = DIRECTION('',(0.,0.,-1.));
#9399 = PLANE('',#9400);
#9400 = AXIS2_PLACEMENT_3D('',#9401,#9402,#9403);
#9401 = CARTESIAN_POINT('',(130.,0.,66.));
#9402 = DIRECTION('',(1.,0.,0.));
#9403 = DIRECTION('',(0.,0.,1.));
#9404 = ADVANCED_FACE('',(#9405),#9411,.T.);
#9405 = FACE_BOUND('',#9406,.F.);
#9406 = EDGE_LOOP('',(#9407,#9408,#9409,#9410));
#9407 = ORIENTED_EDGE('',*,*,#7934,.T.);
#9408 = ORIENTED_EDGE('',*,*,#7985,.T.);
#9409 = ORIENTED_EDGE('',*,*,#9351,.F.);
#9410 = ORIENTED_EDGE('',*,*,#7918,.F.);
#9411 = CYLINDRICAL_SURFACE('',#9412,1.);
#9412 = AXIS2_PLACEMENT_3D('',#9413,#9414,#9415);
#9413 = CARTESIAN_POINT('',(141.,10.,119.));
#9414 = DIRECTION('',(0.,1.,0.));
#9415 = DIRECTION('',(1.,0.,0.));
#9416 = ADVANCED_FACE('',(#9417),#9436,.T.);
#9417 = FACE_BOUND('',#9418,.F.);
#9418 = EDGE_LOOP('',(#9419,#9427,#9434,#9435));
#9419 = ORIENTED_EDGE('',*,*,#9420,.T.);
#9420 = EDGE_CURVE('',#8003,#9421,#9423,.T.);
#9421 = VERTEX_POINT('',#9422);
#9422 = CARTESIAN_POINT('',(137.4,8.,124.9));
#9423 = LINE('',#9424,#9425);
#9424 = CARTESIAN_POINT('',(137.4,8.,120.));
#9425 = VECTOR('',#9426,1.);
#9426 = DIRECTION('',(0.,0.,1.));
#9427 = ORIENTED_EDGE('',*,*,#9428,.T.);
#9428 = EDGE_CURVE('',#9421,#9421,#9429,.T.);
#9429 = CIRCLE('',#9430,3.4);
#9430 = AXIS2_PLACEMENT_3D('',#9431,#9432,#9433);
#9431 = CARTESIAN_POINT('',(134.,8.,124.9));
#9432 = DIRECTION('',(0.,0.,1.));
#9433 = DIRECTION('',(1.,0.,0.));
#9434 = ORIENTED_EDGE('',*,*,#9420,.F.);
#9435 = ORIENTED_EDGE('',*,*,#8002,.F.);
#9436 = CYLINDRICAL_SURFACE('',#9437,3.4);
#9437 = AXIS2_PLACEMENT_3D('',#9438,#9439,#9440);
#9438 = CARTESIAN_POINT('',(134.,8.,120.));
#9439 = DIRECTION('',(-0.,-0.,-1.));
#9440 = DIRECTION('',(1.,0.,0.));
#9441 = ADVANCED_FACE('',(#9442),#9469,.T.);
#9442 = FACE_BOUND('',#9443,.T.);
#9443 = EDGE_LOOP('',(#9444,#9445,#9446,#9447,#9455,#9463));
#9444 = ORIENTED_EDGE('',*,*,#9025,.F.);
#9445 = ORIENTED_EDGE('',*,*,#8111,.F.);
#9446 = ORIENTED_EDGE('',*,*,#8160,.F.);
#9447 = ORIENTED_EDGE('',*,*,#9448,.T.);
#9448 = EDGE_CURVE('',#8153,#9449,#9451,.T.);
#9449 = VERTEX_POINT('',#9450);
#9450 = CARTESIAN_POINT('',(129.,84.,73.1));
#9451 = LINE('',#9452,#9453);
#9452 = CARTESIAN_POINT('',(125.7,84.,73.1));
#9453 = VECTOR('',#9454,1.);
#9454 = DIRECTION('',(1.,0.,0.));
#9455 = ORIENTED_EDGE('',*,*,#9456,.T.);
#9456 = EDGE_CURVE('',#9449,#9457,#9459,.T.);
#9457 = VERTEX_POINT('',#9458);
#9458 = CARTESIAN_POINT('',(129.,100.,73.1));
#9459 = LINE('',#9460,#9461);
#9460 = CARTESIAN_POINT('',(129.,83.7,73.1));
#9461 = VECTOR('',#9462,1.);
#9462 = DIRECTION('',(0.,1.,0.));
#9463 = ORIENTED_EDGE('',*,*,#9464,.F.);
#9464 = EDGE_CURVE('',#9026,#9457,#9465,.T.);
#9465 = LINE('',#9466,#9467);
#9466 = CARTESIAN_POINT('',(125.7,100.,73.1));
#9467 = VECTOR('',#9468,1.);
#9468 = DIRECTION('',(1.,0.,0.));
#9469 = PLANE('',#9470);
#9470 = AXIS2_PLACEMENT_3D('',#9471,#9472,#9473);
#9471 = CARTESIAN_POINT('',(125.7,83.7,73.1));
#9472 = DIRECTION('',(0.,0.,1.));
#9473 = DIRECTION('',(1.,0.,0.));
#9474 = ADVANCED_FACE('',(#9475),#9539,.F.);
#9475 = FACE_BOUND('',#9476,.F.);
#9476 = EDGE_LOOP('',(#9477,#9487,#9495,#9501,#9502,#9503,#9504,#9505,
    #9506,#9507,#9516,#9524,#9533));
#9477 = ORIENTED_EDGE('',*,*,#9478,.T.);
#9478 = EDGE_CURVE('',#9479,#9481,#9483,.T.);
#9479 = VERTEX_POINT('',#9480);
#9480 = CARTESIAN_POINT('',(126.,84.,79.7));
#9481 = VERTEX_POINT('',#9482);
#9482 = CARTESIAN_POINT('',(126.,84.,119.));
#9483 = LINE('',#9484,#9485);
#9484 = CARTESIAN_POINT('',(126.,84.,66.));
#9485 = VECTOR('',#9486,1.);
#9486 = DIRECTION('',(0.,0.,1.));
#9487 = ORIENTED_EDGE('',*,*,#9488,.T.);
#9488 = EDGE_CURVE('',#9481,#9489,#9491,.T.);
#9489 = VERTEX_POINT('',#9490);
#9490 = CARTESIAN_POINT('',(142.,84.,119.));
#9491 = LINE('',#9492,#9493);
#9492 = CARTESIAN_POINT('',(126.,84.,119.));
#9493 = VECTOR('',#9494,1.);
#9494 = DIRECTION('',(1.,0.,0.));
#9495 = ORIENTED_EDGE('',*,*,#9496,.F.);
#9496 = EDGE_CURVE('',#9304,#9489,#9497,.T.);
#9497 = LINE('',#9498,#9499);
#9498 = CARTESIAN_POINT('',(142.,84.,66.));
#9499 = VECTOR('',#9500,1.);
#9500 = DIRECTION('',(0.,0.,1.));
#9501 = ORIENTED_EDGE('',*,*,#9303,.F.);
#9502 = ORIENTED_EDGE('',*,*,#9335,.F.);
#9503 = ORIENTED_EDGE('',*,*,#9394,.F.);
#9504 = ORIENTED_EDGE('',*,*,#9377,.F.);
#9505 = ORIENTED_EDGE('',*,*,#8152,.F.);
#9506 = ORIENTED_EDGE('',*,*,#9448,.T.);
#9507 = ORIENTED_EDGE('',*,*,#9508,.T.);
#9508 = EDGE_CURVE('',#9449,#9509,#9511,.T.);
#9509 = VERTEX_POINT('',#9510);
#9510 = CARTESIAN_POINT('',(129.3,84.,73.4));
#9511 = CIRCLE('',#9512,0.3);
#9512 = AXIS2_PLACEMENT_3D('',#9513,#9514,#9515);
#9513 = CARTESIAN_POINT('',(129.,84.,73.4));
#9514 = DIRECTION('',(0.,-1.,0.));
#9515 = DIRECTION('',(1.,0.,0.));
#9516 = ORIENTED_EDGE('',*,*,#9517,.T.);
#9517 = EDGE_CURVE('',#9509,#9518,#9520,.T.);
#9518 = VERTEX_POINT('',#9519);
#9519 = CARTESIAN_POINT('',(129.3,84.,79.4));
#9520 = LINE('',#9521,#9522);
#9521 = CARTESIAN_POINT('',(129.3,84.,73.1));
#9522 = VECTOR('',#9523,1.);
#9523 = DIRECTION('',(0.,0.,1.));
#9524 = ORIENTED_EDGE('',*,*,#9525,.F.);
#9525 = EDGE_CURVE('',#9526,#9518,#9528,.T.);
#9526 = VERTEX_POINT('',#9527);
#9527 = CARTESIAN_POINT('',(129.,84.,79.7));
#9528 = CIRCLE('',#9529,0.3);
#9529 = AXIS2_PLACEMENT_3D('',#9530,#9531,#9532);
#9530 = CARTESIAN_POINT('',(129.,84.,79.4));
#9531 = DIRECTION('',(-0.,1.,0.));
#9532 = DIRECTION('',(1.,0.,0.));
#9533 = ORIENTED_EDGE('',*,*,#9534,.F.);
#9534 = EDGE_CURVE('',#9479,#9526,#9535,.T.);
#9535 = LINE('',#9536,#9537);
#9536 = CARTESIAN_POINT('',(125.7,84.,79.7));
#9537 = VECTOR('',#9538,1.);
#9538 = DIRECTION('',(1.,0.,0.));
#9539 = PLANE('',#9540);
#9540 = AXIS2_PLACEMENT_3D('',#9541,#9542,#9543);
#9541 = CARTESIAN_POINT('',(126.,84.,66.));
#9542 = DIRECTION('',(0.,1.,0.));
#9543 = DIRECTION('',(0.,0.,1.));
#9544 = ADVANCED_FACE('',(#9545),#9572,.T.);
#9545 = FACE_BOUND('',#9546,.T.);
#9546 = EDGE_LOOP('',(#9547,#9557,#9563,#9564,#9565,#9566));
#9547 = ORIENTED_EDGE('',*,*,#9548,.F.);
#9548 = EDGE_CURVE('',#9549,#9551,#9553,.T.);
#9549 = VERTEX_POINT('',#9550);
#9550 = CARTESIAN_POINT('',(13.,84.,73.1));
#9551 = VERTEX_POINT('',#9552);
#9552 = CARTESIAN_POINT('',(13.,100.,73.1));
#9553 = LINE('',#9554,#9555);
#9554 = CARTESIAN_POINT('',(13.,83.7,73.1));
#9555 = VECTOR('',#9556,1.);
#9556 = DIRECTION('',(0.,1.,0.));
#9557 = ORIENTED_EDGE('',*,*,#9558,.T.);
#9558 = EDGE_CURVE('',#9549,#8316,#9559,.T.);
#9559 = LINE('',#9560,#9561);
#9560 = CARTESIAN_POINT('',(12.7,84.,73.1));
#9561 = VECTOR('',#9562,1.);
#9562 = DIRECTION('',(1.,0.,0.));
#9563 = ORIENTED_EDGE('',*,*,#8315,.T.);
#9564 = ORIENTED_EDGE('',*,*,#8252,.F.);
#9565 = ORIENTED_EDGE('',*,*,#8665,.T.);
#9566 = ORIENTED_EDGE('',*,*,#9567,.F.);
#9567 = EDGE_CURVE('',#9551,#8658,#9568,.T.);
#9568 = LINE('',#9569,#9570);
#9569 = CARTESIAN_POINT('',(12.7,100.,73.1));
#9570 = VECTOR('',#9571,1.);
#9571 = DIRECTION('',(1.,0.,0.));
#9572 = PLANE('',#9573);
#9573 = AXIS2_PLACEMENT_3D('',#9574,#9575,#9576);
#9574 = CARTESIAN_POINT('',(12.7,83.7,73.1));
#9575 = DIRECTION('',(0.,0.,1.));
#9576 = DIRECTION('',(1.,0.,0.));
#9577 = ADVANCED_FACE('',(#9578),#9642,.F.);
#9578 = FACE_BOUND('',#9579,.F.);
#9579 = EDGE_LOOP('',(#9580,#9581,#9582,#9583,#9591,#9599,#9607,#9615,
    #9624,#9632,#9639,#9640,#9641));
#9580 = ORIENTED_EDGE('',*,*,#8399,.T.);
#9581 = ORIENTED_EDGE('',*,*,#8433,.F.);
#9582 = ORIENTED_EDGE('',*,*,#8528,.F.);
#9583 = ORIENTED_EDGE('',*,*,#9584,.T.);
#9584 = EDGE_CURVE('',#8521,#9585,#9587,.T.);
#9585 = VERTEX_POINT('',#9586);
#9586 = CARTESIAN_POINT('',(0.,84.,119.));
#9587 = LINE('',#9588,#9589);
#9588 = CARTESIAN_POINT('',(0.,84.,66.));
#9589 = VECTOR('',#9590,1.);
#9590 = DIRECTION('',(0.,0.,1.));
#9591 = ORIENTED_EDGE('',*,*,#9592,.T.);
#9592 = EDGE_CURVE('',#9585,#9593,#9595,.T.);
#9593 = VERTEX_POINT('',#9594);
#9594 = CARTESIAN_POINT('',(16.,84.,119.));
#9595 = LINE('',#9596,#9597);
#9596 = CARTESIAN_POINT('',(0.,84.,119.));
#9597 = VECTOR('',#9598,1.);
#9598 = DIRECTION('',(1.,0.,0.));
#9599 = ORIENTED_EDGE('',*,*,#9600,.F.);
#9600 = EDGE_CURVE('',#9601,#9593,#9603,.T.);
#9601 = VERTEX_POINT('',#9602);
#9602 = CARTESIAN_POINT('',(16.,84.,79.7));
#9603 = LINE('',#9604,#9605);
#9604 = CARTESIAN_POINT('',(16.,84.,66.));
#9605 = VECTOR('',#9606,1.);
#9606 = DIRECTION('',(0.,0.,1.));
#9607 = ORIENTED_EDGE('',*,*,#9608,.F.);
#9608 = EDGE_CURVE('',#9609,#9601,#9611,.T.);
#9609 = VERTEX_POINT('',#9610);
#9610 = CARTESIAN_POINT('',(13.,84.,79.7));
#9611 = LINE('',#9612,#9613);
#9612 = CARTESIAN_POINT('',(12.7,84.,79.7));
#9613 = VECTOR('',#9614,1.);
#9614 = DIRECTION('',(1.,0.,0.));
#9615 = ORIENTED_EDGE('',*,*,#9616,.T.);
#9616 = EDGE_CURVE('',#9609,#9617,#9619,.T.);
#9617 = VERTEX_POINT('',#9618);
#9618 = CARTESIAN_POINT('',(12.7,84.,79.4));
#9619 = CIRCLE('',#9620,0.3);
#9620 = AXIS2_PLACEMENT_3D('',#9621,#9622,#9623);
#9621 = CARTESIAN_POINT('',(13.,84.,79.4));
#9622 = DIRECTION('',(0.,-1.,0.));
#9623 = DIRECTION('',(-1.,0.,0.));
#9624 = ORIENTED_EDGE('',*,*,#9625,.F.);
#9625 = EDGE_CURVE('',#9626,#9617,#9628,.T.);
#9626 = VERTEX_POINT('',#9627);
#9627 = CARTESIAN_POINT('',(12.7,84.,73.4));
#9628 = LINE('',#9629,#9630);
#9629 = CARTESIAN_POINT('',(12.7,84.,73.1));
#9630 = VECTOR('',#9631,1.);
#9631 = DIRECTION('',(0.,0.,1.));
#9632 = ORIENTED_EDGE('',*,*,#9633,.F.);
#9633 = EDGE_CURVE('',#9549,#9626,#9634,.T.);
#9634 = CIRCLE('',#9635,0.3);
#9635 = AXIS2_PLACEMENT_3D('',#9636,#9637,#9638);
#9636 = CARTESIAN_POINT('',(13.,84.,73.4));
#9637 = DIRECTION('',(0.,1.,-0.));
#9638 = DIRECTION('',(-1.,0.,0.));
#9639 = ORIENTED_EDGE('',*,*,#9558,.T.);
#9640 = ORIENTED_EDGE('',*,*,#8323,.T.);
#9641 = ORIENTED_EDGE('',*,*,#8416,.F.);
#9642 = PLANE('',#9643);
#9643 = AXIS2_PLACEMENT_3D('',#9644,#9645,#9646);
#9644 = CARTESIAN_POINT('',(0.,84.,66.));
#9645 = DIRECTION('',(0.,1.,0.));
#9646 = DIRECTION('',(0.,0.,1.));
#9647 = ADVANCED_FACE('',(#9648),#9651,.T.);
#9648 = FACE_BOUND('',#9649,.T.);
#9649 = EDGE_LOOP('',(#9650));
#9650 = ORIENTED_EDGE('',*,*,#8367,.T.);
#9651 = PLANE('',#9652);
#9652 = AXIS2_PLACEMENT_3D('',#9653,#9654,#9655);
#9653 = CARTESIAN_POINT('',(8.,8.,125.5));
#9654 = DIRECTION('',(0.,0.,1.));
#9655 = DIRECTION('',(1.,0.,0.));
#9656 = ADVANCED_FACE('',(#9657),#9684,.T.);
#9657 = FACE_BOUND('',#9658,.F.);
#9658 = EDGE_LOOP('',(#9659,#9668,#9676,#9683));
#9659 = ORIENTED_EDGE('',*,*,#9660,.T.);
#9660 = EDGE_CURVE('',#8457,#9661,#9663,.T.);
#9661 = VERTEX_POINT('',#9662);
#9662 = CARTESIAN_POINT('',(132.,1.,60.));
#9663 = CIRCLE('',#9664,1.);
#9664 = AXIS2_PLACEMENT_3D('',#9665,#9666,#9667);
#9665 = CARTESIAN_POINT('',(132.,1.,61.));
#9666 = DIRECTION('',(1.,6.E-17,0.));
#9667 = DIRECTION('',(6.E-17,-1.,0.));
#9668 = ORIENTED_EDGE('',*,*,#9669,.T.);
#9669 = EDGE_CURVE('',#9661,#9670,#9672,.T.);
#9670 = VERTEX_POINT('',#9671);
#9671 = CARTESIAN_POINT('',(10.,1.,60.));
#9672 = LINE('',#9673,#9674);
#9673 = CARTESIAN_POINT('',(132.,1.,60.));
#9674 = VECTOR('',#9675,1.);
#9675 = DIRECTION('',(-1.,-0.,-0.));
#9676 = ORIENTED_EDGE('',*,*,#9677,.F.);
#9677 = EDGE_CURVE('',#8448,#9670,#9678,.T.);
#9678 = CIRCLE('',#9679,1.);
#9679 = AXIS2_PLACEMENT_3D('',#9680,#9681,#9682);
#9680 = CARTESIAN_POINT('',(10.,1.,61.));
#9681 = DIRECTION('',(1.,0.,0.));
#9682 = DIRECTION('',(0.,-1.,0.));
#9683 = ORIENTED_EDGE('',*,*,#8464,.F.);
#9684 = CYLINDRICAL_SURFACE('',#9685,1.);
#9685 = AXIS2_PLACEMENT_3D('',#9686,#9687,#9688);
#9686 = CARTESIAN_POINT('',(132.,1.,61.));
#9687 = DIRECTION('',(-1.,-0.,-0.));
#9688 = DIRECTION('',(0.,-1.,0.));
#9689 = ADVANCED_FACE('',(#9690),#9717,.T.);
#9690 = FACE_BOUND('',#9691,.F.);
#9691 = EDGE_LOOP('',(#9692,#9701,#9709,#9716));
#9692 = ORIENTED_EDGE('',*,*,#9693,.T.);
#9693 = EDGE_CURVE('',#8479,#9694,#9696,.T.);
#9694 = VERTEX_POINT('',#9695);
#9695 = CARTESIAN_POINT('',(1.,10.,60.));
#9696 = CIRCLE('',#9697,1.);
#9697 = AXIS2_PLACEMENT_3D('',#9698,#9699,#9700);
#9698 = CARTESIAN_POINT('',(1.,10.,61.));
#9699 = DIRECTION('',(-0.,-1.,-0.));
#9700 = DIRECTION('',(-1.,0.,0.));
#9701 = ORIENTED_EDGE('',*,*,#9702,.T.);
#9702 = EDGE_CURVE('',#9694,#9703,#9705,.T.);
#9703 = VERTEX_POINT('',#9704);
#9704 = CARTESIAN_POINT('',(1.,90.,60.));
#9705 = LINE('',#9706,#9707);
#9706 = CARTESIAN_POINT('',(1.,10.,60.));
#9707 = VECTOR('',#9708,1.);
#9708 = DIRECTION('',(0.,1.,0.));
#9709 = ORIENTED_EDGE('',*,*,#9710,.F.);
#9710 = EDGE_CURVE('',#8487,#9703,#9711,.T.);
#9711 = CIRCLE('',#9712,1.);
#9712 = AXIS2_PLACEMENT_3D('',#9713,#9714,#9715);
#9713 = CARTESIAN_POINT('',(1.,90.,61.));
#9714 = DIRECTION('',(-0.,-1.,-0.));
#9715 = DIRECTION('',(-1.,0.,0.));
#9716 = ORIENTED_EDGE('',*,*,#8486,.F.);
#9717 = CYLINDRICAL_SURFACE('',#9718,1.);
#9718 = AXIS2_PLACEMENT_3D('',#9719,#9720,#9721);
#9719 = CARTESIAN_POINT('',(1.,10.,61.));
#9720 = DIRECTION('',(0.,1.,0.));
#9721 = DIRECTION('',(-1.,0.,0.));
#9722 = ADVANCED_FACE('',(#9723),#9742,.T.);
#9723 = FACE_BOUND('',#9724,.F.);
#9724 = EDGE_LOOP('',(#9725,#9726,#9735,#9741));
#9725 = ORIENTED_EDGE('',*,*,#8494,.F.);
#9726 = ORIENTED_EDGE('',*,*,#9727,.T.);
#9727 = EDGE_CURVE('',#8487,#9728,#9730,.T.);
#9728 = VERTEX_POINT('',#9729);
#9729 = CARTESIAN_POINT('',(10.,100.,61.));
#9730 = CIRCLE('',#9731,10.);
#9731 = AXIS2_PLACEMENT_3D('',#9732,#9733,#9734);
#9732 = CARTESIAN_POINT('',(10.,90.,61.));
#9733 = DIRECTION('',(0.,0.,-1.));
#9734 = DIRECTION('',(-1.,0.,0.));
#9735 = ORIENTED_EDGE('',*,*,#9736,.T.);
#9736 = EDGE_CURVE('',#9728,#8576,#9737,.T.);
#9737 = LINE('',#9738,#9739);
#9738 = CARTESIAN_POINT('',(10.,100.,60.));
#9739 = VECTOR('',#9740,1.);
#9740 = DIRECTION('',(0.,0.,1.));
#9741 = ORIENTED_EDGE('',*,*,#8575,.F.);
#9742 = CYLINDRICAL_SURFACE('',#9743,10.);
#9743 = AXIS2_PLACEMENT_3D('',#9744,#9745,#9746);
#9744 = CARTESIAN_POINT('',(10.,90.,60.));
#9745 = DIRECTION('',(0.,0.,1.));
#9746 = DIRECTION('',(-1.,0.,0.));
#9747 = ADVANCED_FACE('',(#9748),#9774,.T.);
#9748 = FACE_BOUND('',#9749,.F.);
#9749 = EDGE_LOOP('',(#9750,#9758,#9759,#9767));
#9750 = ORIENTED_EDGE('',*,*,#9751,.F.);
#9751 = EDGE_CURVE('',#8510,#9752,#9754,.T.);
#9752 = VERTEX_POINT('',#9753);
#9753 = CARTESIAN_POINT('',(0.,90.,119.));
#9754 = LINE('',#9755,#9756);
#9755 = CARTESIAN_POINT('',(-1.78E-15,90.,66.));
#9756 = VECTOR('',#9757,1.);
#9757 = DIRECTION('',(0.,0.,1.));
#9758 = ORIENTED_EDGE('',*,*,#8509,.T.);
#9759 = ORIENTED_EDGE('',*,*,#9760,.T.);
#9760 = EDGE_CURVE('',#8512,#9761,#9763,.T.);
#9761 = VERTEX_POINT('',#9762);
#9762 = CARTESIAN_POINT('',(10.,100.,119.));
#9763 = LINE('',#9764,#9765);
#9764 = CARTESIAN_POINT('',(10.,100.,66.));
#9765 = VECTOR('',#9766,1.);
#9766 = DIRECTION('',(0.,0.,1.));
#9767 = ORIENTED_EDGE('',*,*,#9768,.F.);
#9768 = EDGE_CURVE('',#9752,#9761,#9769,.T.);
#9769 = CIRCLE('',#9770,10.);
#9770 = AXIS2_PLACEMENT_3D('',#9771,#9772,#9773);
#9771 = CARTESIAN_POINT('',(10.,90.,119.));
#9772 = DIRECTION('',(0.,0.,-1.));
#9773 = DIRECTION('',(-1.,0.,0.));
#9774 = CYLINDRICAL_SURFACE('',#9775,10.);
#9775 = AXIS2_PLACEMENT_3D('',#9776,#9777,#9778);
#9776 = CARTESIAN_POINT('',(10.,90.,66.));
#9777 = DIRECTION('',(0.,0.,1.));
#9778 = DIRECTION('',(-1.,0.,0.));
#9779 = ADVANCED_FACE('',(#9780),#9834,.T.);
#9780 = FACE_BOUND('',#9781,.T.);
#9781 = EDGE_LOOP('',(#9782,#9783,#9791,#9799,#9807,#9816,#9824,#9831,
    #9832,#9833));
#9782 = ORIENTED_EDGE('',*,*,#9760,.T.);
#9783 = ORIENTED_EDGE('',*,*,#9784,.T.);
#9784 = EDGE_CURVE('',#9761,#9785,#9787,.T.);
#9785 = VERTEX_POINT('',#9786);
#9786 = CARTESIAN_POINT('',(16.,100.,119.));
#9787 = LINE('',#9788,#9789);
#9788 = CARTESIAN_POINT('',(10.,100.,119.));
#9789 = VECTOR('',#9790,1.);
#9790 = DIRECTION('',(1.,0.,0.));
#9791 = ORIENTED_EDGE('',*,*,#9792,.F.);
#9792 = EDGE_CURVE('',#9793,#9785,#9795,.T.);
#9793 = VERTEX_POINT('',#9794);
#9794 = CARTESIAN_POINT('',(16.,100.,79.7));
#9795 = LINE('',#9796,#9797);
#9796 = CARTESIAN_POINT('',(16.,100.,66.));
#9797 = VECTOR('',#9798,1.);
#9798 = DIRECTION('',(0.,0.,1.));
#9799 = ORIENTED_EDGE('',*,*,#9800,.F.);
#9800 = EDGE_CURVE('',#9801,#9793,#9803,.T.);
#9801 = VERTEX_POINT('',#9802);
#9802 = CARTESIAN_POINT('',(13.,100.,79.7));
#9803 = LINE('',#9804,#9805);
#9804 = CARTESIAN_POINT('',(12.7,100.,79.7));
#9805 = VECTOR('',#9806,1.);
#9806 = DIRECTION('',(1.,0.,0.));
#9807 = ORIENTED_EDGE('',*,*,#9808,.F.);
#9808 = EDGE_CURVE('',#9809,#9801,#9811,.T.);
#9809 = VERTEX_POINT('',#9810);
#9810 = CARTESIAN_POINT('',(12.7,100.,79.4));
#9811 = CIRCLE('',#9812,0.3);
#9812 = AXIS2_PLACEMENT_3D('',#9813,#9814,#9815);
#9813 = CARTESIAN_POINT('',(13.,100.,79.4));
#9814 = DIRECTION('',(0.,1.,-0.));
#9815 = DIRECTION('',(-1.,0.,0.));
#9816 = ORIENTED_EDGE('',*,*,#9817,.F.);
#9817 = EDGE_CURVE('',#9818,#9809,#9820,.T.);
#9818 = VERTEX_POINT('',#9819);
#9819 = CARTESIAN_POINT('',(12.7,100.,73.4));
#9820 = LINE('',#9821,#9822);
#9821 = CARTESIAN_POINT('',(12.7,100.,73.1));
#9822 = VECTOR('',#9823,1.);
#9823 = DIRECTION('',(0.,0.,1.));
#9824 = ORIENTED_EDGE('',*,*,#9825,.F.);
#9825 = EDGE_CURVE('',#9551,#9818,#9826,.T.);
#9826 = CIRCLE('',#9827,0.3);
#9827 = AXIS2_PLACEMENT_3D('',#9828,#9829,#9830);
#9828 = CARTESIAN_POINT('',(13.,100.,73.4));
#9829 = DIRECTION('',(0.,1.,-0.));
#9830 = DIRECTION('',(-1.,0.,0.));
#9831 = ORIENTED_EDGE('',*,*,#9567,.T.);
#9832 = ORIENTED_EDGE('',*,*,#8657,.F.);
#9833 = ORIENTED_EDGE('',*,*,#8560,.F.);
#9834 = PLANE('',#9835);
#9835 = AXIS2_PLACEMENT_3D('',#9836,#9837,#9838);
#9836 = CARTESIAN_POINT('',(0.,100.,66.));
#9837 = DIRECTION('',(0.,1.,0.));
#9838 = DIRECTION('',(0.,0.,1.));
#9839 = ADVANCED_FACE('',(#9840),#9851,.F.);
#9840 = FACE_BOUND('',#9841,.F.);
#9841 = EDGE_LOOP('',(#9842,#9843,#9849,#9850));
#9842 = ORIENTED_EDGE('',*,*,#9751,.T.);
#9843 = ORIENTED_EDGE('',*,*,#9844,.F.);
#9844 = EDGE_CURVE('',#9585,#9752,#9845,.T.);
#9845 = LINE('',#9846,#9847);
#9846 = CARTESIAN_POINT('',(-2.2E-16,84.,119.));
#9847 = VECTOR('',#9848,1.);
#9848 = DIRECTION('',(0.,1.,0.));
#9849 = ORIENTED_EDGE('',*,*,#9584,.F.);
#9850 = ORIENTED_EDGE('',*,*,#8520,.T.);
#9851 = PLANE('',#9852);
#9852 = AXIS2_PLACEMENT_3D('',#9853,#9854,#9855);
#9853 = CARTESIAN_POINT('',(0.,84.,66.));
#9854 = DIRECTION('',(1.,0.,0.));
#9855 = DIRECTION('',(0.,0.,1.));
#9856 = ADVANCED_FACE('',(#9857),#9869,.T.);
#9857 = FACE_BOUND('',#9858,.T.);
#9858 = EDGE_LOOP('',(#9859,#9860,#9861,#9862));
#9859 = ORIENTED_EDGE('',*,*,#9677,.F.);
#9860 = ORIENTED_EDGE('',*,*,#8601,.T.);
#9861 = ORIENTED_EDGE('',*,*,#9693,.T.);
#9862 = ORIENTED_EDGE('',*,*,#9863,.F.);
#9863 = EDGE_CURVE('',#9670,#9694,#9864,.T.);
#9864 = CIRCLE('',#9865,9.);
#9865 = AXIS2_PLACEMENT_3D('',#9866,#9867,#9868);
#9866 = CARTESIAN_POINT('',(10.,10.,60.));
#9867 = DIRECTION('',(-0.,0.,-1.));
#9868 = DIRECTION('',(-1.8E-16,-1.,0.));
#9869 = TOROIDAL_SURFACE('',#9870,9.,1.);
#9870 = AXIS2_PLACEMENT_3D('',#9871,#9872,#9873);
#9871 = CARTESIAN_POINT('',(10.,10.,61.));
#9872 = DIRECTION('',(-0.,-0.,-1.));
#9873 = DIRECTION('',(-1.8E-16,-1.,0.));
#9874 = ADVANCED_FACE('',(#9875),#9881,.T.);
#9875 = FACE_BOUND('',#9876,.T.);
#9876 = EDGE_LOOP('',(#9877,#9878,#9879,#9880));
#9877 = ORIENTED_EDGE('',*,*,#8650,.F.);
#9878 = ORIENTED_EDGE('',*,*,#8626,.T.);
#9879 = ORIENTED_EDGE('',*,*,#8682,.T.);
#9880 = ORIENTED_EDGE('',*,*,#8920,.F.);
#9881 = PLANE('',#9882);
#9882 = AXIS2_PLACEMENT_3D('',#9883,#9884,#9885);
#9883 = CARTESIAN_POINT('',(0.,0.,66.));
#9884 = DIRECTION('',(0.,0.,1.));
#9885 = DIRECTION('',(1.,0.,0.));
#9886 = ADVANCED_FACE('',(#9887),#9893,.T.);
#9887 = FACE_BOUND('',#9888,.T.);
#9888 = EDGE_LOOP('',(#9889,#9890,#9891,#9892));
#9889 = ORIENTED_EDGE('',*,*,#8819,.F.);
#9890 = ORIENTED_EDGE('',*,*,#8739,.T.);
#9891 = ORIENTED_EDGE('',*,*,#8771,.T.);
#9892 = ORIENTED_EDGE('',*,*,#8794,.F.);
#9893 = PLANE('',#9894);
#9894 = AXIS2_PLACEMENT_3D('',#9895,#9896,#9897);
#9895 = CARTESIAN_POINT('',(17.5,93.9,61.7));
#9896 = DIRECTION('',(0.,0.,1.));
#9897 = DIRECTION('',(1.,0.,0.));
#9898 = ADVANCED_FACE('',(#9899,#9945,#9951,#9962,#9973,#9984),#9995,.F.
  );
#9899 = FACE_BOUND('',#9900,.T.);
#9900 = EDGE_LOOP('',(#9901,#9902,#9911,#9919,#9928,#9936,#9943,#9944));
#9901 = ORIENTED_EDGE('',*,*,#9702,.T.);
#9902 = ORIENTED_EDGE('',*,*,#9903,.T.);
#9903 = EDGE_CURVE('',#9703,#9904,#9906,.T.);
#9904 = VERTEX_POINT('',#9905);
#9905 = CARTESIAN_POINT('',(10.,99.,60.));
#9906 = CIRCLE('',#9907,9.);
#9907 = AXIS2_PLACEMENT_3D('',#9908,#9909,#9910);
#9908 = CARTESIAN_POINT('',(10.,90.,60.));
#9909 = DIRECTION('',(0.,0.,-1.));
#9910 = DIRECTION('',(-1.,0.,0.));
#9911 = ORIENTED_EDGE('',*,*,#9912,.T.);
#9912 = EDGE_CURVE('',#9904,#9913,#9915,.T.);
#9913 = VERTEX_POINT('',#9914);
#9914 = CARTESIAN_POINT('',(132.,99.,60.));
#9915 = LINE('',#9916,#9917);
#9916 = CARTESIAN_POINT('',(10.,99.,60.));
#9917 = VECTOR('',#9918,1.);
#9918 = DIRECTION('',(1.,0.,0.));
#9919 = ORIENTED_EDGE('',*,*,#9920,.T.);
#9920 = EDGE_CURVE('',#9913,#9921,#9923,.T.);
#9921 = VERTEX_POINT('',#9922);
#9922 = CARTESIAN_POINT('',(141.,90.,60.));
#9923 = CIRCLE('',#9924,9.);
#9924 = AXIS2_PLACEMENT_3D('',#9925,#9926,#9927);
#9925 = CARTESIAN_POINT('',(132.,90.,60.));
#9926 = DIRECTION('',(0.,0.,-1.));
#9927 = DIRECTION('',(0.,1.,0.));
#9928 = ORIENTED_EDGE('',*,*,#9929,.T.);
#9929 = EDGE_CURVE('',#9921,#9930,#9932,.T.);
#9930 = VERTEX_POINT('',#9931);
#9931 = CARTESIAN_POINT('',(141.,10.,60.));
#9932 = LINE('',#9933,#9934);
#9933 = CARTESIAN_POINT('',(141.,90.,60.));
#9934 = VECTOR('',#9935,1.);
#9935 = DIRECTION('',(-0.,-1.,-0.));
#9936 = ORIENTED_EDGE('',*,*,#9937,.T.);
#9937 = EDGE_CURVE('',#9930,#9661,#9938,.T.);
#9938 = CIRCLE('',#9939,9.);
#9939 = AXIS2_PLACEMENT_3D('',#9940,#9941,#9942);
#9940 = CARTESIAN_POINT('',(132.,10.,60.));
#9941 = DIRECTION('',(0.,0.,-1.));
#9942 = DIRECTION('',(1.,0.,0.));
#9943 = ORIENTED_EDGE('',*,*,#9669,.T.);
#9944 = ORIENTED_EDGE('',*,*,#9863,.T.);
#9945 = FACE_BOUND('',#9946,.F.);
#9946 = EDGE_LOOP('',(#9947,#9948,#9949,#9950));
#9947 = ORIENTED_EDGE('',*,*,#8902,.T.);
#9948 = ORIENTED_EDGE('',*,*,#8876,.F.);
#9949 = ORIENTED_EDGE('',*,*,#9192,.F.);
#9950 = ORIENTED_EDGE('',*,*,#8843,.T.);
#9951 = FACE_BOUND('',#9952,.F.);
#9952 = EDGE_LOOP('',(#9953));
#9953 = ORIENTED_EDGE('',*,*,#9954,.T.);
#9954 = EDGE_CURVE('',#9955,#9955,#9957,.T.);
#9955 = VERTEX_POINT('',#9956);
#9956 = CARTESIAN_POINT('',(137.9,92.,60.));
#9957 = CIRCLE('',#9958,3.9);
#9958 = AXIS2_PLACEMENT_3D('',#9959,#9960,#9961);
#9959 = CARTESIAN_POINT('',(134.,92.,60.));
#9960 = DIRECTION('',(0.,0.,-1.));
#9961 = DIRECTION('',(1.,0.,0.));
#9962 = FACE_BOUND('',#9963,.F.);
#9963 = EDGE_LOOP('',(#9964));
#9964 = ORIENTED_EDGE('',*,*,#9965,.T.);
#9965 = EDGE_CURVE('',#9966,#9966,#9968,.T.);
#9966 = VERTEX_POINT('',#9967);
#9967 = CARTESIAN_POINT('',(137.9,8.,60.));
#9968 = CIRCLE('',#9969,3.9);
#9969 = AXIS2_PLACEMENT_3D('',#9970,#9971,#9972);
#9970 = CARTESIAN_POINT('',(134.,8.,60.));
#9971 = DIRECTION('',(0.,0.,-1.));
#9972 = DIRECTION('',(1.,0.,0.));
#9973 = FACE_BOUND('',#9974,.F.);
#9974 = EDGE_LOOP('',(#9975));
#9975 = ORIENTED_EDGE('',*,*,#9976,.T.);
#9976 = EDGE_CURVE('',#9977,#9977,#9979,.T.);
#9977 = VERTEX_POINT('',#9978);
#9978 = CARTESIAN_POINT('',(11.9,92.,60.));
#9979 = CIRCLE('',#9980,3.9);
#9980 = AXIS2_PLACEMENT_3D('',#9981,#9982,#9983);
#9981 = CARTESIAN_POINT('',(8.,92.,60.));
#9982 = DIRECTION('',(0.,0.,-1.));
#9983 = DIRECTION('',(1.,0.,0.));
#9984 = FACE_BOUND('',#9985,.F.);
#9985 = EDGE_LOOP('',(#9986));
#9986 = ORIENTED_EDGE('',*,*,#9987,.T.);
#9987 = EDGE_CURVE('',#9988,#9988,#9990,.T.);
#9988 = VERTEX_POINT('',#9989);
#9989 = CARTESIAN_POINT('',(11.9,8.,60.));
#9990 = CIRCLE('',#9991,3.9);
#9991 = AXIS2_PLACEMENT_3D('',#9992,#9993,#9994);
#9992 = CARTESIAN_POINT('',(8.,8.,60.));
#9993 = DIRECTION('',(0.,0.,-1.));
#9994 = DIRECTION('',(1.,0.,0.));
#9995 = PLANE('',#9996);
#9996 = AXIS2_PLACEMENT_3D('',#9997,#9998,#9999);
#9997 = CARTESIAN_POINT('',(0.,0.,60.));
#9998 = DIRECTION('',(0.,0.,1.));
#9999 = DIRECTION('',(1.,0.,0.));
#10000 = ADVANCED_FACE('',(#10001),#10019,.T.);
#10001 = FACE_BOUND('',#10002,.T.);
#10002 = EDGE_LOOP('',(#10003,#10004,#10005,#10013));
#10003 = ORIENTED_EDGE('',*,*,#9736,.T.);
#10004 = ORIENTED_EDGE('',*,*,#8961,.T.);
#10005 = ORIENTED_EDGE('',*,*,#10006,.F.);
#10006 = EDGE_CURVE('',#10007,#8953,#10009,.T.);
#10007 = VERTEX_POINT('',#10008);
#10008 = CARTESIAN_POINT('',(132.,100.,61.));
#10009 = LINE('',#10010,#10011);
#10010 = CARTESIAN_POINT('',(132.,100.,60.));
#10011 = VECTOR('',#10012,1.);
#10012 = DIRECTION('',(0.,0.,1.));
#10013 = ORIENTED_EDGE('',*,*,#10014,.F.);
#10014 = EDGE_CURVE('',#9728,#10007,#10015,.T.);
#10015 = LINE('',#10016,#10017);
#10016 = CARTESIAN_POINT('',(10.,100.,61.));
#10017 = VECTOR('',#10018,1.);
#10018 = DIRECTION('',(1.,0.,0.));
#10019 = PLANE('',#10020);
#10020 = AXIS2_PLACEMENT_3D('',#10021,#10022,#10023);
#10021 = CARTESIAN_POINT('',(0.,100.,60.));
#10022 = DIRECTION('',(0.,1.,0.));
#10023 = DIRECTION('',(0.,0.,1.));
#10024 = ADVANCED_FACE('',(#10025),#10031,.T.);
#10025 = FACE_BOUND('',#10026,.T.);
#10026 = EDGE_LOOP('',(#10027,#10028,#10029,#10030));
#10027 = ORIENTED_EDGE('',*,*,#8936,.F.);
#10028 = ORIENTED_EDGE('',*,*,#9063,.F.);
#10029 = ORIENTED_EDGE('',*,*,#9079,.T.);
#10030 = ORIENTED_EDGE('',*,*,#9009,.T.);
#10031 = PLANE('',#10032);
#10032 = AXIS2_PLACEMENT_3D('',#10033,#10034,#10035);
#10033 = CARTESIAN_POINT('',(0.,0.,66.));
#10034 = DIRECTION('',(0.,0.,1.));
#10035 = DIRECTION('',(1.,0.,0.));
#10036 = ADVANCED_FACE('',(#10037),#10098,.T.);
#10037 = FACE_BOUND('',#10038,.T.);
#10038 = EDGE_LOOP('',(#10039,#10049,#10055,#10056,#10057,#10058,#10067,
    #10075,#10084,#10092));
#10039 = ORIENTED_EDGE('',*,*,#10040,.F.);
#10040 = EDGE_CURVE('',#10041,#10043,#10045,.T.);
#10041 = VERTEX_POINT('',#10042);
#10042 = CARTESIAN_POINT('',(132.,100.,119.));
#10043 = VERTEX_POINT('',#10044);
#10044 = CARTESIAN_POINT('',(126.,100.,119.));
#10045 = LINE('',#10046,#10047);
#10046 = CARTESIAN_POINT('',(132.,100.,119.));
#10047 = VECTOR('',#10048,1.);
#10048 = DIRECTION('',(-1.,-0.,-0.));
#10049 = ORIENTED_EDGE('',*,*,#10050,.F.);
#10050 = EDGE_CURVE('',#9285,#10041,#10051,.T.);
#10051 = LINE('',#10052,#10053);
#10052 = CARTESIAN_POINT('',(132.,100.,66.));
#10053 = VECTOR('',#10054,1.);
#10054 = DIRECTION('',(0.,0.,1.));
#10055 = ORIENTED_EDGE('',*,*,#9293,.F.);
#10056 = ORIENTED_EDGE('',*,*,#9033,.T.);
#10057 = ORIENTED_EDGE('',*,*,#9464,.T.);
#10058 = ORIENTED_EDGE('',*,*,#10059,.T.);
#10059 = EDGE_CURVE('',#9457,#10060,#10062,.T.);
#10060 = VERTEX_POINT('',#10061);
#10061 = CARTESIAN_POINT('',(129.3,100.,73.4));
#10062 = CIRCLE('',#10063,0.3);
#10063 = AXIS2_PLACEMENT_3D('',#10064,#10065,#10066);
#10064 = CARTESIAN_POINT('',(129.,100.,73.4));
#10065 = DIRECTION('',(0.,-1.,0.));
#10066 = DIRECTION('',(1.,0.,0.));
#10067 = ORIENTED_EDGE('',*,*,#10068,.T.);
#10068 = EDGE_CURVE('',#10060,#10069,#10071,.T.);
#10069 = VERTEX_POINT('',#10070);
#10070 = CARTESIAN_POINT('',(129.3,100.,79.4));
#10071 = LINE('',#10072,#10073);
#10072 = CARTESIAN_POINT('',(129.3,100.,73.1));
#10073 = VECTOR('',#10074,1.);
#10074 = DIRECTION('',(0.,0.,1.));
#10075 = ORIENTED_EDGE('',*,*,#10076,.T.);
#10076 = EDGE_CURVE('',#10069,#10077,#10079,.T.);
#10077 = VERTEX_POINT('',#10078);
#10078 = CARTESIAN_POINT('',(129.,100.,79.7));
#10079 = CIRCLE('',#10080,0.3);
#10080 = AXIS2_PLACEMENT_3D('',#10081,#10082,#10083);
#10081 = CARTESIAN_POINT('',(129.,100.,79.4));
#10082 = DIRECTION('',(0.,-1.,0.));
#10083 = DIRECTION('',(1.,0.,0.));
#10084 = ORIENTED_EDGE('',*,*,#10085,.F.);
#10085 = EDGE_CURVE('',#10086,#10077,#10088,.T.);
#10086 = VERTEX_POINT('',#10087);
#10087 = CARTESIAN_POINT('',(126.,100.,79.7));
#10088 = LINE('',#10089,#10090);
#10089 = CARTESIAN_POINT('',(125.7,100.,79.7));
#10090 = VECTOR('',#10091,1.);
#10091 = DIRECTION('',(1.,0.,0.));
#10092 = ORIENTED_EDGE('',*,*,#10093,.T.);
#10093 = EDGE_CURVE('',#10086,#10043,#10094,.T.);
#10094 = LINE('',#10095,#10096);
#10095 = CARTESIAN_POINT('',(126.,100.,66.));
#10096 = VECTOR('',#10097,1.);
#10097 = DIRECTION('',(0.,0.,1.));
#10098 = PLANE('',#10099);
#10099 = AXIS2_PLACEMENT_3D('',#10100,#10101,#10102);
#10100 = CARTESIAN_POINT('',(126.,100.,66.));
#10101 = DIRECTION('',(0.,1.,0.));
#10102 = DIRECTION('',(0.,0.,1.));
#10103 = ADVANCED_FACE('',(#10104),#10110,.T.);
#10104 = FACE_BOUND('',#10105,.T.);
#10105 = EDGE_LOOP('',(#10106,#10107,#10108,#10109));
#10106 = ORIENTED_EDGE('',*,*,#9176,.F.);
#10107 = ORIENTED_EDGE('',*,*,#9096,.T.);
#10108 = ORIENTED_EDGE('',*,*,#9128,.T.);
#10109 = ORIENTED_EDGE('',*,*,#9151,.F.);
#10110 = PLANE('',#10111);
#10111 = AXIS2_PLACEMENT_3D('',#10112,#10113,#10114);
#10112 = CARTESIAN_POINT('',(120.9,93.9,61.7));
#10113 = DIRECTION('',(0.,0.,1.));
#10114 = DIRECTION('',(1.,0.,0.));
#10115 = ADVANCED_FACE('',(#10116),#10128,.T.);
#10116 = FACE_BOUND('',#10117,.T.);
#10117 = EDGE_LOOP('',(#10118,#10125,#10126,#10127));
#10118 = ORIENTED_EDGE('',*,*,#10119,.F.);
#10119 = EDGE_CURVE('',#9210,#9930,#10120,.T.);
#10120 = CIRCLE('',#10121,1.);
#10121 = AXIS2_PLACEMENT_3D('',#10122,#10123,#10124);
#10122 = CARTESIAN_POINT('',(141.,10.,61.));
#10123 = DIRECTION('',(-0.,1.,0.));
#10124 = DIRECTION('',(1.,0.,0.));
#10125 = ORIENTED_EDGE('',*,*,#9217,.T.);
#10126 = ORIENTED_EDGE('',*,*,#9660,.T.);
#10127 = ORIENTED_EDGE('',*,*,#9937,.F.);
#10128 = TOROIDAL_SURFACE('',#10129,9.,1.);
#10129 = AXIS2_PLACEMENT_3D('',#10130,#10131,#10132);
#10130 = CARTESIAN_POINT('',(132.,10.,61.));
#10131 = DIRECTION('',(-0.,-0.,-1.));
#10132 = DIRECTION('',(1.,0.,0.));
#10133 = ADVANCED_FACE('',(#10134),#10146,.T.);
#10134 = FACE_BOUND('',#10135,.T.);
#10135 = EDGE_LOOP('',(#10136,#10137,#10144,#10145));
#10136 = ORIENTED_EDGE('',*,*,#9267,.F.);
#10137 = ORIENTED_EDGE('',*,*,#10138,.F.);
#10138 = EDGE_CURVE('',#10007,#9260,#10139,.T.);
#10139 = CIRCLE('',#10140,10.);
#10140 = AXIS2_PLACEMENT_3D('',#10141,#10142,#10143);
#10141 = CARTESIAN_POINT('',(132.,90.,61.));
#10142 = DIRECTION('',(0.,0.,-1.));
#10143 = DIRECTION('',(0.,1.,0.));
#10144 = ORIENTED_EDGE('',*,*,#10006,.T.);
#10145 = ORIENTED_EDGE('',*,*,#9235,.T.);
#10146 = CYLINDRICAL_SURFACE('',#10147,10.);
#10147 = AXIS2_PLACEMENT_3D('',#10148,#10149,#10150);
#10148 = CARTESIAN_POINT('',(132.,90.,60.));
#10149 = DIRECTION('',(0.,0.,1.));
#10150 = DIRECTION('',(1.,0.,0.));
#10151 = ADVANCED_FACE('',(#10152),#10164,.T.);
#10152 = FACE_BOUND('',#10153,.F.);
#10153 = EDGE_LOOP('',(#10154,#10161,#10162,#10163));
#10154 = ORIENTED_EDGE('',*,*,#10155,.T.);
#10155 = EDGE_CURVE('',#9260,#9921,#10156,.T.);
#10156 = CIRCLE('',#10157,1.);
#10157 = AXIS2_PLACEMENT_3D('',#10158,#10159,#10160);
#10158 = CARTESIAN_POINT('',(141.,90.,61.));
#10159 = DIRECTION('',(-6.E-17,1.,0.));
#10160 = DIRECTION('',(1.,6.E-17,0.));
#10161 = ORIENTED_EDGE('',*,*,#9929,.T.);
#10162 = ORIENTED_EDGE('',*,*,#10119,.F.);
#10163 = ORIENTED_EDGE('',*,*,#9259,.F.);
#10164 = CYLINDRICAL_SURFACE('',#10165,1.);
#10165 = AXIS2_PLACEMENT_3D('',#10166,#10167,#10168);
#10166 = CARTESIAN_POINT('',(141.,90.,61.));
#10167 = DIRECTION('',(-0.,-1.,-0.));
#10168 = DIRECTION('',(1.,0.,0.));
#10169 = ADVANCED_FACE('',(#10170),#10189,.T.);
#10170 = FACE_BOUND('',#10171,.T.);
#10171 = EDGE_LOOP('',(#10172,#10180,#10181,#10182));
#10172 = ORIENTED_EDGE('',*,*,#10173,.F.);
#10173 = EDGE_CURVE('',#9283,#10174,#10176,.T.);
#10174 = VERTEX_POINT('',#10175);
#10175 = CARTESIAN_POINT('',(142.,90.,119.));
#10176 = LINE('',#10177,#10178);
#10177 = CARTESIAN_POINT('',(142.,90.,66.));
#10178 = VECTOR('',#10179,1.);
#10179 = DIRECTION('',(0.,0.,1.));
#10180 = ORIENTED_EDGE('',*,*,#9282,.T.);
#10181 = ORIENTED_EDGE('',*,*,#10050,.T.);
#10182 = ORIENTED_EDGE('',*,*,#10183,.F.);
#10183 = EDGE_CURVE('',#10174,#10041,#10184,.T.);
#10184 = CIRCLE('',#10185,10.);
#10185 = AXIS2_PLACEMENT_3D('',#10186,#10187,#10188);
#10186 = CARTESIAN_POINT('',(132.,90.,119.));
#10187 = DIRECTION('',(0.,0.,1.));
#10188 = DIRECTION('',(1.,0.,0.));
#10189 = CYLINDRICAL_SURFACE('',#10190,10.);
#10190 = AXIS2_PLACEMENT_3D('',#10191,#10192,#10193);
#10191 = CARTESIAN_POINT('',(132.,90.,66.));
#10192 = DIRECTION('',(0.,0.,1.));
#10193 = DIRECTION('',(1.,0.,0.));
#10194 = ADVANCED_FACE('',(#10195),#10206,.T.);
#10195 = FACE_BOUND('',#10196,.T.);
#10196 = EDGE_LOOP('',(#10197,#10198,#10204,#10205));
#10197 = ORIENTED_EDGE('',*,*,#10173,.T.);
#10198 = ORIENTED_EDGE('',*,*,#10199,.F.);
#10199 = EDGE_CURVE('',#9489,#10174,#10200,.T.);
#10200 = LINE('',#10201,#10202);
#10201 = CARTESIAN_POINT('',(142.,84.,119.));
#10202 = VECTOR('',#10203,1.);
#10203 = DIRECTION('',(0.,1.,0.));
#10204 = ORIENTED_EDGE('',*,*,#9496,.F.);
#10205 = ORIENTED_EDGE('',*,*,#9311,.T.);
#10206 = PLANE('',#10207);
#10207 = AXIS2_PLACEMENT_3D('',#10208,#10209,#10210);
#10208 = CARTESIAN_POINT('',(142.,84.,66.));
#10209 = DIRECTION('',(1.,0.,0.));
#10210 = DIRECTION('',(0.,0.,1.));
#10211 = ADVANCED_FACE('',(#10212),#10231,.T.);
#10212 = FACE_BOUND('',#10213,.T.);
#10213 = EDGE_LOOP('',(#10214,#10222,#10223,#10224));
#10214 = ORIENTED_EDGE('',*,*,#10215,.F.);
#10215 = EDGE_CURVE('',#9421,#10216,#10218,.T.);
#10216 = VERTEX_POINT('',#10217);
#10217 = CARTESIAN_POINT('',(136.8,8.,125.5));
#10218 = LINE('',#10219,#10220);
#10219 = CARTESIAN_POINT('',(137.4,8.,124.9));
#10220 = VECTOR('',#10221,1.);
#10221 = DIRECTION('',(-0.707106781187,0.,0.707106781187));
#10222 = ORIENTED_EDGE('',*,*,#9428,.T.);
#10223 = ORIENTED_EDGE('',*,*,#10215,.T.);
#10224 = ORIENTED_EDGE('',*,*,#10225,.F.);
#10225 = EDGE_CURVE('',#10216,#10216,#10226,.T.);
#10226 = CIRCLE('',#10227,2.8);
#10227 = AXIS2_PLACEMENT_3D('',#10228,#10229,#10230);
#10228 = CARTESIAN_POINT('',(134.,8.,125.5));
#10229 = DIRECTION('',(0.,0.,1.));
#10230 = DIRECTION('',(1.,0.,0.));
#10231 = CONICAL_SURFACE('',#10232,3.4,0.785398163397);
#10232 = AXIS2_PLACEMENT_3D('',#10233,#10234,#10235);
#10233 = CARTESIAN_POINT('',(134.,8.,124.9));
#10234 = DIRECTION('',(-0.,-0.,-1.));
#10235 = DIRECTION('',(1.,0.,0.));
#10236 = ADVANCED_FACE('',(#10237),#10248,.F.);
#10237 = FACE_BOUND('',#10238,.F.);
#10238 = EDGE_LOOP('',(#10239,#10240,#10241,#10242));
#10239 = ORIENTED_EDGE('',*,*,#9508,.F.);
#10240 = ORIENTED_EDGE('',*,*,#9456,.T.);
#10241 = ORIENTED_EDGE('',*,*,#10059,.T.);
#10242 = ORIENTED_EDGE('',*,*,#10243,.F.);
#10243 = EDGE_CURVE('',#9509,#10060,#10244,.T.);
#10244 = LINE('',#10245,#10246);
#10245 = CARTESIAN_POINT('',(129.3,83.7,73.4));
#10246 = VECTOR('',#10247,1.);
#10247 = DIRECTION('',(0.,1.,0.));
#10248 = CYLINDRICAL_SURFACE('',#10249,0.3);
#10249 = AXIS2_PLACEMENT_3D('',#10250,#10251,#10252);
#10250 = CARTESIAN_POINT('',(129.,83.7,73.4));
#10251 = DIRECTION('',(0.,1.,0.));
#10252 = DIRECTION('',(1.,0.,0.));
#10253 = ADVANCED_FACE('',(#10254),#10270,.F.);
#10254 = FACE_BOUND('',#10255,.F.);
#10255 = EDGE_LOOP('',(#10256,#10257,#10263,#10264));
#10256 = ORIENTED_EDGE('',*,*,#9478,.F.);
#10257 = ORIENTED_EDGE('',*,*,#10258,.T.);
#10258 = EDGE_CURVE('',#9479,#10086,#10259,.T.);
#10259 = LINE('',#10260,#10261);
#10260 = CARTESIAN_POINT('',(126.,83.7,79.7));
#10261 = VECTOR('',#10262,1.);
#10262 = DIRECTION('',(0.,1.,0.));
#10263 = ORIENTED_EDGE('',*,*,#10093,.T.);
#10264 = ORIENTED_EDGE('',*,*,#10265,.F.);
#10265 = EDGE_CURVE('',#9481,#10043,#10266,.T.);
#10266 = LINE('',#10267,#10268);
#10267 = CARTESIAN_POINT('',(126.,84.,119.));
#10268 = VECTOR('',#10269,1.);
#10269 = DIRECTION('',(0.,1.,0.));
#10270 = PLANE('',#10271);
#10271 = AXIS2_PLACEMENT_3D('',#10272,#10273,#10274);
#10272 = CARTESIAN_POINT('',(126.,84.,66.));
#10273 = DIRECTION('',(1.,0.,0.));
#10274 = DIRECTION('',(0.,0.,1.));
#10275 = ADVANCED_FACE('',(#10276),#10287,.F.);
#10276 = FACE_BOUND('',#10277,.F.);
#10277 = EDGE_LOOP('',(#10278,#10279,#10280,#10286));
#10278 = ORIENTED_EDGE('',*,*,#10258,.F.);
#10279 = ORIENTED_EDGE('',*,*,#9534,.T.);
#10280 = ORIENTED_EDGE('',*,*,#10281,.T.);
#10281 = EDGE_CURVE('',#9526,#10077,#10282,.T.);
#10282 = LINE('',#10283,#10284);
#10283 = CARTESIAN_POINT('',(129.,83.7,79.7));
#10284 = VECTOR('',#10285,1.);
#10285 = DIRECTION('',(0.,1.,0.));
#10286 = ORIENTED_EDGE('',*,*,#10085,.F.);
#10287 = PLANE('',#10288);
#10288 = AXIS2_PLACEMENT_3D('',#10289,#10290,#10291);
#10289 = CARTESIAN_POINT('',(125.7,83.7,79.7));
#10290 = DIRECTION('',(0.,0.,1.));
#10291 = DIRECTION('',(1.,0.,0.));
#10292 = ADVANCED_FACE('',(#10293),#10304,.F.);
#10293 = FACE_BOUND('',#10294,.T.);
#10294 = EDGE_LOOP('',(#10295,#10296,#10297,#10298));
#10295 = ORIENTED_EDGE('',*,*,#9525,.F.);
#10296 = ORIENTED_EDGE('',*,*,#10281,.T.);
#10297 = ORIENTED_EDGE('',*,*,#10076,.F.);
#10298 = ORIENTED_EDGE('',*,*,#10299,.F.);
#10299 = EDGE_CURVE('',#9518,#10069,#10300,.T.);
#10300 = LINE('',#10301,#10302);
#10301 = CARTESIAN_POINT('',(129.3,83.7,79.4));
#10302 = VECTOR('',#10303,1.);
#10303 = DIRECTION('',(0.,1.,0.));
#10304 = CYLINDRICAL_SURFACE('',#10305,0.3);
#10305 = AXIS2_PLACEMENT_3D('',#10306,#10307,#10308);
#10306 = CARTESIAN_POINT('',(129.,83.7,79.4));
#10307 = DIRECTION('',(0.,1.,0.));
#10308 = DIRECTION('',(1.,0.,0.));
#10309 = ADVANCED_FACE('',(#10310),#10316,.F.);
#10310 = FACE_BOUND('',#10311,.F.);
#10311 = EDGE_LOOP('',(#10312,#10313,#10314,#10315));
#10312 = ORIENTED_EDGE('',*,*,#9517,.F.);
#10313 = ORIENTED_EDGE('',*,*,#10243,.T.);
#10314 = ORIENTED_EDGE('',*,*,#10068,.T.);
#10315 = ORIENTED_EDGE('',*,*,#10299,.F.);
#10316 = PLANE('',#10317);
#10317 = AXIS2_PLACEMENT_3D('',#10318,#10319,#10320);
#10318 = CARTESIAN_POINT('',(129.3,83.7,73.1));
#10319 = DIRECTION('',(1.,0.,0.));
#10320 = DIRECTION('',(0.,0.,1.));
#10321 = ADVANCED_FACE('',(#10322),#10349,.T.);
#10322 = FACE_BOUND('',#10323,.T.);
#10323 = EDGE_LOOP('',(#10324,#10333,#10334,#10343));
#10324 = ORIENTED_EDGE('',*,*,#10325,.T.);
#10325 = EDGE_CURVE('',#10326,#9481,#10328,.T.);
#10326 = VERTEX_POINT('',#10327);
#10327 = CARTESIAN_POINT('',(127.,85.,120.));
#10328 = ELLIPSE('',#10329,1.414213562373,1.);
#10329 = AXIS2_PLACEMENT_3D('',#10330,#10331,#10332);
#10330 = CARTESIAN_POINT('',(127.,85.,119.));
#10331 = DIRECTION('',(0.707106781187,-0.707106781187,0.));
#10332 = DIRECTION('',(0.707106781187,0.707106781187,0.));
#10333 = ORIENTED_EDGE('',*,*,#9488,.T.);
#10334 = ORIENTED_EDGE('',*,*,#10335,.T.);
#10335 = EDGE_CURVE('',#9489,#10336,#10338,.T.);
#10336 = VERTEX_POINT('',#10337);
#10337 = CARTESIAN_POINT('',(141.,85.,120.));
#10338 = ELLIPSE('',#10339,1.414213562373,1.);
#10339 = AXIS2_PLACEMENT_3D('',#10340,#10341,#10342);
#10340 = CARTESIAN_POINT('',(141.,85.,119.));
#10341 = DIRECTION('',(-0.707106781187,-0.707106781187,-0.));
#10342 = DIRECTION('',(-0.707106781187,0.707106781187,0.));
#10343 = ORIENTED_EDGE('',*,*,#10344,.F.);
#10344 = EDGE_CURVE('',#10326,#10336,#10345,.T.);
#10345 = LINE('',#10346,#10347);
#10346 = CARTESIAN_POINT('',(126.,85.,120.));
#10347 = VECTOR('',#10348,1.);
#10348 = DIRECTION('',(1.,0.,0.));
#10349 = CYLINDRICAL_SURFACE('',#10350,1.);
#10350 = AXIS2_PLACEMENT_3D('',#10351,#10352,#10353);
#10351 = CARTESIAN_POINT('',(126.,85.,119.));
#10352 = DIRECTION('',(1.,0.,0.));
#10353 = DIRECTION('',(0.,0.,1.));
#10354 = ADVANCED_FACE('',(#10355),#10366,.F.);
#10355 = FACE_BOUND('',#10356,.T.);
#10356 = EDGE_LOOP('',(#10357,#10358,#10359,#10360));
#10357 = ORIENTED_EDGE('',*,*,#9633,.F.);
#10358 = ORIENTED_EDGE('',*,*,#9548,.T.);
#10359 = ORIENTED_EDGE('',*,*,#9825,.T.);
#10360 = ORIENTED_EDGE('',*,*,#10361,.F.);
#10361 = EDGE_CURVE('',#9626,#9818,#10362,.T.);
#10362 = LINE('',#10363,#10364);
#10363 = CARTESIAN_POINT('',(12.7,83.7,73.4));
#10364 = VECTOR('',#10365,1.);
#10365 = DIRECTION('',(0.,1.,0.));
#10366 = CYLINDRICAL_SURFACE('',#10367,0.3);
#10367 = AXIS2_PLACEMENT_3D('',#10368,#10369,#10370);
#10368 = CARTESIAN_POINT('',(13.,83.7,73.4));
#10369 = DIRECTION('',(0.,1.,0.));
#10370 = DIRECTION('',(-1.,0.,0.));
#10371 = ADVANCED_FACE('',(#10372),#10383,.T.);
#10372 = FACE_BOUND('',#10373,.T.);
#10373 = EDGE_LOOP('',(#10374,#10375,#10376,#10377));
#10374 = ORIENTED_EDGE('',*,*,#9625,.F.);
#10375 = ORIENTED_EDGE('',*,*,#10361,.T.);
#10376 = ORIENTED_EDGE('',*,*,#9817,.T.);
#10377 = ORIENTED_EDGE('',*,*,#10378,.F.);
#10378 = EDGE_CURVE('',#9617,#9809,#10379,.T.);
#10379 = LINE('',#10380,#10381);
#10380 = CARTESIAN_POINT('',(12.7,83.7,79.4));
#10381 = VECTOR('',#10382,1.);
#10382 = DIRECTION('',(0.,1.,0.));
#10383 = PLANE('',#10384);
#10384 = AXIS2_PLACEMENT_3D('',#10385,#10386,#10387);
#10385 = CARTESIAN_POINT('',(12.7,83.7,73.1));
#10386 = DIRECTION('',(1.,0.,0.));
#10387 = DIRECTION('',(0.,0.,1.));
#10388 = ADVANCED_FACE('',(#10389),#10400,.F.);
#10389 = FACE_BOUND('',#10390,.F.);
#10390 = EDGE_LOOP('',(#10391,#10392,#10398,#10399));
#10391 = ORIENTED_EDGE('',*,*,#9616,.F.);
#10392 = ORIENTED_EDGE('',*,*,#10393,.T.);
#10393 = EDGE_CURVE('',#9609,#9801,#10394,.T.);
#10394 = LINE('',#10395,#10396);
#10395 = CARTESIAN_POINT('',(13.,83.7,79.7));
#10396 = VECTOR('',#10397,1.);
#10397 = DIRECTION('',(0.,1.,0.));
#10398 = ORIENTED_EDGE('',*,*,#9808,.F.);
#10399 = ORIENTED_EDGE('',*,*,#10378,.F.);
#10400 = CYLINDRICAL_SURFACE('',#10401,0.3);
#10401 = AXIS2_PLACEMENT_3D('',#10402,#10403,#10404);
#10402 = CARTESIAN_POINT('',(13.,83.7,79.4));
#10403 = DIRECTION('',(0.,1.,0.));
#10404 = DIRECTION('',(-1.,0.,0.));
#10405 = ADVANCED_FACE('',(#10406),#10417,.F.);
#10406 = FACE_BOUND('',#10407,.F.);
#10407 = EDGE_LOOP('',(#10408,#10409,#10410,#10416));
#10408 = ORIENTED_EDGE('',*,*,#10393,.F.);
#10409 = ORIENTED_EDGE('',*,*,#9608,.T.);
#10410 = ORIENTED_EDGE('',*,*,#10411,.T.);
#10411 = EDGE_CURVE('',#9601,#9793,#10412,.T.);
#10412 = LINE('',#10413,#10414);
#10413 = CARTESIAN_POINT('',(16.,83.7,79.7));
#10414 = VECTOR('',#10415,1.);
#10415 = DIRECTION('',(0.,1.,0.));
#10416 = ORIENTED_EDGE('',*,*,#9800,.F.);
#10417 = PLANE('',#10418);
#10418 = AXIS2_PLACEMENT_3D('',#10419,#10420,#10421);
#10419 = CARTESIAN_POINT('',(12.7,83.7,79.7));
#10420 = DIRECTION('',(0.,0.,1.));
#10421 = DIRECTION('',(1.,0.,0.));
#10422 = ADVANCED_FACE('',(#10423),#10434,.T.);
#10423 = FACE_BOUND('',#10424,.T.);
#10424 = EDGE_LOOP('',(#10425,#10426,#10427,#10428));
#10425 = ORIENTED_EDGE('',*,*,#9600,.F.);
#10426 = ORIENTED_EDGE('',*,*,#10411,.T.);
#10427 = ORIENTED_EDGE('',*,*,#9792,.T.);
#10428 = ORIENTED_EDGE('',*,*,#10429,.F.);
#10429 = EDGE_CURVE('',#9593,#9785,#10430,.T.);
#10430 = LINE('',#10431,#10432);
#10431 = CARTESIAN_POINT('',(16.,84.,119.));
#10432 = VECTOR('',#10433,1.);
#10433 = DIRECTION('',(0.,1.,0.));
#10434 = PLANE('',#10435);
#10435 = AXIS2_PLACEMENT_3D('',#10436,#10437,#10438);
#10436 = CARTESIAN_POINT('',(16.,84.,66.));
#10437 = DIRECTION('',(1.,0.,0.));
#10438 = DIRECTION('',(0.,0.,1.));
#10439 = ADVANCED_FACE('',(#10440),#10467,.T.);
#10440 = FACE_BOUND('',#10441,.T.);
#10441 = EDGE_LOOP('',(#10442,#10451,#10452,#10461));
#10442 = ORIENTED_EDGE('',*,*,#10443,.F.);
#10443 = EDGE_CURVE('',#9585,#10444,#10446,.T.);
#10444 = VERTEX_POINT('',#10445);
#10445 = CARTESIAN_POINT('',(1.,85.,120.));
#10446 = ELLIPSE('',#10447,1.414213562373,1.);
#10447 = AXIS2_PLACEMENT_3D('',#10448,#10449,#10450);
#10448 = CARTESIAN_POINT('',(1.,85.,119.));
#10449 = DIRECTION('',(-0.707106781187,0.707106781187,0.));
#10450 = DIRECTION('',(0.707106781187,0.707106781187,0.));
#10451 = ORIENTED_EDGE('',*,*,#9592,.T.);
#10452 = ORIENTED_EDGE('',*,*,#10453,.F.);
#10453 = EDGE_CURVE('',#10454,#9593,#10456,.T.);
#10454 = VERTEX_POINT('',#10455);
#10455 = CARTESIAN_POINT('',(15.,85.,120.));
#10456 = ELLIPSE('',#10457,1.414213562373,1.);
#10457 = AXIS2_PLACEMENT_3D('',#10458,#10459,#10460);
#10458 = CARTESIAN_POINT('',(15.,85.,119.));
#10459 = DIRECTION('',(0.707106781187,0.707106781187,0.));
#10460 = DIRECTION('',(0.707106781187,-0.707106781187,0.));
#10461 = ORIENTED_EDGE('',*,*,#10462,.F.);
#10462 = EDGE_CURVE('',#10444,#10454,#10463,.T.);
#10463 = LINE('',#10464,#10465);
#10464 = CARTESIAN_POINT('',(0.,85.,120.));
#10465 = VECTOR('',#10466,1.);
#10466 = DIRECTION('',(1.,0.,0.));
#10467 = CYLINDRICAL_SURFACE('',#10468,1.);
#10468 = AXIS2_PLACEMENT_3D('',#10469,#10470,#10471);
#10469 = CARTESIAN_POINT('',(0.,85.,119.));
#10470 = DIRECTION('',(1.,0.,0.));
#10471 = DIRECTION('',(0.,0.,1.));
#10472 = ADVANCED_FACE('',(#10473),#10485,.T.);
#10473 = FACE_BOUND('',#10474,.T.);
#10474 = EDGE_LOOP('',(#10475,#10476,#10477,#10484));
#10475 = ORIENTED_EDGE('',*,*,#9710,.F.);
#10476 = ORIENTED_EDGE('',*,*,#9727,.T.);
#10477 = ORIENTED_EDGE('',*,*,#10478,.T.);
#10478 = EDGE_CURVE('',#9728,#9904,#10479,.T.);
#10479 = CIRCLE('',#10480,1.);
#10480 = AXIS2_PLACEMENT_3D('',#10481,#10482,#10483);
#10481 = CARTESIAN_POINT('',(10.,99.,61.));
#10482 = DIRECTION('',(-1.,-6.E-17,-0.));
#10483 = DIRECTION('',(-6.E-17,1.,0.));
#10484 = ORIENTED_EDGE('',*,*,#9903,.F.);
#10485 = TOROIDAL_SURFACE('',#10486,9.,1.);
#10486 = AXIS2_PLACEMENT_3D('',#10487,#10488,#10489);
#10487 = CARTESIAN_POINT('',(10.,90.,61.));
#10488 = DIRECTION('',(-0.,-0.,-1.));
#10489 = DIRECTION('',(-1.,0.,0.));
#10490 = ADVANCED_FACE('',(#10491),#10519,.T.);
#10491 = FACE_BOUND('',#10492,.F.);
#10492 = EDGE_LOOP('',(#10493,#10502,#10503,#10512));
#10493 = ORIENTED_EDGE('',*,*,#10494,.F.);
#10494 = EDGE_CURVE('',#9752,#10495,#10497,.T.);
#10495 = VERTEX_POINT('',#10496);
#10496 = CARTESIAN_POINT('',(1.,90.,120.));
#10497 = CIRCLE('',#10498,1.);
#10498 = AXIS2_PLACEMENT_3D('',#10499,#10500,#10501);
#10499 = CARTESIAN_POINT('',(1.,90.,119.));
#10500 = DIRECTION('',(0.,1.,-0.));
#10501 = DIRECTION('',(-1.,0.,0.));
#10502 = ORIENTED_EDGE('',*,*,#9768,.T.);
#10503 = ORIENTED_EDGE('',*,*,#10504,.T.);
#10504 = EDGE_CURVE('',#9761,#10505,#10507,.T.);
#10505 = VERTEX_POINT('',#10506);
#10506 = CARTESIAN_POINT('',(10.,99.,120.));
#10507 = CIRCLE('',#10508,1.);
#10508 = AXIS2_PLACEMENT_3D('',#10509,#10510,#10511);
#10509 = CARTESIAN_POINT('',(10.,99.,119.));
#10510 = DIRECTION('',(1.,6.E-17,-0.));
#10511 = DIRECTION('',(-6.E-17,1.,0.));
#10512 = ORIENTED_EDGE('',*,*,#10513,.F.);
#10513 = EDGE_CURVE('',#10495,#10505,#10514,.T.);
#10514 = CIRCLE('',#10515,9.);
#10515 = AXIS2_PLACEMENT_3D('',#10516,#10517,#10518);
#10516 = CARTESIAN_POINT('',(10.,90.,120.));
#10517 = DIRECTION('',(0.,0.,-1.));
#10518 = DIRECTION('',(-1.,0.,0.));
#10519 = TOROIDAL_SURFACE('',#10520,9.,1.);
#10520 = AXIS2_PLACEMENT_3D('',#10521,#10522,#10523);
#10521 = CARTESIAN_POINT('',(10.,90.,119.));
#10522 = DIRECTION('',(0.,0.,1.));
#10523 = DIRECTION('',(-1.,0.,0.));
#10524 = ADVANCED_FACE('',(#10525),#10544,.T.);
#10525 = FACE_BOUND('',#10526,.T.);
#10526 = EDGE_LOOP('',(#10527,#10528,#10536,#10543));
#10527 = ORIENTED_EDGE('',*,*,#10504,.T.);
#10528 = ORIENTED_EDGE('',*,*,#10529,.T.);
#10529 = EDGE_CURVE('',#10505,#10530,#10532,.T.);
#10530 = VERTEX_POINT('',#10531);
#10531 = CARTESIAN_POINT('',(15.,99.,120.));
#10532 = LINE('',#10533,#10534);
#10533 = CARTESIAN_POINT('',(10.,99.,120.));
#10534 = VECTOR('',#10535,1.);
#10535 = DIRECTION('',(1.,0.,0.));
#10536 = ORIENTED_EDGE('',*,*,#10537,.F.);
#10537 = EDGE_CURVE('',#9785,#10530,#10538,.T.);
#10538 = ELLIPSE('',#10539,1.414213562373,1.);
#10539 = AXIS2_PLACEMENT_3D('',#10540,#10541,#10542);
#10540 = CARTESIAN_POINT('',(15.,99.,119.));
#10541 = DIRECTION('',(0.707106781187,-0.707106781187,0.));
#10542 = DIRECTION('',(0.707106781187,0.707106781187,0.));
#10543 = ORIENTED_EDGE('',*,*,#9784,.F.);
#10544 = CYLINDRICAL_SURFACE('',#10545,1.);
#10545 = AXIS2_PLACEMENT_3D('',#10546,#10547,#10548);
#10546 = CARTESIAN_POINT('',(10.,99.,119.));
#10547 = DIRECTION('',(1.,0.,0.));
#10548 = DIRECTION('',(0.,1.,0.));
#10549 = ADVANCED_FACE('',(#10550),#10561,.T.);
#10550 = FACE_BOUND('',#10551,.T.);
#10551 = EDGE_LOOP('',(#10552,#10553,#10559,#10560));
#10552 = ORIENTED_EDGE('',*,*,#10443,.T.);
#10553 = ORIENTED_EDGE('',*,*,#10554,.T.);
#10554 = EDGE_CURVE('',#10444,#10495,#10555,.T.);
#10555 = LINE('',#10556,#10557);
#10556 = CARTESIAN_POINT('',(1.,84.,120.));
#10557 = VECTOR('',#10558,1.);
#10558 = DIRECTION('',(0.,1.,0.));
#10559 = ORIENTED_EDGE('',*,*,#10494,.F.);
#10560 = ORIENTED_EDGE('',*,*,#9844,.F.);
#10561 = CYLINDRICAL_SURFACE('',#10562,1.);
#10562 = AXIS2_PLACEMENT_3D('',#10563,#10564,#10565);
#10563 = CARTESIAN_POINT('',(1.,84.,119.));
#10564 = DIRECTION('',(0.,1.,0.));
#10565 = DIRECTION('',(-1.,0.,0.));
#10566 = ADVANCED_FACE('',(#10567),#10579,.T.);
#10567 = FACE_BOUND('',#10568,.F.);
#10568 = EDGE_LOOP('',(#10569,#10570,#10571,#10578));
#10569 = ORIENTED_EDGE('',*,*,#10478,.T.);
#10570 = ORIENTED_EDGE('',*,*,#9912,.T.);
#10571 = ORIENTED_EDGE('',*,*,#10572,.F.);
#10572 = EDGE_CURVE('',#10007,#9913,#10573,.T.);
#10573 = CIRCLE('',#10574,1.);
#10574 = AXIS2_PLACEMENT_3D('',#10575,#10576,#10577);
#10575 = CARTESIAN_POINT('',(132.,99.,61.));
#10576 = DIRECTION('',(-1.,0.,0.));
#10577 = DIRECTION('',(0.,1.,0.));
#10578 = ORIENTED_EDGE('',*,*,#10014,.F.);
#10579 = CYLINDRICAL_SURFACE('',#10580,1.);
#10580 = AXIS2_PLACEMENT_3D('',#10581,#10582,#10583);
#10581 = CARTESIAN_POINT('',(10.,99.,61.));
#10582 = DIRECTION('',(1.,0.,0.));
#10583 = DIRECTION('',(0.,1.,0.));
#10584 = ADVANCED_FACE('',(#10585),#10591,.T.);
#10585 = FACE_BOUND('',#10586,.T.);
#10586 = EDGE_LOOP('',(#10587,#10588,#10589,#10590));
#10587 = ORIENTED_EDGE('',*,*,#10572,.F.);
#10588 = ORIENTED_EDGE('',*,*,#10138,.T.);
#10589 = ORIENTED_EDGE('',*,*,#10155,.T.);
#10590 = ORIENTED_EDGE('',*,*,#9920,.F.);
#10591 = TOROIDAL_SURFACE('',#10592,9.,1.);
#10592 = AXIS2_PLACEMENT_3D('',#10593,#10594,#10595);
#10593 = CARTESIAN_POINT('',(132.,90.,61.));
#10594 = DIRECTION('',(-0.,-0.,-1.));
#10595 = DIRECTION('',(0.,1.,0.));
#10596 = ADVANCED_FACE('',(#10597),#10616,.F.);
#10597 = FACE_BOUND('',#10598,.T.);
#10598 = EDGE_LOOP('',(#10599,#10600,#10608,#10615));
#10599 = ORIENTED_EDGE('',*,*,#9954,.T.);
#10600 = ORIENTED_EDGE('',*,*,#10601,.T.);
#10601 = EDGE_CURVE('',#9955,#10602,#10604,.T.);
#10602 = VERTEX_POINT('',#10603);
#10603 = CARTESIAN_POINT('',(137.9,92.,66.));
#10604 = LINE('',#10605,#10606);
#10605 = CARTESIAN_POINT('',(137.9,92.,59.));
#10606 = VECTOR('',#10607,1.);
#10607 = DIRECTION('',(0.,0.,1.));
#10608 = ORIENTED_EDGE('',*,*,#10609,.T.);
#10609 = EDGE_CURVE('',#10602,#10602,#10610,.T.);
#10610 = CIRCLE('',#10611,3.9);
#10611 = AXIS2_PLACEMENT_3D('',#10612,#10613,#10614);
#10612 = CARTESIAN_POINT('',(134.,92.,66.));
#10613 = DIRECTION('',(0.,0.,1.));
#10614 = DIRECTION('',(1.,0.,0.));
#10615 = ORIENTED_EDGE('',*,*,#10601,.F.);
#10616 = CYLINDRICAL_SURFACE('',#10617,3.9);
#10617 = AXIS2_PLACEMENT_3D('',#10618,#10619,#10620);
#10618 = CARTESIAN_POINT('',(134.,92.,59.));
#10619 = DIRECTION('',(-0.,-0.,-1.));
#10620 = DIRECTION('',(1.,0.,0.));
#10621 = ADVANCED_FACE('',(#10622),#10641,.F.);
#10622 = FACE_BOUND('',#10623,.T.);
#10623 = EDGE_LOOP('',(#10624,#10625,#10633,#10640));
#10624 = ORIENTED_EDGE('',*,*,#9965,.T.);
#10625 = ORIENTED_EDGE('',*,*,#10626,.T.);
#10626 = EDGE_CURVE('',#9966,#10627,#10629,.T.);
#10627 = VERTEX_POINT('',#10628);
#10628 = CARTESIAN_POINT('',(137.9,8.,66.));
#10629 = LINE('',#10630,#10631);
#10630 = CARTESIAN_POINT('',(137.9,8.,59.));
#10631 = VECTOR('',#10632,1.);
#10632 = DIRECTION('',(0.,0.,1.));
#10633 = ORIENTED_EDGE('',*,*,#10634,.T.);
#10634 = EDGE_CURVE('',#10627,#10627,#10635,.T.);
#10635 = CIRCLE('',#10636,3.9);
#10636 = AXIS2_PLACEMENT_3D('',#10637,#10638,#10639);
#10637 = CARTESIAN_POINT('',(134.,8.,66.));
#10638 = DIRECTION('',(0.,0.,1.));
#10639 = DIRECTION('',(1.,0.,0.));
#10640 = ORIENTED_EDGE('',*,*,#10626,.F.);
#10641 = CYLINDRICAL_SURFACE('',#10642,3.9);
#10642 = AXIS2_PLACEMENT_3D('',#10643,#10644,#10645);
#10643 = CARTESIAN_POINT('',(134.,8.,59.));
#10644 = DIRECTION('',(-0.,-0.,-1.));
#10645 = DIRECTION('',(1.,0.,0.));
#10646 = ADVANCED_FACE('',(#10647),#10666,.F.);
#10647 = FACE_BOUND('',#10648,.T.);
#10648 = EDGE_LOOP('',(#10649,#10650,#10658,#10665));
#10649 = ORIENTED_EDGE('',*,*,#9976,.T.);
#10650 = ORIENTED_EDGE('',*,*,#10651,.T.);
#10651 = EDGE_CURVE('',#9977,#10652,#10654,.T.);
#10652 = VERTEX_POINT('',#10653);
#10653 = CARTESIAN_POINT('',(11.9,92.,66.));
#10654 = LINE('',#10655,#10656);
#10655 = CARTESIAN_POINT('',(11.9,92.,59.));
#10656 = VECTOR('',#10657,1.);
#10657 = DIRECTION('',(0.,0.,1.));
#10658 = ORIENTED_EDGE('',*,*,#10659,.T.);
#10659 = EDGE_CURVE('',#10652,#10652,#10660,.T.);
#10660 = CIRCLE('',#10661,3.9);
#10661 = AXIS2_PLACEMENT_3D('',#10662,#10663,#10664);
#10662 = CARTESIAN_POINT('',(8.,92.,66.));
#10663 = DIRECTION('',(0.,0.,1.));
#10664 = DIRECTION('',(1.,0.,0.));
#10665 = ORIENTED_EDGE('',*,*,#10651,.F.);
#10666 = CYLINDRICAL_SURFACE('',#10667,3.9);
#10667 = AXIS2_PLACEMENT_3D('',#10668,#10669,#10670);
#10668 = CARTESIAN_POINT('',(8.,92.,59.));
#10669 = DIRECTION('',(-0.,-0.,-1.));
#10670 = DIRECTION('',(1.,0.,0.));
#10671 = ADVANCED_FACE('',(#10672),#10691,.F.);
#10672 = FACE_BOUND('',#10673,.T.);
#10673 = EDGE_LOOP('',(#10674,#10675,#10683,#10690));
#10674 = ORIENTED_EDGE('',*,*,#9987,.T.);
#10675 = ORIENTED_EDGE('',*,*,#10676,.T.);
#10676 = EDGE_CURVE('',#9988,#10677,#10679,.T.);
#10677 = VERTEX_POINT('',#10678);
#10678 = CARTESIAN_POINT('',(11.9,8.,66.));
#10679 = LINE('',#10680,#10681);
#10680 = CARTESIAN_POINT('',(11.9,8.,59.));
#10681 = VECTOR('',#10682,1.);
#10682 = DIRECTION('',(0.,0.,1.));
#10683 = ORIENTED_EDGE('',*,*,#10684,.T.);
#10684 = EDGE_CURVE('',#10677,#10677,#10685,.T.);
#10685 = CIRCLE('',#10686,3.9);
#10686 = AXIS2_PLACEMENT_3D('',#10687,#10688,#10689);
#10687 = CARTESIAN_POINT('',(8.,8.,66.));
#10688 = DIRECTION('',(0.,0.,1.));
#10689 = DIRECTION('',(1.,0.,0.));
#10690 = ORIENTED_EDGE('',*,*,#10676,.F.);
#10691 = CYLINDRICAL_SURFACE('',#10692,3.9);
#10692 = AXIS2_PLACEMENT_3D('',#10693,#10694,#10695);
#10693 = CARTESIAN_POINT('',(8.,8.,59.));
#10694 = DIRECTION('',(-0.,-0.,-1.));
#10695 = DIRECTION('',(1.,0.,0.));
#10696 = ADVANCED_FACE('',(#10697),#10724,.T.);
#10697 = FACE_BOUND('',#10698,.F.);
#10698 = EDGE_LOOP('',(#10699,#10708,#10716,#10723));
#10699 = ORIENTED_EDGE('',*,*,#10700,.T.);
#10700 = EDGE_CURVE('',#10041,#10701,#10703,.T.);
#10701 = VERTEX_POINT('',#10702);
#10702 = CARTESIAN_POINT('',(132.,99.,120.));
#10703 = CIRCLE('',#10704,1.);
#10704 = AXIS2_PLACEMENT_3D('',#10705,#10706,#10707);
#10705 = CARTESIAN_POINT('',(132.,99.,119.));
#10706 = DIRECTION('',(1.,-6.E-17,0.));
#10707 = DIRECTION('',(6.E-17,1.,0.));
#10708 = ORIENTED_EDGE('',*,*,#10709,.T.);
#10709 = EDGE_CURVE('',#10701,#10710,#10712,.T.);
#10710 = VERTEX_POINT('',#10711);
#10711 = CARTESIAN_POINT('',(127.,99.,120.));
#10712 = LINE('',#10713,#10714);
#10713 = CARTESIAN_POINT('',(132.,99.,120.));
#10714 = VECTOR('',#10715,1.);
#10715 = DIRECTION('',(-1.,-0.,-0.));
#10716 = ORIENTED_EDGE('',*,*,#10717,.F.);
#10717 = EDGE_CURVE('',#10043,#10710,#10718,.T.);
#10718 = ELLIPSE('',#10719,1.414213562373,1.);
#10719 = AXIS2_PLACEMENT_3D('',#10720,#10721,#10722);
#10720 = CARTESIAN_POINT('',(127.,99.,119.));
#10721 = DIRECTION('',(0.707106781187,0.707106781187,-0.));
#10722 = DIRECTION('',(-0.707106781187,0.707106781187,0.));
#10723 = ORIENTED_EDGE('',*,*,#10040,.F.);
#10724 = CYLINDRICAL_SURFACE('',#10725,1.);
#10725 = AXIS2_PLACEMENT_3D('',#10726,#10727,#10728);
#10726 = CARTESIAN_POINT('',(132.,99.,119.));
#10727 = DIRECTION('',(-1.,-0.,-0.));
#10728 = DIRECTION('',(0.,1.,0.));
#10729 = ADVANCED_FACE('',(#10730),#10750,.T.);
#10730 = FACE_BOUND('',#10731,.T.);
#10731 = EDGE_LOOP('',(#10732,#10741,#10742,#10743));
#10732 = ORIENTED_EDGE('',*,*,#10733,.F.);
#10733 = EDGE_CURVE('',#10174,#10734,#10736,.T.);
#10734 = VERTEX_POINT('',#10735);
#10735 = CARTESIAN_POINT('',(141.,90.,120.));
#10736 = CIRCLE('',#10737,1.);
#10737 = AXIS2_PLACEMENT_3D('',#10738,#10739,#10740);
#10738 = CARTESIAN_POINT('',(141.,90.,119.));
#10739 = DIRECTION('',(0.,-1.,0.));
#10740 = DIRECTION('',(1.,0.,0.));
#10741 = ORIENTED_EDGE('',*,*,#10183,.T.);
#10742 = ORIENTED_EDGE('',*,*,#10700,.T.);
#10743 = ORIENTED_EDGE('',*,*,#10744,.F.);
#10744 = EDGE_CURVE('',#10734,#10701,#10745,.T.);
#10745 = CIRCLE('',#10746,9.);
#10746 = AXIS2_PLACEMENT_3D('',#10747,#10748,#10749);
#10747 = CARTESIAN_POINT('',(132.,90.,120.));
#10748 = DIRECTION('',(0.,0.,1.));
#10749 = DIRECTION('',(1.,0.,0.));
#10750 = TOROIDAL_SURFACE('',#10751,9.,1.);
#10751 = AXIS2_PLACEMENT_3D('',#10752,#10753,#10754);
#10752 = CARTESIAN_POINT('',(132.,90.,119.));
#10753 = DIRECTION('',(0.,0.,1.));
#10754 = DIRECTION('',(1.,0.,0.));
#10755 = ADVANCED_FACE('',(#10756),#10767,.T.);
#10756 = FACE_BOUND('',#10757,.F.);
#10757 = EDGE_LOOP('',(#10758,#10759,#10765,#10766));
#10758 = ORIENTED_EDGE('',*,*,#10335,.T.);
#10759 = ORIENTED_EDGE('',*,*,#10760,.T.);
#10760 = EDGE_CURVE('',#10336,#10734,#10761,.T.);
#10761 = LINE('',#10762,#10763);
#10762 = CARTESIAN_POINT('',(141.,84.,120.));
#10763 = VECTOR('',#10764,1.);
#10764 = DIRECTION('',(0.,1.,0.));
#10765 = ORIENTED_EDGE('',*,*,#10733,.F.);
#10766 = ORIENTED_EDGE('',*,*,#10199,.F.);
#10767 = CYLINDRICAL_SURFACE('',#10768,1.);
#10768 = AXIS2_PLACEMENT_3D('',#10769,#10770,#10771);
#10769 = CARTESIAN_POINT('',(141.,84.,119.));
#10770 = DIRECTION('',(0.,1.,0.));
#10771 = DIRECTION('',(1.,0.,0.));
#10772 = ADVANCED_FACE('',(#10773),#10776,.T.);
#10773 = FACE_BOUND('',#10774,.T.);
#10774 = EDGE_LOOP('',(#10775));
#10775 = ORIENTED_EDGE('',*,*,#10225,.T.);
#10776 = PLANE('',#10777);
#10777 = AXIS2_PLACEMENT_3D('',#10778,#10779,#10780);
#10778 = CARTESIAN_POINT('',(134.,8.,125.5));
#10779 = DIRECTION('',(0.,0.,1.));
#10780 = DIRECTION('',(1.,0.,0.));
#10781 = ADVANCED_FACE('',(#10782),#10793,.T.);
#10782 = FACE_BOUND('',#10783,.F.);
#10783 = EDGE_LOOP('',(#10784,#10785,#10786,#10787));
#10784 = ORIENTED_EDGE('',*,*,#10325,.T.);
#10785 = ORIENTED_EDGE('',*,*,#10265,.T.);
#10786 = ORIENTED_EDGE('',*,*,#10717,.T.);
#10787 = ORIENTED_EDGE('',*,*,#10788,.F.);
#10788 = EDGE_CURVE('',#10326,#10710,#10789,.T.);
#10789 = LINE('',#10790,#10791);
#10790 = CARTESIAN_POINT('',(127.,84.,120.));
#10791 = VECTOR('',#10792,1.);
#10792 = DIRECTION('',(0.,1.,0.));
#10793 = CYLINDRICAL_SURFACE('',#10794,1.);
#10794 = AXIS2_PLACEMENT_3D('',#10795,#10796,#10797);
#10795 = CARTESIAN_POINT('',(127.,84.,119.));
#10796 = DIRECTION('',(0.,1.,0.));
#10797 = DIRECTION('',(0.,0.,1.));
#10798 = ADVANCED_FACE('',(#10799,#10806),#10817,.T.);
#10799 = FACE_BOUND('',#10800,.T.);
#10800 = EDGE_LOOP('',(#10801,#10802,#10803,#10804,#10805));
#10801 = ORIENTED_EDGE('',*,*,#10760,.T.);
#10802 = ORIENTED_EDGE('',*,*,#10744,.T.);
#10803 = ORIENTED_EDGE('',*,*,#10709,.T.);
#10804 = ORIENTED_EDGE('',*,*,#10788,.F.);
#10805 = ORIENTED_EDGE('',*,*,#10344,.T.);
#10806 = FACE_BOUND('',#10807,.T.);
#10807 = EDGE_LOOP('',(#10808));
#10808 = ORIENTED_EDGE('',*,*,#10809,.F.);
#10809 = EDGE_CURVE('',#10810,#10810,#10812,.T.);
#10810 = VERTEX_POINT('',#10811);
#10811 = CARTESIAN_POINT('',(137.4,92.,120.));
#10812 = CIRCLE('',#10813,3.4);
#10813 = AXIS2_PLACEMENT_3D('',#10814,#10815,#10816);
#10814 = CARTESIAN_POINT('',(134.,92.,120.));
#10815 = DIRECTION('',(0.,0.,1.));
#10816 = DIRECTION('',(1.,0.,0.));
#10817 = PLANE('',#10818);
#10818 = AXIS2_PLACEMENT_3D('',#10819,#10820,#10821);
#10819 = CARTESIAN_POINT('',(126.,84.,120.));
#10820 = DIRECTION('',(0.,0.,1.));
#10821 = DIRECTION('',(1.,0.,0.));
#10822 = ADVANCED_FACE('',(#10823),#10834,.T.);
#10823 = FACE_BOUND('',#10824,.T.);
#10824 = EDGE_LOOP('',(#10825,#10826,#10827,#10828));
#10825 = ORIENTED_EDGE('',*,*,#10453,.T.);
#10826 = ORIENTED_EDGE('',*,*,#10429,.T.);
#10827 = ORIENTED_EDGE('',*,*,#10537,.T.);
#10828 = ORIENTED_EDGE('',*,*,#10829,.F.);
#10829 = EDGE_CURVE('',#10454,#10530,#10830,.T.);
#10830 = LINE('',#10831,#10832);
#10831 = CARTESIAN_POINT('',(15.,84.,120.));
#10832 = VECTOR('',#10833,1.);
#10833 = DIRECTION('',(0.,1.,0.));
#10834 = CYLINDRICAL_SURFACE('',#10835,1.);
#10835 = AXIS2_PLACEMENT_3D('',#10836,#10837,#10838);
#10836 = CARTESIAN_POINT('',(15.,84.,119.));
#10837 = DIRECTION('',(0.,1.,0.));
#10838 = DIRECTION('',(0.,0.,1.));
#10839 = ADVANCED_FACE('',(#10840,#10847),#10858,.T.);
#10840 = FACE_BOUND('',#10841,.T.);
#10841 = EDGE_LOOP('',(#10842,#10843,#10844,#10845,#10846));
#10842 = ORIENTED_EDGE('',*,*,#10554,.F.);
#10843 = ORIENTED_EDGE('',*,*,#10462,.T.);
#10844 = ORIENTED_EDGE('',*,*,#10829,.T.);
#10845 = ORIENTED_EDGE('',*,*,#10529,.F.);
#10846 = ORIENTED_EDGE('',*,*,#10513,.F.);
#10847 = FACE_BOUND('',#10848,.T.);
#10848 = EDGE_LOOP('',(#10849));
#10849 = ORIENTED_EDGE('',*,*,#10850,.F.);
#10850 = EDGE_CURVE('',#10851,#10851,#10853,.T.);
#10851 = VERTEX_POINT('',#10852);
#10852 = CARTESIAN_POINT('',(11.4,92.,120.));
#10853 = CIRCLE('',#10854,3.4);
#10854 = AXIS2_PLACEMENT_3D('',#10855,#10856,#10857);
#10855 = CARTESIAN_POINT('',(8.,92.,120.));
#10856 = DIRECTION('',(0.,0.,1.));
#10857 = DIRECTION('',(1.,0.,0.));
#10858 = PLANE('',#10859);
#10859 = AXIS2_PLACEMENT_3D('',#10860,#10861,#10862);
#10860 = CARTESIAN_POINT('',(0.,84.,120.));
#10861 = DIRECTION('',(0.,0.,1.));
#10862 = DIRECTION('',(1.,0.,0.));
#10863 = ADVANCED_FACE('',(#10864),#10867,.F.);
#10864 = FACE_BOUND('',#10865,.T.);
#10865 = EDGE_LOOP('',(#10866));
#10866 = ORIENTED_EDGE('',*,*,#10609,.F.);
#10867 = PLANE('',#10868);
#10868 = AXIS2_PLACEMENT_3D('',#10869,#10870,#10871);
#10869 = CARTESIAN_POINT('',(134.,92.,66.));
#10870 = DIRECTION('',(0.,0.,1.));
#10871 = DIRECTION('',(1.,0.,0.));
#10872 = ADVANCED_FACE('',(#10873),#10876,.F.);
#10873 = FACE_BOUND('',#10874,.T.);
#10874 = EDGE_LOOP('',(#10875));
#10875 = ORIENTED_EDGE('',*,*,#10634,.F.);
#10876 = PLANE('',#10877);
#10877 = AXIS2_PLACEMENT_3D('',#10878,#10879,#10880);
#10878 = CARTESIAN_POINT('',(134.,8.,66.));
#10879 = DIRECTION('',(0.,0.,1.));
#10880 = DIRECTION('',(1.,0.,0.));
#10881 = ADVANCED_FACE('',(#10882),#10885,.F.);
#10882 = FACE_BOUND('',#10883,.T.);
#10883 = EDGE_LOOP('',(#10884));
#10884 = ORIENTED_EDGE('',*,*,#10659,.F.);
#10885 = PLANE('',#10886);
#10886 = AXIS2_PLACEMENT_3D('',#10887,#10888,#10889);
#10887 = CARTESIAN_POINT('',(8.,92.,66.));
#10888 = DIRECTION('',(0.,0.,1.));
#10889 = DIRECTION('',(1.,0.,0.));
#10890 = ADVANCED_FACE('',(#10891),#10894,.F.);
#10891 = FACE_BOUND('',#10892,.T.);
#10892 = EDGE_LOOP('',(#10893));
#10893 = ORIENTED_EDGE('',*,*,#10684,.F.);
#10894 = PLANE('',#10895);
#10895 = AXIS2_PLACEMENT_3D('',#10896,#10897,#10898);
#10896 = CARTESIAN_POINT('',(8.,8.,66.));
#10897 = DIRECTION('',(0.,0.,1.));
#10898 = DIRECTION('',(1.,0.,0.));
#10899 = ADVANCED_FACE('',(#10900),#10919,.T.);
#10900 = FACE_BOUND('',#10901,.F.);
#10901 = EDGE_LOOP('',(#10902,#10910,#10917,#10918));
#10902 = ORIENTED_EDGE('',*,*,#10903,.T.);
#10903 = EDGE_CURVE('',#10810,#10904,#10906,.T.);
#10904 = VERTEX_POINT('',#10905);
#10905 = CARTESIAN_POINT('',(137.4,92.,124.9));
#10906 = LINE('',#10907,#10908);
#10907 = CARTESIAN_POINT('',(137.4,92.,120.));
#10908 = VECTOR('',#10909,1.);
#10909 = DIRECTION('',(0.,0.,1.));
#10910 = ORIENTED_EDGE('',*,*,#10911,.T.);
#10911 = EDGE_CURVE('',#10904,#10904,#10912,.T.);
#10912 = CIRCLE('',#10913,3.4);
#10913 = AXIS2_PLACEMENT_3D('',#10914,#10915,#10916);
#10914 = CARTESIAN_POINT('',(134.,92.,124.9));
#10915 = DIRECTION('',(0.,0.,1.));
#10916 = DIRECTION('',(1.,0.,0.));
#10917 = ORIENTED_EDGE('',*,*,#10903,.F.);
#10918 = ORIENTED_EDGE('',*,*,#10809,.F.);
#10919 = CYLINDRICAL_SURFACE('',#10920,3.4);
#10920 = AXIS2_PLACEMENT_3D('',#10921,#10922,#10923);
#10921 = CARTESIAN_POINT('',(134.,92.,120.));
#10922 = DIRECTION('',(-0.,-0.,-1.));
#10923 = DIRECTION('',(1.,0.,0.));
#10924 = ADVANCED_FACE('',(#10925),#10944,.T.);
#10925 = FACE_BOUND('',#10926,.F.);
#10926 = EDGE_LOOP('',(#10927,#10935,#10942,#10943));
#10927 = ORIENTED_EDGE('',*,*,#10928,.T.);
#10928 = EDGE_CURVE('',#10851,#10929,#10931,.T.);
#10929 = VERTEX_POINT('',#10930);
#10930 = CARTESIAN_POINT('',(11.4,92.,124.9));
#10931 = LINE('',#10932,#10933);
#10932 = CARTESIAN_POINT('',(11.4,92.,120.));
#10933 = VECTOR('',#10934,1.);
#10934 = DIRECTION('',(0.,0.,1.));
#10935 = ORIENTED_EDGE('',*,*,#10936,.T.);
#10936 = EDGE_CURVE('',#10929,#10929,#10937,.T.);
#10937 = CIRCLE('',#10938,3.4);
#10938 = AXIS2_PLACEMENT_3D('',#10939,#10940,#10941);
#10939 = CARTESIAN_POINT('',(8.,92.,124.9));
#10940 = DIRECTION('',(0.,0.,1.));
#10941 = DIRECTION('',(1.,0.,0.));
#10942 = ORIENTED_EDGE('',*,*,#10928,.F.);
#10943 = ORIENTED_EDGE('',*,*,#10850,.F.);
#10944 = CYLINDRICAL_SURFACE('',#10945,3.4);
#10945 = AXIS2_PLACEMENT_3D('',#10946,#10947,#10948);
#10946 = CARTESIAN_POINT('',(8.,92.,120.));
#10947 = DIRECTION('',(-0.,-0.,-1.));
#10948 = DIRECTION('',(1.,0.,0.));
#10949 = ADVANCED_FACE('',(#10950),#10969,.T.);
#10950 = FACE_BOUND('',#10951,.T.);
#10951 = EDGE_LOOP('',(#10952,#10960,#10961,#10962));
#10952 = ORIENTED_EDGE('',*,*,#10953,.F.);
#10953 = EDGE_CURVE('',#10904,#10954,#10956,.T.);
#10954 = VERTEX_POINT('',#10955);
#10955 = CARTESIAN_POINT('',(136.8,92.,125.5));
#10956 = LINE('',#10957,#10958);
#10957 = CARTESIAN_POINT('',(137.4,92.,124.9));
#10958 = VECTOR('',#10959,1.);
#10959 = DIRECTION('',(-0.707106781187,0.,0.707106781187));
#10960 = ORIENTED_EDGE('',*,*,#10911,.T.);
#10961 = ORIENTED_EDGE('',*,*,#10953,.T.);
#10962 = ORIENTED_EDGE('',*,*,#10963,.F.);
#10963 = EDGE_CURVE('',#10954,#10954,#10964,.T.);
#10964 = CIRCLE('',#10965,2.8);
#10965 = AXIS2_PLACEMENT_3D('',#10966,#10967,#10968);
#10966 = CARTESIAN_POINT('',(134.,92.,125.5));
#10967 = DIRECTION('',(0.,0.,1.));
#10968 = DIRECTION('',(1.,0.,0.));
#10969 = CONICAL_SURFACE('',#10970,3.4,0.785398163397);
#10970 = AXIS2_PLACEMENT_3D('',#10971,#10972,#10973);
#10971 = CARTESIAN_POINT('',(134.,92.,124.9));
#10972 = DIRECTION('',(-0.,-0.,-1.));
#10973 = DIRECTION('',(1.,0.,0.));
#10974 = ADVANCED_FACE('',(#10975),#10994,.T.);
#10975 = FACE_BOUND('',#10976,.T.);
#10976 = EDGE_LOOP('',(#10977,#10985,#10986,#10987));
#10977 = ORIENTED_EDGE('',*,*,#10978,.F.);
#10978 = EDGE_CURVE('',#10929,#10979,#10981,.T.);
#10979 = VERTEX_POINT('',#10980);
#10980 = CARTESIAN_POINT('',(10.8,92.,125.5));
#10981 = LINE('',#10982,#10983);
#10982 = CARTESIAN_POINT('',(11.4,92.,124.9));
#10983 = VECTOR('',#10984,1.);
#10984 = DIRECTION('',(-0.707106781187,0.,0.707106781187));
#10985 = ORIENTED_EDGE('',*,*,#10936,.T.);
#10986 = ORIENTED_EDGE('',*,*,#10978,.T.);
#10987 = ORIENTED_EDGE('',*,*,#10988,.F.);
#10988 = EDGE_CURVE('',#10979,#10979,#10989,.T.);
#10989 = CIRCLE('',#10990,2.8);
#10990 = AXIS2_PLACEMENT_3D('',#10991,#10992,#10993);
#10991 = CARTESIAN_POINT('',(8.,92.,125.5));
#10992 = DIRECTION('',(0.,0.,1.));
#10993 = DIRECTION('',(1.,0.,0.));
#10994 = CONICAL_SURFACE('',#10995,3.4,0.785398163397);
#10995 = AXIS2_PLACEMENT_3D('',#10996,#10997,#10998);
#10996 = CARTESIAN_POINT('',(8.,92.,124.9));
#10997 = DIRECTION('',(-0.,-0.,-1.));
#10998 = DIRECTION('',(1.,0.,0.));
#10999 = ADVANCED_FACE('',(#11000),#11003,.T.);
#11000 = FACE_BOUND('',#11001,.T.);
#11001 = EDGE_LOOP('',(#11002));
#11002 = ORIENTED_EDGE('',*,*,#10963,.T.);
#11003 = PLANE('',#11004);
#11004 = AXIS2_PLACEMENT_3D('',#11005,#11006,#11007);
#11005 = CARTESIAN_POINT('',(134.,92.,125.5));
#11006 = DIRECTION('',(0.,0.,1.));
#11007 = DIRECTION('',(1.,0.,0.));
#11008 = ADVANCED_FACE('',(#11009),#11012,.T.);
#11009 = FACE_BOUND('',#11010,.T.);
#11010 = EDGE_LOOP('',(#11011));
#11011 = ORIENTED_EDGE('',*,*,#10988,.T.);
#11012 = PLANE('',#11013);
#11013 = AXIS2_PLACEMENT_3D('',#11014,#11015,#11016);
#11014 = CARTESIAN_POINT('',(8.,92.,125.5));
#11015 = DIRECTION('',(0.,0.,1.));
#11016 = DIRECTION('',(1.,0.,0.));
#11017 = MANIFOLD_SOLID_BREP('',#11018);
#11018 = CLOSED_SHELL('',(#11019,#11059,#11090,#11121,#11207,#11238,
    #11262,#11286,#11317,#11341,#11365,#11382,#11399,#11415));
#11019 = ADVANCED_FACE('',(#11020),#11054,.F.);
#11020 = FACE_BOUND('',#11021,.F.);
#11021 = EDGE_LOOP('',(#11022,#11032,#11040,#11048));
#11022 = ORIENTED_EDGE('',*,*,#11023,.F.);
#11023 = EDGE_CURVE('',#11024,#11026,#11028,.T.);
#11024 = VERTEX_POINT('',#11025);
#11025 = CARTESIAN_POINT('',(17.8,94.,68.));
#11026 = VERTEX_POINT('',#11027);
#11027 = CARTESIAN_POINT('',(124.2,94.,68.));
#11028 = LINE('',#11029,#11030);
#11029 = CARTESIAN_POINT('',(17.8,94.,68.));
#11030 = VECTOR('',#11031,1.);
#11031 = DIRECTION('',(1.,0.,0.));
#11032 = ORIENTED_EDGE('',*,*,#11033,.T.);
#11033 = EDGE_CURVE('',#11024,#11034,#11036,.T.);
#11034 = VERTEX_POINT('',#11035);
#11035 = CARTESIAN_POINT('',(17.8,94.,74.));
#11036 = LINE('',#11037,#11038);
#11037 = CARTESIAN_POINT('',(17.8,94.,68.));
#11038 = VECTOR('',#11039,1.);
#11039 = DIRECTION('',(0.,0.,1.));
#11040 = ORIENTED_EDGE('',*,*,#11041,.T.);
#11041 = EDGE_CURVE('',#11034,#11042,#11044,.T.);
#11042 = VERTEX_POINT('',#11043);
#11043 = CARTESIAN_POINT('',(124.2,94.,74.));
#11044 = LINE('',#11045,#11046);
#11045 = CARTESIAN_POINT('',(17.8,94.,74.));
#11046 = VECTOR('',#11047,1.);
#11047 = DIRECTION('',(1.,0.,0.));
#11048 = ORIENTED_EDGE('',*,*,#11049,.F.);
#11049 = EDGE_CURVE('',#11026,#11042,#11050,.T.);
#11050 = LINE('',#11051,#11052);
#11051 = CARTESIAN_POINT('',(124.2,94.,68.));
#11052 = VECTOR('',#11053,1.);
#11053 = DIRECTION('',(0.,0.,1.));
#11054 = PLANE('',#11055);
#11055 = AXIS2_PLACEMENT_3D('',#11056,#11057,#11058);
#11056 = CARTESIAN_POINT('',(17.8,94.,68.));
#11057 = DIRECTION('',(0.,1.,0.));
#11058 = DIRECTION('',(0.,0.,1.));
#11059 = ADVANCED_FACE('',(#11060),#11085,.T.);
#11060 = FACE_BOUND('',#11061,.T.);
#11061 = EDGE_LOOP('',(#11062,#11070,#11071,#11079));
#11062 = ORIENTED_EDGE('',*,*,#11063,.F.);
#11063 = EDGE_CURVE('',#11034,#11064,#11066,.T.);
#11064 = VERTEX_POINT('',#11065);
#11065 = CARTESIAN_POINT('',(17.8,96.8,74.));
#11066 = LINE('',#11067,#11068);
#11067 = CARTESIAN_POINT('',(17.8,94.,74.));
#11068 = VECTOR('',#11069,1.);
#11069 = DIRECTION('',(0.,1.,0.));
#11070 = ORIENTED_EDGE('',*,*,#11041,.T.);
#11071 = ORIENTED_EDGE('',*,*,#11072,.T.);
#11072 = EDGE_CURVE('',#11042,#11073,#11075,.T.);
#11073 = VERTEX_POINT('',#11074);
#11074 = CARTESIAN_POINT('',(124.2,96.8,74.));
#11075 = LINE('',#11076,#11077);
#11076 = CARTESIAN_POINT('',(124.2,94.,74.));
#11077 = VECTOR('',#11078,1.);
#11078 = DIRECTION('',(0.,1.,0.));
#11079 = ORIENTED_EDGE('',*,*,#11080,.F.);
#11080 = EDGE_CURVE('',#11064,#11073,#11081,.T.);
#11081 = LINE('',#11082,#11083);
#11082 = CARTESIAN_POINT('',(17.8,96.8,74.));
#11083 = VECTOR('',#11084,1.);
#11084 = DIRECTION('',(1.,0.,0.));
#11085 = PLANE('',#11086);
#11086 = AXIS2_PLACEMENT_3D('',#11087,#11088,#11089);
#11087 = CARTESIAN_POINT('',(17.8,94.,74.));
#11088 = DIRECTION('',(0.,0.,1.));
#11089 = DIRECTION('',(1.,0.,0.));
#11090 = ADVANCED_FACE('',(#11091),#11116,.T.);
#11091 = FACE_BOUND('',#11092,.T.);
#11092 = EDGE_LOOP('',(#11093,#11103,#11109,#11110));
#11093 = ORIENTED_EDGE('',*,*,#11094,.F.);
#11094 = EDGE_CURVE('',#11095,#11097,#11099,.T.);
#11095 = VERTEX_POINT('',#11096);
#11096 = CARTESIAN_POINT('',(17.8,96.8,68.));
#11097 = VERTEX_POINT('',#11098);
#11098 = CARTESIAN_POINT('',(124.2,96.8,68.));
#11099 = LINE('',#11100,#11101);
#11100 = CARTESIAN_POINT('',(17.8,96.8,68.));
#11101 = VECTOR('',#11102,1.);
#11102 = DIRECTION('',(1.,0.,0.));
#11103 = ORIENTED_EDGE('',*,*,#11104,.T.);
#11104 = EDGE_CURVE('',#11095,#11064,#11105,.T.);
#11105 = LINE('',#11106,#11107);
#11106 = CARTESIAN_POINT('',(17.8,96.8,68.));
#11107 = VECTOR('',#11108,1.);
#11108 = DIRECTION('',(0.,0.,1.));
#11109 = ORIENTED_EDGE('',*,*,#11080,.T.);
#11110 = ORIENTED_EDGE('',*,*,#11111,.F.);
#11111 = EDGE_CURVE('',#11097,#11073,#11112,.T.);
#11112 = LINE('',#11113,#11114);
#11113 = CARTESIAN_POINT('',(124.2,96.8,68.));
#11114 = VECTOR('',#11115,1.);
#11115 = DIRECTION('',(0.,0.,1.));
#11116 = PLANE('',#11117);
#11117 = AXIS2_PLACEMENT_3D('',#11118,#11119,#11120);
#11118 = CARTESIAN_POINT('',(17.8,96.8,68.));
#11119 = DIRECTION('',(0.,1.,0.));
#11120 = DIRECTION('',(0.,0.,1.));
#11121 = ADVANCED_FACE('',(#11122),#11202,.F.);
#11122 = FACE_BOUND('',#11123,.F.);
#11123 = EDGE_LOOP('',(#11124,#11132,#11133,#11141,#11149,#11157,#11165,
    #11171,#11172,#11180,#11188,#11196));
#11124 = ORIENTED_EDGE('',*,*,#11125,.F.);
#11125 = EDGE_CURVE('',#11024,#11126,#11128,.T.);
#11126 = VERTEX_POINT('',#11127);
#11127 = CARTESIAN_POINT('',(17.8,94.2,68.));
#11128 = LINE('',#11129,#11130);
#11129 = CARTESIAN_POINT('',(17.8,94.,68.));
#11130 = VECTOR('',#11131,1.);
#11131 = DIRECTION('',(0.,1.,0.));
#11132 = ORIENTED_EDGE('',*,*,#11023,.T.);
#11133 = ORIENTED_EDGE('',*,*,#11134,.T.);
#11134 = EDGE_CURVE('',#11026,#11135,#11137,.T.);
#11135 = VERTEX_POINT('',#11136);
#11136 = CARTESIAN_POINT('',(124.2,94.2,68.));
#11137 = LINE('',#11138,#11139);
#11138 = CARTESIAN_POINT('',(124.2,94.,68.));
#11139 = VECTOR('',#11140,1.);
#11140 = DIRECTION('',(0.,1.,0.));
#11141 = ORIENTED_EDGE('',*,*,#11142,.F.);
#11142 = EDGE_CURVE('',#11143,#11135,#11145,.T.);
#11143 = VERTEX_POINT('',#11144);
#11144 = CARTESIAN_POINT('',(121.2,94.2,68.));
#11145 = LINE('',#11146,#11147);
#11146 = CARTESIAN_POINT('',(121.2,94.2,68.));
#11147 = VECTOR('',#11148,1.);
#11148 = DIRECTION('',(1.,0.,0.));
#11149 = ORIENTED_EDGE('',*,*,#11150,.T.);
#11150 = EDGE_CURVE('',#11143,#11151,#11153,.T.);
#11151 = VERTEX_POINT('',#11152);
#11152 = CARTESIAN_POINT('',(121.2,96.6,68.));
#11153 = LINE('',#11154,#11155);
#11154 = CARTESIAN_POINT('',(121.2,94.2,68.));
#11155 = VECTOR('',#11156,1.);
#11156 = DIRECTION('',(0.,1.,0.));
#11157 = ORIENTED_EDGE('',*,*,#11158,.T.);
#11158 = EDGE_CURVE('',#11151,#11159,#11161,.T.);
#11159 = VERTEX_POINT('',#11160);
#11160 = CARTESIAN_POINT('',(124.2,96.6,68.));
#11161 = LINE('',#11162,#11163);
#11162 = CARTESIAN_POINT('',(121.2,96.6,68.));
#11163 = VECTOR('',#11164,1.);
#11164 = DIRECTION('',(1.,0.,0.));
#11165 = ORIENTED_EDGE('',*,*,#11166,.T.);
#11166 = EDGE_CURVE('',#11159,#11097,#11167,.T.);
#11167 = LINE('',#11168,#11169);
#11168 = CARTESIAN_POINT('',(124.2,94.,68.));
#11169 = VECTOR('',#11170,1.);
#11170 = DIRECTION('',(0.,1.,0.));
#11171 = ORIENTED_EDGE('',*,*,#11094,.F.);
#11172 = ORIENTED_EDGE('',*,*,#11173,.F.);
#11173 = EDGE_CURVE('',#11174,#11095,#11176,.T.);
#11174 = VERTEX_POINT('',#11175);
#11175 = CARTESIAN_POINT('',(17.8,96.6,68.));
#11176 = LINE('',#11177,#11178);
#11177 = CARTESIAN_POINT('',(17.8,94.,68.));
#11178 = VECTOR('',#11179,1.);
#11179 = DIRECTION('',(0.,1.,0.));
#11180 = ORIENTED_EDGE('',*,*,#11181,.T.);
#11181 = EDGE_CURVE('',#11174,#11182,#11184,.T.);
#11182 = VERTEX_POINT('',#11183);
#11183 = CARTESIAN_POINT('',(20.8,96.6,68.));
#11184 = LINE('',#11185,#11186);
#11185 = CARTESIAN_POINT('',(17.8,96.6,68.));
#11186 = VECTOR('',#11187,1.);
#11187 = DIRECTION('',(1.,0.,0.));
#11188 = ORIENTED_EDGE('',*,*,#11189,.F.);
#11189 = EDGE_CURVE('',#11190,#11182,#11192,.T.);
#11190 = VERTEX_POINT('',#11191);
#11191 = CARTESIAN_POINT('',(20.8,94.2,68.));
#11192 = LINE('',#11193,#11194);
#11193 = CARTESIAN_POINT('',(20.8,94.2,68.));
#11194 = VECTOR('',#11195,1.);
#11195 = DIRECTION('',(0.,1.,0.));
#11196 = ORIENTED_EDGE('',*,*,#11197,.F.);
#11197 = EDGE_CURVE('',#11126,#11190,#11198,.T.);
#11198 = LINE('',#11199,#11200);
#11199 = CARTESIAN_POINT('',(17.8,94.2,68.));
#11200 = VECTOR('',#11201,1.);
#11201 = DIRECTION('',(1.,0.,0.));
#11202 = PLANE('',#11203);
#11203 = AXIS2_PLACEMENT_3D('',#11204,#11205,#11206);
#11204 = CARTESIAN_POINT('',(17.8,94.,68.));
#11205 = DIRECTION('',(0.,0.,1.));
#11206 = DIRECTION('',(1.,0.,0.));
#11207 = ADVANCED_FACE('',(#11208),#11233,.F.);
#11208 = FACE_BOUND('',#11209,.F.);
#11209 = EDGE_LOOP('',(#11210,#11220,#11226,#11227));
#11210 = ORIENTED_EDGE('',*,*,#11211,.F.);
#11211 = EDGE_CURVE('',#11212,#11214,#11216,.T.);
#11212 = VERTEX_POINT('',#11213);
#11213 = CARTESIAN_POINT('',(17.8,94.2,62.));
#11214 = VERTEX_POINT('',#11215);
#11215 = CARTESIAN_POINT('',(20.8,94.2,62.));
#11216 = LINE('',#11217,#11218);
#11217 = CARTESIAN_POINT('',(17.8,94.2,62.));
#11218 = VECTOR('',#11219,1.);
#11219 = DIRECTION('',(1.,0.,0.));
#11220 = ORIENTED_EDGE('',*,*,#11221,.T.);
#11221 = EDGE_CURVE('',#11212,#11126,#11222,.T.);
#11222 = LINE('',#11223,#11224);
#11223 = CARTESIAN_POINT('',(17.8,94.2,62.));
#11224 = VECTOR('',#11225,1.);
#11225 = DIRECTION('',(0.,0.,1.));
#11226 = ORIENTED_EDGE('',*,*,#11197,.T.);
#11227 = ORIENTED_EDGE('',*,*,#11228,.F.);
#11228 = EDGE_CURVE('',#11214,#11190,#11229,.T.);
#11229 = LINE('',#11230,#11231);
#11230 = CARTESIAN_POINT('',(20.8,94.2,62.));
#11231 = VECTOR('',#11232,1.);
#11232 = DIRECTION('',(0.,0.,1.));
#11233 = PLANE('',#11234);
#11234 = AXIS2_PLACEMENT_3D('',#11235,#11236,#11237);
#11235 = CARTESIAN_POINT('',(17.8,94.2,62.));
#11236 = DIRECTION('',(0.,1.,0.));
#11237 = DIRECTION('',(0.,0.,1.));
#11238 = ADVANCED_FACE('',(#11239),#11257,.T.);
#11239 = FACE_BOUND('',#11240,.T.);
#11240 = EDGE_LOOP('',(#11241,#11242,#11250,#11256));
#11241 = ORIENTED_EDGE('',*,*,#11228,.F.);
#11242 = ORIENTED_EDGE('',*,*,#11243,.T.);
#11243 = EDGE_CURVE('',#11214,#11244,#11246,.T.);
#11244 = VERTEX_POINT('',#11245);
#11245 = CARTESIAN_POINT('',(20.8,96.6,62.));
#11246 = LINE('',#11247,#11248);
#11247 = CARTESIAN_POINT('',(20.8,94.2,62.));
#11248 = VECTOR('',#11249,1.);
#11249 = DIRECTION('',(0.,1.,0.));
#11250 = ORIENTED_EDGE('',*,*,#11251,.T.);
#11251 = EDGE_CURVE('',#11244,#11182,#11252,.T.);
#11252 = LINE('',#11253,#11254);
#11253 = CARTESIAN_POINT('',(20.8,96.6,62.));
#11254 = VECTOR('',#11255,1.);
#11255 = DIRECTION('',(0.,0.,1.));
#11256 = ORIENTED_EDGE('',*,*,#11189,.F.);
#11257 = PLANE('',#11258);
#11258 = AXIS2_PLACEMENT_3D('',#11259,#11260,#11261);
#11259 = CARTESIAN_POINT('',(20.8,94.2,62.));
#11260 = DIRECTION('',(1.,0.,0.));
#11261 = DIRECTION('',(0.,0.,1.));
#11262 = ADVANCED_FACE('',(#11263),#11281,.T.);
#11263 = FACE_BOUND('',#11264,.T.);
#11264 = EDGE_LOOP('',(#11265,#11273,#11279,#11280));
#11265 = ORIENTED_EDGE('',*,*,#11266,.F.);
#11266 = EDGE_CURVE('',#11267,#11244,#11269,.T.);
#11267 = VERTEX_POINT('',#11268);
#11268 = CARTESIAN_POINT('',(17.8,96.6,62.));
#11269 = LINE('',#11270,#11271);
#11270 = CARTESIAN_POINT('',(17.8,96.6,62.));
#11271 = VECTOR('',#11272,1.);
#11272 = DIRECTION('',(1.,0.,0.));
#11273 = ORIENTED_EDGE('',*,*,#11274,.T.);
#11274 = EDGE_CURVE('',#11267,#11174,#11275,.T.);
#11275 = LINE('',#11276,#11277);
#11276 = CARTESIAN_POINT('',(17.8,96.6,62.));
#11277 = VECTOR('',#11278,1.);
#11278 = DIRECTION('',(0.,0.,1.));
#11279 = ORIENTED_EDGE('',*,*,#11181,.T.);
#11280 = ORIENTED_EDGE('',*,*,#11251,.F.);
#11281 = PLANE('',#11282);
#11282 = AXIS2_PLACEMENT_3D('',#11283,#11284,#11285);
#11283 = CARTESIAN_POINT('',(17.8,96.6,62.));
#11284 = DIRECTION('',(0.,1.,0.));
#11285 = DIRECTION('',(0.,0.,1.));
#11286 = ADVANCED_FACE('',(#11287),#11312,.T.);
#11287 = FACE_BOUND('',#11288,.T.);
#11288 = EDGE_LOOP('',(#11289,#11299,#11305,#11306));
#11289 = ORIENTED_EDGE('',*,*,#11290,.F.);
#11290 = EDGE_CURVE('',#11291,#11293,#11295,.T.);
#11291 = VERTEX_POINT('',#11292);
#11292 = CARTESIAN_POINT('',(121.2,96.6,62.));
#11293 = VERTEX_POINT('',#11294);
#11294 = CARTESIAN_POINT('',(124.2,96.6,62.));
#11295 = LINE('',#11296,#11297);
#11296 = CARTESIAN_POINT('',(121.2,96.6,62.));
#11297 = VECTOR('',#11298,1.);
#11298 = DIRECTION('',(1.,0.,0.));
#11299 = ORIENTED_EDGE('',*,*,#11300,.T.);
#11300 = EDGE_CURVE('',#11291,#11151,#11301,.T.);
#11301 = LINE('',#11302,#11303);
#11302 = CARTESIAN_POINT('',(121.2,96.6,62.));
#11303 = VECTOR('',#11304,1.);
#11304 = DIRECTION('',(0.,0.,1.));
#11305 = ORIENTED_EDGE('',*,*,#11158,.T.);
#11306 = ORIENTED_EDGE('',*,*,#11307,.F.);
#11307 = EDGE_CURVE('',#11293,#11159,#11308,.T.);
#11308 = LINE('',#11309,#11310);
#11309 = CARTESIAN_POINT('',(124.2,96.6,62.));
#11310 = VECTOR('',#11311,1.);
#11311 = DIRECTION('',(0.,0.,1.));
#11312 = PLANE('',#11313);
#11313 = AXIS2_PLACEMENT_3D('',#11314,#11315,#11316);
#11314 = CARTESIAN_POINT('',(121.2,96.6,62.));
#11315 = DIRECTION('',(0.,1.,0.));
#11316 = DIRECTION('',(0.,0.,1.));
#11317 = ADVANCED_FACE('',(#11318),#11336,.F.);
#11318 = FACE_BOUND('',#11319,.F.);
#11319 = EDGE_LOOP('',(#11320,#11328,#11334,#11335));
#11320 = ORIENTED_EDGE('',*,*,#11321,.F.);
#11321 = EDGE_CURVE('',#11322,#11143,#11324,.T.);
#11322 = VERTEX_POINT('',#11323);
#11323 = CARTESIAN_POINT('',(121.2,94.2,62.));
#11324 = LINE('',#11325,#11326);
#11325 = CARTESIAN_POINT('',(121.2,94.2,62.));
#11326 = VECTOR('',#11327,1.);
#11327 = DIRECTION('',(0.,0.,1.));
#11328 = ORIENTED_EDGE('',*,*,#11329,.T.);
#11329 = EDGE_CURVE('',#11322,#11291,#11330,.T.);
#11330 = LINE('',#11331,#11332);
#11331 = CARTESIAN_POINT('',(121.2,94.2,62.));
#11332 = VECTOR('',#11333,1.);
#11333 = DIRECTION('',(0.,1.,0.));
#11334 = ORIENTED_EDGE('',*,*,#11300,.T.);
#11335 = ORIENTED_EDGE('',*,*,#11150,.F.);
#11336 = PLANE('',#11337);
#11337 = AXIS2_PLACEMENT_3D('',#11338,#11339,#11340);
#11338 = CARTESIAN_POINT('',(121.2,94.2,62.));
#11339 = DIRECTION('',(1.,0.,0.));
#11340 = DIRECTION('',(0.,0.,1.));
#11341 = ADVANCED_FACE('',(#11342),#11360,.F.);
#11342 = FACE_BOUND('',#11343,.F.);
#11343 = EDGE_LOOP('',(#11344,#11352,#11353,#11354));
#11344 = ORIENTED_EDGE('',*,*,#11345,.F.);
#11345 = EDGE_CURVE('',#11322,#11346,#11348,.T.);
#11346 = VERTEX_POINT('',#11347);
#11347 = CARTESIAN_POINT('',(124.2,94.2,62.));
#11348 = LINE('',#11349,#11350);
#11349 = CARTESIAN_POINT('',(121.2,94.2,62.));
#11350 = VECTOR('',#11351,1.);
#11351 = DIRECTION('',(1.,0.,0.));
#11352 = ORIENTED_EDGE('',*,*,#11321,.T.);
#11353 = ORIENTED_EDGE('',*,*,#11142,.T.);
#11354 = ORIENTED_EDGE('',*,*,#11355,.F.);
#11355 = EDGE_CURVE('',#11346,#11135,#11356,.T.);
#11356 = LINE('',#11357,#11358);
#11357 = CARTESIAN_POINT('',(124.2,94.2,62.));
#11358 = VECTOR('',#11359,1.);
#11359 = DIRECTION('',(0.,0.,1.));
#11360 = PLANE('',#11361);
#11361 = AXIS2_PLACEMENT_3D('',#11362,#11363,#11364);
#11362 = CARTESIAN_POINT('',(121.2,94.2,62.));
#11363 = DIRECTION('',(0.,1.,0.));
#11364 = DIRECTION('',(0.,0.,1.));
#11365 = ADVANCED_FACE('',(#11366),#11377,.F.);
#11366 = FACE_BOUND('',#11367,.F.);
#11367 = EDGE_LOOP('',(#11368,#11374,#11375,#11376));
#11368 = ORIENTED_EDGE('',*,*,#11369,.F.);
#11369 = EDGE_CURVE('',#11212,#11267,#11370,.T.);
#11370 = LINE('',#11371,#11372);
#11371 = CARTESIAN_POINT('',(17.8,94.2,62.));
#11372 = VECTOR('',#11373,1.);
#11373 = DIRECTION('',(0.,1.,0.));
#11374 = ORIENTED_EDGE('',*,*,#11211,.T.);
#11375 = ORIENTED_EDGE('',*,*,#11243,.T.);
#11376 = ORIENTED_EDGE('',*,*,#11266,.F.);
#11377 = PLANE('',#11378);
#11378 = AXIS2_PLACEMENT_3D('',#11379,#11380,#11381);
#11379 = CARTESIAN_POINT('',(17.8,94.2,62.));
#11380 = DIRECTION('',(0.,0.,1.));
#11381 = DIRECTION('',(1.,0.,0.));
#11382 = ADVANCED_FACE('',(#11383),#11394,.F.);
#11383 = FACE_BOUND('',#11384,.F.);
#11384 = EDGE_LOOP('',(#11385,#11386,#11387,#11393));
#11385 = ORIENTED_EDGE('',*,*,#11329,.F.);
#11386 = ORIENTED_EDGE('',*,*,#11345,.T.);
#11387 = ORIENTED_EDGE('',*,*,#11388,.T.);
#11388 = EDGE_CURVE('',#11346,#11293,#11389,.T.);
#11389 = LINE('',#11390,#11391);
#11390 = CARTESIAN_POINT('',(124.2,94.2,62.));
#11391 = VECTOR('',#11392,1.);
#11392 = DIRECTION('',(0.,1.,0.));
#11393 = ORIENTED_EDGE('',*,*,#11290,.F.);
#11394 = PLANE('',#11395);
#11395 = AXIS2_PLACEMENT_3D('',#11396,#11397,#11398);
#11396 = CARTESIAN_POINT('',(121.2,94.2,62.));
#11397 = DIRECTION('',(0.,0.,1.));
#11398 = DIRECTION('',(1.,0.,0.));
#11399 = ADVANCED_FACE('',(#11400),#11410,.T.);
#11400 = FACE_BOUND('',#11401,.T.);
#11401 = EDGE_LOOP('',(#11402,#11403,#11404,#11405,#11406,#11407,#11408,
    #11409));
#11402 = ORIENTED_EDGE('',*,*,#11033,.T.);
#11403 = ORIENTED_EDGE('',*,*,#11063,.T.);
#11404 = ORIENTED_EDGE('',*,*,#11104,.F.);
#11405 = ORIENTED_EDGE('',*,*,#11173,.F.);
#11406 = ORIENTED_EDGE('',*,*,#11274,.F.);
#11407 = ORIENTED_EDGE('',*,*,#11369,.F.);
#11408 = ORIENTED_EDGE('',*,*,#11221,.T.);
#11409 = ORIENTED_EDGE('',*,*,#11125,.F.);
#11410 = PLANE('',#11411);
#11411 = AXIS2_PLACEMENT_3D('',#11412,#11413,#11414);
#11412 = CARTESIAN_POINT('',(17.8,95.4,68.081081081081));
#11413 = DIRECTION('',(-1.,-0.,-0.));
#11414 = DIRECTION('',(0.,0.,-1.));
#11415 = ADVANCED_FACE('',(#11416),#11426,.T.);
#11416 = FACE_BOUND('',#11417,.T.);
#11417 = EDGE_LOOP('',(#11418,#11419,#11420,#11421,#11422,#11423,#11424,
    #11425));
#11418 = ORIENTED_EDGE('',*,*,#11049,.F.);
#11419 = ORIENTED_EDGE('',*,*,#11134,.T.);
#11420 = ORIENTED_EDGE('',*,*,#11355,.F.);
#11421 = ORIENTED_EDGE('',*,*,#11388,.T.);
#11422 = ORIENTED_EDGE('',*,*,#11307,.T.);
#11423 = ORIENTED_EDGE('',*,*,#11166,.T.);
#11424 = ORIENTED_EDGE('',*,*,#11111,.T.);
#11425 = ORIENTED_EDGE('',*,*,#11072,.F.);
#11426 = PLANE('',#11427);
#11427 = AXIS2_PLACEMENT_3D('',#11428,#11429,#11430);
#11428 = CARTESIAN_POINT('',(124.2,95.4,68.081081081081));
#11429 = DIRECTION('',(1.,0.,0.));
#11430 = DIRECTION('',(0.,0.,1.));
#11431 = MANIFOLD_SOLID_BREP('',#11432);
#11432 = CLOSED_SHELL('',(#11433,#11473,#11504,#11544,#11575,#11606,
    #11637,#11661,#11696,#11722,#11750,#11767));
#11433 = ADVANCED_FACE('',(#11434),#11468,.T.);
#11434 = FACE_BOUND('',#11435,.T.);
#11435 = EDGE_LOOP('',(#11436,#11446,#11454,#11462));
#11436 = ORIENTED_EDGE('',*,*,#11437,.F.);
#11437 = EDGE_CURVE('',#11438,#11440,#11442,.T.);
#11438 = VERTEX_POINT('',#11439);
#11439 = CARTESIAN_POINT('',(17.8,2.2,74.8));
#11440 = VERTEX_POINT('',#11441);
#11441 = CARTESIAN_POINT('',(17.8,84.,74.8));
#11442 = LINE('',#11443,#11444);
#11443 = CARTESIAN_POINT('',(17.8,2.2,74.8));
#11444 = VECTOR('',#11445,1.);
#11445 = DIRECTION('',(0.,1.,0.));
#11446 = ORIENTED_EDGE('',*,*,#11447,.T.);
#11447 = EDGE_CURVE('',#11438,#11448,#11450,.T.);
#11448 = VERTEX_POINT('',#11449);
#11449 = CARTESIAN_POINT('',(18.8,2.2,74.8));
#11450 = LINE('',#11451,#11452);
#11451 = CARTESIAN_POINT('',(17.8,2.2,74.8));
#11452 = VECTOR('',#11453,1.);
#11453 = DIRECTION('',(1.,0.,0.));
#11454 = ORIENTED_EDGE('',*,*,#11455,.T.);
#11455 = EDGE_CURVE('',#11448,#11456,#11458,.T.);
#11456 = VERTEX_POINT('',#11457);
#11457 = CARTESIAN_POINT('',(18.8,84.,74.8));
#11458 = LINE('',#11459,#11460);
#11459 = CARTESIAN_POINT('',(18.8,2.2,74.8));
#11460 = VECTOR('',#11461,1.);
#11461 = DIRECTION('',(0.,1.,0.));
#11462 = ORIENTED_EDGE('',*,*,#11463,.T.);
#11463 = EDGE_CURVE('',#11456,#11440,#11464,.T.);
#11464 = LINE('',#11465,#11466);
#11465 = CARTESIAN_POINT('',(17.8,84.,74.8));
#11466 = VECTOR('',#11467,1.);
#11467 = DIRECTION('',(-1.,0.,0.));
#11468 = PLANE('',#11469);
#11469 = AXIS2_PLACEMENT_3D('',#11470,#11471,#11472);
#11470 = CARTESIAN_POINT('',(17.8,2.2,74.8));
#11471 = DIRECTION('',(0.,0.,1.));
#11472 = DIRECTION('',(1.,0.,0.));
#11473 = ADVANCED_FACE('',(#11474),#11499,.F.);
#11474 = FACE_BOUND('',#11475,.F.);
#11475 = EDGE_LOOP('',(#11476,#11486,#11492,#11493));
#11476 = ORIENTED_EDGE('',*,*,#11477,.F.);
#11477 = EDGE_CURVE('',#11478,#11480,#11482,.T.);
#11478 = VERTEX_POINT('',#11479);
#11479 = CARTESIAN_POINT('',(17.8,2.2,68.));
#11480 = VERTEX_POINT('',#11481);
#11481 = CARTESIAN_POINT('',(18.8,2.2,68.));
#11482 = LINE('',#11483,#11484);
#11483 = CARTESIAN_POINT('',(17.8,2.2,68.));
#11484 = VECTOR('',#11485,1.);
#11485 = DIRECTION('',(1.,0.,0.));
#11486 = ORIENTED_EDGE('',*,*,#11487,.T.);
#11487 = EDGE_CURVE('',#11478,#11438,#11488,.T.);
#11488 = LINE('',#11489,#11490);
#11489 = CARTESIAN_POINT('',(17.8,2.2,68.));
#11490 = VECTOR('',#11491,1.);
#11491 = DIRECTION('',(0.,0.,1.));
#11492 = ORIENTED_EDGE('',*,*,#11447,.T.);
#11493 = ORIENTED_EDGE('',*,*,#11494,.F.);
#11494 = EDGE_CURVE('',#11480,#11448,#11495,.T.);
#11495 = LINE('',#11496,#11497);
#11496 = CARTESIAN_POINT('',(18.8,2.2,68.));
#11497 = VECTOR('',#11498,1.);
#11498 = DIRECTION('',(0.,0.,1.));
#11499 = PLANE('',#11500);
#11500 = AXIS2_PLACEMENT_3D('',#11501,#11502,#11503);
#11501 = CARTESIAN_POINT('',(17.8,2.2,68.));
#11502 = DIRECTION('',(0.,1.,0.));
#11503 = DIRECTION('',(0.,0.,1.));
#11504 = ADVANCED_FACE('',(#11505),#11539,.T.);
#11505 = FACE_BOUND('',#11506,.T.);
#11506 = EDGE_LOOP('',(#11507,#11508,#11516,#11524,#11532,#11538));
#11507 = ORIENTED_EDGE('',*,*,#11437,.T.);
#11508 = ORIENTED_EDGE('',*,*,#11509,.T.);
#11509 = EDGE_CURVE('',#11440,#11510,#11512,.T.);
#11510 = VERTEX_POINT('',#11511);
#11511 = CARTESIAN_POINT('',(17.8,84.,77.4));
#11512 = LINE('',#11513,#11514);
#11513 = CARTESIAN_POINT('',(17.8,84.,68.));
#11514 = VECTOR('',#11515,1.);
#11515 = DIRECTION('',(0.,0.,1.));
#11516 = ORIENTED_EDGE('',*,*,#11517,.F.);
#11517 = EDGE_CURVE('',#11518,#11510,#11520,.T.);
#11518 = VERTEX_POINT('',#11519);
#11519 = CARTESIAN_POINT('',(17.8,92.,77.4));
#11520 = LINE('',#11521,#11522);
#11521 = CARTESIAN_POINT('',(17.8,84.,77.4));
#11522 = VECTOR('',#11523,1.);
#11523 = DIRECTION('',(0.,-1.,0.));
#11524 = ORIENTED_EDGE('',*,*,#11525,.F.);
#11525 = EDGE_CURVE('',#11526,#11518,#11528,.T.);
#11526 = VERTEX_POINT('',#11527);
#11527 = CARTESIAN_POINT('',(17.8,92.,68.));
#11528 = LINE('',#11529,#11530);
#11529 = CARTESIAN_POINT('',(17.8,92.,68.));
#11530 = VECTOR('',#11531,1.);
#11531 = DIRECTION('',(0.,0.,1.));
#11532 = ORIENTED_EDGE('',*,*,#11533,.F.);
#11533 = EDGE_CURVE('',#11478,#11526,#11534,.T.);
#11534 = LINE('',#11535,#11536);
#11535 = CARTESIAN_POINT('',(17.8,2.2,68.));
#11536 = VECTOR('',#11537,1.);
#11537 = DIRECTION('',(0.,1.,0.));
#11538 = ORIENTED_EDGE('',*,*,#11487,.T.);
#11539 = PLANE('',#11540);
#11540 = AXIS2_PLACEMENT_3D('',#11541,#11542,#11543);
#11541 = CARTESIAN_POINT('',(17.8,48.171975806452,71.628024193548));
#11542 = DIRECTION('',(-1.,-0.,-0.));
#11543 = DIRECTION('',(0.,0.,-1.));
#11544 = ADVANCED_FACE('',(#11545),#11570,.F.);
#11545 = FACE_BOUND('',#11546,.F.);
#11546 = EDGE_LOOP('',(#11547,#11557,#11563,#11564));
#11547 = ORIENTED_EDGE('',*,*,#11548,.F.);
#11548 = EDGE_CURVE('',#11549,#11551,#11553,.T.);
#11549 = VERTEX_POINT('',#11550);
#11550 = CARTESIAN_POINT('',(14.,84.,77.4));
#11551 = VERTEX_POINT('',#11552);
#11552 = CARTESIAN_POINT('',(14.,92.,77.4));
#11553 = LINE('',#11554,#11555);
#11554 = CARTESIAN_POINT('',(14.,84.,77.4));
#11555 = VECTOR('',#11556,1.);
#11556 = DIRECTION('',(0.,1.,0.));
#11557 = ORIENTED_EDGE('',*,*,#11558,.T.);
#11558 = EDGE_CURVE('',#11549,#11510,#11559,.T.);
#11559 = LINE('',#11560,#11561);
#11560 = CARTESIAN_POINT('',(13.,84.,77.4));
#11561 = VECTOR('',#11562,1.);
#11562 = DIRECTION('',(1.,0.,0.));
#11563 = ORIENTED_EDGE('',*,*,#11517,.F.);
#11564 = ORIENTED_EDGE('',*,*,#11565,.F.);
#11565 = EDGE_CURVE('',#11551,#11518,#11566,.T.);
#11566 = LINE('',#11567,#11568);
#11567 = CARTESIAN_POINT('',(13.,92.,77.4));
#11568 = VECTOR('',#11569,1.);
#11569 = DIRECTION('',(1.,0.,0.));
#11570 = PLANE('',#11571);
#11571 = AXIS2_PLACEMENT_3D('',#11572,#11573,#11574);
#11572 = CARTESIAN_POINT('',(13.,84.,77.4));
#11573 = DIRECTION('',(0.,0.,1.));
#11574 = DIRECTION('',(1.,0.,0.));
#11575 = ADVANCED_FACE('',(#11576),#11601,.T.);
#11576 = FACE_BOUND('',#11577,.T.);
#11577 = EDGE_LOOP('',(#11578,#11586,#11594,#11600));
#11578 = ORIENTED_EDGE('',*,*,#11579,.F.);
#11579 = EDGE_CURVE('',#11580,#11549,#11582,.T.);
#11580 = VERTEX_POINT('',#11581);
#11581 = CARTESIAN_POINT('',(14.,84.,73.4));
#11582 = LINE('',#11583,#11584);
#11583 = CARTESIAN_POINT('',(14.,84.,73.4));
#11584 = VECTOR('',#11585,1.);
#11585 = DIRECTION('',(0.,0.,1.));
#11586 = ORIENTED_EDGE('',*,*,#11587,.T.);
#11587 = EDGE_CURVE('',#11580,#11588,#11590,.T.);
#11588 = VERTEX_POINT('',#11589);
#11589 = CARTESIAN_POINT('',(14.,92.,73.4));
#11590 = LINE('',#11591,#11592);
#11591 = CARTESIAN_POINT('',(14.,84.,73.4));
#11592 = VECTOR('',#11593,1.);
#11593 = DIRECTION('',(0.,1.,0.));
#11594 = ORIENTED_EDGE('',*,*,#11595,.T.);
#11595 = EDGE_CURVE('',#11588,#11551,#11596,.T.);
#11596 = LINE('',#11597,#11598);
#11597 = CARTESIAN_POINT('',(14.,92.,73.4));
#11598 = VECTOR('',#11599,1.);
#11599 = DIRECTION('',(0.,0.,1.));
#11600 = ORIENTED_EDGE('',*,*,#11548,.F.);
#11601 = PLANE('',#11602);
#11602 = AXIS2_PLACEMENT_3D('',#11603,#11604,#11605);
#11603 = CARTESIAN_POINT('',(14.,84.,73.4));
#11604 = DIRECTION('',(1.,0.,0.));
#11605 = DIRECTION('',(0.,0.,1.));
#11606 = ADVANCED_FACE('',(#11607),#11632,.F.);
#11607 = FACE_BOUND('',#11608,.F.);
#11608 = EDGE_LOOP('',(#11609,#11619,#11625,#11626));
#11609 = ORIENTED_EDGE('',*,*,#11610,.F.);
#11610 = EDGE_CURVE('',#11611,#11613,#11615,.T.);
#11611 = VERTEX_POINT('',#11612);
#11612 = CARTESIAN_POINT('',(13.,84.,73.4));
#11613 = VERTEX_POINT('',#11614);
#11614 = CARTESIAN_POINT('',(13.,92.,73.4));
#11615 = LINE('',#11616,#11617);
#11616 = CARTESIAN_POINT('',(13.,84.,73.4));
#11617 = VECTOR('',#11618,1.);
#11618 = DIRECTION('',(0.,1.,0.));
#11619 = ORIENTED_EDGE('',*,*,#11620,.T.);
#11620 = EDGE_CURVE('',#11611,#11580,#11621,.T.);
#11621 = LINE('',#11622,#11623);
#11622 = CARTESIAN_POINT('',(13.,84.,73.4));
#11623 = VECTOR('',#11624,1.);
#11624 = DIRECTION('',(1.,0.,0.));
#11625 = ORIENTED_EDGE('',*,*,#11587,.T.);
#11626 = ORIENTED_EDGE('',*,*,#11627,.F.);
#11627 = EDGE_CURVE('',#11613,#11588,#11628,.T.);
#11628 = LINE('',#11629,#11630);
#11629 = CARTESIAN_POINT('',(13.,92.,73.4));
#11630 = VECTOR('',#11631,1.);
#11631 = DIRECTION('',(1.,0.,0.));
#11632 = PLANE('',#11633);
#11633 = AXIS2_PLACEMENT_3D('',#11634,#11635,#11636);
#11634 = CARTESIAN_POINT('',(13.,84.,73.4));
#11635 = DIRECTION('',(0.,0.,1.));
#11636 = DIRECTION('',(1.,0.,0.));
#11637 = ADVANCED_FACE('',(#11638),#11656,.F.);
#11638 = FACE_BOUND('',#11639,.T.);
#11639 = EDGE_LOOP('',(#11640,#11641,#11649,#11655));
#11640 = ORIENTED_EDGE('',*,*,#11533,.T.);
#11641 = ORIENTED_EDGE('',*,*,#11642,.T.);
#11642 = EDGE_CURVE('',#11526,#11643,#11645,.T.);
#11643 = VERTEX_POINT('',#11644);
#11644 = CARTESIAN_POINT('',(18.8,92.,68.));
#11645 = LINE('',#11646,#11647);
#11646 = CARTESIAN_POINT('',(17.8,92.,68.));
#11647 = VECTOR('',#11648,1.);
#11648 = DIRECTION('',(1.,0.,0.));
#11649 = ORIENTED_EDGE('',*,*,#11650,.F.);
#11650 = EDGE_CURVE('',#11480,#11643,#11651,.T.);
#11651 = LINE('',#11652,#11653);
#11652 = CARTESIAN_POINT('',(18.8,2.2,68.));
#11653 = VECTOR('',#11654,1.);
#11654 = DIRECTION('',(0.,1.,0.));
#11655 = ORIENTED_EDGE('',*,*,#11477,.F.);
#11656 = PLANE('',#11657);
#11657 = AXIS2_PLACEMENT_3D('',#11658,#11659,#11660);
#11658 = CARTESIAN_POINT('',(17.8,2.2,68.));
#11659 = DIRECTION('',(0.,0.,1.));
#11660 = DIRECTION('',(1.,0.,0.));
#11661 = ADVANCED_FACE('',(#11662),#11691,.T.);
#11662 = FACE_BOUND('',#11663,.T.);
#11663 = EDGE_LOOP('',(#11664,#11665,#11673,#11681,#11687,#11688,#11689,
    #11690));
#11664 = ORIENTED_EDGE('',*,*,#11463,.F.);
#11665 = ORIENTED_EDGE('',*,*,#11666,.T.);
#11666 = EDGE_CURVE('',#11456,#11667,#11669,.T.);
#11667 = VERTEX_POINT('',#11668);
#11668 = CARTESIAN_POINT('',(18.8,84.,79.4));
#11669 = LINE('',#11670,#11671);
#11670 = CARTESIAN_POINT('',(18.8,84.,68.));
#11671 = VECTOR('',#11672,1.);
#11672 = DIRECTION('',(0.,0.,1.));
#11673 = ORIENTED_EDGE('',*,*,#11674,.F.);
#11674 = EDGE_CURVE('',#11675,#11667,#11677,.T.);
#11675 = VERTEX_POINT('',#11676);
#11676 = CARTESIAN_POINT('',(13.,84.,79.4));
#11677 = LINE('',#11678,#11679);
#11678 = CARTESIAN_POINT('',(17.8,84.,79.4));
#11679 = VECTOR('',#11680,1.);
#11680 = DIRECTION('',(1.,0.,0.));
#11681 = ORIENTED_EDGE('',*,*,#11682,.F.);
#11682 = EDGE_CURVE('',#11611,#11675,#11683,.T.);
#11683 = LINE('',#11684,#11685);
#11684 = CARTESIAN_POINT('',(13.,84.,77.4));
#11685 = VECTOR('',#11686,1.);
#11686 = DIRECTION('',(0.,0.,1.));
#11687 = ORIENTED_EDGE('',*,*,#11620,.T.);
#11688 = ORIENTED_EDGE('',*,*,#11579,.T.);
#11689 = ORIENTED_EDGE('',*,*,#11558,.T.);
#11690 = ORIENTED_EDGE('',*,*,#11509,.F.);
#11691 = PLANE('',#11692);
#11692 = AXIS2_PLACEMENT_3D('',#11693,#11694,#11695);
#11693 = CARTESIAN_POINT('',(15.666666666667,84.,76.922222222222));
#11694 = DIRECTION('',(-0.,-1.,-0.));
#11695 = DIRECTION('',(0.,0.,-1.));
#11696 = ADVANCED_FACE('',(#11697),#11717,.T.);
#11697 = FACE_BOUND('',#11698,.T.);
#11698 = EDGE_LOOP('',(#11699,#11700,#11701,#11702,#11710,#11716));
#11699 = ORIENTED_EDGE('',*,*,#11455,.F.);
#11700 = ORIENTED_EDGE('',*,*,#11494,.F.);
#11701 = ORIENTED_EDGE('',*,*,#11650,.T.);
#11702 = ORIENTED_EDGE('',*,*,#11703,.T.);
#11703 = EDGE_CURVE('',#11643,#11704,#11706,.T.);
#11704 = VERTEX_POINT('',#11705);
#11705 = CARTESIAN_POINT('',(18.8,92.,79.4));
#11706 = LINE('',#11707,#11708);
#11707 = CARTESIAN_POINT('',(18.8,92.,68.));
#11708 = VECTOR('',#11709,1.);
#11709 = DIRECTION('',(0.,0.,1.));
#11710 = ORIENTED_EDGE('',*,*,#11711,.F.);
#11711 = EDGE_CURVE('',#11667,#11704,#11712,.T.);
#11712 = LINE('',#11713,#11714);
#11713 = CARTESIAN_POINT('',(18.8,84.,79.4));
#11714 = VECTOR('',#11715,1.);
#11715 = DIRECTION('',(0.,1.,0.));
#11716 = ORIENTED_EDGE('',*,*,#11666,.F.);
#11717 = PLANE('',#11718);
#11718 = AXIS2_PLACEMENT_3D('',#11719,#11720,#11721);
#11719 = CARTESIAN_POINT('',(18.8,48.959090909091,71.840909090909));
#11720 = DIRECTION('',(1.,0.,0.));
#11721 = DIRECTION('',(0.,0.,1.));
#11722 = ADVANCED_FACE('',(#11723),#11745,.T.);
#11723 = FACE_BOUND('',#11724,.T.);
#11724 = EDGE_LOOP('',(#11725,#11726,#11727,#11728,#11729,#11730,#11738,
    #11744));
#11725 = ORIENTED_EDGE('',*,*,#11642,.F.);
#11726 = ORIENTED_EDGE('',*,*,#11525,.T.);
#11727 = ORIENTED_EDGE('',*,*,#11565,.F.);
#11728 = ORIENTED_EDGE('',*,*,#11595,.F.);
#11729 = ORIENTED_EDGE('',*,*,#11627,.F.);
#11730 = ORIENTED_EDGE('',*,*,#11731,.T.);
#11731 = EDGE_CURVE('',#11613,#11732,#11734,.T.);
#11732 = VERTEX_POINT('',#11733);
#11733 = CARTESIAN_POINT('',(13.,92.,79.4));
#11734 = LINE('',#11735,#11736);
#11735 = CARTESIAN_POINT('',(13.,92.,73.4));
#11736 = VECTOR('',#11737,1.);
#11737 = DIRECTION('',(0.,0.,1.));
#11738 = ORIENTED_EDGE('',*,*,#11739,.T.);
#11739 = EDGE_CURVE('',#11732,#11704,#11740,.T.);
#11740 = LINE('',#11741,#11742);
#11741 = CARTESIAN_POINT('',(13.,92.,79.4));
#11742 = VECTOR('',#11743,1.);
#11743 = DIRECTION('',(1.,0.,0.));
#11744 = ORIENTED_EDGE('',*,*,#11703,.F.);
#11745 = PLANE('',#11746);
#11746 = AXIS2_PLACEMENT_3D('',#11747,#11748,#11749);
#11747 = CARTESIAN_POINT('',(16.511320754717,92.,74.990566037736));
#11748 = DIRECTION('',(0.,1.,0.));
#11749 = DIRECTION('',(0.,0.,1.));
#11750 = ADVANCED_FACE('',(#11751),#11762,.T.);
#11751 = FACE_BOUND('',#11752,.T.);
#11752 = EDGE_LOOP('',(#11753,#11754,#11760,#11761));
#11753 = ORIENTED_EDGE('',*,*,#11739,.F.);
#11754 = ORIENTED_EDGE('',*,*,#11755,.F.);
#11755 = EDGE_CURVE('',#11675,#11732,#11756,.T.);
#11756 = LINE('',#11757,#11758);
#11757 = CARTESIAN_POINT('',(13.,84.,79.4));
#11758 = VECTOR('',#11759,1.);
#11759 = DIRECTION('',(0.,1.,0.));
#11760 = ORIENTED_EDGE('',*,*,#11674,.T.);
#11761 = ORIENTED_EDGE('',*,*,#11711,.T.);
#11762 = PLANE('',#11763);
#11763 = AXIS2_PLACEMENT_3D('',#11764,#11765,#11766);
#11764 = CARTESIAN_POINT('',(15.9,88.,79.4));
#11765 = DIRECTION('',(0.,0.,1.));
#11766 = DIRECTION('',(1.,0.,0.));
#11767 = ADVANCED_FACE('',(#11768),#11774,.T.);
#11768 = FACE_BOUND('',#11769,.T.);
#11769 = EDGE_LOOP('',(#11770,#11771,#11772,#11773));
#11770 = ORIENTED_EDGE('',*,*,#11682,.T.);
#11771 = ORIENTED_EDGE('',*,*,#11755,.T.);
#11772 = ORIENTED_EDGE('',*,*,#11731,.F.);
#11773 = ORIENTED_EDGE('',*,*,#11610,.F.);
#11774 = PLANE('',#11775);
#11775 = AXIS2_PLACEMENT_3D('',#11776,#11777,#11778);
#11776 = CARTESIAN_POINT('',(13.,88.,76.4));
#11777 = DIRECTION('',(-1.,-0.,-0.));
#11778 = DIRECTION('',(0.,0.,-1.));
#11779 = MANIFOLD_SOLID_BREP('',#11780);
#11780 = CLOSED_SHELL('',(#11781,#11821,#11852,#11892,#11916,#11972,
    #12003,#12027,#12051,#12070,#12098,#12115));
#11781 = ADVANCED_FACE('',(#11782),#11816,.T.);
#11782 = FACE_BOUND('',#11783,.T.);
#11783 = EDGE_LOOP('',(#11784,#11794,#11802,#11810));
#11784 = ORIENTED_EDGE('',*,*,#11785,.F.);
#11785 = EDGE_CURVE('',#11786,#11788,#11790,.T.);
#11786 = VERTEX_POINT('',#11787);
#11787 = CARTESIAN_POINT('',(123.2,2.2,74.8));
#11788 = VERTEX_POINT('',#11789);
#11789 = CARTESIAN_POINT('',(123.2,84.,74.8));
#11790 = LINE('',#11791,#11792);
#11791 = CARTESIAN_POINT('',(123.2,2.2,74.8));
#11792 = VECTOR('',#11793,1.);
#11793 = DIRECTION('',(0.,1.,0.));
#11794 = ORIENTED_EDGE('',*,*,#11795,.T.);
#11795 = EDGE_CURVE('',#11786,#11796,#11798,.T.);
#11796 = VERTEX_POINT('',#11797);
#11797 = CARTESIAN_POINT('',(124.2,2.2,74.8));
#11798 = LINE('',#11799,#11800);
#11799 = CARTESIAN_POINT('',(123.2,2.2,74.8));
#11800 = VECTOR('',#11801,1.);
#11801 = DIRECTION('',(1.,0.,0.));
#11802 = ORIENTED_EDGE('',*,*,#11803,.T.);
#11803 = EDGE_CURVE('',#11796,#11804,#11806,.T.);
#11804 = VERTEX_POINT('',#11805);
#11805 = CARTESIAN_POINT('',(124.2,84.,74.8));
#11806 = LINE('',#11807,#11808);
#11807 = CARTESIAN_POINT('',(124.2,2.2,74.8));
#11808 = VECTOR('',#11809,1.);
#11809 = DIRECTION('',(0.,1.,0.));
#11810 = ORIENTED_EDGE('',*,*,#11811,.T.);
#11811 = EDGE_CURVE('',#11804,#11788,#11812,.T.);
#11812 = LINE('',#11813,#11814);
#11813 = CARTESIAN_POINT('',(123.2,84.,74.8));
#11814 = VECTOR('',#11815,1.);
#11815 = DIRECTION('',(-1.,0.,0.));
#11816 = PLANE('',#11817);
#11817 = AXIS2_PLACEMENT_3D('',#11818,#11819,#11820);
#11818 = CARTESIAN_POINT('',(123.2,2.2,74.8));
#11819 = DIRECTION('',(0.,0.,1.));
#11820 = DIRECTION('',(1.,0.,0.));
#11821 = ADVANCED_FACE('',(#11822),#11847,.F.);
#11822 = FACE_BOUND('',#11823,.F.);
#11823 = EDGE_LOOP('',(#11824,#11834,#11840,#11841));
#11824 = ORIENTED_EDGE('',*,*,#11825,.F.);
#11825 = EDGE_CURVE('',#11826,#11828,#11830,.T.);
#11826 = VERTEX_POINT('',#11827);
#11827 = CARTESIAN_POINT('',(123.2,2.2,68.));
#11828 = VERTEX_POINT('',#11829);
#11829 = CARTESIAN_POINT('',(124.2,2.2,68.));
#11830 = LINE('',#11831,#11832);
#11831 = CARTESIAN_POINT('',(123.2,2.2,68.));
#11832 = VECTOR('',#11833,1.);
#11833 = DIRECTION('',(1.,0.,0.));
#11834 = ORIENTED_EDGE('',*,*,#11835,.T.);
#11835 = EDGE_CURVE('',#11826,#11786,#11836,.T.);
#11836 = LINE('',#11837,#11838);
#11837 = CARTESIAN_POINT('',(123.2,2.2,68.));
#11838 = VECTOR('',#11839,1.);
#11839 = DIRECTION('',(0.,0.,1.));
#11840 = ORIENTED_EDGE('',*,*,#11795,.T.);
#11841 = ORIENTED_EDGE('',*,*,#11842,.F.);
#11842 = EDGE_CURVE('',#11828,#11796,#11843,.T.);
#11843 = LINE('',#11844,#11845);
#11844 = CARTESIAN_POINT('',(124.2,2.2,68.));
#11845 = VECTOR('',#11846,1.);
#11846 = DIRECTION('',(0.,0.,1.));
#11847 = PLANE('',#11848);
#11848 = AXIS2_PLACEMENT_3D('',#11849,#11850,#11851);
#11849 = CARTESIAN_POINT('',(123.2,2.2,68.));
#11850 = DIRECTION('',(0.,1.,0.));
#11851 = DIRECTION('',(0.,0.,1.));
#11852 = ADVANCED_FACE('',(#11853),#11887,.T.);
#11853 = FACE_BOUND('',#11854,.T.);
#11854 = EDGE_LOOP('',(#11855,#11856,#11864,#11872,#11880,#11886));
#11855 = ORIENTED_EDGE('',*,*,#11785,.T.);
#11856 = ORIENTED_EDGE('',*,*,#11857,.T.);
#11857 = EDGE_CURVE('',#11788,#11858,#11860,.T.);
#11858 = VERTEX_POINT('',#11859);
#11859 = CARTESIAN_POINT('',(123.2,84.,79.4));
#11860 = LINE('',#11861,#11862);
#11861 = CARTESIAN_POINT('',(123.2,84.,68.));
#11862 = VECTOR('',#11863,1.);
#11863 = DIRECTION('',(0.,0.,1.));
#11864 = ORIENTED_EDGE('',*,*,#11865,.T.);
#11865 = EDGE_CURVE('',#11858,#11866,#11868,.T.);
#11866 = VERTEX_POINT('',#11867);
#11867 = CARTESIAN_POINT('',(123.2,92.,79.4));
#11868 = LINE('',#11869,#11870);
#11869 = CARTESIAN_POINT('',(123.2,84.,79.4));
#11870 = VECTOR('',#11871,1.);
#11871 = DIRECTION('',(0.,1.,0.));
#11872 = ORIENTED_EDGE('',*,*,#11873,.F.);
#11873 = EDGE_CURVE('',#11874,#11866,#11876,.T.);
#11874 = VERTEX_POINT('',#11875);
#11875 = CARTESIAN_POINT('',(123.2,92.,68.));
#11876 = LINE('',#11877,#11878);
#11877 = CARTESIAN_POINT('',(123.2,92.,68.));
#11878 = VECTOR('',#11879,1.);
#11879 = DIRECTION('',(0.,0.,1.));
#11880 = ORIENTED_EDGE('',*,*,#11881,.F.);
#11881 = EDGE_CURVE('',#11826,#11874,#11882,.T.);
#11882 = LINE('',#11883,#11884);
#11883 = CARTESIAN_POINT('',(123.2,2.2,68.));
#11884 = VECTOR('',#11885,1.);
#11885 = DIRECTION('',(0.,1.,0.));
#11886 = ORIENTED_EDGE('',*,*,#11835,.T.);
#11887 = PLANE('',#11888);
#11888 = AXIS2_PLACEMENT_3D('',#11889,#11890,#11891);
#11889 = CARTESIAN_POINT('',(123.2,48.959090909091,71.840909090909));
#11890 = DIRECTION('',(-1.,-0.,-0.));
#11891 = DIRECTION('',(0.,0.,-1.));
#11892 = ADVANCED_FACE('',(#11893),#11911,.F.);
#11893 = FACE_BOUND('',#11894,.T.);
#11894 = EDGE_LOOP('',(#11895,#11896,#11904,#11910));
#11895 = ORIENTED_EDGE('',*,*,#11881,.T.);
#11896 = ORIENTED_EDGE('',*,*,#11897,.T.);
#11897 = EDGE_CURVE('',#11874,#11898,#11900,.T.);
#11898 = VERTEX_POINT('',#11899);
#11899 = CARTESIAN_POINT('',(124.2,92.,68.));
#11900 = LINE('',#11901,#11902);
#11901 = CARTESIAN_POINT('',(123.2,92.,68.));
#11902 = VECTOR('',#11903,1.);
#11903 = DIRECTION('',(1.,0.,0.));
#11904 = ORIENTED_EDGE('',*,*,#11905,.F.);
#11905 = EDGE_CURVE('',#11828,#11898,#11906,.T.);
#11906 = LINE('',#11907,#11908);
#11907 = CARTESIAN_POINT('',(124.2,2.2,68.));
#11908 = VECTOR('',#11909,1.);
#11909 = DIRECTION('',(0.,1.,0.));
#11910 = ORIENTED_EDGE('',*,*,#11825,.F.);
#11911 = PLANE('',#11912);
#11912 = AXIS2_PLACEMENT_3D('',#11913,#11914,#11915);
#11913 = CARTESIAN_POINT('',(123.2,2.2,68.));
#11914 = DIRECTION('',(0.,0.,1.));
#11915 = DIRECTION('',(1.,0.,0.));
#11916 = ADVANCED_FACE('',(#11917),#11967,.T.);
#11917 = FACE_BOUND('',#11918,.T.);
#11918 = EDGE_LOOP('',(#11919,#11920,#11928,#11936,#11944,#11952,#11960,
    #11966));
#11919 = ORIENTED_EDGE('',*,*,#11811,.F.);
#11920 = ORIENTED_EDGE('',*,*,#11921,.T.);
#11921 = EDGE_CURVE('',#11804,#11922,#11924,.T.);
#11922 = VERTEX_POINT('',#11923);
#11923 = CARTESIAN_POINT('',(124.2,84.,77.4));
#11924 = LINE('',#11925,#11926);
#11925 = CARTESIAN_POINT('',(124.2,84.,68.));
#11926 = VECTOR('',#11927,1.);
#11927 = DIRECTION('',(0.,0.,1.));
#11928 = ORIENTED_EDGE('',*,*,#11929,.T.);
#11929 = EDGE_CURVE('',#11922,#11930,#11932,.T.);
#11930 = VERTEX_POINT('',#11931);
#11931 = CARTESIAN_POINT('',(128.,84.,77.4));
#11932 = LINE('',#11933,#11934);
#11933 = CARTESIAN_POINT('',(123.2,84.,77.4));
#11934 = VECTOR('',#11935,1.);
#11935 = DIRECTION('',(1.,0.,0.));
#11936 = ORIENTED_EDGE('',*,*,#11937,.F.);
#11937 = EDGE_CURVE('',#11938,#11930,#11940,.T.);
#11938 = VERTEX_POINT('',#11939);
#11939 = CARTESIAN_POINT('',(128.,84.,73.4));
#11940 = LINE('',#11941,#11942);
#11941 = CARTESIAN_POINT('',(128.,84.,73.4));
#11942 = VECTOR('',#11943,1.);
#11943 = DIRECTION('',(0.,0.,1.));
#11944 = ORIENTED_EDGE('',*,*,#11945,.T.);
#11945 = EDGE_CURVE('',#11938,#11946,#11948,.T.);
#11946 = VERTEX_POINT('',#11947);
#11947 = CARTESIAN_POINT('',(129.,84.,73.4));
#11948 = LINE('',#11949,#11950);
#11949 = CARTESIAN_POINT('',(128.,84.,73.4));
#11950 = VECTOR('',#11951,1.);
#11951 = DIRECTION('',(1.,0.,0.));
#11952 = ORIENTED_EDGE('',*,*,#11953,.T.);
#11953 = EDGE_CURVE('',#11946,#11954,#11956,.T.);
#11954 = VERTEX_POINT('',#11955);
#11955 = CARTESIAN_POINT('',(129.,84.,79.4));
#11956 = LINE('',#11957,#11958);
#11957 = CARTESIAN_POINT('',(129.,84.,73.4));
#11958 = VECTOR('',#11959,1.);
#11959 = DIRECTION('',(0.,0.,1.));
#11960 = ORIENTED_EDGE('',*,*,#11961,.F.);
#11961 = EDGE_CURVE('',#11858,#11954,#11962,.T.);
#11962 = LINE('',#11963,#11964);
#11963 = CARTESIAN_POINT('',(123.2,84.,79.4));
#11964 = VECTOR('',#11965,1.);
#11965 = DIRECTION('',(1.,0.,0.));
#11966 = ORIENTED_EDGE('',*,*,#11857,.F.);
#11967 = PLANE('',#11968);
#11968 = AXIS2_PLACEMENT_3D('',#11969,#11970,#11971);
#11969 = CARTESIAN_POINT('',(126.33333333333,84.,76.922222222222));
#11970 = DIRECTION('',(-0.,-1.,-0.));
#11971 = DIRECTION('',(0.,0.,-1.));
#11972 = ADVANCED_FACE('',(#11973),#11998,.F.);
#11973 = FACE_BOUND('',#11974,.F.);
#11974 = EDGE_LOOP('',(#11975,#11983,#11984,#11992));
#11975 = ORIENTED_EDGE('',*,*,#11976,.T.);
#11976 = EDGE_CURVE('',#11977,#11922,#11979,.T.);
#11977 = VERTEX_POINT('',#11978);
#11978 = CARTESIAN_POINT('',(124.2,92.,77.4));
#11979 = LINE('',#11980,#11981);
#11980 = CARTESIAN_POINT('',(124.2,84.,77.4));
#11981 = VECTOR('',#11982,1.);
#11982 = DIRECTION('',(0.,-1.,0.));
#11983 = ORIENTED_EDGE('',*,*,#11929,.T.);
#11984 = ORIENTED_EDGE('',*,*,#11985,.T.);
#11985 = EDGE_CURVE('',#11930,#11986,#11988,.T.);
#11986 = VERTEX_POINT('',#11987);
#11987 = CARTESIAN_POINT('',(128.,92.,77.4));
#11988 = LINE('',#11989,#11990);
#11989 = CARTESIAN_POINT('',(128.,84.,77.4));
#11990 = VECTOR('',#11991,1.);
#11991 = DIRECTION('',(0.,1.,0.));
#11992 = ORIENTED_EDGE('',*,*,#11993,.F.);
#11993 = EDGE_CURVE('',#11977,#11986,#11994,.T.);
#11994 = LINE('',#11995,#11996);
#11995 = CARTESIAN_POINT('',(123.2,92.,77.4));
#11996 = VECTOR('',#11997,1.);
#11997 = DIRECTION('',(1.,0.,0.));
#11998 = PLANE('',#11999);
#11999 = AXIS2_PLACEMENT_3D('',#12000,#12001,#12002);
#12000 = CARTESIAN_POINT('',(123.2,84.,77.4));
#12001 = DIRECTION('',(0.,0.,1.));
#12002 = DIRECTION('',(1.,0.,0.));
#12003 = ADVANCED_FACE('',(#12004),#12022,.F.);
#12004 = FACE_BOUND('',#12005,.F.);
#12005 = EDGE_LOOP('',(#12006,#12007,#12015,#12021));
#12006 = ORIENTED_EDGE('',*,*,#11937,.F.);
#12007 = ORIENTED_EDGE('',*,*,#12008,.T.);
#12008 = EDGE_CURVE('',#11938,#12009,#12011,.T.);
#12009 = VERTEX_POINT('',#12010);
#12010 = CARTESIAN_POINT('',(128.,92.,73.4));
#12011 = LINE('',#12012,#12013);
#12012 = CARTESIAN_POINT('',(128.,84.,73.4));
#12013 = VECTOR('',#12014,1.);
#12014 = DIRECTION('',(0.,1.,0.));
#12015 = ORIENTED_EDGE('',*,*,#12016,.T.);
#12016 = EDGE_CURVE('',#12009,#11986,#12017,.T.);
#12017 = LINE('',#12018,#12019);
#12018 = CARTESIAN_POINT('',(128.,92.,73.4));
#12019 = VECTOR('',#12020,1.);
#12020 = DIRECTION('',(0.,0.,1.));
#12021 = ORIENTED_EDGE('',*,*,#11985,.F.);
#12022 = PLANE('',#12023);
#12023 = AXIS2_PLACEMENT_3D('',#12024,#12025,#12026);
#12024 = CARTESIAN_POINT('',(128.,84.,73.4));
#12025 = DIRECTION('',(1.,0.,0.));
#12026 = DIRECTION('',(0.,0.,1.));
#12027 = ADVANCED_FACE('',(#12028),#12046,.F.);
#12028 = FACE_BOUND('',#12029,.F.);
#12029 = EDGE_LOOP('',(#12030,#12031,#12032,#12040));
#12030 = ORIENTED_EDGE('',*,*,#12008,.F.);
#12031 = ORIENTED_EDGE('',*,*,#11945,.T.);
#12032 = ORIENTED_EDGE('',*,*,#12033,.T.);
#12033 = EDGE_CURVE('',#11946,#12034,#12036,.T.);
#12034 = VERTEX_POINT('',#12035);
#12035 = CARTESIAN_POINT('',(129.,92.,73.4));
#12036 = LINE('',#12037,#12038);
#12037 = CARTESIAN_POINT('',(129.,84.,73.4));
#12038 = VECTOR('',#12039,1.);
#12039 = DIRECTION('',(0.,1.,0.));
#12040 = ORIENTED_EDGE('',*,*,#12041,.F.);
#12041 = EDGE_CURVE('',#12009,#12034,#12042,.T.);
#12042 = LINE('',#12043,#12044);
#12043 = CARTESIAN_POINT('',(128.,92.,73.4));
#12044 = VECTOR('',#12045,1.);
#12045 = DIRECTION('',(1.,0.,0.));
#12046 = PLANE('',#12047);
#12047 = AXIS2_PLACEMENT_3D('',#12048,#12049,#12050);
#12048 = CARTESIAN_POINT('',(128.,84.,73.4));
#12049 = DIRECTION('',(0.,0.,1.));
#12050 = DIRECTION('',(1.,0.,0.));
#12051 = ADVANCED_FACE('',(#12052),#12065,.T.);
#12052 = FACE_BOUND('',#12053,.T.);
#12053 = EDGE_LOOP('',(#12054,#12055,#12056,#12057,#12063,#12064));
#12054 = ORIENTED_EDGE('',*,*,#11803,.F.);
#12055 = ORIENTED_EDGE('',*,*,#11842,.F.);
#12056 = ORIENTED_EDGE('',*,*,#11905,.T.);
#12057 = ORIENTED_EDGE('',*,*,#12058,.T.);
#12058 = EDGE_CURVE('',#11898,#11977,#12059,.T.);
#12059 = LINE('',#12060,#12061);
#12060 = CARTESIAN_POINT('',(124.2,92.,68.));
#12061 = VECTOR('',#12062,1.);
#12062 = DIRECTION('',(0.,0.,1.));
#12063 = ORIENTED_EDGE('',*,*,#11976,.T.);
#12064 = ORIENTED_EDGE('',*,*,#11921,.F.);
#12065 = PLANE('',#12066);
#12066 = AXIS2_PLACEMENT_3D('',#12067,#12068,#12069);
#12067 = CARTESIAN_POINT('',(124.2,48.171975806452,71.628024193548));
#12068 = DIRECTION('',(1.,0.,0.));
#12069 = DIRECTION('',(0.,0.,1.));
#12070 = ADVANCED_FACE('',(#12071),#12093,.T.);
#12071 = FACE_BOUND('',#12072,.T.);
#12072 = EDGE_LOOP('',(#12073,#12074,#12075,#12083,#12089,#12090,#12091,
    #12092));
#12073 = ORIENTED_EDGE('',*,*,#11897,.F.);
#12074 = ORIENTED_EDGE('',*,*,#11873,.T.);
#12075 = ORIENTED_EDGE('',*,*,#12076,.T.);
#12076 = EDGE_CURVE('',#11866,#12077,#12079,.T.);
#12077 = VERTEX_POINT('',#12078);
#12078 = CARTESIAN_POINT('',(129.,92.,79.4));
#12079 = LINE('',#12080,#12081);
#12080 = CARTESIAN_POINT('',(123.2,92.,79.4));
#12081 = VECTOR('',#12082,1.);
#12082 = DIRECTION('',(1.,0.,0.));
#12083 = ORIENTED_EDGE('',*,*,#12084,.F.);
#12084 = EDGE_CURVE('',#12034,#12077,#12085,.T.);
#12085 = LINE('',#12086,#12087);
#12086 = CARTESIAN_POINT('',(129.,92.,77.4));
#12087 = VECTOR('',#12088,1.);
#12088 = DIRECTION('',(0.,0.,1.));
#12089 = ORIENTED_EDGE('',*,*,#12041,.F.);
#12090 = ORIENTED_EDGE('',*,*,#12016,.T.);
#12091 = ORIENTED_EDGE('',*,*,#11993,.F.);
#12092 = ORIENTED_EDGE('',*,*,#12058,.F.);
#12093 = PLANE('',#12094);
#12094 = AXIS2_PLACEMENT_3D('',#12095,#12096,#12097);
#12095 = CARTESIAN_POINT('',(125.48867924528,92.,74.990566037736));
#12096 = DIRECTION('',(0.,1.,0.));
#12097 = DIRECTION('',(0.,0.,1.));
#12098 = ADVANCED_FACE('',(#12099),#12110,.T.);
#12099 = FACE_BOUND('',#12100,.T.);
#12100 = EDGE_LOOP('',(#12101,#12102,#12103,#12109));
#12101 = ORIENTED_EDGE('',*,*,#11865,.F.);
#12102 = ORIENTED_EDGE('',*,*,#11961,.T.);
#12103 = ORIENTED_EDGE('',*,*,#12104,.T.);
#12104 = EDGE_CURVE('',#11954,#12077,#12105,.T.);
#12105 = LINE('',#12106,#12107);
#12106 = CARTESIAN_POINT('',(129.,84.,79.4));
#12107 = VECTOR('',#12108,1.);
#12108 = DIRECTION('',(0.,1.,0.));
#12109 = ORIENTED_EDGE('',*,*,#12076,.F.);
#12110 = PLANE('',#12111);
#12111 = AXIS2_PLACEMENT_3D('',#12112,#12113,#12114);
#12112 = CARTESIAN_POINT('',(126.1,88.,79.4));
#12113 = DIRECTION('',(0.,0.,1.));
#12114 = DIRECTION('',(1.,0.,0.));
#12115 = ADVANCED_FACE('',(#12116),#12122,.T.);
#12116 = FACE_BOUND('',#12117,.T.);
#12117 = EDGE_LOOP('',(#12118,#12119,#12120,#12121));
#12118 = ORIENTED_EDGE('',*,*,#11953,.F.);
#12119 = ORIENTED_EDGE('',*,*,#12033,.T.);
#12120 = ORIENTED_EDGE('',*,*,#12084,.T.);
#12121 = ORIENTED_EDGE('',*,*,#12104,.F.);
#12122 = PLANE('',#12123);
#12123 = AXIS2_PLACEMENT_3D('',#12124,#12125,#12126);
#12124 = CARTESIAN_POINT('',(129.,88.,76.4));
#12125 = DIRECTION('',(1.,0.,0.));
#12126 = DIRECTION('',(0.,0.,1.));
#12127 = MANIFOLD_SOLID_BREP('',#12128);
#12128 = CLOSED_SHELL('',(#12129,#12171,#12203,#12362,#12406,#12432,
    #12456,#12481,#12546,#12602,#12626,#12682,#12740,#12765,#12798,
    #12829,#12901,#12925,#12965,#13021,#13045,#13101,#13141,#13165,
    #13230,#13247,#13264,#13289,#13337,#13377,#13389,#13438,#13456,
    #13560,#13584,#13601,#13632,#13679,#13698,#13797,#13814,#13845,
    #13871,#13912,#13967,#13984,#14010,#14035,#14071,#14088,#14105,
    #14131,#14155,#14195,#14228,#14240,#14271,#14295,#14335,#14352,
    #14364,#14397,#14409,#14434,#14465,#14482,#14499,#14530,#14561,
    #14626,#14652,#14670,#14701,#14733,#14757,#14779,#14791,#14822,
    #14846,#14870,#14887,#14920,#14953,#14970,#15027,#15044,#15061,
    #15107,#15131,#15148,#15179,#15203,#15227,#15244,#15261,#15286,
    #15310,#15334,#15377,#15401,#15419,#15443,#15460,#15472,#15497,
    #15530,#15600,#15633,#15703,#15712,#15745,#15778,#15803,#15835,
    #15895,#15912,#15930,#15942,#15954,#16056,#16080,#16092,#16159,
    #16171,#16189,#16207,#16225,#16250,#16267,#16292,#16309,#16331,
    #16348,#16365,#16377,#16410,#16427,#16444,#16461,#16478,#16495,
    #16528,#16546,#16580,#16605,#16622,#16640,#16652,#16677,#16702,
    #16727,#16752,#16785,#16811,#16828,#16837,#16854,#16878,#16895,
    #16919,#16928,#16937,#16946,#16955,#16980,#17005,#17030,#17055,
    #17064));
#12129 = ADVANCED_FACE('',(#12130),#12166,.T.);
#12130 = FACE_BOUND('',#12131,.T.);
#12131 = EDGE_LOOP('',(#12132,#12143,#12151,#12160));
#12132 = ORIENTED_EDGE('',*,*,#12133,.T.);
#12133 = EDGE_CURVE('',#12134,#12136,#12138,.T.);
#12134 = VERTEX_POINT('',#12135);
#12135 = CARTESIAN_POINT('',(16.,0.,179.));
#12136 = VERTEX_POINT('',#12137);
#12137 = CARTESIAN_POINT('',(15.,1.,180.));
#12138 = ELLIPSE('',#12139,1.414213562373,1.);
#12139 = AXIS2_PLACEMENT_3D('',#12140,#12141,#12142);
#12140 = CARTESIAN_POINT('',(15.,1.,179.));
#12141 = DIRECTION('',(-0.707106781187,-0.707106781187,-0.));
#12142 = DIRECTION('',(-0.707106781187,0.707106781187,0.));
#12143 = ORIENTED_EDGE('',*,*,#12144,.T.);
#12144 = EDGE_CURVE('',#12136,#12145,#12147,.T.);
#12145 = VERTEX_POINT('',#12146);
#12146 = CARTESIAN_POINT('',(10.,1.,180.));
#12147 = LINE('',#12148,#12149);
#12148 = CARTESIAN_POINT('',(16.,1.,180.));
#12149 = VECTOR('',#12150,1.);
#12150 = DIRECTION('',(-1.,-0.,-0.));
#12151 = ORIENTED_EDGE('',*,*,#12152,.F.);
#12152 = EDGE_CURVE('',#12153,#12145,#12155,.T.);
#12153 = VERTEX_POINT('',#12154);
#12154 = CARTESIAN_POINT('',(10.,0.,179.));
#12155 = CIRCLE('',#12156,1.);
#12156 = AXIS2_PLACEMENT_3D('',#12157,#12158,#12159);
#12157 = CARTESIAN_POINT('',(10.,1.,179.));
#12158 = DIRECTION('',(-1.,0.,0.));
#12159 = DIRECTION('',(0.,-1.,0.));
#12160 = ORIENTED_EDGE('',*,*,#12161,.F.);
#12161 = EDGE_CURVE('',#12134,#12153,#12162,.T.);
#12162 = LINE('',#12163,#12164);
#12163 = CARTESIAN_POINT('',(16.,-2.2E-16,179.));
#12164 = VECTOR('',#12165,1.);
#12165 = DIRECTION('',(-1.,-0.,-0.));
#12166 = CYLINDRICAL_SURFACE('',#12167,1.);
#12167 = AXIS2_PLACEMENT_3D('',#12168,#12169,#12170);
#12168 = CARTESIAN_POINT('',(16.,1.,179.));
#12169 = DIRECTION('',(-1.,-0.,-0.));
#12170 = DIRECTION('',(0.,-1.,0.));
#12171 = ADVANCED_FACE('',(#12172),#12198,.T.);
#12172 = FACE_BOUND('',#12173,.T.);
#12173 = EDGE_LOOP('',(#12174,#12175,#12183,#12192));
#12174 = ORIENTED_EDGE('',*,*,#12133,.F.);
#12175 = ORIENTED_EDGE('',*,*,#12176,.T.);
#12176 = EDGE_CURVE('',#12134,#12177,#12179,.T.);
#12177 = VERTEX_POINT('',#12178);
#12178 = CARTESIAN_POINT('',(16.,16.,179.));
#12179 = LINE('',#12180,#12181);
#12180 = CARTESIAN_POINT('',(16.,0.,179.));
#12181 = VECTOR('',#12182,1.);
#12182 = DIRECTION('',(0.,1.,0.));
#12183 = ORIENTED_EDGE('',*,*,#12184,.F.);
#12184 = EDGE_CURVE('',#12185,#12177,#12187,.T.);
#12185 = VERTEX_POINT('',#12186);
#12186 = CARTESIAN_POINT('',(15.,15.,180.));
#12187 = ELLIPSE('',#12188,1.414213562373,1.);
#12188 = AXIS2_PLACEMENT_3D('',#12189,#12190,#12191);
#12189 = CARTESIAN_POINT('',(15.,15.,179.));
#12190 = DIRECTION('',(-0.707106781187,0.707106781187,0.));
#12191 = DIRECTION('',(0.707106781187,0.707106781187,0.));
#12192 = ORIENTED_EDGE('',*,*,#12193,.F.);
#12193 = EDGE_CURVE('',#12136,#12185,#12194,.T.);
#12194 = LINE('',#12195,#12196);
#12195 = CARTESIAN_POINT('',(15.,0.,180.));
#12196 = VECTOR('',#12197,1.);
#12197 = DIRECTION('',(0.,1.,0.));
#12198 = CYLINDRICAL_SURFACE('',#12199,1.);
#12199 = AXIS2_PLACEMENT_3D('',#12200,#12201,#12202);
#12200 = CARTESIAN_POINT('',(15.,0.,179.));
#12201 = DIRECTION('',(0.,1.,0.));
#12202 = DIRECTION('',(0.,0.,1.));
#12203 = ADVANCED_FACE('',(#12204),#12357,.T.);
#12204 = FACE_BOUND('',#12205,.T.);
#12205 = EDGE_LOOP('',(#12206,#12216,#12224,#12232,#12240,#12248,#12256,
    #12264,#12272,#12280,#12288,#12296,#12304,#12312,#12320,#12328,
    #12336,#12344,#12350,#12351));
#12206 = ORIENTED_EDGE('',*,*,#12207,.T.);
#12207 = EDGE_CURVE('',#12208,#12210,#12212,.T.);
#12208 = VERTEX_POINT('',#12209);
#12209 = CARTESIAN_POINT('',(10.,-2.E-15,126.));
#12210 = VERTEX_POINT('',#12211);
#12211 = CARTESIAN_POINT('',(22.4,0.,126.));
#12212 = LINE('',#12213,#12214);
#12213 = CARTESIAN_POINT('',(12.,0.,126.));
#12214 = VECTOR('',#12215,1.);
#12215 = DIRECTION('',(1.,0.,0.));
#12216 = ORIENTED_EDGE('',*,*,#12217,.T.);
#12217 = EDGE_CURVE('',#12210,#12218,#12220,.T.);
#12218 = VERTEX_POINT('',#12219);
#12219 = CARTESIAN_POINT('',(22.4,0.,128.));
#12220 = LINE('',#12221,#12222);
#12221 = CARTESIAN_POINT('',(22.4,0.,126.));
#12222 = VECTOR('',#12223,1.);
#12223 = DIRECTION('',(0.,0.,1.));
#12224 = ORIENTED_EDGE('',*,*,#12225,.T.);
#12225 = EDGE_CURVE('',#12218,#12226,#12228,.T.);
#12226 = VERTEX_POINT('',#12227);
#12227 = CARTESIAN_POINT('',(119.6,0.,128.));
#12228 = LINE('',#12229,#12230);
#12229 = CARTESIAN_POINT('',(15.3,0.,128.));
#12230 = VECTOR('',#12231,1.);
#12231 = DIRECTION('',(1.,0.,0.));
#12232 = ORIENTED_EDGE('',*,*,#12233,.F.);
#12233 = EDGE_CURVE('',#12234,#12226,#12236,.T.);
#12234 = VERTEX_POINT('',#12235);
#12235 = CARTESIAN_POINT('',(119.6,0.,126.));
#12236 = LINE('',#12237,#12238);
#12237 = CARTESIAN_POINT('',(119.6,0.,126.));
#12238 = VECTOR('',#12239,1.);
#12239 = DIRECTION('',(0.,0.,1.));
#12240 = ORIENTED_EDGE('',*,*,#12241,.T.);
#12241 = EDGE_CURVE('',#12234,#12242,#12244,.T.);
#12242 = VERTEX_POINT('',#12243);
#12243 = CARTESIAN_POINT('',(132.,-2.E-15,126.));
#12244 = LINE('',#12245,#12246);
#12245 = CARTESIAN_POINT('',(126.,0.,126.));
#12246 = VECTOR('',#12247,1.);
#12247 = DIRECTION('',(1.,0.,0.));
#12248 = ORIENTED_EDGE('',*,*,#12249,.T.);
#12249 = EDGE_CURVE('',#12242,#12250,#12252,.T.);
#12250 = VERTEX_POINT('',#12251);
#12251 = CARTESIAN_POINT('',(132.,0.,179.));
#12252 = LINE('',#12253,#12254);
#12253 = CARTESIAN_POINT('',(132.,-1.78E-15,126.));
#12254 = VECTOR('',#12255,1.);
#12255 = DIRECTION('',(0.,0.,1.));
#12256 = ORIENTED_EDGE('',*,*,#12257,.F.);
#12257 = EDGE_CURVE('',#12258,#12250,#12260,.T.);
#12258 = VERTEX_POINT('',#12259);
#12259 = CARTESIAN_POINT('',(126.,0.,179.));
#12260 = LINE('',#12261,#12262);
#12261 = CARTESIAN_POINT('',(126.,-2.2E-16,179.));
#12262 = VECTOR('',#12263,1.);
#12263 = DIRECTION('',(1.,0.,0.));
#12264 = ORIENTED_EDGE('',*,*,#12265,.F.);
#12265 = EDGE_CURVE('',#12266,#12258,#12268,.T.);
#12266 = VERTEX_POINT('',#12267);
#12267 = CARTESIAN_POINT('',(126.,0.,137.4));
#12268 = LINE('',#12269,#12270);
#12269 = CARTESIAN_POINT('',(126.,0.,126.));
#12270 = VECTOR('',#12271,1.);
#12271 = DIRECTION('',(0.,0.,1.));
#12272 = ORIENTED_EDGE('',*,*,#12273,.F.);
#12273 = EDGE_CURVE('',#12274,#12266,#12276,.T.);
#12274 = VERTEX_POINT('',#12275);
#12275 = CARTESIAN_POINT('',(121.6,0.,137.4));
#12276 = LINE('',#12277,#12278);
#12277 = CARTESIAN_POINT('',(124.2,0.,137.4));
#12278 = VECTOR('',#12279,1.);
#12279 = DIRECTION('',(1.,0.,0.));
#12280 = ORIENTED_EDGE('',*,*,#12281,.F.);
#12281 = EDGE_CURVE('',#12282,#12274,#12284,.T.);
#12282 = VERTEX_POINT('',#12283);
#12283 = CARTESIAN_POINT('',(121.6,0.,135.));
#12284 = LINE('',#12285,#12286);
#12285 = CARTESIAN_POINT('',(121.6,0.,135.));
#12286 = VECTOR('',#12287,1.);
#12287 = DIRECTION('',(0.,0.,1.));
#12288 = ORIENTED_EDGE('',*,*,#12289,.T.);
#12289 = EDGE_CURVE('',#12282,#12290,#12292,.T.);
#12290 = VERTEX_POINT('',#12291);
#12291 = CARTESIAN_POINT('',(124.2,0.,135.));
#12292 = LINE('',#12293,#12294);
#12293 = CARTESIAN_POINT('',(121.6,0.,135.));
#12294 = VECTOR('',#12295,1.);
#12295 = DIRECTION('',(1.,0.,0.));
#12296 = ORIENTED_EDGE('',*,*,#12297,.F.);
#12297 = EDGE_CURVE('',#12298,#12290,#12300,.T.);
#12298 = VERTEX_POINT('',#12299);
#12299 = CARTESIAN_POINT('',(124.2,0.,134.));
#12300 = LINE('',#12301,#12302);
#12301 = CARTESIAN_POINT('',(124.2,0.,128.));
#12302 = VECTOR('',#12303,1.);
#12303 = DIRECTION('',(0.,0.,1.));
#12304 = ORIENTED_EDGE('',*,*,#12305,.F.);
#12305 = EDGE_CURVE('',#12306,#12298,#12308,.T.);
#12306 = VERTEX_POINT('',#12307);
#12307 = CARTESIAN_POINT('',(17.8,0.,134.));
#12308 = LINE('',#12309,#12310);
#12309 = CARTESIAN_POINT('',(15.3,0.,134.));
#12310 = VECTOR('',#12311,1.);
#12311 = DIRECTION('',(1.,0.,0.));
#12312 = ORIENTED_EDGE('',*,*,#12313,.T.);
#12313 = EDGE_CURVE('',#12306,#12314,#12316,.T.);
#12314 = VERTEX_POINT('',#12315);
#12315 = CARTESIAN_POINT('',(17.8,0.,135.));
#12316 = LINE('',#12317,#12318);
#12317 = CARTESIAN_POINT('',(17.8,0.,128.));
#12318 = VECTOR('',#12319,1.);
#12319 = DIRECTION('',(0.,0.,1.));
#12320 = ORIENTED_EDGE('',*,*,#12321,.T.);
#12321 = EDGE_CURVE('',#12314,#12322,#12324,.T.);
#12322 = VERTEX_POINT('',#12323);
#12323 = CARTESIAN_POINT('',(20.4,0.,135.));
#12324 = LINE('',#12325,#12326);
#12325 = CARTESIAN_POINT('',(14.3,0.,135.));
#12326 = VECTOR('',#12327,1.);
#12327 = DIRECTION('',(1.,0.,0.));
#12328 = ORIENTED_EDGE('',*,*,#12329,.T.);
#12329 = EDGE_CURVE('',#12322,#12330,#12332,.T.);
#12330 = VERTEX_POINT('',#12331);
#12331 = CARTESIAN_POINT('',(20.4,0.,137.4));
#12332 = LINE('',#12333,#12334);
#12333 = CARTESIAN_POINT('',(20.4,0.,135.));
#12334 = VECTOR('',#12335,1.);
#12335 = DIRECTION('',(0.,0.,1.));
#12336 = ORIENTED_EDGE('',*,*,#12337,.F.);
#12337 = EDGE_CURVE('',#12338,#12330,#12340,.T.);
#12338 = VERTEX_POINT('',#12339);
#12339 = CARTESIAN_POINT('',(16.,0.,137.4));
#12340 = LINE('',#12341,#12342);
#12341 = CARTESIAN_POINT('',(14.3,0.,137.4));
#12342 = VECTOR('',#12343,1.);
#12343 = DIRECTION('',(1.,0.,0.));
#12344 = ORIENTED_EDGE('',*,*,#12345,.T.);
#12345 = EDGE_CURVE('',#12338,#12134,#12346,.T.);
#12346 = LINE('',#12347,#12348);
#12347 = CARTESIAN_POINT('',(16.,0.,126.));
#12348 = VECTOR('',#12349,1.);
#12349 = DIRECTION('',(0.,0.,1.));
#12350 = ORIENTED_EDGE('',*,*,#12161,.T.);
#12351 = ORIENTED_EDGE('',*,*,#12352,.F.);
#12352 = EDGE_CURVE('',#12208,#12153,#12353,.T.);
#12353 = LINE('',#12354,#12355);
#12354 = CARTESIAN_POINT('',(10.,-1.78E-15,126.));
#12355 = VECTOR('',#12356,1.);
#12356 = DIRECTION('',(0.,0.,1.));
#12357 = PLANE('',#12358);
#12358 = AXIS2_PLACEMENT_3D('',#12359,#12360,#12361);
#12359 = CARTESIAN_POINT('',(71.,-4.2E-16,142.25598591549));
#12360 = DIRECTION('',(-0.,-1.,-0.));
#12361 = DIRECTION('',(0.,0.,-1.));
#12362 = ADVANCED_FACE('',(#12363,#12390),#12401,.T.);
#12363 = FACE_BOUND('',#12364,.T.);
#12364 = EDGE_LOOP('',(#12365,#12366,#12367,#12375,#12383));
#12365 = ORIENTED_EDGE('',*,*,#12144,.F.);
#12366 = ORIENTED_EDGE('',*,*,#12193,.T.);
#12367 = ORIENTED_EDGE('',*,*,#12368,.F.);
#12368 = EDGE_CURVE('',#12369,#12185,#12371,.T.);
#12369 = VERTEX_POINT('',#12370);
#12370 = CARTESIAN_POINT('',(1.,15.,180.));
#12371 = LINE('',#12372,#12373);
#12372 = CARTESIAN_POINT('',(0.,15.,180.));
#12373 = VECTOR('',#12374,1.);
#12374 = DIRECTION('',(1.,0.,0.));
#12375 = ORIENTED_EDGE('',*,*,#12376,.F.);
#12376 = EDGE_CURVE('',#12377,#12369,#12379,.T.);
#12377 = VERTEX_POINT('',#12378);
#12378 = CARTESIAN_POINT('',(1.,10.,180.));
#12379 = LINE('',#12380,#12381);
#12380 = CARTESIAN_POINT('',(1.,10.,180.));
#12381 = VECTOR('',#12382,1.);
#12382 = DIRECTION('',(0.,1.,0.));
#12383 = ORIENTED_EDGE('',*,*,#12384,.F.);
#12384 = EDGE_CURVE('',#12145,#12377,#12385,.T.);
#12385 = CIRCLE('',#12386,9.);
#12386 = AXIS2_PLACEMENT_3D('',#12387,#12388,#12389);
#12387 = CARTESIAN_POINT('',(10.,10.,180.));
#12388 = DIRECTION('',(-0.,0.,-1.));
#12389 = DIRECTION('',(-1.8E-16,-1.,0.));
#12390 = FACE_BOUND('',#12391,.T.);
#12391 = EDGE_LOOP('',(#12392));
#12392 = ORIENTED_EDGE('',*,*,#12393,.F.);
#12393 = EDGE_CURVE('',#12394,#12394,#12396,.T.);
#12394 = VERTEX_POINT('',#12395);
#12395 = CARTESIAN_POINT('',(11.4,8.,180.));
#12396 = CIRCLE('',#12397,3.4);
#12397 = AXIS2_PLACEMENT_3D('',#12398,#12399,#12400);
#12398 = CARTESIAN_POINT('',(8.,8.,180.));
#12399 = DIRECTION('',(0.,0.,1.));
#12400 = DIRECTION('',(1.,0.,0.));
#12401 = PLANE('',#12402);
#12402 = AXIS2_PLACEMENT_3D('',#12403,#12404,#12405);
#12403 = CARTESIAN_POINT('',(0.,0.,180.));
#12404 = DIRECTION('',(0.,0.,1.));
#12405 = DIRECTION('',(1.,0.,0.));
#12406 = ADVANCED_FACE('',(#12407),#12427,.T.);
#12407 = FACE_BOUND('',#12408,.F.);
#12408 = EDGE_LOOP('',(#12409,#12410,#12419,#12426));
#12409 = ORIENTED_EDGE('',*,*,#12152,.F.);
#12410 = ORIENTED_EDGE('',*,*,#12411,.T.);
#12411 = EDGE_CURVE('',#12153,#12412,#12414,.T.);
#12412 = VERTEX_POINT('',#12413);
#12413 = CARTESIAN_POINT('',(-2.E-15,10.,179.));
#12414 = CIRCLE('',#12415,10.);
#12415 = AXIS2_PLACEMENT_3D('',#12416,#12417,#12418);
#12416 = CARTESIAN_POINT('',(10.,10.,179.));
#12417 = DIRECTION('',(-0.,0.,-1.));
#12418 = DIRECTION('',(-1.8E-16,-1.,0.));
#12419 = ORIENTED_EDGE('',*,*,#12420,.T.);
#12420 = EDGE_CURVE('',#12412,#12377,#12421,.T.);
#12421 = CIRCLE('',#12422,1.);
#12422 = AXIS2_PLACEMENT_3D('',#12423,#12424,#12425);
#12423 = CARTESIAN_POINT('',(1.,10.,179.));
#12424 = DIRECTION('',(-1.1E-16,1.,0.));
#12425 = DIRECTION('',(-1.,-1.1E-16,0.));
#12426 = ORIENTED_EDGE('',*,*,#12384,.F.);
#12427 = TOROIDAL_SURFACE('',#12428,9.,1.);
#12428 = AXIS2_PLACEMENT_3D('',#12429,#12430,#12431);
#12429 = CARTESIAN_POINT('',(10.,10.,179.));
#12430 = DIRECTION('',(0.,0.,1.));
#12431 = DIRECTION('',(-1.8E-16,-1.,0.));
#12432 = ADVANCED_FACE('',(#12433),#12451,.T.);
#12433 = FACE_BOUND('',#12434,.T.);
#12434 = EDGE_LOOP('',(#12435,#12443,#12449,#12450));
#12435 = ORIENTED_EDGE('',*,*,#12436,.F.);
#12436 = EDGE_CURVE('',#12437,#12338,#12439,.T.);
#12437 = VERTEX_POINT('',#12438);
#12438 = CARTESIAN_POINT('',(16.,16.,137.4));
#12439 = LINE('',#12440,#12441);
#12440 = CARTESIAN_POINT('',(16.,19.19686935581,137.4));
#12441 = VECTOR('',#12442,1.);
#12442 = DIRECTION('',(0.,-1.,0.));
#12443 = ORIENTED_EDGE('',*,*,#12444,.T.);
#12444 = EDGE_CURVE('',#12437,#12177,#12445,.T.);
#12445 = LINE('',#12446,#12447);
#12446 = CARTESIAN_POINT('',(16.,16.,126.));
#12447 = VECTOR('',#12448,1.);
#12448 = DIRECTION('',(0.,0.,1.));
#12449 = ORIENTED_EDGE('',*,*,#12176,.F.);
#12450 = ORIENTED_EDGE('',*,*,#12345,.F.);
#12451 = PLANE('',#12452);
#12452 = AXIS2_PLACEMENT_3D('',#12453,#12454,#12455);
#12453 = CARTESIAN_POINT('',(16.,38.39373871162,135.87661047561));
#12454 = DIRECTION('',(1.,0.,0.));
#12455 = DIRECTION('',(0.,0.,1.));
#12456 = ADVANCED_FACE('',(#12457),#12476,.T.);
#12457 = FACE_BOUND('',#12458,.F.);
#12458 = EDGE_LOOP('',(#12459,#12468,#12474,#12475));
#12459 = ORIENTED_EDGE('',*,*,#12460,.F.);
#12460 = EDGE_CURVE('',#12461,#12369,#12463,.T.);
#12461 = VERTEX_POINT('',#12462);
#12462 = CARTESIAN_POINT('',(0.,16.,179.));
#12463 = ELLIPSE('',#12464,1.414213562373,1.);
#12464 = AXIS2_PLACEMENT_3D('',#12465,#12466,#12467);
#12465 = CARTESIAN_POINT('',(1.,15.,179.));
#12466 = DIRECTION('',(0.707106781187,0.707106781187,-0.));
#12467 = DIRECTION('',(-0.707106781187,0.707106781187,0.));
#12468 = ORIENTED_EDGE('',*,*,#12469,.T.);
#12469 = EDGE_CURVE('',#12461,#12177,#12470,.T.);
#12470 = LINE('',#12471,#12472);
#12471 = CARTESIAN_POINT('',(0.,16.,179.));
#12472 = VECTOR('',#12473,1.);
#12473 = DIRECTION('',(1.,0.,0.));
#12474 = ORIENTED_EDGE('',*,*,#12184,.F.);
#12475 = ORIENTED_EDGE('',*,*,#12368,.F.);
#12476 = CYLINDRICAL_SURFACE('',#12477,1.);
#12477 = AXIS2_PLACEMENT_3D('',#12478,#12479,#12480);
#12478 = CARTESIAN_POINT('',(0.,15.,179.));
#12479 = DIRECTION('',(1.,0.,0.));
#12480 = DIRECTION('',(0.,0.,1.));
#12481 = ADVANCED_FACE('',(#12482),#12541,.T.);
#12482 = FACE_BOUND('',#12483,.T.);
#12483 = EDGE_LOOP('',(#12484,#12494,#12500,#12501,#12510,#12518,#12526,
    #12534));
#12484 = ORIENTED_EDGE('',*,*,#12485,.F.);
#12485 = EDGE_CURVE('',#12486,#12488,#12490,.T.);
#12486 = VERTEX_POINT('',#12487);
#12487 = CARTESIAN_POINT('',(22.4,1.,126.));
#12488 = VERTEX_POINT('',#12489);
#12489 = CARTESIAN_POINT('',(10.,1.,126.));
#12490 = LINE('',#12491,#12492);
#12491 = CARTESIAN_POINT('',(132.,1.,126.));
#12492 = VECTOR('',#12493,1.);
#12493 = DIRECTION('',(-1.,-0.,-0.));
#12494 = ORIENTED_EDGE('',*,*,#12495,.F.);
#12495 = EDGE_CURVE('',#12210,#12486,#12496,.T.);
#12496 = LINE('',#12497,#12498);
#12497 = CARTESIAN_POINT('',(22.4,0.,126.));
#12498 = VECTOR('',#12499,1.);
#12499 = DIRECTION('',(0.,1.,0.));
#12500 = ORIENTED_EDGE('',*,*,#12207,.F.);
#12501 = ORIENTED_EDGE('',*,*,#12502,.F.);
#12502 = EDGE_CURVE('',#12503,#12208,#12505,.T.);
#12503 = VERTEX_POINT('',#12504);
#12504 = CARTESIAN_POINT('',(-2.E-15,10.,126.));
#12505 = CIRCLE('',#12506,10.);
#12506 = AXIS2_PLACEMENT_3D('',#12507,#12508,#12509);
#12507 = CARTESIAN_POINT('',(10.,10.,126.));
#12508 = DIRECTION('',(-0.,0.,1.));
#12509 = DIRECTION('',(0.,-1.,0.));
#12510 = ORIENTED_EDGE('',*,*,#12511,.T.);
#12511 = EDGE_CURVE('',#12503,#12512,#12514,.T.);
#12512 = VERTEX_POINT('',#12513);
#12513 = CARTESIAN_POINT('',(0.,16.,126.));
#12514 = LINE('',#12515,#12516);
#12515 = CARTESIAN_POINT('',(0.,0.,126.));
#12516 = VECTOR('',#12517,1.);
#12517 = DIRECTION('',(0.,1.,0.));
#12518 = ORIENTED_EDGE('',*,*,#12519,.T.);
#12519 = EDGE_CURVE('',#12512,#12520,#12522,.T.);
#12520 = VERTEX_POINT('',#12521);
#12521 = CARTESIAN_POINT('',(1.,16.,126.));
#12522 = LINE('',#12523,#12524);
#12523 = CARTESIAN_POINT('',(0.,16.,126.));
#12524 = VECTOR('',#12525,1.);
#12525 = DIRECTION('',(1.,0.,0.));
#12526 = ORIENTED_EDGE('',*,*,#12527,.F.);
#12527 = EDGE_CURVE('',#12528,#12520,#12530,.T.);
#12528 = VERTEX_POINT('',#12529);
#12529 = CARTESIAN_POINT('',(1.,10.,126.));
#12530 = LINE('',#12531,#12532);
#12531 = CARTESIAN_POINT('',(1.,10.,126.));
#12532 = VECTOR('',#12533,1.);
#12533 = DIRECTION('',(0.,1.,0.));
#12534 = ORIENTED_EDGE('',*,*,#12535,.F.);
#12535 = EDGE_CURVE('',#12488,#12528,#12536,.T.);
#12536 = CIRCLE('',#12537,9.);
#12537 = AXIS2_PLACEMENT_3D('',#12538,#12539,#12540);
#12538 = CARTESIAN_POINT('',(10.,10.,126.));
#12539 = DIRECTION('',(-0.,0.,-1.));
#12540 = DIRECTION('',(-1.8E-16,-1.,0.));
#12541 = PLANE('',#12542);
#12542 = AXIS2_PLACEMENT_3D('',#12543,#12544,#12545);
#12543 = CARTESIAN_POINT('',(8.064975384086,4.467015283844,126.));
#12544 = DIRECTION('',(-0.,-0.,-1.));
#12545 = DIRECTION('',(-1.,0.,0.));
#12546 = ADVANCED_FACE('',(#12547),#12597,.T.);
#12547 = FACE_BOUND('',#12548,.T.);
#12548 = EDGE_LOOP('',(#12549,#12550,#12551,#12559,#12567,#12575,#12583,
    #12591));
#12549 = ORIENTED_EDGE('',*,*,#12217,.F.);
#12550 = ORIENTED_EDGE('',*,*,#12495,.T.);
#12551 = ORIENTED_EDGE('',*,*,#12552,.T.);
#12552 = EDGE_CURVE('',#12486,#12553,#12555,.T.);
#12553 = VERTEX_POINT('',#12554);
#12554 = CARTESIAN_POINT('',(22.4,8.,126.));
#12555 = LINE('',#12556,#12557);
#12556 = CARTESIAN_POINT('',(22.4,0.,126.));
#12557 = VECTOR('',#12558,1.);
#12558 = DIRECTION('',(0.,1.,0.));
#12559 = ORIENTED_EDGE('',*,*,#12560,.T.);
#12560 = EDGE_CURVE('',#12553,#12561,#12563,.T.);
#12561 = VERTEX_POINT('',#12562);
#12562 = CARTESIAN_POINT('',(22.4,92.,126.));
#12563 = LINE('',#12564,#12565);
#12564 = CARTESIAN_POINT('',(22.4,0.,126.));
#12565 = VECTOR('',#12566,1.);
#12566 = DIRECTION('',(0.,1.,0.));
#12567 = ORIENTED_EDGE('',*,*,#12568,.T.);
#12568 = EDGE_CURVE('',#12561,#12569,#12571,.T.);
#12569 = VERTEX_POINT('',#12570);
#12570 = CARTESIAN_POINT('',(22.4,93.,126.));
#12571 = LINE('',#12572,#12573);
#12572 = CARTESIAN_POINT('',(22.4,0.,126.));
#12573 = VECTOR('',#12574,1.);
#12574 = DIRECTION('',(0.,1.,0.));
#12575 = ORIENTED_EDGE('',*,*,#12576,.T.);
#12576 = EDGE_CURVE('',#12569,#12577,#12579,.T.);
#12577 = VERTEX_POINT('',#12578);
#12578 = CARTESIAN_POINT('',(22.4,93.,128.));
#12579 = LINE('',#12580,#12581);
#12580 = CARTESIAN_POINT('',(22.4,93.,126.));
#12581 = VECTOR('',#12582,1.);
#12582 = DIRECTION('',(0.,0.,1.));
#12583 = ORIENTED_EDGE('',*,*,#12584,.F.);
#12584 = EDGE_CURVE('',#12585,#12577,#12587,.T.);
#12585 = VERTEX_POINT('',#12586);
#12586 = CARTESIAN_POINT('',(22.4,2.,128.));
#12587 = LINE('',#12588,#12589);
#12588 = CARTESIAN_POINT('',(22.4,0.,128.));
#12589 = VECTOR('',#12590,1.);
#12590 = DIRECTION('',(0.,1.,0.));
#12591 = ORIENTED_EDGE('',*,*,#12592,.F.);
#12592 = EDGE_CURVE('',#12218,#12585,#12593,.T.);
#12593 = LINE('',#12594,#12595);
#12594 = CARTESIAN_POINT('',(22.4,0.,128.));
#12595 = VECTOR('',#12596,1.);
#12596 = DIRECTION('',(0.,1.,0.));
#12597 = PLANE('',#12598);
#12598 = AXIS2_PLACEMENT_3D('',#12599,#12600,#12601);
#12599 = CARTESIAN_POINT('',(22.4,0.,126.));
#12600 = DIRECTION('',(1.,0.,0.));
#12601 = DIRECTION('',(0.,0.,1.));
#12602 = ADVANCED_FACE('',(#12603),#12621,.F.);
#12603 = FACE_BOUND('',#12604,.F.);
#12604 = EDGE_LOOP('',(#12605,#12606,#12607,#12615));
#12605 = ORIENTED_EDGE('',*,*,#12592,.F.);
#12606 = ORIENTED_EDGE('',*,*,#12225,.T.);
#12607 = ORIENTED_EDGE('',*,*,#12608,.T.);
#12608 = EDGE_CURVE('',#12226,#12609,#12611,.T.);
#12609 = VERTEX_POINT('',#12610);
#12610 = CARTESIAN_POINT('',(119.6,2.,128.));
#12611 = LINE('',#12612,#12613);
#12612 = CARTESIAN_POINT('',(119.6,0.,128.));
#12613 = VECTOR('',#12614,1.);
#12614 = DIRECTION('',(0.,1.,0.));
#12615 = ORIENTED_EDGE('',*,*,#12616,.F.);
#12616 = EDGE_CURVE('',#12585,#12609,#12617,.T.);
#12617 = LINE('',#12618,#12619);
#12618 = CARTESIAN_POINT('',(15.3,2.,128.));
#12619 = VECTOR('',#12620,1.);
#12620 = DIRECTION('',(1.,0.,0.));
#12621 = PLANE('',#12622);
#12622 = AXIS2_PLACEMENT_3D('',#12623,#12624,#12625);
#12623 = CARTESIAN_POINT('',(15.3,0.,128.));
#12624 = DIRECTION('',(0.,0.,1.));
#12625 = DIRECTION('',(1.,0.,0.));
#12626 = ADVANCED_FACE('',(#12627),#12677,.F.);
#12627 = FACE_BOUND('',#12628,.F.);
#12628 = EDGE_LOOP('',(#12629,#12630,#12638,#12646,#12654,#12662,#12670,
    #12676));
#12629 = ORIENTED_EDGE('',*,*,#12233,.F.);
#12630 = ORIENTED_EDGE('',*,*,#12631,.T.);
#12631 = EDGE_CURVE('',#12234,#12632,#12634,.T.);
#12632 = VERTEX_POINT('',#12633);
#12633 = CARTESIAN_POINT('',(119.6,1.,126.));
#12634 = LINE('',#12635,#12636);
#12635 = CARTESIAN_POINT('',(119.6,0.,126.));
#12636 = VECTOR('',#12637,1.);
#12637 = DIRECTION('',(0.,1.,0.));
#12638 = ORIENTED_EDGE('',*,*,#12639,.T.);
#12639 = EDGE_CURVE('',#12632,#12640,#12642,.T.);
#12640 = VERTEX_POINT('',#12641);
#12641 = CARTESIAN_POINT('',(119.6,8.,126.));
#12642 = LINE('',#12643,#12644);
#12643 = CARTESIAN_POINT('',(119.6,0.,126.));
#12644 = VECTOR('',#12645,1.);
#12645 = DIRECTION('',(0.,1.,0.));
#12646 = ORIENTED_EDGE('',*,*,#12647,.T.);
#12647 = EDGE_CURVE('',#12640,#12648,#12650,.T.);
#12648 = VERTEX_POINT('',#12649);
#12649 = CARTESIAN_POINT('',(119.6,92.,126.));
#12650 = LINE('',#12651,#12652);
#12651 = CARTESIAN_POINT('',(119.6,0.,126.));
#12652 = VECTOR('',#12653,1.);
#12653 = DIRECTION('',(0.,1.,0.));
#12654 = ORIENTED_EDGE('',*,*,#12655,.T.);
#12655 = EDGE_CURVE('',#12648,#12656,#12658,.T.);
#12656 = VERTEX_POINT('',#12657);
#12657 = CARTESIAN_POINT('',(119.6,93.,126.));
#12658 = LINE('',#12659,#12660);
#12659 = CARTESIAN_POINT('',(119.6,0.,126.));
#12660 = VECTOR('',#12661,1.);
#12661 = DIRECTION('',(0.,1.,0.));
#12662 = ORIENTED_EDGE('',*,*,#12663,.T.);
#12663 = EDGE_CURVE('',#12656,#12664,#12666,.T.);
#12664 = VERTEX_POINT('',#12665);
#12665 = CARTESIAN_POINT('',(119.6,93.,128.));
#12666 = LINE('',#12667,#12668);
#12667 = CARTESIAN_POINT('',(119.6,93.,126.));
#12668 = VECTOR('',#12669,1.);
#12669 = DIRECTION('',(0.,0.,1.));
#12670 = ORIENTED_EDGE('',*,*,#12671,.F.);
#12671 = EDGE_CURVE('',#12609,#12664,#12672,.T.);
#12672 = LINE('',#12673,#12674);
#12673 = CARTESIAN_POINT('',(119.6,0.,128.));
#12674 = VECTOR('',#12675,1.);
#12675 = DIRECTION('',(0.,1.,0.));
#12676 = ORIENTED_EDGE('',*,*,#12608,.F.);
#12677 = PLANE('',#12678);
#12678 = AXIS2_PLACEMENT_3D('',#12679,#12680,#12681);
#12679 = CARTESIAN_POINT('',(119.6,0.,126.));
#12680 = DIRECTION('',(1.,0.,0.));
#12681 = DIRECTION('',(0.,0.,1.));
#12682 = ADVANCED_FACE('',(#12683),#12735,.T.);
#12683 = FACE_BOUND('',#12684,.T.);
#12684 = EDGE_LOOP('',(#12685,#12694,#12695,#12696,#12704,#12713,#12721,
    #12729));
#12685 = ORIENTED_EDGE('',*,*,#12686,.T.);
#12686 = EDGE_CURVE('',#12687,#12242,#12689,.T.);
#12687 = VERTEX_POINT('',#12688);
#12688 = CARTESIAN_POINT('',(142.,10.,126.));
#12689 = CIRCLE('',#12690,10.);
#12690 = AXIS2_PLACEMENT_3D('',#12691,#12692,#12693);
#12691 = CARTESIAN_POINT('',(132.,10.,126.));
#12692 = DIRECTION('',(-0.,-0.,-1.));
#12693 = DIRECTION('',(0.,-1.,0.));
#12694 = ORIENTED_EDGE('',*,*,#12241,.F.);
#12695 = ORIENTED_EDGE('',*,*,#12631,.T.);
#12696 = ORIENTED_EDGE('',*,*,#12697,.F.);
#12697 = EDGE_CURVE('',#12698,#12632,#12700,.T.);
#12698 = VERTEX_POINT('',#12699);
#12699 = CARTESIAN_POINT('',(132.,1.,126.));
#12700 = LINE('',#12701,#12702);
#12701 = CARTESIAN_POINT('',(132.,1.,126.));
#12702 = VECTOR('',#12703,1.);
#12703 = DIRECTION('',(-1.,-0.,-0.));
#12704 = ORIENTED_EDGE('',*,*,#12705,.F.);
#12705 = EDGE_CURVE('',#12706,#12698,#12708,.T.);
#12706 = VERTEX_POINT('',#12707);
#12707 = CARTESIAN_POINT('',(141.,10.,126.));
#12708 = CIRCLE('',#12709,9.);
#12709 = AXIS2_PLACEMENT_3D('',#12710,#12711,#12712);
#12710 = CARTESIAN_POINT('',(132.,10.,126.));
#12711 = DIRECTION('',(0.,0.,-1.));
#12712 = DIRECTION('',(1.,0.,0.));
#12713 = ORIENTED_EDGE('',*,*,#12714,.F.);
#12714 = EDGE_CURVE('',#12715,#12706,#12717,.T.);
#12715 = VERTEX_POINT('',#12716);
#12716 = CARTESIAN_POINT('',(141.,16.,126.));
#12717 = LINE('',#12718,#12719);
#12718 = CARTESIAN_POINT('',(141.,90.,126.));
#12719 = VECTOR('',#12720,1.);
#12720 = DIRECTION('',(-0.,-1.,-0.));
#12721 = ORIENTED_EDGE('',*,*,#12722,.T.);
#12722 = EDGE_CURVE('',#12715,#12723,#12725,.T.);
#12723 = VERTEX_POINT('',#12724);
#12724 = CARTESIAN_POINT('',(142.,16.,126.));
#12725 = LINE('',#12726,#12727);
#12726 = CARTESIAN_POINT('',(126.,16.,126.));
#12727 = VECTOR('',#12728,1.);
#12728 = DIRECTION('',(1.,0.,0.));
#12729 = ORIENTED_EDGE('',*,*,#12730,.F.);
#12730 = EDGE_CURVE('',#12687,#12723,#12731,.T.);
#12731 = LINE('',#12732,#12733);
#12732 = CARTESIAN_POINT('',(142.,0.,126.));
#12733 = VECTOR('',#12734,1.);
#12734 = DIRECTION('',(0.,1.,0.));
#12735 = PLANE('',#12736);
#12736 = AXIS2_PLACEMENT_3D('',#12737,#12738,#12739);
#12737 = CARTESIAN_POINT('',(133.93502461591,4.467015283844,126.));
#12738 = DIRECTION('',(-0.,-0.,-1.));
#12739 = DIRECTION('',(-1.,0.,0.));
#12740 = ADVANCED_FACE('',(#12741),#12760,.T.);
#12741 = FACE_BOUND('',#12742,.F.);
#12742 = EDGE_LOOP('',(#12743,#12751,#12752,#12753));
#12743 = ORIENTED_EDGE('',*,*,#12744,.F.);
#12744 = EDGE_CURVE('',#12687,#12745,#12747,.T.);
#12745 = VERTEX_POINT('',#12746);
#12746 = CARTESIAN_POINT('',(142.,10.,179.));
#12747 = LINE('',#12748,#12749);
#12748 = CARTESIAN_POINT('',(142.,10.,126.));
#12749 = VECTOR('',#12750,1.);
#12750 = DIRECTION('',(0.,0.,1.));
#12751 = ORIENTED_EDGE('',*,*,#12686,.T.);
#12752 = ORIENTED_EDGE('',*,*,#12249,.T.);
#12753 = ORIENTED_EDGE('',*,*,#12754,.T.);
#12754 = EDGE_CURVE('',#12250,#12745,#12755,.T.);
#12755 = CIRCLE('',#12756,10.);
#12756 = AXIS2_PLACEMENT_3D('',#12757,#12758,#12759);
#12757 = CARTESIAN_POINT('',(132.,10.,179.));
#12758 = DIRECTION('',(-0.,0.,1.));
#12759 = DIRECTION('',(0.,-1.,0.));
#12760 = CYLINDRICAL_SURFACE('',#12761,10.);
#12761 = AXIS2_PLACEMENT_3D('',#12762,#12763,#12764);
#12762 = CARTESIAN_POINT('',(132.,10.,126.));
#12763 = DIRECTION('',(0.,0.,1.));
#12764 = DIRECTION('',(1.,0.,0.));
#12765 = ADVANCED_FACE('',(#12766),#12793,.T.);
#12766 = FACE_BOUND('',#12767,.F.);
#12767 = EDGE_LOOP('',(#12768,#12777,#12785,#12792));
#12768 = ORIENTED_EDGE('',*,*,#12769,.T.);
#12769 = EDGE_CURVE('',#12258,#12770,#12772,.T.);
#12770 = VERTEX_POINT('',#12771);
#12771 = CARTESIAN_POINT('',(127.,1.,180.));
#12772 = ELLIPSE('',#12773,1.414213562373,1.);
#12773 = AXIS2_PLACEMENT_3D('',#12774,#12775,#12776);
#12774 = CARTESIAN_POINT('',(127.,1.,179.));
#12775 = DIRECTION('',(-0.707106781187,0.707106781187,0.));
#12776 = DIRECTION('',(0.707106781187,0.707106781187,0.));
#12777 = ORIENTED_EDGE('',*,*,#12778,.T.);
#12778 = EDGE_CURVE('',#12770,#12779,#12781,.T.);
#12779 = VERTEX_POINT('',#12780);
#12780 = CARTESIAN_POINT('',(132.,1.,180.));
#12781 = LINE('',#12782,#12783);
#12782 = CARTESIAN_POINT('',(126.,1.,180.));
#12783 = VECTOR('',#12784,1.);
#12784 = DIRECTION('',(1.,0.,0.));
#12785 = ORIENTED_EDGE('',*,*,#12786,.F.);
#12786 = EDGE_CURVE('',#12250,#12779,#12787,.T.);
#12787 = CIRCLE('',#12788,1.);
#12788 = AXIS2_PLACEMENT_3D('',#12789,#12790,#12791);
#12789 = CARTESIAN_POINT('',(132.,1.,179.));
#12790 = DIRECTION('',(-1.,0.,0.));
#12791 = DIRECTION('',(0.,-1.,0.));
#12792 = ORIENTED_EDGE('',*,*,#12257,.F.);
#12793 = CYLINDRICAL_SURFACE('',#12794,1.);
#12794 = AXIS2_PLACEMENT_3D('',#12795,#12796,#12797);
#12795 = CARTESIAN_POINT('',(126.,1.,179.));
#12796 = DIRECTION('',(1.,0.,0.));
#12797 = DIRECTION('',(0.,-1.,0.));
#12798 = ADVANCED_FACE('',(#12799),#12824,.T.);
#12799 = FACE_BOUND('',#12800,.T.);
#12800 = EDGE_LOOP('',(#12801,#12811,#12817,#12818));
#12801 = ORIENTED_EDGE('',*,*,#12802,.F.);
#12802 = EDGE_CURVE('',#12803,#12805,#12807,.T.);
#12803 = VERTEX_POINT('',#12804);
#12804 = CARTESIAN_POINT('',(126.,16.,137.4));
#12805 = VERTEX_POINT('',#12806);
#12806 = CARTESIAN_POINT('',(126.,16.,179.));
#12807 = LINE('',#12808,#12809);
#12808 = CARTESIAN_POINT('',(126.,16.,126.));
#12809 = VECTOR('',#12810,1.);
#12810 = DIRECTION('',(0.,0.,1.));
#12811 = ORIENTED_EDGE('',*,*,#12812,.F.);
#12812 = EDGE_CURVE('',#12266,#12803,#12813,.T.);
#12813 = LINE('',#12814,#12815);
#12814 = CARTESIAN_POINT('',(126.,19.19686935581,137.4));
#12815 = VECTOR('',#12816,1.);
#12816 = DIRECTION('',(0.,1.,0.));
#12817 = ORIENTED_EDGE('',*,*,#12265,.T.);
#12818 = ORIENTED_EDGE('',*,*,#12819,.T.);
#12819 = EDGE_CURVE('',#12258,#12805,#12820,.T.);
#12820 = LINE('',#12821,#12822);
#12821 = CARTESIAN_POINT('',(126.,0.,179.));
#12822 = VECTOR('',#12823,1.);
#12823 = DIRECTION('',(0.,1.,0.));
#12824 = PLANE('',#12825);
#12825 = AXIS2_PLACEMENT_3D('',#12826,#12827,#12828);
#12826 = CARTESIAN_POINT('',(126.,38.39373871162,135.87661047561));
#12827 = DIRECTION('',(-1.,-0.,-0.));
#12828 = DIRECTION('',(0.,0.,-1.));
#12829 = ADVANCED_FACE('',(#12830),#12896,.T.);
#12830 = FACE_BOUND('',#12831,.T.);
#12831 = EDGE_LOOP('',(#12832,#12842,#12848,#12849,#12850,#12858,#12866,
    #12874,#12882,#12890));
#12832 = ORIENTED_EDGE('',*,*,#12833,.F.);
#12833 = EDGE_CURVE('',#12834,#12836,#12838,.T.);
#12834 = VERTEX_POINT('',#12835);
#12835 = CARTESIAN_POINT('',(121.6,92.,137.4));
#12836 = VERTEX_POINT('',#12837);
#12837 = CARTESIAN_POINT('',(122.9,92.,137.4));
#12838 = LINE('',#12839,#12840);
#12839 = CARTESIAN_POINT('',(124.2,92.,137.4));
#12840 = VECTOR('',#12841,1.);
#12841 = DIRECTION('',(1.,0.,0.));
#12842 = ORIENTED_EDGE('',*,*,#12843,.F.);
#12843 = EDGE_CURVE('',#12274,#12834,#12844,.T.);
#12844 = LINE('',#12845,#12846);
#12845 = CARTESIAN_POINT('',(121.6,0.,137.4));
#12846 = VECTOR('',#12847,1.);
#12847 = DIRECTION('',(0.,1.,0.));
#12848 = ORIENTED_EDGE('',*,*,#12273,.T.);
#12849 = ORIENTED_EDGE('',*,*,#12812,.T.);
#12850 = ORIENTED_EDGE('',*,*,#12851,.T.);
#12851 = EDGE_CURVE('',#12803,#12852,#12854,.T.);
#12852 = VERTEX_POINT('',#12853);
#12853 = CARTESIAN_POINT('',(127.7,16.,137.4));
#12854 = LINE('',#12855,#12856);
#12855 = CARTESIAN_POINT('',(123.8,16.,137.4));
#12856 = VECTOR('',#12857,1.);
#12857 = DIRECTION('',(1.,0.,0.));
#12858 = ORIENTED_EDGE('',*,*,#12859,.T.);
#12859 = EDGE_CURVE('',#12852,#12860,#12862,.T.);
#12860 = VERTEX_POINT('',#12861);
#12861 = CARTESIAN_POINT('',(127.7,92.,137.4));
#12862 = LINE('',#12863,#12864);
#12863 = CARTESIAN_POINT('',(127.7,0.,137.4));
#12864 = VECTOR('',#12865,1.);
#12865 = DIRECTION('',(0.,1.,0.));
#12866 = ORIENTED_EDGE('',*,*,#12867,.F.);
#12867 = EDGE_CURVE('',#12868,#12860,#12870,.T.);
#12868 = VERTEX_POINT('',#12869);
#12869 = CARTESIAN_POINT('',(124.5,92.,137.4));
#12870 = LINE('',#12871,#12872);
#12871 = CARTESIAN_POINT('',(124.2,92.,137.4));
#12872 = VECTOR('',#12873,1.);
#12873 = DIRECTION('',(1.,0.,0.));
#12874 = ORIENTED_EDGE('',*,*,#12875,.F.);
#12875 = EDGE_CURVE('',#12876,#12868,#12878,.T.);
#12876 = VERTEX_POINT('',#12877);
#12877 = CARTESIAN_POINT('',(124.5,83.7,137.4));
#12878 = LINE('',#12879,#12880);
#12879 = CARTESIAN_POINT('',(124.5,64.919317023445,137.4));
#12880 = VECTOR('',#12881,1.);
#12881 = DIRECTION('',(0.,1.,0.));
#12882 = ORIENTED_EDGE('',*,*,#12883,.T.);
#12883 = EDGE_CURVE('',#12876,#12884,#12886,.T.);
#12884 = VERTEX_POINT('',#12885);
#12885 = CARTESIAN_POINT('',(122.9,83.7,137.4));
#12886 = LINE('',#12887,#12888);
#12887 = CARTESIAN_POINT('',(123.70568297655,83.7,137.4));
#12888 = VECTOR('',#12889,1.);
#12889 = DIRECTION('',(-1.,0.,0.));
#12890 = ORIENTED_EDGE('',*,*,#12891,.T.);
#12891 = EDGE_CURVE('',#12884,#12836,#12892,.T.);
#12892 = LINE('',#12893,#12894);
#12893 = CARTESIAN_POINT('',(122.9,64.919317023445,137.4));
#12894 = VECTOR('',#12895,1.);
#12895 = DIRECTION('',(0.,1.,0.));
#12896 = PLANE('',#12897);
#12897 = AXIS2_PLACEMENT_3D('',#12898,#12899,#12900);
#12898 = CARTESIAN_POINT('',(124.5113659531,46.138634046891,137.4));
#12899 = DIRECTION('',(0.,0.,1.));
#12900 = DIRECTION('',(1.,0.,0.));
#12901 = ADVANCED_FACE('',(#12902),#12920,.F.);
#12902 = FACE_BOUND('',#12903,.F.);
#12903 = EDGE_LOOP('',(#12904,#12905,#12913,#12919));
#12904 = ORIENTED_EDGE('',*,*,#12281,.F.);
#12905 = ORIENTED_EDGE('',*,*,#12906,.T.);
#12906 = EDGE_CURVE('',#12282,#12907,#12909,.T.);
#12907 = VERTEX_POINT('',#12908);
#12908 = CARTESIAN_POINT('',(121.6,92.,135.));
#12909 = LINE('',#12910,#12911);
#12910 = CARTESIAN_POINT('',(121.6,0.,135.));
#12911 = VECTOR('',#12912,1.);
#12912 = DIRECTION('',(0.,1.,0.));
#12913 = ORIENTED_EDGE('',*,*,#12914,.T.);
#12914 = EDGE_CURVE('',#12907,#12834,#12915,.T.);
#12915 = LINE('',#12916,#12917);
#12916 = CARTESIAN_POINT('',(121.6,92.,135.));
#12917 = VECTOR('',#12918,1.);
#12918 = DIRECTION('',(0.,0.,1.));
#12919 = ORIENTED_EDGE('',*,*,#12843,.F.);
#12920 = PLANE('',#12921);
#12921 = AXIS2_PLACEMENT_3D('',#12922,#12923,#12924);
#12922 = CARTESIAN_POINT('',(121.6,0.,135.));
#12923 = DIRECTION('',(1.,0.,0.));
#12924 = DIRECTION('',(0.,0.,1.));
#12925 = ADVANCED_FACE('',(#12926),#12960,.F.);
#12926 = FACE_BOUND('',#12927,.F.);
#12927 = EDGE_LOOP('',(#12928,#12936,#12937,#12938,#12946,#12954));
#12928 = ORIENTED_EDGE('',*,*,#12929,.F.);
#12929 = EDGE_CURVE('',#12907,#12930,#12932,.T.);
#12930 = VERTEX_POINT('',#12931);
#12931 = CARTESIAN_POINT('',(122.9,92.,135.));
#12932 = LINE('',#12933,#12934);
#12933 = CARTESIAN_POINT('',(121.6,92.,135.));
#12934 = VECTOR('',#12935,1.);
#12935 = DIRECTION('',(1.,0.,0.));
#12936 = ORIENTED_EDGE('',*,*,#12906,.F.);
#12937 = ORIENTED_EDGE('',*,*,#12289,.T.);
#12938 = ORIENTED_EDGE('',*,*,#12939,.F.);
#12939 = EDGE_CURVE('',#12940,#12290,#12942,.T.);
#12940 = VERTEX_POINT('',#12941);
#12941 = CARTESIAN_POINT('',(124.2,83.7,135.));
#12942 = LINE('',#12943,#12944);
#12943 = CARTESIAN_POINT('',(124.2,0.,135.));
#12944 = VECTOR('',#12945,1.);
#12945 = DIRECTION('',(0.,-1.,0.));
#12946 = ORIENTED_EDGE('',*,*,#12947,.T.);
#12947 = EDGE_CURVE('',#12940,#12948,#12950,.T.);
#12948 = VERTEX_POINT('',#12949);
#12949 = CARTESIAN_POINT('',(122.9,83.7,135.));
#12950 = LINE('',#12951,#12952);
#12951 = CARTESIAN_POINT('',(122.25,83.7,135.));
#12952 = VECTOR('',#12953,1.);
#12953 = DIRECTION('',(-1.,0.,0.));
#12954 = ORIENTED_EDGE('',*,*,#12955,.T.);
#12955 = EDGE_CURVE('',#12948,#12930,#12956,.T.);
#12956 = LINE('',#12957,#12958);
#12957 = CARTESIAN_POINT('',(122.9,41.85,135.));
#12958 = VECTOR('',#12959,1.);
#12959 = DIRECTION('',(0.,1.,0.));
#12960 = PLANE('',#12961);
#12961 = AXIS2_PLACEMENT_3D('',#12962,#12963,#12964);
#12962 = CARTESIAN_POINT('',(121.6,0.,135.));
#12963 = DIRECTION('',(0.,0.,1.));
#12964 = DIRECTION('',(1.,0.,0.));
#12965 = ADVANCED_FACE('',(#12966),#13016,.F.);
#12966 = FACE_BOUND('',#12967,.F.);
#12967 = EDGE_LOOP('',(#12968,#12969,#12977,#12985,#12993,#13001,#13009,
    #13015));
#12968 = ORIENTED_EDGE('',*,*,#12297,.F.);
#12969 = ORIENTED_EDGE('',*,*,#12970,.F.);
#12970 = EDGE_CURVE('',#12971,#12298,#12973,.T.);
#12971 = VERTEX_POINT('',#12972);
#12972 = CARTESIAN_POINT('',(124.2,2.,134.));
#12973 = LINE('',#12974,#12975);
#12974 = CARTESIAN_POINT('',(124.2,0.,134.));
#12975 = VECTOR('',#12976,1.);
#12976 = DIRECTION('',(0.,-1.,0.));
#12977 = ORIENTED_EDGE('',*,*,#12978,.F.);
#12978 = EDGE_CURVE('',#12979,#12971,#12981,.T.);
#12979 = VERTEX_POINT('',#12980);
#12980 = CARTESIAN_POINT('',(124.2,2.,128.));
#12981 = LINE('',#12982,#12983);
#12982 = CARTESIAN_POINT('',(124.2,2.,128.));
#12983 = VECTOR('',#12984,1.);
#12984 = DIRECTION('',(0.,0.,1.));
#12985 = ORIENTED_EDGE('',*,*,#12986,.T.);
#12986 = EDGE_CURVE('',#12979,#12987,#12989,.T.);
#12987 = VERTEX_POINT('',#12988);
#12988 = CARTESIAN_POINT('',(124.2,92.,128.));
#12989 = LINE('',#12990,#12991);
#12990 = CARTESIAN_POINT('',(124.2,0.,128.));
#12991 = VECTOR('',#12992,1.);
#12992 = DIRECTION('',(0.,1.,0.));
#12993 = ORIENTED_EDGE('',*,*,#12994,.T.);
#12994 = EDGE_CURVE('',#12987,#12995,#12997,.T.);
#12995 = VERTEX_POINT('',#12996);
#12996 = CARTESIAN_POINT('',(124.2,92.,134.9));
#12997 = LINE('',#12998,#12999);
#12998 = CARTESIAN_POINT('',(124.2,92.,128.));
#12999 = VECTOR('',#13000,1.);
#13000 = DIRECTION('',(0.,0.,1.));
#13001 = ORIENTED_EDGE('',*,*,#13002,.T.);
#13002 = EDGE_CURVE('',#12995,#13003,#13005,.T.);
#13003 = VERTEX_POINT('',#13004);
#13004 = CARTESIAN_POINT('',(124.2,83.7,134.9));
#13005 = LINE('',#13006,#13007);
#13006 = CARTESIAN_POINT('',(124.2,41.85,134.9));
#13007 = VECTOR('',#13008,1.);
#13008 = DIRECTION('',(0.,-1.,0.));
#13009 = ORIENTED_EDGE('',*,*,#13010,.T.);
#13010 = EDGE_CURVE('',#13003,#12940,#13011,.T.);
#13011 = LINE('',#13012,#13013);
#13012 = CARTESIAN_POINT('',(124.2,83.7,131.45));
#13013 = VECTOR('',#13014,1.);
#13014 = DIRECTION('',(0.,0.,1.));
#13015 = ORIENTED_EDGE('',*,*,#12939,.T.);
#13016 = PLANE('',#13017);
#13017 = AXIS2_PLACEMENT_3D('',#13018,#13019,#13020);
#13018 = CARTESIAN_POINT('',(124.2,0.,128.));
#13019 = DIRECTION('',(1.,0.,0.));
#13020 = DIRECTION('',(0.,0.,1.));
#13021 = ADVANCED_FACE('',(#13022),#13040,.T.);
#13022 = FACE_BOUND('',#13023,.T.);
#13023 = EDGE_LOOP('',(#13024,#13032,#13033,#13034));
#13024 = ORIENTED_EDGE('',*,*,#13025,.T.);
#13025 = EDGE_CURVE('',#13026,#12306,#13028,.T.);
#13026 = VERTEX_POINT('',#13027);
#13027 = CARTESIAN_POINT('',(17.8,2.,134.));
#13028 = LINE('',#13029,#13030);
#13029 = CARTESIAN_POINT('',(17.8,0.,134.));
#13030 = VECTOR('',#13031,1.);
#13031 = DIRECTION('',(0.,-1.,0.));
#13032 = ORIENTED_EDGE('',*,*,#12305,.T.);
#13033 = ORIENTED_EDGE('',*,*,#12970,.F.);
#13034 = ORIENTED_EDGE('',*,*,#13035,.F.);
#13035 = EDGE_CURVE('',#13026,#12971,#13036,.T.);
#13036 = LINE('',#13037,#13038);
#13037 = CARTESIAN_POINT('',(15.3,2.,134.));
#13038 = VECTOR('',#13039,1.);
#13039 = DIRECTION('',(1.,0.,0.));
#13040 = PLANE('',#13041);
#13041 = AXIS2_PLACEMENT_3D('',#13042,#13043,#13044);
#13042 = CARTESIAN_POINT('',(15.3,0.,134.));
#13043 = DIRECTION('',(0.,0.,1.));
#13044 = DIRECTION('',(1.,0.,0.));
#13045 = ADVANCED_FACE('',(#13046),#13096,.T.);
#13046 = FACE_BOUND('',#13047,.T.);
#13047 = EDGE_LOOP('',(#13048,#13049,#13050,#13058,#13066,#13074,#13082,
    #13090));
#13048 = ORIENTED_EDGE('',*,*,#12313,.F.);
#13049 = ORIENTED_EDGE('',*,*,#13025,.F.);
#13050 = ORIENTED_EDGE('',*,*,#13051,.F.);
#13051 = EDGE_CURVE('',#13052,#13026,#13054,.T.);
#13052 = VERTEX_POINT('',#13053);
#13053 = CARTESIAN_POINT('',(17.8,2.,128.));
#13054 = LINE('',#13055,#13056);
#13055 = CARTESIAN_POINT('',(17.8,2.,128.));
#13056 = VECTOR('',#13057,1.);
#13057 = DIRECTION('',(0.,0.,1.));
#13058 = ORIENTED_EDGE('',*,*,#13059,.T.);
#13059 = EDGE_CURVE('',#13052,#13060,#13062,.T.);
#13060 = VERTEX_POINT('',#13061);
#13061 = CARTESIAN_POINT('',(17.8,92.,128.));
#13062 = LINE('',#13063,#13064);
#13063 = CARTESIAN_POINT('',(17.8,0.,128.));
#13064 = VECTOR('',#13065,1.);
#13065 = DIRECTION('',(0.,1.,0.));
#13066 = ORIENTED_EDGE('',*,*,#13067,.T.);
#13067 = EDGE_CURVE('',#13060,#13068,#13070,.T.);
#13068 = VERTEX_POINT('',#13069);
#13069 = CARTESIAN_POINT('',(17.8,92.,134.9));
#13070 = LINE('',#13071,#13072);
#13071 = CARTESIAN_POINT('',(17.8,92.,128.));
#13072 = VECTOR('',#13073,1.);
#13073 = DIRECTION('',(0.,0.,1.));
#13074 = ORIENTED_EDGE('',*,*,#13075,.T.);
#13075 = EDGE_CURVE('',#13068,#13076,#13078,.T.);
#13076 = VERTEX_POINT('',#13077);
#13077 = CARTESIAN_POINT('',(17.8,83.7,134.9));
#13078 = LINE('',#13079,#13080);
#13079 = CARTESIAN_POINT('',(17.8,41.85,134.9));
#13080 = VECTOR('',#13081,1.);
#13081 = DIRECTION('',(0.,-1.,0.));
#13082 = ORIENTED_EDGE('',*,*,#13083,.T.);
#13083 = EDGE_CURVE('',#13076,#13084,#13086,.T.);
#13084 = VERTEX_POINT('',#13085);
#13085 = CARTESIAN_POINT('',(17.8,83.7,135.));
#13086 = LINE('',#13087,#13088);
#13087 = CARTESIAN_POINT('',(17.8,83.7,131.45));
#13088 = VECTOR('',#13089,1.);
#13089 = DIRECTION('',(0.,0.,1.));
#13090 = ORIENTED_EDGE('',*,*,#13091,.T.);
#13091 = EDGE_CURVE('',#13084,#12314,#13092,.T.);
#13092 = LINE('',#13093,#13094);
#13093 = CARTESIAN_POINT('',(17.8,0.,135.));
#13094 = VECTOR('',#13095,1.);
#13095 = DIRECTION('',(0.,-1.,0.));
#13096 = PLANE('',#13097);
#13097 = AXIS2_PLACEMENT_3D('',#13098,#13099,#13100);
#13098 = CARTESIAN_POINT('',(17.8,0.,128.));
#13099 = DIRECTION('',(1.,0.,0.));
#13100 = DIRECTION('',(0.,0.,1.));
#13101 = ADVANCED_FACE('',(#13102),#13136,.F.);
#13102 = FACE_BOUND('',#13103,.F.);
#13103 = EDGE_LOOP('',(#13104,#13112,#13113,#13114,#13122,#13130));
#13104 = ORIENTED_EDGE('',*,*,#13105,.T.);
#13105 = EDGE_CURVE('',#13106,#13084,#13108,.T.);
#13106 = VERTEX_POINT('',#13107);
#13107 = CARTESIAN_POINT('',(19.1,83.7,135.));
#13108 = LINE('',#13109,#13110);
#13109 = CARTESIAN_POINT('',(15.9,83.7,135.));
#13110 = VECTOR('',#13111,1.);
#13111 = DIRECTION('',(-1.,0.,0.));
#13112 = ORIENTED_EDGE('',*,*,#13091,.T.);
#13113 = ORIENTED_EDGE('',*,*,#12321,.T.);
#13114 = ORIENTED_EDGE('',*,*,#13115,.T.);
#13115 = EDGE_CURVE('',#12322,#13116,#13118,.T.);
#13116 = VERTEX_POINT('',#13117);
#13117 = CARTESIAN_POINT('',(20.4,92.,135.));
#13118 = LINE('',#13119,#13120);
#13119 = CARTESIAN_POINT('',(20.4,0.,135.));
#13120 = VECTOR('',#13121,1.);
#13121 = DIRECTION('',(0.,1.,0.));
#13122 = ORIENTED_EDGE('',*,*,#13123,.F.);
#13123 = EDGE_CURVE('',#13124,#13116,#13126,.T.);
#13124 = VERTEX_POINT('',#13125);
#13125 = CARTESIAN_POINT('',(19.1,92.,135.));
#13126 = LINE('',#13127,#13128);
#13127 = CARTESIAN_POINT('',(14.3,92.,135.));
#13128 = VECTOR('',#13129,1.);
#13129 = DIRECTION('',(1.,0.,0.));
#13130 = ORIENTED_EDGE('',*,*,#13131,.F.);
#13131 = EDGE_CURVE('',#13106,#13124,#13132,.T.);
#13132 = LINE('',#13133,#13134);
#13133 = CARTESIAN_POINT('',(19.1,41.85,135.));
#13134 = VECTOR('',#13135,1.);
#13135 = DIRECTION('',(0.,1.,0.));
#13136 = PLANE('',#13137);
#13137 = AXIS2_PLACEMENT_3D('',#13138,#13139,#13140);
#13138 = CARTESIAN_POINT('',(14.3,0.,135.));
#13139 = DIRECTION('',(0.,0.,1.));
#13140 = DIRECTION('',(1.,0.,0.));
#13141 = ADVANCED_FACE('',(#13142),#13160,.T.);
#13142 = FACE_BOUND('',#13143,.T.);
#13143 = EDGE_LOOP('',(#13144,#13145,#13146,#13154));
#13144 = ORIENTED_EDGE('',*,*,#12329,.F.);
#13145 = ORIENTED_EDGE('',*,*,#13115,.T.);
#13146 = ORIENTED_EDGE('',*,*,#13147,.T.);
#13147 = EDGE_CURVE('',#13116,#13148,#13150,.T.);
#13148 = VERTEX_POINT('',#13149);
#13149 = CARTESIAN_POINT('',(20.4,92.,137.4));
#13150 = LINE('',#13151,#13152);
#13151 = CARTESIAN_POINT('',(20.4,92.,135.));
#13152 = VECTOR('',#13153,1.);
#13153 = DIRECTION('',(0.,0.,1.));
#13154 = ORIENTED_EDGE('',*,*,#13155,.F.);
#13155 = EDGE_CURVE('',#12330,#13148,#13156,.T.);
#13156 = LINE('',#13157,#13158);
#13157 = CARTESIAN_POINT('',(20.4,0.,137.4));
#13158 = VECTOR('',#13159,1.);
#13159 = DIRECTION('',(0.,1.,0.));
#13160 = PLANE('',#13161);
#13161 = AXIS2_PLACEMENT_3D('',#13162,#13163,#13164);
#13162 = CARTESIAN_POINT('',(20.4,0.,135.));
#13163 = DIRECTION('',(1.,0.,0.));
#13164 = DIRECTION('',(0.,0.,1.));
#13165 = ADVANCED_FACE('',(#13166),#13225,.T.);
#13166 = FACE_BOUND('',#13167,.T.);
#13167 = EDGE_LOOP('',(#13168,#13178,#13184,#13185,#13186,#13187,#13195,
    #13203,#13211,#13219));
#13168 = ORIENTED_EDGE('',*,*,#13169,.F.);
#13169 = EDGE_CURVE('',#13170,#13172,#13174,.T.);
#13170 = VERTEX_POINT('',#13171);
#13171 = CARTESIAN_POINT('',(14.3,16.,137.4));
#13172 = VERTEX_POINT('',#13173);
#13173 = CARTESIAN_POINT('',(14.3,92.,137.4));
#13174 = LINE('',#13175,#13176);
#13175 = CARTESIAN_POINT('',(14.3,0.,137.4));
#13176 = VECTOR('',#13177,1.);
#13177 = DIRECTION('',(0.,1.,0.));
#13178 = ORIENTED_EDGE('',*,*,#13179,.T.);
#13179 = EDGE_CURVE('',#13170,#12437,#13180,.T.);
#13180 = LINE('',#13181,#13182);
#13181 = CARTESIAN_POINT('',(7.15,16.,137.4));
#13182 = VECTOR('',#13183,1.);
#13183 = DIRECTION('',(1.,0.,0.));
#13184 = ORIENTED_EDGE('',*,*,#12436,.T.);
#13185 = ORIENTED_EDGE('',*,*,#12337,.T.);
#13186 = ORIENTED_EDGE('',*,*,#13155,.T.);
#13187 = ORIENTED_EDGE('',*,*,#13188,.F.);
#13188 = EDGE_CURVE('',#13189,#13148,#13191,.T.);
#13189 = VERTEX_POINT('',#13190);
#13190 = CARTESIAN_POINT('',(19.1,92.,137.4));
#13191 = LINE('',#13192,#13193);
#13192 = CARTESIAN_POINT('',(14.3,92.,137.4));
#13193 = VECTOR('',#13194,1.);
#13194 = DIRECTION('',(1.,0.,0.));
#13195 = ORIENTED_EDGE('',*,*,#13196,.F.);
#13196 = EDGE_CURVE('',#13197,#13189,#13199,.T.);
#13197 = VERTEX_POINT('',#13198);
#13198 = CARTESIAN_POINT('',(19.1,83.7,137.4));
#13199 = LINE('',#13200,#13201);
#13200 = CARTESIAN_POINT('',(19.1,64.919317023445,137.4));
#13201 = VECTOR('',#13202,1.);
#13202 = DIRECTION('',(0.,1.,0.));
#13203 = ORIENTED_EDGE('',*,*,#13204,.T.);
#13204 = EDGE_CURVE('',#13197,#13205,#13207,.T.);
#13205 = VERTEX_POINT('',#13206);
#13206 = CARTESIAN_POINT('',(17.5,83.7,137.4));
#13207 = LINE('',#13208,#13209);
#13208 = CARTESIAN_POINT('',(17.494317023445,83.7,137.4));
#13209 = VECTOR('',#13210,1.);
#13210 = DIRECTION('',(-1.,0.,0.));
#13211 = ORIENTED_EDGE('',*,*,#13212,.T.);
#13212 = EDGE_CURVE('',#13205,#13213,#13215,.T.);
#13213 = VERTEX_POINT('',#13214);
#13214 = CARTESIAN_POINT('',(17.5,92.,137.4));
#13215 = LINE('',#13216,#13217);
#13216 = CARTESIAN_POINT('',(17.5,64.919317023445,137.4));
#13217 = VECTOR('',#13218,1.);
#13218 = DIRECTION('',(0.,1.,0.));
#13219 = ORIENTED_EDGE('',*,*,#13220,.F.);
#13220 = EDGE_CURVE('',#13172,#13213,#13221,.T.);
#13221 = LINE('',#13222,#13223);
#13222 = CARTESIAN_POINT('',(14.3,92.,137.4));
#13223 = VECTOR('',#13224,1.);
#13224 = DIRECTION('',(1.,0.,0.));
#13225 = PLANE('',#13226);
#13226 = AXIS2_PLACEMENT_3D('',#13227,#13228,#13229);
#13227 = CARTESIAN_POINT('',(17.488634046891,46.138634046891,137.4));
#13228 = DIRECTION('',(0.,0.,1.));
#13229 = DIRECTION('',(1.,0.,0.));
#13230 = ADVANCED_FACE('',(#13231),#13242,.T.);
#13231 = FACE_BOUND('',#13232,.T.);
#13232 = EDGE_LOOP('',(#13233,#13239,#13240,#13241));
#13233 = ORIENTED_EDGE('',*,*,#13234,.F.);
#13234 = EDGE_CURVE('',#12503,#12412,#13235,.T.);
#13235 = LINE('',#13236,#13237);
#13236 = CARTESIAN_POINT('',(-1.78E-15,10.,126.));
#13237 = VECTOR('',#13238,1.);
#13238 = DIRECTION('',(0.,0.,1.));
#13239 = ORIENTED_EDGE('',*,*,#12502,.T.);
#13240 = ORIENTED_EDGE('',*,*,#12352,.T.);
#13241 = ORIENTED_EDGE('',*,*,#12411,.T.);
#13242 = CYLINDRICAL_SURFACE('',#13243,10.);
#13243 = AXIS2_PLACEMENT_3D('',#13244,#13245,#13246);
#13244 = CARTESIAN_POINT('',(10.,10.,126.));
#13245 = DIRECTION('',(0.,0.,1.));
#13246 = DIRECTION('',(-1.,0.,0.));
#13247 = ADVANCED_FACE('',(#13248),#13259,.T.);
#13248 = FACE_BOUND('',#13249,.T.);
#13249 = EDGE_LOOP('',(#13250,#13251,#13252,#13253));
#13250 = ORIENTED_EDGE('',*,*,#12420,.T.);
#13251 = ORIENTED_EDGE('',*,*,#12376,.T.);
#13252 = ORIENTED_EDGE('',*,*,#12460,.F.);
#13253 = ORIENTED_EDGE('',*,*,#13254,.F.);
#13254 = EDGE_CURVE('',#12412,#12461,#13255,.T.);
#13255 = LINE('',#13256,#13257);
#13256 = CARTESIAN_POINT('',(-2.2E-16,10.,179.));
#13257 = VECTOR('',#13258,1.);
#13258 = DIRECTION('',(0.,1.,0.));
#13259 = CYLINDRICAL_SURFACE('',#13260,1.);
#13260 = AXIS2_PLACEMENT_3D('',#13261,#13262,#13263);
#13261 = CARTESIAN_POINT('',(1.,10.,179.));
#13262 = DIRECTION('',(0.,1.,0.));
#13263 = DIRECTION('',(-1.,0.,0.));
#13264 = ADVANCED_FACE('',(#13265),#13284,.T.);
#13265 = FACE_BOUND('',#13266,.F.);
#13266 = EDGE_LOOP('',(#13267,#13275,#13282,#13283));
#13267 = ORIENTED_EDGE('',*,*,#13268,.T.);
#13268 = EDGE_CURVE('',#12394,#13269,#13271,.T.);
#13269 = VERTEX_POINT('',#13270);
#13270 = CARTESIAN_POINT('',(11.4,8.,184.9));
#13271 = LINE('',#13272,#13273);
#13272 = CARTESIAN_POINT('',(11.4,8.,180.));
#13273 = VECTOR('',#13274,1.);
#13274 = DIRECTION('',(0.,0.,1.));
#13275 = ORIENTED_EDGE('',*,*,#13276,.T.);
#13276 = EDGE_CURVE('',#13269,#13269,#13277,.T.);
#13277 = CIRCLE('',#13278,3.4);
#13278 = AXIS2_PLACEMENT_3D('',#13279,#13280,#13281);
#13279 = CARTESIAN_POINT('',(8.,8.,184.9));
#13280 = DIRECTION('',(0.,0.,1.));
#13281 = DIRECTION('',(1.,0.,0.));
#13282 = ORIENTED_EDGE('',*,*,#13268,.F.);
#13283 = ORIENTED_EDGE('',*,*,#12393,.F.);
#13284 = CYLINDRICAL_SURFACE('',#13285,3.4);
#13285 = AXIS2_PLACEMENT_3D('',#13286,#13287,#13288);
#13286 = CARTESIAN_POINT('',(8.,8.,180.));
#13287 = DIRECTION('',(-0.,-0.,-1.));
#13288 = DIRECTION('',(1.,0.,0.));
#13289 = ADVANCED_FACE('',(#13290),#13332,.T.);
#13290 = FACE_BOUND('',#13291,.T.);
#13291 = EDGE_LOOP('',(#13292,#13302,#13308,#13309,#13315,#13316,#13317,
    #13318,#13326));
#13292 = ORIENTED_EDGE('',*,*,#13293,.T.);
#13293 = EDGE_CURVE('',#13294,#13296,#13298,.T.);
#13294 = VERTEX_POINT('',#13295);
#13295 = CARTESIAN_POINT('',(12.,16.,128.));
#13296 = VERTEX_POINT('',#13297);
#13297 = CARTESIAN_POINT('',(12.,16.,126.));
#13298 = LINE('',#13299,#13300);
#13299 = CARTESIAN_POINT('',(12.,16.,126.));
#13300 = VECTOR('',#13301,1.);
#13301 = DIRECTION('',(0.,0.,-1.));
#13302 = ORIENTED_EDGE('',*,*,#13303,.F.);
#13303 = EDGE_CURVE('',#12520,#13296,#13304,.T.);
#13304 = LINE('',#13305,#13306);
#13305 = CARTESIAN_POINT('',(0.,16.,126.));
#13306 = VECTOR('',#13307,1.);
#13307 = DIRECTION('',(1.,0.,0.));
#13308 = ORIENTED_EDGE('',*,*,#12519,.F.);
#13309 = ORIENTED_EDGE('',*,*,#13310,.T.);
#13310 = EDGE_CURVE('',#12512,#12461,#13311,.T.);
#13311 = LINE('',#13312,#13313);
#13312 = CARTESIAN_POINT('',(0.,16.,126.));
#13313 = VECTOR('',#13314,1.);
#13314 = DIRECTION('',(0.,0.,1.));
#13315 = ORIENTED_EDGE('',*,*,#12469,.T.);
#13316 = ORIENTED_EDGE('',*,*,#12444,.F.);
#13317 = ORIENTED_EDGE('',*,*,#13179,.F.);
#13318 = ORIENTED_EDGE('',*,*,#13319,.T.);
#13319 = EDGE_CURVE('',#13170,#13320,#13322,.T.);
#13320 = VERTEX_POINT('',#13321);
#13321 = CARTESIAN_POINT('',(14.3,16.,128.));
#13322 = LINE('',#13323,#13324);
#13323 = CARTESIAN_POINT('',(14.3,16.,130.5));
#13324 = VECTOR('',#13325,1.);
#13325 = DIRECTION('',(0.,0.,-1.));
#13326 = ORIENTED_EDGE('',*,*,#13327,.F.);
#13327 = EDGE_CURVE('',#13294,#13320,#13328,.T.);
#13328 = LINE('',#13329,#13330);
#13329 = CARTESIAN_POINT('',(6.,16.,128.));
#13330 = VECTOR('',#13331,1.);
#13331 = DIRECTION('',(1.,0.,0.));
#13332 = PLANE('',#13333);
#13333 = AXIS2_PLACEMENT_3D('',#13334,#13335,#13336);
#13334 = CARTESIAN_POINT('',(0.,16.,126.));
#13335 = DIRECTION('',(0.,1.,0.));
#13336 = DIRECTION('',(0.,0.,1.));
#13337 = ADVANCED_FACE('',(#13338),#13372,.T.);
#13338 = FACE_BOUND('',#13339,.T.);
#13339 = EDGE_LOOP('',(#13340,#13349,#13350,#13356,#13357,#13366));
#13340 = ORIENTED_EDGE('',*,*,#13341,.T.);
#13341 = EDGE_CURVE('',#13342,#12698,#13344,.T.);
#13342 = VERTEX_POINT('',#13343);
#13343 = CARTESIAN_POINT('',(132.,-2.E-15,125.));
#13344 = CIRCLE('',#13345,1.);
#13345 = AXIS2_PLACEMENT_3D('',#13346,#13347,#13348);
#13346 = CARTESIAN_POINT('',(132.,1.,125.));
#13347 = DIRECTION('',(-1.,-6.E-17,0.));
#13348 = DIRECTION('',(6.E-17,-1.,0.));
#13349 = ORIENTED_EDGE('',*,*,#12697,.T.);
#13350 = ORIENTED_EDGE('',*,*,#13351,.T.);
#13351 = EDGE_CURVE('',#12632,#12486,#13352,.T.);
#13352 = LINE('',#13353,#13354);
#13353 = CARTESIAN_POINT('',(132.,1.,126.));
#13354 = VECTOR('',#13355,1.);
#13355 = DIRECTION('',(-1.,-0.,-0.));
#13356 = ORIENTED_EDGE('',*,*,#12485,.T.);
#13357 = ORIENTED_EDGE('',*,*,#13358,.F.);
#13358 = EDGE_CURVE('',#13359,#12488,#13361,.T.);
#13359 = VERTEX_POINT('',#13360);
#13360 = CARTESIAN_POINT('',(10.,0.,125.));
#13361 = CIRCLE('',#13362,1.);
#13362 = AXIS2_PLACEMENT_3D('',#13363,#13364,#13365);
#13363 = CARTESIAN_POINT('',(10.,1.,125.));
#13364 = DIRECTION('',(-1.,0.,0.));
#13365 = DIRECTION('',(0.,-1.,0.));
#13366 = ORIENTED_EDGE('',*,*,#13367,.F.);
#13367 = EDGE_CURVE('',#13342,#13359,#13368,.T.);
#13368 = LINE('',#13369,#13370);
#13369 = CARTESIAN_POINT('',(132.,-2.2E-16,125.));
#13370 = VECTOR('',#13371,1.);
#13371 = DIRECTION('',(-1.,-0.,-0.));
#13372 = CYLINDRICAL_SURFACE('',#13373,1.);
#13373 = AXIS2_PLACEMENT_3D('',#13374,#13375,#13376);
#13374 = CARTESIAN_POINT('',(132.,1.,125.));
#13375 = DIRECTION('',(-1.,-0.,-0.));
#13376 = DIRECTION('',(0.,-1.,0.));
#13377 = ADVANCED_FACE('',(#13378),#13384,.F.);
#13378 = FACE_BOUND('',#13379,.F.);
#13379 = EDGE_LOOP('',(#13380,#13381,#13382,#13383));
#13380 = ORIENTED_EDGE('',*,*,#13234,.F.);
#13381 = ORIENTED_EDGE('',*,*,#12511,.T.);
#13382 = ORIENTED_EDGE('',*,*,#13310,.T.);
#13383 = ORIENTED_EDGE('',*,*,#13254,.F.);
#13384 = PLANE('',#13385);
#13385 = AXIS2_PLACEMENT_3D('',#13386,#13387,#13388);
#13386 = CARTESIAN_POINT('',(0.,0.,126.));
#13387 = DIRECTION('',(1.,0.,0.));
#13388 = DIRECTION('',(0.,0.,1.));
#13389 = ADVANCED_FACE('',(#13390),#13433,.T.);
#13390 = FACE_BOUND('',#13391,.T.);
#13391 = EDGE_LOOP('',(#13392,#13401,#13402,#13410,#13418,#13427));
#13392 = ORIENTED_EDGE('',*,*,#13393,.T.);
#13393 = EDGE_CURVE('',#13394,#12528,#13396,.T.);
#13394 = VERTEX_POINT('',#13395);
#13395 = CARTESIAN_POINT('',(0.,10.,125.));
#13396 = CIRCLE('',#13397,1.);
#13397 = AXIS2_PLACEMENT_3D('',#13398,#13399,#13400);
#13398 = CARTESIAN_POINT('',(1.,10.,125.));
#13399 = DIRECTION('',(0.,1.,-0.));
#13400 = DIRECTION('',(-1.,0.,0.));
#13401 = ORIENTED_EDGE('',*,*,#12527,.T.);
#13402 = ORIENTED_EDGE('',*,*,#13403,.T.);
#13403 = EDGE_CURVE('',#12520,#13404,#13406,.T.);
#13404 = VERTEX_POINT('',#13405);
#13405 = CARTESIAN_POINT('',(1.,84.,126.));
#13406 = LINE('',#13407,#13408);
#13407 = CARTESIAN_POINT('',(1.,10.,126.));
#13408 = VECTOR('',#13409,1.);
#13409 = DIRECTION('',(0.,1.,0.));
#13410 = ORIENTED_EDGE('',*,*,#13411,.T.);
#13411 = EDGE_CURVE('',#13404,#13412,#13414,.T.);
#13412 = VERTEX_POINT('',#13413);
#13413 = CARTESIAN_POINT('',(1.,90.,126.));
#13414 = LINE('',#13415,#13416);
#13415 = CARTESIAN_POINT('',(1.,10.,126.));
#13416 = VECTOR('',#13417,1.);
#13417 = DIRECTION('',(0.,1.,0.));
#13418 = ORIENTED_EDGE('',*,*,#13419,.F.);
#13419 = EDGE_CURVE('',#13420,#13412,#13422,.T.);
#13420 = VERTEX_POINT('',#13421);
#13421 = CARTESIAN_POINT('',(0.,90.,125.));
#13422 = CIRCLE('',#13423,1.);
#13423 = AXIS2_PLACEMENT_3D('',#13424,#13425,#13426);
#13424 = CARTESIAN_POINT('',(1.,90.,125.));
#13425 = DIRECTION('',(0.,1.,-0.));
#13426 = DIRECTION('',(-1.,0.,0.));
#13427 = ORIENTED_EDGE('',*,*,#13428,.F.);
#13428 = EDGE_CURVE('',#13394,#13420,#13429,.T.);
#13429 = LINE('',#13430,#13431);
#13430 = CARTESIAN_POINT('',(-2.2E-16,10.,125.));
#13431 = VECTOR('',#13432,1.);
#13432 = DIRECTION('',(0.,1.,0.));
#13433 = CYLINDRICAL_SURFACE('',#13434,1.);
#13434 = AXIS2_PLACEMENT_3D('',#13435,#13436,#13437);
#13435 = CARTESIAN_POINT('',(1.,10.,125.));
#13436 = DIRECTION('',(0.,1.,0.));
#13437 = DIRECTION('',(-1.,0.,0.));
#13438 = ADVANCED_FACE('',(#13439),#13451,.T.);
#13439 = FACE_BOUND('',#13440,.F.);
#13440 = EDGE_LOOP('',(#13441,#13442,#13449,#13450));
#13441 = ORIENTED_EDGE('',*,*,#13358,.F.);
#13442 = ORIENTED_EDGE('',*,*,#13443,.T.);
#13443 = EDGE_CURVE('',#13359,#13394,#13444,.T.);
#13444 = CIRCLE('',#13445,10.);
#13445 = AXIS2_PLACEMENT_3D('',#13446,#13447,#13448);
#13446 = CARTESIAN_POINT('',(10.,10.,125.));
#13447 = DIRECTION('',(-0.,0.,-1.));
#13448 = DIRECTION('',(-1.8E-16,-1.,0.));
#13449 = ORIENTED_EDGE('',*,*,#13393,.T.);
#13450 = ORIENTED_EDGE('',*,*,#12535,.F.);
#13451 = TOROIDAL_SURFACE('',#13452,9.,1.);
#13452 = AXIS2_PLACEMENT_3D('',#13453,#13454,#13455);
#13453 = CARTESIAN_POINT('',(10.,10.,125.));
#13454 = DIRECTION('',(0.,0.,1.));
#13455 = DIRECTION('',(-1.8E-16,-1.,0.));
#13456 = ADVANCED_FACE('',(#13457,#13521),#13555,.T.);
#13457 = FACE_BOUND('',#13458,.T.);
#13458 = EDGE_LOOP('',(#13459,#13469,#13477,#13483,#13484,#13490,#13491,
    #13499,#13507,#13515));
#13459 = ORIENTED_EDGE('',*,*,#13460,.F.);
#13460 = EDGE_CURVE('',#13461,#13463,#13465,.T.);
#13461 = VERTEX_POINT('',#13462);
#13462 = CARTESIAN_POINT('',(16.,93.,128.));
#13463 = VERTEX_POINT('',#13464);
#13464 = CARTESIAN_POINT('',(16.6,93.,128.));
#13465 = LINE('',#13466,#13467);
#13466 = CARTESIAN_POINT('',(12.,93.,128.));
#13467 = VECTOR('',#13468,1.);
#13468 = DIRECTION('',(1.,0.,0.));
#13469 = ORIENTED_EDGE('',*,*,#13470,.T.);
#13470 = EDGE_CURVE('',#13461,#13471,#13473,.T.);
#13471 = VERTEX_POINT('',#13472);
#13472 = CARTESIAN_POINT('',(16.,92.,128.));
#13473 = LINE('',#13474,#13475);
#13474 = CARTESIAN_POINT('',(16.,19.19686935581,128.));
#13475 = VECTOR('',#13476,1.);
#13476 = DIRECTION('',(0.,-1.,0.));
#13477 = ORIENTED_EDGE('',*,*,#13478,.T.);
#13478 = EDGE_CURVE('',#13471,#13060,#13479,.T.);
#13479 = LINE('',#13480,#13481);
#13480 = CARTESIAN_POINT('',(14.3,92.,128.));
#13481 = VECTOR('',#13482,1.);
#13482 = DIRECTION('',(1.,0.,0.));
#13483 = ORIENTED_EDGE('',*,*,#13059,.F.);
#13484 = ORIENTED_EDGE('',*,*,#13485,.T.);
#13485 = EDGE_CURVE('',#13052,#12585,#13486,.T.);
#13486 = LINE('',#13487,#13488);
#13487 = CARTESIAN_POINT('',(15.3,2.,128.));
#13488 = VECTOR('',#13489,1.);
#13489 = DIRECTION('',(1.,0.,0.));
#13490 = ORIENTED_EDGE('',*,*,#12584,.T.);
#13491 = ORIENTED_EDGE('',*,*,#13492,.T.);
#13492 = EDGE_CURVE('',#12577,#13493,#13495,.T.);
#13493 = VERTEX_POINT('',#13494);
#13494 = CARTESIAN_POINT('',(22.6,93.,128.));
#13495 = LINE('',#13496,#13497);
#13496 = CARTESIAN_POINT('',(16.6,93.,128.));
#13497 = VECTOR('',#13498,1.);
#13498 = DIRECTION('',(1.,0.,0.));
#13499 = ORIENTED_EDGE('',*,*,#13500,.T.);
#13500 = EDGE_CURVE('',#13493,#13501,#13503,.T.);
#13501 = VERTEX_POINT('',#13502);
#13502 = CARTESIAN_POINT('',(22.6,99.,128.));
#13503 = LINE('',#13504,#13505);
#13504 = CARTESIAN_POINT('',(22.6,93.,128.));
#13505 = VECTOR('',#13506,1.);
#13506 = DIRECTION('',(0.,1.,0.));
#13507 = ORIENTED_EDGE('',*,*,#13508,.F.);
#13508 = EDGE_CURVE('',#13509,#13501,#13511,.T.);
#13509 = VERTEX_POINT('',#13510);
#13510 = CARTESIAN_POINT('',(16.6,99.,128.));
#13511 = LINE('',#13512,#13513);
#13512 = CARTESIAN_POINT('',(16.6,99.,128.));
#13513 = VECTOR('',#13514,1.);
#13514 = DIRECTION('',(1.,0.,0.));
#13515 = ORIENTED_EDGE('',*,*,#13516,.F.);
#13516 = EDGE_CURVE('',#13463,#13509,#13517,.T.);
#13517 = LINE('',#13518,#13519);
#13518 = CARTESIAN_POINT('',(16.6,93.,128.));
#13519 = VECTOR('',#13520,1.);
#13520 = DIRECTION('',(0.,1.,0.));
#13521 = FACE_BOUND('',#13522,.T.);
#13522 = EDGE_LOOP('',(#13523,#13533,#13541,#13549));
#13523 = ORIENTED_EDGE('',*,*,#13524,.F.);
#13524 = EDGE_CURVE('',#13525,#13527,#13529,.T.);
#13525 = VERTEX_POINT('',#13526);
#13526 = CARTESIAN_POINT('',(17.5,93.9,128.));
#13527 = VERTEX_POINT('',#13528);
#13528 = CARTESIAN_POINT('',(21.1,93.9,128.));
#13529 = LINE('',#13530,#13531);
#13530 = CARTESIAN_POINT('',(17.5,93.9,128.));
#13531 = VECTOR('',#13532,1.);
#13532 = DIRECTION('',(1.,0.,0.));
#13533 = ORIENTED_EDGE('',*,*,#13534,.T.);
#13534 = EDGE_CURVE('',#13525,#13535,#13537,.T.);
#13535 = VERTEX_POINT('',#13536);
#13536 = CARTESIAN_POINT('',(17.5,96.9,128.));
#13537 = LINE('',#13538,#13539);
#13538 = CARTESIAN_POINT('',(17.5,93.9,128.));
#13539 = VECTOR('',#13540,1.);
#13540 = DIRECTION('',(0.,1.,0.));
#13541 = ORIENTED_EDGE('',*,*,#13542,.T.);
#13542 = EDGE_CURVE('',#13535,#13543,#13545,.T.);
#13543 = VERTEX_POINT('',#13544);
#13544 = CARTESIAN_POINT('',(21.1,96.9,128.));
#13545 = LINE('',#13546,#13547);
#13546 = CARTESIAN_POINT('',(17.5,96.9,128.));
#13547 = VECTOR('',#13548,1.);
#13548 = DIRECTION('',(1.,0.,0.));
#13549 = ORIENTED_EDGE('',*,*,#13550,.F.);
#13550 = EDGE_CURVE('',#13527,#13543,#13551,.T.);
#13551 = LINE('',#13552,#13553);
#13552 = CARTESIAN_POINT('',(21.1,93.9,128.));
#13553 = VECTOR('',#13554,1.);
#13554 = DIRECTION('',(0.,1.,0.));
#13555 = PLANE('',#13556);
#13556 = AXIS2_PLACEMENT_3D('',#13557,#13558,#13559);
#13557 = CARTESIAN_POINT('',(20.01138996139,51.352316602317,128.));
#13558 = DIRECTION('',(0.,0.,1.));
#13559 = DIRECTION('',(1.,0.,0.));
#13560 = ADVANCED_FACE('',(#13561),#13579,.F.);
#13561 = FACE_BOUND('',#13562,.F.);
#13562 = EDGE_LOOP('',(#13563,#13571,#13572,#13573));
#13563 = ORIENTED_EDGE('',*,*,#13564,.F.);
#13564 = EDGE_CURVE('',#12569,#13565,#13567,.T.);
#13565 = VERTEX_POINT('',#13566);
#13566 = CARTESIAN_POINT('',(22.6,93.,126.));
#13567 = LINE('',#13568,#13569);
#13568 = CARTESIAN_POINT('',(16.6,93.,126.));
#13569 = VECTOR('',#13570,1.);
#13570 = DIRECTION('',(1.,0.,0.));
#13571 = ORIENTED_EDGE('',*,*,#12576,.T.);
#13572 = ORIENTED_EDGE('',*,*,#13492,.T.);
#13573 = ORIENTED_EDGE('',*,*,#13574,.F.);
#13574 = EDGE_CURVE('',#13565,#13493,#13575,.T.);
#13575 = LINE('',#13576,#13577);
#13576 = CARTESIAN_POINT('',(22.6,93.,126.));
#13577 = VECTOR('',#13578,1.);
#13578 = DIRECTION('',(0.,0.,1.));
#13579 = PLANE('',#13580);
#13580 = AXIS2_PLACEMENT_3D('',#13581,#13582,#13583);
#13581 = CARTESIAN_POINT('',(16.6,93.,126.));
#13582 = DIRECTION('',(0.,1.,0.));
#13583 = DIRECTION('',(0.,0.,1.));
#13584 = ADVANCED_FACE('',(#13585),#13596,.T.);
#13585 = FACE_BOUND('',#13586,.T.);
#13586 = EDGE_LOOP('',(#13587,#13588,#13589,#13590));
#13587 = ORIENTED_EDGE('',*,*,#12552,.F.);
#13588 = ORIENTED_EDGE('',*,*,#13351,.F.);
#13589 = ORIENTED_EDGE('',*,*,#12639,.T.);
#13590 = ORIENTED_EDGE('',*,*,#13591,.T.);
#13591 = EDGE_CURVE('',#12640,#12553,#13592,.T.);
#13592 = LINE('',#13593,#13594);
#13593 = CARTESIAN_POINT('',(8.,8.,126.));
#13594 = VECTOR('',#13595,1.);
#13595 = DIRECTION('',(-1.,0.,0.));
#13596 = PLANE('',#13597);
#13597 = AXIS2_PLACEMENT_3D('',#13598,#13599,#13600);
#13598 = CARTESIAN_POINT('',(0.,0.,126.));
#13599 = DIRECTION('',(0.,0.,1.));
#13600 = DIRECTION('',(1.,0.,0.));
#13601 = ADVANCED_FACE('',(#13602),#13627,.F.);
#13602 = FACE_BOUND('',#13603,.F.);
#13603 = EDGE_LOOP('',(#13604,#13612,#13620,#13626));
#13604 = ORIENTED_EDGE('',*,*,#13605,.T.);
#13605 = EDGE_CURVE('',#12561,#13606,#13608,.T.);
#13606 = VERTEX_POINT('',#13607);
#13607 = CARTESIAN_POINT('',(16.,92.,126.));
#13608 = LINE('',#13609,#13610);
#13609 = CARTESIAN_POINT('',(8.,92.,126.));
#13610 = VECTOR('',#13611,1.);
#13611 = DIRECTION('',(-1.,0.,0.));
#13612 = ORIENTED_EDGE('',*,*,#13613,.T.);
#13613 = EDGE_CURVE('',#13606,#13614,#13616,.T.);
#13614 = VERTEX_POINT('',#13615);
#13615 = CARTESIAN_POINT('',(16.,8.,126.));
#13616 = LINE('',#13617,#13618);
#13617 = CARTESIAN_POINT('',(16.,19.19686935581,126.));
#13618 = VECTOR('',#13619,1.);
#13619 = DIRECTION('',(0.,-1.,0.));
#13620 = ORIENTED_EDGE('',*,*,#13621,.F.);
#13621 = EDGE_CURVE('',#12553,#13614,#13622,.T.);
#13622 = LINE('',#13623,#13624);
#13623 = CARTESIAN_POINT('',(8.,8.,126.));
#13624 = VECTOR('',#13625,1.);
#13625 = DIRECTION('',(-1.,0.,0.));
#13626 = ORIENTED_EDGE('',*,*,#12560,.T.);
#13627 = PLANE('',#13628);
#13628 = AXIS2_PLACEMENT_3D('',#13629,#13630,#13631);
#13629 = CARTESIAN_POINT('',(12.,0.,126.));
#13630 = DIRECTION('',(0.,0.,1.));
#13631 = DIRECTION('',(1.,0.,0.));
#13632 = ADVANCED_FACE('',(#13633),#13674,.T.);
#13633 = FACE_BOUND('',#13634,.T.);
#13634 = EDGE_LOOP('',(#13635,#13636,#13642,#13643,#13651,#13659,#13667,
    #13673));
#13635 = ORIENTED_EDGE('',*,*,#12568,.F.);
#13636 = ORIENTED_EDGE('',*,*,#13637,.F.);
#13637 = EDGE_CURVE('',#12648,#12561,#13638,.T.);
#13638 = LINE('',#13639,#13640);
#13639 = CARTESIAN_POINT('',(8.,92.,126.));
#13640 = VECTOR('',#13641,1.);
#13641 = DIRECTION('',(-1.,0.,0.));
#13642 = ORIENTED_EDGE('',*,*,#12655,.T.);
#13643 = ORIENTED_EDGE('',*,*,#13644,.F.);
#13644 = EDGE_CURVE('',#13645,#12656,#13647,.T.);
#13645 = VERTEX_POINT('',#13646);
#13646 = CARTESIAN_POINT('',(119.4,93.,126.));
#13647 = LINE('',#13648,#13649);
#13648 = CARTESIAN_POINT('',(119.4,93.,126.));
#13649 = VECTOR('',#13650,1.);
#13650 = DIRECTION('',(1.,0.,0.));
#13651 = ORIENTED_EDGE('',*,*,#13652,.T.);
#13652 = EDGE_CURVE('',#13645,#13653,#13655,.T.);
#13653 = VERTEX_POINT('',#13654);
#13654 = CARTESIAN_POINT('',(119.4,99.,126.));
#13655 = LINE('',#13656,#13657);
#13656 = CARTESIAN_POINT('',(119.4,93.,126.));
#13657 = VECTOR('',#13658,1.);
#13658 = DIRECTION('',(0.,1.,0.));
#13659 = ORIENTED_EDGE('',*,*,#13660,.F.);
#13660 = EDGE_CURVE('',#13661,#13653,#13663,.T.);
#13661 = VERTEX_POINT('',#13662);
#13662 = CARTESIAN_POINT('',(22.6,99.,126.));
#13663 = LINE('',#13664,#13665);
#13664 = CARTESIAN_POINT('',(10.,99.,126.));
#13665 = VECTOR('',#13666,1.);
#13666 = DIRECTION('',(1.,0.,0.));
#13667 = ORIENTED_EDGE('',*,*,#13668,.F.);
#13668 = EDGE_CURVE('',#13565,#13661,#13669,.T.);
#13669 = LINE('',#13670,#13671);
#13670 = CARTESIAN_POINT('',(22.6,93.,126.));
#13671 = VECTOR('',#13672,1.);
#13672 = DIRECTION('',(0.,1.,0.));
#13673 = ORIENTED_EDGE('',*,*,#13564,.F.);
#13674 = PLANE('',#13675);
#13675 = AXIS2_PLACEMENT_3D('',#13676,#13677,#13678);
#13676 = CARTESIAN_POINT('',(0.,0.,126.));
#13677 = DIRECTION('',(0.,0.,1.));
#13678 = DIRECTION('',(1.,0.,0.));
#13679 = ADVANCED_FACE('',(#13680),#13693,.T.);
#13680 = FACE_BOUND('',#13681,.T.);
#13681 = EDGE_LOOP('',(#13682,#13683,#13684,#13685,#13686,#13692));
#13682 = ORIENTED_EDGE('',*,*,#13485,.F.);
#13683 = ORIENTED_EDGE('',*,*,#13051,.T.);
#13684 = ORIENTED_EDGE('',*,*,#13035,.T.);
#13685 = ORIENTED_EDGE('',*,*,#12978,.F.);
#13686 = ORIENTED_EDGE('',*,*,#13687,.F.);
#13687 = EDGE_CURVE('',#12609,#12979,#13688,.T.);
#13688 = LINE('',#13689,#13690);
#13689 = CARTESIAN_POINT('',(15.3,2.,128.));
#13690 = VECTOR('',#13691,1.);
#13691 = DIRECTION('',(1.,0.,0.));
#13692 = ORIENTED_EDGE('',*,*,#12616,.F.);
#13693 = PLANE('',#13694);
#13694 = AXIS2_PLACEMENT_3D('',#13695,#13696,#13697);
#13695 = CARTESIAN_POINT('',(15.3,2.,128.));
#13696 = DIRECTION('',(0.,1.,0.));
#13697 = DIRECTION('',(0.,0.,1.));
#13698 = ADVANCED_FACE('',(#13699,#13758),#13792,.T.);
#13699 = FACE_BOUND('',#13700,.T.);
#13700 = EDGE_LOOP('',(#13701,#13702,#13703,#13704,#13712,#13720,#13728,
    #13736,#13744,#13752));
#13701 = ORIENTED_EDGE('',*,*,#12671,.F.);
#13702 = ORIENTED_EDGE('',*,*,#13687,.T.);
#13703 = ORIENTED_EDGE('',*,*,#12986,.T.);
#13704 = ORIENTED_EDGE('',*,*,#13705,.T.);
#13705 = EDGE_CURVE('',#12987,#13706,#13708,.T.);
#13706 = VERTEX_POINT('',#13707);
#13707 = CARTESIAN_POINT('',(126.,92.,128.));
#13708 = LINE('',#13709,#13710);
#13709 = CARTESIAN_POINT('',(124.2,92.,128.));
#13710 = VECTOR('',#13711,1.);
#13711 = DIRECTION('',(1.,0.,0.));
#13712 = ORIENTED_EDGE('',*,*,#13713,.T.);
#13713 = EDGE_CURVE('',#13706,#13714,#13716,.T.);
#13714 = VERTEX_POINT('',#13715);
#13715 = CARTESIAN_POINT('',(126.,93.,128.));
#13716 = LINE('',#13717,#13718);
#13717 = CARTESIAN_POINT('',(126.,19.19686935581,128.));
#13718 = VECTOR('',#13719,1.);
#13719 = DIRECTION('',(0.,1.,0.));
#13720 = ORIENTED_EDGE('',*,*,#13721,.F.);
#13721 = EDGE_CURVE('',#13722,#13714,#13724,.T.);
#13722 = VERTEX_POINT('',#13723);
#13723 = CARTESIAN_POINT('',(125.4,93.,128.));
#13724 = LINE('',#13725,#13726);
#13725 = CARTESIAN_POINT('',(119.6,93.,128.));
#13726 = VECTOR('',#13727,1.);
#13727 = DIRECTION('',(1.,0.,0.));
#13728 = ORIENTED_EDGE('',*,*,#13729,.T.);
#13729 = EDGE_CURVE('',#13722,#13730,#13732,.T.);
#13730 = VERTEX_POINT('',#13731);
#13731 = CARTESIAN_POINT('',(125.4,99.,128.));
#13732 = LINE('',#13733,#13734);
#13733 = CARTESIAN_POINT('',(125.4,93.,128.));
#13734 = VECTOR('',#13735,1.);
#13735 = DIRECTION('',(0.,1.,0.));
#13736 = ORIENTED_EDGE('',*,*,#13737,.F.);
#13737 = EDGE_CURVE('',#13738,#13730,#13740,.T.);
#13738 = VERTEX_POINT('',#13739);
#13739 = CARTESIAN_POINT('',(119.4,99.,128.));
#13740 = LINE('',#13741,#13742);
#13741 = CARTESIAN_POINT('',(119.4,99.,128.));
#13742 = VECTOR('',#13743,1.);
#13743 = DIRECTION('',(1.,0.,0.));
#13744 = ORIENTED_EDGE('',*,*,#13745,.F.);
#13745 = EDGE_CURVE('',#13746,#13738,#13748,.T.);
#13746 = VERTEX_POINT('',#13747);
#13747 = CARTESIAN_POINT('',(119.4,93.,128.));
#13748 = LINE('',#13749,#13750);
#13749 = CARTESIAN_POINT('',(119.4,93.,128.));
#13750 = VECTOR('',#13751,1.);
#13751 = DIRECTION('',(0.,1.,0.));
#13752 = ORIENTED_EDGE('',*,*,#13753,.T.);
#13753 = EDGE_CURVE('',#13746,#12664,#13754,.T.);
#13754 = LINE('',#13755,#13756);
#13755 = CARTESIAN_POINT('',(119.4,93.,128.));
#13756 = VECTOR('',#13757,1.);
#13757 = DIRECTION('',(1.,0.,0.));
#13758 = FACE_BOUND('',#13759,.T.);
#13759 = EDGE_LOOP('',(#13760,#13770,#13778,#13786));
#13760 = ORIENTED_EDGE('',*,*,#13761,.F.);
#13761 = EDGE_CURVE('',#13762,#13764,#13766,.T.);
#13762 = VERTEX_POINT('',#13763);
#13763 = CARTESIAN_POINT('',(120.9,93.9,128.));
#13764 = VERTEX_POINT('',#13765);
#13765 = CARTESIAN_POINT('',(124.5,93.9,128.));
#13766 = LINE('',#13767,#13768);
#13767 = CARTESIAN_POINT('',(120.9,93.9,128.));
#13768 = VECTOR('',#13769,1.);
#13769 = DIRECTION('',(1.,0.,0.));
#13770 = ORIENTED_EDGE('',*,*,#13771,.T.);
#13771 = EDGE_CURVE('',#13762,#13772,#13774,.T.);
#13772 = VERTEX_POINT('',#13773);
#13773 = CARTESIAN_POINT('',(120.9,96.9,128.));
#13774 = LINE('',#13775,#13776);
#13775 = CARTESIAN_POINT('',(120.9,93.9,128.));
#13776 = VECTOR('',#13777,1.);
#13777 = DIRECTION('',(0.,1.,0.));
#13778 = ORIENTED_EDGE('',*,*,#13779,.T.);
#13779 = EDGE_CURVE('',#13772,#13780,#13782,.T.);
#13780 = VERTEX_POINT('',#13781);
#13781 = CARTESIAN_POINT('',(124.5,96.9,128.));
#13782 = LINE('',#13783,#13784);
#13783 = CARTESIAN_POINT('',(120.9,96.9,128.));
#13784 = VECTOR('',#13785,1.);
#13785 = DIRECTION('',(1.,0.,0.));
#13786 = ORIENTED_EDGE('',*,*,#13787,.F.);
#13787 = EDGE_CURVE('',#13764,#13780,#13788,.T.);
#13788 = LINE('',#13789,#13790);
#13789 = CARTESIAN_POINT('',(124.5,93.9,128.));
#13790 = VECTOR('',#13791,1.);
#13791 = DIRECTION('',(0.,1.,0.));
#13792 = PLANE('',#13793);
#13793 = AXIS2_PLACEMENT_3D('',#13794,#13795,#13796);
#13794 = CARTESIAN_POINT('',(121.98861003861,51.352316602317,128.));
#13795 = DIRECTION('',(0.,0.,1.));
#13796 = DIRECTION('',(1.,0.,0.));
#13797 = ADVANCED_FACE('',(#13798),#13809,.F.);
#13798 = FACE_BOUND('',#13799,.F.);
#13799 = EDGE_LOOP('',(#13800,#13801,#13807,#13808));
#13800 = ORIENTED_EDGE('',*,*,#13644,.F.);
#13801 = ORIENTED_EDGE('',*,*,#13802,.T.);
#13802 = EDGE_CURVE('',#13645,#13746,#13803,.T.);
#13803 = LINE('',#13804,#13805);
#13804 = CARTESIAN_POINT('',(119.4,93.,126.));
#13805 = VECTOR('',#13806,1.);
#13806 = DIRECTION('',(0.,0.,1.));
#13807 = ORIENTED_EDGE('',*,*,#13753,.T.);
#13808 = ORIENTED_EDGE('',*,*,#12663,.F.);
#13809 = PLANE('',#13810);
#13810 = AXIS2_PLACEMENT_3D('',#13811,#13812,#13813);
#13811 = CARTESIAN_POINT('',(119.4,93.,126.));
#13812 = DIRECTION('',(0.,1.,0.));
#13813 = DIRECTION('',(0.,0.,1.));
#13814 = ADVANCED_FACE('',(#13815),#13840,.F.);
#13815 = FACE_BOUND('',#13816,.F.);
#13816 = EDGE_LOOP('',(#13817,#13818,#13826,#13834));
#13817 = ORIENTED_EDGE('',*,*,#12647,.F.);
#13818 = ORIENTED_EDGE('',*,*,#13819,.F.);
#13819 = EDGE_CURVE('',#13820,#12640,#13822,.T.);
#13820 = VERTEX_POINT('',#13821);
#13821 = CARTESIAN_POINT('',(126.,8.,126.));
#13822 = LINE('',#13823,#13824);
#13823 = CARTESIAN_POINT('',(8.,8.,126.));
#13824 = VECTOR('',#13825,1.);
#13825 = DIRECTION('',(-1.,0.,0.));
#13826 = ORIENTED_EDGE('',*,*,#13827,.T.);
#13827 = EDGE_CURVE('',#13820,#13828,#13830,.T.);
#13828 = VERTEX_POINT('',#13829);
#13829 = CARTESIAN_POINT('',(126.,92.,126.));
#13830 = LINE('',#13831,#13832);
#13831 = CARTESIAN_POINT('',(126.,19.19686935581,126.));
#13832 = VECTOR('',#13833,1.);
#13833 = DIRECTION('',(0.,1.,0.));
#13834 = ORIENTED_EDGE('',*,*,#13835,.T.);
#13835 = EDGE_CURVE('',#13828,#12648,#13836,.T.);
#13836 = LINE('',#13837,#13838);
#13837 = CARTESIAN_POINT('',(8.,92.,126.));
#13838 = VECTOR('',#13839,1.);
#13839 = DIRECTION('',(-1.,0.,0.));
#13840 = PLANE('',#13841);
#13841 = AXIS2_PLACEMENT_3D('',#13842,#13843,#13844);
#13842 = CARTESIAN_POINT('',(119.6,0.,126.));
#13843 = DIRECTION('',(0.,0.,1.));
#13844 = DIRECTION('',(1.,0.,0.));
#13845 = ADVANCED_FACE('',(#13846),#13866,.T.);
#13846 = FACE_BOUND('',#13847,.F.);
#13847 = EDGE_LOOP('',(#13848,#13857,#13864,#13865));
#13848 = ORIENTED_EDGE('',*,*,#13849,.F.);
#13849 = EDGE_CURVE('',#13850,#12706,#13852,.T.);
#13850 = VERTEX_POINT('',#13851);
#13851 = CARTESIAN_POINT('',(142.,10.,125.));
#13852 = CIRCLE('',#13853,1.);
#13853 = AXIS2_PLACEMENT_3D('',#13854,#13855,#13856);
#13854 = CARTESIAN_POINT('',(141.,10.,125.));
#13855 = DIRECTION('',(0.,-1.,0.));
#13856 = DIRECTION('',(1.,0.,0.));
#13857 = ORIENTED_EDGE('',*,*,#13858,.T.);
#13858 = EDGE_CURVE('',#13850,#13342,#13859,.T.);
#13859 = CIRCLE('',#13860,10.);
#13860 = AXIS2_PLACEMENT_3D('',#13861,#13862,#13863);
#13861 = CARTESIAN_POINT('',(132.,10.,125.));
#13862 = DIRECTION('',(0.,0.,-1.));
#13863 = DIRECTION('',(1.,0.,0.));
#13864 = ORIENTED_EDGE('',*,*,#13341,.T.);
#13865 = ORIENTED_EDGE('',*,*,#12705,.F.);
#13866 = TOROIDAL_SURFACE('',#13867,9.,1.);
#13867 = AXIS2_PLACEMENT_3D('',#13868,#13869,#13870);
#13868 = CARTESIAN_POINT('',(132.,10.,125.));
#13869 = DIRECTION('',(0.,0.,1.));
#13870 = DIRECTION('',(1.,0.,0.));
#13871 = ADVANCED_FACE('',(#13872),#13907,.T.);
#13872 = FACE_BOUND('',#13873,.T.);
#13873 = EDGE_LOOP('',(#13874,#13885,#13893,#13899,#13900,#13901));
#13874 = ORIENTED_EDGE('',*,*,#13875,.T.);
#13875 = EDGE_CURVE('',#13876,#13878,#13880,.T.);
#13876 = VERTEX_POINT('',#13877);
#13877 = CARTESIAN_POINT('',(142.,90.,125.));
#13878 = VERTEX_POINT('',#13879);
#13879 = CARTESIAN_POINT('',(141.,90.,126.));
#13880 = CIRCLE('',#13881,1.);
#13881 = AXIS2_PLACEMENT_3D('',#13882,#13883,#13884);
#13882 = CARTESIAN_POINT('',(141.,90.,125.));
#13883 = DIRECTION('',(6.E-17,-1.,0.));
#13884 = DIRECTION('',(1.,6.E-17,0.));
#13885 = ORIENTED_EDGE('',*,*,#13886,.T.);
#13886 = EDGE_CURVE('',#13878,#13887,#13889,.T.);
#13887 = VERTEX_POINT('',#13888);
#13888 = CARTESIAN_POINT('',(141.,84.,126.));
#13889 = LINE('',#13890,#13891);
#13890 = CARTESIAN_POINT('',(141.,90.,126.));
#13891 = VECTOR('',#13892,1.);
#13892 = DIRECTION('',(-0.,-1.,-0.));
#13893 = ORIENTED_EDGE('',*,*,#13894,.T.);
#13894 = EDGE_CURVE('',#13887,#12715,#13895,.T.);
#13895 = LINE('',#13896,#13897);
#13896 = CARTESIAN_POINT('',(141.,90.,126.));
#13897 = VECTOR('',#13898,1.);
#13898 = DIRECTION('',(-0.,-1.,-0.));
#13899 = ORIENTED_EDGE('',*,*,#12714,.T.);
#13900 = ORIENTED_EDGE('',*,*,#13849,.F.);
#13901 = ORIENTED_EDGE('',*,*,#13902,.F.);
#13902 = EDGE_CURVE('',#13876,#13850,#13903,.T.);
#13903 = LINE('',#13904,#13905);
#13904 = CARTESIAN_POINT('',(142.,90.,125.));
#13905 = VECTOR('',#13906,1.);
#13906 = DIRECTION('',(-0.,-1.,-0.));
#13907 = CYLINDRICAL_SURFACE('',#13908,1.);
#13908 = AXIS2_PLACEMENT_3D('',#13909,#13910,#13911);
#13909 = CARTESIAN_POINT('',(141.,90.,125.));
#13910 = DIRECTION('',(-0.,-1.,-0.));
#13911 = DIRECTION('',(1.,0.,0.));
#13912 = ADVANCED_FACE('',(#13913),#13962,.T.);
#13913 = FACE_BOUND('',#13914,.T.);
#13914 = EDGE_LOOP('',(#13915,#13923,#13929,#13930,#13938,#13946,#13954,
    #13960,#13961));
#13915 = ORIENTED_EDGE('',*,*,#13916,.T.);
#13916 = EDGE_CURVE('',#12805,#13917,#13919,.T.);
#13917 = VERTEX_POINT('',#13918);
#13918 = CARTESIAN_POINT('',(142.,16.,179.));
#13919 = LINE('',#13920,#13921);
#13920 = CARTESIAN_POINT('',(126.,16.,179.));
#13921 = VECTOR('',#13922,1.);
#13922 = DIRECTION('',(1.,0.,0.));
#13923 = ORIENTED_EDGE('',*,*,#13924,.F.);
#13924 = EDGE_CURVE('',#12723,#13917,#13925,.T.);
#13925 = LINE('',#13926,#13927);
#13926 = CARTESIAN_POINT('',(142.,16.,126.));
#13927 = VECTOR('',#13928,1.);
#13928 = DIRECTION('',(0.,0.,1.));
#13929 = ORIENTED_EDGE('',*,*,#12722,.F.);
#13930 = ORIENTED_EDGE('',*,*,#13931,.F.);
#13931 = EDGE_CURVE('',#13932,#12715,#13934,.T.);
#13932 = VERTEX_POINT('',#13933);
#13933 = CARTESIAN_POINT('',(130.,16.,126.));
#13934 = LINE('',#13935,#13936);
#13935 = CARTESIAN_POINT('',(126.,16.,126.));
#13936 = VECTOR('',#13937,1.);
#13937 = DIRECTION('',(1.,0.,0.));
#13938 = ORIENTED_EDGE('',*,*,#13939,.F.);
#13939 = EDGE_CURVE('',#13940,#13932,#13942,.T.);
#13940 = VERTEX_POINT('',#13941);
#13941 = CARTESIAN_POINT('',(130.,16.,128.));
#13942 = LINE('',#13943,#13944);
#13943 = CARTESIAN_POINT('',(130.,16.,126.));
#13944 = VECTOR('',#13945,1.);
#13945 = DIRECTION('',(0.,0.,-1.));
#13946 = ORIENTED_EDGE('',*,*,#13947,.F.);
#13947 = EDGE_CURVE('',#13948,#13940,#13950,.T.);
#13948 = VERTEX_POINT('',#13949);
#13949 = CARTESIAN_POINT('',(127.7,16.,128.));
#13950 = LINE('',#13951,#13952);
#13951 = CARTESIAN_POINT('',(122.8,16.,128.));
#13952 = VECTOR('',#13953,1.);
#13953 = DIRECTION('',(1.,0.,0.));
#13954 = ORIENTED_EDGE('',*,*,#13955,.F.);
#13955 = EDGE_CURVE('',#12852,#13948,#13956,.T.);
#13956 = LINE('',#13957,#13958);
#13957 = CARTESIAN_POINT('',(127.7,16.,127.));
#13958 = VECTOR('',#13959,1.);
#13959 = DIRECTION('',(0.,0.,-1.));
#13960 = ORIENTED_EDGE('',*,*,#12851,.F.);
#13961 = ORIENTED_EDGE('',*,*,#12802,.T.);
#13962 = PLANE('',#13963);
#13963 = AXIS2_PLACEMENT_3D('',#13964,#13965,#13966);
#13964 = CARTESIAN_POINT('',(126.,16.,126.));
#13965 = DIRECTION('',(0.,1.,0.));
#13966 = DIRECTION('',(0.,0.,1.));
#13967 = ADVANCED_FACE('',(#13968),#13979,.T.);
#13968 = FACE_BOUND('',#13969,.T.);
#13969 = EDGE_LOOP('',(#13970,#13971,#13972,#13973));
#13970 = ORIENTED_EDGE('',*,*,#12744,.F.);
#13971 = ORIENTED_EDGE('',*,*,#12730,.T.);
#13972 = ORIENTED_EDGE('',*,*,#13924,.T.);
#13973 = ORIENTED_EDGE('',*,*,#13974,.F.);
#13974 = EDGE_CURVE('',#12745,#13917,#13975,.T.);
#13975 = LINE('',#13976,#13977);
#13976 = CARTESIAN_POINT('',(142.,10.,179.));
#13977 = VECTOR('',#13978,1.);
#13978 = DIRECTION('',(0.,1.,0.));
#13979 = PLANE('',#13980);
#13980 = AXIS2_PLACEMENT_3D('',#13981,#13982,#13983);
#13981 = CARTESIAN_POINT('',(142.,0.,126.));
#13982 = DIRECTION('',(1.,0.,0.));
#13983 = DIRECTION('',(0.,0.,1.));
#13984 = ADVANCED_FACE('',(#13985),#14005,.T.);
#13985 = FACE_BOUND('',#13986,.T.);
#13986 = EDGE_LOOP('',(#13987,#13988,#13989,#13998));
#13987 = ORIENTED_EDGE('',*,*,#12786,.F.);
#13988 = ORIENTED_EDGE('',*,*,#12754,.T.);
#13989 = ORIENTED_EDGE('',*,*,#13990,.T.);
#13990 = EDGE_CURVE('',#12745,#13991,#13993,.T.);
#13991 = VERTEX_POINT('',#13992);
#13992 = CARTESIAN_POINT('',(141.,10.,180.));
#13993 = CIRCLE('',#13994,1.);
#13994 = AXIS2_PLACEMENT_3D('',#13995,#13996,#13997);
#13995 = CARTESIAN_POINT('',(141.,10.,179.));
#13996 = DIRECTION('',(-6.E-17,-1.,0.));
#13997 = DIRECTION('',(1.,-6.E-17,0.));
#13998 = ORIENTED_EDGE('',*,*,#13999,.F.);
#13999 = EDGE_CURVE('',#12779,#13991,#14000,.T.);
#14000 = CIRCLE('',#14001,9.);
#14001 = AXIS2_PLACEMENT_3D('',#14002,#14003,#14004);
#14002 = CARTESIAN_POINT('',(132.,10.,180.));
#14003 = DIRECTION('',(-0.,0.,1.));
#14004 = DIRECTION('',(0.,-1.,0.));
#14005 = TOROIDAL_SURFACE('',#14006,9.,1.);
#14006 = AXIS2_PLACEMENT_3D('',#14007,#14008,#14009);
#14007 = CARTESIAN_POINT('',(132.,10.,179.));
#14008 = DIRECTION('',(0.,0.,1.));
#14009 = DIRECTION('',(0.,-1.,0.));
#14010 = ADVANCED_FACE('',(#14011),#14030,.T.);
#14011 = FACE_BOUND('',#14012,.F.);
#14012 = EDGE_LOOP('',(#14013,#14014,#14015,#14024));
#14013 = ORIENTED_EDGE('',*,*,#12769,.F.);
#14014 = ORIENTED_EDGE('',*,*,#12819,.T.);
#14015 = ORIENTED_EDGE('',*,*,#14016,.F.);
#14016 = EDGE_CURVE('',#14017,#12805,#14019,.T.);
#14017 = VERTEX_POINT('',#14018);
#14018 = CARTESIAN_POINT('',(127.,15.,180.));
#14019 = ELLIPSE('',#14020,1.414213562373,1.);
#14020 = AXIS2_PLACEMENT_3D('',#14021,#14022,#14023);
#14021 = CARTESIAN_POINT('',(127.,15.,179.));
#14022 = DIRECTION('',(-0.707106781187,-0.707106781187,0.));
#14023 = DIRECTION('',(0.707106781187,-0.707106781187,0.));
#14024 = ORIENTED_EDGE('',*,*,#14025,.F.);
#14025 = EDGE_CURVE('',#12770,#14017,#14026,.T.);
#14026 = LINE('',#14027,#14028);
#14027 = CARTESIAN_POINT('',(127.,0.,180.));
#14028 = VECTOR('',#14029,1.);
#14029 = DIRECTION('',(0.,1.,0.));
#14030 = CYLINDRICAL_SURFACE('',#14031,1.);
#14031 = AXIS2_PLACEMENT_3D('',#14032,#14033,#14034);
#14032 = CARTESIAN_POINT('',(127.,0.,179.));
#14033 = DIRECTION('',(0.,1.,0.));
#14034 = DIRECTION('',(0.,0.,1.));
#14035 = ADVANCED_FACE('',(#14036,#14055),#14066,.T.);
#14036 = FACE_BOUND('',#14037,.T.);
#14037 = EDGE_LOOP('',(#14038,#14039,#14040,#14048,#14054));
#14038 = ORIENTED_EDGE('',*,*,#12778,.T.);
#14039 = ORIENTED_EDGE('',*,*,#13999,.T.);
#14040 = ORIENTED_EDGE('',*,*,#14041,.T.);
#14041 = EDGE_CURVE('',#13991,#14042,#14044,.T.);
#14042 = VERTEX_POINT('',#14043);
#14043 = CARTESIAN_POINT('',(141.,15.,180.));
#14044 = LINE('',#14045,#14046);
#14045 = CARTESIAN_POINT('',(141.,10.,180.));
#14046 = VECTOR('',#14047,1.);
#14047 = DIRECTION('',(0.,1.,0.));
#14048 = ORIENTED_EDGE('',*,*,#14049,.F.);
#14049 = EDGE_CURVE('',#14017,#14042,#14050,.T.);
#14050 = LINE('',#14051,#14052);
#14051 = CARTESIAN_POINT('',(126.,15.,180.));
#14052 = VECTOR('',#14053,1.);
#14053 = DIRECTION('',(1.,0.,0.));
#14054 = ORIENTED_EDGE('',*,*,#14025,.F.);
#14055 = FACE_BOUND('',#14056,.T.);
#14056 = EDGE_LOOP('',(#14057));
#14057 = ORIENTED_EDGE('',*,*,#14058,.F.);
#14058 = EDGE_CURVE('',#14059,#14059,#14061,.T.);
#14059 = VERTEX_POINT('',#14060);
#14060 = CARTESIAN_POINT('',(137.4,8.,180.));
#14061 = CIRCLE('',#14062,3.4);
#14062 = AXIS2_PLACEMENT_3D('',#14063,#14064,#14065);
#14063 = CARTESIAN_POINT('',(134.,8.,180.));
#14064 = DIRECTION('',(0.,0.,1.));
#14065 = DIRECTION('',(1.,0.,0.));
#14066 = PLANE('',#14067);
#14067 = AXIS2_PLACEMENT_3D('',#14068,#14069,#14070);
#14068 = CARTESIAN_POINT('',(126.,0.,180.));
#14069 = DIRECTION('',(0.,0.,1.));
#14070 = DIRECTION('',(1.,0.,0.));
#14071 = ADVANCED_FACE('',(#14072),#14083,.T.);
#14072 = FACE_BOUND('',#14073,.T.);
#14073 = EDGE_LOOP('',(#14074,#14075,#14081,#14082));
#14074 = ORIENTED_EDGE('',*,*,#12833,.T.);
#14075 = ORIENTED_EDGE('',*,*,#14076,.T.);
#14076 = EDGE_CURVE('',#12836,#12930,#14077,.T.);
#14077 = LINE('',#14078,#14079);
#14078 = CARTESIAN_POINT('',(122.9,92.,134.23338709677));
#14079 = VECTOR('',#14080,1.);
#14080 = DIRECTION('',(0.,0.,-1.));
#14081 = ORIENTED_EDGE('',*,*,#12929,.F.);
#14082 = ORIENTED_EDGE('',*,*,#12914,.T.);
#14083 = PLANE('',#14084);
#14084 = AXIS2_PLACEMENT_3D('',#14085,#14086,#14087);
#14085 = CARTESIAN_POINT('',(124.95741935483,92.,133.56677419354));
#14086 = DIRECTION('',(0.,1.,0.));
#14087 = DIRECTION('',(0.,0.,1.));
#14088 = ADVANCED_FACE('',(#14089),#14100,.T.);
#14089 = FACE_BOUND('',#14090,.T.);
#14090 = EDGE_LOOP('',(#14091,#14097,#14098,#14099));
#14091 = ORIENTED_EDGE('',*,*,#14092,.F.);
#14092 = EDGE_CURVE('',#12948,#12884,#14093,.T.);
#14093 = LINE('',#14094,#14095);
#14094 = CARTESIAN_POINT('',(122.9,83.7,134.9));
#14095 = VECTOR('',#14096,1.);
#14096 = DIRECTION('',(0.,0.,1.));
#14097 = ORIENTED_EDGE('',*,*,#12955,.T.);
#14098 = ORIENTED_EDGE('',*,*,#14076,.F.);
#14099 = ORIENTED_EDGE('',*,*,#12891,.F.);
#14100 = PLANE('',#14101);
#14101 = AXIS2_PLACEMENT_3D('',#14102,#14103,#14104);
#14102 = CARTESIAN_POINT('',(122.9,83.7,134.9));
#14103 = DIRECTION('',(1.,0.,0.));
#14104 = DIRECTION('',(0.,0.,1.));
#14105 = ADVANCED_FACE('',(#14106),#14126,.T.);
#14106 = FACE_BOUND('',#14107,.T.);
#14107 = EDGE_LOOP('',(#14108,#14116,#14117,#14118,#14119,#14120));
#14108 = ORIENTED_EDGE('',*,*,#14109,.F.);
#14109 = EDGE_CURVE('',#13003,#14110,#14112,.T.);
#14110 = VERTEX_POINT('',#14111);
#14111 = CARTESIAN_POINT('',(124.5,83.7,134.9));
#14112 = LINE('',#14113,#14114);
#14113 = CARTESIAN_POINT('',(122.9,83.7,134.9));
#14114 = VECTOR('',#14115,1.);
#14115 = DIRECTION('',(1.,0.,0.));
#14116 = ORIENTED_EDGE('',*,*,#13010,.T.);
#14117 = ORIENTED_EDGE('',*,*,#12947,.T.);
#14118 = ORIENTED_EDGE('',*,*,#14092,.T.);
#14119 = ORIENTED_EDGE('',*,*,#12883,.F.);
#14120 = ORIENTED_EDGE('',*,*,#14121,.F.);
#14121 = EDGE_CURVE('',#14110,#12876,#14122,.T.);
#14122 = LINE('',#14123,#14124);
#14123 = CARTESIAN_POINT('',(124.5,83.7,134.9));
#14124 = VECTOR('',#14125,1.);
#14125 = DIRECTION('',(0.,0.,1.));
#14126 = PLANE('',#14127);
#14127 = AXIS2_PLACEMENT_3D('',#14128,#14129,#14130);
#14128 = CARTESIAN_POINT('',(122.9,83.7,134.9));
#14129 = DIRECTION('',(0.,1.,0.));
#14130 = DIRECTION('',(0.,0.,1.));
#14131 = ADVANCED_FACE('',(#14132),#14150,.F.);
#14132 = FACE_BOUND('',#14133,.F.);
#14133 = EDGE_LOOP('',(#14134,#14135,#14143,#14149));
#14134 = ORIENTED_EDGE('',*,*,#14121,.F.);
#14135 = ORIENTED_EDGE('',*,*,#14136,.T.);
#14136 = EDGE_CURVE('',#14110,#14137,#14139,.T.);
#14137 = VERTEX_POINT('',#14138);
#14138 = CARTESIAN_POINT('',(124.5,92.,134.9));
#14139 = LINE('',#14140,#14141);
#14140 = CARTESIAN_POINT('',(124.5,83.7,134.9));
#14141 = VECTOR('',#14142,1.);
#14142 = DIRECTION('',(0.,1.,0.));
#14143 = ORIENTED_EDGE('',*,*,#14144,.F.);
#14144 = EDGE_CURVE('',#12868,#14137,#14145,.T.);
#14145 = LINE('',#14146,#14147);
#14146 = CARTESIAN_POINT('',(124.5,92.,134.23338709677));
#14147 = VECTOR('',#14148,1.);
#14148 = DIRECTION('',(0.,0.,-1.));
#14149 = ORIENTED_EDGE('',*,*,#12875,.F.);
#14150 = PLANE('',#14151);
#14151 = AXIS2_PLACEMENT_3D('',#14152,#14153,#14154);
#14152 = CARTESIAN_POINT('',(124.5,83.7,134.9));
#14153 = DIRECTION('',(1.,0.,0.));
#14154 = DIRECTION('',(0.,0.,1.));
#14155 = ADVANCED_FACE('',(#14156),#14190,.T.);
#14156 = FACE_BOUND('',#14157,.T.);
#14157 = EDGE_LOOP('',(#14158,#14166,#14174,#14180,#14181,#14182,#14188,
    #14189));
#14158 = ORIENTED_EDGE('',*,*,#14159,.F.);
#14159 = EDGE_CURVE('',#14160,#12860,#14162,.T.);
#14160 = VERTEX_POINT('',#14161);
#14161 = CARTESIAN_POINT('',(127.7,92.,133.1));
#14162 = LINE('',#14163,#14164);
#14163 = CARTESIAN_POINT('',(127.7,92.,128.));
#14164 = VECTOR('',#14165,1.);
#14165 = DIRECTION('',(0.,0.,1.));
#14166 = ORIENTED_EDGE('',*,*,#14167,.T.);
#14167 = EDGE_CURVE('',#14160,#14168,#14170,.T.);
#14168 = VERTEX_POINT('',#14169);
#14169 = CARTESIAN_POINT('',(126.,92.,133.1));
#14170 = LINE('',#14171,#14172);
#14171 = CARTESIAN_POINT('',(124.95,92.,133.1));
#14172 = VECTOR('',#14173,1.);
#14173 = DIRECTION('',(-1.,0.,0.));
#14174 = ORIENTED_EDGE('',*,*,#14175,.T.);
#14175 = EDGE_CURVE('',#14168,#13706,#14176,.T.);
#14176 = LINE('',#14177,#14178);
#14177 = CARTESIAN_POINT('',(126.,92.,131.9383052378));
#14178 = VECTOR('',#14179,1.);
#14179 = DIRECTION('',(0.,0.,-1.));
#14180 = ORIENTED_EDGE('',*,*,#13705,.F.);
#14181 = ORIENTED_EDGE('',*,*,#12994,.T.);
#14182 = ORIENTED_EDGE('',*,*,#14183,.T.);
#14183 = EDGE_CURVE('',#12995,#14137,#14184,.T.);
#14184 = LINE('',#14185,#14186);
#14185 = CARTESIAN_POINT('',(123.92870967741,92.,134.9));
#14186 = VECTOR('',#14187,1.);
#14187 = DIRECTION('',(1.,0.,0.));
#14188 = ORIENTED_EDGE('',*,*,#14144,.F.);
#14189 = ORIENTED_EDGE('',*,*,#12867,.T.);
#14190 = PLANE('',#14191);
#14191 = AXIS2_PLACEMENT_3D('',#14192,#14193,#14194);
#14192 = CARTESIAN_POINT('',(124.95741935483,92.,133.56677419354));
#14193 = DIRECTION('',(0.,1.,0.));
#14194 = DIRECTION('',(0.,0.,1.));
#14195 = ADVANCED_FACE('',(#14196),#14223,.T.);
#14196 = FACE_BOUND('',#14197,.T.);
#14197 = EDGE_LOOP('',(#14198,#14199,#14207,#14215,#14221,#14222));
#14198 = ORIENTED_EDGE('',*,*,#13955,.T.);
#14199 = ORIENTED_EDGE('',*,*,#14200,.T.);
#14200 = EDGE_CURVE('',#13948,#14201,#14203,.T.);
#14201 = VERTEX_POINT('',#14202);
#14202 = CARTESIAN_POINT('',(127.7,84.,128.));
#14203 = LINE('',#14204,#14205);
#14204 = CARTESIAN_POINT('',(127.7,0.,128.));
#14205 = VECTOR('',#14206,1.);
#14206 = DIRECTION('',(0.,1.,0.));
#14207 = ORIENTED_EDGE('',*,*,#14208,.F.);
#14208 = EDGE_CURVE('',#14209,#14201,#14211,.T.);
#14209 = VERTEX_POINT('',#14210);
#14210 = CARTESIAN_POINT('',(127.7,84.,133.1));
#14211 = LINE('',#14212,#14213);
#14212 = CARTESIAN_POINT('',(127.7,84.,127.));
#14213 = VECTOR('',#14214,1.);
#14214 = DIRECTION('',(0.,0.,-1.));
#14215 = ORIENTED_EDGE('',*,*,#14216,.T.);
#14216 = EDGE_CURVE('',#14209,#14160,#14217,.T.);
#14217 = LINE('',#14218,#14219);
#14218 = CARTESIAN_POINT('',(127.7,41.85,133.1));
#14219 = VECTOR('',#14220,1.);
#14220 = DIRECTION('',(0.,1.,0.));
#14221 = ORIENTED_EDGE('',*,*,#14159,.T.);
#14222 = ORIENTED_EDGE('',*,*,#12859,.F.);
#14223 = PLANE('',#14224);
#14224 = AXIS2_PLACEMENT_3D('',#14225,#14226,#14227);
#14225 = CARTESIAN_POINT('',(127.7,53.76112412178,132.93887587822));
#14226 = DIRECTION('',(1.,0.,0.));
#14227 = DIRECTION('',(0.,0.,1.));
#14228 = ADVANCED_FACE('',(#14229),#14235,.T.);
#14229 = FACE_BOUND('',#14230,.T.);
#14230 = EDGE_LOOP('',(#14231,#14232,#14233,#14234));
#14231 = ORIENTED_EDGE('',*,*,#13002,.T.);
#14232 = ORIENTED_EDGE('',*,*,#14109,.T.);
#14233 = ORIENTED_EDGE('',*,*,#14136,.T.);
#14234 = ORIENTED_EDGE('',*,*,#14183,.F.);
#14235 = PLANE('',#14236);
#14236 = AXIS2_PLACEMENT_3D('',#14237,#14238,#14239);
#14237 = CARTESIAN_POINT('',(122.9,83.7,134.9));
#14238 = DIRECTION('',(0.,0.,1.));
#14239 = DIRECTION('',(1.,0.,0.));
#14240 = ADVANCED_FACE('',(#14241),#14266,.T.);
#14241 = FACE_BOUND('',#14242,.T.);
#14242 = EDGE_LOOP('',(#14243,#14251,#14257,#14258,#14264,#14265));
#14243 = ORIENTED_EDGE('',*,*,#14244,.F.);
#14244 = EDGE_CURVE('',#14245,#13076,#14247,.T.);
#14245 = VERTEX_POINT('',#14246);
#14246 = CARTESIAN_POINT('',(17.5,83.7,134.9));
#14247 = LINE('',#14248,#14249);
#14248 = CARTESIAN_POINT('',(17.5,83.7,134.9));
#14249 = VECTOR('',#14250,1.);
#14250 = DIRECTION('',(1.,0.,0.));
#14251 = ORIENTED_EDGE('',*,*,#14252,.T.);
#14252 = EDGE_CURVE('',#14245,#13205,#14253,.T.);
#14253 = LINE('',#14254,#14255);
#14254 = CARTESIAN_POINT('',(17.5,83.7,134.9));
#14255 = VECTOR('',#14256,1.);
#14256 = DIRECTION('',(0.,0.,1.));
#14257 = ORIENTED_EDGE('',*,*,#13204,.F.);
#14258 = ORIENTED_EDGE('',*,*,#14259,.F.);
#14259 = EDGE_CURVE('',#13106,#13197,#14260,.T.);
#14260 = LINE('',#14261,#14262);
#14261 = CARTESIAN_POINT('',(19.1,83.7,134.9));
#14262 = VECTOR('',#14263,1.);
#14263 = DIRECTION('',(0.,0.,1.));
#14264 = ORIENTED_EDGE('',*,*,#13105,.T.);
#14265 = ORIENTED_EDGE('',*,*,#13083,.F.);
#14266 = PLANE('',#14267);
#14267 = AXIS2_PLACEMENT_3D('',#14268,#14269,#14270);
#14268 = CARTESIAN_POINT('',(17.5,83.7,134.9));
#14269 = DIRECTION('',(0.,1.,0.));
#14270 = DIRECTION('',(0.,0.,1.));
#14271 = ADVANCED_FACE('',(#14272),#14290,.T.);
#14272 = FACE_BOUND('',#14273,.T.);
#14273 = EDGE_LOOP('',(#14274,#14282,#14283,#14284));
#14274 = ORIENTED_EDGE('',*,*,#14275,.F.);
#14275 = EDGE_CURVE('',#14245,#14276,#14278,.T.);
#14276 = VERTEX_POINT('',#14277);
#14277 = CARTESIAN_POINT('',(17.5,92.,134.9));
#14278 = LINE('',#14279,#14280);
#14279 = CARTESIAN_POINT('',(17.5,83.7,134.9));
#14280 = VECTOR('',#14281,1.);
#14281 = DIRECTION('',(0.,1.,0.));
#14282 = ORIENTED_EDGE('',*,*,#14244,.T.);
#14283 = ORIENTED_EDGE('',*,*,#13075,.F.);
#14284 = ORIENTED_EDGE('',*,*,#14285,.F.);
#14285 = EDGE_CURVE('',#14276,#13068,#14286,.T.);
#14286 = LINE('',#14287,#14288);
#14287 = CARTESIAN_POINT('',(17.271290322581,92.,134.9));
#14288 = VECTOR('',#14289,1.);
#14289 = DIRECTION('',(1.,0.,0.));
#14290 = PLANE('',#14291);
#14291 = AXIS2_PLACEMENT_3D('',#14292,#14293,#14294);
#14292 = CARTESIAN_POINT('',(17.5,83.7,134.9));
#14293 = DIRECTION('',(0.,0.,1.));
#14294 = DIRECTION('',(1.,0.,0.));
#14295 = ADVANCED_FACE('',(#14296),#14330,.T.);
#14296 = FACE_BOUND('',#14297,.T.);
#14297 = EDGE_LOOP('',(#14298,#14299,#14307,#14315,#14321,#14322,#14328,
    #14329));
#14298 = ORIENTED_EDGE('',*,*,#13478,.F.);
#14299 = ORIENTED_EDGE('',*,*,#14300,.T.);
#14300 = EDGE_CURVE('',#13471,#14301,#14303,.T.);
#14301 = VERTEX_POINT('',#14302);
#14302 = CARTESIAN_POINT('',(16.,92.,133.1));
#14303 = LINE('',#14304,#14305);
#14304 = CARTESIAN_POINT('',(16.,92.,131.9383052378));
#14305 = VECTOR('',#14306,1.);
#14306 = DIRECTION('',(0.,0.,1.));
#14307 = ORIENTED_EDGE('',*,*,#14308,.T.);
#14308 = EDGE_CURVE('',#14301,#14309,#14311,.T.);
#14309 = VERTEX_POINT('',#14310);
#14310 = CARTESIAN_POINT('',(14.3,92.,133.1));
#14311 = LINE('',#14312,#14313);
#14312 = CARTESIAN_POINT('',(13.5,92.,133.1));
#14313 = VECTOR('',#14314,1.);
#14314 = DIRECTION('',(-1.,0.,0.));
#14315 = ORIENTED_EDGE('',*,*,#14316,.T.);
#14316 = EDGE_CURVE('',#14309,#13172,#14317,.T.);
#14317 = LINE('',#14318,#14319);
#14318 = CARTESIAN_POINT('',(14.3,92.,128.));
#14319 = VECTOR('',#14320,1.);
#14320 = DIRECTION('',(0.,0.,1.));
#14321 = ORIENTED_EDGE('',*,*,#13220,.T.);
#14322 = ORIENTED_EDGE('',*,*,#14323,.T.);
#14323 = EDGE_CURVE('',#13213,#14276,#14324,.T.);
#14324 = LINE('',#14325,#14326);
#14325 = CARTESIAN_POINT('',(17.5,92.,134.23338709677));
#14326 = VECTOR('',#14327,1.);
#14327 = DIRECTION('',(0.,0.,-1.));
#14328 = ORIENTED_EDGE('',*,*,#14285,.T.);
#14329 = ORIENTED_EDGE('',*,*,#13067,.F.);
#14330 = PLANE('',#14331);
#14331 = AXIS2_PLACEMENT_3D('',#14332,#14333,#14334);
#14332 = CARTESIAN_POINT('',(17.042580645161,92.,133.56677419354));
#14333 = DIRECTION('',(0.,1.,0.));
#14334 = DIRECTION('',(0.,0.,1.));
#14335 = ADVANCED_FACE('',(#14336),#14347,.F.);
#14336 = FACE_BOUND('',#14337,.F.);
#14337 = EDGE_LOOP('',(#14338,#14339,#14340,#14346));
#14338 = ORIENTED_EDGE('',*,*,#14259,.F.);
#14339 = ORIENTED_EDGE('',*,*,#13131,.T.);
#14340 = ORIENTED_EDGE('',*,*,#14341,.F.);
#14341 = EDGE_CURVE('',#13189,#13124,#14342,.T.);
#14342 = LINE('',#14343,#14344);
#14343 = CARTESIAN_POINT('',(19.1,92.,134.23338709677));
#14344 = VECTOR('',#14345,1.);
#14345 = DIRECTION('',(0.,0.,-1.));
#14346 = ORIENTED_EDGE('',*,*,#13196,.F.);
#14347 = PLANE('',#14348);
#14348 = AXIS2_PLACEMENT_3D('',#14349,#14350,#14351);
#14349 = CARTESIAN_POINT('',(19.1,83.7,134.9));
#14350 = DIRECTION('',(1.,0.,0.));
#14351 = DIRECTION('',(0.,0.,1.));
#14352 = ADVANCED_FACE('',(#14353),#14359,.T.);
#14353 = FACE_BOUND('',#14354,.T.);
#14354 = EDGE_LOOP('',(#14355,#14356,#14357,#14358));
#14355 = ORIENTED_EDGE('',*,*,#13123,.F.);
#14356 = ORIENTED_EDGE('',*,*,#14341,.F.);
#14357 = ORIENTED_EDGE('',*,*,#13188,.T.);
#14358 = ORIENTED_EDGE('',*,*,#13147,.F.);
#14359 = PLANE('',#14360);
#14360 = AXIS2_PLACEMENT_3D('',#14361,#14362,#14363);
#14361 = CARTESIAN_POINT('',(17.042580645161,92.,133.56677419354));
#14362 = DIRECTION('',(0.,1.,0.));
#14363 = DIRECTION('',(0.,0.,1.));
#14364 = ADVANCED_FACE('',(#14365),#14392,.T.);
#14365 = FACE_BOUND('',#14366,.T.);
#14366 = EDGE_LOOP('',(#14367,#14368,#14369,#14370,#14378,#14386));
#14367 = ORIENTED_EDGE('',*,*,#13319,.F.);
#14368 = ORIENTED_EDGE('',*,*,#13169,.T.);
#14369 = ORIENTED_EDGE('',*,*,#14316,.F.);
#14370 = ORIENTED_EDGE('',*,*,#14371,.F.);
#14371 = EDGE_CURVE('',#14372,#14309,#14374,.T.);
#14372 = VERTEX_POINT('',#14373);
#14373 = CARTESIAN_POINT('',(14.3,84.,133.1));
#14374 = LINE('',#14375,#14376);
#14375 = CARTESIAN_POINT('',(14.3,41.85,133.1));
#14376 = VECTOR('',#14377,1.);
#14377 = DIRECTION('',(0.,1.,0.));
#14378 = ORIENTED_EDGE('',*,*,#14379,.T.);
#14379 = EDGE_CURVE('',#14372,#14380,#14382,.T.);
#14380 = VERTEX_POINT('',#14381);
#14381 = CARTESIAN_POINT('',(14.3,84.,128.));
#14382 = LINE('',#14383,#14384);
#14383 = CARTESIAN_POINT('',(14.3,84.,127.));
#14384 = VECTOR('',#14385,1.);
#14385 = DIRECTION('',(0.,0.,-1.));
#14386 = ORIENTED_EDGE('',*,*,#14387,.F.);
#14387 = EDGE_CURVE('',#13320,#14380,#14388,.T.);
#14388 = LINE('',#14389,#14390);
#14389 = CARTESIAN_POINT('',(14.3,0.,128.));
#14390 = VECTOR('',#14391,1.);
#14391 = DIRECTION('',(0.,1.,0.));
#14392 = PLANE('',#14393);
#14393 = AXIS2_PLACEMENT_3D('',#14394,#14395,#14396);
#14394 = CARTESIAN_POINT('',(14.3,53.76112412178,132.93887587822));
#14395 = DIRECTION('',(-1.,-0.,-0.));
#14396 = DIRECTION('',(0.,0.,-1.));
#14397 = ADVANCED_FACE('',(#14398),#14404,.T.);
#14398 = FACE_BOUND('',#14399,.T.);
#14399 = EDGE_LOOP('',(#14400,#14401,#14402,#14403));
#14400 = ORIENTED_EDGE('',*,*,#14252,.F.);
#14401 = ORIENTED_EDGE('',*,*,#14275,.T.);
#14402 = ORIENTED_EDGE('',*,*,#14323,.F.);
#14403 = ORIENTED_EDGE('',*,*,#13212,.F.);
#14404 = PLANE('',#14405);
#14405 = AXIS2_PLACEMENT_3D('',#14406,#14407,#14408);
#14406 = CARTESIAN_POINT('',(17.5,83.7,134.9));
#14407 = DIRECTION('',(1.,0.,0.));
#14408 = DIRECTION('',(0.,0.,1.));
#14409 = ADVANCED_FACE('',(#14410),#14429,.T.);
#14410 = FACE_BOUND('',#14411,.T.);
#14411 = EDGE_LOOP('',(#14412,#14420,#14421,#14422));
#14412 = ORIENTED_EDGE('',*,*,#14413,.F.);
#14413 = EDGE_CURVE('',#13269,#14414,#14416,.T.);
#14414 = VERTEX_POINT('',#14415);
#14415 = CARTESIAN_POINT('',(10.8,8.,185.5));
#14416 = LINE('',#14417,#14418);
#14417 = CARTESIAN_POINT('',(11.4,8.,184.9));
#14418 = VECTOR('',#14419,1.);
#14419 = DIRECTION('',(-0.707106781187,0.,0.707106781187));
#14420 = ORIENTED_EDGE('',*,*,#13276,.T.);
#14421 = ORIENTED_EDGE('',*,*,#14413,.T.);
#14422 = ORIENTED_EDGE('',*,*,#14423,.F.);
#14423 = EDGE_CURVE('',#14414,#14414,#14424,.T.);
#14424 = CIRCLE('',#14425,2.8);
#14425 = AXIS2_PLACEMENT_3D('',#14426,#14427,#14428);
#14426 = CARTESIAN_POINT('',(8.,8.,185.5));
#14427 = DIRECTION('',(0.,0.,1.));
#14428 = DIRECTION('',(1.,0.,0.));
#14429 = CONICAL_SURFACE('',#14430,3.4,0.785398163397);
#14430 = AXIS2_PLACEMENT_3D('',#14431,#14432,#14433);
#14431 = CARTESIAN_POINT('',(8.,8.,184.9));
#14432 = DIRECTION('',(-0.,-0.,-1.));
#14433 = DIRECTION('',(1.,0.,0.));
#14434 = ADVANCED_FACE('',(#14435),#14460,.F.);
#14435 = FACE_BOUND('',#14436,.F.);
#14436 = EDGE_LOOP('',(#14437,#14445,#14446,#14454));
#14437 = ORIENTED_EDGE('',*,*,#14438,.F.);
#14438 = EDGE_CURVE('',#13294,#14439,#14441,.T.);
#14439 = VERTEX_POINT('',#14440);
#14440 = CARTESIAN_POINT('',(12.,84.,128.));
#14441 = LINE('',#14442,#14443);
#14442 = CARTESIAN_POINT('',(12.,0.,128.));
#14443 = VECTOR('',#14444,1.);
#14444 = DIRECTION('',(0.,1.,0.));
#14445 = ORIENTED_EDGE('',*,*,#13293,.T.);
#14446 = ORIENTED_EDGE('',*,*,#14447,.T.);
#14447 = EDGE_CURVE('',#13296,#14448,#14450,.T.);
#14448 = VERTEX_POINT('',#14449);
#14449 = CARTESIAN_POINT('',(12.,84.,126.));
#14450 = LINE('',#14451,#14452);
#14451 = CARTESIAN_POINT('',(12.,0.,126.));
#14452 = VECTOR('',#14453,1.);
#14453 = DIRECTION('',(0.,1.,0.));
#14454 = ORIENTED_EDGE('',*,*,#14455,.F.);
#14455 = EDGE_CURVE('',#14439,#14448,#14456,.T.);
#14456 = LINE('',#14457,#14458);
#14457 = CARTESIAN_POINT('',(12.,84.,126.));
#14458 = VECTOR('',#14459,1.);
#14459 = DIRECTION('',(0.,0.,-1.));
#14460 = PLANE('',#14461);
#14461 = AXIS2_PLACEMENT_3D('',#14462,#14463,#14464);
#14462 = CARTESIAN_POINT('',(12.,0.,126.));
#14463 = DIRECTION('',(1.,0.,0.));
#14464 = DIRECTION('',(0.,0.,1.));
#14465 = ADVANCED_FACE('',(#14466),#14477,.T.);
#14466 = FACE_BOUND('',#14467,.T.);
#14467 = EDGE_LOOP('',(#14468,#14469,#14470,#14471));
#14468 = ORIENTED_EDGE('',*,*,#14438,.F.);
#14469 = ORIENTED_EDGE('',*,*,#13327,.T.);
#14470 = ORIENTED_EDGE('',*,*,#14387,.T.);
#14471 = ORIENTED_EDGE('',*,*,#14472,.F.);
#14472 = EDGE_CURVE('',#14439,#14380,#14473,.T.);
#14473 = LINE('',#14474,#14475);
#14474 = CARTESIAN_POINT('',(6.,84.,128.));
#14475 = VECTOR('',#14476,1.);
#14476 = DIRECTION('',(1.,0.,0.));
#14477 = PLANE('',#14478);
#14478 = AXIS2_PLACEMENT_3D('',#14479,#14480,#14481);
#14479 = CARTESIAN_POINT('',(12.,0.,128.));
#14480 = DIRECTION('',(0.,0.,1.));
#14481 = DIRECTION('',(1.,0.,0.));
#14482 = ADVANCED_FACE('',(#14483),#14494,.T.);
#14483 = FACE_BOUND('',#14484,.T.);
#14484 = EDGE_LOOP('',(#14485,#14486,#14487,#14488));
#14485 = ORIENTED_EDGE('',*,*,#13403,.F.);
#14486 = ORIENTED_EDGE('',*,*,#13303,.T.);
#14487 = ORIENTED_EDGE('',*,*,#14447,.T.);
#14488 = ORIENTED_EDGE('',*,*,#14489,.F.);
#14489 = EDGE_CURVE('',#13404,#14448,#14490,.T.);
#14490 = LINE('',#14491,#14492);
#14491 = CARTESIAN_POINT('',(0.,84.,126.));
#14492 = VECTOR('',#14493,1.);
#14493 = DIRECTION('',(1.,0.,0.));
#14494 = PLANE('',#14495);
#14495 = AXIS2_PLACEMENT_3D('',#14496,#14497,#14498);
#14496 = CARTESIAN_POINT('',(0.,0.,126.));
#14497 = DIRECTION('',(0.,0.,1.));
#14498 = DIRECTION('',(1.,0.,0.));
#14499 = ADVANCED_FACE('',(#14500),#14525,.F.);
#14500 = FACE_BOUND('',#14501,.F.);
#14501 = EDGE_LOOP('',(#14502,#14510,#14511,#14519));
#14502 = ORIENTED_EDGE('',*,*,#14503,.T.);
#14503 = EDGE_CURVE('',#14504,#13359,#14506,.T.);
#14504 = VERTEX_POINT('',#14505);
#14505 = CARTESIAN_POINT('',(10.,0.,121.));
#14506 = LINE('',#14507,#14508);
#14507 = CARTESIAN_POINT('',(10.,-1.78E-15,120.));
#14508 = VECTOR('',#14509,1.);
#14509 = DIRECTION('',(0.,0.,1.));
#14510 = ORIENTED_EDGE('',*,*,#13367,.F.);
#14511 = ORIENTED_EDGE('',*,*,#14512,.F.);
#14512 = EDGE_CURVE('',#14513,#13342,#14515,.T.);
#14513 = VERTEX_POINT('',#14514);
#14514 = CARTESIAN_POINT('',(132.,-2.E-15,121.));
#14515 = LINE('',#14516,#14517);
#14516 = CARTESIAN_POINT('',(132.,-1.78E-15,120.));
#14517 = VECTOR('',#14518,1.);
#14518 = DIRECTION('',(0.,0.,1.));
#14519 = ORIENTED_EDGE('',*,*,#14520,.T.);
#14520 = EDGE_CURVE('',#14513,#14504,#14521,.T.);
#14521 = LINE('',#14522,#14523);
#14522 = CARTESIAN_POINT('',(132.,-2.2E-16,121.));
#14523 = VECTOR('',#14524,1.);
#14524 = DIRECTION('',(-1.,-0.,-0.));
#14525 = PLANE('',#14526);
#14526 = AXIS2_PLACEMENT_3D('',#14527,#14528,#14529);
#14527 = CARTESIAN_POINT('',(0.,0.,120.));
#14528 = DIRECTION('',(0.,1.,0.));
#14529 = DIRECTION('',(0.,0.,1.));
#14530 = ADVANCED_FACE('',(#14531),#14556,.F.);
#14531 = FACE_BOUND('',#14532,.F.);
#14532 = EDGE_LOOP('',(#14533,#14541,#14549,#14555));
#14533 = ORIENTED_EDGE('',*,*,#14534,.F.);
#14534 = EDGE_CURVE('',#14535,#13394,#14537,.T.);
#14535 = VERTEX_POINT('',#14536);
#14536 = CARTESIAN_POINT('',(0.,10.,121.));
#14537 = LINE('',#14538,#14539);
#14538 = CARTESIAN_POINT('',(-1.78E-15,10.,120.));
#14539 = VECTOR('',#14540,1.);
#14540 = DIRECTION('',(0.,0.,1.));
#14541 = ORIENTED_EDGE('',*,*,#14542,.T.);
#14542 = EDGE_CURVE('',#14535,#14543,#14545,.T.);
#14543 = VERTEX_POINT('',#14544);
#14544 = CARTESIAN_POINT('',(0.,90.,121.));
#14545 = LINE('',#14546,#14547);
#14546 = CARTESIAN_POINT('',(-2.2E-16,10.,121.));
#14547 = VECTOR('',#14548,1.);
#14548 = DIRECTION('',(0.,1.,0.));
#14549 = ORIENTED_EDGE('',*,*,#14550,.T.);
#14550 = EDGE_CURVE('',#14543,#13420,#14551,.T.);
#14551 = LINE('',#14552,#14553);
#14552 = CARTESIAN_POINT('',(-1.78E-15,90.,120.));
#14553 = VECTOR('',#14554,1.);
#14554 = DIRECTION('',(0.,0.,1.));
#14555 = ORIENTED_EDGE('',*,*,#13428,.F.);
#14556 = PLANE('',#14557);
#14557 = AXIS2_PLACEMENT_3D('',#14558,#14559,#14560);
#14558 = CARTESIAN_POINT('',(0.,0.,120.));
#14559 = DIRECTION('',(1.,0.,0.));
#14560 = DIRECTION('',(0.,0.,1.));
#14561 = ADVANCED_FACE('',(#14562),#14621,.F.);
#14562 = FACE_BOUND('',#14563,.F.);
#14563 = EDGE_LOOP('',(#14564,#14575,#14583,#14589,#14590,#14599,#14607,
    #14615));
#14564 = ORIENTED_EDGE('',*,*,#14565,.F.);
#14565 = EDGE_CURVE('',#14566,#14568,#14570,.T.);
#14566 = VERTEX_POINT('',#14567);
#14567 = CARTESIAN_POINT('',(-2.E-15,90.,126.));
#14568 = VERTEX_POINT('',#14569);
#14569 = CARTESIAN_POINT('',(10.,100.,126.));
#14570 = CIRCLE('',#14571,10.);
#14571 = AXIS2_PLACEMENT_3D('',#14572,#14573,#14574);
#14572 = CARTESIAN_POINT('',(10.,90.,126.));
#14573 = DIRECTION('',(-0.,-0.,-1.));
#14574 = DIRECTION('',(0.,-1.,0.));
#14575 = ORIENTED_EDGE('',*,*,#14576,.F.);
#14576 = EDGE_CURVE('',#14577,#14566,#14579,.T.);
#14577 = VERTEX_POINT('',#14578);
#14578 = CARTESIAN_POINT('',(0.,84.,126.));
#14579 = LINE('',#14580,#14581);
#14580 = CARTESIAN_POINT('',(0.,84.,126.));
#14581 = VECTOR('',#14582,1.);
#14582 = DIRECTION('',(0.,1.,0.));
#14583 = ORIENTED_EDGE('',*,*,#14584,.T.);
#14584 = EDGE_CURVE('',#14577,#13404,#14585,.T.);
#14585 = LINE('',#14586,#14587);
#14586 = CARTESIAN_POINT('',(0.,84.,126.));
#14587 = VECTOR('',#14588,1.);
#14588 = DIRECTION('',(1.,0.,0.));
#14589 = ORIENTED_EDGE('',*,*,#13411,.T.);
#14590 = ORIENTED_EDGE('',*,*,#14591,.T.);
#14591 = EDGE_CURVE('',#13412,#14592,#14594,.T.);
#14592 = VERTEX_POINT('',#14593);
#14593 = CARTESIAN_POINT('',(10.,99.,126.));
#14594 = CIRCLE('',#14595,9.);
#14595 = AXIS2_PLACEMENT_3D('',#14596,#14597,#14598);
#14596 = CARTESIAN_POINT('',(10.,90.,126.));
#14597 = DIRECTION('',(0.,0.,-1.));
#14598 = DIRECTION('',(-1.,0.,0.));
#14599 = ORIENTED_EDGE('',*,*,#14600,.T.);
#14600 = EDGE_CURVE('',#14592,#14601,#14603,.T.);
#14601 = VERTEX_POINT('',#14602);
#14602 = CARTESIAN_POINT('',(16.,99.,126.));
#14603 = LINE('',#14604,#14605);
#14604 = CARTESIAN_POINT('',(10.,99.,126.));
#14605 = VECTOR('',#14606,1.);
#14606 = DIRECTION('',(1.,0.,0.));
#14607 = ORIENTED_EDGE('',*,*,#14608,.T.);
#14608 = EDGE_CURVE('',#14601,#14609,#14611,.T.);
#14609 = VERTEX_POINT('',#14610);
#14610 = CARTESIAN_POINT('',(16.,100.,126.));
#14611 = LINE('',#14612,#14613);
#14612 = CARTESIAN_POINT('',(16.,84.,126.));
#14613 = VECTOR('',#14614,1.);
#14614 = DIRECTION('',(0.,1.,0.));
#14615 = ORIENTED_EDGE('',*,*,#14616,.F.);
#14616 = EDGE_CURVE('',#14568,#14609,#14617,.T.);
#14617 = LINE('',#14618,#14619);
#14618 = CARTESIAN_POINT('',(0.,100.,126.));
#14619 = VECTOR('',#14620,1.);
#14620 = DIRECTION('',(1.,0.,0.));
#14621 = PLANE('',#14622);
#14622 = AXIS2_PLACEMENT_3D('',#14623,#14624,#14625);
#14623 = CARTESIAN_POINT('',(0.,84.,126.));
#14624 = DIRECTION('',(0.,0.,1.));
#14625 = DIRECTION('',(1.,0.,0.));
#14626 = ADVANCED_FACE('',(#14627),#14647,.T.);
#14627 = FACE_BOUND('',#14628,.F.);
#14628 = EDGE_LOOP('',(#14629,#14630,#14639,#14646));
#14629 = ORIENTED_EDGE('',*,*,#13419,.F.);
#14630 = ORIENTED_EDGE('',*,*,#14631,.T.);
#14631 = EDGE_CURVE('',#13420,#14632,#14634,.T.);
#14632 = VERTEX_POINT('',#14633);
#14633 = CARTESIAN_POINT('',(10.,100.,125.));
#14634 = CIRCLE('',#14635,10.);
#14635 = AXIS2_PLACEMENT_3D('',#14636,#14637,#14638);
#14636 = CARTESIAN_POINT('',(10.,90.,125.));
#14637 = DIRECTION('',(0.,0.,-1.));
#14638 = DIRECTION('',(-1.,0.,0.));
#14639 = ORIENTED_EDGE('',*,*,#14640,.T.);
#14640 = EDGE_CURVE('',#14632,#14592,#14641,.T.);
#14641 = CIRCLE('',#14642,1.);
#14642 = AXIS2_PLACEMENT_3D('',#14643,#14644,#14645);
#14643 = CARTESIAN_POINT('',(10.,99.,125.));
#14644 = DIRECTION('',(1.,6.E-17,-0.));
#14645 = DIRECTION('',(-6.E-17,1.,0.));
#14646 = ORIENTED_EDGE('',*,*,#14591,.F.);
#14647 = TOROIDAL_SURFACE('',#14648,9.,1.);
#14648 = AXIS2_PLACEMENT_3D('',#14649,#14650,#14651);
#14649 = CARTESIAN_POINT('',(10.,90.,125.));
#14650 = DIRECTION('',(0.,0.,1.));
#14651 = DIRECTION('',(-1.,0.,0.));
#14652 = ADVANCED_FACE('',(#14653),#14665,.T.);
#14653 = FACE_BOUND('',#14654,.T.);
#14654 = EDGE_LOOP('',(#14655,#14656,#14663,#14664));
#14655 = ORIENTED_EDGE('',*,*,#14534,.F.);
#14656 = ORIENTED_EDGE('',*,*,#14657,.F.);
#14657 = EDGE_CURVE('',#14504,#14535,#14658,.T.);
#14658 = CIRCLE('',#14659,10.);
#14659 = AXIS2_PLACEMENT_3D('',#14660,#14661,#14662);
#14660 = CARTESIAN_POINT('',(10.,10.,121.));
#14661 = DIRECTION('',(-0.,0.,-1.));
#14662 = DIRECTION('',(-1.8E-16,-1.,0.));
#14663 = ORIENTED_EDGE('',*,*,#14503,.T.);
#14664 = ORIENTED_EDGE('',*,*,#13443,.T.);
#14665 = CYLINDRICAL_SURFACE('',#14666,10.);
#14666 = AXIS2_PLACEMENT_3D('',#14667,#14668,#14669);
#14667 = CARTESIAN_POINT('',(10.,10.,120.));
#14668 = DIRECTION('',(0.,0.,1.));
#14669 = DIRECTION('',(-1.,0.,0.));
#14670 = ADVANCED_FACE('',(#14671),#14696,.T.);
#14671 = FACE_BOUND('',#14672,.T.);
#14672 = EDGE_LOOP('',(#14673,#14681,#14689,#14695));
#14673 = ORIENTED_EDGE('',*,*,#14674,.F.);
#14674 = EDGE_CURVE('',#14675,#13463,#14677,.T.);
#14675 = VERTEX_POINT('',#14676);
#14676 = CARTESIAN_POINT('',(16.6,93.,126.));
#14677 = LINE('',#14678,#14679);
#14678 = CARTESIAN_POINT('',(16.6,93.,126.));
#14679 = VECTOR('',#14680,1.);
#14680 = DIRECTION('',(0.,0.,1.));
#14681 = ORIENTED_EDGE('',*,*,#14682,.F.);
#14682 = EDGE_CURVE('',#14683,#14675,#14685,.T.);
#14683 = VERTEX_POINT('',#14684);
#14684 = CARTESIAN_POINT('',(16.,93.,126.));
#14685 = LINE('',#14686,#14687);
#14686 = CARTESIAN_POINT('',(12.,93.,126.));
#14687 = VECTOR('',#14688,1.);
#14688 = DIRECTION('',(1.,0.,0.));
#14689 = ORIENTED_EDGE('',*,*,#14690,.T.);
#14690 = EDGE_CURVE('',#14683,#13461,#14691,.T.);
#14691 = LINE('',#14692,#14693);
#14692 = CARTESIAN_POINT('',(16.,93.,130.9383052378));
#14693 = VECTOR('',#14694,1.);
#14694 = DIRECTION('',(0.,0.,1.));
#14695 = ORIENTED_EDGE('',*,*,#13460,.T.);
#14696 = PLANE('',#14697);
#14697 = AXIS2_PLACEMENT_3D('',#14698,#14699,#14700);
#14698 = CARTESIAN_POINT('',(12.,93.,126.));
#14699 = DIRECTION('',(0.,1.,0.));
#14700 = DIRECTION('',(0.,0.,1.));
#14701 = ADVANCED_FACE('',(#14702),#14728,.T.);
#14702 = FACE_BOUND('',#14703,.T.);
#14703 = EDGE_LOOP('',(#14704,#14705,#14711,#14712,#14720,#14726,#14727)
  );
#14704 = ORIENTED_EDGE('',*,*,#14690,.F.);
#14705 = ORIENTED_EDGE('',*,*,#14706,.T.);
#14706 = EDGE_CURVE('',#14683,#14601,#14707,.T.);
#14707 = LINE('',#14708,#14709);
#14708 = CARTESIAN_POINT('',(16.,84.,126.));
#14709 = VECTOR('',#14710,1.);
#14710 = DIRECTION('',(0.,1.,0.));
#14711 = ORIENTED_EDGE('',*,*,#14608,.T.);
#14712 = ORIENTED_EDGE('',*,*,#14713,.T.);
#14713 = EDGE_CURVE('',#14609,#14714,#14716,.T.);
#14714 = VERTEX_POINT('',#14715);
#14715 = CARTESIAN_POINT('',(16.,100.,133.1));
#14716 = LINE('',#14717,#14718);
#14717 = CARTESIAN_POINT('',(16.,100.,126.));
#14718 = VECTOR('',#14719,1.);
#14719 = DIRECTION('',(0.,0.,1.));
#14720 = ORIENTED_EDGE('',*,*,#14721,.F.);
#14721 = EDGE_CURVE('',#14301,#14714,#14722,.T.);
#14722 = LINE('',#14723,#14724);
#14723 = CARTESIAN_POINT('',(16.,83.7,133.1));
#14724 = VECTOR('',#14725,1.);
#14725 = DIRECTION('',(0.,1.,0.));
#14726 = ORIENTED_EDGE('',*,*,#14300,.F.);
#14727 = ORIENTED_EDGE('',*,*,#13470,.F.);
#14728 = PLANE('',#14729);
#14729 = AXIS2_PLACEMENT_3D('',#14730,#14731,#14732);
#14730 = CARTESIAN_POINT('',(16.,38.39373871162,135.87661047561));
#14731 = DIRECTION('',(1.,0.,0.));
#14732 = DIRECTION('',(0.,0.,1.));
#14733 = ADVANCED_FACE('',(#14734),#14752,.F.);
#14734 = FACE_BOUND('',#14735,.F.);
#14735 = EDGE_LOOP('',(#14736,#14737,#14745,#14751));
#14736 = ORIENTED_EDGE('',*,*,#14674,.F.);
#14737 = ORIENTED_EDGE('',*,*,#14738,.T.);
#14738 = EDGE_CURVE('',#14675,#14739,#14741,.T.);
#14739 = VERTEX_POINT('',#14740);
#14740 = CARTESIAN_POINT('',(16.6,99.,126.));
#14741 = LINE('',#14742,#14743);
#14742 = CARTESIAN_POINT('',(16.6,93.,126.));
#14743 = VECTOR('',#14744,1.);
#14744 = DIRECTION('',(0.,1.,0.));
#14745 = ORIENTED_EDGE('',*,*,#14746,.T.);
#14746 = EDGE_CURVE('',#14739,#13509,#14747,.T.);
#14747 = LINE('',#14748,#14749);
#14748 = CARTESIAN_POINT('',(16.6,99.,126.));
#14749 = VECTOR('',#14750,1.);
#14750 = DIRECTION('',(0.,0.,1.));
#14751 = ORIENTED_EDGE('',*,*,#13516,.F.);
#14752 = PLANE('',#14753);
#14753 = AXIS2_PLACEMENT_3D('',#14754,#14755,#14756);
#14754 = CARTESIAN_POINT('',(16.6,93.,126.));
#14755 = DIRECTION('',(1.,0.,0.));
#14756 = DIRECTION('',(0.,0.,1.));
#14757 = ADVANCED_FACE('',(#14758),#14774,.T.);
#14758 = FACE_BOUND('',#14759,.T.);
#14759 = EDGE_LOOP('',(#14760,#14766,#14767,#14768));
#14760 = ORIENTED_EDGE('',*,*,#14761,.F.);
#14761 = EDGE_CURVE('',#14739,#13661,#14762,.T.);
#14762 = LINE('',#14763,#14764);
#14763 = CARTESIAN_POINT('',(10.,99.,126.));
#14764 = VECTOR('',#14765,1.);
#14765 = DIRECTION('',(1.,0.,0.));
#14766 = ORIENTED_EDGE('',*,*,#14746,.T.);
#14767 = ORIENTED_EDGE('',*,*,#13508,.T.);
#14768 = ORIENTED_EDGE('',*,*,#14769,.F.);
#14769 = EDGE_CURVE('',#13661,#13501,#14770,.T.);
#14770 = LINE('',#14771,#14772);
#14771 = CARTESIAN_POINT('',(22.6,99.,126.));
#14772 = VECTOR('',#14773,1.);
#14773 = DIRECTION('',(0.,0.,1.));
#14774 = PLANE('',#14775);
#14775 = AXIS2_PLACEMENT_3D('',#14776,#14777,#14778);
#14776 = CARTESIAN_POINT('',(16.6,99.,126.));
#14777 = DIRECTION('',(0.,1.,0.));
#14778 = DIRECTION('',(0.,0.,1.));
#14779 = ADVANCED_FACE('',(#14780),#14786,.T.);
#14780 = FACE_BOUND('',#14781,.T.);
#14781 = EDGE_LOOP('',(#14782,#14783,#14784,#14785));
#14782 = ORIENTED_EDGE('',*,*,#13574,.F.);
#14783 = ORIENTED_EDGE('',*,*,#13668,.T.);
#14784 = ORIENTED_EDGE('',*,*,#14769,.T.);
#14785 = ORIENTED_EDGE('',*,*,#13500,.F.);
#14786 = PLANE('',#14787);
#14787 = AXIS2_PLACEMENT_3D('',#14788,#14789,#14790);
#14788 = CARTESIAN_POINT('',(22.6,93.,126.));
#14789 = DIRECTION('',(1.,0.,0.));
#14790 = DIRECTION('',(0.,0.,1.));
#14791 = ADVANCED_FACE('',(#14792),#14817,.T.);
#14792 = FACE_BOUND('',#14793,.T.);
#14793 = EDGE_LOOP('',(#14794,#14804,#14810,#14811));
#14794 = ORIENTED_EDGE('',*,*,#14795,.F.);
#14795 = EDGE_CURVE('',#14796,#14798,#14800,.T.);
#14796 = VERTEX_POINT('',#14797);
#14797 = CARTESIAN_POINT('',(17.5,93.9,121.7));
#14798 = VERTEX_POINT('',#14799);
#14799 = CARTESIAN_POINT('',(21.1,93.9,121.7));
#14800 = LINE('',#14801,#14802);
#14801 = CARTESIAN_POINT('',(17.5,93.9,121.7));
#14802 = VECTOR('',#14803,1.);
#14803 = DIRECTION('',(1.,0.,0.));
#14804 = ORIENTED_EDGE('',*,*,#14805,.T.);
#14805 = EDGE_CURVE('',#14796,#13525,#14806,.T.);
#14806 = LINE('',#14807,#14808);
#14807 = CARTESIAN_POINT('',(17.5,93.9,121.7));
#14808 = VECTOR('',#14809,1.);
#14809 = DIRECTION('',(0.,0.,1.));
#14810 = ORIENTED_EDGE('',*,*,#13524,.T.);
#14811 = ORIENTED_EDGE('',*,*,#14812,.F.);
#14812 = EDGE_CURVE('',#14798,#13527,#14813,.T.);
#14813 = LINE('',#14814,#14815);
#14814 = CARTESIAN_POINT('',(21.1,93.9,121.7));
#14815 = VECTOR('',#14816,1.);
#14816 = DIRECTION('',(0.,0.,1.));
#14817 = PLANE('',#14818);
#14818 = AXIS2_PLACEMENT_3D('',#14819,#14820,#14821);
#14819 = CARTESIAN_POINT('',(17.5,93.9,121.7));
#14820 = DIRECTION('',(0.,1.,0.));
#14821 = DIRECTION('',(0.,0.,1.));
#14822 = ADVANCED_FACE('',(#14823),#14841,.F.);
#14823 = FACE_BOUND('',#14824,.F.);
#14824 = EDGE_LOOP('',(#14825,#14826,#14834,#14840));
#14825 = ORIENTED_EDGE('',*,*,#14812,.F.);
#14826 = ORIENTED_EDGE('',*,*,#14827,.T.);
#14827 = EDGE_CURVE('',#14798,#14828,#14830,.T.);
#14828 = VERTEX_POINT('',#14829);
#14829 = CARTESIAN_POINT('',(21.1,96.9,121.7));
#14830 = LINE('',#14831,#14832);
#14831 = CARTESIAN_POINT('',(21.1,93.9,121.7));
#14832 = VECTOR('',#14833,1.);
#14833 = DIRECTION('',(0.,1.,0.));
#14834 = ORIENTED_EDGE('',*,*,#14835,.T.);
#14835 = EDGE_CURVE('',#14828,#13543,#14836,.T.);
#14836 = LINE('',#14837,#14838);
#14837 = CARTESIAN_POINT('',(21.1,96.9,121.7));
#14838 = VECTOR('',#14839,1.);
#14839 = DIRECTION('',(0.,0.,1.));
#14840 = ORIENTED_EDGE('',*,*,#13550,.F.);
#14841 = PLANE('',#14842);
#14842 = AXIS2_PLACEMENT_3D('',#14843,#14844,#14845);
#14843 = CARTESIAN_POINT('',(21.1,93.9,121.7));
#14844 = DIRECTION('',(1.,0.,0.));
#14845 = DIRECTION('',(0.,0.,1.));
#14846 = ADVANCED_FACE('',(#14847),#14865,.F.);
#14847 = FACE_BOUND('',#14848,.F.);
#14848 = EDGE_LOOP('',(#14849,#14857,#14863,#14864));
#14849 = ORIENTED_EDGE('',*,*,#14850,.F.);
#14850 = EDGE_CURVE('',#14851,#14828,#14853,.T.);
#14851 = VERTEX_POINT('',#14852);
#14852 = CARTESIAN_POINT('',(17.5,96.9,121.7));
#14853 = LINE('',#14854,#14855);
#14854 = CARTESIAN_POINT('',(17.5,96.9,121.7));
#14855 = VECTOR('',#14856,1.);
#14856 = DIRECTION('',(1.,0.,0.));
#14857 = ORIENTED_EDGE('',*,*,#14858,.T.);
#14858 = EDGE_CURVE('',#14851,#13535,#14859,.T.);
#14859 = LINE('',#14860,#14861);
#14860 = CARTESIAN_POINT('',(17.5,96.9,121.7));
#14861 = VECTOR('',#14862,1.);
#14862 = DIRECTION('',(0.,0.,1.));
#14863 = ORIENTED_EDGE('',*,*,#13542,.T.);
#14864 = ORIENTED_EDGE('',*,*,#14835,.F.);
#14865 = PLANE('',#14866);
#14866 = AXIS2_PLACEMENT_3D('',#14867,#14868,#14869);
#14867 = CARTESIAN_POINT('',(17.5,96.9,121.7));
#14868 = DIRECTION('',(0.,1.,0.));
#14869 = DIRECTION('',(0.,0.,1.));
#14870 = ADVANCED_FACE('',(#14871),#14882,.T.);
#14871 = FACE_BOUND('',#14872,.T.);
#14872 = EDGE_LOOP('',(#14873,#14874,#14880,#14881));
#14873 = ORIENTED_EDGE('',*,*,#14805,.F.);
#14874 = ORIENTED_EDGE('',*,*,#14875,.T.);
#14875 = EDGE_CURVE('',#14796,#14851,#14876,.T.);
#14876 = LINE('',#14877,#14878);
#14877 = CARTESIAN_POINT('',(17.5,93.9,121.7));
#14878 = VECTOR('',#14879,1.);
#14879 = DIRECTION('',(0.,1.,0.));
#14880 = ORIENTED_EDGE('',*,*,#14858,.T.);
#14881 = ORIENTED_EDGE('',*,*,#13534,.F.);
#14882 = PLANE('',#14883);
#14883 = AXIS2_PLACEMENT_3D('',#14884,#14885,#14886);
#14884 = CARTESIAN_POINT('',(17.5,93.9,121.7));
#14885 = DIRECTION('',(1.,0.,0.));
#14886 = DIRECTION('',(0.,0.,1.));
#14887 = ADVANCED_FACE('',(#14888),#14915,.T.);
#14888 = FACE_BOUND('',#14889,.T.);
#14889 = EDGE_LOOP('',(#14890,#14898,#14906,#14912,#14913,#14914));
#14890 = ORIENTED_EDGE('',*,*,#14891,.F.);
#14891 = EDGE_CURVE('',#14892,#13820,#14894,.T.);
#14892 = VERTEX_POINT('',#14893);
#14893 = CARTESIAN_POINT('',(126.,8.,120.));
#14894 = LINE('',#14895,#14896);
#14895 = CARTESIAN_POINT('',(126.,8.,119.));
#14896 = VECTOR('',#14897,1.);
#14897 = DIRECTION('',(0.,0.,1.));
#14898 = ORIENTED_EDGE('',*,*,#14899,.T.);
#14899 = EDGE_CURVE('',#14892,#14900,#14902,.T.);
#14900 = VERTEX_POINT('',#14901);
#14901 = CARTESIAN_POINT('',(16.,8.,120.));
#14902 = LINE('',#14903,#14904);
#14903 = CARTESIAN_POINT('',(8.,8.,120.));
#14904 = VECTOR('',#14905,1.);
#14905 = DIRECTION('',(-1.,0.,0.));
#14906 = ORIENTED_EDGE('',*,*,#14907,.T.);
#14907 = EDGE_CURVE('',#14900,#13614,#14908,.T.);
#14908 = LINE('',#14909,#14910);
#14909 = CARTESIAN_POINT('',(16.,8.,119.));
#14910 = VECTOR('',#14911,1.);
#14911 = DIRECTION('',(0.,0.,1.));
#14912 = ORIENTED_EDGE('',*,*,#13621,.F.);
#14913 = ORIENTED_EDGE('',*,*,#13591,.F.);
#14914 = ORIENTED_EDGE('',*,*,#13819,.F.);
#14915 = PLANE('',#14916);
#14916 = AXIS2_PLACEMENT_3D('',#14917,#14918,#14919);
#14917 = CARTESIAN_POINT('',(16.,8.,119.));
#14918 = DIRECTION('',(0.,1.,0.));
#14919 = DIRECTION('',(0.,0.,1.));
#14920 = ADVANCED_FACE('',(#14921),#14948,.F.);
#14921 = FACE_BOUND('',#14922,.F.);
#14922 = EDGE_LOOP('',(#14923,#14931,#14939,#14945,#14946,#14947));
#14923 = ORIENTED_EDGE('',*,*,#14924,.F.);
#14924 = EDGE_CURVE('',#14925,#13828,#14927,.T.);
#14925 = VERTEX_POINT('',#14926);
#14926 = CARTESIAN_POINT('',(126.,92.,120.));
#14927 = LINE('',#14928,#14929);
#14928 = CARTESIAN_POINT('',(126.,92.,119.));
#14929 = VECTOR('',#14930,1.);
#14930 = DIRECTION('',(0.,0.,1.));
#14931 = ORIENTED_EDGE('',*,*,#14932,.T.);
#14932 = EDGE_CURVE('',#14925,#14933,#14935,.T.);
#14933 = VERTEX_POINT('',#14934);
#14934 = CARTESIAN_POINT('',(16.,92.,120.));
#14935 = LINE('',#14936,#14937);
#14936 = CARTESIAN_POINT('',(8.,92.,120.));
#14937 = VECTOR('',#14938,1.);
#14938 = DIRECTION('',(-1.,0.,0.));
#14939 = ORIENTED_EDGE('',*,*,#14940,.T.);
#14940 = EDGE_CURVE('',#14933,#13606,#14941,.T.);
#14941 = LINE('',#14942,#14943);
#14942 = CARTESIAN_POINT('',(16.,92.,119.));
#14943 = VECTOR('',#14944,1.);
#14944 = DIRECTION('',(0.,0.,1.));
#14945 = ORIENTED_EDGE('',*,*,#13605,.F.);
#14946 = ORIENTED_EDGE('',*,*,#13637,.F.);
#14947 = ORIENTED_EDGE('',*,*,#13835,.F.);
#14948 = PLANE('',#14949);
#14949 = AXIS2_PLACEMENT_3D('',#14950,#14951,#14952);
#14950 = CARTESIAN_POINT('',(16.,92.,119.));
#14951 = DIRECTION('',(0.,1.,0.));
#14952 = DIRECTION('',(0.,0.,1.));
#14953 = ADVANCED_FACE('',(#14954),#14965,.T.);
#14954 = FACE_BOUND('',#14955,.T.);
#14955 = EDGE_LOOP('',(#14956,#14957,#14963,#14964));
#14956 = ORIENTED_EDGE('',*,*,#14907,.F.);
#14957 = ORIENTED_EDGE('',*,*,#14958,.T.);
#14958 = EDGE_CURVE('',#14900,#14933,#14959,.T.);
#14959 = LINE('',#14960,#14961);
#14960 = CARTESIAN_POINT('',(16.,4.,120.));
#14961 = VECTOR('',#14962,1.);
#14962 = DIRECTION('',(0.,1.,0.));
#14963 = ORIENTED_EDGE('',*,*,#14940,.T.);
#14964 = ORIENTED_EDGE('',*,*,#13613,.T.);
#14965 = PLANE('',#14966);
#14966 = AXIS2_PLACEMENT_3D('',#14967,#14968,#14969);
#14967 = CARTESIAN_POINT('',(16.,38.39373871162,135.87661047561));
#14968 = DIRECTION('',(1.,0.,0.));
#14969 = DIRECTION('',(0.,0.,1.));
#14970 = ADVANCED_FACE('',(#14971),#15022,.T.);
#14971 = FACE_BOUND('',#14972,.T.);
#14972 = EDGE_LOOP('',(#14973,#14974,#14975,#14981,#14982,#14983,#14991,
    #14999,#15007,#15016));
#14973 = ORIENTED_EDGE('',*,*,#14640,.T.);
#14974 = ORIENTED_EDGE('',*,*,#14600,.T.);
#14975 = ORIENTED_EDGE('',*,*,#14976,.T.);
#14976 = EDGE_CURVE('',#14601,#14739,#14977,.T.);
#14977 = LINE('',#14978,#14979);
#14978 = CARTESIAN_POINT('',(10.,99.,126.));
#14979 = VECTOR('',#14980,1.);
#14980 = DIRECTION('',(1.,0.,0.));
#14981 = ORIENTED_EDGE('',*,*,#14761,.T.);
#14982 = ORIENTED_EDGE('',*,*,#13660,.T.);
#14983 = ORIENTED_EDGE('',*,*,#14984,.T.);
#14984 = EDGE_CURVE('',#13653,#14985,#14987,.T.);
#14985 = VERTEX_POINT('',#14986);
#14986 = CARTESIAN_POINT('',(125.4,99.,126.));
#14987 = LINE('',#14988,#14989);
#14988 = CARTESIAN_POINT('',(10.,99.,126.));
#14989 = VECTOR('',#14990,1.);
#14990 = DIRECTION('',(1.,0.,0.));
#14991 = ORIENTED_EDGE('',*,*,#14992,.T.);
#14992 = EDGE_CURVE('',#14985,#14993,#14995,.T.);
#14993 = VERTEX_POINT('',#14994);
#14994 = CARTESIAN_POINT('',(126.,99.,126.));
#14995 = LINE('',#14996,#14997);
#14996 = CARTESIAN_POINT('',(10.,99.,126.));
#14997 = VECTOR('',#14998,1.);
#14998 = DIRECTION('',(1.,0.,0.));
#14999 = ORIENTED_EDGE('',*,*,#15000,.T.);
#15000 = EDGE_CURVE('',#14993,#15001,#15003,.T.);
#15001 = VERTEX_POINT('',#15002);
#15002 = CARTESIAN_POINT('',(132.,99.,126.));
#15003 = LINE('',#15004,#15005);
#15004 = CARTESIAN_POINT('',(10.,99.,126.));
#15005 = VECTOR('',#15006,1.);
#15006 = DIRECTION('',(1.,0.,0.));
#15007 = ORIENTED_EDGE('',*,*,#15008,.F.);
#15008 = EDGE_CURVE('',#15009,#15001,#15011,.T.);
#15009 = VERTEX_POINT('',#15010);
#15010 = CARTESIAN_POINT('',(132.,100.,125.));
#15011 = CIRCLE('',#15012,1.);
#15012 = AXIS2_PLACEMENT_3D('',#15013,#15014,#15015);
#15013 = CARTESIAN_POINT('',(132.,99.,125.));
#15014 = DIRECTION('',(1.,0.,0.));
#15015 = DIRECTION('',(0.,1.,0.));
#15016 = ORIENTED_EDGE('',*,*,#15017,.F.);
#15017 = EDGE_CURVE('',#14632,#15009,#15018,.T.);
#15018 = LINE('',#15019,#15020);
#15019 = CARTESIAN_POINT('',(10.,100.,125.));
#15020 = VECTOR('',#15021,1.);
#15021 = DIRECTION('',(1.,0.,0.));
#15022 = CYLINDRICAL_SURFACE('',#15023,1.);
#15023 = AXIS2_PLACEMENT_3D('',#15024,#15025,#15026);
#15024 = CARTESIAN_POINT('',(10.,99.,125.));
#15025 = DIRECTION('',(1.,0.,0.));
#15026 = DIRECTION('',(0.,1.,0.));
#15027 = ADVANCED_FACE('',(#15028),#15039,.F.);
#15028 = FACE_BOUND('',#15029,.F.);
#15029 = EDGE_LOOP('',(#15030,#15031,#15032,#15038));
#15030 = ORIENTED_EDGE('',*,*,#13802,.F.);
#15031 = ORIENTED_EDGE('',*,*,#13652,.T.);
#15032 = ORIENTED_EDGE('',*,*,#15033,.T.);
#15033 = EDGE_CURVE('',#13653,#13738,#15034,.T.);
#15034 = LINE('',#15035,#15036);
#15035 = CARTESIAN_POINT('',(119.4,99.,126.));
#15036 = VECTOR('',#15037,1.);
#15037 = DIRECTION('',(0.,0.,1.));
#15038 = ORIENTED_EDGE('',*,*,#13745,.F.);
#15039 = PLANE('',#15040);
#15040 = AXIS2_PLACEMENT_3D('',#15041,#15042,#15043);
#15041 = CARTESIAN_POINT('',(119.4,93.,126.));
#15042 = DIRECTION('',(1.,0.,0.));
#15043 = DIRECTION('',(0.,0.,1.));
#15044 = ADVANCED_FACE('',(#15045),#15056,.T.);
#15045 = FACE_BOUND('',#15046,.T.);
#15046 = EDGE_LOOP('',(#15047,#15048,#15049,#15050));
#15047 = ORIENTED_EDGE('',*,*,#14984,.F.);
#15048 = ORIENTED_EDGE('',*,*,#15033,.T.);
#15049 = ORIENTED_EDGE('',*,*,#13737,.T.);
#15050 = ORIENTED_EDGE('',*,*,#15051,.F.);
#15051 = EDGE_CURVE('',#14985,#13730,#15052,.T.);
#15052 = LINE('',#15053,#15054);
#15053 = CARTESIAN_POINT('',(125.4,99.,126.));
#15054 = VECTOR('',#15055,1.);
#15055 = DIRECTION('',(0.,0.,1.));
#15056 = PLANE('',#15057);
#15057 = AXIS2_PLACEMENT_3D('',#15058,#15059,#15060);
#15058 = CARTESIAN_POINT('',(119.4,99.,126.));
#15059 = DIRECTION('',(0.,1.,0.));
#15060 = DIRECTION('',(0.,0.,1.));
#15061 = ADVANCED_FACE('',(#15062),#15102,.T.);
#15062 = FACE_BOUND('',#15063,.T.);
#15063 = EDGE_LOOP('',(#15064,#15072,#15078,#15079,#15080,#15088,#15096)
  );
#15064 = ORIENTED_EDGE('',*,*,#15065,.F.);
#15065 = EDGE_CURVE('',#15066,#14993,#15068,.T.);
#15066 = VERTEX_POINT('',#15067);
#15067 = CARTESIAN_POINT('',(126.,93.,126.));
#15068 = LINE('',#15069,#15070);
#15069 = CARTESIAN_POINT('',(126.,84.,126.));
#15070 = VECTOR('',#15071,1.);
#15071 = DIRECTION('',(0.,1.,0.));
#15072 = ORIENTED_EDGE('',*,*,#15073,.F.);
#15073 = EDGE_CURVE('',#13714,#15066,#15074,.T.);
#15074 = LINE('',#15075,#15076);
#15075 = CARTESIAN_POINT('',(126.,93.,130.9383052378));
#15076 = VECTOR('',#15077,1.);
#15077 = DIRECTION('',(0.,0.,-1.));
#15078 = ORIENTED_EDGE('',*,*,#13713,.F.);
#15079 = ORIENTED_EDGE('',*,*,#14175,.F.);
#15080 = ORIENTED_EDGE('',*,*,#15081,.T.);
#15081 = EDGE_CURVE('',#14168,#15082,#15084,.T.);
#15082 = VERTEX_POINT('',#15083);
#15083 = CARTESIAN_POINT('',(126.,100.,133.1));
#15084 = LINE('',#15085,#15086);
#15085 = CARTESIAN_POINT('',(126.,83.7,133.1));
#15086 = VECTOR('',#15087,1.);
#15087 = DIRECTION('',(0.,1.,0.));
#15088 = ORIENTED_EDGE('',*,*,#15089,.F.);
#15089 = EDGE_CURVE('',#15090,#15082,#15092,.T.);
#15090 = VERTEX_POINT('',#15091);
#15091 = CARTESIAN_POINT('',(126.,100.,126.));
#15092 = LINE('',#15093,#15094);
#15093 = CARTESIAN_POINT('',(126.,100.,126.));
#15094 = VECTOR('',#15095,1.);
#15095 = DIRECTION('',(0.,0.,1.));
#15096 = ORIENTED_EDGE('',*,*,#15097,.F.);
#15097 = EDGE_CURVE('',#14993,#15090,#15098,.T.);
#15098 = LINE('',#15099,#15100);
#15099 = CARTESIAN_POINT('',(126.,84.,126.));
#15100 = VECTOR('',#15101,1.);
#15101 = DIRECTION('',(0.,1.,0.));
#15102 = PLANE('',#15103);
#15103 = AXIS2_PLACEMENT_3D('',#15104,#15105,#15106);
#15104 = CARTESIAN_POINT('',(126.,38.39373871162,135.87661047561));
#15105 = DIRECTION('',(-1.,-0.,-0.));
#15106 = DIRECTION('',(0.,0.,-1.));
#15107 = ADVANCED_FACE('',(#15108),#15126,.T.);
#15108 = FACE_BOUND('',#15109,.T.);
#15109 = EDGE_LOOP('',(#15110,#15118,#15124,#15125));
#15110 = ORIENTED_EDGE('',*,*,#15111,.F.);
#15111 = EDGE_CURVE('',#15112,#13722,#15114,.T.);
#15112 = VERTEX_POINT('',#15113);
#15113 = CARTESIAN_POINT('',(125.4,93.,126.));
#15114 = LINE('',#15115,#15116);
#15115 = CARTESIAN_POINT('',(125.4,93.,126.));
#15116 = VECTOR('',#15117,1.);
#15117 = DIRECTION('',(0.,0.,1.));
#15118 = ORIENTED_EDGE('',*,*,#15119,.T.);
#15119 = EDGE_CURVE('',#15112,#14985,#15120,.T.);
#15120 = LINE('',#15121,#15122);
#15121 = CARTESIAN_POINT('',(125.4,93.,126.));
#15122 = VECTOR('',#15123,1.);
#15123 = DIRECTION('',(0.,1.,0.));
#15124 = ORIENTED_EDGE('',*,*,#15051,.T.);
#15125 = ORIENTED_EDGE('',*,*,#13729,.F.);
#15126 = PLANE('',#15127);
#15127 = AXIS2_PLACEMENT_3D('',#15128,#15129,#15130);
#15128 = CARTESIAN_POINT('',(125.4,93.,126.));
#15129 = DIRECTION('',(1.,0.,0.));
#15130 = DIRECTION('',(0.,0.,1.));
#15131 = ADVANCED_FACE('',(#15132),#15143,.T.);
#15132 = FACE_BOUND('',#15133,.T.);
#15133 = EDGE_LOOP('',(#15134,#15140,#15141,#15142));
#15134 = ORIENTED_EDGE('',*,*,#15135,.F.);
#15135 = EDGE_CURVE('',#15112,#15066,#15136,.T.);
#15136 = LINE('',#15137,#15138);
#15137 = CARTESIAN_POINT('',(119.6,93.,126.));
#15138 = VECTOR('',#15139,1.);
#15139 = DIRECTION('',(1.,0.,0.));
#15140 = ORIENTED_EDGE('',*,*,#15111,.T.);
#15141 = ORIENTED_EDGE('',*,*,#13721,.T.);
#15142 = ORIENTED_EDGE('',*,*,#15073,.T.);
#15143 = PLANE('',#15144);
#15144 = AXIS2_PLACEMENT_3D('',#15145,#15146,#15147);
#15145 = CARTESIAN_POINT('',(119.6,93.,126.));
#15146 = DIRECTION('',(0.,1.,0.));
#15147 = DIRECTION('',(0.,0.,1.));
#15148 = ADVANCED_FACE('',(#15149),#15174,.T.);
#15149 = FACE_BOUND('',#15150,.T.);
#15150 = EDGE_LOOP('',(#15151,#15161,#15167,#15168));
#15151 = ORIENTED_EDGE('',*,*,#15152,.F.);
#15152 = EDGE_CURVE('',#15153,#15155,#15157,.T.);
#15153 = VERTEX_POINT('',#15154);
#15154 = CARTESIAN_POINT('',(120.9,93.9,121.7));
#15155 = VERTEX_POINT('',#15156);
#15156 = CARTESIAN_POINT('',(124.5,93.9,121.7));
#15157 = LINE('',#15158,#15159);
#15158 = CARTESIAN_POINT('',(120.9,93.9,121.7));
#15159 = VECTOR('',#15160,1.);
#15160 = DIRECTION('',(1.,0.,0.));
#15161 = ORIENTED_EDGE('',*,*,#15162,.T.);
#15162 = EDGE_CURVE('',#15153,#13762,#15163,.T.);
#15163 = LINE('',#15164,#15165);
#15164 = CARTESIAN_POINT('',(120.9,93.9,121.7));
#15165 = VECTOR('',#15166,1.);
#15166 = DIRECTION('',(0.,0.,1.));
#15167 = ORIENTED_EDGE('',*,*,#13761,.T.);
#15168 = ORIENTED_EDGE('',*,*,#15169,.F.);
#15169 = EDGE_CURVE('',#15155,#13764,#15170,.T.);
#15170 = LINE('',#15171,#15172);
#15171 = CARTESIAN_POINT('',(124.5,93.9,121.7));
#15172 = VECTOR('',#15173,1.);
#15173 = DIRECTION('',(0.,0.,1.));
#15174 = PLANE('',#15175);
#15175 = AXIS2_PLACEMENT_3D('',#15176,#15177,#15178);
#15176 = CARTESIAN_POINT('',(120.9,93.9,121.7));
#15177 = DIRECTION('',(0.,1.,0.));
#15178 = DIRECTION('',(0.,0.,1.));
#15179 = ADVANCED_FACE('',(#15180),#15198,.F.);
#15180 = FACE_BOUND('',#15181,.F.);
#15181 = EDGE_LOOP('',(#15182,#15183,#15191,#15197));
#15182 = ORIENTED_EDGE('',*,*,#15169,.F.);
#15183 = ORIENTED_EDGE('',*,*,#15184,.T.);
#15184 = EDGE_CURVE('',#15155,#15185,#15187,.T.);
#15185 = VERTEX_POINT('',#15186);
#15186 = CARTESIAN_POINT('',(124.5,96.9,121.7));
#15187 = LINE('',#15188,#15189);
#15188 = CARTESIAN_POINT('',(124.5,93.9,121.7));
#15189 = VECTOR('',#15190,1.);
#15190 = DIRECTION('',(0.,1.,0.));
#15191 = ORIENTED_EDGE('',*,*,#15192,.T.);
#15192 = EDGE_CURVE('',#15185,#13780,#15193,.T.);
#15193 = LINE('',#15194,#15195);
#15194 = CARTESIAN_POINT('',(124.5,96.9,121.7));
#15195 = VECTOR('',#15196,1.);
#15196 = DIRECTION('',(0.,0.,1.));
#15197 = ORIENTED_EDGE('',*,*,#13787,.F.);
#15198 = PLANE('',#15199);
#15199 = AXIS2_PLACEMENT_3D('',#15200,#15201,#15202);
#15200 = CARTESIAN_POINT('',(124.5,93.9,121.7));
#15201 = DIRECTION('',(1.,0.,0.));
#15202 = DIRECTION('',(0.,0.,1.));
#15203 = ADVANCED_FACE('',(#15204),#15222,.F.);
#15204 = FACE_BOUND('',#15205,.F.);
#15205 = EDGE_LOOP('',(#15206,#15214,#15220,#15221));
#15206 = ORIENTED_EDGE('',*,*,#15207,.F.);
#15207 = EDGE_CURVE('',#15208,#15185,#15210,.T.);
#15208 = VERTEX_POINT('',#15209);
#15209 = CARTESIAN_POINT('',(120.9,96.9,121.7));
#15210 = LINE('',#15211,#15212);
#15211 = CARTESIAN_POINT('',(120.9,96.9,121.7));
#15212 = VECTOR('',#15213,1.);
#15213 = DIRECTION('',(1.,0.,0.));
#15214 = ORIENTED_EDGE('',*,*,#15215,.T.);
#15215 = EDGE_CURVE('',#15208,#13772,#15216,.T.);
#15216 = LINE('',#15217,#15218);
#15217 = CARTESIAN_POINT('',(120.9,96.9,121.7));
#15218 = VECTOR('',#15219,1.);
#15219 = DIRECTION('',(0.,0.,1.));
#15220 = ORIENTED_EDGE('',*,*,#13779,.T.);
#15221 = ORIENTED_EDGE('',*,*,#15192,.F.);
#15222 = PLANE('',#15223);
#15223 = AXIS2_PLACEMENT_3D('',#15224,#15225,#15226);
#15224 = CARTESIAN_POINT('',(120.9,96.9,121.7));
#15225 = DIRECTION('',(0.,1.,0.));
#15226 = DIRECTION('',(0.,0.,1.));
#15227 = ADVANCED_FACE('',(#15228),#15239,.T.);
#15228 = FACE_BOUND('',#15229,.T.);
#15229 = EDGE_LOOP('',(#15230,#15231,#15237,#15238));
#15230 = ORIENTED_EDGE('',*,*,#15162,.F.);
#15231 = ORIENTED_EDGE('',*,*,#15232,.T.);
#15232 = EDGE_CURVE('',#15153,#15208,#15233,.T.);
#15233 = LINE('',#15234,#15235);
#15234 = CARTESIAN_POINT('',(120.9,93.9,121.7));
#15235 = VECTOR('',#15236,1.);
#15236 = DIRECTION('',(0.,1.,0.));
#15237 = ORIENTED_EDGE('',*,*,#15215,.T.);
#15238 = ORIENTED_EDGE('',*,*,#13771,.F.);
#15239 = PLANE('',#15240);
#15240 = AXIS2_PLACEMENT_3D('',#15241,#15242,#15243);
#15241 = CARTESIAN_POINT('',(120.9,93.9,121.7));
#15242 = DIRECTION('',(1.,0.,0.));
#15243 = DIRECTION('',(0.,0.,1.));
#15244 = ADVANCED_FACE('',(#15245),#15256,.T.);
#15245 = FACE_BOUND('',#15246,.T.);
#15246 = EDGE_LOOP('',(#15247,#15253,#15254,#15255));
#15247 = ORIENTED_EDGE('',*,*,#15248,.F.);
#15248 = EDGE_CURVE('',#14892,#14925,#15249,.T.);
#15249 = LINE('',#15250,#15251);
#15250 = CARTESIAN_POINT('',(126.,4.,120.));
#15251 = VECTOR('',#15252,1.);
#15252 = DIRECTION('',(0.,1.,0.));
#15253 = ORIENTED_EDGE('',*,*,#14891,.T.);
#15254 = ORIENTED_EDGE('',*,*,#13827,.T.);
#15255 = ORIENTED_EDGE('',*,*,#14924,.F.);
#15256 = PLANE('',#15257);
#15257 = AXIS2_PLACEMENT_3D('',#15258,#15259,#15260);
#15258 = CARTESIAN_POINT('',(126.,38.39373871162,135.87661047561));
#15259 = DIRECTION('',(-1.,-0.,-0.));
#15260 = DIRECTION('',(0.,0.,-1.));
#15261 = ADVANCED_FACE('',(#15262),#15281,.T.);
#15262 = FACE_BOUND('',#15263,.F.);
#15263 = EDGE_LOOP('',(#15264,#15272,#15279,#15280));
#15264 = ORIENTED_EDGE('',*,*,#15265,.F.);
#15265 = EDGE_CURVE('',#15266,#13850,#15268,.T.);
#15266 = VERTEX_POINT('',#15267);
#15267 = CARTESIAN_POINT('',(142.,10.,121.));
#15268 = LINE('',#15269,#15270);
#15269 = CARTESIAN_POINT('',(142.,10.,120.));
#15270 = VECTOR('',#15271,1.);
#15271 = DIRECTION('',(0.,0.,1.));
#15272 = ORIENTED_EDGE('',*,*,#15273,.T.);
#15273 = EDGE_CURVE('',#15266,#14513,#15274,.T.);
#15274 = CIRCLE('',#15275,10.);
#15275 = AXIS2_PLACEMENT_3D('',#15276,#15277,#15278);
#15276 = CARTESIAN_POINT('',(132.,10.,121.));
#15277 = DIRECTION('',(0.,0.,-1.));
#15278 = DIRECTION('',(1.,0.,0.));
#15279 = ORIENTED_EDGE('',*,*,#14512,.T.);
#15280 = ORIENTED_EDGE('',*,*,#13858,.F.);
#15281 = CYLINDRICAL_SURFACE('',#15282,10.);
#15282 = AXIS2_PLACEMENT_3D('',#15283,#15284,#15285);
#15283 = CARTESIAN_POINT('',(132.,10.,120.));
#15284 = DIRECTION('',(0.,0.,1.));
#15285 = DIRECTION('',(1.,0.,0.));
#15286 = ADVANCED_FACE('',(#15287),#15305,.T.);
#15287 = FACE_BOUND('',#15288,.F.);
#15288 = EDGE_LOOP('',(#15289,#15290,#15297,#15298));
#15289 = ORIENTED_EDGE('',*,*,#15008,.F.);
#15290 = ORIENTED_EDGE('',*,*,#15291,.T.);
#15291 = EDGE_CURVE('',#15009,#13876,#15292,.T.);
#15292 = CIRCLE('',#15293,10.);
#15293 = AXIS2_PLACEMENT_3D('',#15294,#15295,#15296);
#15294 = CARTESIAN_POINT('',(132.,90.,125.));
#15295 = DIRECTION('',(0.,0.,-1.));
#15296 = DIRECTION('',(0.,1.,0.));
#15297 = ORIENTED_EDGE('',*,*,#13875,.T.);
#15298 = ORIENTED_EDGE('',*,*,#15299,.F.);
#15299 = EDGE_CURVE('',#15001,#13878,#15300,.T.);
#15300 = CIRCLE('',#15301,9.);
#15301 = AXIS2_PLACEMENT_3D('',#15302,#15303,#15304);
#15302 = CARTESIAN_POINT('',(132.,90.,126.));
#15303 = DIRECTION('',(0.,0.,-1.));
#15304 = DIRECTION('',(0.,1.,0.));
#15305 = TOROIDAL_SURFACE('',#15306,9.,1.);
#15306 = AXIS2_PLACEMENT_3D('',#15307,#15308,#15309);
#15307 = CARTESIAN_POINT('',(132.,90.,125.));
#15308 = DIRECTION('',(0.,0.,1.));
#15309 = DIRECTION('',(0.,1.,0.));
#15310 = ADVANCED_FACE('',(#15311),#15329,.T.);
#15311 = FACE_BOUND('',#15312,.T.);
#15312 = EDGE_LOOP('',(#15313,#15314,#15322,#15328));
#15313 = ORIENTED_EDGE('',*,*,#15265,.F.);
#15314 = ORIENTED_EDGE('',*,*,#15315,.F.);
#15315 = EDGE_CURVE('',#15316,#15266,#15318,.T.);
#15316 = VERTEX_POINT('',#15317);
#15317 = CARTESIAN_POINT('',(142.,90.,121.));
#15318 = LINE('',#15319,#15320);
#15319 = CARTESIAN_POINT('',(142.,90.,121.));
#15320 = VECTOR('',#15321,1.);
#15321 = DIRECTION('',(-0.,-1.,-0.));
#15322 = ORIENTED_EDGE('',*,*,#15323,.T.);
#15323 = EDGE_CURVE('',#15316,#13876,#15324,.T.);
#15324 = LINE('',#15325,#15326);
#15325 = CARTESIAN_POINT('',(142.,90.,120.));
#15326 = VECTOR('',#15327,1.);
#15327 = DIRECTION('',(0.,0.,1.));
#15328 = ORIENTED_EDGE('',*,*,#13902,.T.);
#15329 = PLANE('',#15330);
#15330 = AXIS2_PLACEMENT_3D('',#15331,#15332,#15333);
#15331 = CARTESIAN_POINT('',(142.,0.,120.));
#15332 = DIRECTION('',(1.,0.,0.));
#15333 = DIRECTION('',(0.,0.,1.));
#15334 = ADVANCED_FACE('',(#15335),#15372,.F.);
#15335 = FACE_BOUND('',#15336,.F.);
#15336 = EDGE_LOOP('',(#15337,#15348,#15354,#15355,#15356,#15357,#15358,
    #15366));
#15337 = ORIENTED_EDGE('',*,*,#15338,.T.);
#15338 = EDGE_CURVE('',#15339,#15341,#15343,.T.);
#15339 = VERTEX_POINT('',#15340);
#15340 = CARTESIAN_POINT('',(142.,90.,126.));
#15341 = VERTEX_POINT('',#15342);
#15342 = CARTESIAN_POINT('',(132.,100.,126.));
#15343 = CIRCLE('',#15344,10.);
#15344 = AXIS2_PLACEMENT_3D('',#15345,#15346,#15347);
#15345 = CARTESIAN_POINT('',(132.,90.,126.));
#15346 = DIRECTION('',(-0.,0.,1.));
#15347 = DIRECTION('',(0.,-1.,0.));
#15348 = ORIENTED_EDGE('',*,*,#15349,.F.);
#15349 = EDGE_CURVE('',#15090,#15341,#15350,.T.);
#15350 = LINE('',#15351,#15352);
#15351 = CARTESIAN_POINT('',(126.,100.,126.));
#15352 = VECTOR('',#15353,1.);
#15353 = DIRECTION('',(1.,0.,0.));
#15354 = ORIENTED_EDGE('',*,*,#15097,.F.);
#15355 = ORIENTED_EDGE('',*,*,#15000,.T.);
#15356 = ORIENTED_EDGE('',*,*,#15299,.T.);
#15357 = ORIENTED_EDGE('',*,*,#13886,.T.);
#15358 = ORIENTED_EDGE('',*,*,#15359,.T.);
#15359 = EDGE_CURVE('',#13887,#15360,#15362,.T.);
#15360 = VERTEX_POINT('',#15361);
#15361 = CARTESIAN_POINT('',(142.,84.,126.));
#15362 = LINE('',#15363,#15364);
#15363 = CARTESIAN_POINT('',(126.,84.,126.));
#15364 = VECTOR('',#15365,1.);
#15365 = DIRECTION('',(1.,0.,0.));
#15366 = ORIENTED_EDGE('',*,*,#15367,.T.);
#15367 = EDGE_CURVE('',#15360,#15339,#15368,.T.);
#15368 = LINE('',#15369,#15370);
#15369 = CARTESIAN_POINT('',(142.,84.,126.));
#15370 = VECTOR('',#15371,1.);
#15371 = DIRECTION('',(0.,1.,0.));
#15372 = PLANE('',#15373);
#15373 = AXIS2_PLACEMENT_3D('',#15374,#15375,#15376);
#15374 = CARTESIAN_POINT('',(126.,84.,126.));
#15375 = DIRECTION('',(0.,0.,1.));
#15376 = DIRECTION('',(1.,0.,0.));
#15377 = ADVANCED_FACE('',(#15378),#15396,.T.);
#15378 = FACE_BOUND('',#15379,.T.);
#15379 = EDGE_LOOP('',(#15380,#15388,#15389,#15390));
#15380 = ORIENTED_EDGE('',*,*,#15381,.F.);
#15381 = EDGE_CURVE('',#13932,#15382,#15384,.T.);
#15382 = VERTEX_POINT('',#15383);
#15383 = CARTESIAN_POINT('',(130.,84.,126.));
#15384 = LINE('',#15385,#15386);
#15385 = CARTESIAN_POINT('',(130.,0.,126.));
#15386 = VECTOR('',#15387,1.);
#15387 = DIRECTION('',(0.,1.,0.));
#15388 = ORIENTED_EDGE('',*,*,#13931,.T.);
#15389 = ORIENTED_EDGE('',*,*,#13894,.F.);
#15390 = ORIENTED_EDGE('',*,*,#15391,.F.);
#15391 = EDGE_CURVE('',#15382,#13887,#15392,.T.);
#15392 = LINE('',#15393,#15394);
#15393 = CARTESIAN_POINT('',(126.,84.,126.));
#15394 = VECTOR('',#15395,1.);
#15395 = DIRECTION('',(1.,0.,0.));
#15396 = PLANE('',#15397);
#15397 = AXIS2_PLACEMENT_3D('',#15398,#15399,#15400);
#15398 = CARTESIAN_POINT('',(0.,0.,126.));
#15399 = DIRECTION('',(0.,0.,1.));
#15400 = DIRECTION('',(1.,0.,0.));
#15401 = ADVANCED_FACE('',(#15402),#15414,.T.);
#15402 = FACE_BOUND('',#15403,.F.);
#15403 = EDGE_LOOP('',(#15404,#15405,#15406,#15413));
#15404 = ORIENTED_EDGE('',*,*,#14016,.T.);
#15405 = ORIENTED_EDGE('',*,*,#13916,.T.);
#15406 = ORIENTED_EDGE('',*,*,#15407,.T.);
#15407 = EDGE_CURVE('',#13917,#14042,#15408,.T.);
#15408 = ELLIPSE('',#15409,1.414213562373,1.);
#15409 = AXIS2_PLACEMENT_3D('',#15410,#15411,#15412);
#15410 = CARTESIAN_POINT('',(141.,15.,179.));
#15411 = DIRECTION('',(0.707106781187,-0.707106781187,0.));
#15412 = DIRECTION('',(0.707106781187,0.707106781187,0.));
#15413 = ORIENTED_EDGE('',*,*,#14049,.F.);
#15414 = CYLINDRICAL_SURFACE('',#15415,1.);
#15415 = AXIS2_PLACEMENT_3D('',#15416,#15417,#15418);
#15416 = CARTESIAN_POINT('',(126.,15.,179.));
#15417 = DIRECTION('',(1.,0.,0.));
#15418 = DIRECTION('',(0.,0.,1.));
#15419 = ADVANCED_FACE('',(#15420),#15438,.T.);
#15420 = FACE_BOUND('',#15421,.T.);
#15421 = EDGE_LOOP('',(#15422,#15423,#15424,#15432));
#15422 = ORIENTED_EDGE('',*,*,#14200,.F.);
#15423 = ORIENTED_EDGE('',*,*,#13947,.T.);
#15424 = ORIENTED_EDGE('',*,*,#15425,.T.);
#15425 = EDGE_CURVE('',#13940,#15426,#15428,.T.);
#15426 = VERTEX_POINT('',#15427);
#15427 = CARTESIAN_POINT('',(130.,84.,128.));
#15428 = LINE('',#15429,#15430);
#15429 = CARTESIAN_POINT('',(130.,0.,128.));
#15430 = VECTOR('',#15431,1.);
#15431 = DIRECTION('',(0.,1.,0.));
#15432 = ORIENTED_EDGE('',*,*,#15433,.F.);
#15433 = EDGE_CURVE('',#14201,#15426,#15434,.T.);
#15434 = LINE('',#15435,#15436);
#15435 = CARTESIAN_POINT('',(122.8,84.,128.));
#15436 = VECTOR('',#15437,1.);
#15437 = DIRECTION('',(1.,0.,0.));
#15438 = PLANE('',#15439);
#15439 = AXIS2_PLACEMENT_3D('',#15440,#15441,#15442);
#15440 = CARTESIAN_POINT('',(119.6,0.,128.));
#15441 = DIRECTION('',(0.,0.,1.));
#15442 = DIRECTION('',(1.,0.,0.));
#15443 = ADVANCED_FACE('',(#15444),#15455,.T.);
#15444 = FACE_BOUND('',#15445,.T.);
#15445 = EDGE_LOOP('',(#15446,#15447,#15448,#15449));
#15446 = ORIENTED_EDGE('',*,*,#15425,.F.);
#15447 = ORIENTED_EDGE('',*,*,#13939,.T.);
#15448 = ORIENTED_EDGE('',*,*,#15381,.T.);
#15449 = ORIENTED_EDGE('',*,*,#15450,.F.);
#15450 = EDGE_CURVE('',#15426,#15382,#15451,.T.);
#15451 = LINE('',#15452,#15453);
#15452 = CARTESIAN_POINT('',(130.,84.,126.));
#15453 = VECTOR('',#15454,1.);
#15454 = DIRECTION('',(0.,0.,-1.));
#15455 = PLANE('',#15456);
#15456 = AXIS2_PLACEMENT_3D('',#15457,#15458,#15459);
#15457 = CARTESIAN_POINT('',(130.,0.,126.));
#15458 = DIRECTION('',(1.,0.,0.));
#15459 = DIRECTION('',(0.,0.,1.));
#15460 = ADVANCED_FACE('',(#15461),#15467,.T.);
#15461 = FACE_BOUND('',#15462,.F.);
#15462 = EDGE_LOOP('',(#15463,#15464,#15465,#15466));
#15463 = ORIENTED_EDGE('',*,*,#13990,.T.);
#15464 = ORIENTED_EDGE('',*,*,#14041,.T.);
#15465 = ORIENTED_EDGE('',*,*,#15407,.F.);
#15466 = ORIENTED_EDGE('',*,*,#13974,.F.);
#15467 = CYLINDRICAL_SURFACE('',#15468,1.);
#15468 = AXIS2_PLACEMENT_3D('',#15469,#15470,#15471);
#15469 = CARTESIAN_POINT('',(141.,10.,179.));
#15470 = DIRECTION('',(0.,1.,0.));
#15471 = DIRECTION('',(1.,0.,0.));
#15472 = ADVANCED_FACE('',(#15473),#15492,.T.);
#15473 = FACE_BOUND('',#15474,.F.);
#15474 = EDGE_LOOP('',(#15475,#15483,#15490,#15491));
#15475 = ORIENTED_EDGE('',*,*,#15476,.T.);
#15476 = EDGE_CURVE('',#14059,#15477,#15479,.T.);
#15477 = VERTEX_POINT('',#15478);
#15478 = CARTESIAN_POINT('',(137.4,8.,184.9));
#15479 = LINE('',#15480,#15481);
#15480 = CARTESIAN_POINT('',(137.4,8.,180.));
#15481 = VECTOR('',#15482,1.);
#15482 = DIRECTION('',(0.,0.,1.));
#15483 = ORIENTED_EDGE('',*,*,#15484,.T.);
#15484 = EDGE_CURVE('',#15477,#15477,#15485,.T.);
#15485 = CIRCLE('',#15486,3.4);
#15486 = AXIS2_PLACEMENT_3D('',#15487,#15488,#15489);
#15487 = CARTESIAN_POINT('',(134.,8.,184.9));
#15488 = DIRECTION('',(0.,0.,1.));
#15489 = DIRECTION('',(1.,0.,0.));
#15490 = ORIENTED_EDGE('',*,*,#15476,.F.);
#15491 = ORIENTED_EDGE('',*,*,#14058,.F.);
#15492 = CYLINDRICAL_SURFACE('',#15493,3.4);
#15493 = AXIS2_PLACEMENT_3D('',#15494,#15495,#15496);
#15494 = CARTESIAN_POINT('',(134.,8.,180.));
#15495 = DIRECTION('',(-0.,-0.,-1.));
#15496 = DIRECTION('',(1.,0.,0.));
#15497 = ADVANCED_FACE('',(#15498),#15525,.T.);
#15498 = FACE_BOUND('',#15499,.T.);
#15499 = EDGE_LOOP('',(#15500,#15501,#15502,#15503,#15511,#15519));
#15500 = ORIENTED_EDGE('',*,*,#15081,.F.);
#15501 = ORIENTED_EDGE('',*,*,#14167,.F.);
#15502 = ORIENTED_EDGE('',*,*,#14216,.F.);
#15503 = ORIENTED_EDGE('',*,*,#15504,.T.);
#15504 = EDGE_CURVE('',#14209,#15505,#15507,.T.);
#15505 = VERTEX_POINT('',#15506);
#15506 = CARTESIAN_POINT('',(129.,84.,133.1));
#15507 = LINE('',#15508,#15509);
#15508 = CARTESIAN_POINT('',(125.7,84.,133.1));
#15509 = VECTOR('',#15510,1.);
#15510 = DIRECTION('',(1.,0.,0.));
#15511 = ORIENTED_EDGE('',*,*,#15512,.T.);
#15512 = EDGE_CURVE('',#15505,#15513,#15515,.T.);
#15513 = VERTEX_POINT('',#15514);
#15514 = CARTESIAN_POINT('',(129.,100.,133.1));
#15515 = LINE('',#15516,#15517);
#15516 = CARTESIAN_POINT('',(129.,83.7,133.1));
#15517 = VECTOR('',#15518,1.);
#15518 = DIRECTION('',(0.,1.,0.));
#15519 = ORIENTED_EDGE('',*,*,#15520,.F.);
#15520 = EDGE_CURVE('',#15082,#15513,#15521,.T.);
#15521 = LINE('',#15522,#15523);
#15522 = CARTESIAN_POINT('',(125.7,100.,133.1));
#15523 = VECTOR('',#15524,1.);
#15524 = DIRECTION('',(1.,0.,0.));
#15525 = PLANE('',#15526);
#15526 = AXIS2_PLACEMENT_3D('',#15527,#15528,#15529);
#15527 = CARTESIAN_POINT('',(125.7,83.7,133.1));
#15528 = DIRECTION('',(0.,0.,1.));
#15529 = DIRECTION('',(1.,0.,0.));
#15530 = ADVANCED_FACE('',(#15531),#15595,.F.);
#15531 = FACE_BOUND('',#15532,.F.);
#15532 = EDGE_LOOP('',(#15533,#15543,#15551,#15557,#15558,#15559,#15560,
    #15561,#15562,#15563,#15572,#15580,#15589));
#15533 = ORIENTED_EDGE('',*,*,#15534,.T.);
#15534 = EDGE_CURVE('',#15535,#15537,#15539,.T.);
#15535 = VERTEX_POINT('',#15536);
#15536 = CARTESIAN_POINT('',(126.,84.,139.7));
#15537 = VERTEX_POINT('',#15538);
#15538 = CARTESIAN_POINT('',(126.,84.,179.));
#15539 = LINE('',#15540,#15541);
#15540 = CARTESIAN_POINT('',(126.,84.,126.));
#15541 = VECTOR('',#15542,1.);
#15542 = DIRECTION('',(0.,0.,1.));
#15543 = ORIENTED_EDGE('',*,*,#15544,.T.);
#15544 = EDGE_CURVE('',#15537,#15545,#15547,.T.);
#15545 = VERTEX_POINT('',#15546);
#15546 = CARTESIAN_POINT('',(142.,84.,179.));
#15547 = LINE('',#15548,#15549);
#15548 = CARTESIAN_POINT('',(126.,84.,179.));
#15549 = VECTOR('',#15550,1.);
#15550 = DIRECTION('',(1.,0.,0.));
#15551 = ORIENTED_EDGE('',*,*,#15552,.F.);
#15552 = EDGE_CURVE('',#15360,#15545,#15553,.T.);
#15553 = LINE('',#15554,#15555);
#15554 = CARTESIAN_POINT('',(142.,84.,126.));
#15555 = VECTOR('',#15556,1.);
#15556 = DIRECTION('',(0.,0.,1.));
#15557 = ORIENTED_EDGE('',*,*,#15359,.F.);
#15558 = ORIENTED_EDGE('',*,*,#15391,.F.);
#15559 = ORIENTED_EDGE('',*,*,#15450,.F.);
#15560 = ORIENTED_EDGE('',*,*,#15433,.F.);
#15561 = ORIENTED_EDGE('',*,*,#14208,.F.);
#15562 = ORIENTED_EDGE('',*,*,#15504,.T.);
#15563 = ORIENTED_EDGE('',*,*,#15564,.T.);
#15564 = EDGE_CURVE('',#15505,#15565,#15567,.T.);
#15565 = VERTEX_POINT('',#15566);
#15566 = CARTESIAN_POINT('',(129.3,84.,133.4));
#15567 = CIRCLE('',#15568,0.3);
#15568 = AXIS2_PLACEMENT_3D('',#15569,#15570,#15571);
#15569 = CARTESIAN_POINT('',(129.,84.,133.4));
#15570 = DIRECTION('',(0.,-1.,0.));
#15571 = DIRECTION('',(1.,0.,0.));
#15572 = ORIENTED_EDGE('',*,*,#15573,.T.);
#15573 = EDGE_CURVE('',#15565,#15574,#15576,.T.);
#15574 = VERTEX_POINT('',#15575);
#15575 = CARTESIAN_POINT('',(129.3,84.,139.4));
#15576 = LINE('',#15577,#15578);
#15577 = CARTESIAN_POINT('',(129.3,84.,133.1));
#15578 = VECTOR('',#15579,1.);
#15579 = DIRECTION('',(0.,0.,1.));
#15580 = ORIENTED_EDGE('',*,*,#15581,.F.);
#15581 = EDGE_CURVE('',#15582,#15574,#15584,.T.);
#15582 = VERTEX_POINT('',#15583);
#15583 = CARTESIAN_POINT('',(129.,84.,139.7));
#15584 = CIRCLE('',#15585,0.3);
#15585 = AXIS2_PLACEMENT_3D('',#15586,#15587,#15588);
#15586 = CARTESIAN_POINT('',(129.,84.,139.4));
#15587 = DIRECTION('',(-0.,1.,0.));
#15588 = DIRECTION('',(1.,0.,0.));
#15589 = ORIENTED_EDGE('',*,*,#15590,.F.);
#15590 = EDGE_CURVE('',#15535,#15582,#15591,.T.);
#15591 = LINE('',#15592,#15593);
#15592 = CARTESIAN_POINT('',(125.7,84.,139.7));
#15593 = VECTOR('',#15594,1.);
#15594 = DIRECTION('',(1.,0.,0.));
#15595 = PLANE('',#15596);
#15596 = AXIS2_PLACEMENT_3D('',#15597,#15598,#15599);
#15597 = CARTESIAN_POINT('',(126.,84.,126.));
#15598 = DIRECTION('',(0.,1.,0.));
#15599 = DIRECTION('',(0.,0.,1.));
#15600 = ADVANCED_FACE('',(#15601),#15628,.T.);
#15601 = FACE_BOUND('',#15602,.T.);
#15602 = EDGE_LOOP('',(#15603,#15613,#15619,#15620,#15621,#15622));
#15603 = ORIENTED_EDGE('',*,*,#15604,.F.);
#15604 = EDGE_CURVE('',#15605,#15607,#15609,.T.);
#15605 = VERTEX_POINT('',#15606);
#15606 = CARTESIAN_POINT('',(13.,84.,133.1));
#15607 = VERTEX_POINT('',#15608);
#15608 = CARTESIAN_POINT('',(13.,100.,133.1));
#15609 = LINE('',#15610,#15611);
#15610 = CARTESIAN_POINT('',(13.,83.7,133.1));
#15611 = VECTOR('',#15612,1.);
#15612 = DIRECTION('',(0.,1.,0.));
#15613 = ORIENTED_EDGE('',*,*,#15614,.T.);
#15614 = EDGE_CURVE('',#15605,#14372,#15615,.T.);
#15615 = LINE('',#15616,#15617);
#15616 = CARTESIAN_POINT('',(12.7,84.,133.1));
#15617 = VECTOR('',#15618,1.);
#15618 = DIRECTION('',(1.,0.,0.));
#15619 = ORIENTED_EDGE('',*,*,#14371,.T.);
#15620 = ORIENTED_EDGE('',*,*,#14308,.F.);
#15621 = ORIENTED_EDGE('',*,*,#14721,.T.);
#15622 = ORIENTED_EDGE('',*,*,#15623,.F.);
#15623 = EDGE_CURVE('',#15607,#14714,#15624,.T.);
#15624 = LINE('',#15625,#15626);
#15625 = CARTESIAN_POINT('',(12.7,100.,133.1));
#15626 = VECTOR('',#15627,1.);
#15627 = DIRECTION('',(1.,0.,0.));
#15628 = PLANE('',#15629);
#15629 = AXIS2_PLACEMENT_3D('',#15630,#15631,#15632);
#15630 = CARTESIAN_POINT('',(12.7,83.7,133.1));
#15631 = DIRECTION('',(0.,0.,1.));
#15632 = DIRECTION('',(1.,0.,0.));
#15633 = ADVANCED_FACE('',(#15634),#15698,.F.);
#15634 = FACE_BOUND('',#15635,.F.);
#15635 = EDGE_LOOP('',(#15636,#15637,#15638,#15639,#15647,#15655,#15663,
    #15671,#15680,#15688,#15695,#15696,#15697));
#15636 = ORIENTED_EDGE('',*,*,#14455,.T.);
#15637 = ORIENTED_EDGE('',*,*,#14489,.F.);
#15638 = ORIENTED_EDGE('',*,*,#14584,.F.);
#15639 = ORIENTED_EDGE('',*,*,#15640,.T.);
#15640 = EDGE_CURVE('',#14577,#15641,#15643,.T.);
#15641 = VERTEX_POINT('',#15642);
#15642 = CARTESIAN_POINT('',(0.,84.,179.));
#15643 = LINE('',#15644,#15645);
#15644 = CARTESIAN_POINT('',(0.,84.,126.));
#15645 = VECTOR('',#15646,1.);
#15646 = DIRECTION('',(0.,0.,1.));
#15647 = ORIENTED_EDGE('',*,*,#15648,.T.);
#15648 = EDGE_CURVE('',#15641,#15649,#15651,.T.);
#15649 = VERTEX_POINT('',#15650);
#15650 = CARTESIAN_POINT('',(16.,84.,179.));
#15651 = LINE('',#15652,#15653);
#15652 = CARTESIAN_POINT('',(0.,84.,179.));
#15653 = VECTOR('',#15654,1.);
#15654 = DIRECTION('',(1.,0.,0.));
#15655 = ORIENTED_EDGE('',*,*,#15656,.F.);
#15656 = EDGE_CURVE('',#15657,#15649,#15659,.T.);
#15657 = VERTEX_POINT('',#15658);
#15658 = CARTESIAN_POINT('',(16.,84.,139.7));
#15659 = LINE('',#15660,#15661);
#15660 = CARTESIAN_POINT('',(16.,84.,126.));
#15661 = VECTOR('',#15662,1.);
#15662 = DIRECTION('',(0.,0.,1.));
#15663 = ORIENTED_EDGE('',*,*,#15664,.F.);
#15664 = EDGE_CURVE('',#15665,#15657,#15667,.T.);
#15665 = VERTEX_POINT('',#15666);
#15666 = CARTESIAN_POINT('',(13.,84.,139.7));
#15667 = LINE('',#15668,#15669);
#15668 = CARTESIAN_POINT('',(12.7,84.,139.7));
#15669 = VECTOR('',#15670,1.);
#15670 = DIRECTION('',(1.,0.,0.));
#15671 = ORIENTED_EDGE('',*,*,#15672,.T.);
#15672 = EDGE_CURVE('',#15665,#15673,#15675,.T.);
#15673 = VERTEX_POINT('',#15674);
#15674 = CARTESIAN_POINT('',(12.7,84.,139.4));
#15675 = CIRCLE('',#15676,0.3);
#15676 = AXIS2_PLACEMENT_3D('',#15677,#15678,#15679);
#15677 = CARTESIAN_POINT('',(13.,84.,139.4));
#15678 = DIRECTION('',(0.,-1.,0.));
#15679 = DIRECTION('',(-1.,0.,0.));
#15680 = ORIENTED_EDGE('',*,*,#15681,.F.);
#15681 = EDGE_CURVE('',#15682,#15673,#15684,.T.);
#15682 = VERTEX_POINT('',#15683);
#15683 = CARTESIAN_POINT('',(12.7,84.,133.4));
#15684 = LINE('',#15685,#15686);
#15685 = CARTESIAN_POINT('',(12.7,84.,133.1));
#15686 = VECTOR('',#15687,1.);
#15687 = DIRECTION('',(0.,0.,1.));
#15688 = ORIENTED_EDGE('',*,*,#15689,.F.);
#15689 = EDGE_CURVE('',#15605,#15682,#15690,.T.);
#15690 = CIRCLE('',#15691,0.3);
#15691 = AXIS2_PLACEMENT_3D('',#15692,#15693,#15694);
#15692 = CARTESIAN_POINT('',(13.,84.,133.4));
#15693 = DIRECTION('',(0.,1.,-0.));
#15694 = DIRECTION('',(-1.,0.,0.));
#15695 = ORIENTED_EDGE('',*,*,#15614,.T.);
#15696 = ORIENTED_EDGE('',*,*,#14379,.T.);
#15697 = ORIENTED_EDGE('',*,*,#14472,.F.);
#15698 = PLANE('',#15699);
#15699 = AXIS2_PLACEMENT_3D('',#15700,#15701,#15702);
#15700 = CARTESIAN_POINT('',(0.,84.,126.));
#15701 = DIRECTION('',(0.,1.,0.));
#15702 = DIRECTION('',(0.,0.,1.));
#15703 = ADVANCED_FACE('',(#15704),#15707,.T.);
#15704 = FACE_BOUND('',#15705,.T.);
#15705 = EDGE_LOOP('',(#15706));
#15706 = ORIENTED_EDGE('',*,*,#14423,.T.);
#15707 = PLANE('',#15708);
#15708 = AXIS2_PLACEMENT_3D('',#15709,#15710,#15711);
#15709 = CARTESIAN_POINT('',(8.,8.,185.5));
#15710 = DIRECTION('',(0.,0.,1.));
#15711 = DIRECTION('',(1.,0.,0.));
#15712 = ADVANCED_FACE('',(#15713),#15740,.T.);
#15713 = FACE_BOUND('',#15714,.F.);
#15714 = EDGE_LOOP('',(#15715,#15724,#15732,#15739));
#15715 = ORIENTED_EDGE('',*,*,#15716,.T.);
#15716 = EDGE_CURVE('',#14513,#15717,#15719,.T.);
#15717 = VERTEX_POINT('',#15718);
#15718 = CARTESIAN_POINT('',(132.,1.,120.));
#15719 = CIRCLE('',#15720,1.);
#15720 = AXIS2_PLACEMENT_3D('',#15721,#15722,#15723);
#15721 = CARTESIAN_POINT('',(132.,1.,121.));
#15722 = DIRECTION('',(1.,6.E-17,0.));
#15723 = DIRECTION('',(6.E-17,-1.,0.));
#15724 = ORIENTED_EDGE('',*,*,#15725,.T.);
#15725 = EDGE_CURVE('',#15717,#15726,#15728,.T.);
#15726 = VERTEX_POINT('',#15727);
#15727 = CARTESIAN_POINT('',(10.,1.,120.));
#15728 = LINE('',#15729,#15730);
#15729 = CARTESIAN_POINT('',(132.,1.,120.));
#15730 = VECTOR('',#15731,1.);
#15731 = DIRECTION('',(-1.,-0.,-0.));
#15732 = ORIENTED_EDGE('',*,*,#15733,.F.);
#15733 = EDGE_CURVE('',#14504,#15726,#15734,.T.);
#15734 = CIRCLE('',#15735,1.);
#15735 = AXIS2_PLACEMENT_3D('',#15736,#15737,#15738);
#15736 = CARTESIAN_POINT('',(10.,1.,121.));
#15737 = DIRECTION('',(1.,0.,0.));
#15738 = DIRECTION('',(0.,-1.,0.));
#15739 = ORIENTED_EDGE('',*,*,#14520,.F.);
#15740 = CYLINDRICAL_SURFACE('',#15741,1.);
#15741 = AXIS2_PLACEMENT_3D('',#15742,#15743,#15744);
#15742 = CARTESIAN_POINT('',(132.,1.,121.));
#15743 = DIRECTION('',(-1.,-0.,-0.));
#15744 = DIRECTION('',(0.,-1.,0.));
#15745 = ADVANCED_FACE('',(#15746),#15773,.T.);
#15746 = FACE_BOUND('',#15747,.F.);
#15747 = EDGE_LOOP('',(#15748,#15757,#15765,#15772));
#15748 = ORIENTED_EDGE('',*,*,#15749,.T.);
#15749 = EDGE_CURVE('',#14535,#15750,#15752,.T.);
#15750 = VERTEX_POINT('',#15751);
#15751 = CARTESIAN_POINT('',(1.,10.,120.));
#15752 = CIRCLE('',#15753,1.);
#15753 = AXIS2_PLACEMENT_3D('',#15754,#15755,#15756);
#15754 = CARTESIAN_POINT('',(1.,10.,121.));
#15755 = DIRECTION('',(-0.,-1.,-0.));
#15756 = DIRECTION('',(-1.,0.,0.));
#15757 = ORIENTED_EDGE('',*,*,#15758,.T.);
#15758 = EDGE_CURVE('',#15750,#15759,#15761,.T.);
#15759 = VERTEX_POINT('',#15760);
#15760 = CARTESIAN_POINT('',(1.,90.,120.));
#15761 = LINE('',#15762,#15763);
#15762 = CARTESIAN_POINT('',(1.,10.,120.));
#15763 = VECTOR('',#15764,1.);
#15764 = DIRECTION('',(0.,1.,0.));
#15765 = ORIENTED_EDGE('',*,*,#15766,.F.);
#15766 = EDGE_CURVE('',#14543,#15759,#15767,.T.);
#15767 = CIRCLE('',#15768,1.);
#15768 = AXIS2_PLACEMENT_3D('',#15769,#15770,#15771);
#15769 = CARTESIAN_POINT('',(1.,90.,121.));
#15770 = DIRECTION('',(-0.,-1.,-0.));
#15771 = DIRECTION('',(-1.,0.,0.));
#15772 = ORIENTED_EDGE('',*,*,#14542,.F.);
#15773 = CYLINDRICAL_SURFACE('',#15774,1.);
#15774 = AXIS2_PLACEMENT_3D('',#15775,#15776,#15777);
#15775 = CARTESIAN_POINT('',(1.,10.,121.));
#15776 = DIRECTION('',(0.,1.,0.));
#15777 = DIRECTION('',(-1.,0.,0.));
#15778 = ADVANCED_FACE('',(#15779),#15798,.T.);
#15779 = FACE_BOUND('',#15780,.F.);
#15780 = EDGE_LOOP('',(#15781,#15782,#15791,#15797));
#15781 = ORIENTED_EDGE('',*,*,#14550,.F.);
#15782 = ORIENTED_EDGE('',*,*,#15783,.T.);
#15783 = EDGE_CURVE('',#14543,#15784,#15786,.T.);
#15784 = VERTEX_POINT('',#15785);
#15785 = CARTESIAN_POINT('',(10.,100.,121.));
#15786 = CIRCLE('',#15787,10.);
#15787 = AXIS2_PLACEMENT_3D('',#15788,#15789,#15790);
#15788 = CARTESIAN_POINT('',(10.,90.,121.));
#15789 = DIRECTION('',(0.,0.,-1.));
#15790 = DIRECTION('',(-1.,0.,0.));
#15791 = ORIENTED_EDGE('',*,*,#15792,.T.);
#15792 = EDGE_CURVE('',#15784,#14632,#15793,.T.);
#15793 = LINE('',#15794,#15795);
#15794 = CARTESIAN_POINT('',(10.,100.,120.));
#15795 = VECTOR('',#15796,1.);
#15796 = DIRECTION('',(0.,0.,1.));
#15797 = ORIENTED_EDGE('',*,*,#14631,.F.);
#15798 = CYLINDRICAL_SURFACE('',#15799,10.);
#15799 = AXIS2_PLACEMENT_3D('',#15800,#15801,#15802);
#15800 = CARTESIAN_POINT('',(10.,90.,120.));
#15801 = DIRECTION('',(0.,0.,1.));
#15802 = DIRECTION('',(-1.,0.,0.));
#15803 = ADVANCED_FACE('',(#15804),#15830,.T.);
#15804 = FACE_BOUND('',#15805,.F.);
#15805 = EDGE_LOOP('',(#15806,#15814,#15815,#15823));
#15806 = ORIENTED_EDGE('',*,*,#15807,.F.);
#15807 = EDGE_CURVE('',#14566,#15808,#15810,.T.);
#15808 = VERTEX_POINT('',#15809);
#15809 = CARTESIAN_POINT('',(0.,90.,179.));
#15810 = LINE('',#15811,#15812);
#15811 = CARTESIAN_POINT('',(-1.78E-15,90.,126.));
#15812 = VECTOR('',#15813,1.);
#15813 = DIRECTION('',(0.,0.,1.));
#15814 = ORIENTED_EDGE('',*,*,#14565,.T.);
#15815 = ORIENTED_EDGE('',*,*,#15816,.T.);
#15816 = EDGE_CURVE('',#14568,#15817,#15819,.T.);
#15817 = VERTEX_POINT('',#15818);
#15818 = CARTESIAN_POINT('',(10.,100.,179.));
#15819 = LINE('',#15820,#15821);
#15820 = CARTESIAN_POINT('',(10.,100.,126.));
#15821 = VECTOR('',#15822,1.);
#15822 = DIRECTION('',(0.,0.,1.));
#15823 = ORIENTED_EDGE('',*,*,#15824,.F.);
#15824 = EDGE_CURVE('',#15808,#15817,#15825,.T.);
#15825 = CIRCLE('',#15826,10.);
#15826 = AXIS2_PLACEMENT_3D('',#15827,#15828,#15829);
#15827 = CARTESIAN_POINT('',(10.,90.,179.));
#15828 = DIRECTION('',(0.,0.,-1.));
#15829 = DIRECTION('',(-1.,0.,0.));
#15830 = CYLINDRICAL_SURFACE('',#15831,10.);
#15831 = AXIS2_PLACEMENT_3D('',#15832,#15833,#15834);
#15832 = CARTESIAN_POINT('',(10.,90.,126.));
#15833 = DIRECTION('',(0.,0.,1.));
#15834 = DIRECTION('',(-1.,0.,0.));
#15835 = ADVANCED_FACE('',(#15836),#15890,.T.);
#15836 = FACE_BOUND('',#15837,.T.);
#15837 = EDGE_LOOP('',(#15838,#15839,#15847,#15855,#15863,#15872,#15880,
    #15887,#15888,#15889));
#15838 = ORIENTED_EDGE('',*,*,#15816,.T.);
#15839 = ORIENTED_EDGE('',*,*,#15840,.T.);
#15840 = EDGE_CURVE('',#15817,#15841,#15843,.T.);
#15841 = VERTEX_POINT('',#15842);
#15842 = CARTESIAN_POINT('',(16.,100.,179.));
#15843 = LINE('',#15844,#15845);
#15844 = CARTESIAN_POINT('',(10.,100.,179.));
#15845 = VECTOR('',#15846,1.);
#15846 = DIRECTION('',(1.,0.,0.));
#15847 = ORIENTED_EDGE('',*,*,#15848,.F.);
#15848 = EDGE_CURVE('',#15849,#15841,#15851,.T.);
#15849 = VERTEX_POINT('',#15850);
#15850 = CARTESIAN_POINT('',(16.,100.,139.7));
#15851 = LINE('',#15852,#15853);
#15852 = CARTESIAN_POINT('',(16.,100.,126.));
#15853 = VECTOR('',#15854,1.);
#15854 = DIRECTION('',(0.,0.,1.));
#15855 = ORIENTED_EDGE('',*,*,#15856,.F.);
#15856 = EDGE_CURVE('',#15857,#15849,#15859,.T.);
#15857 = VERTEX_POINT('',#15858);
#15858 = CARTESIAN_POINT('',(13.,100.,139.7));
#15859 = LINE('',#15860,#15861);
#15860 = CARTESIAN_POINT('',(12.7,100.,139.7));
#15861 = VECTOR('',#15862,1.);
#15862 = DIRECTION('',(1.,0.,0.));
#15863 = ORIENTED_EDGE('',*,*,#15864,.F.);
#15864 = EDGE_CURVE('',#15865,#15857,#15867,.T.);
#15865 = VERTEX_POINT('',#15866);
#15866 = CARTESIAN_POINT('',(12.7,100.,139.4));
#15867 = CIRCLE('',#15868,0.3);
#15868 = AXIS2_PLACEMENT_3D('',#15869,#15870,#15871);
#15869 = CARTESIAN_POINT('',(13.,100.,139.4));
#15870 = DIRECTION('',(0.,1.,-0.));
#15871 = DIRECTION('',(-1.,0.,0.));
#15872 = ORIENTED_EDGE('',*,*,#15873,.F.);
#15873 = EDGE_CURVE('',#15874,#15865,#15876,.T.);
#15874 = VERTEX_POINT('',#15875);
#15875 = CARTESIAN_POINT('',(12.7,100.,133.4));
#15876 = LINE('',#15877,#15878);
#15877 = CARTESIAN_POINT('',(12.7,100.,133.1));
#15878 = VECTOR('',#15879,1.);
#15879 = DIRECTION('',(0.,0.,1.));
#15880 = ORIENTED_EDGE('',*,*,#15881,.F.);
#15881 = EDGE_CURVE('',#15607,#15874,#15882,.T.);
#15882 = CIRCLE('',#15883,0.3);
#15883 = AXIS2_PLACEMENT_3D('',#15884,#15885,#15886);
#15884 = CARTESIAN_POINT('',(13.,100.,133.4));
#15885 = DIRECTION('',(0.,1.,-0.));
#15886 = DIRECTION('',(-1.,0.,0.));
#15887 = ORIENTED_EDGE('',*,*,#15623,.T.);
#15888 = ORIENTED_EDGE('',*,*,#14713,.F.);
#15889 = ORIENTED_EDGE('',*,*,#14616,.F.);
#15890 = PLANE('',#15891);
#15891 = AXIS2_PLACEMENT_3D('',#15892,#15893,#15894);
#15892 = CARTESIAN_POINT('',(0.,100.,126.));
#15893 = DIRECTION('',(0.,1.,0.));
#15894 = DIRECTION('',(0.,0.,1.));
#15895 = ADVANCED_FACE('',(#15896),#15907,.F.);
#15896 = FACE_BOUND('',#15897,.F.);
#15897 = EDGE_LOOP('',(#15898,#15899,#15905,#15906));
#15898 = ORIENTED_EDGE('',*,*,#15807,.T.);
#15899 = ORIENTED_EDGE('',*,*,#15900,.F.);
#15900 = EDGE_CURVE('',#15641,#15808,#15901,.T.);
#15901 = LINE('',#15902,#15903);
#15902 = CARTESIAN_POINT('',(-2.2E-16,84.,179.));
#15903 = VECTOR('',#15904,1.);
#15904 = DIRECTION('',(0.,1.,0.));
#15905 = ORIENTED_EDGE('',*,*,#15640,.F.);
#15906 = ORIENTED_EDGE('',*,*,#14576,.T.);
#15907 = PLANE('',#15908);
#15908 = AXIS2_PLACEMENT_3D('',#15909,#15910,#15911);
#15909 = CARTESIAN_POINT('',(0.,84.,126.));
#15910 = DIRECTION('',(1.,0.,0.));
#15911 = DIRECTION('',(0.,0.,1.));
#15912 = ADVANCED_FACE('',(#15913),#15925,.T.);
#15913 = FACE_BOUND('',#15914,.T.);
#15914 = EDGE_LOOP('',(#15915,#15916,#15917,#15918));
#15915 = ORIENTED_EDGE('',*,*,#15733,.F.);
#15916 = ORIENTED_EDGE('',*,*,#14657,.T.);
#15917 = ORIENTED_EDGE('',*,*,#15749,.T.);
#15918 = ORIENTED_EDGE('',*,*,#15919,.F.);
#15919 = EDGE_CURVE('',#15726,#15750,#15920,.T.);
#15920 = CIRCLE('',#15921,9.);
#15921 = AXIS2_PLACEMENT_3D('',#15922,#15923,#15924);
#15922 = CARTESIAN_POINT('',(10.,10.,120.));
#15923 = DIRECTION('',(-0.,0.,-1.));
#15924 = DIRECTION('',(-1.8E-16,-1.,0.));
#15925 = TOROIDAL_SURFACE('',#15926,9.,1.);
#15926 = AXIS2_PLACEMENT_3D('',#15927,#15928,#15929);
#15927 = CARTESIAN_POINT('',(10.,10.,121.));
#15928 = DIRECTION('',(-0.,-0.,-1.));
#15929 = DIRECTION('',(-1.8E-16,-1.,0.));
#15930 = ADVANCED_FACE('',(#15931),#15937,.T.);
#15931 = FACE_BOUND('',#15932,.T.);
#15932 = EDGE_LOOP('',(#15933,#15934,#15935,#15936));
#15933 = ORIENTED_EDGE('',*,*,#14706,.F.);
#15934 = ORIENTED_EDGE('',*,*,#14682,.T.);
#15935 = ORIENTED_EDGE('',*,*,#14738,.T.);
#15936 = ORIENTED_EDGE('',*,*,#14976,.F.);
#15937 = PLANE('',#15938);
#15938 = AXIS2_PLACEMENT_3D('',#15939,#15940,#15941);
#15939 = CARTESIAN_POINT('',(0.,0.,126.));
#15940 = DIRECTION('',(0.,0.,1.));
#15941 = DIRECTION('',(1.,0.,0.));
#15942 = ADVANCED_FACE('',(#15943),#15949,.T.);
#15943 = FACE_BOUND('',#15944,.T.);
#15944 = EDGE_LOOP('',(#15945,#15946,#15947,#15948));
#15945 = ORIENTED_EDGE('',*,*,#14875,.F.);
#15946 = ORIENTED_EDGE('',*,*,#14795,.T.);
#15947 = ORIENTED_EDGE('',*,*,#14827,.T.);
#15948 = ORIENTED_EDGE('',*,*,#14850,.F.);
#15949 = PLANE('',#15950);
#15950 = AXIS2_PLACEMENT_3D('',#15951,#15952,#15953);
#15951 = CARTESIAN_POINT('',(17.5,93.9,121.7));
#15952 = DIRECTION('',(0.,0.,1.));
#15953 = DIRECTION('',(1.,0.,0.));
#15954 = ADVANCED_FACE('',(#15955,#16001,#16007,#16018,#16029,#16040),
  #16051,.F.);
#15955 = FACE_BOUND('',#15956,.T.);
#15956 = EDGE_LOOP('',(#15957,#15958,#15967,#15975,#15984,#15992,#15999,
    #16000));
#15957 = ORIENTED_EDGE('',*,*,#15758,.T.);
#15958 = ORIENTED_EDGE('',*,*,#15959,.T.);
#15959 = EDGE_CURVE('',#15759,#15960,#15962,.T.);
#15960 = VERTEX_POINT('',#15961);
#15961 = CARTESIAN_POINT('',(10.,99.,120.));
#15962 = CIRCLE('',#15963,9.);
#15963 = AXIS2_PLACEMENT_3D('',#15964,#15965,#15966);
#15964 = CARTESIAN_POINT('',(10.,90.,120.));
#15965 = DIRECTION('',(0.,0.,-1.));
#15966 = DIRECTION('',(-1.,0.,0.));
#15967 = ORIENTED_EDGE('',*,*,#15968,.T.);
#15968 = EDGE_CURVE('',#15960,#15969,#15971,.T.);
#15969 = VERTEX_POINT('',#15970);
#15970 = CARTESIAN_POINT('',(132.,99.,120.));
#15971 = LINE('',#15972,#15973);
#15972 = CARTESIAN_POINT('',(10.,99.,120.));
#15973 = VECTOR('',#15974,1.);
#15974 = DIRECTION('',(1.,0.,0.));
#15975 = ORIENTED_EDGE('',*,*,#15976,.T.);
#15976 = EDGE_CURVE('',#15969,#15977,#15979,.T.);
#15977 = VERTEX_POINT('',#15978);
#15978 = CARTESIAN_POINT('',(141.,90.,120.));
#15979 = CIRCLE('',#15980,9.);
#15980 = AXIS2_PLACEMENT_3D('',#15981,#15982,#15983);
#15981 = CARTESIAN_POINT('',(132.,90.,120.));
#15982 = DIRECTION('',(0.,0.,-1.));
#15983 = DIRECTION('',(0.,1.,0.));
#15984 = ORIENTED_EDGE('',*,*,#15985,.T.);
#15985 = EDGE_CURVE('',#15977,#15986,#15988,.T.);
#15986 = VERTEX_POINT('',#15987);
#15987 = CARTESIAN_POINT('',(141.,10.,120.));
#15988 = LINE('',#15989,#15990);
#15989 = CARTESIAN_POINT('',(141.,90.,120.));
#15990 = VECTOR('',#15991,1.);
#15991 = DIRECTION('',(-0.,-1.,-0.));
#15992 = ORIENTED_EDGE('',*,*,#15993,.T.);
#15993 = EDGE_CURVE('',#15986,#15717,#15994,.T.);
#15994 = CIRCLE('',#15995,9.);
#15995 = AXIS2_PLACEMENT_3D('',#15996,#15997,#15998);
#15996 = CARTESIAN_POINT('',(132.,10.,120.));
#15997 = DIRECTION('',(0.,0.,-1.));
#15998 = DIRECTION('',(1.,0.,0.));
#15999 = ORIENTED_EDGE('',*,*,#15725,.T.);
#16000 = ORIENTED_EDGE('',*,*,#15919,.T.);
#16001 = FACE_BOUND('',#16002,.F.);
#16002 = EDGE_LOOP('',(#16003,#16004,#16005,#16006));
#16003 = ORIENTED_EDGE('',*,*,#14958,.T.);
#16004 = ORIENTED_EDGE('',*,*,#14932,.F.);
#16005 = ORIENTED_EDGE('',*,*,#15248,.F.);
#16006 = ORIENTED_EDGE('',*,*,#14899,.T.);
#16007 = FACE_BOUND('',#16008,.F.);
#16008 = EDGE_LOOP('',(#16009));
#16009 = ORIENTED_EDGE('',*,*,#16010,.T.);
#16010 = EDGE_CURVE('',#16011,#16011,#16013,.T.);
#16011 = VERTEX_POINT('',#16012);
#16012 = CARTESIAN_POINT('',(137.9,92.,120.));
#16013 = CIRCLE('',#16014,3.9);
#16014 = AXIS2_PLACEMENT_3D('',#16015,#16016,#16017);
#16015 = CARTESIAN_POINT('',(134.,92.,120.));
#16016 = DIRECTION('',(0.,0.,-1.));
#16017 = DIRECTION('',(1.,0.,0.));
#16018 = FACE_BOUND('',#16019,.F.);
#16019 = EDGE_LOOP('',(#16020));
#16020 = ORIENTED_EDGE('',*,*,#16021,.T.);
#16021 = EDGE_CURVE('',#16022,#16022,#16024,.T.);
#16022 = VERTEX_POINT('',#16023);
#16023 = CARTESIAN_POINT('',(137.9,8.,120.));
#16024 = CIRCLE('',#16025,3.9);
#16025 = AXIS2_PLACEMENT_3D('',#16026,#16027,#16028);
#16026 = CARTESIAN_POINT('',(134.,8.,120.));
#16027 = DIRECTION('',(0.,0.,-1.));
#16028 = DIRECTION('',(1.,0.,0.));
#16029 = FACE_BOUND('',#16030,.F.);
#16030 = EDGE_LOOP('',(#16031));
#16031 = ORIENTED_EDGE('',*,*,#16032,.T.);
#16032 = EDGE_CURVE('',#16033,#16033,#16035,.T.);
#16033 = VERTEX_POINT('',#16034);
#16034 = CARTESIAN_POINT('',(11.9,92.,120.));
#16035 = CIRCLE('',#16036,3.9);
#16036 = AXIS2_PLACEMENT_3D('',#16037,#16038,#16039);
#16037 = CARTESIAN_POINT('',(8.,92.,120.));
#16038 = DIRECTION('',(0.,0.,-1.));
#16039 = DIRECTION('',(1.,0.,0.));
#16040 = FACE_BOUND('',#16041,.F.);
#16041 = EDGE_LOOP('',(#16042));
#16042 = ORIENTED_EDGE('',*,*,#16043,.T.);
#16043 = EDGE_CURVE('',#16044,#16044,#16046,.T.);
#16044 = VERTEX_POINT('',#16045);
#16045 = CARTESIAN_POINT('',(11.9,8.,120.));
#16046 = CIRCLE('',#16047,3.9);
#16047 = AXIS2_PLACEMENT_3D('',#16048,#16049,#16050);
#16048 = CARTESIAN_POINT('',(8.,8.,120.));
#16049 = DIRECTION('',(0.,0.,-1.));
#16050 = DIRECTION('',(1.,0.,0.));
#16051 = PLANE('',#16052);
#16052 = AXIS2_PLACEMENT_3D('',#16053,#16054,#16055);
#16053 = CARTESIAN_POINT('',(0.,0.,120.));
#16054 = DIRECTION('',(0.,0.,1.));
#16055 = DIRECTION('',(1.,0.,0.));
#16056 = ADVANCED_FACE('',(#16057),#16075,.T.);
#16057 = FACE_BOUND('',#16058,.T.);
#16058 = EDGE_LOOP('',(#16059,#16060,#16061,#16069));
#16059 = ORIENTED_EDGE('',*,*,#15792,.T.);
#16060 = ORIENTED_EDGE('',*,*,#15017,.T.);
#16061 = ORIENTED_EDGE('',*,*,#16062,.F.);
#16062 = EDGE_CURVE('',#16063,#15009,#16065,.T.);
#16063 = VERTEX_POINT('',#16064);
#16064 = CARTESIAN_POINT('',(132.,100.,121.));
#16065 = LINE('',#16066,#16067);
#16066 = CARTESIAN_POINT('',(132.,100.,120.));
#16067 = VECTOR('',#16068,1.);
#16068 = DIRECTION('',(0.,0.,1.));
#16069 = ORIENTED_EDGE('',*,*,#16070,.F.);
#16070 = EDGE_CURVE('',#15784,#16063,#16071,.T.);
#16071 = LINE('',#16072,#16073);
#16072 = CARTESIAN_POINT('',(10.,100.,121.));
#16073 = VECTOR('',#16074,1.);
#16074 = DIRECTION('',(1.,0.,0.));
#16075 = PLANE('',#16076);
#16076 = AXIS2_PLACEMENT_3D('',#16077,#16078,#16079);
#16077 = CARTESIAN_POINT('',(0.,100.,120.));
#16078 = DIRECTION('',(0.,1.,0.));
#16079 = DIRECTION('',(0.,0.,1.));
#16080 = ADVANCED_FACE('',(#16081),#16087,.T.);
#16081 = FACE_BOUND('',#16082,.T.);
#16082 = EDGE_LOOP('',(#16083,#16084,#16085,#16086));
#16083 = ORIENTED_EDGE('',*,*,#14992,.F.);
#16084 = ORIENTED_EDGE('',*,*,#15119,.F.);
#16085 = ORIENTED_EDGE('',*,*,#15135,.T.);
#16086 = ORIENTED_EDGE('',*,*,#15065,.T.);
#16087 = PLANE('',#16088);
#16088 = AXIS2_PLACEMENT_3D('',#16089,#16090,#16091);
#16089 = CARTESIAN_POINT('',(0.,0.,126.));
#16090 = DIRECTION('',(0.,0.,1.));
#16091 = DIRECTION('',(1.,0.,0.));
#16092 = ADVANCED_FACE('',(#16093),#16154,.T.);
#16093 = FACE_BOUND('',#16094,.T.);
#16094 = EDGE_LOOP('',(#16095,#16105,#16111,#16112,#16113,#16114,#16123,
    #16131,#16140,#16148));
#16095 = ORIENTED_EDGE('',*,*,#16096,.F.);
#16096 = EDGE_CURVE('',#16097,#16099,#16101,.T.);
#16097 = VERTEX_POINT('',#16098);
#16098 = CARTESIAN_POINT('',(132.,100.,179.));
#16099 = VERTEX_POINT('',#16100);
#16100 = CARTESIAN_POINT('',(126.,100.,179.));
#16101 = LINE('',#16102,#16103);
#16102 = CARTESIAN_POINT('',(132.,100.,179.));
#16103 = VECTOR('',#16104,1.);
#16104 = DIRECTION('',(-1.,-0.,-0.));
#16105 = ORIENTED_EDGE('',*,*,#16106,.F.);
#16106 = EDGE_CURVE('',#15341,#16097,#16107,.T.);
#16107 = LINE('',#16108,#16109);
#16108 = CARTESIAN_POINT('',(132.,100.,126.));
#16109 = VECTOR('',#16110,1.);
#16110 = DIRECTION('',(0.,0.,1.));
#16111 = ORIENTED_EDGE('',*,*,#15349,.F.);
#16112 = ORIENTED_EDGE('',*,*,#15089,.T.);
#16113 = ORIENTED_EDGE('',*,*,#15520,.T.);
#16114 = ORIENTED_EDGE('',*,*,#16115,.T.);
#16115 = EDGE_CURVE('',#15513,#16116,#16118,.T.);
#16116 = VERTEX_POINT('',#16117);
#16117 = CARTESIAN_POINT('',(129.3,100.,133.4));
#16118 = CIRCLE('',#16119,0.3);
#16119 = AXIS2_PLACEMENT_3D('',#16120,#16121,#16122);
#16120 = CARTESIAN_POINT('',(129.,100.,133.4));
#16121 = DIRECTION('',(0.,-1.,0.));
#16122 = DIRECTION('',(1.,0.,0.));
#16123 = ORIENTED_EDGE('',*,*,#16124,.T.);
#16124 = EDGE_CURVE('',#16116,#16125,#16127,.T.);
#16125 = VERTEX_POINT('',#16126);
#16126 = CARTESIAN_POINT('',(129.3,100.,139.4));
#16127 = LINE('',#16128,#16129);
#16128 = CARTESIAN_POINT('',(129.3,100.,133.1));
#16129 = VECTOR('',#16130,1.);
#16130 = DIRECTION('',(0.,0.,1.));
#16131 = ORIENTED_EDGE('',*,*,#16132,.T.);
#16132 = EDGE_CURVE('',#16125,#16133,#16135,.T.);
#16133 = VERTEX_POINT('',#16134);
#16134 = CARTESIAN_POINT('',(129.,100.,139.7));
#16135 = CIRCLE('',#16136,0.3);
#16136 = AXIS2_PLACEMENT_3D('',#16137,#16138,#16139);
#16137 = CARTESIAN_POINT('',(129.,100.,139.4));
#16138 = DIRECTION('',(0.,-1.,0.));
#16139 = DIRECTION('',(1.,0.,0.));
#16140 = ORIENTED_EDGE('',*,*,#16141,.F.);
#16141 = EDGE_CURVE('',#16142,#16133,#16144,.T.);
#16142 = VERTEX_POINT('',#16143);
#16143 = CARTESIAN_POINT('',(126.,100.,139.7));
#16144 = LINE('',#16145,#16146);
#16145 = CARTESIAN_POINT('',(125.7,100.,139.7));
#16146 = VECTOR('',#16147,1.);
#16147 = DIRECTION('',(1.,0.,0.));
#16148 = ORIENTED_EDGE('',*,*,#16149,.T.);
#16149 = EDGE_CURVE('',#16142,#16099,#16150,.T.);
#16150 = LINE('',#16151,#16152);
#16151 = CARTESIAN_POINT('',(126.,100.,126.));
#16152 = VECTOR('',#16153,1.);
#16153 = DIRECTION('',(0.,0.,1.));
#16154 = PLANE('',#16155);
#16155 = AXIS2_PLACEMENT_3D('',#16156,#16157,#16158);
#16156 = CARTESIAN_POINT('',(126.,100.,126.));
#16157 = DIRECTION('',(0.,1.,0.));
#16158 = DIRECTION('',(0.,0.,1.));
#16159 = ADVANCED_FACE('',(#16160),#16166,.T.);
#16160 = FACE_BOUND('',#16161,.T.);
#16161 = EDGE_LOOP('',(#16162,#16163,#16164,#16165));
#16162 = ORIENTED_EDGE('',*,*,#15232,.F.);
#16163 = ORIENTED_EDGE('',*,*,#15152,.T.);
#16164 = ORIENTED_EDGE('',*,*,#15184,.T.);
#16165 = ORIENTED_EDGE('',*,*,#15207,.F.);
#16166 = PLANE('',#16167);
#16167 = AXIS2_PLACEMENT_3D('',#16168,#16169,#16170);
#16168 = CARTESIAN_POINT('',(120.9,93.9,121.7));
#16169 = DIRECTION('',(0.,0.,1.));
#16170 = DIRECTION('',(1.,0.,0.));
#16171 = ADVANCED_FACE('',(#16172),#16184,.T.);
#16172 = FACE_BOUND('',#16173,.T.);
#16173 = EDGE_LOOP('',(#16174,#16181,#16182,#16183));
#16174 = ORIENTED_EDGE('',*,*,#16175,.F.);
#16175 = EDGE_CURVE('',#15266,#15986,#16176,.T.);
#16176 = CIRCLE('',#16177,1.);
#16177 = AXIS2_PLACEMENT_3D('',#16178,#16179,#16180);
#16178 = CARTESIAN_POINT('',(141.,10.,121.));
#16179 = DIRECTION('',(-0.,1.,0.));
#16180 = DIRECTION('',(1.,0.,0.));
#16181 = ORIENTED_EDGE('',*,*,#15273,.T.);
#16182 = ORIENTED_EDGE('',*,*,#15716,.T.);
#16183 = ORIENTED_EDGE('',*,*,#15993,.F.);
#16184 = TOROIDAL_SURFACE('',#16185,9.,1.);
#16185 = AXIS2_PLACEMENT_3D('',#16186,#16187,#16188);
#16186 = CARTESIAN_POINT('',(132.,10.,121.));
#16187 = DIRECTION('',(-0.,-0.,-1.));
#16188 = DIRECTION('',(1.,0.,0.));
#16189 = ADVANCED_FACE('',(#16190),#16202,.T.);
#16190 = FACE_BOUND('',#16191,.T.);
#16191 = EDGE_LOOP('',(#16192,#16193,#16200,#16201));
#16192 = ORIENTED_EDGE('',*,*,#15323,.F.);
#16193 = ORIENTED_EDGE('',*,*,#16194,.F.);
#16194 = EDGE_CURVE('',#16063,#15316,#16195,.T.);
#16195 = CIRCLE('',#16196,10.);
#16196 = AXIS2_PLACEMENT_3D('',#16197,#16198,#16199);
#16197 = CARTESIAN_POINT('',(132.,90.,121.));
#16198 = DIRECTION('',(0.,0.,-1.));
#16199 = DIRECTION('',(0.,1.,0.));
#16200 = ORIENTED_EDGE('',*,*,#16062,.T.);
#16201 = ORIENTED_EDGE('',*,*,#15291,.T.);
#16202 = CYLINDRICAL_SURFACE('',#16203,10.);
#16203 = AXIS2_PLACEMENT_3D('',#16204,#16205,#16206);
#16204 = CARTESIAN_POINT('',(132.,90.,120.));
#16205 = DIRECTION('',(0.,0.,1.));
#16206 = DIRECTION('',(1.,0.,0.));
#16207 = ADVANCED_FACE('',(#16208),#16220,.T.);
#16208 = FACE_BOUND('',#16209,.F.);
#16209 = EDGE_LOOP('',(#16210,#16217,#16218,#16219));
#16210 = ORIENTED_EDGE('',*,*,#16211,.T.);
#16211 = EDGE_CURVE('',#15316,#15977,#16212,.T.);
#16212 = CIRCLE('',#16213,1.);
#16213 = AXIS2_PLACEMENT_3D('',#16214,#16215,#16216);
#16214 = CARTESIAN_POINT('',(141.,90.,121.));
#16215 = DIRECTION('',(-6.E-17,1.,0.));
#16216 = DIRECTION('',(1.,6.E-17,0.));
#16217 = ORIENTED_EDGE('',*,*,#15985,.T.);
#16218 = ORIENTED_EDGE('',*,*,#16175,.F.);
#16219 = ORIENTED_EDGE('',*,*,#15315,.F.);
#16220 = CYLINDRICAL_SURFACE('',#16221,1.);
#16221 = AXIS2_PLACEMENT_3D('',#16222,#16223,#16224);
#16222 = CARTESIAN_POINT('',(141.,90.,121.));
#16223 = DIRECTION('',(-0.,-1.,-0.));
#16224 = DIRECTION('',(1.,0.,0.));
#16225 = ADVANCED_FACE('',(#16226),#16245,.T.);
#16226 = FACE_BOUND('',#16227,.T.);
#16227 = EDGE_LOOP('',(#16228,#16236,#16237,#16238));
#16228 = ORIENTED_EDGE('',*,*,#16229,.F.);
#16229 = EDGE_CURVE('',#15339,#16230,#16232,.T.);
#16230 = VERTEX_POINT('',#16231);
#16231 = CARTESIAN_POINT('',(142.,90.,179.));
#16232 = LINE('',#16233,#16234);
#16233 = CARTESIAN_POINT('',(142.,90.,126.));
#16234 = VECTOR('',#16235,1.);
#16235 = DIRECTION('',(0.,0.,1.));
#16236 = ORIENTED_EDGE('',*,*,#15338,.T.);
#16237 = ORIENTED_EDGE('',*,*,#16106,.T.);
#16238 = ORIENTED_EDGE('',*,*,#16239,.F.);
#16239 = EDGE_CURVE('',#16230,#16097,#16240,.T.);
#16240 = CIRCLE('',#16241,10.);
#16241 = AXIS2_PLACEMENT_3D('',#16242,#16243,#16244);
#16242 = CARTESIAN_POINT('',(132.,90.,179.));
#16243 = DIRECTION('',(0.,0.,1.));
#16244 = DIRECTION('',(1.,0.,0.));
#16245 = CYLINDRICAL_SURFACE('',#16246,10.);
#16246 = AXIS2_PLACEMENT_3D('',#16247,#16248,#16249);
#16247 = CARTESIAN_POINT('',(132.,90.,126.));
#16248 = DIRECTION('',(0.,0.,1.));
#16249 = DIRECTION('',(1.,0.,0.));
#16250 = ADVANCED_FACE('',(#16251),#16262,.T.);
#16251 = FACE_BOUND('',#16252,.T.);
#16252 = EDGE_LOOP('',(#16253,#16254,#16260,#16261));
#16253 = ORIENTED_EDGE('',*,*,#16229,.T.);
#16254 = ORIENTED_EDGE('',*,*,#16255,.F.);
#16255 = EDGE_CURVE('',#15545,#16230,#16256,.T.);
#16256 = LINE('',#16257,#16258);
#16257 = CARTESIAN_POINT('',(142.,84.,179.));
#16258 = VECTOR('',#16259,1.);
#16259 = DIRECTION('',(0.,1.,0.));
#16260 = ORIENTED_EDGE('',*,*,#15552,.F.);
#16261 = ORIENTED_EDGE('',*,*,#15367,.T.);
#16262 = PLANE('',#16263);
#16263 = AXIS2_PLACEMENT_3D('',#16264,#16265,#16266);
#16264 = CARTESIAN_POINT('',(142.,84.,126.));
#16265 = DIRECTION('',(1.,0.,0.));
#16266 = DIRECTION('',(0.,0.,1.));
#16267 = ADVANCED_FACE('',(#16268),#16287,.T.);
#16268 = FACE_BOUND('',#16269,.T.);
#16269 = EDGE_LOOP('',(#16270,#16278,#16279,#16280));
#16270 = ORIENTED_EDGE('',*,*,#16271,.F.);
#16271 = EDGE_CURVE('',#15477,#16272,#16274,.T.);
#16272 = VERTEX_POINT('',#16273);
#16273 = CARTESIAN_POINT('',(136.8,8.,185.5));
#16274 = LINE('',#16275,#16276);
#16275 = CARTESIAN_POINT('',(137.4,8.,184.9));
#16276 = VECTOR('',#16277,1.);
#16277 = DIRECTION('',(-0.707106781187,0.,0.707106781187));
#16278 = ORIENTED_EDGE('',*,*,#15484,.T.);
#16279 = ORIENTED_EDGE('',*,*,#16271,.T.);
#16280 = ORIENTED_EDGE('',*,*,#16281,.F.);
#16281 = EDGE_CURVE('',#16272,#16272,#16282,.T.);
#16282 = CIRCLE('',#16283,2.8);
#16283 = AXIS2_PLACEMENT_3D('',#16284,#16285,#16286);
#16284 = CARTESIAN_POINT('',(134.,8.,185.5));
#16285 = DIRECTION('',(0.,0.,1.));
#16286 = DIRECTION('',(1.,0.,0.));
#16287 = CONICAL_SURFACE('',#16288,3.4,0.785398163397);
#16288 = AXIS2_PLACEMENT_3D('',#16289,#16290,#16291);
#16289 = CARTESIAN_POINT('',(134.,8.,184.9));
#16290 = DIRECTION('',(-0.,-0.,-1.));
#16291 = DIRECTION('',(1.,0.,0.));
#16292 = ADVANCED_FACE('',(#16293),#16304,.F.);
#16293 = FACE_BOUND('',#16294,.F.);
#16294 = EDGE_LOOP('',(#16295,#16296,#16297,#16298));
#16295 = ORIENTED_EDGE('',*,*,#15564,.F.);
#16296 = ORIENTED_EDGE('',*,*,#15512,.T.);
#16297 = ORIENTED_EDGE('',*,*,#16115,.T.);
#16298 = ORIENTED_EDGE('',*,*,#16299,.F.);
#16299 = EDGE_CURVE('',#15565,#16116,#16300,.T.);
#16300 = LINE('',#16301,#16302);
#16301 = CARTESIAN_POINT('',(129.3,83.7,133.4));
#16302 = VECTOR('',#16303,1.);
#16303 = DIRECTION('',(0.,1.,0.));
#16304 = CYLINDRICAL_SURFACE('',#16305,0.3);
#16305 = AXIS2_PLACEMENT_3D('',#16306,#16307,#16308);
#16306 = CARTESIAN_POINT('',(129.,83.7,133.4));
#16307 = DIRECTION('',(0.,1.,0.));
#16308 = DIRECTION('',(1.,0.,0.));
#16309 = ADVANCED_FACE('',(#16310),#16326,.F.);
#16310 = FACE_BOUND('',#16311,.F.);
#16311 = EDGE_LOOP('',(#16312,#16313,#16319,#16320));
#16312 = ORIENTED_EDGE('',*,*,#15534,.F.);
#16313 = ORIENTED_EDGE('',*,*,#16314,.T.);
#16314 = EDGE_CURVE('',#15535,#16142,#16315,.T.);
#16315 = LINE('',#16316,#16317);
#16316 = CARTESIAN_POINT('',(126.,83.7,139.7));
#16317 = VECTOR('',#16318,1.);
#16318 = DIRECTION('',(0.,1.,0.));
#16319 = ORIENTED_EDGE('',*,*,#16149,.T.);
#16320 = ORIENTED_EDGE('',*,*,#16321,.F.);
#16321 = EDGE_CURVE('',#15537,#16099,#16322,.T.);
#16322 = LINE('',#16323,#16324);
#16323 = CARTESIAN_POINT('',(126.,84.,179.));
#16324 = VECTOR('',#16325,1.);
#16325 = DIRECTION('',(0.,1.,0.));
#16326 = PLANE('',#16327);
#16327 = AXIS2_PLACEMENT_3D('',#16328,#16329,#16330);
#16328 = CARTESIAN_POINT('',(126.,84.,126.));
#16329 = DIRECTION('',(1.,0.,0.));
#16330 = DIRECTION('',(0.,0.,1.));
#16331 = ADVANCED_FACE('',(#16332),#16343,.F.);
#16332 = FACE_BOUND('',#16333,.F.);
#16333 = EDGE_LOOP('',(#16334,#16335,#16336,#16342));
#16334 = ORIENTED_EDGE('',*,*,#16314,.F.);
#16335 = ORIENTED_EDGE('',*,*,#15590,.T.);
#16336 = ORIENTED_EDGE('',*,*,#16337,.T.);
#16337 = EDGE_CURVE('',#15582,#16133,#16338,.T.);
#16338 = LINE('',#16339,#16340);
#16339 = CARTESIAN_POINT('',(129.,83.7,139.7));
#16340 = VECTOR('',#16341,1.);
#16341 = DIRECTION('',(0.,1.,0.));
#16342 = ORIENTED_EDGE('',*,*,#16141,.F.);
#16343 = PLANE('',#16344);
#16344 = AXIS2_PLACEMENT_3D('',#16345,#16346,#16347);
#16345 = CARTESIAN_POINT('',(125.7,83.7,139.7));
#16346 = DIRECTION('',(0.,0.,1.));
#16347 = DIRECTION('',(1.,0.,0.));
#16348 = ADVANCED_FACE('',(#16349),#16360,.F.);
#16349 = FACE_BOUND('',#16350,.T.);
#16350 = EDGE_LOOP('',(#16351,#16352,#16353,#16354));
#16351 = ORIENTED_EDGE('',*,*,#15581,.F.);
#16352 = ORIENTED_EDGE('',*,*,#16337,.T.);
#16353 = ORIENTED_EDGE('',*,*,#16132,.F.);
#16354 = ORIENTED_EDGE('',*,*,#16355,.F.);
#16355 = EDGE_CURVE('',#15574,#16125,#16356,.T.);
#16356 = LINE('',#16357,#16358);
#16357 = CARTESIAN_POINT('',(129.3,83.7,139.4));
#16358 = VECTOR('',#16359,1.);
#16359 = DIRECTION('',(0.,1.,0.));
#16360 = CYLINDRICAL_SURFACE('',#16361,0.3);
#16361 = AXIS2_PLACEMENT_3D('',#16362,#16363,#16364);
#16362 = CARTESIAN_POINT('',(129.,83.7,139.4));
#16363 = DIRECTION('',(0.,1.,0.));
#16364 = DIRECTION('',(1.,0.,0.));
#16365 = ADVANCED_FACE('',(#16366),#16372,.F.);
#16366 = FACE_BOUND('',#16367,.F.);
#16367 = EDGE_LOOP('',(#16368,#16369,#16370,#16371));
#16368 = ORIENTED_EDGE('',*,*,#15573,.F.);
#16369 = ORIENTED_EDGE('',*,*,#16299,.T.);
#16370 = ORIENTED_EDGE('',*,*,#16124,.T.);
#16371 = ORIENTED_EDGE('',*,*,#16355,.F.);
#16372 = PLANE('',#16373);
#16373 = AXIS2_PLACEMENT_3D('',#16374,#16375,#16376);
#16374 = CARTESIAN_POINT('',(129.3,83.7,133.1));
#16375 = DIRECTION('',(1.,0.,0.));
#16376 = DIRECTION('',(0.,0.,1.));
#16377 = ADVANCED_FACE('',(#16378),#16405,.T.);
#16378 = FACE_BOUND('',#16379,.T.);
#16379 = EDGE_LOOP('',(#16380,#16389,#16390,#16399));
#16380 = ORIENTED_EDGE('',*,*,#16381,.T.);
#16381 = EDGE_CURVE('',#16382,#15537,#16384,.T.);
#16382 = VERTEX_POINT('',#16383);
#16383 = CARTESIAN_POINT('',(127.,85.,180.));
#16384 = ELLIPSE('',#16385,1.414213562373,1.);
#16385 = AXIS2_PLACEMENT_3D('',#16386,#16387,#16388);
#16386 = CARTESIAN_POINT('',(127.,85.,179.));
#16387 = DIRECTION('',(0.707106781187,-0.707106781187,0.));
#16388 = DIRECTION('',(0.707106781187,0.707106781187,0.));
#16389 = ORIENTED_EDGE('',*,*,#15544,.T.);
#16390 = ORIENTED_EDGE('',*,*,#16391,.T.);
#16391 = EDGE_CURVE('',#15545,#16392,#16394,.T.);
#16392 = VERTEX_POINT('',#16393);
#16393 = CARTESIAN_POINT('',(141.,85.,180.));
#16394 = ELLIPSE('',#16395,1.414213562373,1.);
#16395 = AXIS2_PLACEMENT_3D('',#16396,#16397,#16398);
#16396 = CARTESIAN_POINT('',(141.,85.,179.));
#16397 = DIRECTION('',(-0.707106781187,-0.707106781187,-0.));
#16398 = DIRECTION('',(-0.707106781187,0.707106781187,0.));
#16399 = ORIENTED_EDGE('',*,*,#16400,.F.);
#16400 = EDGE_CURVE('',#16382,#16392,#16401,.T.);
#16401 = LINE('',#16402,#16403);
#16402 = CARTESIAN_POINT('',(126.,85.,180.));
#16403 = VECTOR('',#16404,1.);
#16404 = DIRECTION('',(1.,0.,0.));
#16405 = CYLINDRICAL_SURFACE('',#16406,1.);
#16406 = AXIS2_PLACEMENT_3D('',#16407,#16408,#16409);
#16407 = CARTESIAN_POINT('',(126.,85.,179.));
#16408 = DIRECTION('',(1.,0.,0.));
#16409 = DIRECTION('',(0.,0.,1.));
#16410 = ADVANCED_FACE('',(#16411),#16422,.F.);
#16411 = FACE_BOUND('',#16412,.T.);
#16412 = EDGE_LOOP('',(#16413,#16414,#16415,#16416));
#16413 = ORIENTED_EDGE('',*,*,#15689,.F.);
#16414 = ORIENTED_EDGE('',*,*,#15604,.T.);
#16415 = ORIENTED_EDGE('',*,*,#15881,.T.);
#16416 = ORIENTED_EDGE('',*,*,#16417,.F.);
#16417 = EDGE_CURVE('',#15682,#15874,#16418,.T.);
#16418 = LINE('',#16419,#16420);
#16419 = CARTESIAN_POINT('',(12.7,83.7,133.4));
#16420 = VECTOR('',#16421,1.);
#16421 = DIRECTION('',(0.,1.,0.));
#16422 = CYLINDRICAL_SURFACE('',#16423,0.3);
#16423 = AXIS2_PLACEMENT_3D('',#16424,#16425,#16426);
#16424 = CARTESIAN_POINT('',(13.,83.7,133.4));
#16425 = DIRECTION('',(0.,1.,0.));
#16426 = DIRECTION('',(-1.,0.,0.));
#16427 = ADVANCED_FACE('',(#16428),#16439,.T.);
#16428 = FACE_BOUND('',#16429,.T.);
#16429 = EDGE_LOOP('',(#16430,#16431,#16432,#16433));
#16430 = ORIENTED_EDGE('',*,*,#15681,.F.);
#16431 = ORIENTED_EDGE('',*,*,#16417,.T.);
#16432 = ORIENTED_EDGE('',*,*,#15873,.T.);
#16433 = ORIENTED_EDGE('',*,*,#16434,.F.);
#16434 = EDGE_CURVE('',#15673,#15865,#16435,.T.);
#16435 = LINE('',#16436,#16437);
#16436 = CARTESIAN_POINT('',(12.7,83.7,139.4));
#16437 = VECTOR('',#16438,1.);
#16438 = DIRECTION('',(0.,1.,0.));
#16439 = PLANE('',#16440);
#16440 = AXIS2_PLACEMENT_3D('',#16441,#16442,#16443);
#16441 = CARTESIAN_POINT('',(12.7,83.7,133.1));
#16442 = DIRECTION('',(1.,0.,0.));
#16443 = DIRECTION('',(0.,0.,1.));
#16444 = ADVANCED_FACE('',(#16445),#16456,.F.);
#16445 = FACE_BOUND('',#16446,.F.);
#16446 = EDGE_LOOP('',(#16447,#16448,#16454,#16455));
#16447 = ORIENTED_EDGE('',*,*,#15672,.F.);
#16448 = ORIENTED_EDGE('',*,*,#16449,.T.);
#16449 = EDGE_CURVE('',#15665,#15857,#16450,.T.);
#16450 = LINE('',#16451,#16452);
#16451 = CARTESIAN_POINT('',(13.,83.7,139.7));
#16452 = VECTOR('',#16453,1.);
#16453 = DIRECTION('',(0.,1.,0.));
#16454 = ORIENTED_EDGE('',*,*,#15864,.F.);
#16455 = ORIENTED_EDGE('',*,*,#16434,.F.);
#16456 = CYLINDRICAL_SURFACE('',#16457,0.3);
#16457 = AXIS2_PLACEMENT_3D('',#16458,#16459,#16460);
#16458 = CARTESIAN_POINT('',(13.,83.7,139.4));
#16459 = DIRECTION('',(0.,1.,0.));
#16460 = DIRECTION('',(-1.,0.,0.));
#16461 = ADVANCED_FACE('',(#16462),#16473,.F.);
#16462 = FACE_BOUND('',#16463,.F.);
#16463 = EDGE_LOOP('',(#16464,#16465,#16466,#16472));
#16464 = ORIENTED_EDGE('',*,*,#16449,.F.);
#16465 = ORIENTED_EDGE('',*,*,#15664,.T.);
#16466 = ORIENTED_EDGE('',*,*,#16467,.T.);
#16467 = EDGE_CURVE('',#15657,#15849,#16468,.T.);
#16468 = LINE('',#16469,#16470);
#16469 = CARTESIAN_POINT('',(16.,83.7,139.7));
#16470 = VECTOR('',#16471,1.);
#16471 = DIRECTION('',(0.,1.,0.));
#16472 = ORIENTED_EDGE('',*,*,#15856,.F.);
#16473 = PLANE('',#16474);
#16474 = AXIS2_PLACEMENT_3D('',#16475,#16476,#16477);
#16475 = CARTESIAN_POINT('',(12.7,83.7,139.7));
#16476 = DIRECTION('',(0.,0.,1.));
#16477 = DIRECTION('',(1.,0.,0.));
#16478 = ADVANCED_FACE('',(#16479),#16490,.T.);
#16479 = FACE_BOUND('',#16480,.T.);
#16480 = EDGE_LOOP('',(#16481,#16482,#16483,#16484));
#16481 = ORIENTED_EDGE('',*,*,#15656,.F.);
#16482 = ORIENTED_EDGE('',*,*,#16467,.T.);
#16483 = ORIENTED_EDGE('',*,*,#15848,.T.);
#16484 = ORIENTED_EDGE('',*,*,#16485,.F.);
#16485 = EDGE_CURVE('',#15649,#15841,#16486,.T.);
#16486 = LINE('',#16487,#16488);
#16487 = CARTESIAN_POINT('',(16.,84.,179.));
#16488 = VECTOR('',#16489,1.);
#16489 = DIRECTION('',(0.,1.,0.));
#16490 = PLANE('',#16491);
#16491 = AXIS2_PLACEMENT_3D('',#16492,#16493,#16494);
#16492 = CARTESIAN_POINT('',(16.,84.,126.));
#16493 = DIRECTION('',(1.,0.,0.));
#16494 = DIRECTION('',(0.,0.,1.));
#16495 = ADVANCED_FACE('',(#16496),#16523,.T.);
#16496 = FACE_BOUND('',#16497,.T.);
#16497 = EDGE_LOOP('',(#16498,#16507,#16508,#16517));
#16498 = ORIENTED_EDGE('',*,*,#16499,.F.);
#16499 = EDGE_CURVE('',#15641,#16500,#16502,.T.);
#16500 = VERTEX_POINT('',#16501);
#16501 = CARTESIAN_POINT('',(1.,85.,180.));
#16502 = ELLIPSE('',#16503,1.414213562373,1.);
#16503 = AXIS2_PLACEMENT_3D('',#16504,#16505,#16506);
#16504 = CARTESIAN_POINT('',(1.,85.,179.));
#16505 = DIRECTION('',(-0.707106781187,0.707106781187,0.));
#16506 = DIRECTION('',(0.707106781187,0.707106781187,0.));
#16507 = ORIENTED_EDGE('',*,*,#15648,.T.);
#16508 = ORIENTED_EDGE('',*,*,#16509,.F.);
#16509 = EDGE_CURVE('',#16510,#15649,#16512,.T.);
#16510 = VERTEX_POINT('',#16511);
#16511 = CARTESIAN_POINT('',(15.,85.,180.));
#16512 = ELLIPSE('',#16513,1.414213562373,1.);
#16513 = AXIS2_PLACEMENT_3D('',#16514,#16515,#16516);
#16514 = CARTESIAN_POINT('',(15.,85.,179.));
#16515 = DIRECTION('',(0.707106781187,0.707106781187,0.));
#16516 = DIRECTION('',(0.707106781187,-0.707106781187,0.));
#16517 = ORIENTED_EDGE('',*,*,#16518,.F.);
#16518 = EDGE_CURVE('',#16500,#16510,#16519,.T.);
#16519 = LINE('',#16520,#16521);
#16520 = CARTESIAN_POINT('',(0.,85.,180.));
#16521 = VECTOR('',#16522,1.);
#16522 = DIRECTION('',(1.,0.,0.));
#16523 = CYLINDRICAL_SURFACE('',#16524,1.);
#16524 = AXIS2_PLACEMENT_3D('',#16525,#16526,#16527);
#16525 = CARTESIAN_POINT('',(0.,85.,179.));
#16526 = DIRECTION('',(1.,0.,0.));
#16527 = DIRECTION('',(0.,0.,1.));
#16528 = ADVANCED_FACE('',(#16529),#16541,.T.);
#16529 = FACE_BOUND('',#16530,.T.);
#16530 = EDGE_LOOP('',(#16531,#16532,#16533,#16540));
#16531 = ORIENTED_EDGE('',*,*,#15766,.F.);
#16532 = ORIENTED_EDGE('',*,*,#15783,.T.);
#16533 = ORIENTED_EDGE('',*,*,#16534,.T.);
#16534 = EDGE_CURVE('',#15784,#15960,#16535,.T.);
#16535 = CIRCLE('',#16536,1.);
#16536 = AXIS2_PLACEMENT_3D('',#16537,#16538,#16539);
#16537 = CARTESIAN_POINT('',(10.,99.,121.));
#16538 = DIRECTION('',(-1.,-6.E-17,-0.));
#16539 = DIRECTION('',(-6.E-17,1.,0.));
#16540 = ORIENTED_EDGE('',*,*,#15959,.F.);
#16541 = TOROIDAL_SURFACE('',#16542,9.,1.);
#16542 = AXIS2_PLACEMENT_3D('',#16543,#16544,#16545);
#16543 = CARTESIAN_POINT('',(10.,90.,121.));
#16544 = DIRECTION('',(-0.,-0.,-1.));
#16545 = DIRECTION('',(-1.,0.,0.));
#16546 = ADVANCED_FACE('',(#16547),#16575,.T.);
#16547 = FACE_BOUND('',#16548,.F.);
#16548 = EDGE_LOOP('',(#16549,#16558,#16559,#16568));
#16549 = ORIENTED_EDGE('',*,*,#16550,.F.);
#16550 = EDGE_CURVE('',#15808,#16551,#16553,.T.);
#16551 = VERTEX_POINT('',#16552);
#16552 = CARTESIAN_POINT('',(1.,90.,180.));
#16553 = CIRCLE('',#16554,1.);
#16554 = AXIS2_PLACEMENT_3D('',#16555,#16556,#16557);
#16555 = CARTESIAN_POINT('',(1.,90.,179.));
#16556 = DIRECTION('',(0.,1.,-0.));
#16557 = DIRECTION('',(-1.,0.,0.));
#16558 = ORIENTED_EDGE('',*,*,#15824,.T.);
#16559 = ORIENTED_EDGE('',*,*,#16560,.T.);
#16560 = EDGE_CURVE('',#15817,#16561,#16563,.T.);
#16561 = VERTEX_POINT('',#16562);
#16562 = CARTESIAN_POINT('',(10.,99.,180.));
#16563 = CIRCLE('',#16564,1.);
#16564 = AXIS2_PLACEMENT_3D('',#16565,#16566,#16567);
#16565 = CARTESIAN_POINT('',(10.,99.,179.));
#16566 = DIRECTION('',(1.,6.E-17,-0.));
#16567 = DIRECTION('',(-6.E-17,1.,0.));
#16568 = ORIENTED_EDGE('',*,*,#16569,.F.);
#16569 = EDGE_CURVE('',#16551,#16561,#16570,.T.);
#16570 = CIRCLE('',#16571,9.);
#16571 = AXIS2_PLACEMENT_3D('',#16572,#16573,#16574);
#16572 = CARTESIAN_POINT('',(10.,90.,180.));
#16573 = DIRECTION('',(0.,0.,-1.));
#16574 = DIRECTION('',(-1.,0.,0.));
#16575 = TOROIDAL_SURFACE('',#16576,9.,1.);
#16576 = AXIS2_PLACEMENT_3D('',#16577,#16578,#16579);
#16577 = CARTESIAN_POINT('',(10.,90.,179.));
#16578 = DIRECTION('',(0.,0.,1.));
#16579 = DIRECTION('',(-1.,0.,0.));
#16580 = ADVANCED_FACE('',(#16581),#16600,.T.);
#16581 = FACE_BOUND('',#16582,.T.);
#16582 = EDGE_LOOP('',(#16583,#16584,#16592,#16599));
#16583 = ORIENTED_EDGE('',*,*,#16560,.T.);
#16584 = ORIENTED_EDGE('',*,*,#16585,.T.);
#16585 = EDGE_CURVE('',#16561,#16586,#16588,.T.);
#16586 = VERTEX_POINT('',#16587);
#16587 = CARTESIAN_POINT('',(15.,99.,180.));
#16588 = LINE('',#16589,#16590);
#16589 = CARTESIAN_POINT('',(10.,99.,180.));
#16590 = VECTOR('',#16591,1.);
#16591 = DIRECTION('',(1.,0.,0.));
#16592 = ORIENTED_EDGE('',*,*,#16593,.F.);
#16593 = EDGE_CURVE('',#15841,#16586,#16594,.T.);
#16594 = ELLIPSE('',#16595,1.414213562373,1.);
#16595 = AXIS2_PLACEMENT_3D('',#16596,#16597,#16598);
#16596 = CARTESIAN_POINT('',(15.,99.,179.));
#16597 = DIRECTION('',(0.707106781187,-0.707106781187,0.));
#16598 = DIRECTION('',(0.707106781187,0.707106781187,0.));
#16599 = ORIENTED_EDGE('',*,*,#15840,.F.);
#16600 = CYLINDRICAL_SURFACE('',#16601,1.);
#16601 = AXIS2_PLACEMENT_3D('',#16602,#16603,#16604);
#16602 = CARTESIAN_POINT('',(10.,99.,179.));
#16603 = DIRECTION('',(1.,0.,0.));
#16604 = DIRECTION('',(0.,1.,0.));
#16605 = ADVANCED_FACE('',(#16606),#16617,.T.);
#16606 = FACE_BOUND('',#16607,.T.);
#16607 = EDGE_LOOP('',(#16608,#16609,#16615,#16616));
#16608 = ORIENTED_EDGE('',*,*,#16499,.T.);
#16609 = ORIENTED_EDGE('',*,*,#16610,.T.);
#16610 = EDGE_CURVE('',#16500,#16551,#16611,.T.);
#16611 = LINE('',#16612,#16613);
#16612 = CARTESIAN_POINT('',(1.,84.,180.));
#16613 = VECTOR('',#16614,1.);
#16614 = DIRECTION('',(0.,1.,0.));
#16615 = ORIENTED_EDGE('',*,*,#16550,.F.);
#16616 = ORIENTED_EDGE('',*,*,#15900,.F.);
#16617 = CYLINDRICAL_SURFACE('',#16618,1.);
#16618 = AXIS2_PLACEMENT_3D('',#16619,#16620,#16621);
#16619 = CARTESIAN_POINT('',(1.,84.,179.));
#16620 = DIRECTION('',(0.,1.,0.));
#16621 = DIRECTION('',(-1.,0.,0.));
#16622 = ADVANCED_FACE('',(#16623),#16635,.T.);
#16623 = FACE_BOUND('',#16624,.F.);
#16624 = EDGE_LOOP('',(#16625,#16626,#16627,#16634));
#16625 = ORIENTED_EDGE('',*,*,#16534,.T.);
#16626 = ORIENTED_EDGE('',*,*,#15968,.T.);
#16627 = ORIENTED_EDGE('',*,*,#16628,.F.);
#16628 = EDGE_CURVE('',#16063,#15969,#16629,.T.);
#16629 = CIRCLE('',#16630,1.);
#16630 = AXIS2_PLACEMENT_3D('',#16631,#16632,#16633);
#16631 = CARTESIAN_POINT('',(132.,99.,121.));
#16632 = DIRECTION('',(-1.,0.,0.));
#16633 = DIRECTION('',(0.,1.,0.));
#16634 = ORIENTED_EDGE('',*,*,#16070,.F.);
#16635 = CYLINDRICAL_SURFACE('',#16636,1.);
#16636 = AXIS2_PLACEMENT_3D('',#16637,#16638,#16639);
#16637 = CARTESIAN_POINT('',(10.,99.,121.));
#16638 = DIRECTION('',(1.,0.,0.));
#16639 = DIRECTION('',(0.,1.,0.));
#16640 = ADVANCED_FACE('',(#16641),#16647,.T.);
#16641 = FACE_BOUND('',#16642,.T.);
#16642 = EDGE_LOOP('',(#16643,#16644,#16645,#16646));
#16643 = ORIENTED_EDGE('',*,*,#16628,.F.);
#16644 = ORIENTED_EDGE('',*,*,#16194,.T.);
#16645 = ORIENTED_EDGE('',*,*,#16211,.T.);
#16646 = ORIENTED_EDGE('',*,*,#15976,.F.);
#16647 = TOROIDAL_SURFACE('',#16648,9.,1.);
#16648 = AXIS2_PLACEMENT_3D('',#16649,#16650,#16651);
#16649 = CARTESIAN_POINT('',(132.,90.,121.));
#16650 = DIRECTION('',(-0.,-0.,-1.));
#16651 = DIRECTION('',(0.,1.,0.));
#16652 = ADVANCED_FACE('',(#16653),#16672,.F.);
#16653 = FACE_BOUND('',#16654,.T.);
#16654 = EDGE_LOOP('',(#16655,#16656,#16664,#16671));
#16655 = ORIENTED_EDGE('',*,*,#16010,.T.);
#16656 = ORIENTED_EDGE('',*,*,#16657,.T.);
#16657 = EDGE_CURVE('',#16011,#16658,#16660,.T.);
#16658 = VERTEX_POINT('',#16659);
#16659 = CARTESIAN_POINT('',(137.9,92.,126.));
#16660 = LINE('',#16661,#16662);
#16661 = CARTESIAN_POINT('',(137.9,92.,119.));
#16662 = VECTOR('',#16663,1.);
#16663 = DIRECTION('',(0.,0.,1.));
#16664 = ORIENTED_EDGE('',*,*,#16665,.T.);
#16665 = EDGE_CURVE('',#16658,#16658,#16666,.T.);
#16666 = CIRCLE('',#16667,3.9);
#16667 = AXIS2_PLACEMENT_3D('',#16668,#16669,#16670);
#16668 = CARTESIAN_POINT('',(134.,92.,126.));
#16669 = DIRECTION('',(0.,0.,1.));
#16670 = DIRECTION('',(1.,0.,0.));
#16671 = ORIENTED_EDGE('',*,*,#16657,.F.);
#16672 = CYLINDRICAL_SURFACE('',#16673,3.9);
#16673 = AXIS2_PLACEMENT_3D('',#16674,#16675,#16676);
#16674 = CARTESIAN_POINT('',(134.,92.,119.));
#16675 = DIRECTION('',(-0.,-0.,-1.));
#16676 = DIRECTION('',(1.,0.,0.));
#16677 = ADVANCED_FACE('',(#16678),#16697,.F.);
#16678 = FACE_BOUND('',#16679,.T.);
#16679 = EDGE_LOOP('',(#16680,#16681,#16689,#16696));
#16680 = ORIENTED_EDGE('',*,*,#16021,.T.);
#16681 = ORIENTED_EDGE('',*,*,#16682,.T.);
#16682 = EDGE_CURVE('',#16022,#16683,#16685,.T.);
#16683 = VERTEX_POINT('',#16684);
#16684 = CARTESIAN_POINT('',(137.9,8.,126.));
#16685 = LINE('',#16686,#16687);
#16686 = CARTESIAN_POINT('',(137.9,8.,119.));
#16687 = VECTOR('',#16688,1.);
#16688 = DIRECTION('',(0.,0.,1.));
#16689 = ORIENTED_EDGE('',*,*,#16690,.T.);
#16690 = EDGE_CURVE('',#16683,#16683,#16691,.T.);
#16691 = CIRCLE('',#16692,3.9);
#16692 = AXIS2_PLACEMENT_3D('',#16693,#16694,#16695);
#16693 = CARTESIAN_POINT('',(134.,8.,126.));
#16694 = DIRECTION('',(0.,0.,1.));
#16695 = DIRECTION('',(1.,0.,0.));
#16696 = ORIENTED_EDGE('',*,*,#16682,.F.);
#16697 = CYLINDRICAL_SURFACE('',#16698,3.9);
#16698 = AXIS2_PLACEMENT_3D('',#16699,#16700,#16701);
#16699 = CARTESIAN_POINT('',(134.,8.,119.));
#16700 = DIRECTION('',(-0.,-0.,-1.));
#16701 = DIRECTION('',(1.,0.,0.));
#16702 = ADVANCED_FACE('',(#16703),#16722,.F.);
#16703 = FACE_BOUND('',#16704,.T.);
#16704 = EDGE_LOOP('',(#16705,#16706,#16714,#16721));
#16705 = ORIENTED_EDGE('',*,*,#16032,.T.);
#16706 = ORIENTED_EDGE('',*,*,#16707,.T.);
#16707 = EDGE_CURVE('',#16033,#16708,#16710,.T.);
#16708 = VERTEX_POINT('',#16709);
#16709 = CARTESIAN_POINT('',(11.9,92.,126.));
#16710 = LINE('',#16711,#16712);
#16711 = CARTESIAN_POINT('',(11.9,92.,119.));
#16712 = VECTOR('',#16713,1.);
#16713 = DIRECTION('',(0.,0.,1.));
#16714 = ORIENTED_EDGE('',*,*,#16715,.T.);
#16715 = EDGE_CURVE('',#16708,#16708,#16716,.T.);
#16716 = CIRCLE('',#16717,3.9);
#16717 = AXIS2_PLACEMENT_3D('',#16718,#16719,#16720);
#16718 = CARTESIAN_POINT('',(8.,92.,126.));
#16719 = DIRECTION('',(0.,0.,1.));
#16720 = DIRECTION('',(1.,0.,0.));
#16721 = ORIENTED_EDGE('',*,*,#16707,.F.);
#16722 = CYLINDRICAL_SURFACE('',#16723,3.9);
#16723 = AXIS2_PLACEMENT_3D('',#16724,#16725,#16726);
#16724 = CARTESIAN_POINT('',(8.,92.,119.));
#16725 = DIRECTION('',(-0.,-0.,-1.));
#16726 = DIRECTION('',(1.,0.,0.));
#16727 = ADVANCED_FACE('',(#16728),#16747,.F.);
#16728 = FACE_BOUND('',#16729,.T.);
#16729 = EDGE_LOOP('',(#16730,#16731,#16739,#16746));
#16730 = ORIENTED_EDGE('',*,*,#16043,.T.);
#16731 = ORIENTED_EDGE('',*,*,#16732,.T.);
#16732 = EDGE_CURVE('',#16044,#16733,#16735,.T.);
#16733 = VERTEX_POINT('',#16734);
#16734 = CARTESIAN_POINT('',(11.9,8.,126.));
#16735 = LINE('',#16736,#16737);
#16736 = CARTESIAN_POINT('',(11.9,8.,119.));
#16737 = VECTOR('',#16738,1.);
#16738 = DIRECTION('',(0.,0.,1.));
#16739 = ORIENTED_EDGE('',*,*,#16740,.T.);
#16740 = EDGE_CURVE('',#16733,#16733,#16741,.T.);
#16741 = CIRCLE('',#16742,3.9);
#16742 = AXIS2_PLACEMENT_3D('',#16743,#16744,#16745);
#16743 = CARTESIAN_POINT('',(8.,8.,126.));
#16744 = DIRECTION('',(0.,0.,1.));
#16745 = DIRECTION('',(1.,0.,0.));
#16746 = ORIENTED_EDGE('',*,*,#16732,.F.);
#16747 = CYLINDRICAL_SURFACE('',#16748,3.9);
#16748 = AXIS2_PLACEMENT_3D('',#16749,#16750,#16751);
#16749 = CARTESIAN_POINT('',(8.,8.,119.));
#16750 = DIRECTION('',(-0.,-0.,-1.));
#16751 = DIRECTION('',(1.,0.,0.));
#16752 = ADVANCED_FACE('',(#16753),#16780,.T.);
#16753 = FACE_BOUND('',#16754,.F.);
#16754 = EDGE_LOOP('',(#16755,#16764,#16772,#16779));
#16755 = ORIENTED_EDGE('',*,*,#16756,.T.);
#16756 = EDGE_CURVE('',#16097,#16757,#16759,.T.);
#16757 = VERTEX_POINT('',#16758);
#16758 = CARTESIAN_POINT('',(132.,99.,180.));
#16759 = CIRCLE('',#16760,1.);
#16760 = AXIS2_PLACEMENT_3D('',#16761,#16762,#16763);
#16761 = CARTESIAN_POINT('',(132.,99.,179.));
#16762 = DIRECTION('',(1.,-6.E-17,0.));
#16763 = DIRECTION('',(6.E-17,1.,0.));
#16764 = ORIENTED_EDGE('',*,*,#16765,.T.);
#16765 = EDGE_CURVE('',#16757,#16766,#16768,.T.);
#16766 = VERTEX_POINT('',#16767);
#16767 = CARTESIAN_POINT('',(127.,99.,180.));
#16768 = LINE('',#16769,#16770);
#16769 = CARTESIAN_POINT('',(132.,99.,180.));
#16770 = VECTOR('',#16771,1.);
#16771 = DIRECTION('',(-1.,-0.,-0.));
#16772 = ORIENTED_EDGE('',*,*,#16773,.F.);
#16773 = EDGE_CURVE('',#16099,#16766,#16774,.T.);
#16774 = ELLIPSE('',#16775,1.414213562373,1.);
#16775 = AXIS2_PLACEMENT_3D('',#16776,#16777,#16778);
#16776 = CARTESIAN_POINT('',(127.,99.,179.));
#16777 = DIRECTION('',(0.707106781187,0.707106781187,-0.));
#16778 = DIRECTION('',(-0.707106781187,0.707106781187,0.));
#16779 = ORIENTED_EDGE('',*,*,#16096,.F.);
#16780 = CYLINDRICAL_SURFACE('',#16781,1.);
#16781 = AXIS2_PLACEMENT_3D('',#16782,#16783,#16784);
#16782 = CARTESIAN_POINT('',(132.,99.,179.));
#16783 = DIRECTION('',(-1.,-0.,-0.));
#16784 = DIRECTION('',(0.,1.,0.));
#16785 = ADVANCED_FACE('',(#16786),#16806,.T.);
#16786 = FACE_BOUND('',#16787,.T.);
#16787 = EDGE_LOOP('',(#16788,#16797,#16798,#16799));
#16788 = ORIENTED_EDGE('',*,*,#16789,.F.);
#16789 = EDGE_CURVE('',#16230,#16790,#16792,.T.);
#16790 = VERTEX_POINT('',#16791);
#16791 = CARTESIAN_POINT('',(141.,90.,180.));
#16792 = CIRCLE('',#16793,1.);
#16793 = AXIS2_PLACEMENT_3D('',#16794,#16795,#16796);
#16794 = CARTESIAN_POINT('',(141.,90.,179.));
#16795 = DIRECTION('',(0.,-1.,0.));
#16796 = DIRECTION('',(1.,0.,0.));
#16797 = ORIENTED_EDGE('',*,*,#16239,.T.);
#16798 = ORIENTED_EDGE('',*,*,#16756,.T.);
#16799 = ORIENTED_EDGE('',*,*,#16800,.F.);
#16800 = EDGE_CURVE('',#16790,#16757,#16801,.T.);
#16801 = CIRCLE('',#16802,9.);
#16802 = AXIS2_PLACEMENT_3D('',#16803,#16804,#16805);
#16803 = CARTESIAN_POINT('',(132.,90.,180.));
#16804 = DIRECTION('',(0.,0.,1.));
#16805 = DIRECTION('',(1.,0.,0.));
#16806 = TOROIDAL_SURFACE('',#16807,9.,1.);
#16807 = AXIS2_PLACEMENT_3D('',#16808,#16809,#16810);
#16808 = CARTESIAN_POINT('',(132.,90.,179.));
#16809 = DIRECTION('',(0.,0.,1.));
#16810 = DIRECTION('',(1.,0.,0.));
#16811 = ADVANCED_FACE('',(#16812),#16823,.T.);
#16812 = FACE_BOUND('',#16813,.F.);
#16813 = EDGE_LOOP('',(#16814,#16815,#16821,#16822));
#16814 = ORIENTED_EDGE('',*,*,#16391,.T.);
#16815 = ORIENTED_EDGE('',*,*,#16816,.T.);
#16816 = EDGE_CURVE('',#16392,#16790,#16817,.T.);
#16817 = LINE('',#16818,#16819);
#16818 = CARTESIAN_POINT('',(141.,84.,180.));
#16819 = VECTOR('',#16820,1.);
#16820 = DIRECTION('',(0.,1.,0.));
#16821 = ORIENTED_EDGE('',*,*,#16789,.F.);
#16822 = ORIENTED_EDGE('',*,*,#16255,.F.);
#16823 = CYLINDRICAL_SURFACE('',#16824,1.);
#16824 = AXIS2_PLACEMENT_3D('',#16825,#16826,#16827);
#16825 = CARTESIAN_POINT('',(141.,84.,179.));
#16826 = DIRECTION('',(0.,1.,0.));
#16827 = DIRECTION('',(1.,0.,0.));
#16828 = ADVANCED_FACE('',(#16829),#16832,.T.);
#16829 = FACE_BOUND('',#16830,.T.);
#16830 = EDGE_LOOP('',(#16831));
#16831 = ORIENTED_EDGE('',*,*,#16281,.T.);
#16832 = PLANE('',#16833);
#16833 = AXIS2_PLACEMENT_3D('',#16834,#16835,#16836);
#16834 = CARTESIAN_POINT('',(134.,8.,185.5));
#16835 = DIRECTION('',(0.,0.,1.));
#16836 = DIRECTION('',(1.,0.,0.));
#16837 = ADVANCED_FACE('',(#16838),#16849,.T.);
#16838 = FACE_BOUND('',#16839,.F.);
#16839 = EDGE_LOOP('',(#16840,#16841,#16842,#16843));
#16840 = ORIENTED_EDGE('',*,*,#16381,.T.);
#16841 = ORIENTED_EDGE('',*,*,#16321,.T.);
#16842 = ORIENTED_EDGE('',*,*,#16773,.T.);
#16843 = ORIENTED_EDGE('',*,*,#16844,.F.);
#16844 = EDGE_CURVE('',#16382,#16766,#16845,.T.);
#16845 = LINE('',#16846,#16847);
#16846 = CARTESIAN_POINT('',(127.,84.,180.));
#16847 = VECTOR('',#16848,1.);
#16848 = DIRECTION('',(0.,1.,0.));
#16849 = CYLINDRICAL_SURFACE('',#16850,1.);
#16850 = AXIS2_PLACEMENT_3D('',#16851,#16852,#16853);
#16851 = CARTESIAN_POINT('',(127.,84.,179.));
#16852 = DIRECTION('',(0.,1.,0.));
#16853 = DIRECTION('',(0.,0.,1.));
#16854 = ADVANCED_FACE('',(#16855,#16862),#16873,.T.);
#16855 = FACE_BOUND('',#16856,.T.);
#16856 = EDGE_LOOP('',(#16857,#16858,#16859,#16860,#16861));
#16857 = ORIENTED_EDGE('',*,*,#16816,.T.);
#16858 = ORIENTED_EDGE('',*,*,#16800,.T.);
#16859 = ORIENTED_EDGE('',*,*,#16765,.T.);
#16860 = ORIENTED_EDGE('',*,*,#16844,.F.);
#16861 = ORIENTED_EDGE('',*,*,#16400,.T.);
#16862 = FACE_BOUND('',#16863,.T.);
#16863 = EDGE_LOOP('',(#16864));
#16864 = ORIENTED_EDGE('',*,*,#16865,.F.);
#16865 = EDGE_CURVE('',#16866,#16866,#16868,.T.);
#16866 = VERTEX_POINT('',#16867);
#16867 = CARTESIAN_POINT('',(137.4,92.,180.));
#16868 = CIRCLE('',#16869,3.4);
#16869 = AXIS2_PLACEMENT_3D('',#16870,#16871,#16872);
#16870 = CARTESIAN_POINT('',(134.,92.,180.));
#16871 = DIRECTION('',(0.,0.,1.));
#16872 = DIRECTION('',(1.,0.,0.));
#16873 = PLANE('',#16874);
#16874 = AXIS2_PLACEMENT_3D('',#16875,#16876,#16877);
#16875 = CARTESIAN_POINT('',(126.,84.,180.));
#16876 = DIRECTION('',(0.,0.,1.));
#16877 = DIRECTION('',(1.,0.,0.));
#16878 = ADVANCED_FACE('',(#16879),#16890,.T.);
#16879 = FACE_BOUND('',#16880,.T.);
#16880 = EDGE_LOOP('',(#16881,#16882,#16883,#16884));
#16881 = ORIENTED_EDGE('',*,*,#16509,.T.);
#16882 = ORIENTED_EDGE('',*,*,#16485,.T.);
#16883 = ORIENTED_EDGE('',*,*,#16593,.T.);
#16884 = ORIENTED_EDGE('',*,*,#16885,.F.);
#16885 = EDGE_CURVE('',#16510,#16586,#16886,.T.);
#16886 = LINE('',#16887,#16888);
#16887 = CARTESIAN_POINT('',(15.,84.,180.));
#16888 = VECTOR('',#16889,1.);
#16889 = DIRECTION('',(0.,1.,0.));
#16890 = CYLINDRICAL_SURFACE('',#16891,1.);
#16891 = AXIS2_PLACEMENT_3D('',#16892,#16893,#16894);
#16892 = CARTESIAN_POINT('',(15.,84.,179.));
#16893 = DIRECTION('',(0.,1.,0.));
#16894 = DIRECTION('',(0.,0.,1.));
#16895 = ADVANCED_FACE('',(#16896,#16903),#16914,.T.);
#16896 = FACE_BOUND('',#16897,.T.);
#16897 = EDGE_LOOP('',(#16898,#16899,#16900,#16901,#16902));
#16898 = ORIENTED_EDGE('',*,*,#16610,.F.);
#16899 = ORIENTED_EDGE('',*,*,#16518,.T.);
#16900 = ORIENTED_EDGE('',*,*,#16885,.T.);
#16901 = ORIENTED_EDGE('',*,*,#16585,.F.);
#16902 = ORIENTED_EDGE('',*,*,#16569,.F.);
#16903 = FACE_BOUND('',#16904,.T.);
#16904 = EDGE_LOOP('',(#16905));
#16905 = ORIENTED_EDGE('',*,*,#16906,.F.);
#16906 = EDGE_CURVE('',#16907,#16907,#16909,.T.);
#16907 = VERTEX_POINT('',#16908);
#16908 = CARTESIAN_POINT('',(11.4,92.,180.));
#16909 = CIRCLE('',#16910,3.4);
#16910 = AXIS2_PLACEMENT_3D('',#16911,#16912,#16913);
#16911 = CARTESIAN_POINT('',(8.,92.,180.));
#16912 = DIRECTION('',(0.,0.,1.));
#16913 = DIRECTION('',(1.,0.,0.));
#16914 = PLANE('',#16915);
#16915 = AXIS2_PLACEMENT_3D('',#16916,#16917,#16918);
#16916 = CARTESIAN_POINT('',(0.,84.,180.));
#16917 = DIRECTION('',(0.,0.,1.));
#16918 = DIRECTION('',(1.,0.,0.));
#16919 = ADVANCED_FACE('',(#16920),#16923,.F.);
#16920 = FACE_BOUND('',#16921,.T.);
#16921 = EDGE_LOOP('',(#16922));
#16922 = ORIENTED_EDGE('',*,*,#16665,.F.);
#16923 = PLANE('',#16924);
#16924 = AXIS2_PLACEMENT_3D('',#16925,#16926,#16927);
#16925 = CARTESIAN_POINT('',(134.,92.,126.));
#16926 = DIRECTION('',(0.,0.,1.));
#16927 = DIRECTION('',(1.,0.,0.));
#16928 = ADVANCED_FACE('',(#16929),#16932,.F.);
#16929 = FACE_BOUND('',#16930,.T.);
#16930 = EDGE_LOOP('',(#16931));
#16931 = ORIENTED_EDGE('',*,*,#16690,.F.);
#16932 = PLANE('',#16933);
#16933 = AXIS2_PLACEMENT_3D('',#16934,#16935,#16936);
#16934 = CARTESIAN_POINT('',(134.,8.,126.));
#16935 = DIRECTION('',(0.,0.,1.));
#16936 = DIRECTION('',(1.,0.,0.));
#16937 = ADVANCED_FACE('',(#16938),#16941,.F.);
#16938 = FACE_BOUND('',#16939,.T.);
#16939 = EDGE_LOOP('',(#16940));
#16940 = ORIENTED_EDGE('',*,*,#16715,.F.);
#16941 = PLANE('',#16942);
#16942 = AXIS2_PLACEMENT_3D('',#16943,#16944,#16945);
#16943 = CARTESIAN_POINT('',(8.,92.,126.));
#16944 = DIRECTION('',(0.,0.,1.));
#16945 = DIRECTION('',(1.,0.,0.));
#16946 = ADVANCED_FACE('',(#16947),#16950,.F.);
#16947 = FACE_BOUND('',#16948,.T.);
#16948 = EDGE_LOOP('',(#16949));
#16949 = ORIENTED_EDGE('',*,*,#16740,.F.);
#16950 = PLANE('',#16951);
#16951 = AXIS2_PLACEMENT_3D('',#16952,#16953,#16954);
#16952 = CARTESIAN_POINT('',(8.,8.,126.));
#16953 = DIRECTION('',(0.,0.,1.));
#16954 = DIRECTION('',(1.,0.,0.));
#16955 = ADVANCED_FACE('',(#16956),#16975,.T.);
#16956 = FACE_BOUND('',#16957,.F.);
#16957 = EDGE_LOOP('',(#16958,#16966,#16973,#16974));
#16958 = ORIENTED_EDGE('',*,*,#16959,.T.);
#16959 = EDGE_CURVE('',#16866,#16960,#16962,.T.);
#16960 = VERTEX_POINT('',#16961);
#16961 = CARTESIAN_POINT('',(137.4,92.,184.9));
#16962 = LINE('',#16963,#16964);
#16963 = CARTESIAN_POINT('',(137.4,92.,180.));
#16964 = VECTOR('',#16965,1.);
#16965 = DIRECTION('',(0.,0.,1.));
#16966 = ORIENTED_EDGE('',*,*,#16967,.T.);
#16967 = EDGE_CURVE('',#16960,#16960,#16968,.T.);
#16968 = CIRCLE('',#16969,3.4);
#16969 = AXIS2_PLACEMENT_3D('',#16970,#16971,#16972);
#16970 = CARTESIAN_POINT('',(134.,92.,184.9));
#16971 = DIRECTION('',(0.,0.,1.));
#16972 = DIRECTION('',(1.,0.,0.));
#16973 = ORIENTED_EDGE('',*,*,#16959,.F.);
#16974 = ORIENTED_EDGE('',*,*,#16865,.F.);
#16975 = CYLINDRICAL_SURFACE('',#16976,3.4);
#16976 = AXIS2_PLACEMENT_3D('',#16977,#16978,#16979);
#16977 = CARTESIAN_POINT('',(134.,92.,180.));
#16978 = DIRECTION('',(-0.,-0.,-1.));
#16979 = DIRECTION('',(1.,0.,0.));
#16980 = ADVANCED_FACE('',(#16981),#17000,.T.);
#16981 = FACE_BOUND('',#16982,.F.);
#16982 = EDGE_LOOP('',(#16983,#16991,#16998,#16999));
#16983 = ORIENTED_EDGE('',*,*,#16984,.T.);
#16984 = EDGE_CURVE('',#16907,#16985,#16987,.T.);
#16985 = VERTEX_POINT('',#16986);
#16986 = CARTESIAN_POINT('',(11.4,92.,184.9));
#16987 = LINE('',#16988,#16989);
#16988 = CARTESIAN_POINT('',(11.4,92.,180.));
#16989 = VECTOR('',#16990,1.);
#16990 = DIRECTION('',(0.,0.,1.));
#16991 = ORIENTED_EDGE('',*,*,#16992,.T.);
#16992 = EDGE_CURVE('',#16985,#16985,#16993,.T.);
#16993 = CIRCLE('',#16994,3.4);
#16994 = AXIS2_PLACEMENT_3D('',#16995,#16996,#16997);
#16995 = CARTESIAN_POINT('',(8.,92.,184.9));
#16996 = DIRECTION('',(0.,0.,1.));
#16997 = DIRECTION('',(1.,0.,0.));
#16998 = ORIENTED_EDGE('',*,*,#16984,.F.);
#16999 = ORIENTED_EDGE('',*,*,#16906,.F.);
#17000 = CYLINDRICAL_SURFACE('',#17001,3.4);
#17001 = AXIS2_PLACEMENT_3D('',#17002,#17003,#17004);
#17002 = CARTESIAN_POINT('',(8.,92.,180.));
#17003 = DIRECTION('',(-0.,-0.,-1.));
#17004 = DIRECTION('',(1.,0.,0.));
#17005 = ADVANCED_FACE('',(#17006),#17025,.T.);
#17006 = FACE_BOUND('',#17007,.T.);
#17007 = EDGE_LOOP('',(#17008,#17016,#17017,#17018));
#17008 = ORIENTED_EDGE('',*,*,#17009,.F.);
#17009 = EDGE_CURVE('',#16960,#17010,#17012,.T.);
#17010 = VERTEX_POINT('',#17011);
#17011 = CARTESIAN_POINT('',(136.8,92.,185.5));
#17012 = LINE('',#17013,#17014);
#17013 = CARTESIAN_POINT('',(137.4,92.,184.9));
#17014 = VECTOR('',#17015,1.);
#17015 = DIRECTION('',(-0.707106781187,0.,0.707106781187));
#17016 = ORIENTED_EDGE('',*,*,#16967,.T.);
#17017 = ORIENTED_EDGE('',*,*,#17009,.T.);
#17018 = ORIENTED_EDGE('',*,*,#17019,.F.);
#17019 = EDGE_CURVE('',#17010,#17010,#17020,.T.);
#17020 = CIRCLE('',#17021,2.8);
#17021 = AXIS2_PLACEMENT_3D('',#17022,#17023,#17024);
#17022 = CARTESIAN_POINT('',(134.,92.,185.5));
#17023 = DIRECTION('',(0.,0.,1.));
#17024 = DIRECTION('',(1.,0.,0.));
#17025 = CONICAL_SURFACE('',#17026,3.4,0.785398163397);
#17026 = AXIS2_PLACEMENT_3D('',#17027,#17028,#17029);
#17027 = CARTESIAN_POINT('',(134.,92.,184.9));
#17028 = DIRECTION('',(-0.,-0.,-1.));
#17029 = DIRECTION('',(1.,0.,0.));
#17030 = ADVANCED_FACE('',(#17031),#17050,.T.);
#17031 = FACE_BOUND('',#17032,.T.);
#17032 = EDGE_LOOP('',(#17033,#17041,#17042,#17043));
#17033 = ORIENTED_EDGE('',*,*,#17034,.F.);
#17034 = EDGE_CURVE('',#16985,#17035,#17037,.T.);
#17035 = VERTEX_POINT('',#17036);
#17036 = CARTESIAN_POINT('',(10.8,92.,185.5));
#17037 = LINE('',#17038,#17039);
#17038 = CARTESIAN_POINT('',(11.4,92.,184.9));
#17039 = VECTOR('',#17040,1.);
#17040 = DIRECTION('',(-0.707106781187,0.,0.707106781187));
#17041 = ORIENTED_EDGE('',*,*,#16992,.T.);
#17042 = ORIENTED_EDGE('',*,*,#17034,.T.);
#17043 = ORIENTED_EDGE('',*,*,#17044,.F.);
#17044 = EDGE_CURVE('',#17035,#17035,#17045,.T.);
#17045 = CIRCLE('',#17046,2.8);
#17046 = AXIS2_PLACEMENT_3D('',#17047,#17048,#17049);
#17047 = CARTESIAN_POINT('',(8.,92.,185.5));
#17048 = DIRECTION('',(0.,0.,1.));
#17049 = DIRECTION('',(1.,0.,0.));
#17050 = CONICAL_SURFACE('',#17051,3.4,0.785398163397);
#17051 = AXIS2_PLACEMENT_3D('',#17052,#17053,#17054);
#17052 = CARTESIAN_POINT('',(8.,92.,184.9));
#17053 = DIRECTION('',(-0.,-0.,-1.));
#17054 = DIRECTION('',(1.,0.,0.));
#17055 = ADVANCED_FACE('',(#17056),#17059,.T.);
#17056 = FACE_BOUND('',#17057,.T.);
#17057 = EDGE_LOOP('',(#17058));
#17058 = ORIENTED_EDGE('',*,*,#17019,.T.);
#17059 = PLANE('',#17060);
#17060 = AXIS2_PLACEMENT_3D('',#17061,#17062,#17063);
#17061 = CARTESIAN_POINT('',(134.,92.,185.5));
#17062 = DIRECTION('',(0.,0.,1.));
#17063 = DIRECTION('',(1.,0.,0.));
#17064 = ADVANCED_FACE('',(#17065),#17068,.T.);
#17065 = FACE_BOUND('',#17066,.T.);
#17066 = EDGE_LOOP('',(#17067));
#17067 = ORIENTED_EDGE('',*,*,#17044,.T.);
#17068 = PLANE('',#17069);
#17069 = AXIS2_PLACEMENT_3D('',#17070,#17071,#17072);
#17070 = CARTESIAN_POINT('',(8.,92.,185.5));
#17071 = DIRECTION('',(0.,0.,1.));
#17072 = DIRECTION('',(1.,0.,0.));
#17073 = MANIFOLD_SOLID_BREP('',#17074);
#17074 = CLOSED_SHELL('',(#17075,#17115,#17146,#17177,#17263,#17294,
    #17318,#17342,#17373,#17397,#17421,#17438,#17455,#17471));
#17075 = ADVANCED_FACE('',(#17076),#17110,.F.);
#17076 = FACE_BOUND('',#17077,.F.);
#17077 = EDGE_LOOP('',(#17078,#17088,#17096,#17104));
#17078 = ORIENTED_EDGE('',*,*,#17079,.F.);
#17079 = EDGE_CURVE('',#17080,#17082,#17084,.T.);
#17080 = VERTEX_POINT('',#17081);
#17081 = CARTESIAN_POINT('',(17.8,94.,128.));
#17082 = VERTEX_POINT('',#17083);
#17083 = CARTESIAN_POINT('',(124.2,94.,128.));
#17084 = LINE('',#17085,#17086);
#17085 = CARTESIAN_POINT('',(17.8,94.,128.));
#17086 = VECTOR('',#17087,1.);
#17087 = DIRECTION('',(1.,0.,0.));
#17088 = ORIENTED_EDGE('',*,*,#17089,.T.);
#17089 = EDGE_CURVE('',#17080,#17090,#17092,.T.);
#17090 = VERTEX_POINT('',#17091);
#17091 = CARTESIAN_POINT('',(17.8,94.,134.));
#17092 = LINE('',#17093,#17094);
#17093 = CARTESIAN_POINT('',(17.8,94.,128.));
#17094 = VECTOR('',#17095,1.);
#17095 = DIRECTION('',(0.,0.,1.));
#17096 = ORIENTED_EDGE('',*,*,#17097,.T.);
#17097 = EDGE_CURVE('',#17090,#17098,#17100,.T.);
#17098 = VERTEX_POINT('',#17099);
#17099 = CARTESIAN_POINT('',(124.2,94.,134.));
#17100 = LINE('',#17101,#17102);
#17101 = CARTESIAN_POINT('',(17.8,94.,134.));
#17102 = VECTOR('',#17103,1.);
#17103 = DIRECTION('',(1.,0.,0.));
#17104 = ORIENTED_EDGE('',*,*,#17105,.F.);
#17105 = EDGE_CURVE('',#17082,#17098,#17106,.T.);
#17106 = LINE('',#17107,#17108);
#17107 = CARTESIAN_POINT('',(124.2,94.,128.));
#17108 = VECTOR('',#17109,1.);
#17109 = DIRECTION('',(0.,0.,1.));
#17110 = PLANE('',#17111);
#17111 = AXIS2_PLACEMENT_3D('',#17112,#17113,#17114);
#17112 = CARTESIAN_POINT('',(17.8,94.,128.));
#17113 = DIRECTION('',(0.,1.,0.));
#17114 = DIRECTION('',(0.,0.,1.));
#17115 = ADVANCED_FACE('',(#17116),#17141,.T.);
#17116 = FACE_BOUND('',#17117,.T.);
#17117 = EDGE_LOOP('',(#17118,#17126,#17127,#17135));
#17118 = ORIENTED_EDGE('',*,*,#17119,.F.);
#17119 = EDGE_CURVE('',#17090,#17120,#17122,.T.);
#17120 = VERTEX_POINT('',#17121);
#17121 = CARTESIAN_POINT('',(17.8,96.8,134.));
#17122 = LINE('',#17123,#17124);
#17123 = CARTESIAN_POINT('',(17.8,94.,134.));
#17124 = VECTOR('',#17125,1.);
#17125 = DIRECTION('',(0.,1.,0.));
#17126 = ORIENTED_EDGE('',*,*,#17097,.T.);
#17127 = ORIENTED_EDGE('',*,*,#17128,.T.);
#17128 = EDGE_CURVE('',#17098,#17129,#17131,.T.);
#17129 = VERTEX_POINT('',#17130);
#17130 = CARTESIAN_POINT('',(124.2,96.8,134.));
#17131 = LINE('',#17132,#17133);
#17132 = CARTESIAN_POINT('',(124.2,94.,134.));
#17133 = VECTOR('',#17134,1.);
#17134 = DIRECTION('',(0.,1.,0.));
#17135 = ORIENTED_EDGE('',*,*,#17136,.F.);
#17136 = EDGE_CURVE('',#17120,#17129,#17137,.T.);
#17137 = LINE('',#17138,#17139);
#17138 = CARTESIAN_POINT('',(17.8,96.8,134.));
#17139 = VECTOR('',#17140,1.);
#17140 = DIRECTION('',(1.,0.,0.));
#17141 = PLANE('',#17142);
#17142 = AXIS2_PLACEMENT_3D('',#17143,#17144,#17145);
#17143 = CARTESIAN_POINT('',(17.8,94.,134.));
#17144 = DIRECTION('',(0.,0.,1.));
#17145 = DIRECTION('',(1.,0.,0.));
#17146 = ADVANCED_FACE('',(#17147),#17172,.T.);
#17147 = FACE_BOUND('',#17148,.T.);
#17148 = EDGE_LOOP('',(#17149,#17159,#17165,#17166));
#17149 = ORIENTED_EDGE('',*,*,#17150,.F.);
#17150 = EDGE_CURVE('',#17151,#17153,#17155,.T.);
#17151 = VERTEX_POINT('',#17152);
#17152 = CARTESIAN_POINT('',(17.8,96.8,128.));
#17153 = VERTEX_POINT('',#17154);
#17154 = CARTESIAN_POINT('',(124.2,96.8,128.));
#17155 = LINE('',#17156,#17157);
#17156 = CARTESIAN_POINT('',(17.8,96.8,128.));
#17157 = VECTOR('',#17158,1.);
#17158 = DIRECTION('',(1.,0.,0.));
#17159 = ORIENTED_EDGE('',*,*,#17160,.T.);
#17160 = EDGE_CURVE('',#17151,#17120,#17161,.T.);
#17161 = LINE('',#17162,#17163);
#17162 = CARTESIAN_POINT('',(17.8,96.8,128.));
#17163 = VECTOR('',#17164,1.);
#17164 = DIRECTION('',(0.,0.,1.));
#17165 = ORIENTED_EDGE('',*,*,#17136,.T.);
#17166 = ORIENTED_EDGE('',*,*,#17167,.F.);
#17167 = EDGE_CURVE('',#17153,#17129,#17168,.T.);
#17168 = LINE('',#17169,#17170);
#17169 = CARTESIAN_POINT('',(124.2,96.8,128.));
#17170 = VECTOR('',#17171,1.);
#17171 = DIRECTION('',(0.,0.,1.));
#17172 = PLANE('',#17173);
#17173 = AXIS2_PLACEMENT_3D('',#17174,#17175,#17176);
#17174 = CARTESIAN_POINT('',(17.8,96.8,128.));
#17175 = DIRECTION('',(0.,1.,0.));
#17176 = DIRECTION('',(0.,0.,1.));
#17177 = ADVANCED_FACE('',(#17178),#17258,.F.);
#17178 = FACE_BOUND('',#17179,.F.);
#17179 = EDGE_LOOP('',(#17180,#17188,#17189,#17197,#17205,#17213,#17221,
    #17227,#17228,#17236,#17244,#17252));
#17180 = ORIENTED_EDGE('',*,*,#17181,.F.);
#17181 = EDGE_CURVE('',#17080,#17182,#17184,.T.);
#17182 = VERTEX_POINT('',#17183);
#17183 = CARTESIAN_POINT('',(17.8,94.2,128.));
#17184 = LINE('',#17185,#17186);
#17185 = CARTESIAN_POINT('',(17.8,94.,128.));
#17186 = VECTOR('',#17187,1.);
#17187 = DIRECTION('',(0.,1.,0.));
#17188 = ORIENTED_EDGE('',*,*,#17079,.T.);
#17189 = ORIENTED_EDGE('',*,*,#17190,.T.);
#17190 = EDGE_CURVE('',#17082,#17191,#17193,.T.);
#17191 = VERTEX_POINT('',#17192);
#17192 = CARTESIAN_POINT('',(124.2,94.2,128.));
#17193 = LINE('',#17194,#17195);
#17194 = CARTESIAN_POINT('',(124.2,94.,128.));
#17195 = VECTOR('',#17196,1.);
#17196 = DIRECTION('',(0.,1.,0.));
#17197 = ORIENTED_EDGE('',*,*,#17198,.F.);
#17198 = EDGE_CURVE('',#17199,#17191,#17201,.T.);
#17199 = VERTEX_POINT('',#17200);
#17200 = CARTESIAN_POINT('',(121.2,94.2,128.));
#17201 = LINE('',#17202,#17203);
#17202 = CARTESIAN_POINT('',(121.2,94.2,128.));
#17203 = VECTOR('',#17204,1.);
#17204 = DIRECTION('',(1.,0.,0.));
#17205 = ORIENTED_EDGE('',*,*,#17206,.T.);
#17206 = EDGE_CURVE('',#17199,#17207,#17209,.T.);
#17207 = VERTEX_POINT('',#17208);
#17208 = CARTESIAN_POINT('',(121.2,96.6,128.));
#17209 = LINE('',#17210,#17211);
#17210 = CARTESIAN_POINT('',(121.2,94.2,128.));
#17211 = VECTOR('',#17212,1.);
#17212 = DIRECTION('',(0.,1.,0.));
#17213 = ORIENTED_EDGE('',*,*,#17214,.T.);
#17214 = EDGE_CURVE('',#17207,#17215,#17217,.T.);
#17215 = VERTEX_POINT('',#17216);
#17216 = CARTESIAN_POINT('',(124.2,96.6,128.));
#17217 = LINE('',#17218,#17219);
#17218 = CARTESIAN_POINT('',(121.2,96.6,128.));
#17219 = VECTOR('',#17220,1.);
#17220 = DIRECTION('',(1.,0.,0.));
#17221 = ORIENTED_EDGE('',*,*,#17222,.T.);
#17222 = EDGE_CURVE('',#17215,#17153,#17223,.T.);
#17223 = LINE('',#17224,#17225);
#17224 = CARTESIAN_POINT('',(124.2,94.,128.));
#17225 = VECTOR('',#17226,1.);
#17226 = DIRECTION('',(0.,1.,0.));
#17227 = ORIENTED_EDGE('',*,*,#17150,.F.);
#17228 = ORIENTED_EDGE('',*,*,#17229,.F.);
#17229 = EDGE_CURVE('',#17230,#17151,#17232,.T.);
#17230 = VERTEX_POINT('',#17231);
#17231 = CARTESIAN_POINT('',(17.8,96.6,128.));
#17232 = LINE('',#17233,#17234);
#17233 = CARTESIAN_POINT('',(17.8,94.,128.));
#17234 = VECTOR('',#17235,1.);
#17235 = DIRECTION('',(0.,1.,0.));
#17236 = ORIENTED_EDGE('',*,*,#17237,.T.);
#17237 = EDGE_CURVE('',#17230,#17238,#17240,.T.);
#17238 = VERTEX_POINT('',#17239);
#17239 = CARTESIAN_POINT('',(20.8,96.6,128.));
#17240 = LINE('',#17241,#17242);
#17241 = CARTESIAN_POINT('',(17.8,96.6,128.));
#17242 = VECTOR('',#17243,1.);
#17243 = DIRECTION('',(1.,0.,0.));
#17244 = ORIENTED_EDGE('',*,*,#17245,.F.);
#17245 = EDGE_CURVE('',#17246,#17238,#17248,.T.);
#17246 = VERTEX_POINT('',#17247);
#17247 = CARTESIAN_POINT('',(20.8,94.2,128.));
#17248 = LINE('',#17249,#17250);
#17249 = CARTESIAN_POINT('',(20.8,94.2,128.));
#17250 = VECTOR('',#17251,1.);
#17251 = DIRECTION('',(0.,1.,0.));
#17252 = ORIENTED_EDGE('',*,*,#17253,.F.);
#17253 = EDGE_CURVE('',#17182,#17246,#17254,.T.);
#17254 = LINE('',#17255,#17256);
#17255 = CARTESIAN_POINT('',(17.8,94.2,128.));
#17256 = VECTOR('',#17257,1.);
#17257 = DIRECTION('',(1.,0.,0.));
#17258 = PLANE('',#17259);
#17259 = AXIS2_PLACEMENT_3D('',#17260,#17261,#17262);
#17260 = CARTESIAN_POINT('',(17.8,94.,128.));
#17261 = DIRECTION('',(0.,0.,1.));
#17262 = DIRECTION('',(1.,0.,0.));
#17263 = ADVANCED_FACE('',(#17264),#17289,.F.);
#17264 = FACE_BOUND('',#17265,.F.);
#17265 = EDGE_LOOP('',(#17266,#17276,#17282,#17283));
#17266 = ORIENTED_EDGE('',*,*,#17267,.F.);
#17267 = EDGE_CURVE('',#17268,#17270,#17272,.T.);
#17268 = VERTEX_POINT('',#17269);
#17269 = CARTESIAN_POINT('',(17.8,94.2,122.));
#17270 = VERTEX_POINT('',#17271);
#17271 = CARTESIAN_POINT('',(20.8,94.2,122.));
#17272 = LINE('',#17273,#17274);
#17273 = CARTESIAN_POINT('',(17.8,94.2,122.));
#17274 = VECTOR('',#17275,1.);
#17275 = DIRECTION('',(1.,0.,0.));
#17276 = ORIENTED_EDGE('',*,*,#17277,.T.);
#17277 = EDGE_CURVE('',#17268,#17182,#17278,.T.);
#17278 = LINE('',#17279,#17280);
#17279 = CARTESIAN_POINT('',(17.8,94.2,122.));
#17280 = VECTOR('',#17281,1.);
#17281 = DIRECTION('',(0.,0.,1.));
#17282 = ORIENTED_EDGE('',*,*,#17253,.T.);
#17283 = ORIENTED_EDGE('',*,*,#17284,.F.);
#17284 = EDGE_CURVE('',#17270,#17246,#17285,.T.);
#17285 = LINE('',#17286,#17287);
#17286 = CARTESIAN_POINT('',(20.8,94.2,122.));
#17287 = VECTOR('',#17288,1.);
#17288 = DIRECTION('',(0.,0.,1.));
#17289 = PLANE('',#17290);
#17290 = AXIS2_PLACEMENT_3D('',#17291,#17292,#17293);
#17291 = CARTESIAN_POINT('',(17.8,94.2,122.));
#17292 = DIRECTION('',(0.,1.,0.));
#17293 = DIRECTION('',(0.,0.,1.));
#17294 = ADVANCED_FACE('',(#17295),#17313,.T.);
#17295 = FACE_BOUND('',#17296,.T.);
#17296 = EDGE_LOOP('',(#17297,#17298,#17306,#17312));
#17297 = ORIENTED_EDGE('',*,*,#17284,.F.);
#17298 = ORIENTED_EDGE('',*,*,#17299,.T.);
#17299 = EDGE_CURVE('',#17270,#17300,#17302,.T.);
#17300 = VERTEX_POINT('',#17301);
#17301 = CARTESIAN_POINT('',(20.8,96.6,122.));
#17302 = LINE('',#17303,#17304);
#17303 = CARTESIAN_POINT('',(20.8,94.2,122.));
#17304 = VECTOR('',#17305,1.);
#17305 = DIRECTION('',(0.,1.,0.));
#17306 = ORIENTED_EDGE('',*,*,#17307,.T.);
#17307 = EDGE_CURVE('',#17300,#17238,#17308,.T.);
#17308 = LINE('',#17309,#17310);
#17309 = CARTESIAN_POINT('',(20.8,96.6,122.));
#17310 = VECTOR('',#17311,1.);
#17311 = DIRECTION('',(0.,0.,1.));
#17312 = ORIENTED_EDGE('',*,*,#17245,.F.);
#17313 = PLANE('',#17314);
#17314 = AXIS2_PLACEMENT_3D('',#17315,#17316,#17317);
#17315 = CARTESIAN_POINT('',(20.8,94.2,122.));
#17316 = DIRECTION('',(1.,0.,0.));
#17317 = DIRECTION('',(0.,0.,1.));
#17318 = ADVANCED_FACE('',(#17319),#17337,.T.);
#17319 = FACE_BOUND('',#17320,.T.);
#17320 = EDGE_LOOP('',(#17321,#17329,#17335,#17336));
#17321 = ORIENTED_EDGE('',*,*,#17322,.F.);
#17322 = EDGE_CURVE('',#17323,#17300,#17325,.T.);
#17323 = VERTEX_POINT('',#17324);
#17324 = CARTESIAN_POINT('',(17.8,96.6,122.));
#17325 = LINE('',#17326,#17327);
#17326 = CARTESIAN_POINT('',(17.8,96.6,122.));
#17327 = VECTOR('',#17328,1.);
#17328 = DIRECTION('',(1.,0.,0.));
#17329 = ORIENTED_EDGE('',*,*,#17330,.T.);
#17330 = EDGE_CURVE('',#17323,#17230,#17331,.T.);
#17331 = LINE('',#17332,#17333);
#17332 = CARTESIAN_POINT('',(17.8,96.6,122.));
#17333 = VECTOR('',#17334,1.);
#17334 = DIRECTION('',(0.,0.,1.));
#17335 = ORIENTED_EDGE('',*,*,#17237,.T.);
#17336 = ORIENTED_EDGE('',*,*,#17307,.F.);
#17337 = PLANE('',#17338);
#17338 = AXIS2_PLACEMENT_3D('',#17339,#17340,#17341);
#17339 = CARTESIAN_POINT('',(17.8,96.6,122.));
#17340 = DIRECTION('',(0.,1.,0.));
#17341 = DIRECTION('',(0.,0.,1.));
#17342 = ADVANCED_FACE('',(#17343),#17368,.T.);
#17343 = FACE_BOUND('',#17344,.T.);
#17344 = EDGE_LOOP('',(#17345,#17355,#17361,#17362));
#17345 = ORIENTED_EDGE('',*,*,#17346,.F.);
#17346 = EDGE_CURVE('',#17347,#17349,#17351,.T.);
#17347 = VERTEX_POINT('',#17348);
#17348 = CARTESIAN_POINT('',(121.2,96.6,122.));
#17349 = VERTEX_POINT('',#17350);
#17350 = CARTESIAN_POINT('',(124.2,96.6,122.));
#17351 = LINE('',#17352,#17353);
#17352 = CARTESIAN_POINT('',(121.2,96.6,122.));
#17353 = VECTOR('',#17354,1.);
#17354 = DIRECTION('',(1.,0.,0.));
#17355 = ORIENTED_EDGE('',*,*,#17356,.T.);
#17356 = EDGE_CURVE('',#17347,#17207,#17357,.T.);
#17357 = LINE('',#17358,#17359);
#17358 = CARTESIAN_POINT('',(121.2,96.6,122.));
#17359 = VECTOR('',#17360,1.);
#17360 = DIRECTION('',(0.,0.,1.));
#17361 = ORIENTED_EDGE('',*,*,#17214,.T.);
#17362 = ORIENTED_EDGE('',*,*,#17363,.F.);
#17363 = EDGE_CURVE('',#17349,#17215,#17364,.T.);
#17364 = LINE('',#17365,#17366);
#17365 = CARTESIAN_POINT('',(124.2,96.6,122.));
#17366 = VECTOR('',#17367,1.);
#17367 = DIRECTION('',(0.,0.,1.));
#17368 = PLANE('',#17369);
#17369 = AXIS2_PLACEMENT_3D('',#17370,#17371,#17372);
#17370 = CARTESIAN_POINT('',(121.2,96.6,122.));
#17371 = DIRECTION('',(0.,1.,0.));
#17372 = DIRECTION('',(0.,0.,1.));
#17373 = ADVANCED_FACE('',(#17374),#17392,.F.);
#17374 = FACE_BOUND('',#17375,.F.);
#17375 = EDGE_LOOP('',(#17376,#17384,#17390,#17391));
#17376 = ORIENTED_EDGE('',*,*,#17377,.F.);
#17377 = EDGE_CURVE('',#17378,#17199,#17380,.T.);
#17378 = VERTEX_POINT('',#17379);
#17379 = CARTESIAN_POINT('',(121.2,94.2,122.));
#17380 = LINE('',#17381,#17382);
#17381 = CARTESIAN_POINT('',(121.2,94.2,122.));
#17382 = VECTOR('',#17383,1.);
#17383 = DIRECTION('',(0.,0.,1.));
#17384 = ORIENTED_EDGE('',*,*,#17385,.T.);
#17385 = EDGE_CURVE('',#17378,#17347,#17386,.T.);
#17386 = LINE('',#17387,#17388);
#17387 = CARTESIAN_POINT('',(121.2,94.2,122.));
#17388 = VECTOR('',#17389,1.);
#17389 = DIRECTION('',(0.,1.,0.));
#17390 = ORIENTED_EDGE('',*,*,#17356,.T.);
#17391 = ORIENTED_EDGE('',*,*,#17206,.F.);
#17392 = PLANE('',#17393);
#17393 = AXIS2_PLACEMENT_3D('',#17394,#17395,#17396);
#17394 = CARTESIAN_POINT('',(121.2,94.2,122.));
#17395 = DIRECTION('',(1.,0.,0.));
#17396 = DIRECTION('',(0.,0.,1.));
#17397 = ADVANCED_FACE('',(#17398),#17416,.F.);
#17398 = FACE_BOUND('',#17399,.F.);
#17399 = EDGE_LOOP('',(#17400,#17408,#17409,#17410));
#17400 = ORIENTED_EDGE('',*,*,#17401,.F.);
#17401 = EDGE_CURVE('',#17378,#17402,#17404,.T.);
#17402 = VERTEX_POINT('',#17403);
#17403 = CARTESIAN_POINT('',(124.2,94.2,122.));
#17404 = LINE('',#17405,#17406);
#17405 = CARTESIAN_POINT('',(121.2,94.2,122.));
#17406 = VECTOR('',#17407,1.);
#17407 = DIRECTION('',(1.,0.,0.));
#17408 = ORIENTED_EDGE('',*,*,#17377,.T.);
#17409 = ORIENTED_EDGE('',*,*,#17198,.T.);
#17410 = ORIENTED_EDGE('',*,*,#17411,.F.);
#17411 = EDGE_CURVE('',#17402,#17191,#17412,.T.);
#17412 = LINE('',#17413,#17414);
#17413 = CARTESIAN_POINT('',(124.2,94.2,122.));
#17414 = VECTOR('',#17415,1.);
#17415 = DIRECTION('',(0.,0.,1.));
#17416 = PLANE('',#17417);
#17417 = AXIS2_PLACEMENT_3D('',#17418,#17419,#17420);
#17418 = CARTESIAN_POINT('',(121.2,94.2,122.));
#17419 = DIRECTION('',(0.,1.,0.));
#17420 = DIRECTION('',(0.,0.,1.));
#17421 = ADVANCED_FACE('',(#17422),#17433,.F.);
#17422 = FACE_BOUND('',#17423,.F.);
#17423 = EDGE_LOOP('',(#17424,#17430,#17431,#17432));
#17424 = ORIENTED_EDGE('',*,*,#17425,.F.);
#17425 = EDGE_CURVE('',#17268,#17323,#17426,.T.);
#17426 = LINE('',#17427,#17428);
#17427 = CARTESIAN_POINT('',(17.8,94.2,122.));
#17428 = VECTOR('',#17429,1.);
#17429 = DIRECTION('',(0.,1.,0.));
#17430 = ORIENTED_EDGE('',*,*,#17267,.T.);
#17431 = ORIENTED_EDGE('',*,*,#17299,.T.);
#17432 = ORIENTED_EDGE('',*,*,#17322,.F.);
#17433 = PLANE('',#17434);
#17434 = AXIS2_PLACEMENT_3D('',#17435,#17436,#17437);
#17435 = CARTESIAN_POINT('',(17.8,94.2,122.));
#17436 = DIRECTION('',(0.,0.,1.));
#17437 = DIRECTION('',(1.,0.,0.));
#17438 = ADVANCED_FACE('',(#17439),#17450,.F.);
#17439 = FACE_BOUND('',#17440,.F.);
#17440 = EDGE_LOOP('',(#17441,#17442,#17443,#17449));
#17441 = ORIENTED_EDGE('',*,*,#17385,.F.);
#17442 = ORIENTED_EDGE('',*,*,#17401,.T.);
#17443 = ORIENTED_EDGE('',*,*,#17444,.T.);
#17444 = EDGE_CURVE('',#17402,#17349,#17445,.T.);
#17445 = LINE('',#17446,#17447);
#17446 = CARTESIAN_POINT('',(124.2,94.2,122.));
#17447 = VECTOR('',#17448,1.);
#17448 = DIRECTION('',(0.,1.,0.));
#17449 = ORIENTED_EDGE('',*,*,#17346,.F.);
#17450 = PLANE('',#17451);
#17451 = AXIS2_PLACEMENT_3D('',#17452,#17453,#17454);
#17452 = CARTESIAN_POINT('',(121.2,94.2,122.));
#17453 = DIRECTION('',(0.,0.,1.));
#17454 = DIRECTION('',(1.,0.,0.));
#17455 = ADVANCED_FACE('',(#17456),#17466,.T.);
#17456 = FACE_BOUND('',#17457,.T.);
#17457 = EDGE_LOOP('',(#17458,#17459,#17460,#17461,#17462,#17463,#17464,
    #17465));
#17458 = ORIENTED_EDGE('',*,*,#17089,.T.);
#17459 = ORIENTED_EDGE('',*,*,#17119,.T.);
#17460 = ORIENTED_EDGE('',*,*,#17160,.F.);
#17461 = ORIENTED_EDGE('',*,*,#17229,.F.);
#17462 = ORIENTED_EDGE('',*,*,#17330,.F.);
#17463 = ORIENTED_EDGE('',*,*,#17425,.F.);
#17464 = ORIENTED_EDGE('',*,*,#17277,.T.);
#17465 = ORIENTED_EDGE('',*,*,#17181,.F.);
#17466 = PLANE('',#17467);
#17467 = AXIS2_PLACEMENT_3D('',#17468,#17469,#17470);
#17468 = CARTESIAN_POINT('',(17.8,95.4,128.08108108108));
#17469 = DIRECTION('',(-1.,-0.,-0.));
#17470 = DIRECTION('',(0.,0.,-1.));
#17471 = ADVANCED_FACE('',(#17472),#17482,.T.);
#17472 = FACE_BOUND('',#17473,.T.);
#17473 = EDGE_LOOP('',(#17474,#17475,#17476,#17477,#17478,#17479,#17480,
    #17481));
#17474 = ORIENTED_EDGE('',*,*,#17105,.F.);
#17475 = ORIENTED_EDGE('',*,*,#17190,.T.);
#17476 = ORIENTED_EDGE('',*,*,#17411,.F.);
#17477 = ORIENTED_EDGE('',*,*,#17444,.T.);
#17478 = ORIENTED_EDGE('',*,*,#17363,.T.);
#17479 = ORIENTED_EDGE('',*,*,#17222,.T.);
#17480 = ORIENTED_EDGE('',*,*,#17167,.T.);
#17481 = ORIENTED_EDGE('',*,*,#17128,.F.);
#17482 = PLANE('',#17483);
#17483 = AXIS2_PLACEMENT_3D('',#17484,#17485,#17486);
#17484 = CARTESIAN_POINT('',(124.2,95.4,128.08108108108));
#17485 = DIRECTION('',(1.,0.,0.));
#17486 = DIRECTION('',(0.,0.,1.));
#17487 = MANIFOLD_SOLID_BREP('',#17488);
#17488 = CLOSED_SHELL('',(#17489,#17529,#17560,#17600,#17631,#17662,
    #17693,#17717,#17752,#17778,#17806,#17823));
#17489 = ADVANCED_FACE('',(#17490),#17524,.T.);
#17490 = FACE_BOUND('',#17491,.T.);
#17491 = EDGE_LOOP('',(#17492,#17502,#17510,#17518));
#17492 = ORIENTED_EDGE('',*,*,#17493,.F.);
#17493 = EDGE_CURVE('',#17494,#17496,#17498,.T.);
#17494 = VERTEX_POINT('',#17495);
#17495 = CARTESIAN_POINT('',(17.8,2.2,134.8));
#17496 = VERTEX_POINT('',#17497);
#17497 = CARTESIAN_POINT('',(17.8,84.,134.8));
#17498 = LINE('',#17499,#17500);
#17499 = CARTESIAN_POINT('',(17.8,2.2,134.8));
#17500 = VECTOR('',#17501,1.);
#17501 = DIRECTION('',(0.,1.,0.));
#17502 = ORIENTED_EDGE('',*,*,#17503,.T.);
#17503 = EDGE_CURVE('',#17494,#17504,#17506,.T.);
#17504 = VERTEX_POINT('',#17505);
#17505 = CARTESIAN_POINT('',(18.8,2.2,134.8));
#17506 = LINE('',#17507,#17508);
#17507 = CARTESIAN_POINT('',(17.8,2.2,134.8));
#17508 = VECTOR('',#17509,1.);
#17509 = DIRECTION('',(1.,0.,0.));
#17510 = ORIENTED_EDGE('',*,*,#17511,.T.);
#17511 = EDGE_CURVE('',#17504,#17512,#17514,.T.);
#17512 = VERTEX_POINT('',#17513);
#17513 = CARTESIAN_POINT('',(18.8,84.,134.8));
#17514 = LINE('',#17515,#17516);
#17515 = CARTESIAN_POINT('',(18.8,2.2,134.8));
#17516 = VECTOR('',#17517,1.);
#17517 = DIRECTION('',(0.,1.,0.));
#17518 = ORIENTED_EDGE('',*,*,#17519,.T.);
#17519 = EDGE_CURVE('',#17512,#17496,#17520,.T.);
#17520 = LINE('',#17521,#17522);
#17521 = CARTESIAN_POINT('',(17.8,84.,134.8));
#17522 = VECTOR('',#17523,1.);
#17523 = DIRECTION('',(-1.,0.,0.));
#17524 = PLANE('',#17525);
#17525 = AXIS2_PLACEMENT_3D('',#17526,#17527,#17528);
#17526 = CARTESIAN_POINT('',(17.8,2.2,134.8));
#17527 = DIRECTION('',(0.,0.,1.));
#17528 = DIRECTION('',(1.,0.,0.));
#17529 = ADVANCED_FACE('',(#17530),#17555,.F.);
#17530 = FACE_BOUND('',#17531,.F.);
#17531 = EDGE_LOOP('',(#17532,#17542,#17548,#17549));
#17532 = ORIENTED_EDGE('',*,*,#17533,.F.);
#17533 = EDGE_CURVE('',#17534,#17536,#17538,.T.);
#17534 = VERTEX_POINT('',#17535);
#17535 = CARTESIAN_POINT('',(17.8,2.2,128.));
#17536 = VERTEX_POINT('',#17537);
#17537 = CARTESIAN_POINT('',(18.8,2.2,128.));
#17538 = LINE('',#17539,#17540);
#17539 = CARTESIAN_POINT('',(17.8,2.2,128.));
#17540 = VECTOR('',#17541,1.);
#17541 = DIRECTION('',(1.,0.,0.));
#17542 = ORIENTED_EDGE('',*,*,#17543,.T.);
#17543 = EDGE_CURVE('',#17534,#17494,#17544,.T.);
#17544 = LINE('',#17545,#17546);
#17545 = CARTESIAN_POINT('',(17.8,2.2,128.));
#17546 = VECTOR('',#17547,1.);
#17547 = DIRECTION('',(0.,0.,1.));
#17548 = ORIENTED_EDGE('',*,*,#17503,.T.);
#17549 = ORIENTED_EDGE('',*,*,#17550,.F.);
#17550 = EDGE_CURVE('',#17536,#17504,#17551,.T.);
#17551 = LINE('',#17552,#17553);
#17552 = CARTESIAN_POINT('',(18.8,2.2,128.));
#17553 = VECTOR('',#17554,1.);
#17554 = DIRECTION('',(0.,0.,1.));
#17555 = PLANE('',#17556);
#17556 = AXIS2_PLACEMENT_3D('',#17557,#17558,#17559);
#17557 = CARTESIAN_POINT('',(17.8,2.2,128.));
#17558 = DIRECTION('',(0.,1.,0.));
#17559 = DIRECTION('',(0.,0.,1.));
#17560 = ADVANCED_FACE('',(#17561),#17595,.T.);
#17561 = FACE_BOUND('',#17562,.T.);
#17562 = EDGE_LOOP('',(#17563,#17564,#17572,#17580,#17588,#17594));
#17563 = ORIENTED_EDGE('',*,*,#17493,.T.);
#17564 = ORIENTED_EDGE('',*,*,#17565,.T.);
#17565 = EDGE_CURVE('',#17496,#17566,#17568,.T.);
#17566 = VERTEX_POINT('',#17567);
#17567 = CARTESIAN_POINT('',(17.8,84.,137.4));
#17568 = LINE('',#17569,#17570);
#17569 = CARTESIAN_POINT('',(17.8,84.,128.));
#17570 = VECTOR('',#17571,1.);
#17571 = DIRECTION('',(0.,0.,1.));
#17572 = ORIENTED_EDGE('',*,*,#17573,.F.);
#17573 = EDGE_CURVE('',#17574,#17566,#17576,.T.);
#17574 = VERTEX_POINT('',#17575);
#17575 = CARTESIAN_POINT('',(17.8,92.,137.4));
#17576 = LINE('',#17577,#17578);
#17577 = CARTESIAN_POINT('',(17.8,84.,137.4));
#17578 = VECTOR('',#17579,1.);
#17579 = DIRECTION('',(0.,-1.,0.));
#17580 = ORIENTED_EDGE('',*,*,#17581,.F.);
#17581 = EDGE_CURVE('',#17582,#17574,#17584,.T.);
#17582 = VERTEX_POINT('',#17583);
#17583 = CARTESIAN_POINT('',(17.8,92.,128.));
#17584 = LINE('',#17585,#17586);
#17585 = CARTESIAN_POINT('',(17.8,92.,128.));
#17586 = VECTOR('',#17587,1.);
#17587 = DIRECTION('',(0.,0.,1.));
#17588 = ORIENTED_EDGE('',*,*,#17589,.F.);
#17589 = EDGE_CURVE('',#17534,#17582,#17590,.T.);
#17590 = LINE('',#17591,#17592);
#17591 = CARTESIAN_POINT('',(17.8,2.2,128.));
#17592 = VECTOR('',#17593,1.);
#17593 = DIRECTION('',(0.,1.,0.));
#17594 = ORIENTED_EDGE('',*,*,#17543,.T.);
#17595 = PLANE('',#17596);
#17596 = AXIS2_PLACEMENT_3D('',#17597,#17598,#17599);
#17597 = CARTESIAN_POINT('',(17.8,48.171975806452,131.62802419354));
#17598 = DIRECTION('',(-1.,-0.,-0.));
#17599 = DIRECTION('',(0.,0.,-1.));
#17600 = ADVANCED_FACE('',(#17601),#17626,.F.);
#17601 = FACE_BOUND('',#17602,.F.);
#17602 = EDGE_LOOP('',(#17603,#17613,#17619,#17620));
#17603 = ORIENTED_EDGE('',*,*,#17604,.F.);
#17604 = EDGE_CURVE('',#17605,#17607,#17609,.T.);
#17605 = VERTEX_POINT('',#17606);
#17606 = CARTESIAN_POINT('',(14.,84.,137.4));
#17607 = VERTEX_POINT('',#17608);
#17608 = CARTESIAN_POINT('',(14.,92.,137.4));
#17609 = LINE('',#17610,#17611);
#17610 = CARTESIAN_POINT('',(14.,84.,137.4));
#17611 = VECTOR('',#17612,1.);
#17612 = DIRECTION('',(0.,1.,0.));
#17613 = ORIENTED_EDGE('',*,*,#17614,.T.);
#17614 = EDGE_CURVE('',#17605,#17566,#17615,.T.);
#17615 = LINE('',#17616,#17617);
#17616 = CARTESIAN_POINT('',(13.,84.,137.4));
#17617 = VECTOR('',#17618,1.);
#17618 = DIRECTION('',(1.,0.,0.));
#17619 = ORIENTED_EDGE('',*,*,#17573,.F.);
#17620 = ORIENTED_EDGE('',*,*,#17621,.F.);
#17621 = EDGE_CURVE('',#17607,#17574,#17622,.T.);
#17622 = LINE('',#17623,#17624);
#17623 = CARTESIAN_POINT('',(13.,92.,137.4));
#17624 = VECTOR('',#17625,1.);
#17625 = DIRECTION('',(1.,0.,0.));
#17626 = PLANE('',#17627);
#17627 = AXIS2_PLACEMENT_3D('',#17628,#17629,#17630);
#17628 = CARTESIAN_POINT('',(13.,84.,137.4));
#17629 = DIRECTION('',(0.,0.,1.));
#17630 = DIRECTION('',(1.,0.,0.));
#17631 = ADVANCED_FACE('',(#17632),#17657,.T.);
#17632 = FACE_BOUND('',#17633,.T.);
#17633 = EDGE_LOOP('',(#17634,#17642,#17650,#17656));
#17634 = ORIENTED_EDGE('',*,*,#17635,.F.);
#17635 = EDGE_CURVE('',#17636,#17605,#17638,.T.);
#17636 = VERTEX_POINT('',#17637);
#17637 = CARTESIAN_POINT('',(14.,84.,133.4));
#17638 = LINE('',#17639,#17640);
#17639 = CARTESIAN_POINT('',(14.,84.,133.4));
#17640 = VECTOR('',#17641,1.);
#17641 = DIRECTION('',(0.,0.,1.));
#17642 = ORIENTED_EDGE('',*,*,#17643,.T.);
#17643 = EDGE_CURVE('',#17636,#17644,#17646,.T.);
#17644 = VERTEX_POINT('',#17645);
#17645 = CARTESIAN_POINT('',(14.,92.,133.4));
#17646 = LINE('',#17647,#17648);
#17647 = CARTESIAN_POINT('',(14.,84.,133.4));
#17648 = VECTOR('',#17649,1.);
#17649 = DIRECTION('',(0.,1.,0.));
#17650 = ORIENTED_EDGE('',*,*,#17651,.T.);
#17651 = EDGE_CURVE('',#17644,#17607,#17652,.T.);
#17652 = LINE('',#17653,#17654);
#17653 = CARTESIAN_POINT('',(14.,92.,133.4));
#17654 = VECTOR('',#17655,1.);
#17655 = DIRECTION('',(0.,0.,1.));
#17656 = ORIENTED_EDGE('',*,*,#17604,.F.);
#17657 = PLANE('',#17658);
#17658 = AXIS2_PLACEMENT_3D('',#17659,#17660,#17661);
#17659 = CARTESIAN_POINT('',(14.,84.,133.4));
#17660 = DIRECTION('',(1.,0.,0.));
#17661 = DIRECTION('',(0.,0.,1.));
#17662 = ADVANCED_FACE('',(#17663),#17688,.F.);
#17663 = FACE_BOUND('',#17664,.F.);
#17664 = EDGE_LOOP('',(#17665,#17675,#17681,#17682));
#17665 = ORIENTED_EDGE('',*,*,#17666,.F.);
#17666 = EDGE_CURVE('',#17667,#17669,#17671,.T.);
#17667 = VERTEX_POINT('',#17668);
#17668 = CARTESIAN_POINT('',(13.,84.,133.4));
#17669 = VERTEX_POINT('',#17670);
#17670 = CARTESIAN_POINT('',(13.,92.,133.4));
#17671 = LINE('',#17672,#17673);
#17672 = CARTESIAN_POINT('',(13.,84.,133.4));
#17673 = VECTOR('',#17674,1.);
#17674 = DIRECTION('',(0.,1.,0.));
#17675 = ORIENTED_EDGE('',*,*,#17676,.T.);
#17676 = EDGE_CURVE('',#17667,#17636,#17677,.T.);
#17677 = LINE('',#17678,#17679);
#17678 = CARTESIAN_POINT('',(13.,84.,133.4));
#17679 = VECTOR('',#17680,1.);
#17680 = DIRECTION('',(1.,0.,0.));
#17681 = ORIENTED_EDGE('',*,*,#17643,.T.);
#17682 = ORIENTED_EDGE('',*,*,#17683,.F.);
#17683 = EDGE_CURVE('',#17669,#17644,#17684,.T.);
#17684 = LINE('',#17685,#17686);
#17685 = CARTESIAN_POINT('',(13.,92.,133.4));
#17686 = VECTOR('',#17687,1.);
#17687 = DIRECTION('',(1.,0.,0.));
#17688 = PLANE('',#17689);
#17689 = AXIS2_PLACEMENT_3D('',#17690,#17691,#17692);
#17690 = CARTESIAN_POINT('',(13.,84.,133.4));
#17691 = DIRECTION('',(0.,0.,1.));
#17692 = DIRECTION('',(1.,0.,0.));
#17693 = ADVANCED_FACE('',(#17694),#17712,.F.);
#17694 = FACE_BOUND('',#17695,.T.);
#17695 = EDGE_LOOP('',(#17696,#17697,#17705,#17711));
#17696 = ORIENTED_EDGE('',*,*,#17589,.T.);
#17697 = ORIENTED_EDGE('',*,*,#17698,.T.);
#17698 = EDGE_CURVE('',#17582,#17699,#17701,.T.);
#17699 = VERTEX_POINT('',#17700);
#17700 = CARTESIAN_POINT('',(18.8,92.,128.));
#17701 = LINE('',#17702,#17703);
#17702 = CARTESIAN_POINT('',(17.8,92.,128.));
#17703 = VECTOR('',#17704,1.);
#17704 = DIRECTION('',(1.,0.,0.));
#17705 = ORIENTED_EDGE('',*,*,#17706,.F.);
#17706 = EDGE_CURVE('',#17536,#17699,#17707,.T.);
#17707 = LINE('',#17708,#17709);
#17708 = CARTESIAN_POINT('',(18.8,2.2,128.));
#17709 = VECTOR('',#17710,1.);
#17710 = DIRECTION('',(0.,1.,0.));
#17711 = ORIENTED_EDGE('',*,*,#17533,.F.);
#17712 = PLANE('',#17713);
#17713 = AXIS2_PLACEMENT_3D('',#17714,#17715,#17716);
#17714 = CARTESIAN_POINT('',(17.8,2.2,128.));
#17715 = DIRECTION('',(0.,0.,1.));
#17716 = DIRECTION('',(1.,0.,0.));
#17717 = ADVANCED_FACE('',(#17718),#17747,.T.);
#17718 = FACE_BOUND('',#17719,.T.);
#17719 = EDGE_LOOP('',(#17720,#17721,#17729,#17737,#17743,#17744,#17745,
    #17746));
#17720 = ORIENTED_EDGE('',*,*,#17519,.F.);
#17721 = ORIENTED_EDGE('',*,*,#17722,.T.);
#17722 = EDGE_CURVE('',#17512,#17723,#17725,.T.);
#17723 = VERTEX_POINT('',#17724);
#17724 = CARTESIAN_POINT('',(18.8,84.,139.4));
#17725 = LINE('',#17726,#17727);
#17726 = CARTESIAN_POINT('',(18.8,84.,128.));
#17727 = VECTOR('',#17728,1.);
#17728 = DIRECTION('',(0.,0.,1.));
#17729 = ORIENTED_EDGE('',*,*,#17730,.F.);
#17730 = EDGE_CURVE('',#17731,#17723,#17733,.T.);
#17731 = VERTEX_POINT('',#17732);
#17732 = CARTESIAN_POINT('',(13.,84.,139.4));
#17733 = LINE('',#17734,#17735);
#17734 = CARTESIAN_POINT('',(17.8,84.,139.4));
#17735 = VECTOR('',#17736,1.);
#17736 = DIRECTION('',(1.,0.,0.));
#17737 = ORIENTED_EDGE('',*,*,#17738,.F.);
#17738 = EDGE_CURVE('',#17667,#17731,#17739,.T.);
#17739 = LINE('',#17740,#17741);
#17740 = CARTESIAN_POINT('',(13.,84.,137.4));
#17741 = VECTOR('',#17742,1.);
#17742 = DIRECTION('',(0.,0.,1.));
#17743 = ORIENTED_EDGE('',*,*,#17676,.T.);
#17744 = ORIENTED_EDGE('',*,*,#17635,.T.);
#17745 = ORIENTED_EDGE('',*,*,#17614,.T.);
#17746 = ORIENTED_EDGE('',*,*,#17565,.F.);
#17747 = PLANE('',#17748);
#17748 = AXIS2_PLACEMENT_3D('',#17749,#17750,#17751);
#17749 = CARTESIAN_POINT('',(15.666666666667,84.,136.92222222222));
#17750 = DIRECTION('',(-0.,-1.,-0.));
#17751 = DIRECTION('',(0.,0.,-1.));
#17752 = ADVANCED_FACE('',(#17753),#17773,.T.);
#17753 = FACE_BOUND('',#17754,.T.);
#17754 = EDGE_LOOP('',(#17755,#17756,#17757,#17758,#17766,#17772));
#17755 = ORIENTED_EDGE('',*,*,#17511,.F.);
#17756 = ORIENTED_EDGE('',*,*,#17550,.F.);
#17757 = ORIENTED_EDGE('',*,*,#17706,.T.);
#17758 = ORIENTED_EDGE('',*,*,#17759,.T.);
#17759 = EDGE_CURVE('',#17699,#17760,#17762,.T.);
#17760 = VERTEX_POINT('',#17761);
#17761 = CARTESIAN_POINT('',(18.8,92.,139.4));
#17762 = LINE('',#17763,#17764);
#17763 = CARTESIAN_POINT('',(18.8,92.,128.));
#17764 = VECTOR('',#17765,1.);
#17765 = DIRECTION('',(0.,0.,1.));
#17766 = ORIENTED_EDGE('',*,*,#17767,.F.);
#17767 = EDGE_CURVE('',#17723,#17760,#17768,.T.);
#17768 = LINE('',#17769,#17770);
#17769 = CARTESIAN_POINT('',(18.8,84.,139.4));
#17770 = VECTOR('',#17771,1.);
#17771 = DIRECTION('',(0.,1.,0.));
#17772 = ORIENTED_EDGE('',*,*,#17722,.F.);
#17773 = PLANE('',#17774);
#17774 = AXIS2_PLACEMENT_3D('',#17775,#17776,#17777);
#17775 = CARTESIAN_POINT('',(18.8,48.959090909091,131.8409090909));
#17776 = DIRECTION('',(1.,0.,0.));
#17777 = DIRECTION('',(0.,0.,1.));
#17778 = ADVANCED_FACE('',(#17779),#17801,.T.);
#17779 = FACE_BOUND('',#17780,.T.);
#17780 = EDGE_LOOP('',(#17781,#17782,#17783,#17784,#17785,#17786,#17794,
    #17800));
#17781 = ORIENTED_EDGE('',*,*,#17698,.F.);
#17782 = ORIENTED_EDGE('',*,*,#17581,.T.);
#17783 = ORIENTED_EDGE('',*,*,#17621,.F.);
#17784 = ORIENTED_EDGE('',*,*,#17651,.F.);
#17785 = ORIENTED_EDGE('',*,*,#17683,.F.);
#17786 = ORIENTED_EDGE('',*,*,#17787,.T.);
#17787 = EDGE_CURVE('',#17669,#17788,#17790,.T.);
#17788 = VERTEX_POINT('',#17789);
#17789 = CARTESIAN_POINT('',(13.,92.,139.4));
#17790 = LINE('',#17791,#17792);
#17791 = CARTESIAN_POINT('',(13.,92.,133.4));
#17792 = VECTOR('',#17793,1.);
#17793 = DIRECTION('',(0.,0.,1.));
#17794 = ORIENTED_EDGE('',*,*,#17795,.T.);
#17795 = EDGE_CURVE('',#17788,#17760,#17796,.T.);
#17796 = LINE('',#17797,#17798);
#17797 = CARTESIAN_POINT('',(13.,92.,139.4));
#17798 = VECTOR('',#17799,1.);
#17799 = DIRECTION('',(1.,0.,0.));
#17800 = ORIENTED_EDGE('',*,*,#17759,.F.);
#17801 = PLANE('',#17802);
#17802 = AXIS2_PLACEMENT_3D('',#17803,#17804,#17805);
#17803 = CARTESIAN_POINT('',(16.511320754717,92.,134.99056603773));
#17804 = DIRECTION('',(0.,1.,0.));
#17805 = DIRECTION('',(0.,0.,1.));
#17806 = ADVANCED_FACE('',(#17807),#17818,.T.);
#17807 = FACE_BOUND('',#17808,.T.);
#17808 = EDGE_LOOP('',(#17809,#17810,#17816,#17817));
#17809 = ORIENTED_EDGE('',*,*,#17795,.F.);
#17810 = ORIENTED_EDGE('',*,*,#17811,.F.);
#17811 = EDGE_CURVE('',#17731,#17788,#17812,.T.);
#17812 = LINE('',#17813,#17814);
#17813 = CARTESIAN_POINT('',(13.,84.,139.4));
#17814 = VECTOR('',#17815,1.);
#17815 = DIRECTION('',(0.,1.,0.));
#17816 = ORIENTED_EDGE('',*,*,#17730,.T.);
#17817 = ORIENTED_EDGE('',*,*,#17767,.T.);
#17818 = PLANE('',#17819);
#17819 = AXIS2_PLACEMENT_3D('',#17820,#17821,#17822);
#17820 = CARTESIAN_POINT('',(15.9,88.,139.4));
#17821 = DIRECTION('',(0.,0.,1.));
#17822 = DIRECTION('',(1.,0.,0.));
#17823 = ADVANCED_FACE('',(#17824),#17830,.T.);
#17824 = FACE_BOUND('',#17825,.T.);
#17825 = EDGE_LOOP('',(#17826,#17827,#17828,#17829));
#17826 = ORIENTED_EDGE('',*,*,#17738,.T.);
#17827 = ORIENTED_EDGE('',*,*,#17811,.T.);
#17828 = ORIENTED_EDGE('',*,*,#17787,.F.);
#17829 = ORIENTED_EDGE('',*,*,#17666,.F.);
#17830 = PLANE('',#17831);
#17831 = AXIS2_PLACEMENT_3D('',#17832,#17833,#17834);
#17832 = CARTESIAN_POINT('',(13.,88.,136.4));
#17833 = DIRECTION('',(-1.,-0.,-0.));
#17834 = DIRECTION('',(0.,0.,-1.));
#17835 = MANIFOLD_SOLID_BREP('',#17836);
#17836 = CLOSED_SHELL('',(#17837,#17877,#17908,#17948,#17972,#18028,
    #18059,#18083,#18107,#18126,#18154,#18171));
#17837 = ADVANCED_FACE('',(#17838),#17872,.T.);
#17838 = FACE_BOUND('',#17839,.T.);
#17839 = EDGE_LOOP('',(#17840,#17850,#17858,#17866));
#17840 = ORIENTED_EDGE('',*,*,#17841,.F.);
#17841 = EDGE_CURVE('',#17842,#17844,#17846,.T.);
#17842 = VERTEX_POINT('',#17843);
#17843 = CARTESIAN_POINT('',(123.2,2.2,134.8));
#17844 = VERTEX_POINT('',#17845);
#17845 = CARTESIAN_POINT('',(123.2,84.,134.8));
#17846 = LINE('',#17847,#17848);
#17847 = CARTESIAN_POINT('',(123.2,2.2,134.8));
#17848 = VECTOR('',#17849,1.);
#17849 = DIRECTION('',(0.,1.,0.));
#17850 = ORIENTED_EDGE('',*,*,#17851,.T.);
#17851 = EDGE_CURVE('',#17842,#17852,#17854,.T.);
#17852 = VERTEX_POINT('',#17853);
#17853 = CARTESIAN_POINT('',(124.2,2.2,134.8));
#17854 = LINE('',#17855,#17856);
#17855 = CARTESIAN_POINT('',(123.2,2.2,134.8));
#17856 = VECTOR('',#17857,1.);
#17857 = DIRECTION('',(1.,0.,0.));
#17858 = ORIENTED_EDGE('',*,*,#17859,.T.);
#17859 = EDGE_CURVE('',#17852,#17860,#17862,.T.);
#17860 = VERTEX_POINT('',#17861);
#17861 = CARTESIAN_POINT('',(124.2,84.,134.8));
#17862 = LINE('',#17863,#17864);
#17863 = CARTESIAN_POINT('',(124.2,2.2,134.8));
#17864 = VECTOR('',#17865,1.);
#17865 = DIRECTION('',(0.,1.,0.));
#17866 = ORIENTED_EDGE('',*,*,#17867,.T.);
#17867 = EDGE_CURVE('',#17860,#17844,#17868,.T.);
#17868 = LINE('',#17869,#17870);
#17869 = CARTESIAN_POINT('',(123.2,84.,134.8));
#17870 = VECTOR('',#17871,1.);
#17871 = DIRECTION('',(-1.,0.,0.));
#17872 = PLANE('',#17873);
#17873 = AXIS2_PLACEMENT_3D('',#17874,#17875,#17876);
#17874 = CARTESIAN_POINT('',(123.2,2.2,134.8));
#17875 = DIRECTION('',(0.,0.,1.));
#17876 = DIRECTION('',(1.,0.,0.));
#17877 = ADVANCED_FACE('',(#17878),#17903,.F.);
#17878 = FACE_BOUND('',#17879,.F.);
#17879 = EDGE_LOOP('',(#17880,#17890,#17896,#17897));
#17880 = ORIENTED_EDGE('',*,*,#17881,.F.);
#17881 = EDGE_CURVE('',#17882,#17884,#17886,.T.);
#17882 = VERTEX_POINT('',#17883);
#17883 = CARTESIAN_POINT('',(123.2,2.2,128.));
#17884 = VERTEX_POINT('',#17885);
#17885 = CARTESIAN_POINT('',(124.2,2.2,128.));
#17886 = LINE('',#17887,#17888);
#17887 = CARTESIAN_POINT('',(123.2,2.2,128.));
#17888 = VECTOR('',#17889,1.);
#17889 = DIRECTION('',(1.,0.,0.));
#17890 = ORIENTED_EDGE('',*,*,#17891,.T.);
#17891 = EDGE_CURVE('',#17882,#17842,#17892,.T.);
#17892 = LINE('',#17893,#17894);
#17893 = CARTESIAN_POINT('',(123.2,2.2,128.));
#17894 = VECTOR('',#17895,1.);
#17895 = DIRECTION('',(0.,0.,1.));
#17896 = ORIENTED_EDGE('',*,*,#17851,.T.);
#17897 = ORIENTED_EDGE('',*,*,#17898,.F.);
#17898 = EDGE_CURVE('',#17884,#17852,#17899,.T.);
#17899 = LINE('',#17900,#17901);
#17900 = CARTESIAN_POINT('',(124.2,2.2,128.));
#17901 = VECTOR('',#17902,1.);
#17902 = DIRECTION('',(0.,0.,1.));
#17903 = PLANE('',#17904);
#17904 = AXIS2_PLACEMENT_3D('',#17905,#17906,#17907);
#17905 = CARTESIAN_POINT('',(123.2,2.2,128.));
#17906 = DIRECTION('',(0.,1.,0.));
#17907 = DIRECTION('',(0.,0.,1.));
#17908 = ADVANCED_FACE('',(#17909),#17943,.T.);
#17909 = FACE_BOUND('',#17910,.T.);
#17910 = EDGE_LOOP('',(#17911,#17912,#17920,#17928,#17936,#17942));
#17911 = ORIENTED_EDGE('',*,*,#17841,.T.);
#17912 = ORIENTED_EDGE('',*,*,#17913,.T.);
#17913 = EDGE_CURVE('',#17844,#17914,#17916,.T.);
#17914 = VERTEX_POINT('',#17915);
#17915 = CARTESIAN_POINT('',(123.2,84.,139.4));
#17916 = LINE('',#17917,#17918);
#17917 = CARTESIAN_POINT('',(123.2,84.,128.));
#17918 = VECTOR('',#17919,1.);
#17919 = DIRECTION('',(0.,0.,1.));
#17920 = ORIENTED_EDGE('',*,*,#17921,.T.);
#17921 = EDGE_CURVE('',#17914,#17922,#17924,.T.);
#17922 = VERTEX_POINT('',#17923);
#17923 = CARTESIAN_POINT('',(123.2,92.,139.4));
#17924 = LINE('',#17925,#17926);
#17925 = CARTESIAN_POINT('',(123.2,84.,139.4));
#17926 = VECTOR('',#17927,1.);
#17927 = DIRECTION('',(0.,1.,0.));
#17928 = ORIENTED_EDGE('',*,*,#17929,.F.);
#17929 = EDGE_CURVE('',#17930,#17922,#17932,.T.);
#17930 = VERTEX_POINT('',#17931);
#17931 = CARTESIAN_POINT('',(123.2,92.,128.));
#17932 = LINE('',#17933,#17934);
#17933 = CARTESIAN_POINT('',(123.2,92.,128.));
#17934 = VECTOR('',#17935,1.);
#17935 = DIRECTION('',(0.,0.,1.));
#17936 = ORIENTED_EDGE('',*,*,#17937,.F.);
#17937 = EDGE_CURVE('',#17882,#17930,#17938,.T.);
#17938 = LINE('',#17939,#17940);
#17939 = CARTESIAN_POINT('',(123.2,2.2,128.));
#17940 = VECTOR('',#17941,1.);
#17941 = DIRECTION('',(0.,1.,0.));
#17942 = ORIENTED_EDGE('',*,*,#17891,.T.);
#17943 = PLANE('',#17944);
#17944 = AXIS2_PLACEMENT_3D('',#17945,#17946,#17947);
#17945 = CARTESIAN_POINT('',(123.2,48.959090909091,131.8409090909));
#17946 = DIRECTION('',(-1.,-0.,-0.));
#17947 = DIRECTION('',(0.,0.,-1.));
#17948 = ADVANCED_FACE('',(#17949),#17967,.F.);
#17949 = FACE_BOUND('',#17950,.T.);
#17950 = EDGE_LOOP('',(#17951,#17952,#17960,#17966));
#17951 = ORIENTED_EDGE('',*,*,#17937,.T.);
#17952 = ORIENTED_EDGE('',*,*,#17953,.T.);
#17953 = EDGE_CURVE('',#17930,#17954,#17956,.T.);
#17954 = VERTEX_POINT('',#17955);
#17955 = CARTESIAN_POINT('',(124.2,92.,128.));
#17956 = LINE('',#17957,#17958);
#17957 = CARTESIAN_POINT('',(123.2,92.,128.));
#17958 = VECTOR('',#17959,1.);
#17959 = DIRECTION('',(1.,0.,0.));
#17960 = ORIENTED_EDGE('',*,*,#17961,.F.);
#17961 = EDGE_CURVE('',#17884,#17954,#17962,.T.);
#17962 = LINE('',#17963,#17964);
#17963 = CARTESIAN_POINT('',(124.2,2.2,128.));
#17964 = VECTOR('',#17965,1.);
#17965 = DIRECTION('',(0.,1.,0.));
#17966 = ORIENTED_EDGE('',*,*,#17881,.F.);
#17967 = PLANE('',#17968);
#17968 = AXIS2_PLACEMENT_3D('',#17969,#17970,#17971);
#17969 = CARTESIAN_POINT('',(123.2,2.2,128.));
#17970 = DIRECTION('',(0.,0.,1.));
#17971 = DIRECTION('',(1.,0.,0.));
#17972 = ADVANCED_FACE('',(#17973),#18023,.T.);
#17973 = FACE_BOUND('',#17974,.T.);
#17974 = EDGE_LOOP('',(#17975,#17976,#17984,#17992,#18000,#18008,#18016,
    #18022));
#17975 = ORIENTED_EDGE('',*,*,#17867,.F.);
#17976 = ORIENTED_EDGE('',*,*,#17977,.T.);
#17977 = EDGE_CURVE('',#17860,#17978,#17980,.T.);
#17978 = VERTEX_POINT('',#17979);
#17979 = CARTESIAN_POINT('',(124.2,84.,137.4));
#17980 = LINE('',#17981,#17982);
#17981 = CARTESIAN_POINT('',(124.2,84.,128.));
#17982 = VECTOR('',#17983,1.);
#17983 = DIRECTION('',(0.,0.,1.));
#17984 = ORIENTED_EDGE('',*,*,#17985,.T.);
#17985 = EDGE_CURVE('',#17978,#17986,#17988,.T.);
#17986 = VERTEX_POINT('',#17987);
#17987 = CARTESIAN_POINT('',(128.,84.,137.4));
#17988 = LINE('',#17989,#17990);
#17989 = CARTESIAN_POINT('',(123.2,84.,137.4));
#17990 = VECTOR('',#17991,1.);
#17991 = DIRECTION('',(1.,0.,0.));
#17992 = ORIENTED_EDGE('',*,*,#17993,.F.);
#17993 = EDGE_CURVE('',#17994,#17986,#17996,.T.);
#17994 = VERTEX_POINT('',#17995);
#17995 = CARTESIAN_POINT('',(128.,84.,133.4));
#17996 = LINE('',#17997,#17998);
#17997 = CARTESIAN_POINT('',(128.,84.,133.4));
#17998 = VECTOR('',#17999,1.);
#17999 = DIRECTION('',(0.,0.,1.));
#18000 = ORIENTED_EDGE('',*,*,#18001,.T.);
#18001 = EDGE_CURVE('',#17994,#18002,#18004,.T.);
#18002 = VERTEX_POINT('',#18003);
#18003 = CARTESIAN_POINT('',(129.,84.,133.4));
#18004 = LINE('',#18005,#18006);
#18005 = CARTESIAN_POINT('',(128.,84.,133.4));
#18006 = VECTOR('',#18007,1.);
#18007 = DIRECTION('',(1.,0.,0.));
#18008 = ORIENTED_EDGE('',*,*,#18009,.T.);
#18009 = EDGE_CURVE('',#18002,#18010,#18012,.T.);
#18010 = VERTEX_POINT('',#18011);
#18011 = CARTESIAN_POINT('',(129.,84.,139.4));
#18012 = LINE('',#18013,#18014);
#18013 = CARTESIAN_POINT('',(129.,84.,133.4));
#18014 = VECTOR('',#18015,1.);
#18015 = DIRECTION('',(0.,0.,1.));
#18016 = ORIENTED_EDGE('',*,*,#18017,.F.);
#18017 = EDGE_CURVE('',#17914,#18010,#18018,.T.);
#18018 = LINE('',#18019,#18020);
#18019 = CARTESIAN_POINT('',(123.2,84.,139.4));
#18020 = VECTOR('',#18021,1.);
#18021 = DIRECTION('',(1.,0.,0.));
#18022 = ORIENTED_EDGE('',*,*,#17913,.F.);
#18023 = PLANE('',#18024);
#18024 = AXIS2_PLACEMENT_3D('',#18025,#18026,#18027);
#18025 = CARTESIAN_POINT('',(126.33333333333,84.,136.92222222222));
#18026 = DIRECTION('',(-0.,-1.,-0.));
#18027 = DIRECTION('',(0.,0.,-1.));
#18028 = ADVANCED_FACE('',(#18029),#18054,.F.);
#18029 = FACE_BOUND('',#18030,.F.);
#18030 = EDGE_LOOP('',(#18031,#18039,#18040,#18048));
#18031 = ORIENTED_EDGE('',*,*,#18032,.T.);
#18032 = EDGE_CURVE('',#18033,#17978,#18035,.T.);
#18033 = VERTEX_POINT('',#18034);
#18034 = CARTESIAN_POINT('',(124.2,92.,137.4));
#18035 = LINE('',#18036,#18037);
#18036 = CARTESIAN_POINT('',(124.2,84.,137.4));
#18037 = VECTOR('',#18038,1.);
#18038 = DIRECTION('',(0.,-1.,0.));
#18039 = ORIENTED_EDGE('',*,*,#17985,.T.);
#18040 = ORIENTED_EDGE('',*,*,#18041,.T.);
#18041 = EDGE_CURVE('',#17986,#18042,#18044,.T.);
#18042 = VERTEX_POINT('',#18043);
#18043 = CARTESIAN_POINT('',(128.,92.,137.4));
#18044 = LINE('',#18045,#18046);
#18045 = CARTESIAN_POINT('',(128.,84.,137.4));
#18046 = VECTOR('',#18047,1.);
#18047 = DIRECTION('',(0.,1.,0.));
#18048 = ORIENTED_EDGE('',*,*,#18049,.F.);
#18049 = EDGE_CURVE('',#18033,#18042,#18050,.T.);
#18050 = LINE('',#18051,#18052);
#18051 = CARTESIAN_POINT('',(123.2,92.,137.4));
#18052 = VECTOR('',#18053,1.);
#18053 = DIRECTION('',(1.,0.,0.));
#18054 = PLANE('',#18055);
#18055 = AXIS2_PLACEMENT_3D('',#18056,#18057,#18058);
#18056 = CARTESIAN_POINT('',(123.2,84.,137.4));
#18057 = DIRECTION('',(0.,0.,1.));
#18058 = DIRECTION('',(1.,0.,0.));
#18059 = ADVANCED_FACE('',(#18060),#18078,.F.);
#18060 = FACE_BOUND('',#18061,.F.);
#18061 = EDGE_LOOP('',(#18062,#18063,#18071,#18077));
#18062 = ORIENTED_EDGE('',*,*,#17993,.F.);
#18063 = ORIENTED_EDGE('',*,*,#18064,.T.);
#18064 = EDGE_CURVE('',#17994,#18065,#18067,.T.);
#18065 = VERTEX_POINT('',#18066);
#18066 = CARTESIAN_POINT('',(128.,92.,133.4));
#18067 = LINE('',#18068,#18069);
#18068 = CARTESIAN_POINT('',(128.,84.,133.4));
#18069 = VECTOR('',#18070,1.);
#18070 = DIRECTION('',(0.,1.,0.));
#18071 = ORIENTED_EDGE('',*,*,#18072,.T.);
#18072 = EDGE_CURVE('',#18065,#18042,#18073,.T.);
#18073 = LINE('',#18074,#18075);
#18074 = CARTESIAN_POINT('',(128.,92.,133.4));
#18075 = VECTOR('',#18076,1.);
#18076 = DIRECTION('',(0.,0.,1.));
#18077 = ORIENTED_EDGE('',*,*,#18041,.F.);
#18078 = PLANE('',#18079);
#18079 = AXIS2_PLACEMENT_3D('',#18080,#18081,#18082);
#18080 = CARTESIAN_POINT('',(128.,84.,133.4));
#18081 = DIRECTION('',(1.,0.,0.));
#18082 = DIRECTION('',(0.,0.,1.));
#18083 = ADVANCED_FACE('',(#18084),#18102,.F.);
#18084 = FACE_BOUND('',#18085,.F.);
#18085 = EDGE_LOOP('',(#18086,#18087,#18088,#18096));
#18086 = ORIENTED_EDGE('',*,*,#18064,.F.);
#18087 = ORIENTED_EDGE('',*,*,#18001,.T.);
#18088 = ORIENTED_EDGE('',*,*,#18089,.T.);
#18089 = EDGE_CURVE('',#18002,#18090,#18092,.T.);
#18090 = VERTEX_POINT('',#18091);
#18091 = CARTESIAN_POINT('',(129.,92.,133.4));
#18092 = LINE('',#18093,#18094);
#18093 = CARTESIAN_POINT('',(129.,84.,133.4));
#18094 = VECTOR('',#18095,1.);
#18095 = DIRECTION('',(0.,1.,0.));
#18096 = ORIENTED_EDGE('',*,*,#18097,.F.);
#18097 = EDGE_CURVE('',#18065,#18090,#18098,.T.);
#18098 = LINE('',#18099,#18100);
#18099 = CARTESIAN_POINT('',(128.,92.,133.4));
#18100 = VECTOR('',#18101,1.);
#18101 = DIRECTION('',(1.,0.,0.));
#18102 = PLANE('',#18103);
#18103 = AXIS2_PLACEMENT_3D('',#18104,#18105,#18106);
#18104 = CARTESIAN_POINT('',(128.,84.,133.4));
#18105 = DIRECTION('',(0.,0.,1.));
#18106 = DIRECTION('',(1.,0.,0.));
#18107 = ADVANCED_FACE('',(#18108),#18121,.T.);
#18108 = FACE_BOUND('',#18109,.T.);
#18109 = EDGE_LOOP('',(#18110,#18111,#18112,#18113,#18119,#18120));
#18110 = ORIENTED_EDGE('',*,*,#17859,.F.);
#18111 = ORIENTED_EDGE('',*,*,#17898,.F.);
#18112 = ORIENTED_EDGE('',*,*,#17961,.T.);
#18113 = ORIENTED_EDGE('',*,*,#18114,.T.);
#18114 = EDGE_CURVE('',#17954,#18033,#18115,.T.);
#18115 = LINE('',#18116,#18117);
#18116 = CARTESIAN_POINT('',(124.2,92.,128.));
#18117 = VECTOR('',#18118,1.);
#18118 = DIRECTION('',(0.,0.,1.));
#18119 = ORIENTED_EDGE('',*,*,#18032,.T.);
#18120 = ORIENTED_EDGE('',*,*,#17977,.F.);
#18121 = PLANE('',#18122);
#18122 = AXIS2_PLACEMENT_3D('',#18123,#18124,#18125);
#18123 = CARTESIAN_POINT('',(124.2,48.171975806452,131.62802419354));
#18124 = DIRECTION('',(1.,0.,0.));
#18125 = DIRECTION('',(0.,0.,1.));
#18126 = ADVANCED_FACE('',(#18127),#18149,.T.);
#18127 = FACE_BOUND('',#18128,.T.);
#18128 = EDGE_LOOP('',(#18129,#18130,#18131,#18139,#18145,#18146,#18147,
    #18148));
#18129 = ORIENTED_EDGE('',*,*,#17953,.F.);
#18130 = ORIENTED_EDGE('',*,*,#17929,.T.);
#18131 = ORIENTED_EDGE('',*,*,#18132,.T.);
#18132 = EDGE_CURVE('',#17922,#18133,#18135,.T.);
#18133 = VERTEX_POINT('',#18134);
#18134 = CARTESIAN_POINT('',(129.,92.,139.4));
#18135 = LINE('',#18136,#18137);
#18136 = CARTESIAN_POINT('',(123.2,92.,139.4));
#18137 = VECTOR('',#18138,1.);
#18138 = DIRECTION('',(1.,0.,0.));
#18139 = ORIENTED_EDGE('',*,*,#18140,.F.);
#18140 = EDGE_CURVE('',#18090,#18133,#18141,.T.);
#18141 = LINE('',#18142,#18143);
#18142 = CARTESIAN_POINT('',(129.,92.,137.4));
#18143 = VECTOR('',#18144,1.);
#18144 = DIRECTION('',(0.,0.,1.));
#18145 = ORIENTED_EDGE('',*,*,#18097,.F.);
#18146 = ORIENTED_EDGE('',*,*,#18072,.T.);
#18147 = ORIENTED_EDGE('',*,*,#18049,.F.);
#18148 = ORIENTED_EDGE('',*,*,#18114,.F.);
#18149 = PLANE('',#18150);
#18150 = AXIS2_PLACEMENT_3D('',#18151,#18152,#18153);
#18151 = CARTESIAN_POINT('',(125.48867924528,92.,134.99056603773));
#18152 = DIRECTION('',(0.,1.,0.));
#18153 = DIRECTION('',(0.,0.,1.));
#18154 = ADVANCED_FACE('',(#18155),#18166,.T.);
#18155 = FACE_BOUND('',#18156,.T.);
#18156 = EDGE_LOOP('',(#18157,#18158,#18159,#18165));
#18157 = ORIENTED_EDGE('',*,*,#17921,.F.);
#18158 = ORIENTED_EDGE('',*,*,#18017,.T.);
#18159 = ORIENTED_EDGE('',*,*,#18160,.T.);
#18160 = EDGE_CURVE('',#18010,#18133,#18161,.T.);
#18161 = LINE('',#18162,#18163);
#18162 = CARTESIAN_POINT('',(129.,84.,139.4));
#18163 = VECTOR('',#18164,1.);
#18164 = DIRECTION('',(0.,1.,0.));
#18165 = ORIENTED_EDGE('',*,*,#18132,.F.);
#18166 = PLANE('',#18167);
#18167 = AXIS2_PLACEMENT_3D('',#18168,#18169,#18170);
#18168 = CARTESIAN_POINT('',(126.1,88.,139.4));
#18169 = DIRECTION('',(0.,0.,1.));
#18170 = DIRECTION('',(1.,0.,0.));
#18171 = ADVANCED_FACE('',(#18172),#18178,.T.);
#18172 = FACE_BOUND('',#18173,.T.);
#18173 = EDGE_LOOP('',(#18174,#18175,#18176,#18177));
#18174 = ORIENTED_EDGE('',*,*,#18009,.F.);
#18175 = ORIENTED_EDGE('',*,*,#18089,.T.);
#18176 = ORIENTED_EDGE('',*,*,#18140,.T.);
#18177 = ORIENTED_EDGE('',*,*,#18160,.F.);
#18178 = PLANE('',#18179);
#18179 = AXIS2_PLACEMENT_3D('',#18180,#18181,#18182);
#18180 = CARTESIAN_POINT('',(129.,88.,136.4));
#18181 = DIRECTION('',(1.,0.,0.));
#18182 = DIRECTION('',(0.,0.,1.));
#18183 = ( GEOMETRIC_REPRESENTATION_CONTEXT(3) 
GLOBAL_UNCERTAINTY_ASSIGNED_CONTEXT((#18187)) 
GLOBAL_UNIT_ASSIGNED_CONTEXT((#18184,#18185,#18186)) 
REPRESENTATION_CONTEXT('Context #1',
  '3D Context with UNIT and UNCERTAINTY') );
#18184 = ( LENGTH_UNIT() NAMED_UNIT(*) SI_UNIT(.MILLI.,.METRE.) );
#18185 = ( NAMED_UNIT(*) PLANE_ANGLE_UNIT() SI_UNIT($,.RADIAN.) );
#18186 = ( NAMED_UNIT(*) SI_UNIT($,.STERADIAN.) SOLID_ANGLE_UNIT() );
#18187 = UNCERTAINTY_MEASURE_WITH_UNIT(LENGTH_MEASURE(5.E-05),#18184,
  'distance_accuracy_value','confusion accuracy');
#18188 = PRODUCT_RELATED_PRODUCT_CATEGORY('part',$,(#7));
ENDSEC;
END-ISO-10303-21;
