ISO-10303-21;
HEADER;
FILE_DESCRIPTION(('FreeCAD Model'),'2;1');
FILE_NAME('Open CASCADE Shape Model','2026-10-03T14:15:54',('FreeCAD'),(
    'FreeCAD'),'Open CASCADE STEP processor 7.8','FreeCAD','Unknown');
FILE_SCHEMA(('AUTOMOTIVE_DESIGN { 1 0 10303 214 1 1 1 1 }'));
ENDSEC;
DATA;
#1 = APPLICATION_PROTOCOL_DEFINITION('international standard',
  'automotive_design',2000,#2);
#2 = APPLICATION_CONTEXT(
  'core data for automotive mechanical design processes');
#3 = SHAPE_DEFINITION_REPRESENTATION(#4,#10);
#4 = PRODUCT_DEFINITION_SHAPE('','',#5);
#5 = PRODUCT_DEFINITION('design','',#6,#9);
#6 = PRODUCT_DEFINITION_FORMATION('','',#7);
#7 = PRODUCT('Open CASCADE STEP translator 7.8 1',
  'Open CASCADE STEP translator 7.8 1','',(#8));
#8 = PRODUCT_CONTEXT('',#2,'mechanical');
#9 = PRODUCT_DEFINITION_CONTEXT('part definition',#2,'design');
#10 = ADVANCED_BREP_SHAPE_REPRESENTATION('',(#11,#15),#2895);
#11 = AXIS2_PLACEMENT_3D('',#12,#13,#14);
#12 = CARTESIAN_POINT('',(0.,0.,0.));
#13 = DIRECTION('',(0.,0.,1.));
#14 = DIRECTION('',(1.,0.,-0.));
#15 = MANIFOLD_SOLID_BREP('',#16);
#16 = CLOSED_SHELL('',(#17,#121,#212,#367,#407,#431,#464,#504,#528,#561,
    #644,#929,#953,#970,#995,#1031,#1051,#1068,#1085,#1102,#1119,#1168,
    #1225,#1277,#1294,#1343,#1400,#1452,#1464,#1481,#1493,#1510,#1522,
    #1547,#1571,#1607,#1627,#1683,#1707,#1756,#1781,#1798,#1810,#1835,
    #1852,#1877,#1902,#1919,#1944,#1961,#1978,#1990,#2015,#2040,#2092,
    #2108,#2127,#2137,#2147,#2167,#2183,#2199,#2218,#2228,#2238,#2258,
    #2274,#2299,#2319,#2339,#2364,#2389,#2414,#2439,#2464,#2493,#2522,
    #2547,#2572,#2597,#2622,#2647,#2656,#2665,#2674,#2683,#2692,#2712,
    #2732,#2741,#2750,#2759,#2784,#2809,#2834,#2859,#2868,#2877,#2886));
#17 = ADVANCED_FACE('',(#18),#116,.F.);
#18 = FACE_BOUND('',#19,.F.);
#19 = EDGE_LOOP('',(#20,#30,#38,#46,#54,#62,#70,#78,#86,#94,#102,#110));
#20 = ORIENTED_EDGE('',*,*,#21,.F.);
#21 = EDGE_CURVE('',#22,#24,#26,.T.);
#22 = VERTEX_POINT('',#23);
#23 = CARTESIAN_POINT('',(0.,6.,2.723515857284E-15));
#24 = VERTEX_POINT('',#25);
#25 = CARTESIAN_POINT('',(0.,6.,6.));
#26 = LINE('',#27,#28);
#27 = CARTESIAN_POINT('',(0.,6.,2.723515857284E-15));
#28 = VECTOR('',#29,1.);
#29 = DIRECTION('',(0.,0.,1.));
#30 = ORIENTED_EDGE('',*,*,#31,.T.);
#31 = EDGE_CURVE('',#22,#32,#34,.T.);
#32 = VERTEX_POINT('',#33);
#33 = CARTESIAN_POINT('',(0.,76.,2.723515857284E-15));
#34 = LINE('',#35,#36);
#35 = CARTESIAN_POINT('',(0.,6.,2.723515857284E-15));
#36 = VECTOR('',#37,1.);
#37 = DIRECTION('',(0.,1.,0.));
#38 = ORIENTED_EDGE('',*,*,#39,.T.);
#39 = EDGE_CURVE('',#32,#40,#42,.T.);
#40 = VERTEX_POINT('',#41);
#41 = CARTESIAN_POINT('',(0.,76.,6.));
#42 = LINE('',#43,#44);
#43 = CARTESIAN_POINT('',(0.,76.,2.723515857284E-15));
#44 = VECTOR('',#45,1.);
#45 = DIRECTION('',(0.,0.,1.));
#46 = ORIENTED_EDGE('',*,*,#47,.F.);
#47 = EDGE_CURVE('',#48,#40,#50,.T.);
#48 = VERTEX_POINT('',#49);
#49 = CARTESIAN_POINT('',(0.,67.,6.));
#50 = LINE('',#51,#52);
#51 = CARTESIAN_POINT('',(0.,6.,6.));
#52 = VECTOR('',#53,1.);
#53 = DIRECTION('',(0.,1.,0.));
#54 = ORIENTED_EDGE('',*,*,#55,.F.);
#55 = EDGE_CURVE('',#56,#48,#58,.T.);
#56 = VERTEX_POINT('',#57);
#57 = CARTESIAN_POINT('',(0.,67.,3.));
#58 = LINE('',#59,#60);
#59 = CARTESIAN_POINT('',(0.,67.,2.162357555739));
#60 = VECTOR('',#61,1.);
#61 = DIRECTION('',(0.,0.,1.));
#62 = ORIENTED_EDGE('',*,*,#63,.T.);
#63 = EDGE_CURVE('',#56,#64,#66,.T.);
#64 = VERTEX_POINT('',#65);
#65 = CARTESIAN_POINT('',(0.,64.,3.));
#66 = LINE('',#67,#68);
#67 = CARTESIAN_POINT('',(0.,35.,3.));
#68 = VECTOR('',#69,1.);
#69 = DIRECTION('',(0.,-1.,0.));
#70 = ORIENTED_EDGE('',*,*,#71,.F.);
#71 = EDGE_CURVE('',#72,#64,#74,.T.);
#72 = VERTEX_POINT('',#73);
#73 = CARTESIAN_POINT('',(0.,64.,6.));
#74 = LINE('',#75,#76);
#75 = CARTESIAN_POINT('',(0.,64.,2.162357555739));
#76 = VECTOR('',#77,1.);
#77 = DIRECTION('',(0.,0.,-1.));
#78 = ORIENTED_EDGE('',*,*,#79,.F.);
#79 = EDGE_CURVE('',#80,#72,#82,.T.);
#80 = VERTEX_POINT('',#81);
#81 = CARTESIAN_POINT('',(0.,18.,6.));
#82 = LINE('',#83,#84);
#83 = CARTESIAN_POINT('',(0.,6.,6.));
#84 = VECTOR('',#85,1.);
#85 = DIRECTION('',(0.,1.,0.));
#86 = ORIENTED_EDGE('',*,*,#87,.F.);
#87 = EDGE_CURVE('',#88,#80,#90,.T.);
#88 = VERTEX_POINT('',#89);
#89 = CARTESIAN_POINT('',(0.,18.,3.));
#90 = LINE('',#91,#92);
#91 = CARTESIAN_POINT('',(0.,18.,2.162357555739));
#92 = VECTOR('',#93,1.);
#93 = DIRECTION('',(0.,0.,1.));
#94 = ORIENTED_EDGE('',*,*,#95,.T.);
#95 = EDGE_CURVE('',#88,#96,#98,.T.);
#96 = VERTEX_POINT('',#97);
#97 = CARTESIAN_POINT('',(0.,15.,3.));
#98 = LINE('',#99,#100);
#99 = CARTESIAN_POINT('',(0.,10.5,3.));
#100 = VECTOR('',#101,1.);
#101 = DIRECTION('',(0.,-1.,0.));
#102 = ORIENTED_EDGE('',*,*,#103,.F.);
#103 = EDGE_CURVE('',#104,#96,#106,.T.);
#104 = VERTEX_POINT('',#105);
#105 = CARTESIAN_POINT('',(0.,15.,6.));
#106 = LINE('',#107,#108);
#107 = CARTESIAN_POINT('',(0.,15.,2.162357555739));
#108 = VECTOR('',#109,1.);
#109 = DIRECTION('',(0.,0.,-1.));
#110 = ORIENTED_EDGE('',*,*,#111,.F.);
#111 = EDGE_CURVE('',#24,#104,#112,.T.);
#112 = LINE('',#113,#114);
#113 = CARTESIAN_POINT('',(0.,6.,6.));
#114 = VECTOR('',#115,1.);
#115 = DIRECTION('',(0.,1.,0.));
#116 = PLANE('',#117);
#117 = AXIS2_PLACEMENT_3D('',#118,#119,#120);
#118 = CARTESIAN_POINT('',(0.,6.,2.723515857284E-15));
#119 = DIRECTION('',(1.,0.,0.));
#120 = DIRECTION('',(0.,0.,1.));
#121 = ADVANCED_FACE('',(#122),#207,.T.);
#122 = FACE_BOUND('',#123,.F.);
#123 = EDGE_LOOP('',(#124,#134,#141,#142,#151,#159,#168,#176,#185,#192,
    #199,#200));
#124 = ORIENTED_EDGE('',*,*,#125,.F.);
#125 = EDGE_CURVE('',#126,#128,#130,.T.);
#126 = VERTEX_POINT('',#127);
#127 = CARTESIAN_POINT('',(6.,0.,2.723515857284E-15));
#128 = VERTEX_POINT('',#129);
#129 = CARTESIAN_POINT('',(6.,0.,6.));
#130 = LINE('',#131,#132);
#131 = CARTESIAN_POINT('',(6.,0.,2.723515857284E-15));
#132 = VECTOR('',#133,1.);
#133 = DIRECTION('',(0.,0.,1.));
#134 = ORIENTED_EDGE('',*,*,#135,.F.);
#135 = EDGE_CURVE('',#22,#126,#136,.T.);
#136 = CIRCLE('',#137,6.);
#137 = AXIS2_PLACEMENT_3D('',#138,#139,#140);
#138 = CARTESIAN_POINT('',(6.,6.,2.723515857284E-15));
#139 = DIRECTION('',(0.,0.,1.));
#140 = DIRECTION('',(1.,0.,0.));
#141 = ORIENTED_EDGE('',*,*,#21,.T.);
#142 = ORIENTED_EDGE('',*,*,#143,.T.);
#143 = EDGE_CURVE('',#24,#144,#146,.T.);
#144 = VERTEX_POINT('',#145);
#145 = CARTESIAN_POINT('',(9.132843258351,11.117156741649,6.));
#146 = CIRCLE('',#147,6.);
#147 = AXIS2_PLACEMENT_3D('',#148,#149,#150);
#148 = CARTESIAN_POINT('',(6.,6.,6.));
#149 = DIRECTION('',(0.,0.,-1.));
#150 = DIRECTION('',(1.,0.,0.));
#151 = ORIENTED_EDGE('',*,*,#152,.T.);
#152 = EDGE_CURVE('',#144,#153,#155,.T.);
#153 = VERTEX_POINT('',#154);
#154 = CARTESIAN_POINT('',(9.132843258351,11.117156741649,
    2.723515857284E-15));
#155 = LINE('',#156,#157);
#156 = CARTESIAN_POINT('',(9.132843258351,11.117156741649,-1.));
#157 = VECTOR('',#158,1.);
#158 = DIRECTION('',(-0.,-0.,-1.));
#159 = ORIENTED_EDGE('',*,*,#160,.F.);
#160 = EDGE_CURVE('',#161,#153,#163,.T.);
#161 = VERTEX_POINT('',#162);
#162 = CARTESIAN_POINT('',(11.117156741649,9.132843258351,
    2.723515857284E-15));
#163 = CIRCLE('',#164,6.);
#164 = AXIS2_PLACEMENT_3D('',#165,#166,#167);
#165 = CARTESIAN_POINT('',(6.,6.,2.723515857284E-15));
#166 = DIRECTION('',(0.,0.,1.));
#167 = DIRECTION('',(1.,0.,0.));
#168 = ORIENTED_EDGE('',*,*,#169,.F.);
#169 = EDGE_CURVE('',#170,#161,#172,.T.);
#170 = VERTEX_POINT('',#171);
#171 = CARTESIAN_POINT('',(11.117156741649,9.132843258351,6.));
#172 = LINE('',#173,#174);
#173 = CARTESIAN_POINT('',(11.117156741649,9.132843258351,-1.));
#174 = VECTOR('',#175,1.);
#175 = DIRECTION('',(-0.,-0.,-1.));
#176 = ORIENTED_EDGE('',*,*,#177,.T.);
#177 = EDGE_CURVE('',#170,#178,#180,.T.);
#178 = VERTEX_POINT('',#179);
#179 = CARTESIAN_POINT('',(12.,6.,6.));
#180 = CIRCLE('',#181,6.);
#181 = AXIS2_PLACEMENT_3D('',#182,#183,#184);
#182 = CARTESIAN_POINT('',(6.,6.,6.));
#183 = DIRECTION('',(0.,0.,-1.));
#184 = DIRECTION('',(1.,0.,0.));
#185 = ORIENTED_EDGE('',*,*,#186,.F.);
#186 = EDGE_CURVE('',#187,#178,#189,.T.);
#187 = VERTEX_POINT('',#188);
#188 = CARTESIAN_POINT('',(12.,6.,40.));
#189 = B_SPLINE_CURVE_WITH_KNOTS('',1,(#190,#191),.UNSPECIFIED.,.F.,.F.,
  (2,2),(-40.,-6.),.PIECEWISE_BEZIER_KNOTS.);
#190 = CARTESIAN_POINT('',(12.,6.,40.));
#191 = CARTESIAN_POINT('',(12.,6.,6.));
#192 = ORIENTED_EDGE('',*,*,#193,.T.);
#193 = EDGE_CURVE('',#187,#187,#194,.T.);
#194 = CIRCLE('',#195,6.);
#195 = AXIS2_PLACEMENT_3D('',#196,#197,#198);
#196 = CARTESIAN_POINT('',(6.,6.,40.));
#197 = DIRECTION('',(0.,0.,1.));
#198 = DIRECTION('',(1.,0.,0.));
#199 = ORIENTED_EDGE('',*,*,#186,.T.);
#200 = ORIENTED_EDGE('',*,*,#201,.T.);
#201 = EDGE_CURVE('',#178,#128,#202,.T.);
#202 = CIRCLE('',#203,6.);
#203 = AXIS2_PLACEMENT_3D('',#204,#205,#206);
#204 = CARTESIAN_POINT('',(6.,6.,6.));
#205 = DIRECTION('',(0.,0.,-1.));
#206 = DIRECTION('',(1.,0.,0.));
#207 = CYLINDRICAL_SURFACE('',#208,6.);
#208 = AXIS2_PLACEMENT_3D('',#209,#210,#211);
#209 = CARTESIAN_POINT('',(6.,6.,2.723515857284E-15));
#210 = DIRECTION('',(-0.,-0.,-1.));
#211 = DIRECTION('',(1.,0.,0.));
#212 = ADVANCED_FACE('',(#213),#362,.T.);
#213 = FACE_BOUND('',#214,.T.);
#214 = EDGE_LOOP('',(#215,#216,#217,#226,#234,#242,#251,#259,#267,#275,
    #284,#292,#300,#309,#316,#317,#325,#333,#339,#340,#348,#356));
#215 = ORIENTED_EDGE('',*,*,#111,.F.);
#216 = ORIENTED_EDGE('',*,*,#143,.T.);
#217 = ORIENTED_EDGE('',*,*,#218,.T.);
#218 = EDGE_CURVE('',#144,#219,#221,.T.);
#219 = VERTEX_POINT('',#220);
#220 = CARTESIAN_POINT('',(9.,12.,6.));
#221 = CIRCLE('',#222,3.);
#222 = AXIS2_PLACEMENT_3D('',#223,#224,#225);
#223 = CARTESIAN_POINT('',(12.,12.,6.));
#224 = DIRECTION('',(0.,0.,-1.));
#225 = DIRECTION('',(1.,0.,0.));
#226 = ORIENTED_EDGE('',*,*,#227,.T.);
#227 = EDGE_CURVE('',#219,#228,#230,.T.);
#228 = VERTEX_POINT('',#229);
#229 = CARTESIAN_POINT('',(9.,14.2,6.));
#230 = LINE('',#231,#232);
#231 = CARTESIAN_POINT('',(9.,26.5,6.));
#232 = VECTOR('',#233,1.);
#233 = DIRECTION('',(0.,1.,0.));
#234 = ORIENTED_EDGE('',*,*,#235,.T.);
#235 = EDGE_CURVE('',#228,#236,#238,.T.);
#236 = VERTEX_POINT('',#237);
#237 = CARTESIAN_POINT('',(14.573863971574,14.2,6.));
#238 = LINE('',#239,#240);
#239 = CARTESIAN_POINT('',(6.,14.2,6.));
#240 = VECTOR('',#241,1.);
#241 = DIRECTION('',(1.,0.,0.));
#242 = ORIENTED_EDGE('',*,*,#243,.F.);
#243 = EDGE_CURVE('',#244,#236,#246,.T.);
#244 = VERTEX_POINT('',#245);
#245 = CARTESIAN_POINT('',(14.573863971574,18.8,6.));
#246 = CIRCLE('',#247,3.);
#247 = AXIS2_PLACEMENT_3D('',#248,#249,#250);
#248 = CARTESIAN_POINT('',(16.5,16.5,6.));
#249 = DIRECTION('',(0.,0.,1.));
#250 = DIRECTION('',(1.,0.,0.));
#251 = ORIENTED_EDGE('',*,*,#252,.F.);
#252 = EDGE_CURVE('',#253,#244,#255,.T.);
#253 = VERTEX_POINT('',#254);
#254 = CARTESIAN_POINT('',(9.,18.8,6.));
#255 = LINE('',#256,#257);
#256 = CARTESIAN_POINT('',(6.,18.8,6.));
#257 = VECTOR('',#258,1.);
#258 = DIRECTION('',(1.,0.,0.));
#259 = ORIENTED_EDGE('',*,*,#260,.T.);
#260 = EDGE_CURVE('',#253,#261,#263,.T.);
#261 = VERTEX_POINT('',#262);
#262 = CARTESIAN_POINT('',(9.,63.2,6.));
#263 = LINE('',#264,#265);
#264 = CARTESIAN_POINT('',(9.,26.5,6.));
#265 = VECTOR('',#266,1.);
#266 = DIRECTION('',(0.,1.,0.));
#267 = ORIENTED_EDGE('',*,*,#268,.T.);
#268 = EDGE_CURVE('',#261,#269,#271,.T.);
#269 = VERTEX_POINT('',#270);
#270 = CARTESIAN_POINT('',(14.573863971574,63.2,6.));
#271 = LINE('',#272,#273);
#272 = CARTESIAN_POINT('',(6.,63.2,6.));
#273 = VECTOR('',#274,1.);
#274 = DIRECTION('',(1.,0.,0.));
#275 = ORIENTED_EDGE('',*,*,#276,.F.);
#276 = EDGE_CURVE('',#277,#269,#279,.T.);
#277 = VERTEX_POINT('',#278);
#278 = CARTESIAN_POINT('',(14.573863971574,67.8,6.));
#279 = CIRCLE('',#280,3.);
#280 = AXIS2_PLACEMENT_3D('',#281,#282,#283);
#281 = CARTESIAN_POINT('',(16.5,65.5,6.));
#282 = DIRECTION('',(0.,0.,1.));
#283 = DIRECTION('',(1.,0.,0.));
#284 = ORIENTED_EDGE('',*,*,#285,.F.);
#285 = EDGE_CURVE('',#286,#277,#288,.T.);
#286 = VERTEX_POINT('',#287);
#287 = CARTESIAN_POINT('',(9.,67.8,6.));
#288 = LINE('',#289,#290);
#289 = CARTESIAN_POINT('',(6.,67.8,6.));
#290 = VECTOR('',#291,1.);
#291 = DIRECTION('',(1.,0.,0.));
#292 = ORIENTED_EDGE('',*,*,#293,.T.);
#293 = EDGE_CURVE('',#286,#294,#296,.T.);
#294 = VERTEX_POINT('',#295);
#295 = CARTESIAN_POINT('',(9.,70.,6.));
#296 = LINE('',#297,#298);
#297 = CARTESIAN_POINT('',(9.,26.5,6.));
#298 = VECTOR('',#299,1.);
#299 = DIRECTION('',(0.,1.,0.));
#300 = ORIENTED_EDGE('',*,*,#301,.T.);
#301 = EDGE_CURVE('',#294,#302,#304,.T.);
#302 = VERTEX_POINT('',#303);
#303 = CARTESIAN_POINT('',(9.132843258351,70.882843258351,6.));
#304 = CIRCLE('',#305,3.);
#305 = AXIS2_PLACEMENT_3D('',#306,#307,#308);
#306 = CARTESIAN_POINT('',(12.,70.,6.));
#307 = DIRECTION('',(0.,0.,-1.));
#308 = DIRECTION('',(1.,0.,0.));
#309 = ORIENTED_EDGE('',*,*,#310,.T.);
#310 = EDGE_CURVE('',#302,#40,#311,.T.);
#311 = CIRCLE('',#312,6.);
#312 = AXIS2_PLACEMENT_3D('',#313,#314,#315);
#313 = CARTESIAN_POINT('',(6.,76.,6.));
#314 = DIRECTION('',(0.,0.,-1.));
#315 = DIRECTION('',(1.,0.,0.));
#316 = ORIENTED_EDGE('',*,*,#47,.F.);
#317 = ORIENTED_EDGE('',*,*,#318,.F.);
#318 = EDGE_CURVE('',#319,#48,#321,.T.);
#319 = VERTEX_POINT('',#320);
#320 = CARTESIAN_POINT('',(2.9,67.,6.));
#321 = LINE('',#322,#323);
#322 = CARTESIAN_POINT('',(4.838083787514,67.,6.));
#323 = VECTOR('',#324,1.);
#324 = DIRECTION('',(-1.,0.,0.));
#325 = ORIENTED_EDGE('',*,*,#326,.F.);
#326 = EDGE_CURVE('',#327,#319,#329,.T.);
#327 = VERTEX_POINT('',#328);
#328 = CARTESIAN_POINT('',(2.9,64.,6.));
#329 = LINE('',#330,#331);
#330 = CARTESIAN_POINT('',(2.9,52.5,6.));
#331 = VECTOR('',#332,1.);
#332 = DIRECTION('',(0.,1.,0.));
#333 = ORIENTED_EDGE('',*,*,#334,.F.);
#334 = EDGE_CURVE('',#72,#327,#335,.T.);
#335 = LINE('',#336,#337);
#336 = CARTESIAN_POINT('',(4.838083787514,64.,6.));
#337 = VECTOR('',#338,1.);
#338 = DIRECTION('',(1.,0.,0.));
#339 = ORIENTED_EDGE('',*,*,#79,.F.);
#340 = ORIENTED_EDGE('',*,*,#341,.F.);
#341 = EDGE_CURVE('',#342,#80,#344,.T.);
#342 = VERTEX_POINT('',#343);
#343 = CARTESIAN_POINT('',(2.9,18.,6.));
#344 = LINE('',#345,#346);
#345 = CARTESIAN_POINT('',(4.838083787514,18.,6.));
#346 = VECTOR('',#347,1.);
#347 = DIRECTION('',(-1.,0.,0.));
#348 = ORIENTED_EDGE('',*,*,#349,.F.);
#349 = EDGE_CURVE('',#350,#342,#352,.T.);
#350 = VERTEX_POINT('',#351);
#351 = CARTESIAN_POINT('',(2.9,15.,6.));
#352 = LINE('',#353,#354);
#353 = CARTESIAN_POINT('',(2.9,28.,6.));
#354 = VECTOR('',#355,1.);
#355 = DIRECTION('',(0.,1.,0.));
#356 = ORIENTED_EDGE('',*,*,#357,.F.);
#357 = EDGE_CURVE('',#104,#350,#358,.T.);
#358 = LINE('',#359,#360);
#359 = CARTESIAN_POINT('',(4.838083787514,15.,6.));
#360 = VECTOR('',#361,1.);
#361 = DIRECTION('',(1.,0.,0.));
#362 = PLANE('',#363);
#363 = AXIS2_PLACEMENT_3D('',#364,#365,#366);
#364 = CARTESIAN_POINT('',(5.356452463551,41.,6.));
#365 = DIRECTION('',(0.,0.,1.));
#366 = DIRECTION('',(1.,0.,0.));
#367 = ADVANCED_FACE('',(#368),#402,.F.);
#368 = FACE_BOUND('',#369,.F.);
#369 = EDGE_LOOP('',(#370,#371,#379,#387,#395,#401));
#370 = ORIENTED_EDGE('',*,*,#103,.T.);
#371 = ORIENTED_EDGE('',*,*,#372,.T.);
#372 = EDGE_CURVE('',#96,#373,#375,.T.);
#373 = VERTEX_POINT('',#374);
#374 = CARTESIAN_POINT('',(9.05,15.,3.));
#375 = LINE('',#376,#377);
#376 = CARTESIAN_POINT('',(-5.E-02,15.,3.));
#377 = VECTOR('',#378,1.);
#378 = DIRECTION('',(1.,0.,0.));
#379 = ORIENTED_EDGE('',*,*,#380,.T.);
#380 = EDGE_CURVE('',#373,#381,#383,.T.);
#381 = VERTEX_POINT('',#382);
#382 = CARTESIAN_POINT('',(9.05,15.,5.3));
#383 = LINE('',#384,#385);
#384 = CARTESIAN_POINT('',(9.05,15.,3.));
#385 = VECTOR('',#386,1.);
#386 = DIRECTION('',(0.,0.,1.));
#387 = ORIENTED_EDGE('',*,*,#388,.F.);
#388 = EDGE_CURVE('',#389,#381,#391,.T.);
#389 = VERTEX_POINT('',#390);
#390 = CARTESIAN_POINT('',(2.9,15.,5.3));
#391 = LINE('',#392,#393);
#392 = CARTESIAN_POINT('',(-5.E-02,15.,5.3));
#393 = VECTOR('',#394,1.);
#394 = DIRECTION('',(1.,0.,0.));
#395 = ORIENTED_EDGE('',*,*,#396,.T.);
#396 = EDGE_CURVE('',#389,#350,#397,.T.);
#397 = LINE('',#398,#399);
#398 = CARTESIAN_POINT('',(2.9,15.,3.));
#399 = VECTOR('',#400,1.);
#400 = DIRECTION('',(0.,0.,1.));
#401 = ORIENTED_EDGE('',*,*,#357,.F.);
#402 = PLANE('',#403);
#403 = AXIS2_PLACEMENT_3D('',#404,#405,#406);
#404 = CARTESIAN_POINT('',(4.319715111478,15.,4.324715111478));
#405 = DIRECTION('',(-0.,-1.,-0.));
#406 = DIRECTION('',(0.,0.,-1.));
#407 = ADVANCED_FACE('',(#408),#426,.T.);
#408 = FACE_BOUND('',#409,.T.);
#409 = EDGE_LOOP('',(#410,#411,#412,#420));
#410 = ORIENTED_EDGE('',*,*,#95,.T.);
#411 = ORIENTED_EDGE('',*,*,#372,.T.);
#412 = ORIENTED_EDGE('',*,*,#413,.T.);
#413 = EDGE_CURVE('',#373,#414,#416,.T.);
#414 = VERTEX_POINT('',#415);
#415 = CARTESIAN_POINT('',(9.05,18.,3.));
#416 = LINE('',#417,#418);
#417 = CARTESIAN_POINT('',(9.05,15.,3.));
#418 = VECTOR('',#419,1.);
#419 = DIRECTION('',(0.,1.,0.));
#420 = ORIENTED_EDGE('',*,*,#421,.F.);
#421 = EDGE_CURVE('',#88,#414,#422,.T.);
#422 = LINE('',#423,#424);
#423 = CARTESIAN_POINT('',(-5.E-02,18.,3.));
#424 = VECTOR('',#425,1.);
#425 = DIRECTION('',(1.,0.,0.));
#426 = PLANE('',#427);
#427 = AXIS2_PLACEMENT_3D('',#428,#429,#430);
#428 = CARTESIAN_POINT('',(-5.E-02,15.,3.));
#429 = DIRECTION('',(0.,0.,1.));
#430 = DIRECTION('',(1.,0.,0.));
#431 = ADVANCED_FACE('',(#432),#459,.F.);
#432 = FACE_BOUND('',#433,.F.);
#433 = EDGE_LOOP('',(#434,#435,#436,#437,#445,#453));
#434 = ORIENTED_EDGE('',*,*,#421,.F.);
#435 = ORIENTED_EDGE('',*,*,#87,.T.);
#436 = ORIENTED_EDGE('',*,*,#341,.F.);
#437 = ORIENTED_EDGE('',*,*,#438,.F.);
#438 = EDGE_CURVE('',#439,#342,#441,.T.);
#439 = VERTEX_POINT('',#440);
#440 = CARTESIAN_POINT('',(2.9,18.,5.3));
#441 = LINE('',#442,#443);
#442 = CARTESIAN_POINT('',(2.9,18.,3.));
#443 = VECTOR('',#444,1.);
#444 = DIRECTION('',(0.,0.,1.));
#445 = ORIENTED_EDGE('',*,*,#446,.T.);
#446 = EDGE_CURVE('',#439,#447,#449,.T.);
#447 = VERTEX_POINT('',#448);
#448 = CARTESIAN_POINT('',(9.05,18.,5.3));
#449 = LINE('',#450,#451);
#450 = CARTESIAN_POINT('',(-5.E-02,18.,5.3));
#451 = VECTOR('',#452,1.);
#452 = DIRECTION('',(1.,0.,0.));
#453 = ORIENTED_EDGE('',*,*,#454,.F.);
#454 = EDGE_CURVE('',#414,#447,#455,.T.);
#455 = LINE('',#456,#457);
#456 = CARTESIAN_POINT('',(9.05,18.,3.));
#457 = VECTOR('',#458,1.);
#458 = DIRECTION('',(0.,0.,1.));
#459 = PLANE('',#460);
#460 = AXIS2_PLACEMENT_3D('',#461,#462,#463);
#461 = CARTESIAN_POINT('',(4.319715111478,18.,4.324715111478));
#462 = DIRECTION('',(0.,1.,0.));
#463 = DIRECTION('',(0.,0.,1.));
#464 = ADVANCED_FACE('',(#465),#499,.F.);
#465 = FACE_BOUND('',#466,.F.);
#466 = EDGE_LOOP('',(#467,#468,#476,#484,#492,#498));
#467 = ORIENTED_EDGE('',*,*,#71,.T.);
#468 = ORIENTED_EDGE('',*,*,#469,.T.);
#469 = EDGE_CURVE('',#64,#470,#472,.T.);
#470 = VERTEX_POINT('',#471);
#471 = CARTESIAN_POINT('',(9.05,64.,3.));
#472 = LINE('',#473,#474);
#473 = CARTESIAN_POINT('',(-5.E-02,64.,3.));
#474 = VECTOR('',#475,1.);
#475 = DIRECTION('',(1.,0.,0.));
#476 = ORIENTED_EDGE('',*,*,#477,.T.);
#477 = EDGE_CURVE('',#470,#478,#480,.T.);
#478 = VERTEX_POINT('',#479);
#479 = CARTESIAN_POINT('',(9.05,64.,5.3));
#480 = LINE('',#481,#482);
#481 = CARTESIAN_POINT('',(9.05,64.,3.));
#482 = VECTOR('',#483,1.);
#483 = DIRECTION('',(0.,0.,1.));
#484 = ORIENTED_EDGE('',*,*,#485,.F.);
#485 = EDGE_CURVE('',#486,#478,#488,.T.);
#486 = VERTEX_POINT('',#487);
#487 = CARTESIAN_POINT('',(2.9,64.,5.3));
#488 = LINE('',#489,#490);
#489 = CARTESIAN_POINT('',(-5.E-02,64.,5.3));
#490 = VECTOR('',#491,1.);
#491 = DIRECTION('',(1.,0.,0.));
#492 = ORIENTED_EDGE('',*,*,#493,.T.);
#493 = EDGE_CURVE('',#486,#327,#494,.T.);
#494 = LINE('',#495,#496);
#495 = CARTESIAN_POINT('',(2.9,64.,3.));
#496 = VECTOR('',#497,1.);
#497 = DIRECTION('',(0.,0.,1.));
#498 = ORIENTED_EDGE('',*,*,#334,.F.);
#499 = PLANE('',#500);
#500 = AXIS2_PLACEMENT_3D('',#501,#502,#503);
#501 = CARTESIAN_POINT('',(4.319715111478,64.,4.324715111478));
#502 = DIRECTION('',(-0.,-1.,-0.));
#503 = DIRECTION('',(0.,0.,-1.));
#504 = ADVANCED_FACE('',(#505),#523,.T.);
#505 = FACE_BOUND('',#506,.T.);
#506 = EDGE_LOOP('',(#507,#508,#509,#517));
#507 = ORIENTED_EDGE('',*,*,#63,.T.);
#508 = ORIENTED_EDGE('',*,*,#469,.T.);
#509 = ORIENTED_EDGE('',*,*,#510,.T.);
#510 = EDGE_CURVE('',#470,#511,#513,.T.);
#511 = VERTEX_POINT('',#512);
#512 = CARTESIAN_POINT('',(9.05,67.,3.));
#513 = LINE('',#514,#515);
#514 = CARTESIAN_POINT('',(9.05,64.,3.));
#515 = VECTOR('',#516,1.);
#516 = DIRECTION('',(0.,1.,0.));
#517 = ORIENTED_EDGE('',*,*,#518,.F.);
#518 = EDGE_CURVE('',#56,#511,#519,.T.);
#519 = LINE('',#520,#521);
#520 = CARTESIAN_POINT('',(-5.E-02,67.,3.));
#521 = VECTOR('',#522,1.);
#522 = DIRECTION('',(1.,0.,0.));
#523 = PLANE('',#524);
#524 = AXIS2_PLACEMENT_3D('',#525,#526,#527);
#525 = CARTESIAN_POINT('',(-5.E-02,64.,3.));
#526 = DIRECTION('',(0.,0.,1.));
#527 = DIRECTION('',(1.,0.,0.));
#528 = ADVANCED_FACE('',(#529),#556,.F.);
#529 = FACE_BOUND('',#530,.F.);
#530 = EDGE_LOOP('',(#531,#532,#533,#534,#542,#550));
#531 = ORIENTED_EDGE('',*,*,#518,.F.);
#532 = ORIENTED_EDGE('',*,*,#55,.T.);
#533 = ORIENTED_EDGE('',*,*,#318,.F.);
#534 = ORIENTED_EDGE('',*,*,#535,.F.);
#535 = EDGE_CURVE('',#536,#319,#538,.T.);
#536 = VERTEX_POINT('',#537);
#537 = CARTESIAN_POINT('',(2.9,67.,5.3));
#538 = LINE('',#539,#540);
#539 = CARTESIAN_POINT('',(2.9,67.,3.));
#540 = VECTOR('',#541,1.);
#541 = DIRECTION('',(0.,0.,1.));
#542 = ORIENTED_EDGE('',*,*,#543,.T.);
#543 = EDGE_CURVE('',#536,#544,#546,.T.);
#544 = VERTEX_POINT('',#545);
#545 = CARTESIAN_POINT('',(9.05,67.,5.3));
#546 = LINE('',#547,#548);
#547 = CARTESIAN_POINT('',(-5.E-02,67.,5.3));
#548 = VECTOR('',#549,1.);
#549 = DIRECTION('',(1.,0.,0.));
#550 = ORIENTED_EDGE('',*,*,#551,.F.);
#551 = EDGE_CURVE('',#511,#544,#552,.T.);
#552 = LINE('',#553,#554);
#553 = CARTESIAN_POINT('',(9.05,67.,3.));
#554 = VECTOR('',#555,1.);
#555 = DIRECTION('',(0.,0.,1.));
#556 = PLANE('',#557);
#557 = AXIS2_PLACEMENT_3D('',#558,#559,#560);
#558 = CARTESIAN_POINT('',(4.319715111478,67.,4.324715111478));
#559 = DIRECTION('',(0.,1.,0.));
#560 = DIRECTION('',(0.,0.,1.));
#561 = ADVANCED_FACE('',(#562),#639,.T.);
#562 = FACE_BOUND('',#563,.F.);
#563 = EDGE_LOOP('',(#564,#574,#583,#589,#590,#591,#600,#608,#617,#624,
    #631,#632));
#564 = ORIENTED_EDGE('',*,*,#565,.T.);
#565 = EDGE_CURVE('',#566,#568,#570,.T.);
#566 = VERTEX_POINT('',#567);
#567 = CARTESIAN_POINT('',(11.117156741649,72.867156741649,6.));
#568 = VERTEX_POINT('',#569);
#569 = CARTESIAN_POINT('',(11.117156741649,72.867156741649,
    2.723515857284E-15));
#570 = LINE('',#571,#572);
#571 = CARTESIAN_POINT('',(11.117156741649,72.867156741649,-1.));
#572 = VECTOR('',#573,1.);
#573 = DIRECTION('',(-0.,-0.,-1.));
#574 = ORIENTED_EDGE('',*,*,#575,.F.);
#575 = EDGE_CURVE('',#576,#568,#578,.T.);
#576 = VERTEX_POINT('',#577);
#577 = CARTESIAN_POINT('',(9.132843258351,70.882843258351,
    2.723515857284E-15));
#578 = CIRCLE('',#579,6.);
#579 = AXIS2_PLACEMENT_3D('',#580,#581,#582);
#580 = CARTESIAN_POINT('',(6.,76.,2.723515857284E-15));
#581 = DIRECTION('',(0.,0.,1.));
#582 = DIRECTION('',(1.,0.,0.));
#583 = ORIENTED_EDGE('',*,*,#584,.F.);
#584 = EDGE_CURVE('',#302,#576,#585,.T.);
#585 = LINE('',#586,#587);
#586 = CARTESIAN_POINT('',(9.132843258351,70.882843258351,-1.));
#587 = VECTOR('',#588,1.);
#588 = DIRECTION('',(-0.,-0.,-1.));
#589 = ORIENTED_EDGE('',*,*,#310,.T.);
#590 = ORIENTED_EDGE('',*,*,#39,.F.);
#591 = ORIENTED_EDGE('',*,*,#592,.F.);
#592 = EDGE_CURVE('',#593,#32,#595,.T.);
#593 = VERTEX_POINT('',#594);
#594 = CARTESIAN_POINT('',(6.,82.,2.723515857284E-15));
#595 = CIRCLE('',#596,6.);
#596 = AXIS2_PLACEMENT_3D('',#597,#598,#599);
#597 = CARTESIAN_POINT('',(6.,76.,2.723515857284E-15));
#598 = DIRECTION('',(0.,0.,1.));
#599 = DIRECTION('',(1.,0.,0.));
#600 = ORIENTED_EDGE('',*,*,#601,.T.);
#601 = EDGE_CURVE('',#593,#602,#604,.T.);
#602 = VERTEX_POINT('',#603);
#603 = CARTESIAN_POINT('',(6.,82.,6.));
#604 = LINE('',#605,#606);
#605 = CARTESIAN_POINT('',(6.,82.,2.723515857284E-15));
#606 = VECTOR('',#607,1.);
#607 = DIRECTION('',(0.,0.,1.));
#608 = ORIENTED_EDGE('',*,*,#609,.T.);
#609 = EDGE_CURVE('',#602,#610,#612,.T.);
#610 = VERTEX_POINT('',#611);
#611 = CARTESIAN_POINT('',(12.,76.,6.));
#612 = CIRCLE('',#613,6.);
#613 = AXIS2_PLACEMENT_3D('',#614,#615,#616);
#614 = CARTESIAN_POINT('',(6.,76.,6.));
#615 = DIRECTION('',(0.,0.,-1.));
#616 = DIRECTION('',(1.,0.,0.));
#617 = ORIENTED_EDGE('',*,*,#618,.F.);
#618 = EDGE_CURVE('',#619,#610,#621,.T.);
#619 = VERTEX_POINT('',#620);
#620 = CARTESIAN_POINT('',(12.,76.,40.));
#621 = B_SPLINE_CURVE_WITH_KNOTS('',1,(#622,#623),.UNSPECIFIED.,.F.,.F.,
  (2,2),(-40.,-6.),.PIECEWISE_BEZIER_KNOTS.);
#622 = CARTESIAN_POINT('',(12.,76.,40.));
#623 = CARTESIAN_POINT('',(12.,76.,6.));
#624 = ORIENTED_EDGE('',*,*,#625,.T.);
#625 = EDGE_CURVE('',#619,#619,#626,.T.);
#626 = CIRCLE('',#627,6.);
#627 = AXIS2_PLACEMENT_3D('',#628,#629,#630);
#628 = CARTESIAN_POINT('',(6.,76.,40.));
#629 = DIRECTION('',(0.,0.,1.));
#630 = DIRECTION('',(1.,0.,0.));
#631 = ORIENTED_EDGE('',*,*,#618,.T.);
#632 = ORIENTED_EDGE('',*,*,#633,.T.);
#633 = EDGE_CURVE('',#610,#566,#634,.T.);
#634 = CIRCLE('',#635,6.);
#635 = AXIS2_PLACEMENT_3D('',#636,#637,#638);
#636 = CARTESIAN_POINT('',(6.,76.,6.));
#637 = DIRECTION('',(0.,0.,-1.));
#638 = DIRECTION('',(1.,0.,0.));
#639 = CYLINDRICAL_SURFACE('',#640,6.);
#640 = AXIS2_PLACEMENT_3D('',#641,#642,#643);
#641 = CARTESIAN_POINT('',(6.,76.,2.723515857284E-15));
#642 = DIRECTION('',(-0.,-0.,-1.));
#643 = DIRECTION('',(1.,0.,0.));
#644 = ADVANCED_FACE('',(#645,#690,#701,#779,#790,#801,#835,#913),#924,
  .T.);
#645 = FACE_BOUND('',#646,.T.);
#646 = EDGE_LOOP('',(#647,#648,#649,#650,#658,#667,#675,#684));
#647 = ORIENTED_EDGE('',*,*,#135,.F.);
#648 = ORIENTED_EDGE('',*,*,#31,.T.);
#649 = ORIENTED_EDGE('',*,*,#592,.F.);
#650 = ORIENTED_EDGE('',*,*,#651,.T.);
#651 = EDGE_CURVE('',#593,#652,#654,.T.);
#652 = VERTEX_POINT('',#653);
#653 = CARTESIAN_POINT('',(104.,82.,2.723515857284E-15));
#654 = LINE('',#655,#656);
#655 = CARTESIAN_POINT('',(6.,82.,2.723515857284E-15));
#656 = VECTOR('',#657,1.);
#657 = DIRECTION('',(1.,0.,0.));
#658 = ORIENTED_EDGE('',*,*,#659,.F.);
#659 = EDGE_CURVE('',#660,#652,#662,.T.);
#660 = VERTEX_POINT('',#661);
#661 = CARTESIAN_POINT('',(110.,76.,2.723515857284E-15));
#662 = CIRCLE('',#663,6.);
#663 = AXIS2_PLACEMENT_3D('',#664,#665,#666);
#664 = CARTESIAN_POINT('',(104.,76.,2.723515857284E-15));
#665 = DIRECTION('',(0.,0.,1.));
#666 = DIRECTION('',(1.,0.,0.));
#667 = ORIENTED_EDGE('',*,*,#668,.F.);
#668 = EDGE_CURVE('',#669,#660,#671,.T.);
#669 = VERTEX_POINT('',#670);
#670 = CARTESIAN_POINT('',(110.,6.,2.723515857284E-15));
#671 = LINE('',#672,#673);
#672 = CARTESIAN_POINT('',(110.,6.,2.723515857284E-15));
#673 = VECTOR('',#674,1.);
#674 = DIRECTION('',(0.,1.,0.));
#675 = ORIENTED_EDGE('',*,*,#676,.F.);
#676 = EDGE_CURVE('',#677,#669,#679,.T.);
#677 = VERTEX_POINT('',#678);
#678 = CARTESIAN_POINT('',(104.,0.,2.723515857284E-15));
#679 = CIRCLE('',#680,6.);
#680 = AXIS2_PLACEMENT_3D('',#681,#682,#683);
#681 = CARTESIAN_POINT('',(104.,6.,2.723515857284E-15));
#682 = DIRECTION('',(0.,0.,1.));
#683 = DIRECTION('',(1.,0.,0.));
#684 = ORIENTED_EDGE('',*,*,#685,.F.);
#685 = EDGE_CURVE('',#126,#677,#686,.T.);
#686 = LINE('',#687,#688);
#687 = CARTESIAN_POINT('',(6.,0.,2.723515857284E-15));
#688 = VECTOR('',#689,1.);
#689 = DIRECTION('',(1.,0.,0.));
#690 = FACE_BOUND('',#691,.T.);
#691 = EDGE_LOOP('',(#692));
#692 = ORIENTED_EDGE('',*,*,#693,.T.);
#693 = EDGE_CURVE('',#694,#694,#696,.T.);
#694 = VERTEX_POINT('',#695);
#695 = CARTESIAN_POINT('',(108.09016393442,6.,2.723515857284E-15));
#696 = CIRCLE('',#697,4.090163934426);
#697 = AXIS2_PLACEMENT_3D('',#698,#699,#700);
#698 = CARTESIAN_POINT('',(104.,6.,2.723515857284E-15));
#699 = DIRECTION('',(0.,0.,1.));
#700 = DIRECTION('',(1.,0.,0.));
#701 = FACE_BOUND('',#702,.T.);
#702 = EDGE_LOOP('',(#703,#714,#723,#732,#740,#748,#756,#763,#764,#773)
  );
#703 = ORIENTED_EDGE('',*,*,#704,.F.);
#704 = EDGE_CURVE('',#705,#707,#709,.T.);
#705 = VERTEX_POINT('',#706);
#706 = CARTESIAN_POINT('',(98.882843258351,9.132843258351,
    2.723515857284E-15));
#707 = VERTEX_POINT('',#708);
#708 = CARTESIAN_POINT('',(98.,9.,2.723515857284E-15));
#709 = CIRCLE('',#710,3.);
#710 = AXIS2_PLACEMENT_3D('',#711,#712,#713);
#711 = CARTESIAN_POINT('',(98.,12.,2.723515857284E-15));
#712 = DIRECTION('',(0.,0.,-1.));
#713 = DIRECTION('',(1.,0.,0.));
#714 = ORIENTED_EDGE('',*,*,#715,.F.);
#715 = EDGE_CURVE('',#716,#705,#718,.T.);
#716 = VERTEX_POINT('',#717);
#717 = CARTESIAN_POINT('',(100.86715674164,11.117156741649,
    2.723515857284E-15));
#718 = CIRCLE('',#719,6.);
#719 = AXIS2_PLACEMENT_3D('',#720,#721,#722);
#720 = CARTESIAN_POINT('',(104.,6.,2.723515857284E-15));
#721 = DIRECTION('',(0.,0.,1.));
#722 = DIRECTION('',(1.,0.,0.));
#723 = ORIENTED_EDGE('',*,*,#724,.F.);
#724 = EDGE_CURVE('',#725,#716,#727,.T.);
#725 = VERTEX_POINT('',#726);
#726 = CARTESIAN_POINT('',(101.,12.,2.723515857284E-15));
#727 = CIRCLE('',#728,3.);
#728 = AXIS2_PLACEMENT_3D('',#729,#730,#731);
#729 = CARTESIAN_POINT('',(98.,12.,2.723515857284E-15));
#730 = DIRECTION('',(0.,0.,-1.));
#731 = DIRECTION('',(1.,0.,0.));
#732 = ORIENTED_EDGE('',*,*,#733,.F.);
#733 = EDGE_CURVE('',#734,#725,#736,.T.);
#734 = VERTEX_POINT('',#735);
#735 = CARTESIAN_POINT('',(101.,14.2,2.723515857284E-15));
#736 = LINE('',#737,#738);
#737 = CARTESIAN_POINT('',(101.,26.5,2.723515857284E-15));
#738 = VECTOR('',#739,1.);
#739 = DIRECTION('',(0.,-1.,0.));
#740 = ORIENTED_EDGE('',*,*,#741,.F.);
#741 = EDGE_CURVE('',#742,#734,#744,.T.);
#742 = VERTEX_POINT('',#743);
#743 = CARTESIAN_POINT('',(9.,14.2,2.723515857284E-15));
#744 = LINE('',#745,#746);
#745 = CARTESIAN_POINT('',(6.,14.2,2.723515857284E-15));
#746 = VECTOR('',#747,1.);
#747 = DIRECTION('',(1.,0.,0.));
#748 = ORIENTED_EDGE('',*,*,#749,.T.);
#749 = EDGE_CURVE('',#742,#750,#752,.T.);
#750 = VERTEX_POINT('',#751);
#751 = CARTESIAN_POINT('',(9.,12.,2.723515857284E-15));
#752 = LINE('',#753,#754);
#753 = CARTESIAN_POINT('',(9.,26.5,2.723515857284E-15));
#754 = VECTOR('',#755,1.);
#755 = DIRECTION('',(0.,-1.,0.));
#756 = ORIENTED_EDGE('',*,*,#757,.F.);
#757 = EDGE_CURVE('',#153,#750,#758,.T.);
#758 = CIRCLE('',#759,3.);
#759 = AXIS2_PLACEMENT_3D('',#760,#761,#762);
#760 = CARTESIAN_POINT('',(12.,12.,2.723515857284E-15));
#761 = DIRECTION('',(0.,0.,-1.));
#762 = DIRECTION('',(1.,0.,0.));
#763 = ORIENTED_EDGE('',*,*,#160,.F.);
#764 = ORIENTED_EDGE('',*,*,#765,.F.);
#765 = EDGE_CURVE('',#766,#161,#768,.T.);
#766 = VERTEX_POINT('',#767);
#767 = CARTESIAN_POINT('',(12.,9.,2.723515857284E-15));
#768 = CIRCLE('',#769,3.);
#769 = AXIS2_PLACEMENT_3D('',#770,#771,#772);
#770 = CARTESIAN_POINT('',(12.,12.,2.723515857284E-15));
#771 = DIRECTION('',(0.,0.,-1.));
#772 = DIRECTION('',(1.,0.,0.));
#773 = ORIENTED_EDGE('',*,*,#774,.T.);
#774 = EDGE_CURVE('',#766,#707,#775,.T.);
#775 = LINE('',#776,#777);
#776 = CARTESIAN_POINT('',(33.5,9.,2.723515857284E-15));
#777 = VECTOR('',#778,1.);
#778 = DIRECTION('',(1.,0.,0.));
#779 = FACE_BOUND('',#780,.T.);
#780 = EDGE_LOOP('',(#781));
#781 = ORIENTED_EDGE('',*,*,#782,.T.);
#782 = EDGE_CURVE('',#783,#783,#785,.T.);
#783 = VERTEX_POINT('',#784);
#784 = CARTESIAN_POINT('',(10.090163934426,6.,2.723515857284E-15));
#785 = CIRCLE('',#786,4.090163934426);
#786 = AXIS2_PLACEMENT_3D('',#787,#788,#789);
#787 = CARTESIAN_POINT('',(6.,6.,2.723515857284E-15));
#788 = DIRECTION('',(0.,0.,1.));
#789 = DIRECTION('',(1.,0.,0.));
#790 = FACE_BOUND('',#791,.T.);
#791 = EDGE_LOOP('',(#792));
#792 = ORIENTED_EDGE('',*,*,#793,.T.);
#793 = EDGE_CURVE('',#794,#794,#796,.T.);
#794 = VERTEX_POINT('',#795);
#795 = CARTESIAN_POINT('',(108.09016393442,76.,2.723515857284E-15));
#796 = CIRCLE('',#797,4.090163934426);
#797 = AXIS2_PLACEMENT_3D('',#798,#799,#800);
#798 = CARTESIAN_POINT('',(104.,76.,2.723515857284E-15));
#799 = DIRECTION('',(0.,0.,1.));
#800 = DIRECTION('',(1.,0.,0.));
#801 = FACE_BOUND('',#802,.T.);
#802 = EDGE_LOOP('',(#803,#813,#821,#829));
#803 = ORIENTED_EDGE('',*,*,#804,.F.);
#804 = EDGE_CURVE('',#805,#807,#809,.T.);
#805 = VERTEX_POINT('',#806);
#806 = CARTESIAN_POINT('',(101.,63.2,2.723515857284E-15));
#807 = VERTEX_POINT('',#808);
#808 = CARTESIAN_POINT('',(101.,18.8,2.723515857284E-15));
#809 = LINE('',#810,#811);
#810 = CARTESIAN_POINT('',(101.,26.5,2.723515857284E-15));
#811 = VECTOR('',#812,1.);
#812 = DIRECTION('',(0.,-1.,0.));
#813 = ORIENTED_EDGE('',*,*,#814,.F.);
#814 = EDGE_CURVE('',#815,#805,#817,.T.);
#815 = VERTEX_POINT('',#816);
#816 = CARTESIAN_POINT('',(9.,63.2,2.723515857284E-15));
#817 = LINE('',#818,#819);
#818 = CARTESIAN_POINT('',(6.,63.2,2.723515857284E-15));
#819 = VECTOR('',#820,1.);
#820 = DIRECTION('',(1.,0.,0.));
#821 = ORIENTED_EDGE('',*,*,#822,.T.);
#822 = EDGE_CURVE('',#815,#823,#825,.T.);
#823 = VERTEX_POINT('',#824);
#824 = CARTESIAN_POINT('',(9.,18.8,2.723515857284E-15));
#825 = LINE('',#826,#827);
#826 = CARTESIAN_POINT('',(9.,26.5,2.723515857284E-15));
#827 = VECTOR('',#828,1.);
#828 = DIRECTION('',(0.,-1.,0.));
#829 = ORIENTED_EDGE('',*,*,#830,.T.);
#830 = EDGE_CURVE('',#823,#807,#831,.T.);
#831 = LINE('',#832,#833);
#832 = CARTESIAN_POINT('',(6.,18.8,2.723515857284E-15));
#833 = VECTOR('',#834,1.);
#834 = DIRECTION('',(1.,0.,0.));
#835 = FACE_BOUND('',#836,.T.);
#836 = EDGE_LOOP('',(#837,#848,#857,#866,#874,#881,#882,#891,#899,#907)
  );
#837 = ORIENTED_EDGE('',*,*,#838,.F.);
#838 = EDGE_CURVE('',#839,#841,#843,.T.);
#839 = VERTEX_POINT('',#840);
#840 = CARTESIAN_POINT('',(100.86715674164,70.882843258351,
    2.723515857284E-15));
#841 = VERTEX_POINT('',#842);
#842 = CARTESIAN_POINT('',(101.,70.,2.723515857284E-15));
#843 = CIRCLE('',#844,3.);
#844 = AXIS2_PLACEMENT_3D('',#845,#846,#847);
#845 = CARTESIAN_POINT('',(98.,70.,2.723515857284E-15));
#846 = DIRECTION('',(0.,0.,-1.));
#847 = DIRECTION('',(1.,0.,0.));
#848 = ORIENTED_EDGE('',*,*,#849,.F.);
#849 = EDGE_CURVE('',#850,#839,#852,.T.);
#850 = VERTEX_POINT('',#851);
#851 = CARTESIAN_POINT('',(98.882843258351,72.867156741649,
    2.723515857284E-15));
#852 = CIRCLE('',#853,6.);
#853 = AXIS2_PLACEMENT_3D('',#854,#855,#856);
#854 = CARTESIAN_POINT('',(104.,76.,2.723515857284E-15));
#855 = DIRECTION('',(0.,0.,1.));
#856 = DIRECTION('',(1.,0.,0.));
#857 = ORIENTED_EDGE('',*,*,#858,.F.);
#858 = EDGE_CURVE('',#859,#850,#861,.T.);
#859 = VERTEX_POINT('',#860);
#860 = CARTESIAN_POINT('',(98.,73.,2.723515857284E-15));
#861 = CIRCLE('',#862,3.);
#862 = AXIS2_PLACEMENT_3D('',#863,#864,#865);
#863 = CARTESIAN_POINT('',(98.,70.,2.723515857284E-15));
#864 = DIRECTION('',(0.,0.,-1.));
#865 = DIRECTION('',(1.,0.,0.));
#866 = ORIENTED_EDGE('',*,*,#867,.F.);
#867 = EDGE_CURVE('',#868,#859,#870,.T.);
#868 = VERTEX_POINT('',#869);
#869 = CARTESIAN_POINT('',(12.,73.,2.723515857284E-15));
#870 = LINE('',#871,#872);
#871 = CARTESIAN_POINT('',(33.5,73.,2.723515857284E-15));
#872 = VECTOR('',#873,1.);
#873 = DIRECTION('',(1.,0.,0.));
#874 = ORIENTED_EDGE('',*,*,#875,.F.);
#875 = EDGE_CURVE('',#568,#868,#876,.T.);
#876 = CIRCLE('',#877,3.);
#877 = AXIS2_PLACEMENT_3D('',#878,#879,#880);
#878 = CARTESIAN_POINT('',(12.,70.,2.723515857284E-15));
#879 = DIRECTION('',(0.,0.,-1.));
#880 = DIRECTION('',(1.,0.,0.));
#881 = ORIENTED_EDGE('',*,*,#575,.F.);
#882 = ORIENTED_EDGE('',*,*,#883,.F.);
#883 = EDGE_CURVE('',#884,#576,#886,.T.);
#884 = VERTEX_POINT('',#885);
#885 = CARTESIAN_POINT('',(9.,70.,2.723515857284E-15));
#886 = CIRCLE('',#887,3.);
#887 = AXIS2_PLACEMENT_3D('',#888,#889,#890);
#888 = CARTESIAN_POINT('',(12.,70.,2.723515857284E-15));
#889 = DIRECTION('',(0.,0.,-1.));
#890 = DIRECTION('',(1.,0.,0.));
#891 = ORIENTED_EDGE('',*,*,#892,.T.);
#892 = EDGE_CURVE('',#884,#893,#895,.T.);
#893 = VERTEX_POINT('',#894);
#894 = CARTESIAN_POINT('',(9.,67.8,2.723515857284E-15));
#895 = LINE('',#896,#897);
#896 = CARTESIAN_POINT('',(9.,26.5,2.723515857284E-15));
#897 = VECTOR('',#898,1.);
#898 = DIRECTION('',(0.,-1.,0.));
#899 = ORIENTED_EDGE('',*,*,#900,.T.);
#900 = EDGE_CURVE('',#893,#901,#903,.T.);
#901 = VERTEX_POINT('',#902);
#902 = CARTESIAN_POINT('',(101.,67.8,2.723515857284E-15));
#903 = LINE('',#904,#905);
#904 = CARTESIAN_POINT('',(6.,67.8,2.723515857284E-15));
#905 = VECTOR('',#906,1.);
#906 = DIRECTION('',(1.,0.,0.));
#907 = ORIENTED_EDGE('',*,*,#908,.F.);
#908 = EDGE_CURVE('',#841,#901,#909,.T.);
#909 = LINE('',#910,#911);
#910 = CARTESIAN_POINT('',(101.,26.5,2.723515857284E-15));
#911 = VECTOR('',#912,1.);
#912 = DIRECTION('',(0.,-1.,0.));
#913 = FACE_BOUND('',#914,.T.);
#914 = EDGE_LOOP('',(#915));
#915 = ORIENTED_EDGE('',*,*,#916,.T.);
#916 = EDGE_CURVE('',#917,#917,#919,.T.);
#917 = VERTEX_POINT('',#918);
#918 = CARTESIAN_POINT('',(10.090163934426,76.,2.723515857284E-15));
#919 = CIRCLE('',#920,4.090163934426);
#920 = AXIS2_PLACEMENT_3D('',#921,#922,#923);
#921 = CARTESIAN_POINT('',(6.,76.,2.723515857284E-15));
#922 = DIRECTION('',(0.,0.,1.));
#923 = DIRECTION('',(1.,0.,0.));
#924 = PLANE('',#925);
#925 = AXIS2_PLACEMENT_3D('',#926,#927,#928);
#926 = CARTESIAN_POINT('',(55.,41.,2.723515857284E-15));
#927 = DIRECTION('',(-0.,-0.,-1.));
#928 = DIRECTION('',(-1.,0.,0.));
#929 = ADVANCED_FACE('',(#930),#948,.F.);
#930 = FACE_BOUND('',#931,.F.);
#931 = EDGE_LOOP('',(#932,#933,#934,#942));
#932 = ORIENTED_EDGE('',*,*,#685,.F.);
#933 = ORIENTED_EDGE('',*,*,#125,.T.);
#934 = ORIENTED_EDGE('',*,*,#935,.T.);
#935 = EDGE_CURVE('',#128,#936,#938,.T.);
#936 = VERTEX_POINT('',#937);
#937 = CARTESIAN_POINT('',(104.,0.,6.));
#938 = LINE('',#939,#940);
#939 = CARTESIAN_POINT('',(6.,0.,6.));
#940 = VECTOR('',#941,1.);
#941 = DIRECTION('',(1.,0.,0.));
#942 = ORIENTED_EDGE('',*,*,#943,.F.);
#943 = EDGE_CURVE('',#677,#936,#944,.T.);
#944 = LINE('',#945,#946);
#945 = CARTESIAN_POINT('',(104.,0.,2.723515857284E-15));
#946 = VECTOR('',#947,1.);
#947 = DIRECTION('',(0.,0.,1.));
#948 = PLANE('',#949);
#949 = AXIS2_PLACEMENT_3D('',#950,#951,#952);
#950 = CARTESIAN_POINT('',(6.,0.,2.723515857284E-15));
#951 = DIRECTION('',(0.,1.,0.));
#952 = DIRECTION('',(0.,0.,1.));
#953 = ADVANCED_FACE('',(#954),#965,.F.);
#954 = FACE_BOUND('',#955,.T.);
#955 = EDGE_LOOP('',(#956,#957,#958,#964));
#956 = ORIENTED_EDGE('',*,*,#152,.T.);
#957 = ORIENTED_EDGE('',*,*,#757,.T.);
#958 = ORIENTED_EDGE('',*,*,#959,.T.);
#959 = EDGE_CURVE('',#750,#219,#960,.T.);
#960 = LINE('',#961,#962);
#961 = CARTESIAN_POINT('',(9.,12.,-1.));
#962 = VECTOR('',#963,1.);
#963 = DIRECTION('',(0.,0.,1.));
#964 = ORIENTED_EDGE('',*,*,#218,.F.);
#965 = CYLINDRICAL_SURFACE('',#966,3.);
#966 = AXIS2_PLACEMENT_3D('',#967,#968,#969);
#967 = CARTESIAN_POINT('',(12.,12.,-1.));
#968 = DIRECTION('',(-0.,-0.,-1.));
#969 = DIRECTION('',(1.,0.,0.));
#970 = ADVANCED_FACE('',(#971),#990,.F.);
#971 = FACE_BOUND('',#972,.T.);
#972 = EDGE_LOOP('',(#973,#981,#982,#983));
#973 = ORIENTED_EDGE('',*,*,#974,.F.);
#974 = EDGE_CURVE('',#766,#975,#977,.T.);
#975 = VERTEX_POINT('',#976);
#976 = CARTESIAN_POINT('',(12.,9.,6.));
#977 = LINE('',#978,#979);
#978 = CARTESIAN_POINT('',(12.,9.,-1.));
#979 = VECTOR('',#980,1.);
#980 = DIRECTION('',(0.,0.,1.));
#981 = ORIENTED_EDGE('',*,*,#765,.T.);
#982 = ORIENTED_EDGE('',*,*,#169,.F.);
#983 = ORIENTED_EDGE('',*,*,#984,.F.);
#984 = EDGE_CURVE('',#975,#170,#985,.T.);
#985 = CIRCLE('',#986,3.);
#986 = AXIS2_PLACEMENT_3D('',#987,#988,#989);
#987 = CARTESIAN_POINT('',(12.,12.,6.));
#988 = DIRECTION('',(0.,0.,-1.));
#989 = DIRECTION('',(1.,0.,0.));
#990 = CYLINDRICAL_SURFACE('',#991,3.);
#991 = AXIS2_PLACEMENT_3D('',#992,#993,#994);
#992 = CARTESIAN_POINT('',(12.,12.,-1.));
#993 = DIRECTION('',(-0.,-0.,-1.));
#994 = DIRECTION('',(1.,0.,0.));
#995 = ADVANCED_FACE('',(#996),#1026,.T.);
#996 = FACE_BOUND('',#997,.T.);
#997 = EDGE_LOOP('',(#998,#999,#1000,#1009,#1018,#1024,#1025));
#998 = ORIENTED_EDGE('',*,*,#201,.T.);
#999 = ORIENTED_EDGE('',*,*,#935,.T.);
#1000 = ORIENTED_EDGE('',*,*,#1001,.T.);
#1001 = EDGE_CURVE('',#936,#1002,#1004,.T.);
#1002 = VERTEX_POINT('',#1003);
#1003 = CARTESIAN_POINT('',(98.882843258351,9.132843258351,6.));
#1004 = CIRCLE('',#1005,6.);
#1005 = AXIS2_PLACEMENT_3D('',#1006,#1007,#1008);
#1006 = CARTESIAN_POINT('',(104.,6.,6.));
#1007 = DIRECTION('',(0.,0.,-1.));
#1008 = DIRECTION('',(1.,0.,0.));
#1009 = ORIENTED_EDGE('',*,*,#1010,.T.);
#1010 = EDGE_CURVE('',#1002,#1011,#1013,.T.);
#1011 = VERTEX_POINT('',#1012);
#1012 = CARTESIAN_POINT('',(98.,9.,6.));
#1013 = CIRCLE('',#1014,3.);
#1014 = AXIS2_PLACEMENT_3D('',#1015,#1016,#1017);
#1015 = CARTESIAN_POINT('',(98.,12.,6.));
#1016 = DIRECTION('',(0.,0.,-1.));
#1017 = DIRECTION('',(1.,0.,0.));
#1018 = ORIENTED_EDGE('',*,*,#1019,.T.);
#1019 = EDGE_CURVE('',#1011,#975,#1020,.T.);
#1020 = LINE('',#1021,#1022);
#1021 = CARTESIAN_POINT('',(33.5,9.,6.));
#1022 = VECTOR('',#1023,1.);
#1023 = DIRECTION('',(-1.,0.,0.));
#1024 = ORIENTED_EDGE('',*,*,#984,.T.);
#1025 = ORIENTED_EDGE('',*,*,#177,.T.);
#1026 = PLANE('',#1027);
#1027 = AXIS2_PLACEMENT_3D('',#1028,#1029,#1030);
#1028 = CARTESIAN_POINT('',(55.,41.,6.));
#1029 = DIRECTION('',(0.,0.,1.));
#1030 = DIRECTION('',(1.,0.,0.));
#1031 = ADVANCED_FACE('',(#1032,#1035),#1046,.T.);
#1032 = FACE_BOUND('',#1033,.T.);
#1033 = EDGE_LOOP('',(#1034));
#1034 = ORIENTED_EDGE('',*,*,#193,.T.);
#1035 = FACE_BOUND('',#1036,.T.);
#1036 = EDGE_LOOP('',(#1037));
#1037 = ORIENTED_EDGE('',*,*,#1038,.F.);
#1038 = EDGE_CURVE('',#1039,#1039,#1041,.T.);
#1039 = VERTEX_POINT('',#1040);
#1040 = CARTESIAN_POINT('',(9.,6.,40.));
#1041 = CIRCLE('',#1042,3.);
#1042 = AXIS2_PLACEMENT_3D('',#1043,#1044,#1045);
#1043 = CARTESIAN_POINT('',(6.,6.,40.));
#1044 = DIRECTION('',(0.,0.,1.));
#1045 = DIRECTION('',(1.,0.,0.));
#1046 = PLANE('',#1047);
#1047 = AXIS2_PLACEMENT_3D('',#1048,#1049,#1050);
#1048 = CARTESIAN_POINT('',(6.,6.,40.));
#1049 = DIRECTION('',(0.,0.,1.));
#1050 = DIRECTION('',(1.,0.,0.));
#1051 = ADVANCED_FACE('',(#1052),#1063,.F.);
#1052 = FACE_BOUND('',#1053,.F.);
#1053 = EDGE_LOOP('',(#1054,#1055,#1061,#1062));
#1054 = ORIENTED_EDGE('',*,*,#396,.F.);
#1055 = ORIENTED_EDGE('',*,*,#1056,.T.);
#1056 = EDGE_CURVE('',#389,#439,#1057,.T.);
#1057 = LINE('',#1058,#1059);
#1058 = CARTESIAN_POINT('',(2.9,15.,5.3));
#1059 = VECTOR('',#1060,1.);
#1060 = DIRECTION('',(0.,1.,0.));
#1061 = ORIENTED_EDGE('',*,*,#438,.T.);
#1062 = ORIENTED_EDGE('',*,*,#349,.F.);
#1063 = PLANE('',#1064);
#1064 = AXIS2_PLACEMENT_3D('',#1065,#1066,#1067);
#1065 = CARTESIAN_POINT('',(2.9,15.,3.));
#1066 = DIRECTION('',(1.,0.,0.));
#1067 = DIRECTION('',(0.,0.,1.));
#1068 = ADVANCED_FACE('',(#1069),#1080,.F.);
#1069 = FACE_BOUND('',#1070,.F.);
#1070 = EDGE_LOOP('',(#1071,#1072,#1078,#1079));
#1071 = ORIENTED_EDGE('',*,*,#493,.F.);
#1072 = ORIENTED_EDGE('',*,*,#1073,.T.);
#1073 = EDGE_CURVE('',#486,#536,#1074,.T.);
#1074 = LINE('',#1075,#1076);
#1075 = CARTESIAN_POINT('',(2.9,64.,5.3));
#1076 = VECTOR('',#1077,1.);
#1077 = DIRECTION('',(0.,1.,0.));
#1078 = ORIENTED_EDGE('',*,*,#535,.T.);
#1079 = ORIENTED_EDGE('',*,*,#326,.F.);
#1080 = PLANE('',#1081);
#1081 = AXIS2_PLACEMENT_3D('',#1082,#1083,#1084);
#1082 = CARTESIAN_POINT('',(2.9,64.,3.));
#1083 = DIRECTION('',(1.,0.,0.));
#1084 = DIRECTION('',(0.,0.,1.));
#1085 = ADVANCED_FACE('',(#1086),#1097,.F.);
#1086 = FACE_BOUND('',#1087,.T.);
#1087 = EDGE_LOOP('',(#1088,#1094,#1095,#1096));
#1088 = ORIENTED_EDGE('',*,*,#1089,.F.);
#1089 = EDGE_CURVE('',#884,#294,#1090,.T.);
#1090 = LINE('',#1091,#1092);
#1091 = CARTESIAN_POINT('',(9.,70.,-1.));
#1092 = VECTOR('',#1093,1.);
#1093 = DIRECTION('',(0.,0.,1.));
#1094 = ORIENTED_EDGE('',*,*,#883,.T.);
#1095 = ORIENTED_EDGE('',*,*,#584,.F.);
#1096 = ORIENTED_EDGE('',*,*,#301,.F.);
#1097 = CYLINDRICAL_SURFACE('',#1098,3.);
#1098 = AXIS2_PLACEMENT_3D('',#1099,#1100,#1101);
#1099 = CARTESIAN_POINT('',(12.,70.,-1.));
#1100 = DIRECTION('',(-0.,-0.,-1.));
#1101 = DIRECTION('',(1.,0.,0.));
#1102 = ADVANCED_FACE('',(#1103),#1114,.T.);
#1103 = FACE_BOUND('',#1104,.T.);
#1104 = EDGE_LOOP('',(#1105,#1111,#1112,#1113));
#1105 = ORIENTED_EDGE('',*,*,#1106,.F.);
#1106 = EDGE_CURVE('',#893,#286,#1107,.T.);
#1107 = LINE('',#1108,#1109);
#1108 = CARTESIAN_POINT('',(9.,67.8,-0.5));
#1109 = VECTOR('',#1110,1.);
#1110 = DIRECTION('',(0.,0.,1.));
#1111 = ORIENTED_EDGE('',*,*,#892,.F.);
#1112 = ORIENTED_EDGE('',*,*,#1089,.T.);
#1113 = ORIENTED_EDGE('',*,*,#293,.F.);
#1114 = PLANE('',#1115);
#1115 = AXIS2_PLACEMENT_3D('',#1116,#1117,#1118);
#1116 = CARTESIAN_POINT('',(9.,12.,-1.));
#1117 = DIRECTION('',(1.,0.,0.));
#1118 = DIRECTION('',(0.,0.,1.));
#1119 = ADVANCED_FACE('',(#1120),#1163,.T.);
#1120 = FACE_BOUND('',#1121,.T.);
#1121 = EDGE_LOOP('',(#1122,#1123,#1124,#1125,#1133,#1141,#1149,#1157));
#1122 = ORIENTED_EDGE('',*,*,#900,.F.);
#1123 = ORIENTED_EDGE('',*,*,#1106,.T.);
#1124 = ORIENTED_EDGE('',*,*,#285,.T.);
#1125 = ORIENTED_EDGE('',*,*,#1126,.T.);
#1126 = EDGE_CURVE('',#277,#1127,#1129,.T.);
#1127 = VERTEX_POINT('',#1128);
#1128 = CARTESIAN_POINT('',(18.426136028426,67.8,6.));
#1129 = LINE('',#1130,#1131);
#1130 = CARTESIAN_POINT('',(6.,67.8,6.));
#1131 = VECTOR('',#1132,1.);
#1132 = DIRECTION('',(1.,0.,0.));
#1133 = ORIENTED_EDGE('',*,*,#1134,.T.);
#1134 = EDGE_CURVE('',#1127,#1135,#1137,.T.);
#1135 = VERTEX_POINT('',#1136);
#1136 = CARTESIAN_POINT('',(72.573863971574,67.8,6.));
#1137 = LINE('',#1138,#1139);
#1138 = CARTESIAN_POINT('',(6.,67.8,6.));
#1139 = VECTOR('',#1140,1.);
#1140 = DIRECTION('',(1.,0.,0.));
#1141 = ORIENTED_EDGE('',*,*,#1142,.T.);
#1142 = EDGE_CURVE('',#1135,#1143,#1145,.T.);
#1143 = VERTEX_POINT('',#1144);
#1144 = CARTESIAN_POINT('',(76.426136028426,67.8,6.));
#1145 = LINE('',#1146,#1147);
#1146 = CARTESIAN_POINT('',(6.,67.8,6.));
#1147 = VECTOR('',#1148,1.);
#1148 = DIRECTION('',(1.,0.,0.));
#1149 = ORIENTED_EDGE('',*,*,#1150,.T.);
#1150 = EDGE_CURVE('',#1143,#1151,#1153,.T.);
#1151 = VERTEX_POINT('',#1152);
#1152 = CARTESIAN_POINT('',(101.,67.8,6.));
#1153 = LINE('',#1154,#1155);
#1154 = CARTESIAN_POINT('',(6.,67.8,6.));
#1155 = VECTOR('',#1156,1.);
#1156 = DIRECTION('',(1.,0.,0.));
#1157 = ORIENTED_EDGE('',*,*,#1158,.F.);
#1158 = EDGE_CURVE('',#901,#1151,#1159,.T.);
#1159 = LINE('',#1160,#1161);
#1160 = CARTESIAN_POINT('',(101.,67.8,-0.5));
#1161 = VECTOR('',#1162,1.);
#1162 = DIRECTION('',(0.,0.,1.));
#1163 = PLANE('',#1164);
#1164 = AXIS2_PLACEMENT_3D('',#1165,#1166,#1167);
#1165 = CARTESIAN_POINT('',(6.,67.8,2.723515857284E-15));
#1166 = DIRECTION('',(0.,1.,0.));
#1167 = DIRECTION('',(0.,0.,1.));
#1168 = ADVANCED_FACE('',(#1169),#1220,.T.);
#1169 = FACE_BOUND('',#1170,.F.);
#1170 = EDGE_LOOP('',(#1171,#1180,#1188,#1195,#1196,#1205,#1212,#1213));
#1171 = ORIENTED_EDGE('',*,*,#1172,.F.);
#1172 = EDGE_CURVE('',#1173,#1127,#1175,.T.);
#1173 = VERTEX_POINT('',#1174);
#1174 = CARTESIAN_POINT('',(19.5,65.5,6.));
#1175 = CIRCLE('',#1176,3.);
#1176 = AXIS2_PLACEMENT_3D('',#1177,#1178,#1179);
#1177 = CARTESIAN_POINT('',(16.5,65.5,6.));
#1178 = DIRECTION('',(0.,0.,1.));
#1179 = DIRECTION('',(1.,0.,0.));
#1180 = ORIENTED_EDGE('',*,*,#1181,.T.);
#1181 = EDGE_CURVE('',#1173,#1182,#1184,.T.);
#1182 = VERTEX_POINT('',#1183);
#1183 = CARTESIAN_POINT('',(19.5,65.5,9.));
#1184 = LINE('',#1185,#1186);
#1185 = CARTESIAN_POINT('',(19.5,65.5,6.));
#1186 = VECTOR('',#1187,1.);
#1187 = DIRECTION('',(0.,0.,1.));
#1188 = ORIENTED_EDGE('',*,*,#1189,.T.);
#1189 = EDGE_CURVE('',#1182,#1182,#1190,.T.);
#1190 = CIRCLE('',#1191,3.);
#1191 = AXIS2_PLACEMENT_3D('',#1192,#1193,#1194);
#1192 = CARTESIAN_POINT('',(16.5,65.5,9.));
#1193 = DIRECTION('',(0.,0.,1.));
#1194 = DIRECTION('',(1.,0.,0.));
#1195 = ORIENTED_EDGE('',*,*,#1181,.F.);
#1196 = ORIENTED_EDGE('',*,*,#1197,.F.);
#1197 = EDGE_CURVE('',#1198,#1173,#1200,.T.);
#1198 = VERTEX_POINT('',#1199);
#1199 = CARTESIAN_POINT('',(18.426136028426,63.2,6.));
#1200 = CIRCLE('',#1201,3.);
#1201 = AXIS2_PLACEMENT_3D('',#1202,#1203,#1204);
#1202 = CARTESIAN_POINT('',(16.5,65.5,6.));
#1203 = DIRECTION('',(0.,0.,1.));
#1204 = DIRECTION('',(1.,0.,0.));
#1205 = ORIENTED_EDGE('',*,*,#1206,.F.);
#1206 = EDGE_CURVE('',#269,#1198,#1207,.T.);
#1207 = CIRCLE('',#1208,3.);
#1208 = AXIS2_PLACEMENT_3D('',#1209,#1210,#1211);
#1209 = CARTESIAN_POINT('',(16.5,65.5,6.));
#1210 = DIRECTION('',(0.,0.,1.));
#1211 = DIRECTION('',(1.,0.,0.));
#1212 = ORIENTED_EDGE('',*,*,#276,.F.);
#1213 = ORIENTED_EDGE('',*,*,#1214,.F.);
#1214 = EDGE_CURVE('',#1127,#277,#1215,.T.);
#1215 = CIRCLE('',#1216,3.);
#1216 = AXIS2_PLACEMENT_3D('',#1217,#1218,#1219);
#1217 = CARTESIAN_POINT('',(16.5,65.5,6.));
#1218 = DIRECTION('',(0.,0.,1.));
#1219 = DIRECTION('',(1.,0.,0.));
#1220 = CYLINDRICAL_SURFACE('',#1221,3.);
#1221 = AXIS2_PLACEMENT_3D('',#1222,#1223,#1224);
#1222 = CARTESIAN_POINT('',(16.5,65.5,6.));
#1223 = DIRECTION('',(-0.,-0.,-1.));
#1224 = DIRECTION('',(1.,0.,0.));
#1225 = ADVANCED_FACE('',(#1226),#1272,.F.);
#1226 = FACE_BOUND('',#1227,.F.);
#1227 = EDGE_LOOP('',(#1228,#1229,#1235,#1236,#1242,#1250,#1258,#1266));
#1228 = ORIENTED_EDGE('',*,*,#814,.F.);
#1229 = ORIENTED_EDGE('',*,*,#1230,.T.);
#1230 = EDGE_CURVE('',#815,#261,#1231,.T.);
#1231 = LINE('',#1232,#1233);
#1232 = CARTESIAN_POINT('',(9.,63.2,-0.5));
#1233 = VECTOR('',#1234,1.);
#1234 = DIRECTION('',(0.,0.,1.));
#1235 = ORIENTED_EDGE('',*,*,#268,.T.);
#1236 = ORIENTED_EDGE('',*,*,#1237,.T.);
#1237 = EDGE_CURVE('',#269,#1198,#1238,.T.);
#1238 = LINE('',#1239,#1240);
#1239 = CARTESIAN_POINT('',(6.,63.2,6.));
#1240 = VECTOR('',#1241,1.);
#1241 = DIRECTION('',(1.,0.,0.));
#1242 = ORIENTED_EDGE('',*,*,#1243,.T.);
#1243 = EDGE_CURVE('',#1198,#1244,#1246,.T.);
#1244 = VERTEX_POINT('',#1245);
#1245 = CARTESIAN_POINT('',(72.573863971574,63.2,6.));
#1246 = LINE('',#1247,#1248);
#1247 = CARTESIAN_POINT('',(6.,63.2,6.));
#1248 = VECTOR('',#1249,1.);
#1249 = DIRECTION('',(1.,0.,0.));
#1250 = ORIENTED_EDGE('',*,*,#1251,.T.);
#1251 = EDGE_CURVE('',#1244,#1252,#1254,.T.);
#1252 = VERTEX_POINT('',#1253);
#1253 = CARTESIAN_POINT('',(76.426136028426,63.2,6.));
#1254 = LINE('',#1255,#1256);
#1255 = CARTESIAN_POINT('',(6.,63.2,6.));
#1256 = VECTOR('',#1257,1.);
#1257 = DIRECTION('',(1.,0.,0.));
#1258 = ORIENTED_EDGE('',*,*,#1259,.T.);
#1259 = EDGE_CURVE('',#1252,#1260,#1262,.T.);
#1260 = VERTEX_POINT('',#1261);
#1261 = CARTESIAN_POINT('',(101.,63.2,6.));
#1262 = LINE('',#1263,#1264);
#1263 = CARTESIAN_POINT('',(6.,63.2,6.));
#1264 = VECTOR('',#1265,1.);
#1265 = DIRECTION('',(1.,0.,0.));
#1266 = ORIENTED_EDGE('',*,*,#1267,.F.);
#1267 = EDGE_CURVE('',#805,#1260,#1268,.T.);
#1268 = LINE('',#1269,#1270);
#1269 = CARTESIAN_POINT('',(101.,63.2,-0.5));
#1270 = VECTOR('',#1271,1.);
#1271 = DIRECTION('',(0.,0.,1.));
#1272 = PLANE('',#1273);
#1273 = AXIS2_PLACEMENT_3D('',#1274,#1275,#1276);
#1274 = CARTESIAN_POINT('',(6.,63.2,2.723515857284E-15));
#1275 = DIRECTION('',(0.,1.,0.));
#1276 = DIRECTION('',(0.,0.,1.));
#1277 = ADVANCED_FACE('',(#1278),#1289,.T.);
#1278 = FACE_BOUND('',#1279,.T.);
#1279 = EDGE_LOOP('',(#1280,#1286,#1287,#1288));
#1280 = ORIENTED_EDGE('',*,*,#1281,.F.);
#1281 = EDGE_CURVE('',#823,#253,#1282,.T.);
#1282 = LINE('',#1283,#1284);
#1283 = CARTESIAN_POINT('',(9.,18.8,-0.5));
#1284 = VECTOR('',#1285,1.);
#1285 = DIRECTION('',(0.,0.,1.));
#1286 = ORIENTED_EDGE('',*,*,#822,.F.);
#1287 = ORIENTED_EDGE('',*,*,#1230,.T.);
#1288 = ORIENTED_EDGE('',*,*,#260,.F.);
#1289 = PLANE('',#1290);
#1290 = AXIS2_PLACEMENT_3D('',#1291,#1292,#1293);
#1291 = CARTESIAN_POINT('',(9.,12.,-1.));
#1292 = DIRECTION('',(1.,0.,0.));
#1293 = DIRECTION('',(0.,0.,1.));
#1294 = ADVANCED_FACE('',(#1295),#1338,.T.);
#1295 = FACE_BOUND('',#1296,.T.);
#1296 = EDGE_LOOP('',(#1297,#1298,#1299,#1300,#1308,#1316,#1324,#1332));
#1297 = ORIENTED_EDGE('',*,*,#830,.F.);
#1298 = ORIENTED_EDGE('',*,*,#1281,.T.);
#1299 = ORIENTED_EDGE('',*,*,#252,.T.);
#1300 = ORIENTED_EDGE('',*,*,#1301,.T.);
#1301 = EDGE_CURVE('',#244,#1302,#1304,.T.);
#1302 = VERTEX_POINT('',#1303);
#1303 = CARTESIAN_POINT('',(18.426136028426,18.8,6.));
#1304 = LINE('',#1305,#1306);
#1305 = CARTESIAN_POINT('',(6.,18.8,6.));
#1306 = VECTOR('',#1307,1.);
#1307 = DIRECTION('',(1.,0.,0.));
#1308 = ORIENTED_EDGE('',*,*,#1309,.T.);
#1309 = EDGE_CURVE('',#1302,#1310,#1312,.T.);
#1310 = VERTEX_POINT('',#1311);
#1311 = CARTESIAN_POINT('',(72.573863971574,18.8,6.));
#1312 = LINE('',#1313,#1314);
#1313 = CARTESIAN_POINT('',(6.,18.8,6.));
#1314 = VECTOR('',#1315,1.);
#1315 = DIRECTION('',(1.,0.,0.));
#1316 = ORIENTED_EDGE('',*,*,#1317,.T.);
#1317 = EDGE_CURVE('',#1310,#1318,#1320,.T.);
#1318 = VERTEX_POINT('',#1319);
#1319 = CARTESIAN_POINT('',(76.426136028426,18.8,6.));
#1320 = LINE('',#1321,#1322);
#1321 = CARTESIAN_POINT('',(6.,18.8,6.));
#1322 = VECTOR('',#1323,1.);
#1323 = DIRECTION('',(1.,0.,0.));
#1324 = ORIENTED_EDGE('',*,*,#1325,.T.);
#1325 = EDGE_CURVE('',#1318,#1326,#1328,.T.);
#1326 = VERTEX_POINT('',#1327);
#1327 = CARTESIAN_POINT('',(101.,18.8,6.));
#1328 = LINE('',#1329,#1330);
#1329 = CARTESIAN_POINT('',(6.,18.8,6.));
#1330 = VECTOR('',#1331,1.);
#1331 = DIRECTION('',(1.,0.,0.));
#1332 = ORIENTED_EDGE('',*,*,#1333,.F.);
#1333 = EDGE_CURVE('',#807,#1326,#1334,.T.);
#1334 = LINE('',#1335,#1336);
#1335 = CARTESIAN_POINT('',(101.,18.8,-0.5));
#1336 = VECTOR('',#1337,1.);
#1337 = DIRECTION('',(0.,0.,1.));
#1338 = PLANE('',#1339);
#1339 = AXIS2_PLACEMENT_3D('',#1340,#1341,#1342);
#1340 = CARTESIAN_POINT('',(6.,18.8,2.723515857284E-15));
#1341 = DIRECTION('',(0.,1.,0.));
#1342 = DIRECTION('',(0.,0.,1.));
#1343 = ADVANCED_FACE('',(#1344),#1395,.T.);
#1344 = FACE_BOUND('',#1345,.F.);
#1345 = EDGE_LOOP('',(#1346,#1355,#1363,#1370,#1371,#1380,#1387,#1388));
#1346 = ORIENTED_EDGE('',*,*,#1347,.F.);
#1347 = EDGE_CURVE('',#1348,#1302,#1350,.T.);
#1348 = VERTEX_POINT('',#1349);
#1349 = CARTESIAN_POINT('',(19.5,16.5,6.));
#1350 = CIRCLE('',#1351,3.);
#1351 = AXIS2_PLACEMENT_3D('',#1352,#1353,#1354);
#1352 = CARTESIAN_POINT('',(16.5,16.5,6.));
#1353 = DIRECTION('',(0.,0.,1.));
#1354 = DIRECTION('',(1.,0.,0.));
#1355 = ORIENTED_EDGE('',*,*,#1356,.T.);
#1356 = EDGE_CURVE('',#1348,#1357,#1359,.T.);
#1357 = VERTEX_POINT('',#1358);
#1358 = CARTESIAN_POINT('',(19.5,16.5,9.));
#1359 = LINE('',#1360,#1361);
#1360 = CARTESIAN_POINT('',(19.5,16.5,6.));
#1361 = VECTOR('',#1362,1.);
#1362 = DIRECTION('',(0.,0.,1.));
#1363 = ORIENTED_EDGE('',*,*,#1364,.T.);
#1364 = EDGE_CURVE('',#1357,#1357,#1365,.T.);
#1365 = CIRCLE('',#1366,3.);
#1366 = AXIS2_PLACEMENT_3D('',#1367,#1368,#1369);
#1367 = CARTESIAN_POINT('',(16.5,16.5,9.));
#1368 = DIRECTION('',(0.,0.,1.));
#1369 = DIRECTION('',(1.,0.,0.));
#1370 = ORIENTED_EDGE('',*,*,#1356,.F.);
#1371 = ORIENTED_EDGE('',*,*,#1372,.F.);
#1372 = EDGE_CURVE('',#1373,#1348,#1375,.T.);
#1373 = VERTEX_POINT('',#1374);
#1374 = CARTESIAN_POINT('',(18.426136028426,14.2,6.));
#1375 = CIRCLE('',#1376,3.);
#1376 = AXIS2_PLACEMENT_3D('',#1377,#1378,#1379);
#1377 = CARTESIAN_POINT('',(16.5,16.5,6.));
#1378 = DIRECTION('',(0.,0.,1.));
#1379 = DIRECTION('',(1.,0.,0.));
#1380 = ORIENTED_EDGE('',*,*,#1381,.F.);
#1381 = EDGE_CURVE('',#236,#1373,#1382,.T.);
#1382 = CIRCLE('',#1383,3.);
#1383 = AXIS2_PLACEMENT_3D('',#1384,#1385,#1386);
#1384 = CARTESIAN_POINT('',(16.5,16.5,6.));
#1385 = DIRECTION('',(0.,0.,1.));
#1386 = DIRECTION('',(1.,0.,0.));
#1387 = ORIENTED_EDGE('',*,*,#243,.F.);
#1388 = ORIENTED_EDGE('',*,*,#1389,.F.);
#1389 = EDGE_CURVE('',#1302,#244,#1390,.T.);
#1390 = CIRCLE('',#1391,3.);
#1391 = AXIS2_PLACEMENT_3D('',#1392,#1393,#1394);
#1392 = CARTESIAN_POINT('',(16.5,16.5,6.));
#1393 = DIRECTION('',(0.,0.,1.));
#1394 = DIRECTION('',(1.,0.,0.));
#1395 = CYLINDRICAL_SURFACE('',#1396,3.);
#1396 = AXIS2_PLACEMENT_3D('',#1397,#1398,#1399);
#1397 = CARTESIAN_POINT('',(16.5,16.5,6.));
#1398 = DIRECTION('',(-0.,-0.,-1.));
#1399 = DIRECTION('',(1.,0.,0.));
#1400 = ADVANCED_FACE('',(#1401),#1447,.F.);
#1401 = FACE_BOUND('',#1402,.F.);
#1402 = EDGE_LOOP('',(#1403,#1404,#1410,#1411,#1417,#1425,#1433,#1441));
#1403 = ORIENTED_EDGE('',*,*,#741,.F.);
#1404 = ORIENTED_EDGE('',*,*,#1405,.T.);
#1405 = EDGE_CURVE('',#742,#228,#1406,.T.);
#1406 = LINE('',#1407,#1408);
#1407 = CARTESIAN_POINT('',(9.,14.2,-0.5));
#1408 = VECTOR('',#1409,1.);
#1409 = DIRECTION('',(0.,0.,1.));
#1410 = ORIENTED_EDGE('',*,*,#235,.T.);
#1411 = ORIENTED_EDGE('',*,*,#1412,.T.);
#1412 = EDGE_CURVE('',#236,#1373,#1413,.T.);
#1413 = LINE('',#1414,#1415);
#1414 = CARTESIAN_POINT('',(6.,14.2,6.));
#1415 = VECTOR('',#1416,1.);
#1416 = DIRECTION('',(1.,0.,0.));
#1417 = ORIENTED_EDGE('',*,*,#1418,.T.);
#1418 = EDGE_CURVE('',#1373,#1419,#1421,.T.);
#1419 = VERTEX_POINT('',#1420);
#1420 = CARTESIAN_POINT('',(72.573863971574,14.2,6.));
#1421 = LINE('',#1422,#1423);
#1422 = CARTESIAN_POINT('',(6.,14.2,6.));
#1423 = VECTOR('',#1424,1.);
#1424 = DIRECTION('',(1.,0.,0.));
#1425 = ORIENTED_EDGE('',*,*,#1426,.T.);
#1426 = EDGE_CURVE('',#1419,#1427,#1429,.T.);
#1427 = VERTEX_POINT('',#1428);
#1428 = CARTESIAN_POINT('',(76.426136028426,14.2,6.));
#1429 = LINE('',#1430,#1431);
#1430 = CARTESIAN_POINT('',(6.,14.2,6.));
#1431 = VECTOR('',#1432,1.);
#1432 = DIRECTION('',(1.,0.,0.));
#1433 = ORIENTED_EDGE('',*,*,#1434,.T.);
#1434 = EDGE_CURVE('',#1427,#1435,#1437,.T.);
#1435 = VERTEX_POINT('',#1436);
#1436 = CARTESIAN_POINT('',(101.,14.2,6.));
#1437 = LINE('',#1438,#1439);
#1438 = CARTESIAN_POINT('',(6.,14.2,6.));
#1439 = VECTOR('',#1440,1.);
#1440 = DIRECTION('',(1.,0.,0.));
#1441 = ORIENTED_EDGE('',*,*,#1442,.F.);
#1442 = EDGE_CURVE('',#734,#1435,#1443,.T.);
#1443 = LINE('',#1444,#1445);
#1444 = CARTESIAN_POINT('',(101.,14.2,-0.5));
#1445 = VECTOR('',#1446,1.);
#1446 = DIRECTION('',(0.,0.,1.));
#1447 = PLANE('',#1448);
#1448 = AXIS2_PLACEMENT_3D('',#1449,#1450,#1451);
#1449 = CARTESIAN_POINT('',(6.,14.2,2.723515857284E-15));
#1450 = DIRECTION('',(0.,1.,0.));
#1451 = DIRECTION('',(0.,0.,1.));
#1452 = ADVANCED_FACE('',(#1453),#1459,.T.);
#1453 = FACE_BOUND('',#1454,.T.);
#1454 = EDGE_LOOP('',(#1455,#1456,#1457,#1458));
#1455 = ORIENTED_EDGE('',*,*,#959,.F.);
#1456 = ORIENTED_EDGE('',*,*,#749,.F.);
#1457 = ORIENTED_EDGE('',*,*,#1405,.T.);
#1458 = ORIENTED_EDGE('',*,*,#227,.F.);
#1459 = PLANE('',#1460);
#1460 = AXIS2_PLACEMENT_3D('',#1461,#1462,#1463);
#1461 = CARTESIAN_POINT('',(9.,12.,-1.));
#1462 = DIRECTION('',(1.,0.,0.));
#1463 = DIRECTION('',(0.,0.,1.));
#1464 = ADVANCED_FACE('',(#1465),#1476,.F.);
#1465 = FACE_BOUND('',#1466,.F.);
#1466 = EDGE_LOOP('',(#1467,#1468,#1469,#1475));
#1467 = ORIENTED_EDGE('',*,*,#1056,.F.);
#1468 = ORIENTED_EDGE('',*,*,#388,.T.);
#1469 = ORIENTED_EDGE('',*,*,#1470,.T.);
#1470 = EDGE_CURVE('',#381,#447,#1471,.T.);
#1471 = LINE('',#1472,#1473);
#1472 = CARTESIAN_POINT('',(9.05,15.,5.3));
#1473 = VECTOR('',#1474,1.);
#1474 = DIRECTION('',(0.,1.,0.));
#1475 = ORIENTED_EDGE('',*,*,#446,.F.);
#1476 = PLANE('',#1477);
#1477 = AXIS2_PLACEMENT_3D('',#1478,#1479,#1480);
#1478 = CARTESIAN_POINT('',(-5.E-02,15.,5.3));
#1479 = DIRECTION('',(0.,0.,1.));
#1480 = DIRECTION('',(1.,0.,0.));
#1481 = ADVANCED_FACE('',(#1482),#1488,.F.);
#1482 = FACE_BOUND('',#1483,.F.);
#1483 = EDGE_LOOP('',(#1484,#1485,#1486,#1487));
#1484 = ORIENTED_EDGE('',*,*,#380,.F.);
#1485 = ORIENTED_EDGE('',*,*,#413,.T.);
#1486 = ORIENTED_EDGE('',*,*,#454,.T.);
#1487 = ORIENTED_EDGE('',*,*,#1470,.F.);
#1488 = PLANE('',#1489);
#1489 = AXIS2_PLACEMENT_3D('',#1490,#1491,#1492);
#1490 = CARTESIAN_POINT('',(9.05,15.,3.));
#1491 = DIRECTION('',(1.,0.,0.));
#1492 = DIRECTION('',(0.,0.,1.));
#1493 = ADVANCED_FACE('',(#1494),#1505,.F.);
#1494 = FACE_BOUND('',#1495,.F.);
#1495 = EDGE_LOOP('',(#1496,#1497,#1498,#1504));
#1496 = ORIENTED_EDGE('',*,*,#1073,.F.);
#1497 = ORIENTED_EDGE('',*,*,#485,.T.);
#1498 = ORIENTED_EDGE('',*,*,#1499,.T.);
#1499 = EDGE_CURVE('',#478,#544,#1500,.T.);
#1500 = LINE('',#1501,#1502);
#1501 = CARTESIAN_POINT('',(9.05,64.,5.3));
#1502 = VECTOR('',#1503,1.);
#1503 = DIRECTION('',(0.,1.,0.));
#1504 = ORIENTED_EDGE('',*,*,#543,.F.);
#1505 = PLANE('',#1506);
#1506 = AXIS2_PLACEMENT_3D('',#1507,#1508,#1509);
#1507 = CARTESIAN_POINT('',(-5.E-02,64.,5.3));
#1508 = DIRECTION('',(0.,0.,1.));
#1509 = DIRECTION('',(1.,0.,0.));
#1510 = ADVANCED_FACE('',(#1511),#1517,.F.);
#1511 = FACE_BOUND('',#1512,.F.);
#1512 = EDGE_LOOP('',(#1513,#1514,#1515,#1516));
#1513 = ORIENTED_EDGE('',*,*,#477,.F.);
#1514 = ORIENTED_EDGE('',*,*,#510,.T.);
#1515 = ORIENTED_EDGE('',*,*,#551,.T.);
#1516 = ORIENTED_EDGE('',*,*,#1499,.F.);
#1517 = PLANE('',#1518);
#1518 = AXIS2_PLACEMENT_3D('',#1519,#1520,#1521);
#1519 = CARTESIAN_POINT('',(9.05,64.,3.));
#1520 = DIRECTION('',(1.,0.,0.));
#1521 = DIRECTION('',(0.,0.,1.));
#1522 = ADVANCED_FACE('',(#1523),#1542,.F.);
#1523 = FACE_BOUND('',#1524,.T.);
#1524 = EDGE_LOOP('',(#1525,#1526,#1527,#1535));
#1525 = ORIENTED_EDGE('',*,*,#565,.T.);
#1526 = ORIENTED_EDGE('',*,*,#875,.T.);
#1527 = ORIENTED_EDGE('',*,*,#1528,.T.);
#1528 = EDGE_CURVE('',#868,#1529,#1531,.T.);
#1529 = VERTEX_POINT('',#1530);
#1530 = CARTESIAN_POINT('',(12.,73.,6.));
#1531 = LINE('',#1532,#1533);
#1532 = CARTESIAN_POINT('',(12.,73.,-1.));
#1533 = VECTOR('',#1534,1.);
#1534 = DIRECTION('',(0.,0.,1.));
#1535 = ORIENTED_EDGE('',*,*,#1536,.F.);
#1536 = EDGE_CURVE('',#566,#1529,#1537,.T.);
#1537 = CIRCLE('',#1538,3.);
#1538 = AXIS2_PLACEMENT_3D('',#1539,#1540,#1541);
#1539 = CARTESIAN_POINT('',(12.,70.,6.));
#1540 = DIRECTION('',(0.,0.,-1.));
#1541 = DIRECTION('',(1.,0.,0.));
#1542 = CYLINDRICAL_SURFACE('',#1543,3.);
#1543 = AXIS2_PLACEMENT_3D('',#1544,#1545,#1546);
#1544 = CARTESIAN_POINT('',(12.,70.,-1.));
#1545 = DIRECTION('',(-0.,-0.,-1.));
#1546 = DIRECTION('',(1.,0.,0.));
#1547 = ADVANCED_FACE('',(#1548),#1566,.T.);
#1548 = FACE_BOUND('',#1549,.T.);
#1549 = EDGE_LOOP('',(#1550,#1551,#1552,#1560));
#1550 = ORIENTED_EDGE('',*,*,#651,.F.);
#1551 = ORIENTED_EDGE('',*,*,#601,.T.);
#1552 = ORIENTED_EDGE('',*,*,#1553,.T.);
#1553 = EDGE_CURVE('',#602,#1554,#1556,.T.);
#1554 = VERTEX_POINT('',#1555);
#1555 = CARTESIAN_POINT('',(104.,82.,6.));
#1556 = LINE('',#1557,#1558);
#1557 = CARTESIAN_POINT('',(6.,82.,6.));
#1558 = VECTOR('',#1559,1.);
#1559 = DIRECTION('',(1.,0.,0.));
#1560 = ORIENTED_EDGE('',*,*,#1561,.F.);
#1561 = EDGE_CURVE('',#652,#1554,#1562,.T.);
#1562 = LINE('',#1563,#1564);
#1563 = CARTESIAN_POINT('',(104.,82.,2.723515857284E-15));
#1564 = VECTOR('',#1565,1.);
#1565 = DIRECTION('',(0.,0.,1.));
#1566 = PLANE('',#1567);
#1567 = AXIS2_PLACEMENT_3D('',#1568,#1569,#1570);
#1568 = CARTESIAN_POINT('',(6.,82.,2.723515857284E-15));
#1569 = DIRECTION('',(0.,1.,0.));
#1570 = DIRECTION('',(0.,0.,1.));
#1571 = ADVANCED_FACE('',(#1572),#1602,.T.);
#1572 = FACE_BOUND('',#1573,.T.);
#1573 = EDGE_LOOP('',(#1574,#1575,#1576,#1577,#1578,#1586,#1595));
#1574 = ORIENTED_EDGE('',*,*,#1553,.F.);
#1575 = ORIENTED_EDGE('',*,*,#609,.T.);
#1576 = ORIENTED_EDGE('',*,*,#633,.T.);
#1577 = ORIENTED_EDGE('',*,*,#1536,.T.);
#1578 = ORIENTED_EDGE('',*,*,#1579,.F.);
#1579 = EDGE_CURVE('',#1580,#1529,#1582,.T.);
#1580 = VERTEX_POINT('',#1581);
#1581 = CARTESIAN_POINT('',(98.,73.,6.));
#1582 = LINE('',#1583,#1584);
#1583 = CARTESIAN_POINT('',(33.5,73.,6.));
#1584 = VECTOR('',#1585,1.);
#1585 = DIRECTION('',(-1.,0.,0.));
#1586 = ORIENTED_EDGE('',*,*,#1587,.T.);
#1587 = EDGE_CURVE('',#1580,#1588,#1590,.T.);
#1588 = VERTEX_POINT('',#1589);
#1589 = CARTESIAN_POINT('',(98.882843258351,72.867156741649,6.));
#1590 = CIRCLE('',#1591,3.);
#1591 = AXIS2_PLACEMENT_3D('',#1592,#1593,#1594);
#1592 = CARTESIAN_POINT('',(98.,70.,6.));
#1593 = DIRECTION('',(0.,0.,-1.));
#1594 = DIRECTION('',(1.,0.,0.));
#1595 = ORIENTED_EDGE('',*,*,#1596,.T.);
#1596 = EDGE_CURVE('',#1588,#1554,#1597,.T.);
#1597 = CIRCLE('',#1598,6.);
#1598 = AXIS2_PLACEMENT_3D('',#1599,#1600,#1601);
#1599 = CARTESIAN_POINT('',(104.,76.,6.));
#1600 = DIRECTION('',(0.,0.,-1.));
#1601 = DIRECTION('',(1.,0.,0.));
#1602 = PLANE('',#1603);
#1603 = AXIS2_PLACEMENT_3D('',#1604,#1605,#1606);
#1604 = CARTESIAN_POINT('',(55.,41.,6.));
#1605 = DIRECTION('',(0.,0.,1.));
#1606 = DIRECTION('',(1.,0.,0.));
#1607 = ADVANCED_FACE('',(#1608,#1611),#1622,.T.);
#1608 = FACE_BOUND('',#1609,.T.);
#1609 = EDGE_LOOP('',(#1610));
#1610 = ORIENTED_EDGE('',*,*,#625,.T.);
#1611 = FACE_BOUND('',#1612,.T.);
#1612 = EDGE_LOOP('',(#1613));
#1613 = ORIENTED_EDGE('',*,*,#1614,.F.);
#1614 = EDGE_CURVE('',#1615,#1615,#1617,.T.);
#1615 = VERTEX_POINT('',#1616);
#1616 = CARTESIAN_POINT('',(9.,76.,40.));
#1617 = CIRCLE('',#1618,3.);
#1618 = AXIS2_PLACEMENT_3D('',#1619,#1620,#1621);
#1619 = CARTESIAN_POINT('',(6.,76.,40.));
#1620 = DIRECTION('',(0.,0.,1.));
#1621 = DIRECTION('',(1.,0.,0.));
#1622 = PLANE('',#1623);
#1623 = AXIS2_PLACEMENT_3D('',#1624,#1625,#1626);
#1624 = CARTESIAN_POINT('',(6.,76.,40.));
#1625 = DIRECTION('',(0.,0.,1.));
#1626 = DIRECTION('',(1.,0.,0.));
#1627 = ADVANCED_FACE('',(#1628),#1678,.T.);
#1628 = FACE_BOUND('',#1629,.F.);
#1629 = EDGE_LOOP('',(#1630,#1636,#1637,#1645,#1654,#1661,#1668,#1669,
    #1675,#1676,#1677));
#1630 = ORIENTED_EDGE('',*,*,#1631,.T.);
#1631 = EDGE_CURVE('',#1002,#705,#1632,.T.);
#1632 = LINE('',#1633,#1634);
#1633 = CARTESIAN_POINT('',(98.882843258351,9.132843258351,-1.));
#1634 = VECTOR('',#1635,1.);
#1635 = DIRECTION('',(-0.,-0.,-1.));
#1636 = ORIENTED_EDGE('',*,*,#715,.F.);
#1637 = ORIENTED_EDGE('',*,*,#1638,.F.);
#1638 = EDGE_CURVE('',#1639,#716,#1641,.T.);
#1639 = VERTEX_POINT('',#1640);
#1640 = CARTESIAN_POINT('',(100.86715674164,11.117156741649,6.));
#1641 = LINE('',#1642,#1643);
#1642 = CARTESIAN_POINT('',(100.86715674164,11.117156741649,-1.));
#1643 = VECTOR('',#1644,1.);
#1644 = DIRECTION('',(-0.,-0.,-1.));
#1645 = ORIENTED_EDGE('',*,*,#1646,.T.);
#1646 = EDGE_CURVE('',#1639,#1647,#1649,.T.);
#1647 = VERTEX_POINT('',#1648);
#1648 = CARTESIAN_POINT('',(110.,6.,6.));
#1649 = CIRCLE('',#1650,6.);
#1650 = AXIS2_PLACEMENT_3D('',#1651,#1652,#1653);
#1651 = CARTESIAN_POINT('',(104.,6.,6.));
#1652 = DIRECTION('',(0.,0.,-1.));
#1653 = DIRECTION('',(1.,0.,0.));
#1654 = ORIENTED_EDGE('',*,*,#1655,.F.);
#1655 = EDGE_CURVE('',#1656,#1647,#1658,.T.);
#1656 = VERTEX_POINT('',#1657);
#1657 = CARTESIAN_POINT('',(110.,6.,40.));
#1658 = B_SPLINE_CURVE_WITH_KNOTS('',1,(#1659,#1660),.UNSPECIFIED.,.F.,
  .F.,(2,2),(-40.,-6.),.PIECEWISE_BEZIER_KNOTS.);
#1659 = CARTESIAN_POINT('',(110.,6.,40.));
#1660 = CARTESIAN_POINT('',(110.,6.,6.));
#1661 = ORIENTED_EDGE('',*,*,#1662,.T.);
#1662 = EDGE_CURVE('',#1656,#1656,#1663,.T.);
#1663 = CIRCLE('',#1664,6.);
#1664 = AXIS2_PLACEMENT_3D('',#1665,#1666,#1667);
#1665 = CARTESIAN_POINT('',(104.,6.,40.));
#1666 = DIRECTION('',(0.,0.,1.));
#1667 = DIRECTION('',(1.,0.,0.));
#1668 = ORIENTED_EDGE('',*,*,#1655,.T.);
#1669 = ORIENTED_EDGE('',*,*,#1670,.F.);
#1670 = EDGE_CURVE('',#669,#1647,#1671,.T.);
#1671 = LINE('',#1672,#1673);
#1672 = CARTESIAN_POINT('',(110.,6.,2.723515857284E-15));
#1673 = VECTOR('',#1674,1.);
#1674 = DIRECTION('',(0.,0.,1.));
#1675 = ORIENTED_EDGE('',*,*,#676,.F.);
#1676 = ORIENTED_EDGE('',*,*,#943,.T.);
#1677 = ORIENTED_EDGE('',*,*,#1001,.T.);
#1678 = CYLINDRICAL_SURFACE('',#1679,6.);
#1679 = AXIS2_PLACEMENT_3D('',#1680,#1681,#1682);
#1680 = CARTESIAN_POINT('',(104.,6.,2.723515857284E-15));
#1681 = DIRECTION('',(-0.,-0.,-1.));
#1682 = DIRECTION('',(1.,0.,0.));
#1683 = ADVANCED_FACE('',(#1684),#1702,.T.);
#1684 = FACE_BOUND('',#1685,.T.);
#1685 = EDGE_LOOP('',(#1686,#1687,#1688,#1696));
#1686 = ORIENTED_EDGE('',*,*,#1670,.F.);
#1687 = ORIENTED_EDGE('',*,*,#668,.T.);
#1688 = ORIENTED_EDGE('',*,*,#1689,.T.);
#1689 = EDGE_CURVE('',#660,#1690,#1692,.T.);
#1690 = VERTEX_POINT('',#1691);
#1691 = CARTESIAN_POINT('',(110.,76.,6.));
#1692 = LINE('',#1693,#1694);
#1693 = CARTESIAN_POINT('',(110.,76.,2.723515857284E-15));
#1694 = VECTOR('',#1695,1.);
#1695 = DIRECTION('',(0.,0.,1.));
#1696 = ORIENTED_EDGE('',*,*,#1697,.F.);
#1697 = EDGE_CURVE('',#1647,#1690,#1698,.T.);
#1698 = LINE('',#1699,#1700);
#1699 = CARTESIAN_POINT('',(110.,6.,6.));
#1700 = VECTOR('',#1701,1.);
#1701 = DIRECTION('',(0.,1.,0.));
#1702 = PLANE('',#1703);
#1703 = AXIS2_PLACEMENT_3D('',#1704,#1705,#1706);
#1704 = CARTESIAN_POINT('',(110.,6.,2.723515857284E-15));
#1705 = DIRECTION('',(1.,0.,0.));
#1706 = DIRECTION('',(0.,0.,1.));
#1707 = ADVANCED_FACE('',(#1708),#1751,.T.);
#1708 = FACE_BOUND('',#1709,.F.);
#1709 = EDGE_LOOP('',(#1710,#1718,#1719,#1725,#1726,#1727,#1728,#1729,
    #1736,#1743,#1744));
#1710 = ORIENTED_EDGE('',*,*,#1711,.T.);
#1711 = EDGE_CURVE('',#1712,#839,#1714,.T.);
#1712 = VERTEX_POINT('',#1713);
#1713 = CARTESIAN_POINT('',(100.86715674164,70.882843258351,6.));
#1714 = LINE('',#1715,#1716);
#1715 = CARTESIAN_POINT('',(100.86715674164,70.882843258351,-1.));
#1716 = VECTOR('',#1717,1.);
#1717 = DIRECTION('',(-0.,-0.,-1.));
#1718 = ORIENTED_EDGE('',*,*,#849,.F.);
#1719 = ORIENTED_EDGE('',*,*,#1720,.F.);
#1720 = EDGE_CURVE('',#1588,#850,#1721,.T.);
#1721 = LINE('',#1722,#1723);
#1722 = CARTESIAN_POINT('',(98.882843258351,72.867156741649,-1.));
#1723 = VECTOR('',#1724,1.);
#1724 = DIRECTION('',(-0.,-0.,-1.));
#1725 = ORIENTED_EDGE('',*,*,#1596,.T.);
#1726 = ORIENTED_EDGE('',*,*,#1561,.F.);
#1727 = ORIENTED_EDGE('',*,*,#659,.F.);
#1728 = ORIENTED_EDGE('',*,*,#1689,.T.);
#1729 = ORIENTED_EDGE('',*,*,#1730,.F.);
#1730 = EDGE_CURVE('',#1731,#1690,#1733,.T.);
#1731 = VERTEX_POINT('',#1732);
#1732 = CARTESIAN_POINT('',(110.,76.,40.));
#1733 = B_SPLINE_CURVE_WITH_KNOTS('',1,(#1734,#1735),.UNSPECIFIED.,.F.,
  .F.,(2,2),(-40.,-6.),.PIECEWISE_BEZIER_KNOTS.);
#1734 = CARTESIAN_POINT('',(110.,76.,40.));
#1735 = CARTESIAN_POINT('',(110.,76.,6.));
#1736 = ORIENTED_EDGE('',*,*,#1737,.T.);
#1737 = EDGE_CURVE('',#1731,#1731,#1738,.T.);
#1738 = CIRCLE('',#1739,6.);
#1739 = AXIS2_PLACEMENT_3D('',#1740,#1741,#1742);
#1740 = CARTESIAN_POINT('',(104.,76.,40.));
#1741 = DIRECTION('',(0.,0.,1.));
#1742 = DIRECTION('',(1.,0.,0.));
#1743 = ORIENTED_EDGE('',*,*,#1730,.T.);
#1744 = ORIENTED_EDGE('',*,*,#1745,.T.);
#1745 = EDGE_CURVE('',#1690,#1712,#1746,.T.);
#1746 = CIRCLE('',#1747,6.);
#1747 = AXIS2_PLACEMENT_3D('',#1748,#1749,#1750);
#1748 = CARTESIAN_POINT('',(104.,76.,6.));
#1749 = DIRECTION('',(0.,0.,-1.));
#1750 = DIRECTION('',(1.,0.,0.));
#1751 = CYLINDRICAL_SURFACE('',#1752,6.);
#1752 = AXIS2_PLACEMENT_3D('',#1753,#1754,#1755);
#1753 = CARTESIAN_POINT('',(104.,76.,2.723515857284E-15));
#1754 = DIRECTION('',(-0.,-0.,-1.));
#1755 = DIRECTION('',(1.,0.,0.));
#1756 = ADVANCED_FACE('',(#1757),#1776,.F.);
#1757 = FACE_BOUND('',#1758,.F.);
#1758 = EDGE_LOOP('',(#1759,#1767,#1774,#1775));
#1759 = ORIENTED_EDGE('',*,*,#1760,.T.);
#1760 = EDGE_CURVE('',#694,#1761,#1763,.T.);
#1761 = VERTEX_POINT('',#1762);
#1762 = CARTESIAN_POINT('',(107.5,6.,0.6));
#1763 = LINE('',#1764,#1765);
#1764 = CARTESIAN_POINT('',(108.1,6.,-9.999999999997E-03));
#1765 = VECTOR('',#1766,1.);
#1766 = DIRECTION('',(-0.701238976117,1.7E-16,0.712926292386));
#1767 = ORIENTED_EDGE('',*,*,#1768,.F.);
#1768 = EDGE_CURVE('',#1761,#1761,#1769,.T.);
#1769 = CIRCLE('',#1770,3.5);
#1770 = AXIS2_PLACEMENT_3D('',#1771,#1772,#1773);
#1771 = CARTESIAN_POINT('',(104.,6.,0.6));
#1772 = DIRECTION('',(0.,0.,1.));
#1773 = DIRECTION('',(1.,0.,0.));
#1774 = ORIENTED_EDGE('',*,*,#1760,.F.);
#1775 = ORIENTED_EDGE('',*,*,#693,.T.);
#1776 = CONICAL_SURFACE('',#1777,4.1,0.777133888738);
#1777 = AXIS2_PLACEMENT_3D('',#1778,#1779,#1780);
#1778 = CARTESIAN_POINT('',(104.,6.,-9.999999999997E-03));
#1779 = DIRECTION('',(-0.,-0.,-1.));
#1780 = DIRECTION('',(1.,0.,0.));
#1781 = ADVANCED_FACE('',(#1782),#1793,.F.);
#1782 = FACE_BOUND('',#1783,.T.);
#1783 = EDGE_LOOP('',(#1784,#1785,#1786,#1792));
#1784 = ORIENTED_EDGE('',*,*,#1631,.T.);
#1785 = ORIENTED_EDGE('',*,*,#704,.T.);
#1786 = ORIENTED_EDGE('',*,*,#1787,.T.);
#1787 = EDGE_CURVE('',#707,#1011,#1788,.T.);
#1788 = LINE('',#1789,#1790);
#1789 = CARTESIAN_POINT('',(98.,9.,-1.));
#1790 = VECTOR('',#1791,1.);
#1791 = DIRECTION('',(0.,0.,1.));
#1792 = ORIENTED_EDGE('',*,*,#1010,.F.);
#1793 = CYLINDRICAL_SURFACE('',#1794,3.);
#1794 = AXIS2_PLACEMENT_3D('',#1795,#1796,#1797);
#1795 = CARTESIAN_POINT('',(98.,12.,-1.));
#1796 = DIRECTION('',(-0.,-0.,-1.));
#1797 = DIRECTION('',(1.,0.,0.));
#1798 = ADVANCED_FACE('',(#1799),#1805,.T.);
#1799 = FACE_BOUND('',#1800,.T.);
#1800 = EDGE_LOOP('',(#1801,#1802,#1803,#1804));
#1801 = ORIENTED_EDGE('',*,*,#774,.F.);
#1802 = ORIENTED_EDGE('',*,*,#974,.T.);
#1803 = ORIENTED_EDGE('',*,*,#1019,.F.);
#1804 = ORIENTED_EDGE('',*,*,#1787,.F.);
#1805 = PLANE('',#1806);
#1806 = AXIS2_PLACEMENT_3D('',#1807,#1808,#1809);
#1807 = CARTESIAN_POINT('',(12.,9.,-1.));
#1808 = DIRECTION('',(0.,1.,0.));
#1809 = DIRECTION('',(0.,0.,1.));
#1810 = ADVANCED_FACE('',(#1811),#1830,.F.);
#1811 = FACE_BOUND('',#1812,.T.);
#1812 = EDGE_LOOP('',(#1813,#1821,#1822,#1823));
#1813 = ORIENTED_EDGE('',*,*,#1814,.F.);
#1814 = EDGE_CURVE('',#725,#1815,#1817,.T.);
#1815 = VERTEX_POINT('',#1816);
#1816 = CARTESIAN_POINT('',(101.,12.,6.));
#1817 = LINE('',#1818,#1819);
#1818 = CARTESIAN_POINT('',(101.,12.,-1.));
#1819 = VECTOR('',#1820,1.);
#1820 = DIRECTION('',(0.,0.,1.));
#1821 = ORIENTED_EDGE('',*,*,#724,.T.);
#1822 = ORIENTED_EDGE('',*,*,#1638,.F.);
#1823 = ORIENTED_EDGE('',*,*,#1824,.F.);
#1824 = EDGE_CURVE('',#1815,#1639,#1825,.T.);
#1825 = CIRCLE('',#1826,3.);
#1826 = AXIS2_PLACEMENT_3D('',#1827,#1828,#1829);
#1827 = CARTESIAN_POINT('',(98.,12.,6.));
#1828 = DIRECTION('',(0.,0.,-1.));
#1829 = DIRECTION('',(1.,0.,0.));
#1830 = CYLINDRICAL_SURFACE('',#1831,3.);
#1831 = AXIS2_PLACEMENT_3D('',#1832,#1833,#1834);
#1832 = CARTESIAN_POINT('',(98.,12.,-1.));
#1833 = DIRECTION('',(-0.,-0.,-1.));
#1834 = DIRECTION('',(1.,0.,0.));
#1835 = ADVANCED_FACE('',(#1836),#1847,.F.);
#1836 = FACE_BOUND('',#1837,.F.);
#1837 = EDGE_LOOP('',(#1838,#1839,#1840,#1841));
#1838 = ORIENTED_EDGE('',*,*,#1814,.F.);
#1839 = ORIENTED_EDGE('',*,*,#733,.F.);
#1840 = ORIENTED_EDGE('',*,*,#1442,.T.);
#1841 = ORIENTED_EDGE('',*,*,#1842,.F.);
#1842 = EDGE_CURVE('',#1815,#1435,#1843,.T.);
#1843 = LINE('',#1844,#1845);
#1844 = CARTESIAN_POINT('',(101.,26.5,6.));
#1845 = VECTOR('',#1846,1.);
#1846 = DIRECTION('',(0.,1.,0.));
#1847 = PLANE('',#1848);
#1848 = AXIS2_PLACEMENT_3D('',#1849,#1850,#1851);
#1849 = CARTESIAN_POINT('',(101.,12.,-1.));
#1850 = DIRECTION('',(1.,0.,0.));
#1851 = DIRECTION('',(0.,0.,1.));
#1852 = ADVANCED_FACE('',(#1853),#1872,.F.);
#1853 = FACE_BOUND('',#1854,.F.);
#1854 = EDGE_LOOP('',(#1855,#1863,#1870,#1871));
#1855 = ORIENTED_EDGE('',*,*,#1856,.T.);
#1856 = EDGE_CURVE('',#783,#1857,#1859,.T.);
#1857 = VERTEX_POINT('',#1858);
#1858 = CARTESIAN_POINT('',(9.5,6.,0.6));
#1859 = LINE('',#1860,#1861);
#1860 = CARTESIAN_POINT('',(10.1,6.,-9.999999999997E-03));
#1861 = VECTOR('',#1862,1.);
#1862 = DIRECTION('',(-0.701238976117,1.7E-16,0.712926292386));
#1863 = ORIENTED_EDGE('',*,*,#1864,.F.);
#1864 = EDGE_CURVE('',#1857,#1857,#1865,.T.);
#1865 = CIRCLE('',#1866,3.5);
#1866 = AXIS2_PLACEMENT_3D('',#1867,#1868,#1869);
#1867 = CARTESIAN_POINT('',(6.,6.,0.6));
#1868 = DIRECTION('',(0.,0.,1.));
#1869 = DIRECTION('',(1.,0.,0.));
#1870 = ORIENTED_EDGE('',*,*,#1856,.F.);
#1871 = ORIENTED_EDGE('',*,*,#782,.T.);
#1872 = CONICAL_SURFACE('',#1873,4.1,0.777133888738);
#1873 = AXIS2_PLACEMENT_3D('',#1874,#1875,#1876);
#1874 = CARTESIAN_POINT('',(6.,6.,-9.999999999997E-03));
#1875 = DIRECTION('',(-0.,-0.,-1.));
#1876 = DIRECTION('',(1.,0.,0.));
#1877 = ADVANCED_FACE('',(#1878),#1897,.F.);
#1878 = FACE_BOUND('',#1879,.F.);
#1879 = EDGE_LOOP('',(#1880,#1888,#1895,#1896));
#1880 = ORIENTED_EDGE('',*,*,#1881,.T.);
#1881 = EDGE_CURVE('',#794,#1882,#1884,.T.);
#1882 = VERTEX_POINT('',#1883);
#1883 = CARTESIAN_POINT('',(107.5,76.,0.6));
#1884 = LINE('',#1885,#1886);
#1885 = CARTESIAN_POINT('',(108.1,76.,-9.999999999997E-03));
#1886 = VECTOR('',#1887,1.);
#1887 = DIRECTION('',(-0.701238976117,1.7E-16,0.712926292386));
#1888 = ORIENTED_EDGE('',*,*,#1889,.F.);
#1889 = EDGE_CURVE('',#1882,#1882,#1890,.T.);
#1890 = CIRCLE('',#1891,3.5);
#1891 = AXIS2_PLACEMENT_3D('',#1892,#1893,#1894);
#1892 = CARTESIAN_POINT('',(104.,76.,0.6));
#1893 = DIRECTION('',(0.,0.,1.));
#1894 = DIRECTION('',(1.,0.,0.));
#1895 = ORIENTED_EDGE('',*,*,#1881,.F.);
#1896 = ORIENTED_EDGE('',*,*,#793,.T.);
#1897 = CONICAL_SURFACE('',#1898,4.1,0.777133888738);
#1898 = AXIS2_PLACEMENT_3D('',#1899,#1900,#1901);
#1899 = CARTESIAN_POINT('',(104.,76.,-9.999999999997E-03));
#1900 = DIRECTION('',(-0.,-0.,-1.));
#1901 = DIRECTION('',(1.,0.,0.));
#1902 = ADVANCED_FACE('',(#1903),#1914,.F.);
#1903 = FACE_BOUND('',#1904,.F.);
#1904 = EDGE_LOOP('',(#1905,#1906,#1907,#1908));
#1905 = ORIENTED_EDGE('',*,*,#1333,.F.);
#1906 = ORIENTED_EDGE('',*,*,#804,.F.);
#1907 = ORIENTED_EDGE('',*,*,#1267,.T.);
#1908 = ORIENTED_EDGE('',*,*,#1909,.F.);
#1909 = EDGE_CURVE('',#1326,#1260,#1910,.T.);
#1910 = LINE('',#1911,#1912);
#1911 = CARTESIAN_POINT('',(101.,26.5,6.));
#1912 = VECTOR('',#1913,1.);
#1913 = DIRECTION('',(0.,1.,0.));
#1914 = PLANE('',#1915);
#1915 = AXIS2_PLACEMENT_3D('',#1916,#1917,#1918);
#1916 = CARTESIAN_POINT('',(101.,12.,-1.));
#1917 = DIRECTION('',(1.,0.,0.));
#1918 = DIRECTION('',(0.,0.,1.));
#1919 = ADVANCED_FACE('',(#1920),#1939,.F.);
#1920 = FACE_BOUND('',#1921,.T.);
#1921 = EDGE_LOOP('',(#1922,#1923,#1924,#1932));
#1922 = ORIENTED_EDGE('',*,*,#1711,.T.);
#1923 = ORIENTED_EDGE('',*,*,#838,.T.);
#1924 = ORIENTED_EDGE('',*,*,#1925,.T.);
#1925 = EDGE_CURVE('',#841,#1926,#1928,.T.);
#1926 = VERTEX_POINT('',#1927);
#1927 = CARTESIAN_POINT('',(101.,70.,6.));
#1928 = LINE('',#1929,#1930);
#1929 = CARTESIAN_POINT('',(101.,70.,-1.));
#1930 = VECTOR('',#1931,1.);
#1931 = DIRECTION('',(0.,0.,1.));
#1932 = ORIENTED_EDGE('',*,*,#1933,.F.);
#1933 = EDGE_CURVE('',#1712,#1926,#1934,.T.);
#1934 = CIRCLE('',#1935,3.);
#1935 = AXIS2_PLACEMENT_3D('',#1936,#1937,#1938);
#1936 = CARTESIAN_POINT('',(98.,70.,6.));
#1937 = DIRECTION('',(0.,0.,-1.));
#1938 = DIRECTION('',(1.,0.,0.));
#1939 = CYLINDRICAL_SURFACE('',#1940,3.);
#1940 = AXIS2_PLACEMENT_3D('',#1941,#1942,#1943);
#1941 = CARTESIAN_POINT('',(98.,70.,-1.));
#1942 = DIRECTION('',(-0.,-0.,-1.));
#1943 = DIRECTION('',(1.,0.,0.));
#1944 = ADVANCED_FACE('',(#1945),#1956,.F.);
#1945 = FACE_BOUND('',#1946,.F.);
#1946 = EDGE_LOOP('',(#1947,#1948,#1949,#1950));
#1947 = ORIENTED_EDGE('',*,*,#1158,.F.);
#1948 = ORIENTED_EDGE('',*,*,#908,.F.);
#1949 = ORIENTED_EDGE('',*,*,#1925,.T.);
#1950 = ORIENTED_EDGE('',*,*,#1951,.F.);
#1951 = EDGE_CURVE('',#1151,#1926,#1952,.T.);
#1952 = LINE('',#1953,#1954);
#1953 = CARTESIAN_POINT('',(101.,26.5,6.));
#1954 = VECTOR('',#1955,1.);
#1955 = DIRECTION('',(0.,1.,0.));
#1956 = PLANE('',#1957);
#1957 = AXIS2_PLACEMENT_3D('',#1958,#1959,#1960);
#1958 = CARTESIAN_POINT('',(101.,12.,-1.));
#1959 = DIRECTION('',(1.,0.,0.));
#1960 = DIRECTION('',(0.,0.,1.));
#1961 = ADVANCED_FACE('',(#1962),#1973,.F.);
#1962 = FACE_BOUND('',#1963,.T.);
#1963 = EDGE_LOOP('',(#1964,#1970,#1971,#1972));
#1964 = ORIENTED_EDGE('',*,*,#1965,.F.);
#1965 = EDGE_CURVE('',#859,#1580,#1966,.T.);
#1966 = LINE('',#1967,#1968);
#1967 = CARTESIAN_POINT('',(98.,73.,-1.));
#1968 = VECTOR('',#1969,1.);
#1969 = DIRECTION('',(0.,0.,1.));
#1970 = ORIENTED_EDGE('',*,*,#858,.T.);
#1971 = ORIENTED_EDGE('',*,*,#1720,.F.);
#1972 = ORIENTED_EDGE('',*,*,#1587,.F.);
#1973 = CYLINDRICAL_SURFACE('',#1974,3.);
#1974 = AXIS2_PLACEMENT_3D('',#1975,#1976,#1977);
#1975 = CARTESIAN_POINT('',(98.,70.,-1.));
#1976 = DIRECTION('',(-0.,-0.,-1.));
#1977 = DIRECTION('',(1.,0.,0.));
#1978 = ADVANCED_FACE('',(#1979),#1985,.F.);
#1979 = FACE_BOUND('',#1980,.F.);
#1980 = EDGE_LOOP('',(#1981,#1982,#1983,#1984));
#1981 = ORIENTED_EDGE('',*,*,#867,.F.);
#1982 = ORIENTED_EDGE('',*,*,#1528,.T.);
#1983 = ORIENTED_EDGE('',*,*,#1579,.F.);
#1984 = ORIENTED_EDGE('',*,*,#1965,.F.);
#1985 = PLANE('',#1986);
#1986 = AXIS2_PLACEMENT_3D('',#1987,#1988,#1989);
#1987 = CARTESIAN_POINT('',(12.,73.,-1.));
#1988 = DIRECTION('',(0.,1.,0.));
#1989 = DIRECTION('',(0.,0.,1.));
#1990 = ADVANCED_FACE('',(#1991),#2010,.F.);
#1991 = FACE_BOUND('',#1992,.F.);
#1992 = EDGE_LOOP('',(#1993,#2001,#2008,#2009));
#1993 = ORIENTED_EDGE('',*,*,#1994,.T.);
#1994 = EDGE_CURVE('',#917,#1995,#1997,.T.);
#1995 = VERTEX_POINT('',#1996);
#1996 = CARTESIAN_POINT('',(9.5,76.,0.6));
#1997 = LINE('',#1998,#1999);
#1998 = CARTESIAN_POINT('',(10.1,76.,-9.999999999997E-03));
#1999 = VECTOR('',#2000,1.);
#2000 = DIRECTION('',(-0.701238976117,1.7E-16,0.712926292386));
#2001 = ORIENTED_EDGE('',*,*,#2002,.F.);
#2002 = EDGE_CURVE('',#1995,#1995,#2003,.T.);
#2003 = CIRCLE('',#2004,3.5);
#2004 = AXIS2_PLACEMENT_3D('',#2005,#2006,#2007);
#2005 = CARTESIAN_POINT('',(6.,76.,0.6));
#2006 = DIRECTION('',(0.,0.,1.));
#2007 = DIRECTION('',(1.,0.,0.));
#2008 = ORIENTED_EDGE('',*,*,#1994,.F.);
#2009 = ORIENTED_EDGE('',*,*,#916,.T.);
#2010 = CONICAL_SURFACE('',#2011,4.1,0.777133888738);
#2011 = AXIS2_PLACEMENT_3D('',#2012,#2013,#2014);
#2012 = CARTESIAN_POINT('',(6.,76.,-9.999999999997E-03));
#2013 = DIRECTION('',(-0.,-0.,-1.));
#2014 = DIRECTION('',(1.,0.,0.));
#2015 = ADVANCED_FACE('',(#2016),#2035,.T.);
#2016 = FACE_BOUND('',#2017,.F.);
#2017 = EDGE_LOOP('',(#2018,#2026,#2033,#2034));
#2018 = ORIENTED_EDGE('',*,*,#2019,.T.);
#2019 = EDGE_CURVE('',#1039,#2020,#2022,.T.);
#2020 = VERTEX_POINT('',#2021);
#2021 = CARTESIAN_POINT('',(9.,6.,44.4));
#2022 = LINE('',#2023,#2024);
#2023 = CARTESIAN_POINT('',(9.,6.,40.));
#2024 = VECTOR('',#2025,1.);
#2025 = DIRECTION('',(0.,0.,1.));
#2026 = ORIENTED_EDGE('',*,*,#2027,.T.);
#2027 = EDGE_CURVE('',#2020,#2020,#2028,.T.);
#2028 = CIRCLE('',#2029,3.);
#2029 = AXIS2_PLACEMENT_3D('',#2030,#2031,#2032);
#2030 = CARTESIAN_POINT('',(6.,6.,44.4));
#2031 = DIRECTION('',(0.,0.,1.));
#2032 = DIRECTION('',(1.,0.,0.));
#2033 = ORIENTED_EDGE('',*,*,#2019,.F.);
#2034 = ORIENTED_EDGE('',*,*,#1038,.F.);
#2035 = CYLINDRICAL_SURFACE('',#2036,3.);
#2036 = AXIS2_PLACEMENT_3D('',#2037,#2038,#2039);
#2037 = CARTESIAN_POINT('',(6.,6.,40.));
#2038 = DIRECTION('',(-0.,-0.,-1.));
#2039 = DIRECTION('',(1.,0.,0.));
#2040 = ADVANCED_FACE('',(#2041),#2087,.T.);
#2041 = FACE_BOUND('',#2042,.T.);
#2042 = EDGE_LOOP('',(#2043,#2044,#2045,#2046,#2047,#2048,#2049,#2058,
    #2065,#2066,#2067,#2068,#2077,#2084,#2085,#2086));
#2043 = ORIENTED_EDGE('',*,*,#1646,.T.);
#2044 = ORIENTED_EDGE('',*,*,#1697,.T.);
#2045 = ORIENTED_EDGE('',*,*,#1745,.T.);
#2046 = ORIENTED_EDGE('',*,*,#1933,.T.);
#2047 = ORIENTED_EDGE('',*,*,#1951,.F.);
#2048 = ORIENTED_EDGE('',*,*,#1150,.F.);
#2049 = ORIENTED_EDGE('',*,*,#2050,.F.);
#2050 = EDGE_CURVE('',#2051,#1143,#2053,.T.);
#2051 = VERTEX_POINT('',#2052);
#2052 = CARTESIAN_POINT('',(77.5,65.5,6.));
#2053 = CIRCLE('',#2054,3.);
#2054 = AXIS2_PLACEMENT_3D('',#2055,#2056,#2057);
#2055 = CARTESIAN_POINT('',(74.5,65.5,6.));
#2056 = DIRECTION('',(0.,0.,1.));
#2057 = DIRECTION('',(1.,0.,0.));
#2058 = ORIENTED_EDGE('',*,*,#2059,.F.);
#2059 = EDGE_CURVE('',#1252,#2051,#2060,.T.);
#2060 = CIRCLE('',#2061,3.);
#2061 = AXIS2_PLACEMENT_3D('',#2062,#2063,#2064);
#2062 = CARTESIAN_POINT('',(74.5,65.5,6.));
#2063 = DIRECTION('',(0.,0.,1.));
#2064 = DIRECTION('',(1.,0.,0.));
#2065 = ORIENTED_EDGE('',*,*,#1259,.T.);
#2066 = ORIENTED_EDGE('',*,*,#1909,.F.);
#2067 = ORIENTED_EDGE('',*,*,#1325,.F.);
#2068 = ORIENTED_EDGE('',*,*,#2069,.F.);
#2069 = EDGE_CURVE('',#2070,#1318,#2072,.T.);
#2070 = VERTEX_POINT('',#2071);
#2071 = CARTESIAN_POINT('',(77.5,16.5,6.));
#2072 = CIRCLE('',#2073,3.);
#2073 = AXIS2_PLACEMENT_3D('',#2074,#2075,#2076);
#2074 = CARTESIAN_POINT('',(74.5,16.5,6.));
#2075 = DIRECTION('',(0.,0.,1.));
#2076 = DIRECTION('',(1.,0.,0.));
#2077 = ORIENTED_EDGE('',*,*,#2078,.F.);
#2078 = EDGE_CURVE('',#1427,#2070,#2079,.T.);
#2079 = CIRCLE('',#2080,3.);
#2080 = AXIS2_PLACEMENT_3D('',#2081,#2082,#2083);
#2081 = CARTESIAN_POINT('',(74.5,16.5,6.));
#2082 = DIRECTION('',(0.,0.,1.));
#2083 = DIRECTION('',(1.,0.,0.));
#2084 = ORIENTED_EDGE('',*,*,#1434,.T.);
#2085 = ORIENTED_EDGE('',*,*,#1842,.F.);
#2086 = ORIENTED_EDGE('',*,*,#1824,.T.);
#2087 = PLANE('',#2088);
#2088 = AXIS2_PLACEMENT_3D('',#2089,#2090,#2091);
#2089 = CARTESIAN_POINT('',(98.266456783803,41.,6.));
#2090 = DIRECTION('',(0.,0.,1.));
#2091 = DIRECTION('',(1.,0.,0.));
#2092 = ADVANCED_FACE('',(#2093),#2103,.F.);
#2093 = FACE_BOUND('',#2094,.F.);
#2094 = EDGE_LOOP('',(#2095,#2096));
#2095 = ORIENTED_EDGE('',*,*,#1142,.T.);
#2096 = ORIENTED_EDGE('',*,*,#2097,.T.);
#2097 = EDGE_CURVE('',#1143,#1135,#2098,.T.);
#2098 = CIRCLE('',#2099,3.);
#2099 = AXIS2_PLACEMENT_3D('',#2100,#2101,#2102);
#2100 = CARTESIAN_POINT('',(74.5,65.5,6.));
#2101 = DIRECTION('',(0.,0.,1.));
#2102 = DIRECTION('',(1.,0.,0.));
#2103 = PLANE('',#2104);
#2104 = AXIS2_PLACEMENT_3D('',#2105,#2106,#2107);
#2105 = CARTESIAN_POINT('',(74.5,65.5,6.));
#2106 = DIRECTION('',(0.,0.,1.));
#2107 = DIRECTION('',(1.,0.,0.));
#2108 = ADVANCED_FACE('',(#2109),#2122,.T.);
#2109 = FACE_BOUND('',#2110,.T.);
#2110 = EDGE_LOOP('',(#2111,#2112,#2113,#2120,#2121));
#2111 = ORIENTED_EDGE('',*,*,#1197,.F.);
#2112 = ORIENTED_EDGE('',*,*,#1243,.T.);
#2113 = ORIENTED_EDGE('',*,*,#2114,.F.);
#2114 = EDGE_CURVE('',#1135,#1244,#2115,.T.);
#2115 = CIRCLE('',#2116,3.);
#2116 = AXIS2_PLACEMENT_3D('',#2117,#2118,#2119);
#2117 = CARTESIAN_POINT('',(74.5,65.5,6.));
#2118 = DIRECTION('',(0.,0.,1.));
#2119 = DIRECTION('',(1.,0.,0.));
#2120 = ORIENTED_EDGE('',*,*,#1134,.F.);
#2121 = ORIENTED_EDGE('',*,*,#1172,.F.);
#2122 = PLANE('',#2123);
#2123 = AXIS2_PLACEMENT_3D('',#2124,#2125,#2126);
#2124 = CARTESIAN_POINT('',(6.,63.2,6.));
#2125 = DIRECTION('',(0.,0.,1.));
#2126 = DIRECTION('',(1.,0.,0.));
#2127 = ADVANCED_FACE('',(#2128),#2132,.F.);
#2128 = FACE_BOUND('',#2129,.F.);
#2129 = EDGE_LOOP('',(#2130,#2131));
#2130 = ORIENTED_EDGE('',*,*,#1126,.T.);
#2131 = ORIENTED_EDGE('',*,*,#1214,.T.);
#2132 = PLANE('',#2133);
#2133 = AXIS2_PLACEMENT_3D('',#2134,#2135,#2136);
#2134 = CARTESIAN_POINT('',(16.5,65.5,6.));
#2135 = DIRECTION('',(0.,0.,1.));
#2136 = DIRECTION('',(1.,0.,0.));
#2137 = ADVANCED_FACE('',(#2138),#2142,.F.);
#2138 = FACE_BOUND('',#2139,.F.);
#2139 = EDGE_LOOP('',(#2140,#2141));
#2140 = ORIENTED_EDGE('',*,*,#1206,.T.);
#2141 = ORIENTED_EDGE('',*,*,#1237,.F.);
#2142 = PLANE('',#2143);
#2143 = AXIS2_PLACEMENT_3D('',#2144,#2145,#2146);
#2144 = CARTESIAN_POINT('',(16.5,65.5,6.));
#2145 = DIRECTION('',(0.,0.,1.));
#2146 = DIRECTION('',(1.,0.,0.));
#2147 = ADVANCED_FACE('',(#2148,#2151),#2162,.T.);
#2148 = FACE_BOUND('',#2149,.T.);
#2149 = EDGE_LOOP('',(#2150));
#2150 = ORIENTED_EDGE('',*,*,#1189,.T.);
#2151 = FACE_BOUND('',#2152,.T.);
#2152 = EDGE_LOOP('',(#2153));
#2153 = ORIENTED_EDGE('',*,*,#2154,.F.);
#2154 = EDGE_CURVE('',#2155,#2155,#2157,.T.);
#2155 = VERTEX_POINT('',#2156);
#2156 = CARTESIAN_POINT('',(18.2,65.5,9.));
#2157 = CIRCLE('',#2158,1.7);
#2158 = AXIS2_PLACEMENT_3D('',#2159,#2160,#2161);
#2159 = CARTESIAN_POINT('',(16.5,65.5,9.));
#2160 = DIRECTION('',(0.,0.,1.));
#2161 = DIRECTION('',(1.,0.,0.));
#2162 = PLANE('',#2163);
#2163 = AXIS2_PLACEMENT_3D('',#2164,#2165,#2166);
#2164 = CARTESIAN_POINT('',(16.5,65.5,9.));
#2165 = DIRECTION('',(0.,0.,1.));
#2166 = DIRECTION('',(1.,0.,0.));
#2167 = ADVANCED_FACE('',(#2168),#2178,.F.);
#2168 = FACE_BOUND('',#2169,.F.);
#2169 = EDGE_LOOP('',(#2170,#2177));
#2170 = ORIENTED_EDGE('',*,*,#2171,.T.);
#2171 = EDGE_CURVE('',#1244,#1252,#2172,.T.);
#2172 = CIRCLE('',#2173,3.);
#2173 = AXIS2_PLACEMENT_3D('',#2174,#2175,#2176);
#2174 = CARTESIAN_POINT('',(74.5,65.5,6.));
#2175 = DIRECTION('',(0.,0.,1.));
#2176 = DIRECTION('',(1.,0.,0.));
#2177 = ORIENTED_EDGE('',*,*,#1251,.F.);
#2178 = PLANE('',#2179);
#2179 = AXIS2_PLACEMENT_3D('',#2180,#2181,#2182);
#2180 = CARTESIAN_POINT('',(74.5,65.5,6.));
#2181 = DIRECTION('',(0.,0.,1.));
#2182 = DIRECTION('',(1.,0.,0.));
#2183 = ADVANCED_FACE('',(#2184),#2194,.F.);
#2184 = FACE_BOUND('',#2185,.F.);
#2185 = EDGE_LOOP('',(#2186,#2187));
#2186 = ORIENTED_EDGE('',*,*,#1317,.T.);
#2187 = ORIENTED_EDGE('',*,*,#2188,.T.);
#2188 = EDGE_CURVE('',#1318,#1310,#2189,.T.);
#2189 = CIRCLE('',#2190,3.);
#2190 = AXIS2_PLACEMENT_3D('',#2191,#2192,#2193);
#2191 = CARTESIAN_POINT('',(74.5,16.5,6.));
#2192 = DIRECTION('',(0.,0.,1.));
#2193 = DIRECTION('',(1.,0.,0.));
#2194 = PLANE('',#2195);
#2195 = AXIS2_PLACEMENT_3D('',#2196,#2197,#2198);
#2196 = CARTESIAN_POINT('',(74.5,16.5,6.));
#2197 = DIRECTION('',(0.,0.,1.));
#2198 = DIRECTION('',(1.,0.,0.));
#2199 = ADVANCED_FACE('',(#2200),#2213,.T.);
#2200 = FACE_BOUND('',#2201,.T.);
#2201 = EDGE_LOOP('',(#2202,#2203,#2204,#2211,#2212));
#2202 = ORIENTED_EDGE('',*,*,#1372,.F.);
#2203 = ORIENTED_EDGE('',*,*,#1418,.T.);
#2204 = ORIENTED_EDGE('',*,*,#2205,.F.);
#2205 = EDGE_CURVE('',#1310,#1419,#2206,.T.);
#2206 = CIRCLE('',#2207,3.);
#2207 = AXIS2_PLACEMENT_3D('',#2208,#2209,#2210);
#2208 = CARTESIAN_POINT('',(74.5,16.5,6.));
#2209 = DIRECTION('',(0.,0.,1.));
#2210 = DIRECTION('',(1.,0.,0.));
#2211 = ORIENTED_EDGE('',*,*,#1309,.F.);
#2212 = ORIENTED_EDGE('',*,*,#1347,.F.);
#2213 = PLANE('',#2214);
#2214 = AXIS2_PLACEMENT_3D('',#2215,#2216,#2217);
#2215 = CARTESIAN_POINT('',(6.,14.2,6.));
#2216 = DIRECTION('',(0.,0.,1.));
#2217 = DIRECTION('',(1.,0.,0.));
#2218 = ADVANCED_FACE('',(#2219),#2223,.F.);
#2219 = FACE_BOUND('',#2220,.F.);
#2220 = EDGE_LOOP('',(#2221,#2222));
#2221 = ORIENTED_EDGE('',*,*,#1301,.T.);
#2222 = ORIENTED_EDGE('',*,*,#1389,.T.);
#2223 = PLANE('',#2224);
#2224 = AXIS2_PLACEMENT_3D('',#2225,#2226,#2227);
#2225 = CARTESIAN_POINT('',(16.5,16.5,6.));
#2226 = DIRECTION('',(0.,0.,1.));
#2227 = DIRECTION('',(1.,0.,0.));
#2228 = ADVANCED_FACE('',(#2229),#2233,.F.);
#2229 = FACE_BOUND('',#2230,.F.);
#2230 = EDGE_LOOP('',(#2231,#2232));
#2231 = ORIENTED_EDGE('',*,*,#1381,.T.);
#2232 = ORIENTED_EDGE('',*,*,#1412,.F.);
#2233 = PLANE('',#2234);
#2234 = AXIS2_PLACEMENT_3D('',#2235,#2236,#2237);
#2235 = CARTESIAN_POINT('',(16.5,16.5,6.));
#2236 = DIRECTION('',(0.,0.,1.));
#2237 = DIRECTION('',(1.,0.,0.));
#2238 = ADVANCED_FACE('',(#2239,#2242),#2253,.T.);
#2239 = FACE_BOUND('',#2240,.T.);
#2240 = EDGE_LOOP('',(#2241));
#2241 = ORIENTED_EDGE('',*,*,#1364,.T.);
#2242 = FACE_BOUND('',#2243,.T.);
#2243 = EDGE_LOOP('',(#2244));
#2244 = ORIENTED_EDGE('',*,*,#2245,.F.);
#2245 = EDGE_CURVE('',#2246,#2246,#2248,.T.);
#2246 = VERTEX_POINT('',#2247);
#2247 = CARTESIAN_POINT('',(18.2,16.5,9.));
#2248 = CIRCLE('',#2249,1.7);
#2249 = AXIS2_PLACEMENT_3D('',#2250,#2251,#2252);
#2250 = CARTESIAN_POINT('',(16.5,16.5,9.));
#2251 = DIRECTION('',(0.,0.,1.));
#2252 = DIRECTION('',(1.,0.,0.));
#2253 = PLANE('',#2254);
#2254 = AXIS2_PLACEMENT_3D('',#2255,#2256,#2257);
#2255 = CARTESIAN_POINT('',(16.5,16.5,9.));
#2256 = DIRECTION('',(0.,0.,1.));
#2257 = DIRECTION('',(1.,0.,0.));
#2258 = ADVANCED_FACE('',(#2259),#2269,.F.);
#2259 = FACE_BOUND('',#2260,.F.);
#2260 = EDGE_LOOP('',(#2261,#2268));
#2261 = ORIENTED_EDGE('',*,*,#2262,.T.);
#2262 = EDGE_CURVE('',#1419,#1427,#2263,.T.);
#2263 = CIRCLE('',#2264,3.);
#2264 = AXIS2_PLACEMENT_3D('',#2265,#2266,#2267);
#2265 = CARTESIAN_POINT('',(74.5,16.5,6.));
#2266 = DIRECTION('',(0.,0.,1.));
#2267 = DIRECTION('',(1.,0.,0.));
#2268 = ORIENTED_EDGE('',*,*,#1426,.F.);
#2269 = PLANE('',#2270);
#2270 = AXIS2_PLACEMENT_3D('',#2271,#2272,#2273);
#2271 = CARTESIAN_POINT('',(74.5,16.5,6.));
#2272 = DIRECTION('',(0.,0.,1.));
#2273 = DIRECTION('',(1.,0.,0.));
#2274 = ADVANCED_FACE('',(#2275),#2294,.T.);
#2275 = FACE_BOUND('',#2276,.F.);
#2276 = EDGE_LOOP('',(#2277,#2285,#2292,#2293));
#2277 = ORIENTED_EDGE('',*,*,#2278,.T.);
#2278 = EDGE_CURVE('',#1615,#2279,#2281,.T.);
#2279 = VERTEX_POINT('',#2280);
#2280 = CARTESIAN_POINT('',(9.,76.,44.4));
#2281 = LINE('',#2282,#2283);
#2282 = CARTESIAN_POINT('',(9.,76.,40.));
#2283 = VECTOR('',#2284,1.);
#2284 = DIRECTION('',(0.,0.,1.));
#2285 = ORIENTED_EDGE('',*,*,#2286,.T.);
#2286 = EDGE_CURVE('',#2279,#2279,#2287,.T.);
#2287 = CIRCLE('',#2288,3.);
#2288 = AXIS2_PLACEMENT_3D('',#2289,#2290,#2291);
#2289 = CARTESIAN_POINT('',(6.,76.,44.4));
#2290 = DIRECTION('',(0.,0.,1.));
#2291 = DIRECTION('',(1.,0.,0.));
#2292 = ORIENTED_EDGE('',*,*,#2278,.F.);
#2293 = ORIENTED_EDGE('',*,*,#1614,.F.);
#2294 = CYLINDRICAL_SURFACE('',#2295,3.);
#2295 = AXIS2_PLACEMENT_3D('',#2296,#2297,#2298);
#2296 = CARTESIAN_POINT('',(6.,76.,40.));
#2297 = DIRECTION('',(-0.,-0.,-1.));
#2298 = DIRECTION('',(1.,0.,0.));
#2299 = ADVANCED_FACE('',(#2300,#2303),#2314,.T.);
#2300 = FACE_BOUND('',#2301,.T.);
#2301 = EDGE_LOOP('',(#2302));
#2302 = ORIENTED_EDGE('',*,*,#1662,.T.);
#2303 = FACE_BOUND('',#2304,.T.);
#2304 = EDGE_LOOP('',(#2305));
#2305 = ORIENTED_EDGE('',*,*,#2306,.F.);
#2306 = EDGE_CURVE('',#2307,#2307,#2309,.T.);
#2307 = VERTEX_POINT('',#2308);
#2308 = CARTESIAN_POINT('',(107.,6.,40.));
#2309 = CIRCLE('',#2310,3.);
#2310 = AXIS2_PLACEMENT_3D('',#2311,#2312,#2313);
#2311 = CARTESIAN_POINT('',(104.,6.,40.));
#2312 = DIRECTION('',(0.,0.,1.));
#2313 = DIRECTION('',(1.,0.,0.));
#2314 = PLANE('',#2315);
#2315 = AXIS2_PLACEMENT_3D('',#2316,#2317,#2318);
#2316 = CARTESIAN_POINT('',(104.,6.,40.));
#2317 = DIRECTION('',(0.,0.,1.));
#2318 = DIRECTION('',(1.,0.,0.));
#2319 = ADVANCED_FACE('',(#2320,#2323),#2334,.T.);
#2320 = FACE_BOUND('',#2321,.T.);
#2321 = EDGE_LOOP('',(#2322));
#2322 = ORIENTED_EDGE('',*,*,#1737,.T.);
#2323 = FACE_BOUND('',#2324,.T.);
#2324 = EDGE_LOOP('',(#2325));
#2325 = ORIENTED_EDGE('',*,*,#2326,.F.);
#2326 = EDGE_CURVE('',#2327,#2327,#2329,.T.);
#2327 = VERTEX_POINT('',#2328);
#2328 = CARTESIAN_POINT('',(107.,76.,40.));
#2329 = CIRCLE('',#2330,3.);
#2330 = AXIS2_PLACEMENT_3D('',#2331,#2332,#2333);
#2331 = CARTESIAN_POINT('',(104.,76.,40.));
#2332 = DIRECTION('',(0.,0.,1.));
#2333 = DIRECTION('',(1.,0.,0.));
#2334 = PLANE('',#2335);
#2335 = AXIS2_PLACEMENT_3D('',#2336,#2337,#2338);
#2336 = CARTESIAN_POINT('',(104.,76.,40.));
#2337 = DIRECTION('',(0.,0.,1.));
#2338 = DIRECTION('',(1.,0.,0.));
#2339 = ADVANCED_FACE('',(#2340),#2359,.F.);
#2340 = FACE_BOUND('',#2341,.T.);
#2341 = EDGE_LOOP('',(#2342,#2343,#2351,#2358));
#2342 = ORIENTED_EDGE('',*,*,#1768,.F.);
#2343 = ORIENTED_EDGE('',*,*,#2344,.T.);
#2344 = EDGE_CURVE('',#1761,#2345,#2347,.T.);
#2345 = VERTEX_POINT('',#2346);
#2346 = CARTESIAN_POINT('',(107.5,6.,5.5));
#2347 = LINE('',#2348,#2349);
#2348 = CARTESIAN_POINT('',(107.5,6.,-9.999999999997E-03));
#2349 = VECTOR('',#2350,1.);
#2350 = DIRECTION('',(0.,0.,1.));
#2351 = ORIENTED_EDGE('',*,*,#2352,.T.);
#2352 = EDGE_CURVE('',#2345,#2345,#2353,.T.);
#2353 = CIRCLE('',#2354,3.5);
#2354 = AXIS2_PLACEMENT_3D('',#2355,#2356,#2357);
#2355 = CARTESIAN_POINT('',(104.,6.,5.5));
#2356 = DIRECTION('',(0.,0.,1.));
#2357 = DIRECTION('',(1.,0.,0.));
#2358 = ORIENTED_EDGE('',*,*,#2344,.F.);
#2359 = CYLINDRICAL_SURFACE('',#2360,3.5);
#2360 = AXIS2_PLACEMENT_3D('',#2361,#2362,#2363);
#2361 = CARTESIAN_POINT('',(104.,6.,-9.999999999997E-03));
#2362 = DIRECTION('',(-0.,-0.,-1.));
#2363 = DIRECTION('',(1.,0.,0.));
#2364 = ADVANCED_FACE('',(#2365),#2384,.F.);
#2365 = FACE_BOUND('',#2366,.T.);
#2366 = EDGE_LOOP('',(#2367,#2368,#2376,#2383));
#2367 = ORIENTED_EDGE('',*,*,#1864,.F.);
#2368 = ORIENTED_EDGE('',*,*,#2369,.T.);
#2369 = EDGE_CURVE('',#1857,#2370,#2372,.T.);
#2370 = VERTEX_POINT('',#2371);
#2371 = CARTESIAN_POINT('',(9.5,6.,5.5));
#2372 = LINE('',#2373,#2374);
#2373 = CARTESIAN_POINT('',(9.5,6.,-9.999999999997E-03));
#2374 = VECTOR('',#2375,1.);
#2375 = DIRECTION('',(0.,0.,1.));
#2376 = ORIENTED_EDGE('',*,*,#2377,.T.);
#2377 = EDGE_CURVE('',#2370,#2370,#2378,.T.);
#2378 = CIRCLE('',#2379,3.5);
#2379 = AXIS2_PLACEMENT_3D('',#2380,#2381,#2382);
#2380 = CARTESIAN_POINT('',(6.,6.,5.5));
#2381 = DIRECTION('',(0.,0.,1.));
#2382 = DIRECTION('',(1.,0.,0.));
#2383 = ORIENTED_EDGE('',*,*,#2369,.F.);
#2384 = CYLINDRICAL_SURFACE('',#2385,3.5);
#2385 = AXIS2_PLACEMENT_3D('',#2386,#2387,#2388);
#2386 = CARTESIAN_POINT('',(6.,6.,-9.999999999997E-03));
#2387 = DIRECTION('',(-0.,-0.,-1.));
#2388 = DIRECTION('',(1.,0.,0.));
#2389 = ADVANCED_FACE('',(#2390),#2409,.F.);
#2390 = FACE_BOUND('',#2391,.T.);
#2391 = EDGE_LOOP('',(#2392,#2393,#2401,#2408));
#2392 = ORIENTED_EDGE('',*,*,#1889,.F.);
#2393 = ORIENTED_EDGE('',*,*,#2394,.T.);
#2394 = EDGE_CURVE('',#1882,#2395,#2397,.T.);
#2395 = VERTEX_POINT('',#2396);
#2396 = CARTESIAN_POINT('',(107.5,76.,5.5));
#2397 = LINE('',#2398,#2399);
#2398 = CARTESIAN_POINT('',(107.5,76.,-9.999999999997E-03));
#2399 = VECTOR('',#2400,1.);
#2400 = DIRECTION('',(0.,0.,1.));
#2401 = ORIENTED_EDGE('',*,*,#2402,.T.);
#2402 = EDGE_CURVE('',#2395,#2395,#2403,.T.);
#2403 = CIRCLE('',#2404,3.5);
#2404 = AXIS2_PLACEMENT_3D('',#2405,#2406,#2407);
#2405 = CARTESIAN_POINT('',(104.,76.,5.5));
#2406 = DIRECTION('',(0.,0.,1.));
#2407 = DIRECTION('',(1.,0.,0.));
#2408 = ORIENTED_EDGE('',*,*,#2394,.F.);
#2409 = CYLINDRICAL_SURFACE('',#2410,3.5);
#2410 = AXIS2_PLACEMENT_3D('',#2411,#2412,#2413);
#2411 = CARTESIAN_POINT('',(104.,76.,-9.999999999997E-03));
#2412 = DIRECTION('',(-0.,-0.,-1.));
#2413 = DIRECTION('',(1.,0.,0.));
#2414 = ADVANCED_FACE('',(#2415),#2434,.F.);
#2415 = FACE_BOUND('',#2416,.T.);
#2416 = EDGE_LOOP('',(#2417,#2418,#2426,#2433));
#2417 = ORIENTED_EDGE('',*,*,#2002,.F.);
#2418 = ORIENTED_EDGE('',*,*,#2419,.T.);
#2419 = EDGE_CURVE('',#1995,#2420,#2422,.T.);
#2420 = VERTEX_POINT('',#2421);
#2421 = CARTESIAN_POINT('',(9.5,76.,5.5));
#2422 = LINE('',#2423,#2424);
#2423 = CARTESIAN_POINT('',(9.5,76.,-9.999999999997E-03));
#2424 = VECTOR('',#2425,1.);
#2425 = DIRECTION('',(0.,0.,1.));
#2426 = ORIENTED_EDGE('',*,*,#2427,.T.);
#2427 = EDGE_CURVE('',#2420,#2420,#2428,.T.);
#2428 = CIRCLE('',#2429,3.5);
#2429 = AXIS2_PLACEMENT_3D('',#2430,#2431,#2432);
#2430 = CARTESIAN_POINT('',(6.,76.,5.5));
#2431 = DIRECTION('',(0.,0.,1.));
#2432 = DIRECTION('',(1.,0.,0.));
#2433 = ORIENTED_EDGE('',*,*,#2419,.F.);
#2434 = CYLINDRICAL_SURFACE('',#2435,3.5);
#2435 = AXIS2_PLACEMENT_3D('',#2436,#2437,#2438);
#2436 = CARTESIAN_POINT('',(6.,76.,-9.999999999997E-03));
#2437 = DIRECTION('',(-0.,-0.,-1.));
#2438 = DIRECTION('',(1.,0.,0.));
#2439 = ADVANCED_FACE('',(#2440),#2459,.T.);
#2440 = FACE_BOUND('',#2441,.T.);
#2441 = EDGE_LOOP('',(#2442,#2451,#2457,#2458));
#2442 = ORIENTED_EDGE('',*,*,#2443,.F.);
#2443 = EDGE_CURVE('',#2444,#2444,#2446,.T.);
#2444 = VERTEX_POINT('',#2445);
#2445 = CARTESIAN_POINT('',(8.4,6.,45.));
#2446 = CIRCLE('',#2447,2.4);
#2447 = AXIS2_PLACEMENT_3D('',#2448,#2449,#2450);
#2448 = CARTESIAN_POINT('',(6.,6.,45.));
#2449 = DIRECTION('',(0.,0.,1.));
#2450 = DIRECTION('',(1.,0.,0.));
#2451 = ORIENTED_EDGE('',*,*,#2452,.F.);
#2452 = EDGE_CURVE('',#2020,#2444,#2453,.T.);
#2453 = LINE('',#2454,#2455);
#2454 = CARTESIAN_POINT('',(9.,6.,44.4));
#2455 = VECTOR('',#2456,1.);
#2456 = DIRECTION('',(-0.707106781187,1.7E-16,0.707106781187));
#2457 = ORIENTED_EDGE('',*,*,#2027,.T.);
#2458 = ORIENTED_EDGE('',*,*,#2452,.T.);
#2459 = CONICAL_SURFACE('',#2460,3.,0.785398163397);
#2460 = AXIS2_PLACEMENT_3D('',#2461,#2462,#2463);
#2461 = CARTESIAN_POINT('',(6.,6.,44.4));
#2462 = DIRECTION('',(-0.,-0.,-1.));
#2463 = DIRECTION('',(1.,0.,0.));
#2464 = ADVANCED_FACE('',(#2465),#2488,.T.);
#2465 = FACE_BOUND('',#2466,.F.);
#2466 = EDGE_LOOP('',(#2467,#2468,#2476,#2483,#2484,#2485,#2486,#2487));
#2467 = ORIENTED_EDGE('',*,*,#2050,.F.);
#2468 = ORIENTED_EDGE('',*,*,#2469,.T.);
#2469 = EDGE_CURVE('',#2051,#2470,#2472,.T.);
#2470 = VERTEX_POINT('',#2471);
#2471 = CARTESIAN_POINT('',(77.5,65.5,9.));
#2472 = LINE('',#2473,#2474);
#2473 = CARTESIAN_POINT('',(77.5,65.5,6.));
#2474 = VECTOR('',#2475,1.);
#2475 = DIRECTION('',(0.,0.,1.));
#2476 = ORIENTED_EDGE('',*,*,#2477,.T.);
#2477 = EDGE_CURVE('',#2470,#2470,#2478,.T.);
#2478 = CIRCLE('',#2479,3.);
#2479 = AXIS2_PLACEMENT_3D('',#2480,#2481,#2482);
#2480 = CARTESIAN_POINT('',(74.5,65.5,9.));
#2481 = DIRECTION('',(0.,0.,1.));
#2482 = DIRECTION('',(1.,0.,0.));
#2483 = ORIENTED_EDGE('',*,*,#2469,.F.);
#2484 = ORIENTED_EDGE('',*,*,#2059,.F.);
#2485 = ORIENTED_EDGE('',*,*,#2171,.F.);
#2486 = ORIENTED_EDGE('',*,*,#2114,.F.);
#2487 = ORIENTED_EDGE('',*,*,#2097,.F.);
#2488 = CYLINDRICAL_SURFACE('',#2489,3.);
#2489 = AXIS2_PLACEMENT_3D('',#2490,#2491,#2492);
#2490 = CARTESIAN_POINT('',(74.5,65.5,6.));
#2491 = DIRECTION('',(-0.,-0.,-1.));
#2492 = DIRECTION('',(1.,0.,0.));
#2493 = ADVANCED_FACE('',(#2494),#2517,.T.);
#2494 = FACE_BOUND('',#2495,.F.);
#2495 = EDGE_LOOP('',(#2496,#2497,#2505,#2512,#2513,#2514,#2515,#2516));
#2496 = ORIENTED_EDGE('',*,*,#2069,.F.);
#2497 = ORIENTED_EDGE('',*,*,#2498,.T.);
#2498 = EDGE_CURVE('',#2070,#2499,#2501,.T.);
#2499 = VERTEX_POINT('',#2500);
#2500 = CARTESIAN_POINT('',(77.5,16.5,9.));
#2501 = LINE('',#2502,#2503);
#2502 = CARTESIAN_POINT('',(77.5,16.5,6.));
#2503 = VECTOR('',#2504,1.);
#2504 = DIRECTION('',(0.,0.,1.));
#2505 = ORIENTED_EDGE('',*,*,#2506,.T.);
#2506 = EDGE_CURVE('',#2499,#2499,#2507,.T.);
#2507 = CIRCLE('',#2508,3.);
#2508 = AXIS2_PLACEMENT_3D('',#2509,#2510,#2511);
#2509 = CARTESIAN_POINT('',(74.5,16.5,9.));
#2510 = DIRECTION('',(0.,0.,1.));
#2511 = DIRECTION('',(1.,0.,0.));
#2512 = ORIENTED_EDGE('',*,*,#2498,.F.);
#2513 = ORIENTED_EDGE('',*,*,#2078,.F.);
#2514 = ORIENTED_EDGE('',*,*,#2262,.F.);
#2515 = ORIENTED_EDGE('',*,*,#2205,.F.);
#2516 = ORIENTED_EDGE('',*,*,#2188,.F.);
#2517 = CYLINDRICAL_SURFACE('',#2518,3.);
#2518 = AXIS2_PLACEMENT_3D('',#2519,#2520,#2521);
#2519 = CARTESIAN_POINT('',(74.5,16.5,6.));
#2520 = DIRECTION('',(-0.,-0.,-1.));
#2521 = DIRECTION('',(1.,0.,0.));
#2522 = ADVANCED_FACE('',(#2523),#2542,.F.);
#2523 = FACE_BOUND('',#2524,.T.);
#2524 = EDGE_LOOP('',(#2525,#2533,#2534,#2535));
#2525 = ORIENTED_EDGE('',*,*,#2526,.T.);
#2526 = EDGE_CURVE('',#2527,#2155,#2529,.T.);
#2527 = VERTEX_POINT('',#2528);
#2528 = CARTESIAN_POINT('',(18.2,65.5,5.8));
#2529 = LINE('',#2530,#2531);
#2530 = CARTESIAN_POINT('',(18.2,65.5,5.8));
#2531 = VECTOR('',#2532,1.);
#2532 = DIRECTION('',(0.,0.,1.));
#2533 = ORIENTED_EDGE('',*,*,#2154,.T.);
#2534 = ORIENTED_EDGE('',*,*,#2526,.F.);
#2535 = ORIENTED_EDGE('',*,*,#2536,.F.);
#2536 = EDGE_CURVE('',#2527,#2527,#2537,.T.);
#2537 = CIRCLE('',#2538,1.7);
#2538 = AXIS2_PLACEMENT_3D('',#2539,#2540,#2541);
#2539 = CARTESIAN_POINT('',(16.5,65.5,5.8));
#2540 = DIRECTION('',(0.,0.,1.));
#2541 = DIRECTION('',(1.,0.,0.));
#2542 = CYLINDRICAL_SURFACE('',#2543,1.7);
#2543 = AXIS2_PLACEMENT_3D('',#2544,#2545,#2546);
#2544 = CARTESIAN_POINT('',(16.5,65.5,5.8));
#2545 = DIRECTION('',(-0.,-0.,-1.));
#2546 = DIRECTION('',(1.,0.,0.));
#2547 = ADVANCED_FACE('',(#2548),#2567,.F.);
#2548 = FACE_BOUND('',#2549,.T.);
#2549 = EDGE_LOOP('',(#2550,#2558,#2559,#2560));
#2550 = ORIENTED_EDGE('',*,*,#2551,.T.);
#2551 = EDGE_CURVE('',#2552,#2246,#2554,.T.);
#2552 = VERTEX_POINT('',#2553);
#2553 = CARTESIAN_POINT('',(18.2,16.5,5.8));
#2554 = LINE('',#2555,#2556);
#2555 = CARTESIAN_POINT('',(18.2,16.5,5.8));
#2556 = VECTOR('',#2557,1.);
#2557 = DIRECTION('',(0.,0.,1.));
#2558 = ORIENTED_EDGE('',*,*,#2245,.T.);
#2559 = ORIENTED_EDGE('',*,*,#2551,.F.);
#2560 = ORIENTED_EDGE('',*,*,#2561,.F.);
#2561 = EDGE_CURVE('',#2552,#2552,#2562,.T.);
#2562 = CIRCLE('',#2563,1.7);
#2563 = AXIS2_PLACEMENT_3D('',#2564,#2565,#2566);
#2564 = CARTESIAN_POINT('',(16.5,16.5,5.8));
#2565 = DIRECTION('',(0.,0.,1.));
#2566 = DIRECTION('',(1.,0.,0.));
#2567 = CYLINDRICAL_SURFACE('',#2568,1.7);
#2568 = AXIS2_PLACEMENT_3D('',#2569,#2570,#2571);
#2569 = CARTESIAN_POINT('',(16.5,16.5,5.8));
#2570 = DIRECTION('',(-0.,-0.,-1.));
#2571 = DIRECTION('',(1.,0.,0.));
#2572 = ADVANCED_FACE('',(#2573),#2592,.T.);
#2573 = FACE_BOUND('',#2574,.T.);
#2574 = EDGE_LOOP('',(#2575,#2584,#2590,#2591));
#2575 = ORIENTED_EDGE('',*,*,#2576,.F.);
#2576 = EDGE_CURVE('',#2577,#2577,#2579,.T.);
#2577 = VERTEX_POINT('',#2578);
#2578 = CARTESIAN_POINT('',(8.4,76.,45.));
#2579 = CIRCLE('',#2580,2.4);
#2580 = AXIS2_PLACEMENT_3D('',#2581,#2582,#2583);
#2581 = CARTESIAN_POINT('',(6.,76.,45.));
#2582 = DIRECTION('',(0.,0.,1.));
#2583 = DIRECTION('',(1.,0.,0.));
#2584 = ORIENTED_EDGE('',*,*,#2585,.F.);
#2585 = EDGE_CURVE('',#2279,#2577,#2586,.T.);
#2586 = LINE('',#2587,#2588);
#2587 = CARTESIAN_POINT('',(9.,76.,44.4));
#2588 = VECTOR('',#2589,1.);
#2589 = DIRECTION('',(-0.707106781187,1.7E-16,0.707106781187));
#2590 = ORIENTED_EDGE('',*,*,#2286,.T.);
#2591 = ORIENTED_EDGE('',*,*,#2585,.T.);
#2592 = CONICAL_SURFACE('',#2593,3.,0.785398163397);
#2593 = AXIS2_PLACEMENT_3D('',#2594,#2595,#2596);
#2594 = CARTESIAN_POINT('',(6.,76.,44.4));
#2595 = DIRECTION('',(-0.,-0.,-1.));
#2596 = DIRECTION('',(1.,0.,0.));
#2597 = ADVANCED_FACE('',(#2598),#2617,.T.);
#2598 = FACE_BOUND('',#2599,.F.);
#2599 = EDGE_LOOP('',(#2600,#2608,#2615,#2616));
#2600 = ORIENTED_EDGE('',*,*,#2601,.T.);
#2601 = EDGE_CURVE('',#2307,#2602,#2604,.T.);
#2602 = VERTEX_POINT('',#2603);
#2603 = CARTESIAN_POINT('',(107.,6.,44.4));
#2604 = LINE('',#2605,#2606);
#2605 = CARTESIAN_POINT('',(107.,6.,40.));
#2606 = VECTOR('',#2607,1.);
#2607 = DIRECTION('',(0.,0.,1.));
#2608 = ORIENTED_EDGE('',*,*,#2609,.T.);
#2609 = EDGE_CURVE('',#2602,#2602,#2610,.T.);
#2610 = CIRCLE('',#2611,3.);
#2611 = AXIS2_PLACEMENT_3D('',#2612,#2613,#2614);
#2612 = CARTESIAN_POINT('',(104.,6.,44.4));
#2613 = DIRECTION('',(0.,0.,1.));
#2614 = DIRECTION('',(1.,0.,0.));
#2615 = ORIENTED_EDGE('',*,*,#2601,.F.);
#2616 = ORIENTED_EDGE('',*,*,#2306,.F.);
#2617 = CYLINDRICAL_SURFACE('',#2618,3.);
#2618 = AXIS2_PLACEMENT_3D('',#2619,#2620,#2621);
#2619 = CARTESIAN_POINT('',(104.,6.,40.));
#2620 = DIRECTION('',(-0.,-0.,-1.));
#2621 = DIRECTION('',(1.,0.,0.));
#2622 = ADVANCED_FACE('',(#2623),#2642,.T.);
#2623 = FACE_BOUND('',#2624,.F.);
#2624 = EDGE_LOOP('',(#2625,#2633,#2640,#2641));
#2625 = ORIENTED_EDGE('',*,*,#2626,.T.);
#2626 = EDGE_CURVE('',#2327,#2627,#2629,.T.);
#2627 = VERTEX_POINT('',#2628);
#2628 = CARTESIAN_POINT('',(107.,76.,44.4));
#2629 = LINE('',#2630,#2631);
#2630 = CARTESIAN_POINT('',(107.,76.,40.));
#2631 = VECTOR('',#2632,1.);
#2632 = DIRECTION('',(0.,0.,1.));
#2633 = ORIENTED_EDGE('',*,*,#2634,.T.);
#2634 = EDGE_CURVE('',#2627,#2627,#2635,.T.);
#2635 = CIRCLE('',#2636,3.);
#2636 = AXIS2_PLACEMENT_3D('',#2637,#2638,#2639);
#2637 = CARTESIAN_POINT('',(104.,76.,44.4));
#2638 = DIRECTION('',(0.,0.,1.));
#2639 = DIRECTION('',(1.,0.,0.));
#2640 = ORIENTED_EDGE('',*,*,#2626,.F.);
#2641 = ORIENTED_EDGE('',*,*,#2326,.F.);
#2642 = CYLINDRICAL_SURFACE('',#2643,3.);
#2643 = AXIS2_PLACEMENT_3D('',#2644,#2645,#2646);
#2644 = CARTESIAN_POINT('',(104.,76.,40.));
#2645 = DIRECTION('',(-0.,-0.,-1.));
#2646 = DIRECTION('',(1.,0.,0.));
#2647 = ADVANCED_FACE('',(#2648),#2651,.F.);
#2648 = FACE_BOUND('',#2649,.T.);
#2649 = EDGE_LOOP('',(#2650));
#2650 = ORIENTED_EDGE('',*,*,#2352,.F.);
#2651 = PLANE('',#2652);
#2652 = AXIS2_PLACEMENT_3D('',#2653,#2654,#2655);
#2653 = CARTESIAN_POINT('',(104.,6.,5.5));
#2654 = DIRECTION('',(0.,0.,1.));
#2655 = DIRECTION('',(1.,0.,0.));
#2656 = ADVANCED_FACE('',(#2657),#2660,.F.);
#2657 = FACE_BOUND('',#2658,.T.);
#2658 = EDGE_LOOP('',(#2659));
#2659 = ORIENTED_EDGE('',*,*,#2377,.F.);
#2660 = PLANE('',#2661);
#2661 = AXIS2_PLACEMENT_3D('',#2662,#2663,#2664);
#2662 = CARTESIAN_POINT('',(6.,6.,5.5));
#2663 = DIRECTION('',(0.,0.,1.));
#2664 = DIRECTION('',(1.,0.,0.));
#2665 = ADVANCED_FACE('',(#2666),#2669,.F.);
#2666 = FACE_BOUND('',#2667,.T.);
#2667 = EDGE_LOOP('',(#2668));
#2668 = ORIENTED_EDGE('',*,*,#2402,.F.);
#2669 = PLANE('',#2670);
#2670 = AXIS2_PLACEMENT_3D('',#2671,#2672,#2673);
#2671 = CARTESIAN_POINT('',(104.,76.,5.5));
#2672 = DIRECTION('',(0.,0.,1.));
#2673 = DIRECTION('',(1.,0.,0.));
#2674 = ADVANCED_FACE('',(#2675),#2678,.F.);
#2675 = FACE_BOUND('',#2676,.T.);
#2676 = EDGE_LOOP('',(#2677));
#2677 = ORIENTED_EDGE('',*,*,#2427,.F.);
#2678 = PLANE('',#2679);
#2679 = AXIS2_PLACEMENT_3D('',#2680,#2681,#2682);
#2680 = CARTESIAN_POINT('',(6.,76.,5.5));
#2681 = DIRECTION('',(0.,0.,1.));
#2682 = DIRECTION('',(1.,0.,0.));
#2683 = ADVANCED_FACE('',(#2684),#2687,.T.);
#2684 = FACE_BOUND('',#2685,.T.);
#2685 = EDGE_LOOP('',(#2686));
#2686 = ORIENTED_EDGE('',*,*,#2443,.T.);
#2687 = PLANE('',#2688);
#2688 = AXIS2_PLACEMENT_3D('',#2689,#2690,#2691);
#2689 = CARTESIAN_POINT('',(6.,6.,45.));
#2690 = DIRECTION('',(0.,0.,1.));
#2691 = DIRECTION('',(1.,0.,0.));
#2692 = ADVANCED_FACE('',(#2693,#2696),#2707,.T.);
#2693 = FACE_BOUND('',#2694,.T.);
#2694 = EDGE_LOOP('',(#2695));
#2695 = ORIENTED_EDGE('',*,*,#2477,.T.);
#2696 = FACE_BOUND('',#2697,.T.);
#2697 = EDGE_LOOP('',(#2698));
#2698 = ORIENTED_EDGE('',*,*,#2699,.F.);
#2699 = EDGE_CURVE('',#2700,#2700,#2702,.T.);
#2700 = VERTEX_POINT('',#2701);
#2701 = CARTESIAN_POINT('',(76.2,65.5,9.));
#2702 = CIRCLE('',#2703,1.7);
#2703 = AXIS2_PLACEMENT_3D('',#2704,#2705,#2706);
#2704 = CARTESIAN_POINT('',(74.5,65.5,9.));
#2705 = DIRECTION('',(0.,0.,1.));
#2706 = DIRECTION('',(1.,0.,0.));
#2707 = PLANE('',#2708);
#2708 = AXIS2_PLACEMENT_3D('',#2709,#2710,#2711);
#2709 = CARTESIAN_POINT('',(74.5,65.5,9.));
#2710 = DIRECTION('',(0.,0.,1.));
#2711 = DIRECTION('',(1.,0.,0.));
#2712 = ADVANCED_FACE('',(#2713,#2716),#2727,.T.);
#2713 = FACE_BOUND('',#2714,.T.);
#2714 = EDGE_LOOP('',(#2715));
#2715 = ORIENTED_EDGE('',*,*,#2506,.T.);
#2716 = FACE_BOUND('',#2717,.T.);
#2717 = EDGE_LOOP('',(#2718));
#2718 = ORIENTED_EDGE('',*,*,#2719,.F.);
#2719 = EDGE_CURVE('',#2720,#2720,#2722,.T.);
#2720 = VERTEX_POINT('',#2721);
#2721 = CARTESIAN_POINT('',(76.2,16.5,9.));
#2722 = CIRCLE('',#2723,1.7);
#2723 = AXIS2_PLACEMENT_3D('',#2724,#2725,#2726);
#2724 = CARTESIAN_POINT('',(74.5,16.5,9.));
#2725 = DIRECTION('',(0.,0.,1.));
#2726 = DIRECTION('',(1.,0.,0.));
#2727 = PLANE('',#2728);
#2728 = AXIS2_PLACEMENT_3D('',#2729,#2730,#2731);
#2729 = CARTESIAN_POINT('',(74.5,16.5,9.));
#2730 = DIRECTION('',(0.,0.,1.));
#2731 = DIRECTION('',(1.,0.,0.));
#2732 = ADVANCED_FACE('',(#2733),#2736,.T.);
#2733 = FACE_BOUND('',#2734,.F.);
#2734 = EDGE_LOOP('',(#2735));
#2735 = ORIENTED_EDGE('',*,*,#2536,.F.);
#2736 = PLANE('',#2737);
#2737 = AXIS2_PLACEMENT_3D('',#2738,#2739,#2740);
#2738 = CARTESIAN_POINT('',(16.5,65.5,5.8));
#2739 = DIRECTION('',(0.,0.,1.));
#2740 = DIRECTION('',(1.,0.,0.));
#2741 = ADVANCED_FACE('',(#2742),#2745,.T.);
#2742 = FACE_BOUND('',#2743,.F.);
#2743 = EDGE_LOOP('',(#2744));
#2744 = ORIENTED_EDGE('',*,*,#2561,.F.);
#2745 = PLANE('',#2746);
#2746 = AXIS2_PLACEMENT_3D('',#2747,#2748,#2749);
#2747 = CARTESIAN_POINT('',(16.5,16.5,5.8));
#2748 = DIRECTION('',(0.,0.,1.));
#2749 = DIRECTION('',(1.,0.,0.));
#2750 = ADVANCED_FACE('',(#2751),#2754,.T.);
#2751 = FACE_BOUND('',#2752,.T.);
#2752 = EDGE_LOOP('',(#2753));
#2753 = ORIENTED_EDGE('',*,*,#2576,.T.);
#2754 = PLANE('',#2755);
#2755 = AXIS2_PLACEMENT_3D('',#2756,#2757,#2758);
#2756 = CARTESIAN_POINT('',(6.,76.,45.));
#2757 = DIRECTION('',(0.,0.,1.));
#2758 = DIRECTION('',(1.,0.,0.));
#2759 = ADVANCED_FACE('',(#2760),#2779,.T.);
#2760 = FACE_BOUND('',#2761,.T.);
#2761 = EDGE_LOOP('',(#2762,#2771,#2777,#2778));
#2762 = ORIENTED_EDGE('',*,*,#2763,.F.);
#2763 = EDGE_CURVE('',#2764,#2764,#2766,.T.);
#2764 = VERTEX_POINT('',#2765);
#2765 = CARTESIAN_POINT('',(106.4,6.,45.));
#2766 = CIRCLE('',#2767,2.4);
#2767 = AXIS2_PLACEMENT_3D('',#2768,#2769,#2770);
#2768 = CARTESIAN_POINT('',(104.,6.,45.));
#2769 = DIRECTION('',(0.,0.,1.));
#2770 = DIRECTION('',(1.,0.,0.));
#2771 = ORIENTED_EDGE('',*,*,#2772,.F.);
#2772 = EDGE_CURVE('',#2602,#2764,#2773,.T.);
#2773 = LINE('',#2774,#2775);
#2774 = CARTESIAN_POINT('',(107.,6.,44.4));
#2775 = VECTOR('',#2776,1.);
#2776 = DIRECTION('',(-0.707106781187,1.7E-16,0.707106781187));
#2777 = ORIENTED_EDGE('',*,*,#2609,.T.);
#2778 = ORIENTED_EDGE('',*,*,#2772,.T.);
#2779 = CONICAL_SURFACE('',#2780,3.,0.785398163397);
#2780 = AXIS2_PLACEMENT_3D('',#2781,#2782,#2783);
#2781 = CARTESIAN_POINT('',(104.,6.,44.4));
#2782 = DIRECTION('',(-0.,-0.,-1.));
#2783 = DIRECTION('',(1.,0.,0.));
#2784 = ADVANCED_FACE('',(#2785),#2804,.T.);
#2785 = FACE_BOUND('',#2786,.T.);
#2786 = EDGE_LOOP('',(#2787,#2796,#2802,#2803));
#2787 = ORIENTED_EDGE('',*,*,#2788,.F.);
#2788 = EDGE_CURVE('',#2789,#2789,#2791,.T.);
#2789 = VERTEX_POINT('',#2790);
#2790 = CARTESIAN_POINT('',(106.4,76.,45.));
#2791 = CIRCLE('',#2792,2.4);
#2792 = AXIS2_PLACEMENT_3D('',#2793,#2794,#2795);
#2793 = CARTESIAN_POINT('',(104.,76.,45.));
#2794 = DIRECTION('',(0.,0.,1.));
#2795 = DIRECTION('',(1.,0.,0.));
#2796 = ORIENTED_EDGE('',*,*,#2797,.F.);
#2797 = EDGE_CURVE('',#2627,#2789,#2798,.T.);
#2798 = LINE('',#2799,#2800);
#2799 = CARTESIAN_POINT('',(107.,76.,44.4));
#2800 = VECTOR('',#2801,1.);
#2801 = DIRECTION('',(-0.707106781187,1.7E-16,0.707106781187));
#2802 = ORIENTED_EDGE('',*,*,#2634,.T.);
#2803 = ORIENTED_EDGE('',*,*,#2797,.T.);
#2804 = CONICAL_SURFACE('',#2805,3.,0.785398163397);
#2805 = AXIS2_PLACEMENT_3D('',#2806,#2807,#2808);
#2806 = CARTESIAN_POINT('',(104.,76.,44.4));
#2807 = DIRECTION('',(-0.,-0.,-1.));
#2808 = DIRECTION('',(1.,0.,0.));
#2809 = ADVANCED_FACE('',(#2810),#2829,.F.);
#2810 = FACE_BOUND('',#2811,.T.);
#2811 = EDGE_LOOP('',(#2812,#2820,#2821,#2822));
#2812 = ORIENTED_EDGE('',*,*,#2813,.T.);
#2813 = EDGE_CURVE('',#2814,#2700,#2816,.T.);
#2814 = VERTEX_POINT('',#2815);
#2815 = CARTESIAN_POINT('',(76.2,65.5,5.8));
#2816 = LINE('',#2817,#2818);
#2817 = CARTESIAN_POINT('',(76.2,65.5,5.8));
#2818 = VECTOR('',#2819,1.);
#2819 = DIRECTION('',(0.,0.,1.));
#2820 = ORIENTED_EDGE('',*,*,#2699,.T.);
#2821 = ORIENTED_EDGE('',*,*,#2813,.F.);
#2822 = ORIENTED_EDGE('',*,*,#2823,.F.);
#2823 = EDGE_CURVE('',#2814,#2814,#2824,.T.);
#2824 = CIRCLE('',#2825,1.7);
#2825 = AXIS2_PLACEMENT_3D('',#2826,#2827,#2828);
#2826 = CARTESIAN_POINT('',(74.5,65.5,5.8));
#2827 = DIRECTION('',(0.,0.,1.));
#2828 = DIRECTION('',(1.,0.,0.));
#2829 = CYLINDRICAL_SURFACE('',#2830,1.7);
#2830 = AXIS2_PLACEMENT_3D('',#2831,#2832,#2833);
#2831 = CARTESIAN_POINT('',(74.5,65.5,5.8));
#2832 = DIRECTION('',(-0.,-0.,-1.));
#2833 = DIRECTION('',(1.,0.,0.));
#2834 = ADVANCED_FACE('',(#2835),#2854,.F.);
#2835 = FACE_BOUND('',#2836,.T.);
#2836 = EDGE_LOOP('',(#2837,#2845,#2846,#2847));
#2837 = ORIENTED_EDGE('',*,*,#2838,.T.);
#2838 = EDGE_CURVE('',#2839,#2720,#2841,.T.);
#2839 = VERTEX_POINT('',#2840);
#2840 = CARTESIAN_POINT('',(76.2,16.5,5.8));
#2841 = LINE('',#2842,#2843);
#2842 = CARTESIAN_POINT('',(76.2,16.5,5.8));
#2843 = VECTOR('',#2844,1.);
#2844 = DIRECTION('',(0.,0.,1.));
#2845 = ORIENTED_EDGE('',*,*,#2719,.T.);
#2846 = ORIENTED_EDGE('',*,*,#2838,.F.);
#2847 = ORIENTED_EDGE('',*,*,#2848,.F.);
#2848 = EDGE_CURVE('',#2839,#2839,#2849,.T.);
#2849 = CIRCLE('',#2850,1.7);
#2850 = AXIS2_PLACEMENT_3D('',#2851,#2852,#2853);
#2851 = CARTESIAN_POINT('',(74.5,16.5,5.8));
#2852 = DIRECTION('',(0.,0.,1.));
#2853 = DIRECTION('',(1.,0.,0.));
#2854 = CYLINDRICAL_SURFACE('',#2855,1.7);
#2855 = AXIS2_PLACEMENT_3D('',#2856,#2857,#2858);
#2856 = CARTESIAN_POINT('',(74.5,16.5,5.8));
#2857 = DIRECTION('',(-0.,-0.,-1.));
#2858 = DIRECTION('',(1.,0.,0.));
#2859 = ADVANCED_FACE('',(#2860),#2863,.T.);
#2860 = FACE_BOUND('',#2861,.T.);
#2861 = EDGE_LOOP('',(#2862));
#2862 = ORIENTED_EDGE('',*,*,#2763,.T.);
#2863 = PLANE('',#2864);
#2864 = AXIS2_PLACEMENT_3D('',#2865,#2866,#2867);
#2865 = CARTESIAN_POINT('',(104.,6.,45.));
#2866 = DIRECTION('',(0.,0.,1.));
#2867 = DIRECTION('',(1.,0.,0.));
#2868 = ADVANCED_FACE('',(#2869),#2872,.T.);
#2869 = FACE_BOUND('',#2870,.T.);
#2870 = EDGE_LOOP('',(#2871));
#2871 = ORIENTED_EDGE('',*,*,#2788,.T.);
#2872 = PLANE('',#2873);
#2873 = AXIS2_PLACEMENT_3D('',#2874,#2875,#2876);
#2874 = CARTESIAN_POINT('',(104.,76.,45.));
#2875 = DIRECTION('',(0.,0.,1.));
#2876 = DIRECTION('',(1.,0.,0.));
#2877 = ADVANCED_FACE('',(#2878),#2881,.T.);
#2878 = FACE_BOUND('',#2879,.F.);
#2879 = EDGE_LOOP('',(#2880));
#2880 = ORIENTED_EDGE('',*,*,#2823,.F.);
#2881 = PLANE('',#2882);
#2882 = AXIS2_PLACEMENT_3D('',#2883,#2884,#2885);
#2883 = CARTESIAN_POINT('',(74.5,65.5,5.8));
#2884 = DIRECTION('',(0.,0.,1.));
#2885 = DIRECTION('',(1.,0.,0.));
#2886 = ADVANCED_FACE('',(#2887),#2890,.T.);
#2887 = FACE_BOUND('',#2888,.F.);
#2888 = EDGE_LOOP('',(#2889));
#2889 = ORIENTED_EDGE('',*,*,#2848,.F.);
#2890 = PLANE('',#2891);
#2891 = AXIS2_PLACEMENT_3D('',#2892,#2893,#2894);
#2892 = CARTESIAN_POINT('',(74.5,16.5,5.8));
#2893 = DIRECTION('',(0.,0.,1.));
#2894 = DIRECTION('',(1.,0.,0.));
#2895 = ( GEOMETRIC_REPRESENTATION_CONTEXT(3) 
GLOBAL_UNCERTAINTY_ASSIGNED_CONTEXT((#2899)) 
GLOBAL_UNIT_ASSIGNED_CONTEXT((#2896,#2897,#2898)) REPRESENTATION_CONTEXT
('Context #1','3D Context with UNIT and UNCERTAINTY') );
#2896 = ( LENGTH_UNIT() NAMED_UNIT(*) SI_UNIT(.MILLI.,.METRE.) );
#2897 = ( NAMED_UNIT(*) PLANE_ANGLE_UNIT() SI_UNIT($,.RADIAN.) );
#2898 = ( NAMED_UNIT(*) SI_UNIT($,.STERADIAN.) SOLID_ANGLE_UNIT() );
#2899 = UNCERTAINTY_MEASURE_WITH_UNIT(LENGTH_MEASURE(2.E-05),#2896,
  'distance_accuracy_value','confusion accuracy');
#2900 = PRODUCT_RELATED_PRODUCT_CATEGORY('part',$,(#7));
ENDSEC;
END-ISO-10303-21;
