ISO-10303-21;
HEADER;
FILE_DESCRIPTION(('FreeCAD Model'),'2;1');
FILE_NAME('Open CASCADE Shape Model','2026-10-03T14:15:55',('FreeCAD'),(
    'FreeCAD'),'Open CASCADE STEP processor 7.8','FreeCAD','Unknown');
FILE_SCHEMA(('AUTOMOTIVE_DESIGN { 1 0 10303 214 1 1 1 1 }'));
ENDSEC;
DATA;
#1 = APPLICATION_PROTOCOL_DEFINITION('international standard',
  'automotive_design',2000,#2);
#2 = APPLICATION_CONTEXT(
  'core data for automotive mechanical design processes');
#3 = SHAPE_DEFINITION_REPRESENTATION(#4,#10);
#4 = PRODUCT_DEFINITION_SHAPE('','',#5);
#5 = PRODUCT_DEFINITION('design','',#6,#9);
#6 = PRODUCT_DEFINITION_FORMATION('','',#7);
#7 = PRODUCT('Open CASCADE STEP translator 7.8 9',
  'Open CASCADE STEP translator 7.8 9','',(#8));
#8 = PRODUCT_CONTEXT('',#2,'mechanical');
#9 = PRODUCT_DEFINITION_CONTEXT('part definition',#2,'design');
#10 = SHAPE_REPRESENTATION('',(#11,#15,#2895,#3063,#3231,#3399,#3567,
    #3849,#4131,#7011,#7179,#7347,#7515,#7683,#7965,#8247,#11127,#11295,
    #11463,#11631,#11799,#12081),#12363);
#11 = AXIS2_PLACEMENT_3D('',#12,#13,#14);
#12 = CARTESIAN_POINT('',(0.,0.,0.));
#13 = DIRECTION('',(0.,0.,1.));
#14 = DIRECTION('',(1.,0.,-0.));
#15 = MANIFOLD_SOLID_BREP('',#16);
#16 = CLOSED_SHELL('',(#17,#121,#212,#367,#407,#431,#464,#504,#528,#561,
    #644,#929,#953,#970,#995,#1031,#1051,#1068,#1085,#1102,#1119,#1168,
    #1225,#1277,#1294,#1343,#1400,#1452,#1464,#1481,#1493,#1510,#1522,
    #1547,#1571,#1607,#1627,#1683,#1707,#1756,#1781,#1798,#1810,#1835,
    #1852,#1877,#1902,#1919,#1944,#1961,#1978,#1990,#2015,#2040,#2092,
    #2108,#2127,#2137,#2147,#2167,#2183,#2199,#2218,#2228,#2238,#2258,
    #2274,#2299,#2319,#2339,#2364,#2389,#2414,#2439,#2464,#2493,#2522,
    #2547,#2572,#2597,#2622,#2647,#2656,#2665,#2674,#2683,#2692,#2712,
    #2732,#2741,#2750,#2759,#2784,#2809,#2834,#2859,#2868,#2877,#2886));
#17 = ADVANCED_FACE('',(#18),#116,.F.);
#18 = FACE_BOUND('',#19,.F.);
#19 = EDGE_LOOP('',(#20,#30,#38,#46,#54,#62,#70,#78,#86,#94,#102,#110));
#20 = ORIENTED_EDGE('',*,*,#21,.F.);
#21 = EDGE_CURVE('',#22,#24,#26,.T.);
#22 = VERTEX_POINT('',#23);
#23 = CARTESIAN_POINT('',(-13.,-7.,0.));
#24 = VERTEX_POINT('',#25);
#25 = CARTESIAN_POINT('',(-13.,-7.,6.));
#26 = LINE('',#27,#28);
#27 = CARTESIAN_POINT('',(-13.,-7.,0.));
#28 = VECTOR('',#29,1.);
#29 = DIRECTION('',(0.,0.,1.));
#30 = ORIENTED_EDGE('',*,*,#31,.T.);
#31 = EDGE_CURVE('',#22,#32,#34,.T.);
#32 = VERTEX_POINT('',#33);
#33 = CARTESIAN_POINT('',(-13.,63.,0.));
#34 = LINE('',#35,#36);
#35 = CARTESIAN_POINT('',(-13.,-7.,0.));
#36 = VECTOR('',#37,1.);
#37 = DIRECTION('',(0.,1.,0.));
#38 = ORIENTED_EDGE('',*,*,#39,.T.);
#39 = EDGE_CURVE('',#32,#40,#42,.T.);
#40 = VERTEX_POINT('',#41);
#41 = CARTESIAN_POINT('',(-13.,63.,6.));
#42 = LINE('',#43,#44);
#43 = CARTESIAN_POINT('',(-13.,63.,0.));
#44 = VECTOR('',#45,1.);
#45 = DIRECTION('',(0.,0.,1.));
#46 = ORIENTED_EDGE('',*,*,#47,.F.);
#47 = EDGE_CURVE('',#48,#40,#50,.T.);
#48 = VERTEX_POINT('',#49);
#49 = CARTESIAN_POINT('',(-13.,54.,6.));
#50 = LINE('',#51,#52);
#51 = CARTESIAN_POINT('',(-13.,-7.,6.));
#52 = VECTOR('',#53,1.);
#53 = DIRECTION('',(0.,1.,0.));
#54 = ORIENTED_EDGE('',*,*,#55,.F.);
#55 = EDGE_CURVE('',#56,#48,#58,.T.);
#56 = VERTEX_POINT('',#57);
#57 = CARTESIAN_POINT('',(-13.,54.,3.));
#58 = LINE('',#59,#60);
#59 = CARTESIAN_POINT('',(-13.,54.,2.162357555739));
#60 = VECTOR('',#61,1.);
#61 = DIRECTION('',(0.,0.,1.));
#62 = ORIENTED_EDGE('',*,*,#63,.T.);
#63 = EDGE_CURVE('',#56,#64,#66,.T.);
#64 = VERTEX_POINT('',#65);
#65 = CARTESIAN_POINT('',(-13.,51.,3.));
#66 = LINE('',#67,#68);
#67 = CARTESIAN_POINT('',(-13.,22.,3.));
#68 = VECTOR('',#69,1.);
#69 = DIRECTION('',(0.,-1.,0.));
#70 = ORIENTED_EDGE('',*,*,#71,.F.);
#71 = EDGE_CURVE('',#72,#64,#74,.T.);
#72 = VERTEX_POINT('',#73);
#73 = CARTESIAN_POINT('',(-13.,51.,6.));
#74 = LINE('',#75,#76);
#75 = CARTESIAN_POINT('',(-13.,51.,2.162357555739));
#76 = VECTOR('',#77,1.);
#77 = DIRECTION('',(0.,0.,-1.));
#78 = ORIENTED_EDGE('',*,*,#79,.F.);
#79 = EDGE_CURVE('',#80,#72,#82,.T.);
#80 = VERTEX_POINT('',#81);
#81 = CARTESIAN_POINT('',(-13.,5.,6.));
#82 = LINE('',#83,#84);
#83 = CARTESIAN_POINT('',(-13.,-7.,6.));
#84 = VECTOR('',#85,1.);
#85 = DIRECTION('',(0.,1.,0.));
#86 = ORIENTED_EDGE('',*,*,#87,.F.);
#87 = EDGE_CURVE('',#88,#80,#90,.T.);
#88 = VERTEX_POINT('',#89);
#89 = CARTESIAN_POINT('',(-13.,5.,3.));
#90 = LINE('',#91,#92);
#91 = CARTESIAN_POINT('',(-13.,5.,2.162357555739));
#92 = VECTOR('',#93,1.);
#93 = DIRECTION('',(0.,0.,1.));
#94 = ORIENTED_EDGE('',*,*,#95,.T.);
#95 = EDGE_CURVE('',#88,#96,#98,.T.);
#96 = VERTEX_POINT('',#97);
#97 = CARTESIAN_POINT('',(-13.,2.,3.));
#98 = LINE('',#99,#100);
#99 = CARTESIAN_POINT('',(-13.,-2.5,3.));
#100 = VECTOR('',#101,1.);
#101 = DIRECTION('',(0.,-1.,0.));
#102 = ORIENTED_EDGE('',*,*,#103,.F.);
#103 = EDGE_CURVE('',#104,#96,#106,.T.);
#104 = VERTEX_POINT('',#105);
#105 = CARTESIAN_POINT('',(-13.,2.,6.));
#106 = LINE('',#107,#108);
#107 = CARTESIAN_POINT('',(-13.,2.,2.162357555739));
#108 = VECTOR('',#109,1.);
#109 = DIRECTION('',(0.,0.,-1.));
#110 = ORIENTED_EDGE('',*,*,#111,.F.);
#111 = EDGE_CURVE('',#24,#104,#112,.T.);
#112 = LINE('',#113,#114);
#113 = CARTESIAN_POINT('',(-13.,-7.,6.));
#114 = VECTOR('',#115,1.);
#115 = DIRECTION('',(0.,1.,0.));
#116 = PLANE('',#117);
#117 = AXIS2_PLACEMENT_3D('',#118,#119,#120);
#118 = CARTESIAN_POINT('',(-13.,-7.,0.));
#119 = DIRECTION('',(1.,0.,0.));
#120 = DIRECTION('',(0.,0.,1.));
#121 = ADVANCED_FACE('',(#122),#207,.T.);
#122 = FACE_BOUND('',#123,.F.);
#123 = EDGE_LOOP('',(#124,#134,#141,#142,#151,#159,#168,#176,#185,#192,
    #199,#200));
#124 = ORIENTED_EDGE('',*,*,#125,.F.);
#125 = EDGE_CURVE('',#126,#128,#130,.T.);
#126 = VERTEX_POINT('',#127);
#127 = CARTESIAN_POINT('',(-7.,-13.,0.));
#128 = VERTEX_POINT('',#129);
#129 = CARTESIAN_POINT('',(-7.,-13.,6.));
#130 = LINE('',#131,#132);
#131 = CARTESIAN_POINT('',(-7.,-13.,0.));
#132 = VECTOR('',#133,1.);
#133 = DIRECTION('',(0.,0.,1.));
#134 = ORIENTED_EDGE('',*,*,#135,.F.);
#135 = EDGE_CURVE('',#22,#126,#136,.T.);
#136 = CIRCLE('',#137,6.);
#137 = AXIS2_PLACEMENT_3D('',#138,#139,#140);
#138 = CARTESIAN_POINT('',(-7.,-7.,0.));
#139 = DIRECTION('',(0.,0.,1.));
#140 = DIRECTION('',(1.,0.,0.));
#141 = ORIENTED_EDGE('',*,*,#21,.T.);
#142 = ORIENTED_EDGE('',*,*,#143,.T.);
#143 = EDGE_CURVE('',#24,#144,#146,.T.);
#144 = VERTEX_POINT('',#145);
#145 = CARTESIAN_POINT('',(-3.867156741649,-1.882843258351,6.));
#146 = CIRCLE('',#147,6.);
#147 = AXIS2_PLACEMENT_3D('',#148,#149,#150);
#148 = CARTESIAN_POINT('',(-7.,-7.,6.));
#149 = DIRECTION('',(0.,0.,-1.));
#150 = DIRECTION('',(1.,0.,0.));
#151 = ORIENTED_EDGE('',*,*,#152,.T.);
#152 = EDGE_CURVE('',#144,#153,#155,.T.);
#153 = VERTEX_POINT('',#154);
#154 = CARTESIAN_POINT('',(-3.867156741649,-1.882843258351,0.));
#155 = LINE('',#156,#157);
#156 = CARTESIAN_POINT('',(-3.867156741649,-1.882843258351,-1.));
#157 = VECTOR('',#158,1.);
#158 = DIRECTION('',(-0.,-0.,-1.));
#159 = ORIENTED_EDGE('',*,*,#160,.F.);
#160 = EDGE_CURVE('',#161,#153,#163,.T.);
#161 = VERTEX_POINT('',#162);
#162 = CARTESIAN_POINT('',(-1.882843258351,-3.867156741649,0.));
#163 = CIRCLE('',#164,6.);
#164 = AXIS2_PLACEMENT_3D('',#165,#166,#167);
#165 = CARTESIAN_POINT('',(-7.,-7.,0.));
#166 = DIRECTION('',(0.,0.,1.));
#167 = DIRECTION('',(1.,0.,0.));
#168 = ORIENTED_EDGE('',*,*,#169,.F.);
#169 = EDGE_CURVE('',#170,#161,#172,.T.);
#170 = VERTEX_POINT('',#171);
#171 = CARTESIAN_POINT('',(-1.882843258351,-3.867156741649,6.));
#172 = LINE('',#173,#174);
#173 = CARTESIAN_POINT('',(-1.882843258351,-3.867156741649,-1.));
#174 = VECTOR('',#175,1.);
#175 = DIRECTION('',(-0.,-0.,-1.));
#176 = ORIENTED_EDGE('',*,*,#177,.T.);
#177 = EDGE_CURVE('',#170,#178,#180,.T.);
#178 = VERTEX_POINT('',#179);
#179 = CARTESIAN_POINT('',(-1.,-7.,6.));
#180 = CIRCLE('',#181,6.);
#181 = AXIS2_PLACEMENT_3D('',#182,#183,#184);
#182 = CARTESIAN_POINT('',(-7.,-7.,6.));
#183 = DIRECTION('',(0.,0.,-1.));
#184 = DIRECTION('',(1.,0.,0.));
#185 = ORIENTED_EDGE('',*,*,#186,.F.);
#186 = EDGE_CURVE('',#187,#178,#189,.T.);
#187 = VERTEX_POINT('',#188);
#188 = CARTESIAN_POINT('',(-1.,-7.,40.));
#189 = B_SPLINE_CURVE_WITH_KNOTS('',1,(#190,#191),.UNSPECIFIED.,.F.,.F.,
  (2,2),(-40.,-6.),.PIECEWISE_BEZIER_KNOTS.);
#190 = CARTESIAN_POINT('',(-1.,-7.,40.));
#191 = CARTESIAN_POINT('',(-1.,-7.,6.));
#192 = ORIENTED_EDGE('',*,*,#193,.T.);
#193 = EDGE_CURVE('',#187,#187,#194,.T.);
#194 = CIRCLE('',#195,6.);
#195 = AXIS2_PLACEMENT_3D('',#196,#197,#198);
#196 = CARTESIAN_POINT('',(-7.,-7.,40.));
#197 = DIRECTION('',(0.,0.,1.));
#198 = DIRECTION('',(1.,0.,0.));
#199 = ORIENTED_EDGE('',*,*,#186,.T.);
#200 = ORIENTED_EDGE('',*,*,#201,.T.);
#201 = EDGE_CURVE('',#178,#128,#202,.T.);
#202 = CIRCLE('',#203,6.);
#203 = AXIS2_PLACEMENT_3D('',#204,#205,#206);
#204 = CARTESIAN_POINT('',(-7.,-7.,6.));
#205 = DIRECTION('',(0.,0.,-1.));
#206 = DIRECTION('',(1.,0.,0.));
#207 = CYLINDRICAL_SURFACE('',#208,6.);
#208 = AXIS2_PLACEMENT_3D('',#209,#210,#211);
#209 = CARTESIAN_POINT('',(-7.,-7.,0.));
#210 = DIRECTION('',(-0.,-0.,-1.));
#211 = DIRECTION('',(1.,0.,0.));
#212 = ADVANCED_FACE('',(#213),#362,.T.);
#213 = FACE_BOUND('',#214,.T.);
#214 = EDGE_LOOP('',(#215,#216,#217,#226,#234,#242,#251,#259,#267,#275,
    #284,#292,#300,#309,#316,#317,#325,#333,#339,#340,#348,#356));
#215 = ORIENTED_EDGE('',*,*,#111,.F.);
#216 = ORIENTED_EDGE('',*,*,#143,.T.);
#217 = ORIENTED_EDGE('',*,*,#218,.T.);
#218 = EDGE_CURVE('',#144,#219,#221,.T.);
#219 = VERTEX_POINT('',#220);
#220 = CARTESIAN_POINT('',(-4.,-1.,6.));
#221 = CIRCLE('',#222,3.);
#222 = AXIS2_PLACEMENT_3D('',#223,#224,#225);
#223 = CARTESIAN_POINT('',(-1.,-1.,6.));
#224 = DIRECTION('',(0.,0.,-1.));
#225 = DIRECTION('',(1.,0.,0.));
#226 = ORIENTED_EDGE('',*,*,#227,.T.);
#227 = EDGE_CURVE('',#219,#228,#230,.T.);
#228 = VERTEX_POINT('',#229);
#229 = CARTESIAN_POINT('',(-4.,1.2,6.));
#230 = LINE('',#231,#232);
#231 = CARTESIAN_POINT('',(-4.,13.5,6.));
#232 = VECTOR('',#233,1.);
#233 = DIRECTION('',(0.,1.,0.));
#234 = ORIENTED_EDGE('',*,*,#235,.T.);
#235 = EDGE_CURVE('',#228,#236,#238,.T.);
#236 = VERTEX_POINT('',#237);
#237 = CARTESIAN_POINT('',(1.573863971574,1.2,6.));
#238 = LINE('',#239,#240);
#239 = CARTESIAN_POINT('',(-7.,1.2,6.));
#240 = VECTOR('',#241,1.);
#241 = DIRECTION('',(1.,0.,0.));
#242 = ORIENTED_EDGE('',*,*,#243,.F.);
#243 = EDGE_CURVE('',#244,#236,#246,.T.);
#244 = VERTEX_POINT('',#245);
#245 = CARTESIAN_POINT('',(1.573863971574,5.8,6.));
#246 = CIRCLE('',#247,3.);
#247 = AXIS2_PLACEMENT_3D('',#248,#249,#250);
#248 = CARTESIAN_POINT('',(3.5,3.5,6.));
#249 = DIRECTION('',(0.,0.,1.));
#250 = DIRECTION('',(1.,0.,0.));
#251 = ORIENTED_EDGE('',*,*,#252,.F.);
#252 = EDGE_CURVE('',#253,#244,#255,.T.);
#253 = VERTEX_POINT('',#254);
#254 = CARTESIAN_POINT('',(-4.,5.8,6.));
#255 = LINE('',#256,#257);
#256 = CARTESIAN_POINT('',(-7.,5.8,6.));
#257 = VECTOR('',#258,1.);
#258 = DIRECTION('',(1.,0.,0.));
#259 = ORIENTED_EDGE('',*,*,#260,.T.);
#260 = EDGE_CURVE('',#253,#261,#263,.T.);
#261 = VERTEX_POINT('',#262);
#262 = CARTESIAN_POINT('',(-4.,50.2,6.));
#263 = LINE('',#264,#265);
#264 = CARTESIAN_POINT('',(-4.,13.5,6.));
#265 = VECTOR('',#266,1.);
#266 = DIRECTION('',(0.,1.,0.));
#267 = ORIENTED_EDGE('',*,*,#268,.T.);
#268 = EDGE_CURVE('',#261,#269,#271,.T.);
#269 = VERTEX_POINT('',#270);
#270 = CARTESIAN_POINT('',(1.573863971574,50.2,6.));
#271 = LINE('',#272,#273);
#272 = CARTESIAN_POINT('',(-7.,50.2,6.));
#273 = VECTOR('',#274,1.);
#274 = DIRECTION('',(1.,0.,0.));
#275 = ORIENTED_EDGE('',*,*,#276,.F.);
#276 = EDGE_CURVE('',#277,#269,#279,.T.);
#277 = VERTEX_POINT('',#278);
#278 = CARTESIAN_POINT('',(1.573863971574,54.8,6.));
#279 = CIRCLE('',#280,3.);
#280 = AXIS2_PLACEMENT_3D('',#281,#282,#283);
#281 = CARTESIAN_POINT('',(3.5,52.5,6.));
#282 = DIRECTION('',(0.,0.,1.));
#283 = DIRECTION('',(1.,0.,0.));
#284 = ORIENTED_EDGE('',*,*,#285,.F.);
#285 = EDGE_CURVE('',#286,#277,#288,.T.);
#286 = VERTEX_POINT('',#287);
#287 = CARTESIAN_POINT('',(-4.,54.8,6.));
#288 = LINE('',#289,#290);
#289 = CARTESIAN_POINT('',(-7.,54.8,6.));
#290 = VECTOR('',#291,1.);
#291 = DIRECTION('',(1.,0.,0.));
#292 = ORIENTED_EDGE('',*,*,#293,.T.);
#293 = EDGE_CURVE('',#286,#294,#296,.T.);
#294 = VERTEX_POINT('',#295);
#295 = CARTESIAN_POINT('',(-4.,57.,6.));
#296 = LINE('',#297,#298);
#297 = CARTESIAN_POINT('',(-4.,13.5,6.));
#298 = VECTOR('',#299,1.);
#299 = DIRECTION('',(0.,1.,0.));
#300 = ORIENTED_EDGE('',*,*,#301,.T.);
#301 = EDGE_CURVE('',#294,#302,#304,.T.);
#302 = VERTEX_POINT('',#303);
#303 = CARTESIAN_POINT('',(-3.867156741649,57.882843258351,6.));
#304 = CIRCLE('',#305,3.);
#305 = AXIS2_PLACEMENT_3D('',#306,#307,#308);
#306 = CARTESIAN_POINT('',(-1.,57.,6.));
#307 = DIRECTION('',(0.,0.,-1.));
#308 = DIRECTION('',(1.,0.,0.));
#309 = ORIENTED_EDGE('',*,*,#310,.T.);
#310 = EDGE_CURVE('',#302,#40,#311,.T.);
#311 = CIRCLE('',#312,6.);
#312 = AXIS2_PLACEMENT_3D('',#313,#314,#315);
#313 = CARTESIAN_POINT('',(-7.,63.,6.));
#314 = DIRECTION('',(0.,0.,-1.));
#315 = DIRECTION('',(1.,0.,0.));
#316 = ORIENTED_EDGE('',*,*,#47,.F.);
#317 = ORIENTED_EDGE('',*,*,#318,.F.);
#318 = EDGE_CURVE('',#319,#48,#321,.T.);
#319 = VERTEX_POINT('',#320);
#320 = CARTESIAN_POINT('',(-10.1,54.,6.));
#321 = LINE('',#322,#323);
#322 = CARTESIAN_POINT('',(-8.161916212486,54.,6.));
#323 = VECTOR('',#324,1.);
#324 = DIRECTION('',(-1.,0.,0.));
#325 = ORIENTED_EDGE('',*,*,#326,.F.);
#326 = EDGE_CURVE('',#327,#319,#329,.T.);
#327 = VERTEX_POINT('',#328);
#328 = CARTESIAN_POINT('',(-10.1,51.,6.));
#329 = LINE('',#330,#331);
#330 = CARTESIAN_POINT('',(-10.1,39.5,6.));
#331 = VECTOR('',#332,1.);
#332 = DIRECTION('',(0.,1.,0.));
#333 = ORIENTED_EDGE('',*,*,#334,.F.);
#334 = EDGE_CURVE('',#72,#327,#335,.T.);
#335 = LINE('',#336,#337);
#336 = CARTESIAN_POINT('',(-8.161916212486,51.,6.));
#337 = VECTOR('',#338,1.);
#338 = DIRECTION('',(1.,0.,0.));
#339 = ORIENTED_EDGE('',*,*,#79,.F.);
#340 = ORIENTED_EDGE('',*,*,#341,.F.);
#341 = EDGE_CURVE('',#342,#80,#344,.T.);
#342 = VERTEX_POINT('',#343);
#343 = CARTESIAN_POINT('',(-10.1,5.,6.));
#344 = LINE('',#345,#346);
#345 = CARTESIAN_POINT('',(-8.161916212486,5.,6.));
#346 = VECTOR('',#347,1.);
#347 = DIRECTION('',(-1.,0.,0.));
#348 = ORIENTED_EDGE('',*,*,#349,.F.);
#349 = EDGE_CURVE('',#350,#342,#352,.T.);
#350 = VERTEX_POINT('',#351);
#351 = CARTESIAN_POINT('',(-10.1,2.,6.));
#352 = LINE('',#353,#354);
#353 = CARTESIAN_POINT('',(-10.1,15.,6.));
#354 = VECTOR('',#355,1.);
#355 = DIRECTION('',(0.,1.,0.));
#356 = ORIENTED_EDGE('',*,*,#357,.F.);
#357 = EDGE_CURVE('',#104,#350,#358,.T.);
#358 = LINE('',#359,#360);
#359 = CARTESIAN_POINT('',(-8.161916212486,2.,6.));
#360 = VECTOR('',#361,1.);
#361 = DIRECTION('',(1.,0.,0.));
#362 = PLANE('',#363);
#363 = AXIS2_PLACEMENT_3D('',#364,#365,#366);
#364 = CARTESIAN_POINT('',(-7.643547536449,28.,6.));
#365 = DIRECTION('',(0.,0.,1.));
#366 = DIRECTION('',(1.,0.,0.));
#367 = ADVANCED_FACE('',(#368),#402,.F.);
#368 = FACE_BOUND('',#369,.F.);
#369 = EDGE_LOOP('',(#370,#371,#379,#387,#395,#401));
#370 = ORIENTED_EDGE('',*,*,#103,.T.);
#371 = ORIENTED_EDGE('',*,*,#372,.T.);
#372 = EDGE_CURVE('',#96,#373,#375,.T.);
#373 = VERTEX_POINT('',#374);
#374 = CARTESIAN_POINT('',(-3.95,2.,3.));
#375 = LINE('',#376,#377);
#376 = CARTESIAN_POINT('',(-13.05,2.,3.));
#377 = VECTOR('',#378,1.);
#378 = DIRECTION('',(1.,0.,0.));
#379 = ORIENTED_EDGE('',*,*,#380,.T.);
#380 = EDGE_CURVE('',#373,#381,#383,.T.);
#381 = VERTEX_POINT('',#382);
#382 = CARTESIAN_POINT('',(-3.95,2.,5.3));
#383 = LINE('',#384,#385);
#384 = CARTESIAN_POINT('',(-3.95,2.,3.));
#385 = VECTOR('',#386,1.);
#386 = DIRECTION('',(0.,0.,1.));
#387 = ORIENTED_EDGE('',*,*,#388,.F.);
#388 = EDGE_CURVE('',#389,#381,#391,.T.);
#389 = VERTEX_POINT('',#390);
#390 = CARTESIAN_POINT('',(-10.1,2.,5.3));
#391 = LINE('',#392,#393);
#392 = CARTESIAN_POINT('',(-13.05,2.,5.3));
#393 = VECTOR('',#394,1.);
#394 = DIRECTION('',(1.,0.,0.));
#395 = ORIENTED_EDGE('',*,*,#396,.T.);
#396 = EDGE_CURVE('',#389,#350,#397,.T.);
#397 = LINE('',#398,#399);
#398 = CARTESIAN_POINT('',(-10.1,2.,3.));
#399 = VECTOR('',#400,1.);
#400 = DIRECTION('',(0.,0.,1.));
#401 = ORIENTED_EDGE('',*,*,#357,.F.);
#402 = PLANE('',#403);
#403 = AXIS2_PLACEMENT_3D('',#404,#405,#406);
#404 = CARTESIAN_POINT('',(-8.680284888522,2.,4.324715111478));
#405 = DIRECTION('',(-0.,-1.,-0.));
#406 = DIRECTION('',(0.,0.,-1.));
#407 = ADVANCED_FACE('',(#408),#426,.T.);
#408 = FACE_BOUND('',#409,.T.);
#409 = EDGE_LOOP('',(#410,#411,#412,#420));
#410 = ORIENTED_EDGE('',*,*,#95,.T.);
#411 = ORIENTED_EDGE('',*,*,#372,.T.);
#412 = ORIENTED_EDGE('',*,*,#413,.T.);
#413 = EDGE_CURVE('',#373,#414,#416,.T.);
#414 = VERTEX_POINT('',#415);
#415 = CARTESIAN_POINT('',(-3.95,5.,3.));
#416 = LINE('',#417,#418);
#417 = CARTESIAN_POINT('',(-3.95,2.,3.));
#418 = VECTOR('',#419,1.);
#419 = DIRECTION('',(0.,1.,0.));
#420 = ORIENTED_EDGE('',*,*,#421,.F.);
#421 = EDGE_CURVE('',#88,#414,#422,.T.);
#422 = LINE('',#423,#424);
#423 = CARTESIAN_POINT('',(-13.05,5.,3.));
#424 = VECTOR('',#425,1.);
#425 = DIRECTION('',(1.,0.,0.));
#426 = PLANE('',#427);
#427 = AXIS2_PLACEMENT_3D('',#428,#429,#430);
#428 = CARTESIAN_POINT('',(-13.05,2.,3.));
#429 = DIRECTION('',(0.,0.,1.));
#430 = DIRECTION('',(1.,0.,0.));
#431 = ADVANCED_FACE('',(#432),#459,.F.);
#432 = FACE_BOUND('',#433,.F.);
#433 = EDGE_LOOP('',(#434,#435,#436,#437,#445,#453));
#434 = ORIENTED_EDGE('',*,*,#421,.F.);
#435 = ORIENTED_EDGE('',*,*,#87,.T.);
#436 = ORIENTED_EDGE('',*,*,#341,.F.);
#437 = ORIENTED_EDGE('',*,*,#438,.F.);
#438 = EDGE_CURVE('',#439,#342,#441,.T.);
#439 = VERTEX_POINT('',#440);
#440 = CARTESIAN_POINT('',(-10.1,5.,5.3));
#441 = LINE('',#442,#443);
#442 = CARTESIAN_POINT('',(-10.1,5.,3.));
#443 = VECTOR('',#444,1.);
#444 = DIRECTION('',(0.,0.,1.));
#445 = ORIENTED_EDGE('',*,*,#446,.T.);
#446 = EDGE_CURVE('',#439,#447,#449,.T.);
#447 = VERTEX_POINT('',#448);
#448 = CARTESIAN_POINT('',(-3.95,5.,5.3));
#449 = LINE('',#450,#451);
#450 = CARTESIAN_POINT('',(-13.05,5.,5.3));
#451 = VECTOR('',#452,1.);
#452 = DIRECTION('',(1.,0.,0.));
#453 = ORIENTED_EDGE('',*,*,#454,.F.);
#454 = EDGE_CURVE('',#414,#447,#455,.T.);
#455 = LINE('',#456,#457);
#456 = CARTESIAN_POINT('',(-3.95,5.,3.));
#457 = VECTOR('',#458,1.);
#458 = DIRECTION('',(0.,0.,1.));
#459 = PLANE('',#460);
#460 = AXIS2_PLACEMENT_3D('',#461,#462,#463);
#461 = CARTESIAN_POINT('',(-8.680284888522,5.,4.324715111478));
#462 = DIRECTION('',(0.,1.,0.));
#463 = DIRECTION('',(0.,0.,1.));
#464 = ADVANCED_FACE('',(#465),#499,.F.);
#465 = FACE_BOUND('',#466,.F.);
#466 = EDGE_LOOP('',(#467,#468,#476,#484,#492,#498));
#467 = ORIENTED_EDGE('',*,*,#71,.T.);
#468 = ORIENTED_EDGE('',*,*,#469,.T.);
#469 = EDGE_CURVE('',#64,#470,#472,.T.);
#470 = VERTEX_POINT('',#471);
#471 = CARTESIAN_POINT('',(-3.95,51.,3.));
#472 = LINE('',#473,#474);
#473 = CARTESIAN_POINT('',(-13.05,51.,3.));
#474 = VECTOR('',#475,1.);
#475 = DIRECTION('',(1.,0.,0.));
#476 = ORIENTED_EDGE('',*,*,#477,.T.);
#477 = EDGE_CURVE('',#470,#478,#480,.T.);
#478 = VERTEX_POINT('',#479);
#479 = CARTESIAN_POINT('',(-3.95,51.,5.3));
#480 = LINE('',#481,#482);
#481 = CARTESIAN_POINT('',(-3.95,51.,3.));
#482 = VECTOR('',#483,1.);
#483 = DIRECTION('',(0.,0.,1.));
#484 = ORIENTED_EDGE('',*,*,#485,.F.);
#485 = EDGE_CURVE('',#486,#478,#488,.T.);
#486 = VERTEX_POINT('',#487);
#487 = CARTESIAN_POINT('',(-10.1,51.,5.3));
#488 = LINE('',#489,#490);
#489 = CARTESIAN_POINT('',(-13.05,51.,5.3));
#490 = VECTOR('',#491,1.);
#491 = DIRECTION('',(1.,0.,0.));
#492 = ORIENTED_EDGE('',*,*,#493,.T.);
#493 = EDGE_CURVE('',#486,#327,#494,.T.);
#494 = LINE('',#495,#496);
#495 = CARTESIAN_POINT('',(-10.1,51.,3.));
#496 = VECTOR('',#497,1.);
#497 = DIRECTION('',(0.,0.,1.));
#498 = ORIENTED_EDGE('',*,*,#334,.F.);
#499 = PLANE('',#500);
#500 = AXIS2_PLACEMENT_3D('',#501,#502,#503);
#501 = CARTESIAN_POINT('',(-8.680284888522,51.,4.324715111478));
#502 = DIRECTION('',(-0.,-1.,-0.));
#503 = DIRECTION('',(0.,0.,-1.));
#504 = ADVANCED_FACE('',(#505),#523,.T.);
#505 = FACE_BOUND('',#506,.T.);
#506 = EDGE_LOOP('',(#507,#508,#509,#517));
#507 = ORIENTED_EDGE('',*,*,#63,.T.);
#508 = ORIENTED_EDGE('',*,*,#469,.T.);
#509 = ORIENTED_EDGE('',*,*,#510,.T.);
#510 = EDGE_CURVE('',#470,#511,#513,.T.);
#511 = VERTEX_POINT('',#512);
#512 = CARTESIAN_POINT('',(-3.95,54.,3.));
#513 = LINE('',#514,#515);
#514 = CARTESIAN_POINT('',(-3.95,51.,3.));
#515 = VECTOR('',#516,1.);
#516 = DIRECTION('',(0.,1.,0.));
#517 = ORIENTED_EDGE('',*,*,#518,.F.);
#518 = EDGE_CURVE('',#56,#511,#519,.T.);
#519 = LINE('',#520,#521);
#520 = CARTESIAN_POINT('',(-13.05,54.,3.));
#521 = VECTOR('',#522,1.);
#522 = DIRECTION('',(1.,0.,0.));
#523 = PLANE('',#524);
#524 = AXIS2_PLACEMENT_3D('',#525,#526,#527);
#525 = CARTESIAN_POINT('',(-13.05,51.,3.));
#526 = DIRECTION('',(0.,0.,1.));
#527 = DIRECTION('',(1.,0.,0.));
#528 = ADVANCED_FACE('',(#529),#556,.F.);
#529 = FACE_BOUND('',#530,.F.);
#530 = EDGE_LOOP('',(#531,#532,#533,#534,#542,#550));
#531 = ORIENTED_EDGE('',*,*,#518,.F.);
#532 = ORIENTED_EDGE('',*,*,#55,.T.);
#533 = ORIENTED_EDGE('',*,*,#318,.F.);
#534 = ORIENTED_EDGE('',*,*,#535,.F.);
#535 = EDGE_CURVE('',#536,#319,#538,.T.);
#536 = VERTEX_POINT('',#537);
#537 = CARTESIAN_POINT('',(-10.1,54.,5.3));
#538 = LINE('',#539,#540);
#539 = CARTESIAN_POINT('',(-10.1,54.,3.));
#540 = VECTOR('',#541,1.);
#541 = DIRECTION('',(0.,0.,1.));
#542 = ORIENTED_EDGE('',*,*,#543,.T.);
#543 = EDGE_CURVE('',#536,#544,#546,.T.);
#544 = VERTEX_POINT('',#545);
#545 = CARTESIAN_POINT('',(-3.95,54.,5.3));
#546 = LINE('',#547,#548);
#547 = CARTESIAN_POINT('',(-13.05,54.,5.3));
#548 = VECTOR('',#549,1.);
#549 = DIRECTION('',(1.,0.,0.));
#550 = ORIENTED_EDGE('',*,*,#551,.F.);
#551 = EDGE_CURVE('',#511,#544,#552,.T.);
#552 = LINE('',#553,#554);
#553 = CARTESIAN_POINT('',(-3.95,54.,3.));
#554 = VECTOR('',#555,1.);
#555 = DIRECTION('',(0.,0.,1.));
#556 = PLANE('',#557);
#557 = AXIS2_PLACEMENT_3D('',#558,#559,#560);
#558 = CARTESIAN_POINT('',(-8.680284888522,54.,4.324715111478));
#559 = DIRECTION('',(0.,1.,0.));
#560 = DIRECTION('',(0.,0.,1.));
#561 = ADVANCED_FACE('',(#562),#639,.T.);
#562 = FACE_BOUND('',#563,.F.);
#563 = EDGE_LOOP('',(#564,#574,#583,#589,#590,#591,#600,#608,#617,#624,
    #631,#632));
#564 = ORIENTED_EDGE('',*,*,#565,.T.);
#565 = EDGE_CURVE('',#566,#568,#570,.T.);
#566 = VERTEX_POINT('',#567);
#567 = CARTESIAN_POINT('',(-1.882843258351,59.867156741649,6.));
#568 = VERTEX_POINT('',#569);
#569 = CARTESIAN_POINT('',(-1.882843258351,59.867156741649,0.));
#570 = LINE('',#571,#572);
#571 = CARTESIAN_POINT('',(-1.882843258351,59.867156741649,-1.));
#572 = VECTOR('',#573,1.);
#573 = DIRECTION('',(-0.,-0.,-1.));
#574 = ORIENTED_EDGE('',*,*,#575,.F.);
#575 = EDGE_CURVE('',#576,#568,#578,.T.);
#576 = VERTEX_POINT('',#577);
#577 = CARTESIAN_POINT('',(-3.867156741649,57.882843258351,0.));
#578 = CIRCLE('',#579,6.);
#579 = AXIS2_PLACEMENT_3D('',#580,#581,#582);
#580 = CARTESIAN_POINT('',(-7.,63.,0.));
#581 = DIRECTION('',(0.,0.,1.));
#582 = DIRECTION('',(1.,0.,0.));
#583 = ORIENTED_EDGE('',*,*,#584,.F.);
#584 = EDGE_CURVE('',#302,#576,#585,.T.);
#585 = LINE('',#586,#587);
#586 = CARTESIAN_POINT('',(-3.867156741649,57.882843258351,-1.));
#587 = VECTOR('',#588,1.);
#588 = DIRECTION('',(-0.,-0.,-1.));
#589 = ORIENTED_EDGE('',*,*,#310,.T.);
#590 = ORIENTED_EDGE('',*,*,#39,.F.);
#591 = ORIENTED_EDGE('',*,*,#592,.F.);
#592 = EDGE_CURVE('',#593,#32,#595,.T.);
#593 = VERTEX_POINT('',#594);
#594 = CARTESIAN_POINT('',(-7.,69.,0.));
#595 = CIRCLE('',#596,6.);
#596 = AXIS2_PLACEMENT_3D('',#597,#598,#599);
#597 = CARTESIAN_POINT('',(-7.,63.,0.));
#598 = DIRECTION('',(0.,0.,1.));
#599 = DIRECTION('',(1.,0.,0.));
#600 = ORIENTED_EDGE('',*,*,#601,.T.);
#601 = EDGE_CURVE('',#593,#602,#604,.T.);
#602 = VERTEX_POINT('',#603);
#603 = CARTESIAN_POINT('',(-7.,69.,6.));
#604 = LINE('',#605,#606);
#605 = CARTESIAN_POINT('',(-7.,69.,0.));
#606 = VECTOR('',#607,1.);
#607 = DIRECTION('',(0.,0.,1.));
#608 = ORIENTED_EDGE('',*,*,#609,.T.);
#609 = EDGE_CURVE('',#602,#610,#612,.T.);
#610 = VERTEX_POINT('',#611);
#611 = CARTESIAN_POINT('',(-1.,63.,6.));
#612 = CIRCLE('',#613,6.);
#613 = AXIS2_PLACEMENT_3D('',#614,#615,#616);
#614 = CARTESIAN_POINT('',(-7.,63.,6.));
#615 = DIRECTION('',(0.,0.,-1.));
#616 = DIRECTION('',(1.,0.,0.));
#617 = ORIENTED_EDGE('',*,*,#618,.F.);
#618 = EDGE_CURVE('',#619,#610,#621,.T.);
#619 = VERTEX_POINT('',#620);
#620 = CARTESIAN_POINT('',(-1.,63.,40.));
#621 = B_SPLINE_CURVE_WITH_KNOTS('',1,(#622,#623),.UNSPECIFIED.,.F.,.F.,
  (2,2),(-40.,-6.),.PIECEWISE_BEZIER_KNOTS.);
#622 = CARTESIAN_POINT('',(-1.,63.,40.));
#623 = CARTESIAN_POINT('',(-1.,63.,6.));
#624 = ORIENTED_EDGE('',*,*,#625,.T.);
#625 = EDGE_CURVE('',#619,#619,#626,.T.);
#626 = CIRCLE('',#627,6.);
#627 = AXIS2_PLACEMENT_3D('',#628,#629,#630);
#628 = CARTESIAN_POINT('',(-7.,63.,40.));
#629 = DIRECTION('',(0.,0.,1.));
#630 = DIRECTION('',(1.,0.,0.));
#631 = ORIENTED_EDGE('',*,*,#618,.T.);
#632 = ORIENTED_EDGE('',*,*,#633,.T.);
#633 = EDGE_CURVE('',#610,#566,#634,.T.);
#634 = CIRCLE('',#635,6.);
#635 = AXIS2_PLACEMENT_3D('',#636,#637,#638);
#636 = CARTESIAN_POINT('',(-7.,63.,6.));
#637 = DIRECTION('',(0.,0.,-1.));
#638 = DIRECTION('',(1.,0.,0.));
#639 = CYLINDRICAL_SURFACE('',#640,6.);
#640 = AXIS2_PLACEMENT_3D('',#641,#642,#643);
#641 = CARTESIAN_POINT('',(-7.,63.,0.));
#642 = DIRECTION('',(-0.,-0.,-1.));
#643 = DIRECTION('',(1.,0.,0.));
#644 = ADVANCED_FACE('',(#645,#690,#701,#779,#790,#801,#835,#913),#924,
  .T.);
#645 = FACE_BOUND('',#646,.T.);
#646 = EDGE_LOOP('',(#647,#648,#649,#650,#658,#667,#675,#684));
#647 = ORIENTED_EDGE('',*,*,#135,.F.);
#648 = ORIENTED_EDGE('',*,*,#31,.T.);
#649 = ORIENTED_EDGE('',*,*,#592,.F.);
#650 = ORIENTED_EDGE('',*,*,#651,.T.);
#651 = EDGE_CURVE('',#593,#652,#654,.T.);
#652 = VERTEX_POINT('',#653);
#653 = CARTESIAN_POINT('',(91.,69.,0.));
#654 = LINE('',#655,#656);
#655 = CARTESIAN_POINT('',(-7.,69.,0.));
#656 = VECTOR('',#657,1.);
#657 = DIRECTION('',(1.,0.,0.));
#658 = ORIENTED_EDGE('',*,*,#659,.F.);
#659 = EDGE_CURVE('',#660,#652,#662,.T.);
#660 = VERTEX_POINT('',#661);
#661 = CARTESIAN_POINT('',(97.,63.,0.));
#662 = CIRCLE('',#663,6.);
#663 = AXIS2_PLACEMENT_3D('',#664,#665,#666);
#664 = CARTESIAN_POINT('',(91.,63.,0.));
#665 = DIRECTION('',(0.,0.,1.));
#666 = DIRECTION('',(1.,0.,0.));
#667 = ORIENTED_EDGE('',*,*,#668,.F.);
#668 = EDGE_CURVE('',#669,#660,#671,.T.);
#669 = VERTEX_POINT('',#670);
#670 = CARTESIAN_POINT('',(97.,-7.,0.));
#671 = LINE('',#672,#673);
#672 = CARTESIAN_POINT('',(97.,-7.,0.));
#673 = VECTOR('',#674,1.);
#674 = DIRECTION('',(0.,1.,0.));
#675 = ORIENTED_EDGE('',*,*,#676,.F.);
#676 = EDGE_CURVE('',#677,#669,#679,.T.);
#677 = VERTEX_POINT('',#678);
#678 = CARTESIAN_POINT('',(91.,-13.,0.));
#679 = CIRCLE('',#680,6.);
#680 = AXIS2_PLACEMENT_3D('',#681,#682,#683);
#681 = CARTESIAN_POINT('',(91.,-7.,0.));
#682 = DIRECTION('',(0.,0.,1.));
#683 = DIRECTION('',(1.,0.,0.));
#684 = ORIENTED_EDGE('',*,*,#685,.F.);
#685 = EDGE_CURVE('',#126,#677,#686,.T.);
#686 = LINE('',#687,#688);
#687 = CARTESIAN_POINT('',(-7.,-13.,0.));
#688 = VECTOR('',#689,1.);
#689 = DIRECTION('',(1.,0.,0.));
#690 = FACE_BOUND('',#691,.T.);
#691 = EDGE_LOOP('',(#692));
#692 = ORIENTED_EDGE('',*,*,#693,.T.);
#693 = EDGE_CURVE('',#694,#694,#696,.T.);
#694 = VERTEX_POINT('',#695);
#695 = CARTESIAN_POINT('',(95.090163934426,-7.,0.));
#696 = CIRCLE('',#697,4.090163934426);
#697 = AXIS2_PLACEMENT_3D('',#698,#699,#700);
#698 = CARTESIAN_POINT('',(91.,-7.,0.));
#699 = DIRECTION('',(0.,0.,1.));
#700 = DIRECTION('',(1.,0.,0.));
#701 = FACE_BOUND('',#702,.T.);
#702 = EDGE_LOOP('',(#703,#714,#723,#732,#740,#748,#756,#763,#764,#773)
  );
#703 = ORIENTED_EDGE('',*,*,#704,.F.);
#704 = EDGE_CURVE('',#705,#707,#709,.T.);
#705 = VERTEX_POINT('',#706);
#706 = CARTESIAN_POINT('',(85.882843258351,-3.867156741649,0.));
#707 = VERTEX_POINT('',#708);
#708 = CARTESIAN_POINT('',(85.,-4.,0.));
#709 = CIRCLE('',#710,3.);
#710 = AXIS2_PLACEMENT_3D('',#711,#712,#713);
#711 = CARTESIAN_POINT('',(85.,-1.,0.));
#712 = DIRECTION('',(0.,0.,-1.));
#713 = DIRECTION('',(1.,0.,0.));
#714 = ORIENTED_EDGE('',*,*,#715,.F.);
#715 = EDGE_CURVE('',#716,#705,#718,.T.);
#716 = VERTEX_POINT('',#717);
#717 = CARTESIAN_POINT('',(87.867156741649,-1.882843258351,0.));
#718 = CIRCLE('',#719,6.);
#719 = AXIS2_PLACEMENT_3D('',#720,#721,#722);
#720 = CARTESIAN_POINT('',(91.,-7.,0.));
#721 = DIRECTION('',(0.,0.,1.));
#722 = DIRECTION('',(1.,0.,0.));
#723 = ORIENTED_EDGE('',*,*,#724,.F.);
#724 = EDGE_CURVE('',#725,#716,#727,.T.);
#725 = VERTEX_POINT('',#726);
#726 = CARTESIAN_POINT('',(88.,-1.,0.));
#727 = CIRCLE('',#728,3.);
#728 = AXIS2_PLACEMENT_3D('',#729,#730,#731);
#729 = CARTESIAN_POINT('',(85.,-1.,0.));
#730 = DIRECTION('',(0.,0.,-1.));
#731 = DIRECTION('',(1.,0.,0.));
#732 = ORIENTED_EDGE('',*,*,#733,.F.);
#733 = EDGE_CURVE('',#734,#725,#736,.T.);
#734 = VERTEX_POINT('',#735);
#735 = CARTESIAN_POINT('',(88.,1.2,0.));
#736 = LINE('',#737,#738);
#737 = CARTESIAN_POINT('',(88.,13.5,0.));
#738 = VECTOR('',#739,1.);
#739 = DIRECTION('',(0.,-1.,0.));
#740 = ORIENTED_EDGE('',*,*,#741,.F.);
#741 = EDGE_CURVE('',#742,#734,#744,.T.);
#742 = VERTEX_POINT('',#743);
#743 = CARTESIAN_POINT('',(-4.,1.2,0.));
#744 = LINE('',#745,#746);
#745 = CARTESIAN_POINT('',(-7.,1.2,0.));
#746 = VECTOR('',#747,1.);
#747 = DIRECTION('',(1.,0.,0.));
#748 = ORIENTED_EDGE('',*,*,#749,.T.);
#749 = EDGE_CURVE('',#742,#750,#752,.T.);
#750 = VERTEX_POINT('',#751);
#751 = CARTESIAN_POINT('',(-4.,-1.,0.));
#752 = LINE('',#753,#754);
#753 = CARTESIAN_POINT('',(-4.,13.5,0.));
#754 = VECTOR('',#755,1.);
#755 = DIRECTION('',(0.,-1.,0.));
#756 = ORIENTED_EDGE('',*,*,#757,.F.);
#757 = EDGE_CURVE('',#153,#750,#758,.T.);
#758 = CIRCLE('',#759,3.);
#759 = AXIS2_PLACEMENT_3D('',#760,#761,#762);
#760 = CARTESIAN_POINT('',(-1.,-1.,0.));
#761 = DIRECTION('',(0.,0.,-1.));
#762 = DIRECTION('',(1.,0.,0.));
#763 = ORIENTED_EDGE('',*,*,#160,.F.);
#764 = ORIENTED_EDGE('',*,*,#765,.F.);
#765 = EDGE_CURVE('',#766,#161,#768,.T.);
#766 = VERTEX_POINT('',#767);
#767 = CARTESIAN_POINT('',(-1.,-4.,0.));
#768 = CIRCLE('',#769,3.);
#769 = AXIS2_PLACEMENT_3D('',#770,#771,#772);
#770 = CARTESIAN_POINT('',(-1.,-1.,0.));
#771 = DIRECTION('',(0.,0.,-1.));
#772 = DIRECTION('',(1.,0.,0.));
#773 = ORIENTED_EDGE('',*,*,#774,.T.);
#774 = EDGE_CURVE('',#766,#707,#775,.T.);
#775 = LINE('',#776,#777);
#776 = CARTESIAN_POINT('',(20.5,-4.,0.));
#777 = VECTOR('',#778,1.);
#778 = DIRECTION('',(1.,0.,0.));
#779 = FACE_BOUND('',#780,.T.);
#780 = EDGE_LOOP('',(#781));
#781 = ORIENTED_EDGE('',*,*,#782,.T.);
#782 = EDGE_CURVE('',#783,#783,#785,.T.);
#783 = VERTEX_POINT('',#784);
#784 = CARTESIAN_POINT('',(-2.909836065574,-7.,0.));
#785 = CIRCLE('',#786,4.090163934426);
#786 = AXIS2_PLACEMENT_3D('',#787,#788,#789);
#787 = CARTESIAN_POINT('',(-7.,-7.,0.));
#788 = DIRECTION('',(0.,0.,1.));
#789 = DIRECTION('',(1.,0.,0.));
#790 = FACE_BOUND('',#791,.T.);
#791 = EDGE_LOOP('',(#792));
#792 = ORIENTED_EDGE('',*,*,#793,.T.);
#793 = EDGE_CURVE('',#794,#794,#796,.T.);
#794 = VERTEX_POINT('',#795);
#795 = CARTESIAN_POINT('',(95.090163934426,63.,0.));
#796 = CIRCLE('',#797,4.090163934426);
#797 = AXIS2_PLACEMENT_3D('',#798,#799,#800);
#798 = CARTESIAN_POINT('',(91.,63.,0.));
#799 = DIRECTION('',(0.,0.,1.));
#800 = DIRECTION('',(1.,0.,0.));
#801 = FACE_BOUND('',#802,.T.);
#802 = EDGE_LOOP('',(#803,#813,#821,#829));
#803 = ORIENTED_EDGE('',*,*,#804,.F.);
#804 = EDGE_CURVE('',#805,#807,#809,.T.);
#805 = VERTEX_POINT('',#806);
#806 = CARTESIAN_POINT('',(88.,50.2,0.));
#807 = VERTEX_POINT('',#808);
#808 = CARTESIAN_POINT('',(88.,5.8,0.));
#809 = LINE('',#810,#811);
#810 = CARTESIAN_POINT('',(88.,13.5,0.));
#811 = VECTOR('',#812,1.);
#812 = DIRECTION('',(0.,-1.,0.));
#813 = ORIENTED_EDGE('',*,*,#814,.F.);
#814 = EDGE_CURVE('',#815,#805,#817,.T.);
#815 = VERTEX_POINT('',#816);
#816 = CARTESIAN_POINT('',(-4.,50.2,0.));
#817 = LINE('',#818,#819);
#818 = CARTESIAN_POINT('',(-7.,50.2,0.));
#819 = VECTOR('',#820,1.);
#820 = DIRECTION('',(1.,0.,0.));
#821 = ORIENTED_EDGE('',*,*,#822,.T.);
#822 = EDGE_CURVE('',#815,#823,#825,.T.);
#823 = VERTEX_POINT('',#824);
#824 = CARTESIAN_POINT('',(-4.,5.8,0.));
#825 = LINE('',#826,#827);
#826 = CARTESIAN_POINT('',(-4.,13.5,0.));
#827 = VECTOR('',#828,1.);
#828 = DIRECTION('',(0.,-1.,0.));
#829 = ORIENTED_EDGE('',*,*,#830,.T.);
#830 = EDGE_CURVE('',#823,#807,#831,.T.);
#831 = LINE('',#832,#833);
#832 = CARTESIAN_POINT('',(-7.,5.8,0.));
#833 = VECTOR('',#834,1.);
#834 = DIRECTION('',(1.,0.,0.));
#835 = FACE_BOUND('',#836,.T.);
#836 = EDGE_LOOP('',(#837,#848,#857,#866,#874,#881,#882,#891,#899,#907)
  );
#837 = ORIENTED_EDGE('',*,*,#838,.F.);
#838 = EDGE_CURVE('',#839,#841,#843,.T.);
#839 = VERTEX_POINT('',#840);
#840 = CARTESIAN_POINT('',(87.867156741649,57.882843258351,0.));
#841 = VERTEX_POINT('',#842);
#842 = CARTESIAN_POINT('',(88.,57.,0.));
#843 = CIRCLE('',#844,3.);
#844 = AXIS2_PLACEMENT_3D('',#845,#846,#847);
#845 = CARTESIAN_POINT('',(85.,57.,0.));
#846 = DIRECTION('',(0.,0.,-1.));
#847 = DIRECTION('',(1.,0.,0.));
#848 = ORIENTED_EDGE('',*,*,#849,.F.);
#849 = EDGE_CURVE('',#850,#839,#852,.T.);
#850 = VERTEX_POINT('',#851);
#851 = CARTESIAN_POINT('',(85.882843258351,59.867156741649,0.));
#852 = CIRCLE('',#853,6.);
#853 = AXIS2_PLACEMENT_3D('',#854,#855,#856);
#854 = CARTESIAN_POINT('',(91.,63.,0.));
#855 = DIRECTION('',(0.,0.,1.));
#856 = DIRECTION('',(1.,0.,0.));
#857 = ORIENTED_EDGE('',*,*,#858,.F.);
#858 = EDGE_CURVE('',#859,#850,#861,.T.);
#859 = VERTEX_POINT('',#860);
#860 = CARTESIAN_POINT('',(85.,60.,0.));
#861 = CIRCLE('',#862,3.);
#862 = AXIS2_PLACEMENT_3D('',#863,#864,#865);
#863 = CARTESIAN_POINT('',(85.,57.,0.));
#864 = DIRECTION('',(0.,0.,-1.));
#865 = DIRECTION('',(1.,0.,0.));
#866 = ORIENTED_EDGE('',*,*,#867,.F.);
#867 = EDGE_CURVE('',#868,#859,#870,.T.);
#868 = VERTEX_POINT('',#869);
#869 = CARTESIAN_POINT('',(-1.,60.,0.));
#870 = LINE('',#871,#872);
#871 = CARTESIAN_POINT('',(20.5,60.,0.));
#872 = VECTOR('',#873,1.);
#873 = DIRECTION('',(1.,0.,0.));
#874 = ORIENTED_EDGE('',*,*,#875,.F.);
#875 = EDGE_CURVE('',#568,#868,#876,.T.);
#876 = CIRCLE('',#877,3.);
#877 = AXIS2_PLACEMENT_3D('',#878,#879,#880);
#878 = CARTESIAN_POINT('',(-1.,57.,0.));
#879 = DIRECTION('',(0.,0.,-1.));
#880 = DIRECTION('',(1.,0.,0.));
#881 = ORIENTED_EDGE('',*,*,#575,.F.);
#882 = ORIENTED_EDGE('',*,*,#883,.F.);
#883 = EDGE_CURVE('',#884,#576,#886,.T.);
#884 = VERTEX_POINT('',#885);
#885 = CARTESIAN_POINT('',(-4.,57.,0.));
#886 = CIRCLE('',#887,3.);
#887 = AXIS2_PLACEMENT_3D('',#888,#889,#890);
#888 = CARTESIAN_POINT('',(-1.,57.,0.));
#889 = DIRECTION('',(0.,0.,-1.));
#890 = DIRECTION('',(1.,0.,0.));
#891 = ORIENTED_EDGE('',*,*,#892,.T.);
#892 = EDGE_CURVE('',#884,#893,#895,.T.);
#893 = VERTEX_POINT('',#894);
#894 = CARTESIAN_POINT('',(-4.,54.8,0.));
#895 = LINE('',#896,#897);
#896 = CARTESIAN_POINT('',(-4.,13.5,0.));
#897 = VECTOR('',#898,1.);
#898 = DIRECTION('',(0.,-1.,0.));
#899 = ORIENTED_EDGE('',*,*,#900,.T.);
#900 = EDGE_CURVE('',#893,#901,#903,.T.);
#901 = VERTEX_POINT('',#902);
#902 = CARTESIAN_POINT('',(88.,54.8,0.));
#903 = LINE('',#904,#905);
#904 = CARTESIAN_POINT('',(-7.,54.8,0.));
#905 = VECTOR('',#906,1.);
#906 = DIRECTION('',(1.,0.,0.));
#907 = ORIENTED_EDGE('',*,*,#908,.F.);
#908 = EDGE_CURVE('',#841,#901,#909,.T.);
#909 = LINE('',#910,#911);
#910 = CARTESIAN_POINT('',(88.,13.5,0.));
#911 = VECTOR('',#912,1.);
#912 = DIRECTION('',(0.,-1.,0.));
#913 = FACE_BOUND('',#914,.T.);
#914 = EDGE_LOOP('',(#915));
#915 = ORIENTED_EDGE('',*,*,#916,.T.);
#916 = EDGE_CURVE('',#917,#917,#919,.T.);
#917 = VERTEX_POINT('',#918);
#918 = CARTESIAN_POINT('',(-2.909836065574,63.,0.));
#919 = CIRCLE('',#920,4.090163934426);
#920 = AXIS2_PLACEMENT_3D('',#921,#922,#923);
#921 = CARTESIAN_POINT('',(-7.,63.,0.));
#922 = DIRECTION('',(0.,0.,1.));
#923 = DIRECTION('',(1.,0.,0.));
#924 = PLANE('',#925);
#925 = AXIS2_PLACEMENT_3D('',#926,#927,#928);
#926 = CARTESIAN_POINT('',(42.,28.,0.));
#927 = DIRECTION('',(-0.,-0.,-1.));
#928 = DIRECTION('',(-1.,0.,0.));
#929 = ADVANCED_FACE('',(#930),#948,.F.);
#930 = FACE_BOUND('',#931,.F.);
#931 = EDGE_LOOP('',(#932,#933,#934,#942));
#932 = ORIENTED_EDGE('',*,*,#685,.F.);
#933 = ORIENTED_EDGE('',*,*,#125,.T.);
#934 = ORIENTED_EDGE('',*,*,#935,.T.);
#935 = EDGE_CURVE('',#128,#936,#938,.T.);
#936 = VERTEX_POINT('',#937);
#937 = CARTESIAN_POINT('',(91.,-13.,6.));
#938 = LINE('',#939,#940);
#939 = CARTESIAN_POINT('',(-7.,-13.,6.));
#940 = VECTOR('',#941,1.);
#941 = DIRECTION('',(1.,0.,0.));
#942 = ORIENTED_EDGE('',*,*,#943,.F.);
#943 = EDGE_CURVE('',#677,#936,#944,.T.);
#944 = LINE('',#945,#946);
#945 = CARTESIAN_POINT('',(91.,-13.,0.));
#946 = VECTOR('',#947,1.);
#947 = DIRECTION('',(0.,0.,1.));
#948 = PLANE('',#949);
#949 = AXIS2_PLACEMENT_3D('',#950,#951,#952);
#950 = CARTESIAN_POINT('',(-7.,-13.,0.));
#951 = DIRECTION('',(0.,1.,0.));
#952 = DIRECTION('',(0.,0.,1.));
#953 = ADVANCED_FACE('',(#954),#965,.F.);
#954 = FACE_BOUND('',#955,.T.);
#955 = EDGE_LOOP('',(#956,#957,#958,#964));
#956 = ORIENTED_EDGE('',*,*,#152,.T.);
#957 = ORIENTED_EDGE('',*,*,#757,.T.);
#958 = ORIENTED_EDGE('',*,*,#959,.T.);
#959 = EDGE_CURVE('',#750,#219,#960,.T.);
#960 = LINE('',#961,#962);
#961 = CARTESIAN_POINT('',(-4.,-1.,-1.));
#962 = VECTOR('',#963,1.);
#963 = DIRECTION('',(0.,0.,1.));
#964 = ORIENTED_EDGE('',*,*,#218,.F.);
#965 = CYLINDRICAL_SURFACE('',#966,3.);
#966 = AXIS2_PLACEMENT_3D('',#967,#968,#969);
#967 = CARTESIAN_POINT('',(-1.,-1.,-1.));
#968 = DIRECTION('',(-0.,-0.,-1.));
#969 = DIRECTION('',(1.,0.,0.));
#970 = ADVANCED_FACE('',(#971),#990,.F.);
#971 = FACE_BOUND('',#972,.T.);
#972 = EDGE_LOOP('',(#973,#981,#982,#983));
#973 = ORIENTED_EDGE('',*,*,#974,.F.);
#974 = EDGE_CURVE('',#766,#975,#977,.T.);
#975 = VERTEX_POINT('',#976);
#976 = CARTESIAN_POINT('',(-1.,-4.,6.));
#977 = LINE('',#978,#979);
#978 = CARTESIAN_POINT('',(-1.,-4.,-1.));
#979 = VECTOR('',#980,1.);
#980 = DIRECTION('',(0.,0.,1.));
#981 = ORIENTED_EDGE('',*,*,#765,.T.);
#982 = ORIENTED_EDGE('',*,*,#169,.F.);
#983 = ORIENTED_EDGE('',*,*,#984,.F.);
#984 = EDGE_CURVE('',#975,#170,#985,.T.);
#985 = CIRCLE('',#986,3.);
#986 = AXIS2_PLACEMENT_3D('',#987,#988,#989);
#987 = CARTESIAN_POINT('',(-1.,-1.,6.));
#988 = DIRECTION('',(0.,0.,-1.));
#989 = DIRECTION('',(1.,0.,0.));
#990 = CYLINDRICAL_SURFACE('',#991,3.);
#991 = AXIS2_PLACEMENT_3D('',#992,#993,#994);
#992 = CARTESIAN_POINT('',(-1.,-1.,-1.));
#993 = DIRECTION('',(-0.,-0.,-1.));
#994 = DIRECTION('',(1.,0.,0.));
#995 = ADVANCED_FACE('',(#996),#1026,.T.);
#996 = FACE_BOUND('',#997,.T.);
#997 = EDGE_LOOP('',(#998,#999,#1000,#1009,#1018,#1024,#1025));
#998 = ORIENTED_EDGE('',*,*,#201,.T.);
#999 = ORIENTED_EDGE('',*,*,#935,.T.);
#1000 = ORIENTED_EDGE('',*,*,#1001,.T.);
#1001 = EDGE_CURVE('',#936,#1002,#1004,.T.);
#1002 = VERTEX_POINT('',#1003);
#1003 = CARTESIAN_POINT('',(85.882843258351,-3.867156741649,6.));
#1004 = CIRCLE('',#1005,6.);
#1005 = AXIS2_PLACEMENT_3D('',#1006,#1007,#1008);
#1006 = CARTESIAN_POINT('',(91.,-7.,6.));
#1007 = DIRECTION('',(0.,0.,-1.));
#1008 = DIRECTION('',(1.,0.,0.));
#1009 = ORIENTED_EDGE('',*,*,#1010,.T.);
#1010 = EDGE_CURVE('',#1002,#1011,#1013,.T.);
#1011 = VERTEX_POINT('',#1012);
#1012 = CARTESIAN_POINT('',(85.,-4.,6.));
#1013 = CIRCLE('',#1014,3.);
#1014 = AXIS2_PLACEMENT_3D('',#1015,#1016,#1017);
#1015 = CARTESIAN_POINT('',(85.,-1.,6.));
#1016 = DIRECTION('',(0.,0.,-1.));
#1017 = DIRECTION('',(1.,0.,0.));
#1018 = ORIENTED_EDGE('',*,*,#1019,.T.);
#1019 = EDGE_CURVE('',#1011,#975,#1020,.T.);
#1020 = LINE('',#1021,#1022);
#1021 = CARTESIAN_POINT('',(20.5,-4.,6.));
#1022 = VECTOR('',#1023,1.);
#1023 = DIRECTION('',(-1.,0.,0.));
#1024 = ORIENTED_EDGE('',*,*,#984,.T.);
#1025 = ORIENTED_EDGE('',*,*,#177,.T.);
#1026 = PLANE('',#1027);
#1027 = AXIS2_PLACEMENT_3D('',#1028,#1029,#1030);
#1028 = CARTESIAN_POINT('',(42.,28.,6.));
#1029 = DIRECTION('',(0.,0.,1.));
#1030 = DIRECTION('',(1.,0.,0.));
#1031 = ADVANCED_FACE('',(#1032,#1035),#1046,.T.);
#1032 = FACE_BOUND('',#1033,.T.);
#1033 = EDGE_LOOP('',(#1034));
#1034 = ORIENTED_EDGE('',*,*,#193,.T.);
#1035 = FACE_BOUND('',#1036,.T.);
#1036 = EDGE_LOOP('',(#1037));
#1037 = ORIENTED_EDGE('',*,*,#1038,.F.);
#1038 = EDGE_CURVE('',#1039,#1039,#1041,.T.);
#1039 = VERTEX_POINT('',#1040);
#1040 = CARTESIAN_POINT('',(-4.,-7.,40.));
#1041 = CIRCLE('',#1042,3.);
#1042 = AXIS2_PLACEMENT_3D('',#1043,#1044,#1045);
#1043 = CARTESIAN_POINT('',(-7.,-7.,40.));
#1044 = DIRECTION('',(0.,0.,1.));
#1045 = DIRECTION('',(1.,0.,0.));
#1046 = PLANE('',#1047);
#1047 = AXIS2_PLACEMENT_3D('',#1048,#1049,#1050);
#1048 = CARTESIAN_POINT('',(-7.,-7.,40.));
#1049 = DIRECTION('',(0.,0.,1.));
#1050 = DIRECTION('',(1.,0.,0.));
#1051 = ADVANCED_FACE('',(#1052),#1063,.F.);
#1052 = FACE_BOUND('',#1053,.F.);
#1053 = EDGE_LOOP('',(#1054,#1055,#1061,#1062));
#1054 = ORIENTED_EDGE('',*,*,#396,.F.);
#1055 = ORIENTED_EDGE('',*,*,#1056,.T.);
#1056 = EDGE_CURVE('',#389,#439,#1057,.T.);
#1057 = LINE('',#1058,#1059);
#1058 = CARTESIAN_POINT('',(-10.1,2.,5.3));
#1059 = VECTOR('',#1060,1.);
#1060 = DIRECTION('',(0.,1.,0.));
#1061 = ORIENTED_EDGE('',*,*,#438,.T.);
#1062 = ORIENTED_EDGE('',*,*,#349,.F.);
#1063 = PLANE('',#1064);
#1064 = AXIS2_PLACEMENT_3D('',#1065,#1066,#1067);
#1065 = CARTESIAN_POINT('',(-10.1,2.,3.));
#1066 = DIRECTION('',(1.,0.,0.));
#1067 = DIRECTION('',(0.,0.,1.));
#1068 = ADVANCED_FACE('',(#1069),#1080,.F.);
#1069 = FACE_BOUND('',#1070,.F.);
#1070 = EDGE_LOOP('',(#1071,#1072,#1078,#1079));
#1071 = ORIENTED_EDGE('',*,*,#493,.F.);
#1072 = ORIENTED_EDGE('',*,*,#1073,.T.);
#1073 = EDGE_CURVE('',#486,#536,#1074,.T.);
#1074 = LINE('',#1075,#1076);
#1075 = CARTESIAN_POINT('',(-10.1,51.,5.3));
#1076 = VECTOR('',#1077,1.);
#1077 = DIRECTION('',(0.,1.,0.));
#1078 = ORIENTED_EDGE('',*,*,#535,.T.);
#1079 = ORIENTED_EDGE('',*,*,#326,.F.);
#1080 = PLANE('',#1081);
#1081 = AXIS2_PLACEMENT_3D('',#1082,#1083,#1084);
#1082 = CARTESIAN_POINT('',(-10.1,51.,3.));
#1083 = DIRECTION('',(1.,0.,0.));
#1084 = DIRECTION('',(0.,0.,1.));
#1085 = ADVANCED_FACE('',(#1086),#1097,.F.);
#1086 = FACE_BOUND('',#1087,.T.);
#1087 = EDGE_LOOP('',(#1088,#1094,#1095,#1096));
#1088 = ORIENTED_EDGE('',*,*,#1089,.F.);
#1089 = EDGE_CURVE('',#884,#294,#1090,.T.);
#1090 = LINE('',#1091,#1092);
#1091 = CARTESIAN_POINT('',(-4.,57.,-1.));
#1092 = VECTOR('',#1093,1.);
#1093 = DIRECTION('',(0.,0.,1.));
#1094 = ORIENTED_EDGE('',*,*,#883,.T.);
#1095 = ORIENTED_EDGE('',*,*,#584,.F.);
#1096 = ORIENTED_EDGE('',*,*,#301,.F.);
#1097 = CYLINDRICAL_SURFACE('',#1098,3.);
#1098 = AXIS2_PLACEMENT_3D('',#1099,#1100,#1101);
#1099 = CARTESIAN_POINT('',(-1.,57.,-1.));
#1100 = DIRECTION('',(-0.,-0.,-1.));
#1101 = DIRECTION('',(1.,0.,0.));
#1102 = ADVANCED_FACE('',(#1103),#1114,.T.);
#1103 = FACE_BOUND('',#1104,.T.);
#1104 = EDGE_LOOP('',(#1105,#1111,#1112,#1113));
#1105 = ORIENTED_EDGE('',*,*,#1106,.F.);
#1106 = EDGE_CURVE('',#893,#286,#1107,.T.);
#1107 = LINE('',#1108,#1109);
#1108 = CARTESIAN_POINT('',(-4.,54.8,-0.5));
#1109 = VECTOR('',#1110,1.);
#1110 = DIRECTION('',(0.,0.,1.));
#1111 = ORIENTED_EDGE('',*,*,#892,.F.);
#1112 = ORIENTED_EDGE('',*,*,#1089,.T.);
#1113 = ORIENTED_EDGE('',*,*,#293,.F.);
#1114 = PLANE('',#1115);
#1115 = AXIS2_PLACEMENT_3D('',#1116,#1117,#1118);
#1116 = CARTESIAN_POINT('',(-4.,-1.,-1.));
#1117 = DIRECTION('',(1.,0.,0.));
#1118 = DIRECTION('',(0.,0.,1.));
#1119 = ADVANCED_FACE('',(#1120),#1163,.T.);
#1120 = FACE_BOUND('',#1121,.T.);
#1121 = EDGE_LOOP('',(#1122,#1123,#1124,#1125,#1133,#1141,#1149,#1157));
#1122 = ORIENTED_EDGE('',*,*,#900,.F.);
#1123 = ORIENTED_EDGE('',*,*,#1106,.T.);
#1124 = ORIENTED_EDGE('',*,*,#285,.T.);
#1125 = ORIENTED_EDGE('',*,*,#1126,.T.);
#1126 = EDGE_CURVE('',#277,#1127,#1129,.T.);
#1127 = VERTEX_POINT('',#1128);
#1128 = CARTESIAN_POINT('',(5.426136028426,54.8,6.));
#1129 = LINE('',#1130,#1131);
#1130 = CARTESIAN_POINT('',(-7.,54.8,6.));
#1131 = VECTOR('',#1132,1.);
#1132 = DIRECTION('',(1.,0.,0.));
#1133 = ORIENTED_EDGE('',*,*,#1134,.T.);
#1134 = EDGE_CURVE('',#1127,#1135,#1137,.T.);
#1135 = VERTEX_POINT('',#1136);
#1136 = CARTESIAN_POINT('',(59.573863971574,54.8,6.));
#1137 = LINE('',#1138,#1139);
#1138 = CARTESIAN_POINT('',(-7.,54.8,6.));
#1139 = VECTOR('',#1140,1.);
#1140 = DIRECTION('',(1.,0.,0.));
#1141 = ORIENTED_EDGE('',*,*,#1142,.T.);
#1142 = EDGE_CURVE('',#1135,#1143,#1145,.T.);
#1143 = VERTEX_POINT('',#1144);
#1144 = CARTESIAN_POINT('',(63.426136028426,54.8,6.));
#1145 = LINE('',#1146,#1147);
#1146 = CARTESIAN_POINT('',(-7.,54.8,6.));
#1147 = VECTOR('',#1148,1.);
#1148 = DIRECTION('',(1.,0.,0.));
#1149 = ORIENTED_EDGE('',*,*,#1150,.T.);
#1150 = EDGE_CURVE('',#1143,#1151,#1153,.T.);
#1151 = VERTEX_POINT('',#1152);
#1152 = CARTESIAN_POINT('',(88.,54.8,6.));
#1153 = LINE('',#1154,#1155);
#1154 = CARTESIAN_POINT('',(-7.,54.8,6.));
#1155 = VECTOR('',#1156,1.);
#1156 = DIRECTION('',(1.,0.,0.));
#1157 = ORIENTED_EDGE('',*,*,#1158,.F.);
#1158 = EDGE_CURVE('',#901,#1151,#1159,.T.);
#1159 = LINE('',#1160,#1161);
#1160 = CARTESIAN_POINT('',(88.,54.8,-0.5));
#1161 = VECTOR('',#1162,1.);
#1162 = DIRECTION('',(0.,0.,1.));
#1163 = PLANE('',#1164);
#1164 = AXIS2_PLACEMENT_3D('',#1165,#1166,#1167);
#1165 = CARTESIAN_POINT('',(-7.,54.8,0.));
#1166 = DIRECTION('',(0.,1.,0.));
#1167 = DIRECTION('',(0.,0.,1.));
#1168 = ADVANCED_FACE('',(#1169),#1220,.T.);
#1169 = FACE_BOUND('',#1170,.F.);
#1170 = EDGE_LOOP('',(#1171,#1180,#1188,#1195,#1196,#1205,#1212,#1213));
#1171 = ORIENTED_EDGE('',*,*,#1172,.F.);
#1172 = EDGE_CURVE('',#1173,#1127,#1175,.T.);
#1173 = VERTEX_POINT('',#1174);
#1174 = CARTESIAN_POINT('',(6.5,52.5,6.));
#1175 = CIRCLE('',#1176,3.);
#1176 = AXIS2_PLACEMENT_3D('',#1177,#1178,#1179);
#1177 = CARTESIAN_POINT('',(3.5,52.5,6.));
#1178 = DIRECTION('',(0.,0.,1.));
#1179 = DIRECTION('',(1.,0.,0.));
#1180 = ORIENTED_EDGE('',*,*,#1181,.T.);
#1181 = EDGE_CURVE('',#1173,#1182,#1184,.T.);
#1182 = VERTEX_POINT('',#1183);
#1183 = CARTESIAN_POINT('',(6.5,52.5,9.));
#1184 = LINE('',#1185,#1186);
#1185 = CARTESIAN_POINT('',(6.5,52.5,6.));
#1186 = VECTOR('',#1187,1.);
#1187 = DIRECTION('',(0.,0.,1.));
#1188 = ORIENTED_EDGE('',*,*,#1189,.T.);
#1189 = EDGE_CURVE('',#1182,#1182,#1190,.T.);
#1190 = CIRCLE('',#1191,3.);
#1191 = AXIS2_PLACEMENT_3D('',#1192,#1193,#1194);
#1192 = CARTESIAN_POINT('',(3.5,52.5,9.));
#1193 = DIRECTION('',(0.,0.,1.));
#1194 = DIRECTION('',(1.,0.,0.));
#1195 = ORIENTED_EDGE('',*,*,#1181,.F.);
#1196 = ORIENTED_EDGE('',*,*,#1197,.F.);
#1197 = EDGE_CURVE('',#1198,#1173,#1200,.T.);
#1198 = VERTEX_POINT('',#1199);
#1199 = CARTESIAN_POINT('',(5.426136028426,50.2,6.));
#1200 = CIRCLE('',#1201,3.);
#1201 = AXIS2_PLACEMENT_3D('',#1202,#1203,#1204);
#1202 = CARTESIAN_POINT('',(3.5,52.5,6.));
#1203 = DIRECTION('',(0.,0.,1.));
#1204 = DIRECTION('',(1.,0.,0.));
#1205 = ORIENTED_EDGE('',*,*,#1206,.F.);
#1206 = EDGE_CURVE('',#269,#1198,#1207,.T.);
#1207 = CIRCLE('',#1208,3.);
#1208 = AXIS2_PLACEMENT_3D('',#1209,#1210,#1211);
#1209 = CARTESIAN_POINT('',(3.5,52.5,6.));
#1210 = DIRECTION('',(0.,0.,1.));
#1211 = DIRECTION('',(1.,0.,0.));
#1212 = ORIENTED_EDGE('',*,*,#276,.F.);
#1213 = ORIENTED_EDGE('',*,*,#1214,.F.);
#1214 = EDGE_CURVE('',#1127,#277,#1215,.T.);
#1215 = CIRCLE('',#1216,3.);
#1216 = AXIS2_PLACEMENT_3D('',#1217,#1218,#1219);
#1217 = CARTESIAN_POINT('',(3.5,52.5,6.));
#1218 = DIRECTION('',(0.,0.,1.));
#1219 = DIRECTION('',(1.,0.,0.));
#1220 = CYLINDRICAL_SURFACE('',#1221,3.);
#1221 = AXIS2_PLACEMENT_3D('',#1222,#1223,#1224);
#1222 = CARTESIAN_POINT('',(3.5,52.5,6.));
#1223 = DIRECTION('',(-0.,-0.,-1.));
#1224 = DIRECTION('',(1.,0.,0.));
#1225 = ADVANCED_FACE('',(#1226),#1272,.F.);
#1226 = FACE_BOUND('',#1227,.F.);
#1227 = EDGE_LOOP('',(#1228,#1229,#1235,#1236,#1242,#1250,#1258,#1266));
#1228 = ORIENTED_EDGE('',*,*,#814,.F.);
#1229 = ORIENTED_EDGE('',*,*,#1230,.T.);
#1230 = EDGE_CURVE('',#815,#261,#1231,.T.);
#1231 = LINE('',#1232,#1233);
#1232 = CARTESIAN_POINT('',(-4.,50.2,-0.5));
#1233 = VECTOR('',#1234,1.);
#1234 = DIRECTION('',(0.,0.,1.));
#1235 = ORIENTED_EDGE('',*,*,#268,.T.);
#1236 = ORIENTED_EDGE('',*,*,#1237,.T.);
#1237 = EDGE_CURVE('',#269,#1198,#1238,.T.);
#1238 = LINE('',#1239,#1240);
#1239 = CARTESIAN_POINT('',(-7.,50.2,6.));
#1240 = VECTOR('',#1241,1.);
#1241 = DIRECTION('',(1.,0.,0.));
#1242 = ORIENTED_EDGE('',*,*,#1243,.T.);
#1243 = EDGE_CURVE('',#1198,#1244,#1246,.T.);
#1244 = VERTEX_POINT('',#1245);
#1245 = CARTESIAN_POINT('',(59.573863971574,50.2,6.));
#1246 = LINE('',#1247,#1248);
#1247 = CARTESIAN_POINT('',(-7.,50.2,6.));
#1248 = VECTOR('',#1249,1.);
#1249 = DIRECTION('',(1.,0.,0.));
#1250 = ORIENTED_EDGE('',*,*,#1251,.T.);
#1251 = EDGE_CURVE('',#1244,#1252,#1254,.T.);
#1252 = VERTEX_POINT('',#1253);
#1253 = CARTESIAN_POINT('',(63.426136028426,50.2,6.));
#1254 = LINE('',#1255,#1256);
#1255 = CARTESIAN_POINT('',(-7.,50.2,6.));
#1256 = VECTOR('',#1257,1.);
#1257 = DIRECTION('',(1.,0.,0.));
#1258 = ORIENTED_EDGE('',*,*,#1259,.T.);
#1259 = EDGE_CURVE('',#1252,#1260,#1262,.T.);
#1260 = VERTEX_POINT('',#1261);
#1261 = CARTESIAN_POINT('',(88.,50.2,6.));
#1262 = LINE('',#1263,#1264);
#1263 = CARTESIAN_POINT('',(-7.,50.2,6.));
#1264 = VECTOR('',#1265,1.);
#1265 = DIRECTION('',(1.,0.,0.));
#1266 = ORIENTED_EDGE('',*,*,#1267,.F.);
#1267 = EDGE_CURVE('',#805,#1260,#1268,.T.);
#1268 = LINE('',#1269,#1270);
#1269 = CARTESIAN_POINT('',(88.,50.2,-0.5));
#1270 = VECTOR('',#1271,1.);
#1271 = DIRECTION('',(0.,0.,1.));
#1272 = PLANE('',#1273);
#1273 = AXIS2_PLACEMENT_3D('',#1274,#1275,#1276);
#1274 = CARTESIAN_POINT('',(-7.,50.2,0.));
#1275 = DIRECTION('',(0.,1.,0.));
#1276 = DIRECTION('',(0.,0.,1.));
#1277 = ADVANCED_FACE('',(#1278),#1289,.T.);
#1278 = FACE_BOUND('',#1279,.T.);
#1279 = EDGE_LOOP('',(#1280,#1286,#1287,#1288));
#1280 = ORIENTED_EDGE('',*,*,#1281,.F.);
#1281 = EDGE_CURVE('',#823,#253,#1282,.T.);
#1282 = LINE('',#1283,#1284);
#1283 = CARTESIAN_POINT('',(-4.,5.8,-0.5));
#1284 = VECTOR('',#1285,1.);
#1285 = DIRECTION('',(0.,0.,1.));
#1286 = ORIENTED_EDGE('',*,*,#822,.F.);
#1287 = ORIENTED_EDGE('',*,*,#1230,.T.);
#1288 = ORIENTED_EDGE('',*,*,#260,.F.);
#1289 = PLANE('',#1290);
#1290 = AXIS2_PLACEMENT_3D('',#1291,#1292,#1293);
#1291 = CARTESIAN_POINT('',(-4.,-1.,-1.));
#1292 = DIRECTION('',(1.,0.,0.));
#1293 = DIRECTION('',(0.,0.,1.));
#1294 = ADVANCED_FACE('',(#1295),#1338,.T.);
#1295 = FACE_BOUND('',#1296,.T.);
#1296 = EDGE_LOOP('',(#1297,#1298,#1299,#1300,#1308,#1316,#1324,#1332));
#1297 = ORIENTED_EDGE('',*,*,#830,.F.);
#1298 = ORIENTED_EDGE('',*,*,#1281,.T.);
#1299 = ORIENTED_EDGE('',*,*,#252,.T.);
#1300 = ORIENTED_EDGE('',*,*,#1301,.T.);
#1301 = EDGE_CURVE('',#244,#1302,#1304,.T.);
#1302 = VERTEX_POINT('',#1303);
#1303 = CARTESIAN_POINT('',(5.426136028426,5.8,6.));
#1304 = LINE('',#1305,#1306);
#1305 = CARTESIAN_POINT('',(-7.,5.8,6.));
#1306 = VECTOR('',#1307,1.);
#1307 = DIRECTION('',(1.,0.,0.));
#1308 = ORIENTED_EDGE('',*,*,#1309,.T.);
#1309 = EDGE_CURVE('',#1302,#1310,#1312,.T.);
#1310 = VERTEX_POINT('',#1311);
#1311 = CARTESIAN_POINT('',(59.573863971574,5.8,6.));
#1312 = LINE('',#1313,#1314);
#1313 = CARTESIAN_POINT('',(-7.,5.8,6.));
#1314 = VECTOR('',#1315,1.);
#1315 = DIRECTION('',(1.,0.,0.));
#1316 = ORIENTED_EDGE('',*,*,#1317,.T.);
#1317 = EDGE_CURVE('',#1310,#1318,#1320,.T.);
#1318 = VERTEX_POINT('',#1319);
#1319 = CARTESIAN_POINT('',(63.426136028426,5.8,6.));
#1320 = LINE('',#1321,#1322);
#1321 = CARTESIAN_POINT('',(-7.,5.8,6.));
#1322 = VECTOR('',#1323,1.);
#1323 = DIRECTION('',(1.,0.,0.));
#1324 = ORIENTED_EDGE('',*,*,#1325,.T.);
#1325 = EDGE_CURVE('',#1318,#1326,#1328,.T.);
#1326 = VERTEX_POINT('',#1327);
#1327 = CARTESIAN_POINT('',(88.,5.8,6.));
#1328 = LINE('',#1329,#1330);
#1329 = CARTESIAN_POINT('',(-7.,5.8,6.));
#1330 = VECTOR('',#1331,1.);
#1331 = DIRECTION('',(1.,0.,0.));
#1332 = ORIENTED_EDGE('',*,*,#1333,.F.);
#1333 = EDGE_CURVE('',#807,#1326,#1334,.T.);
#1334 = LINE('',#1335,#1336);
#1335 = CARTESIAN_POINT('',(88.,5.8,-0.5));
#1336 = VECTOR('',#1337,1.);
#1337 = DIRECTION('',(0.,0.,1.));
#1338 = PLANE('',#1339);
#1339 = AXIS2_PLACEMENT_3D('',#1340,#1341,#1342);
#1340 = CARTESIAN_POINT('',(-7.,5.8,0.));
#1341 = DIRECTION('',(0.,1.,0.));
#1342 = DIRECTION('',(0.,0.,1.));
#1343 = ADVANCED_FACE('',(#1344),#1395,.T.);
#1344 = FACE_BOUND('',#1345,.F.);
#1345 = EDGE_LOOP('',(#1346,#1355,#1363,#1370,#1371,#1380,#1387,#1388));
#1346 = ORIENTED_EDGE('',*,*,#1347,.F.);
#1347 = EDGE_CURVE('',#1348,#1302,#1350,.T.);
#1348 = VERTEX_POINT('',#1349);
#1349 = CARTESIAN_POINT('',(6.5,3.5,6.));
#1350 = CIRCLE('',#1351,3.);
#1351 = AXIS2_PLACEMENT_3D('',#1352,#1353,#1354);
#1352 = CARTESIAN_POINT('',(3.5,3.5,6.));
#1353 = DIRECTION('',(0.,0.,1.));
#1354 = DIRECTION('',(1.,0.,0.));
#1355 = ORIENTED_EDGE('',*,*,#1356,.T.);
#1356 = EDGE_CURVE('',#1348,#1357,#1359,.T.);
#1357 = VERTEX_POINT('',#1358);
#1358 = CARTESIAN_POINT('',(6.5,3.5,9.));
#1359 = LINE('',#1360,#1361);
#1360 = CARTESIAN_POINT('',(6.5,3.5,6.));
#1361 = VECTOR('',#1362,1.);
#1362 = DIRECTION('',(0.,0.,1.));
#1363 = ORIENTED_EDGE('',*,*,#1364,.T.);
#1364 = EDGE_CURVE('',#1357,#1357,#1365,.T.);
#1365 = CIRCLE('',#1366,3.);
#1366 = AXIS2_PLACEMENT_3D('',#1367,#1368,#1369);
#1367 = CARTESIAN_POINT('',(3.5,3.5,9.));
#1368 = DIRECTION('',(0.,0.,1.));
#1369 = DIRECTION('',(1.,0.,0.));
#1370 = ORIENTED_EDGE('',*,*,#1356,.F.);
#1371 = ORIENTED_EDGE('',*,*,#1372,.F.);
#1372 = EDGE_CURVE('',#1373,#1348,#1375,.T.);
#1373 = VERTEX_POINT('',#1374);
#1374 = CARTESIAN_POINT('',(5.426136028426,1.2,6.));
#1375 = CIRCLE('',#1376,3.);
#1376 = AXIS2_PLACEMENT_3D('',#1377,#1378,#1379);
#1377 = CARTESIAN_POINT('',(3.5,3.5,6.));
#1378 = DIRECTION('',(0.,0.,1.));
#1379 = DIRECTION('',(1.,0.,0.));
#1380 = ORIENTED_EDGE('',*,*,#1381,.F.);
#1381 = EDGE_CURVE('',#236,#1373,#1382,.T.);
#1382 = CIRCLE('',#1383,3.);
#1383 = AXIS2_PLACEMENT_3D('',#1384,#1385,#1386);
#1384 = CARTESIAN_POINT('',(3.5,3.5,6.));
#1385 = DIRECTION('',(0.,0.,1.));
#1386 = DIRECTION('',(1.,0.,0.));
#1387 = ORIENTED_EDGE('',*,*,#243,.F.);
#1388 = ORIENTED_EDGE('',*,*,#1389,.F.);
#1389 = EDGE_CURVE('',#1302,#244,#1390,.T.);
#1390 = CIRCLE('',#1391,3.);
#1391 = AXIS2_PLACEMENT_3D('',#1392,#1393,#1394);
#1392 = CARTESIAN_POINT('',(3.5,3.5,6.));
#1393 = DIRECTION('',(0.,0.,1.));
#1394 = DIRECTION('',(1.,0.,0.));
#1395 = CYLINDRICAL_SURFACE('',#1396,3.);
#1396 = AXIS2_PLACEMENT_3D('',#1397,#1398,#1399);
#1397 = CARTESIAN_POINT('',(3.5,3.5,6.));
#1398 = DIRECTION('',(-0.,-0.,-1.));
#1399 = DIRECTION('',(1.,0.,0.));
#1400 = ADVANCED_FACE('',(#1401),#1447,.F.);
#1401 = FACE_BOUND('',#1402,.F.);
#1402 = EDGE_LOOP('',(#1403,#1404,#1410,#1411,#1417,#1425,#1433,#1441));
#1403 = ORIENTED_EDGE('',*,*,#741,.F.);
#1404 = ORIENTED_EDGE('',*,*,#1405,.T.);
#1405 = EDGE_CURVE('',#742,#228,#1406,.T.);
#1406 = LINE('',#1407,#1408);
#1407 = CARTESIAN_POINT('',(-4.,1.2,-0.5));
#1408 = VECTOR('',#1409,1.);
#1409 = DIRECTION('',(0.,0.,1.));
#1410 = ORIENTED_EDGE('',*,*,#235,.T.);
#1411 = ORIENTED_EDGE('',*,*,#1412,.T.);
#1412 = EDGE_CURVE('',#236,#1373,#1413,.T.);
#1413 = LINE('',#1414,#1415);
#1414 = CARTESIAN_POINT('',(-7.,1.2,6.));
#1415 = VECTOR('',#1416,1.);
#1416 = DIRECTION('',(1.,0.,0.));
#1417 = ORIENTED_EDGE('',*,*,#1418,.T.);
#1418 = EDGE_CURVE('',#1373,#1419,#1421,.T.);
#1419 = VERTEX_POINT('',#1420);
#1420 = CARTESIAN_POINT('',(59.573863971574,1.2,6.));
#1421 = LINE('',#1422,#1423);
#1422 = CARTESIAN_POINT('',(-7.,1.2,6.));
#1423 = VECTOR('',#1424,1.);
#1424 = DIRECTION('',(1.,0.,0.));
#1425 = ORIENTED_EDGE('',*,*,#1426,.T.);
#1426 = EDGE_CURVE('',#1419,#1427,#1429,.T.);
#1427 = VERTEX_POINT('',#1428);
#1428 = CARTESIAN_POINT('',(63.426136028426,1.2,6.));
#1429 = LINE('',#1430,#1431);
#1430 = CARTESIAN_POINT('',(-7.,1.2,6.));
#1431 = VECTOR('',#1432,1.);
#1432 = DIRECTION('',(1.,0.,0.));
#1433 = ORIENTED_EDGE('',*,*,#1434,.T.);
#1434 = EDGE_CURVE('',#1427,#1435,#1437,.T.);
#1435 = VERTEX_POINT('',#1436);
#1436 = CARTESIAN_POINT('',(88.,1.2,6.));
#1437 = LINE('',#1438,#1439);
#1438 = CARTESIAN_POINT('',(-7.,1.2,6.));
#1439 = VECTOR('',#1440,1.);
#1440 = DIRECTION('',(1.,0.,0.));
#1441 = ORIENTED_EDGE('',*,*,#1442,.F.);
#1442 = EDGE_CURVE('',#734,#1435,#1443,.T.);
#1443 = LINE('',#1444,#1445);
#1444 = CARTESIAN_POINT('',(88.,1.2,-0.5));
#1445 = VECTOR('',#1446,1.);
#1446 = DIRECTION('',(0.,0.,1.));
#1447 = PLANE('',#1448);
#1448 = AXIS2_PLACEMENT_3D('',#1449,#1450,#1451);
#1449 = CARTESIAN_POINT('',(-7.,1.2,0.));
#1450 = DIRECTION('',(0.,1.,0.));
#1451 = DIRECTION('',(0.,0.,1.));
#1452 = ADVANCED_FACE('',(#1453),#1459,.T.);
#1453 = FACE_BOUND('',#1454,.T.);
#1454 = EDGE_LOOP('',(#1455,#1456,#1457,#1458));
#1455 = ORIENTED_EDGE('',*,*,#959,.F.);
#1456 = ORIENTED_EDGE('',*,*,#749,.F.);
#1457 = ORIENTED_EDGE('',*,*,#1405,.T.);
#1458 = ORIENTED_EDGE('',*,*,#227,.F.);
#1459 = PLANE('',#1460);
#1460 = AXIS2_PLACEMENT_3D('',#1461,#1462,#1463);
#1461 = CARTESIAN_POINT('',(-4.,-1.,-1.));
#1462 = DIRECTION('',(1.,0.,0.));
#1463 = DIRECTION('',(0.,0.,1.));
#1464 = ADVANCED_FACE('',(#1465),#1476,.F.);
#1465 = FACE_BOUND('',#1466,.F.);
#1466 = EDGE_LOOP('',(#1467,#1468,#1469,#1475));
#1467 = ORIENTED_EDGE('',*,*,#1056,.F.);
#1468 = ORIENTED_EDGE('',*,*,#388,.T.);
#1469 = ORIENTED_EDGE('',*,*,#1470,.T.);
#1470 = EDGE_CURVE('',#381,#447,#1471,.T.);
#1471 = LINE('',#1472,#1473);
#1472 = CARTESIAN_POINT('',(-3.95,2.,5.3));
#1473 = VECTOR('',#1474,1.);
#1474 = DIRECTION('',(0.,1.,0.));
#1475 = ORIENTED_EDGE('',*,*,#446,.F.);
#1476 = PLANE('',#1477);
#1477 = AXIS2_PLACEMENT_3D('',#1478,#1479,#1480);
#1478 = CARTESIAN_POINT('',(-13.05,2.,5.3));
#1479 = DIRECTION('',(0.,0.,1.));
#1480 = DIRECTION('',(1.,0.,0.));
#1481 = ADVANCED_FACE('',(#1482),#1488,.F.);
#1482 = FACE_BOUND('',#1483,.F.);
#1483 = EDGE_LOOP('',(#1484,#1485,#1486,#1487));
#1484 = ORIENTED_EDGE('',*,*,#380,.F.);
#1485 = ORIENTED_EDGE('',*,*,#413,.T.);
#1486 = ORIENTED_EDGE('',*,*,#454,.T.);
#1487 = ORIENTED_EDGE('',*,*,#1470,.F.);
#1488 = PLANE('',#1489);
#1489 = AXIS2_PLACEMENT_3D('',#1490,#1491,#1492);
#1490 = CARTESIAN_POINT('',(-3.95,2.,3.));
#1491 = DIRECTION('',(1.,0.,0.));
#1492 = DIRECTION('',(0.,0.,1.));
#1493 = ADVANCED_FACE('',(#1494),#1505,.F.);
#1494 = FACE_BOUND('',#1495,.F.);
#1495 = EDGE_LOOP('',(#1496,#1497,#1498,#1504));
#1496 = ORIENTED_EDGE('',*,*,#1073,.F.);
#1497 = ORIENTED_EDGE('',*,*,#485,.T.);
#1498 = ORIENTED_EDGE('',*,*,#1499,.T.);
#1499 = EDGE_CURVE('',#478,#544,#1500,.T.);
#1500 = LINE('',#1501,#1502);
#1501 = CARTESIAN_POINT('',(-3.95,51.,5.3));
#1502 = VECTOR('',#1503,1.);
#1503 = DIRECTION('',(0.,1.,0.));
#1504 = ORIENTED_EDGE('',*,*,#543,.F.);
#1505 = PLANE('',#1506);
#1506 = AXIS2_PLACEMENT_3D('',#1507,#1508,#1509);
#1507 = CARTESIAN_POINT('',(-13.05,51.,5.3));
#1508 = DIRECTION('',(0.,0.,1.));
#1509 = DIRECTION('',(1.,0.,0.));
#1510 = ADVANCED_FACE('',(#1511),#1517,.F.);
#1511 = FACE_BOUND('',#1512,.F.);
#1512 = EDGE_LOOP('',(#1513,#1514,#1515,#1516));
#1513 = ORIENTED_EDGE('',*,*,#477,.F.);
#1514 = ORIENTED_EDGE('',*,*,#510,.T.);
#1515 = ORIENTED_EDGE('',*,*,#551,.T.);
#1516 = ORIENTED_EDGE('',*,*,#1499,.F.);
#1517 = PLANE('',#1518);
#1518 = AXIS2_PLACEMENT_3D('',#1519,#1520,#1521);
#1519 = CARTESIAN_POINT('',(-3.95,51.,3.));
#1520 = DIRECTION('',(1.,0.,0.));
#1521 = DIRECTION('',(0.,0.,1.));
#1522 = ADVANCED_FACE('',(#1523),#1542,.F.);
#1523 = FACE_BOUND('',#1524,.T.);
#1524 = EDGE_LOOP('',(#1525,#1526,#1527,#1535));
#1525 = ORIENTED_EDGE('',*,*,#565,.T.);
#1526 = ORIENTED_EDGE('',*,*,#875,.T.);
#1527 = ORIENTED_EDGE('',*,*,#1528,.T.);
#1528 = EDGE_CURVE('',#868,#1529,#1531,.T.);
#1529 = VERTEX_POINT('',#1530);
#1530 = CARTESIAN_POINT('',(-1.,60.,6.));
#1531 = LINE('',#1532,#1533);
#1532 = CARTESIAN_POINT('',(-1.,60.,-1.));
#1533 = VECTOR('',#1534,1.);
#1534 = DIRECTION('',(0.,0.,1.));
#1535 = ORIENTED_EDGE('',*,*,#1536,.F.);
#1536 = EDGE_CURVE('',#566,#1529,#1537,.T.);
#1537 = CIRCLE('',#1538,3.);
#1538 = AXIS2_PLACEMENT_3D('',#1539,#1540,#1541);
#1539 = CARTESIAN_POINT('',(-1.,57.,6.));
#1540 = DIRECTION('',(0.,0.,-1.));
#1541 = DIRECTION('',(1.,0.,0.));
#1542 = CYLINDRICAL_SURFACE('',#1543,3.);
#1543 = AXIS2_PLACEMENT_3D('',#1544,#1545,#1546);
#1544 = CARTESIAN_POINT('',(-1.,57.,-1.));
#1545 = DIRECTION('',(-0.,-0.,-1.));
#1546 = DIRECTION('',(1.,0.,0.));
#1547 = ADVANCED_FACE('',(#1548),#1566,.T.);
#1548 = FACE_BOUND('',#1549,.T.);
#1549 = EDGE_LOOP('',(#1550,#1551,#1552,#1560));
#1550 = ORIENTED_EDGE('',*,*,#651,.F.);
#1551 = ORIENTED_EDGE('',*,*,#601,.T.);
#1552 = ORIENTED_EDGE('',*,*,#1553,.T.);
#1553 = EDGE_CURVE('',#602,#1554,#1556,.T.);
#1554 = VERTEX_POINT('',#1555);
#1555 = CARTESIAN_POINT('',(91.,69.,6.));
#1556 = LINE('',#1557,#1558);
#1557 = CARTESIAN_POINT('',(-7.,69.,6.));
#1558 = VECTOR('',#1559,1.);
#1559 = DIRECTION('',(1.,0.,0.));
#1560 = ORIENTED_EDGE('',*,*,#1561,.F.);
#1561 = EDGE_CURVE('',#652,#1554,#1562,.T.);
#1562 = LINE('',#1563,#1564);
#1563 = CARTESIAN_POINT('',(91.,69.,0.));
#1564 = VECTOR('',#1565,1.);
#1565 = DIRECTION('',(0.,0.,1.));
#1566 = PLANE('',#1567);
#1567 = AXIS2_PLACEMENT_3D('',#1568,#1569,#1570);
#1568 = CARTESIAN_POINT('',(-7.,69.,0.));
#1569 = DIRECTION('',(0.,1.,0.));
#1570 = DIRECTION('',(0.,0.,1.));
#1571 = ADVANCED_FACE('',(#1572),#1602,.T.);
#1572 = FACE_BOUND('',#1573,.T.);
#1573 = EDGE_LOOP('',(#1574,#1575,#1576,#1577,#1578,#1586,#1595));
#1574 = ORIENTED_EDGE('',*,*,#1553,.F.);
#1575 = ORIENTED_EDGE('',*,*,#609,.T.);
#1576 = ORIENTED_EDGE('',*,*,#633,.T.);
#1577 = ORIENTED_EDGE('',*,*,#1536,.T.);
#1578 = ORIENTED_EDGE('',*,*,#1579,.F.);
#1579 = EDGE_CURVE('',#1580,#1529,#1582,.T.);
#1580 = VERTEX_POINT('',#1581);
#1581 = CARTESIAN_POINT('',(85.,60.,6.));
#1582 = LINE('',#1583,#1584);
#1583 = CARTESIAN_POINT('',(20.5,60.,6.));
#1584 = VECTOR('',#1585,1.);
#1585 = DIRECTION('',(-1.,0.,0.));
#1586 = ORIENTED_EDGE('',*,*,#1587,.T.);
#1587 = EDGE_CURVE('',#1580,#1588,#1590,.T.);
#1588 = VERTEX_POINT('',#1589);
#1589 = CARTESIAN_POINT('',(85.882843258351,59.867156741649,6.));
#1590 = CIRCLE('',#1591,3.);
#1591 = AXIS2_PLACEMENT_3D('',#1592,#1593,#1594);
#1592 = CARTESIAN_POINT('',(85.,57.,6.));
#1593 = DIRECTION('',(0.,0.,-1.));
#1594 = DIRECTION('',(1.,0.,0.));
#1595 = ORIENTED_EDGE('',*,*,#1596,.T.);
#1596 = EDGE_CURVE('',#1588,#1554,#1597,.T.);
#1597 = CIRCLE('',#1598,6.);
#1598 = AXIS2_PLACEMENT_3D('',#1599,#1600,#1601);
#1599 = CARTESIAN_POINT('',(91.,63.,6.));
#1600 = DIRECTION('',(0.,0.,-1.));
#1601 = DIRECTION('',(1.,0.,0.));
#1602 = PLANE('',#1603);
#1603 = AXIS2_PLACEMENT_3D('',#1604,#1605,#1606);
#1604 = CARTESIAN_POINT('',(42.,28.,6.));
#1605 = DIRECTION('',(0.,0.,1.));
#1606 = DIRECTION('',(1.,0.,0.));
#1607 = ADVANCED_FACE('',(#1608,#1611),#1622,.T.);
#1608 = FACE_BOUND('',#1609,.T.);
#1609 = EDGE_LOOP('',(#1610));
#1610 = ORIENTED_EDGE('',*,*,#625,.T.);
#1611 = FACE_BOUND('',#1612,.T.);
#1612 = EDGE_LOOP('',(#1613));
#1613 = ORIENTED_EDGE('',*,*,#1614,.F.);
#1614 = EDGE_CURVE('',#1615,#1615,#1617,.T.);
#1615 = VERTEX_POINT('',#1616);
#1616 = CARTESIAN_POINT('',(-4.,63.,40.));
#1617 = CIRCLE('',#1618,3.);
#1618 = AXIS2_PLACEMENT_3D('',#1619,#1620,#1621);
#1619 = CARTESIAN_POINT('',(-7.,63.,40.));
#1620 = DIRECTION('',(0.,0.,1.));
#1621 = DIRECTION('',(1.,0.,0.));
#1622 = PLANE('',#1623);
#1623 = AXIS2_PLACEMENT_3D('',#1624,#1625,#1626);
#1624 = CARTESIAN_POINT('',(-7.,63.,40.));
#1625 = DIRECTION('',(0.,0.,1.));
#1626 = DIRECTION('',(1.,0.,0.));
#1627 = ADVANCED_FACE('',(#1628),#1678,.T.);
#1628 = FACE_BOUND('',#1629,.F.);
#1629 = EDGE_LOOP('',(#1630,#1636,#1637,#1645,#1654,#1661,#1668,#1669,
    #1675,#1676,#1677));
#1630 = ORIENTED_EDGE('',*,*,#1631,.T.);
#1631 = EDGE_CURVE('',#1002,#705,#1632,.T.);
#1632 = LINE('',#1633,#1634);
#1633 = CARTESIAN_POINT('',(85.882843258351,-3.867156741649,-1.));
#1634 = VECTOR('',#1635,1.);
#1635 = DIRECTION('',(-0.,-0.,-1.));
#1636 = ORIENTED_EDGE('',*,*,#715,.F.);
#1637 = ORIENTED_EDGE('',*,*,#1638,.F.);
#1638 = EDGE_CURVE('',#1639,#716,#1641,.T.);
#1639 = VERTEX_POINT('',#1640);
#1640 = CARTESIAN_POINT('',(87.867156741649,-1.882843258351,6.));
#1641 = LINE('',#1642,#1643);
#1642 = CARTESIAN_POINT('',(87.867156741649,-1.882843258351,-1.));
#1643 = VECTOR('',#1644,1.);
#1644 = DIRECTION('',(-0.,-0.,-1.));
#1645 = ORIENTED_EDGE('',*,*,#1646,.T.);
#1646 = EDGE_CURVE('',#1639,#1647,#1649,.T.);
#1647 = VERTEX_POINT('',#1648);
#1648 = CARTESIAN_POINT('',(97.,-7.,6.));
#1649 = CIRCLE('',#1650,6.);
#1650 = AXIS2_PLACEMENT_3D('',#1651,#1652,#1653);
#1651 = CARTESIAN_POINT('',(91.,-7.,6.));
#1652 = DIRECTION('',(0.,0.,-1.));
#1653 = DIRECTION('',(1.,0.,0.));
#1654 = ORIENTED_EDGE('',*,*,#1655,.F.);
#1655 = EDGE_CURVE('',#1656,#1647,#1658,.T.);
#1656 = VERTEX_POINT('',#1657);
#1657 = CARTESIAN_POINT('',(97.,-7.,40.));
#1658 = B_SPLINE_CURVE_WITH_KNOTS('',1,(#1659,#1660),.UNSPECIFIED.,.F.,
  .F.,(2,2),(-40.,-6.),.PIECEWISE_BEZIER_KNOTS.);
#1659 = CARTESIAN_POINT('',(97.,-7.,40.));
#1660 = CARTESIAN_POINT('',(97.,-7.,6.));
#1661 = ORIENTED_EDGE('',*,*,#1662,.T.);
#1662 = EDGE_CURVE('',#1656,#1656,#1663,.T.);
#1663 = CIRCLE('',#1664,6.);
#1664 = AXIS2_PLACEMENT_3D('',#1665,#1666,#1667);
#1665 = CARTESIAN_POINT('',(91.,-7.,40.));
#1666 = DIRECTION('',(0.,0.,1.));
#1667 = DIRECTION('',(1.,0.,0.));
#1668 = ORIENTED_EDGE('',*,*,#1655,.T.);
#1669 = ORIENTED_EDGE('',*,*,#1670,.F.);
#1670 = EDGE_CURVE('',#669,#1647,#1671,.T.);
#1671 = LINE('',#1672,#1673);
#1672 = CARTESIAN_POINT('',(97.,-7.,0.));
#1673 = VECTOR('',#1674,1.);
#1674 = DIRECTION('',(0.,0.,1.));
#1675 = ORIENTED_EDGE('',*,*,#676,.F.);
#1676 = ORIENTED_EDGE('',*,*,#943,.T.);
#1677 = ORIENTED_EDGE('',*,*,#1001,.T.);
#1678 = CYLINDRICAL_SURFACE('',#1679,6.);
#1679 = AXIS2_PLACEMENT_3D('',#1680,#1681,#1682);
#1680 = CARTESIAN_POINT('',(91.,-7.,0.));
#1681 = DIRECTION('',(-0.,-0.,-1.));
#1682 = DIRECTION('',(1.,0.,0.));
#1683 = ADVANCED_FACE('',(#1684),#1702,.T.);
#1684 = FACE_BOUND('',#1685,.T.);
#1685 = EDGE_LOOP('',(#1686,#1687,#1688,#1696));
#1686 = ORIENTED_EDGE('',*,*,#1670,.F.);
#1687 = ORIENTED_EDGE('',*,*,#668,.T.);
#1688 = ORIENTED_EDGE('',*,*,#1689,.T.);
#1689 = EDGE_CURVE('',#660,#1690,#1692,.T.);
#1690 = VERTEX_POINT('',#1691);
#1691 = CARTESIAN_POINT('',(97.,63.,6.));
#1692 = LINE('',#1693,#1694);
#1693 = CARTESIAN_POINT('',(97.,63.,0.));
#1694 = VECTOR('',#1695,1.);
#1695 = DIRECTION('',(0.,0.,1.));
#1696 = ORIENTED_EDGE('',*,*,#1697,.F.);
#1697 = EDGE_CURVE('',#1647,#1690,#1698,.T.);
#1698 = LINE('',#1699,#1700);
#1699 = CARTESIAN_POINT('',(97.,-7.,6.));
#1700 = VECTOR('',#1701,1.);
#1701 = DIRECTION('',(0.,1.,0.));
#1702 = PLANE('',#1703);
#1703 = AXIS2_PLACEMENT_3D('',#1704,#1705,#1706);
#1704 = CARTESIAN_POINT('',(97.,-7.,0.));
#1705 = DIRECTION('',(1.,0.,0.));
#1706 = DIRECTION('',(0.,0.,1.));
#1707 = ADVANCED_FACE('',(#1708),#1751,.T.);
#1708 = FACE_BOUND('',#1709,.F.);
#1709 = EDGE_LOOP('',(#1710,#1718,#1719,#1725,#1726,#1727,#1728,#1729,
    #1736,#1743,#1744));
#1710 = ORIENTED_EDGE('',*,*,#1711,.T.);
#1711 = EDGE_CURVE('',#1712,#839,#1714,.T.);
#1712 = VERTEX_POINT('',#1713);
#1713 = CARTESIAN_POINT('',(87.867156741649,57.882843258351,6.));
#1714 = LINE('',#1715,#1716);
#1715 = CARTESIAN_POINT('',(87.867156741649,57.882843258351,-1.));
#1716 = VECTOR('',#1717,1.);
#1717 = DIRECTION('',(-0.,-0.,-1.));
#1718 = ORIENTED_EDGE('',*,*,#849,.F.);
#1719 = ORIENTED_EDGE('',*,*,#1720,.F.);
#1720 = EDGE_CURVE('',#1588,#850,#1721,.T.);
#1721 = LINE('',#1722,#1723);
#1722 = CARTESIAN_POINT('',(85.882843258351,59.867156741649,-1.));
#1723 = VECTOR('',#1724,1.);
#1724 = DIRECTION('',(-0.,-0.,-1.));
#1725 = ORIENTED_EDGE('',*,*,#1596,.T.);
#1726 = ORIENTED_EDGE('',*,*,#1561,.F.);
#1727 = ORIENTED_EDGE('',*,*,#659,.F.);
#1728 = ORIENTED_EDGE('',*,*,#1689,.T.);
#1729 = ORIENTED_EDGE('',*,*,#1730,.F.);
#1730 = EDGE_CURVE('',#1731,#1690,#1733,.T.);
#1731 = VERTEX_POINT('',#1732);
#1732 = CARTESIAN_POINT('',(97.,63.,40.));
#1733 = B_SPLINE_CURVE_WITH_KNOTS('',1,(#1734,#1735),.UNSPECIFIED.,.F.,
  .F.,(2,2),(-40.,-6.),.PIECEWISE_BEZIER_KNOTS.);
#1734 = CARTESIAN_POINT('',(97.,63.,40.));
#1735 = CARTESIAN_POINT('',(97.,63.,6.));
#1736 = ORIENTED_EDGE('',*,*,#1737,.T.);
#1737 = EDGE_CURVE('',#1731,#1731,#1738,.T.);
#1738 = CIRCLE('',#1739,6.);
#1739 = AXIS2_PLACEMENT_3D('',#1740,#1741,#1742);
#1740 = CARTESIAN_POINT('',(91.,63.,40.));
#1741 = DIRECTION('',(0.,0.,1.));
#1742 = DIRECTION('',(1.,0.,0.));
#1743 = ORIENTED_EDGE('',*,*,#1730,.T.);
#1744 = ORIENTED_EDGE('',*,*,#1745,.T.);
#1745 = EDGE_CURVE('',#1690,#1712,#1746,.T.);
#1746 = CIRCLE('',#1747,6.);
#1747 = AXIS2_PLACEMENT_3D('',#1748,#1749,#1750);
#1748 = CARTESIAN_POINT('',(91.,63.,6.));
#1749 = DIRECTION('',(0.,0.,-1.));
#1750 = DIRECTION('',(1.,0.,0.));
#1751 = CYLINDRICAL_SURFACE('',#1752,6.);
#1752 = AXIS2_PLACEMENT_3D('',#1753,#1754,#1755);
#1753 = CARTESIAN_POINT('',(91.,63.,0.));
#1754 = DIRECTION('',(-0.,-0.,-1.));
#1755 = DIRECTION('',(1.,0.,0.));
#1756 = ADVANCED_FACE('',(#1757),#1776,.F.);
#1757 = FACE_BOUND('',#1758,.F.);
#1758 = EDGE_LOOP('',(#1759,#1767,#1774,#1775));
#1759 = ORIENTED_EDGE('',*,*,#1760,.T.);
#1760 = EDGE_CURVE('',#694,#1761,#1763,.T.);
#1761 = VERTEX_POINT('',#1762);
#1762 = CARTESIAN_POINT('',(94.5,-7.,0.6));
#1763 = LINE('',#1764,#1765);
#1764 = CARTESIAN_POINT('',(95.1,-7.,-1.E-02));
#1765 = VECTOR('',#1766,1.);
#1766 = DIRECTION('',(-0.701238976117,1.7E-16,0.712926292386));
#1767 = ORIENTED_EDGE('',*,*,#1768,.F.);
#1768 = EDGE_CURVE('',#1761,#1761,#1769,.T.);
#1769 = CIRCLE('',#1770,3.5);
#1770 = AXIS2_PLACEMENT_3D('',#1771,#1772,#1773);
#1771 = CARTESIAN_POINT('',(91.,-7.,0.6));
#1772 = DIRECTION('',(0.,0.,1.));
#1773 = DIRECTION('',(1.,0.,0.));
#1774 = ORIENTED_EDGE('',*,*,#1760,.F.);
#1775 = ORIENTED_EDGE('',*,*,#693,.T.);
#1776 = CONICAL_SURFACE('',#1777,4.1,0.777133888738);
#1777 = AXIS2_PLACEMENT_3D('',#1778,#1779,#1780);
#1778 = CARTESIAN_POINT('',(91.,-7.,-1.E-02));
#1779 = DIRECTION('',(-0.,-0.,-1.));
#1780 = DIRECTION('',(1.,0.,0.));
#1781 = ADVANCED_FACE('',(#1782),#1793,.F.);
#1782 = FACE_BOUND('',#1783,.T.);
#1783 = EDGE_LOOP('',(#1784,#1785,#1786,#1792));
#1784 = ORIENTED_EDGE('',*,*,#1631,.T.);
#1785 = ORIENTED_EDGE('',*,*,#704,.T.);
#1786 = ORIENTED_EDGE('',*,*,#1787,.T.);
#1787 = EDGE_CURVE('',#707,#1011,#1788,.T.);
#1788 = LINE('',#1789,#1790);
#1789 = CARTESIAN_POINT('',(85.,-4.,-1.));
#1790 = VECTOR('',#1791,1.);
#1791 = DIRECTION('',(0.,0.,1.));
#1792 = ORIENTED_EDGE('',*,*,#1010,.F.);
#1793 = CYLINDRICAL_SURFACE('',#1794,3.);
#1794 = AXIS2_PLACEMENT_3D('',#1795,#1796,#1797);
#1795 = CARTESIAN_POINT('',(85.,-1.,-1.));
#1796 = DIRECTION('',(-0.,-0.,-1.));
#1797 = DIRECTION('',(1.,0.,0.));
#1798 = ADVANCED_FACE('',(#1799),#1805,.T.);
#1799 = FACE_BOUND('',#1800,.T.);
#1800 = EDGE_LOOP('',(#1801,#1802,#1803,#1804));
#1801 = ORIENTED_EDGE('',*,*,#774,.F.);
#1802 = ORIENTED_EDGE('',*,*,#974,.T.);
#1803 = ORIENTED_EDGE('',*,*,#1019,.F.);
#1804 = ORIENTED_EDGE('',*,*,#1787,.F.);
#1805 = PLANE('',#1806);
#1806 = AXIS2_PLACEMENT_3D('',#1807,#1808,#1809);
#1807 = CARTESIAN_POINT('',(-1.,-4.,-1.));
#1808 = DIRECTION('',(0.,1.,0.));
#1809 = DIRECTION('',(0.,0.,1.));
#1810 = ADVANCED_FACE('',(#1811),#1830,.F.);
#1811 = FACE_BOUND('',#1812,.T.);
#1812 = EDGE_LOOP('',(#1813,#1821,#1822,#1823));
#1813 = ORIENTED_EDGE('',*,*,#1814,.F.);
#1814 = EDGE_CURVE('',#725,#1815,#1817,.T.);
#1815 = VERTEX_POINT('',#1816);
#1816 = CARTESIAN_POINT('',(88.,-1.,6.));
#1817 = LINE('',#1818,#1819);
#1818 = CARTESIAN_POINT('',(88.,-1.,-1.));
#1819 = VECTOR('',#1820,1.);
#1820 = DIRECTION('',(0.,0.,1.));
#1821 = ORIENTED_EDGE('',*,*,#724,.T.);
#1822 = ORIENTED_EDGE('',*,*,#1638,.F.);
#1823 = ORIENTED_EDGE('',*,*,#1824,.F.);
#1824 = EDGE_CURVE('',#1815,#1639,#1825,.T.);
#1825 = CIRCLE('',#1826,3.);
#1826 = AXIS2_PLACEMENT_3D('',#1827,#1828,#1829);
#1827 = CARTESIAN_POINT('',(85.,-1.,6.));
#1828 = DIRECTION('',(0.,0.,-1.));
#1829 = DIRECTION('',(1.,0.,0.));
#1830 = CYLINDRICAL_SURFACE('',#1831,3.);
#1831 = AXIS2_PLACEMENT_3D('',#1832,#1833,#1834);
#1832 = CARTESIAN_POINT('',(85.,-1.,-1.));
#1833 = DIRECTION('',(-0.,-0.,-1.));
#1834 = DIRECTION('',(1.,0.,0.));
#1835 = ADVANCED_FACE('',(#1836),#1847,.F.);
#1836 = FACE_BOUND('',#1837,.F.);
#1837 = EDGE_LOOP('',(#1838,#1839,#1840,#1841));
#1838 = ORIENTED_EDGE('',*,*,#1814,.F.);
#1839 = ORIENTED_EDGE('',*,*,#733,.F.);
#1840 = ORIENTED_EDGE('',*,*,#1442,.T.);
#1841 = ORIENTED_EDGE('',*,*,#1842,.F.);
#1842 = EDGE_CURVE('',#1815,#1435,#1843,.T.);
#1843 = LINE('',#1844,#1845);
#1844 = CARTESIAN_POINT('',(88.,13.5,6.));
#1845 = VECTOR('',#1846,1.);
#1846 = DIRECTION('',(0.,1.,0.));
#1847 = PLANE('',#1848);
#1848 = AXIS2_PLACEMENT_3D('',#1849,#1850,#1851);
#1849 = CARTESIAN_POINT('',(88.,-1.,-1.));
#1850 = DIRECTION('',(1.,0.,0.));
#1851 = DIRECTION('',(0.,0.,1.));
#1852 = ADVANCED_FACE('',(#1853),#1872,.F.);
#1853 = FACE_BOUND('',#1854,.F.);
#1854 = EDGE_LOOP('',(#1855,#1863,#1870,#1871));
#1855 = ORIENTED_EDGE('',*,*,#1856,.T.);
#1856 = EDGE_CURVE('',#783,#1857,#1859,.T.);
#1857 = VERTEX_POINT('',#1858);
#1858 = CARTESIAN_POINT('',(-3.5,-7.,0.6));
#1859 = LINE('',#1860,#1861);
#1860 = CARTESIAN_POINT('',(-2.9,-7.,-1.E-02));
#1861 = VECTOR('',#1862,1.);
#1862 = DIRECTION('',(-0.701238976117,1.7E-16,0.712926292386));
#1863 = ORIENTED_EDGE('',*,*,#1864,.F.);
#1864 = EDGE_CURVE('',#1857,#1857,#1865,.T.);
#1865 = CIRCLE('',#1866,3.5);
#1866 = AXIS2_PLACEMENT_3D('',#1867,#1868,#1869);
#1867 = CARTESIAN_POINT('',(-7.,-7.,0.6));
#1868 = DIRECTION('',(0.,0.,1.));
#1869 = DIRECTION('',(1.,0.,0.));
#1870 = ORIENTED_EDGE('',*,*,#1856,.F.);
#1871 = ORIENTED_EDGE('',*,*,#782,.T.);
#1872 = CONICAL_SURFACE('',#1873,4.1,0.777133888738);
#1873 = AXIS2_PLACEMENT_3D('',#1874,#1875,#1876);
#1874 = CARTESIAN_POINT('',(-7.,-7.,-1.E-02));
#1875 = DIRECTION('',(-0.,-0.,-1.));
#1876 = DIRECTION('',(1.,0.,0.));
#1877 = ADVANCED_FACE('',(#1878),#1897,.F.);
#1878 = FACE_BOUND('',#1879,.F.);
#1879 = EDGE_LOOP('',(#1880,#1888,#1895,#1896));
#1880 = ORIENTED_EDGE('',*,*,#1881,.T.);
#1881 = EDGE_CURVE('',#794,#1882,#1884,.T.);
#1882 = VERTEX_POINT('',#1883);
#1883 = CARTESIAN_POINT('',(94.5,63.,0.6));
#1884 = LINE('',#1885,#1886);
#1885 = CARTESIAN_POINT('',(95.1,63.,-1.E-02));
#1886 = VECTOR('',#1887,1.);
#1887 = DIRECTION('',(-0.701238976117,1.7E-16,0.712926292386));
#1888 = ORIENTED_EDGE('',*,*,#1889,.F.);
#1889 = EDGE_CURVE('',#1882,#1882,#1890,.T.);
#1890 = CIRCLE('',#1891,3.5);
#1891 = AXIS2_PLACEMENT_3D('',#1892,#1893,#1894);
#1892 = CARTESIAN_POINT('',(91.,63.,0.6));
#1893 = DIRECTION('',(0.,0.,1.));
#1894 = DIRECTION('',(1.,0.,0.));
#1895 = ORIENTED_EDGE('',*,*,#1881,.F.);
#1896 = ORIENTED_EDGE('',*,*,#793,.T.);
#1897 = CONICAL_SURFACE('',#1898,4.1,0.777133888738);
#1898 = AXIS2_PLACEMENT_3D('',#1899,#1900,#1901);
#1899 = CARTESIAN_POINT('',(91.,63.,-1.E-02));
#1900 = DIRECTION('',(-0.,-0.,-1.));
#1901 = DIRECTION('',(1.,0.,0.));
#1902 = ADVANCED_FACE('',(#1903),#1914,.F.);
#1903 = FACE_BOUND('',#1904,.F.);
#1904 = EDGE_LOOP('',(#1905,#1906,#1907,#1908));
#1905 = ORIENTED_EDGE('',*,*,#1333,.F.);
#1906 = ORIENTED_EDGE('',*,*,#804,.F.);
#1907 = ORIENTED_EDGE('',*,*,#1267,.T.);
#1908 = ORIENTED_EDGE('',*,*,#1909,.F.);
#1909 = EDGE_CURVE('',#1326,#1260,#1910,.T.);
#1910 = LINE('',#1911,#1912);
#1911 = CARTESIAN_POINT('',(88.,13.5,6.));
#1912 = VECTOR('',#1913,1.);
#1913 = DIRECTION('',(0.,1.,0.));
#1914 = PLANE('',#1915);
#1915 = AXIS2_PLACEMENT_3D('',#1916,#1917,#1918);
#1916 = CARTESIAN_POINT('',(88.,-1.,-1.));
#1917 = DIRECTION('',(1.,0.,0.));
#1918 = DIRECTION('',(0.,0.,1.));
#1919 = ADVANCED_FACE('',(#1920),#1939,.F.);
#1920 = FACE_BOUND('',#1921,.T.);
#1921 = EDGE_LOOP('',(#1922,#1923,#1924,#1932));
#1922 = ORIENTED_EDGE('',*,*,#1711,.T.);
#1923 = ORIENTED_EDGE('',*,*,#838,.T.);
#1924 = ORIENTED_EDGE('',*,*,#1925,.T.);
#1925 = EDGE_CURVE('',#841,#1926,#1928,.T.);
#1926 = VERTEX_POINT('',#1927);
#1927 = CARTESIAN_POINT('',(88.,57.,6.));
#1928 = LINE('',#1929,#1930);
#1929 = CARTESIAN_POINT('',(88.,57.,-1.));
#1930 = VECTOR('',#1931,1.);
#1931 = DIRECTION('',(0.,0.,1.));
#1932 = ORIENTED_EDGE('',*,*,#1933,.F.);
#1933 = EDGE_CURVE('',#1712,#1926,#1934,.T.);
#1934 = CIRCLE('',#1935,3.);
#1935 = AXIS2_PLACEMENT_3D('',#1936,#1937,#1938);
#1936 = CARTESIAN_POINT('',(85.,57.,6.));
#1937 = DIRECTION('',(0.,0.,-1.));
#1938 = DIRECTION('',(1.,0.,0.));
#1939 = CYLINDRICAL_SURFACE('',#1940,3.);
#1940 = AXIS2_PLACEMENT_3D('',#1941,#1942,#1943);
#1941 = CARTESIAN_POINT('',(85.,57.,-1.));
#1942 = DIRECTION('',(-0.,-0.,-1.));
#1943 = DIRECTION('',(1.,0.,0.));
#1944 = ADVANCED_FACE('',(#1945),#1956,.F.);
#1945 = FACE_BOUND('',#1946,.F.);
#1946 = EDGE_LOOP('',(#1947,#1948,#1949,#1950));
#1947 = ORIENTED_EDGE('',*,*,#1158,.F.);
#1948 = ORIENTED_EDGE('',*,*,#908,.F.);
#1949 = ORIENTED_EDGE('',*,*,#1925,.T.);
#1950 = ORIENTED_EDGE('',*,*,#1951,.F.);
#1951 = EDGE_CURVE('',#1151,#1926,#1952,.T.);
#1952 = LINE('',#1953,#1954);
#1953 = CARTESIAN_POINT('',(88.,13.5,6.));
#1954 = VECTOR('',#1955,1.);
#1955 = DIRECTION('',(0.,1.,0.));
#1956 = PLANE('',#1957);
#1957 = AXIS2_PLACEMENT_3D('',#1958,#1959,#1960);
#1958 = CARTESIAN_POINT('',(88.,-1.,-1.));
#1959 = DIRECTION('',(1.,0.,0.));
#1960 = DIRECTION('',(0.,0.,1.));
#1961 = ADVANCED_FACE('',(#1962),#1973,.F.);
#1962 = FACE_BOUND('',#1963,.T.);
#1963 = EDGE_LOOP('',(#1964,#1970,#1971,#1972));
#1964 = ORIENTED_EDGE('',*,*,#1965,.F.);
#1965 = EDGE_CURVE('',#859,#1580,#1966,.T.);
#1966 = LINE('',#1967,#1968);
#1967 = CARTESIAN_POINT('',(85.,60.,-1.));
#1968 = VECTOR('',#1969,1.);
#1969 = DIRECTION('',(0.,0.,1.));
#1970 = ORIENTED_EDGE('',*,*,#858,.T.);
#1971 = ORIENTED_EDGE('',*,*,#1720,.F.);
#1972 = ORIENTED_EDGE('',*,*,#1587,.F.);
#1973 = CYLINDRICAL_SURFACE('',#1974,3.);
#1974 = AXIS2_PLACEMENT_3D('',#1975,#1976,#1977);
#1975 = CARTESIAN_POINT('',(85.,57.,-1.));
#1976 = DIRECTION('',(-0.,-0.,-1.));
#1977 = DIRECTION('',(1.,0.,0.));
#1978 = ADVANCED_FACE('',(#1979),#1985,.F.);
#1979 = FACE_BOUND('',#1980,.F.);
#1980 = EDGE_LOOP('',(#1981,#1982,#1983,#1984));
#1981 = ORIENTED_EDGE('',*,*,#867,.F.);
#1982 = ORIENTED_EDGE('',*,*,#1528,.T.);
#1983 = ORIENTED_EDGE('',*,*,#1579,.F.);
#1984 = ORIENTED_EDGE('',*,*,#1965,.F.);
#1985 = PLANE('',#1986);
#1986 = AXIS2_PLACEMENT_3D('',#1987,#1988,#1989);
#1987 = CARTESIAN_POINT('',(-1.,60.,-1.));
#1988 = DIRECTION('',(0.,1.,0.));
#1989 = DIRECTION('',(0.,0.,1.));
#1990 = ADVANCED_FACE('',(#1991),#2010,.F.);
#1991 = FACE_BOUND('',#1992,.F.);
#1992 = EDGE_LOOP('',(#1993,#2001,#2008,#2009));
#1993 = ORIENTED_EDGE('',*,*,#1994,.T.);
#1994 = EDGE_CURVE('',#917,#1995,#1997,.T.);
#1995 = VERTEX_POINT('',#1996);
#1996 = CARTESIAN_POINT('',(-3.5,63.,0.6));
#1997 = LINE('',#1998,#1999);
#1998 = CARTESIAN_POINT('',(-2.9,63.,-1.E-02));
#1999 = VECTOR('',#2000,1.);
#2000 = DIRECTION('',(-0.701238976117,1.7E-16,0.712926292386));
#2001 = ORIENTED_EDGE('',*,*,#2002,.F.);
#2002 = EDGE_CURVE('',#1995,#1995,#2003,.T.);
#2003 = CIRCLE('',#2004,3.5);
#2004 = AXIS2_PLACEMENT_3D('',#2005,#2006,#2007);
#2005 = CARTESIAN_POINT('',(-7.,63.,0.6));
#2006 = DIRECTION('',(0.,0.,1.));
#2007 = DIRECTION('',(1.,0.,0.));
#2008 = ORIENTED_EDGE('',*,*,#1994,.F.);
#2009 = ORIENTED_EDGE('',*,*,#916,.T.);
#2010 = CONICAL_SURFACE('',#2011,4.1,0.777133888738);
#2011 = AXIS2_PLACEMENT_3D('',#2012,#2013,#2014);
#2012 = CARTESIAN_POINT('',(-7.,63.,-1.E-02));
#2013 = DIRECTION('',(-0.,-0.,-1.));
#2014 = DIRECTION('',(1.,0.,0.));
#2015 = ADVANCED_FACE('',(#2016),#2035,.T.);
#2016 = FACE_BOUND('',#2017,.F.);
#2017 = EDGE_LOOP('',(#2018,#2026,#2033,#2034));
#2018 = ORIENTED_EDGE('',*,*,#2019,.T.);
#2019 = EDGE_CURVE('',#1039,#2020,#2022,.T.);
#2020 = VERTEX_POINT('',#2021);
#2021 = CARTESIAN_POINT('',(-4.,-7.,44.4));
#2022 = LINE('',#2023,#2024);
#2023 = CARTESIAN_POINT('',(-4.,-7.,40.));
#2024 = VECTOR('',#2025,1.);
#2025 = DIRECTION('',(0.,0.,1.));
#2026 = ORIENTED_EDGE('',*,*,#2027,.T.);
#2027 = EDGE_CURVE('',#2020,#2020,#2028,.T.);
#2028 = CIRCLE('',#2029,3.);
#2029 = AXIS2_PLACEMENT_3D('',#2030,#2031,#2032);
#2030 = CARTESIAN_POINT('',(-7.,-7.,44.4));
#2031 = DIRECTION('',(0.,0.,1.));
#2032 = DIRECTION('',(1.,0.,0.));
#2033 = ORIENTED_EDGE('',*,*,#2019,.F.);
#2034 = ORIENTED_EDGE('',*,*,#1038,.F.);
#2035 = CYLINDRICAL_SURFACE('',#2036,3.);
#2036 = AXIS2_PLACEMENT_3D('',#2037,#2038,#2039);
#2037 = CARTESIAN_POINT('',(-7.,-7.,40.));
#2038 = DIRECTION('',(-0.,-0.,-1.));
#2039 = DIRECTION('',(1.,0.,0.));
#2040 = ADVANCED_FACE('',(#2041),#2087,.T.);
#2041 = FACE_BOUND('',#2042,.T.);
#2042 = EDGE_LOOP('',(#2043,#2044,#2045,#2046,#2047,#2048,#2049,#2058,
    #2065,#2066,#2067,#2068,#2077,#2084,#2085,#2086));
#2043 = ORIENTED_EDGE('',*,*,#1646,.T.);
#2044 = ORIENTED_EDGE('',*,*,#1697,.T.);
#2045 = ORIENTED_EDGE('',*,*,#1745,.T.);
#2046 = ORIENTED_EDGE('',*,*,#1933,.T.);
#2047 = ORIENTED_EDGE('',*,*,#1951,.F.);
#2048 = ORIENTED_EDGE('',*,*,#1150,.F.);
#2049 = ORIENTED_EDGE('',*,*,#2050,.F.);
#2050 = EDGE_CURVE('',#2051,#1143,#2053,.T.);
#2051 = VERTEX_POINT('',#2052);
#2052 = CARTESIAN_POINT('',(64.5,52.5,6.));
#2053 = CIRCLE('',#2054,3.);
#2054 = AXIS2_PLACEMENT_3D('',#2055,#2056,#2057);
#2055 = CARTESIAN_POINT('',(61.5,52.5,6.));
#2056 = DIRECTION('',(0.,0.,1.));
#2057 = DIRECTION('',(1.,0.,0.));
#2058 = ORIENTED_EDGE('',*,*,#2059,.F.);
#2059 = EDGE_CURVE('',#1252,#2051,#2060,.T.);
#2060 = CIRCLE('',#2061,3.);
#2061 = AXIS2_PLACEMENT_3D('',#2062,#2063,#2064);
#2062 = CARTESIAN_POINT('',(61.5,52.5,6.));
#2063 = DIRECTION('',(0.,0.,1.));
#2064 = DIRECTION('',(1.,0.,0.));
#2065 = ORIENTED_EDGE('',*,*,#1259,.T.);
#2066 = ORIENTED_EDGE('',*,*,#1909,.F.);
#2067 = ORIENTED_EDGE('',*,*,#1325,.F.);
#2068 = ORIENTED_EDGE('',*,*,#2069,.F.);
#2069 = EDGE_CURVE('',#2070,#1318,#2072,.T.);
#2070 = VERTEX_POINT('',#2071);
#2071 = CARTESIAN_POINT('',(64.5,3.5,6.));
#2072 = CIRCLE('',#2073,3.);
#2073 = AXIS2_PLACEMENT_3D('',#2074,#2075,#2076);
#2074 = CARTESIAN_POINT('',(61.5,3.5,6.));
#2075 = DIRECTION('',(0.,0.,1.));
#2076 = DIRECTION('',(1.,0.,0.));
#2077 = ORIENTED_EDGE('',*,*,#2078,.F.);
#2078 = EDGE_CURVE('',#1427,#2070,#2079,.T.);
#2079 = CIRCLE('',#2080,3.);
#2080 = AXIS2_PLACEMENT_3D('',#2081,#2082,#2083);
#2081 = CARTESIAN_POINT('',(61.5,3.5,6.));
#2082 = DIRECTION('',(0.,0.,1.));
#2083 = DIRECTION('',(1.,0.,0.));
#2084 = ORIENTED_EDGE('',*,*,#1434,.T.);
#2085 = ORIENTED_EDGE('',*,*,#1842,.F.);
#2086 = ORIENTED_EDGE('',*,*,#1824,.T.);
#2087 = PLANE('',#2088);
#2088 = AXIS2_PLACEMENT_3D('',#2089,#2090,#2091);
#2089 = CARTESIAN_POINT('',(85.266456783803,28.,6.));
#2090 = DIRECTION('',(0.,0.,1.));
#2091 = DIRECTION('',(1.,0.,0.));
#2092 = ADVANCED_FACE('',(#2093),#2103,.F.);
#2093 = FACE_BOUND('',#2094,.F.);
#2094 = EDGE_LOOP('',(#2095,#2096));
#2095 = ORIENTED_EDGE('',*,*,#1142,.T.);
#2096 = ORIENTED_EDGE('',*,*,#2097,.T.);
#2097 = EDGE_CURVE('',#1143,#1135,#2098,.T.);
#2098 = CIRCLE('',#2099,3.);
#2099 = AXIS2_PLACEMENT_3D('',#2100,#2101,#2102);
#2100 = CARTESIAN_POINT('',(61.5,52.5,6.));
#2101 = DIRECTION('',(0.,0.,1.));
#2102 = DIRECTION('',(1.,0.,0.));
#2103 = PLANE('',#2104);
#2104 = AXIS2_PLACEMENT_3D('',#2105,#2106,#2107);
#2105 = CARTESIAN_POINT('',(61.5,52.5,6.));
#2106 = DIRECTION('',(0.,0.,1.));
#2107 = DIRECTION('',(1.,0.,0.));
#2108 = ADVANCED_FACE('',(#2109),#2122,.T.);
#2109 = FACE_BOUND('',#2110,.T.);
#2110 = EDGE_LOOP('',(#2111,#2112,#2113,#2120,#2121));
#2111 = ORIENTED_EDGE('',*,*,#1197,.F.);
#2112 = ORIENTED_EDGE('',*,*,#1243,.T.);
#2113 = ORIENTED_EDGE('',*,*,#2114,.F.);
#2114 = EDGE_CURVE('',#1135,#1244,#2115,.T.);
#2115 = CIRCLE('',#2116,3.);
#2116 = AXIS2_PLACEMENT_3D('',#2117,#2118,#2119);
#2117 = CARTESIAN_POINT('',(61.5,52.5,6.));
#2118 = DIRECTION('',(0.,0.,1.));
#2119 = DIRECTION('',(1.,0.,0.));
#2120 = ORIENTED_EDGE('',*,*,#1134,.F.);
#2121 = ORIENTED_EDGE('',*,*,#1172,.F.);
#2122 = PLANE('',#2123);
#2123 = AXIS2_PLACEMENT_3D('',#2124,#2125,#2126);
#2124 = CARTESIAN_POINT('',(-7.,50.2,6.));
#2125 = DIRECTION('',(0.,0.,1.));
#2126 = DIRECTION('',(1.,0.,0.));
#2127 = ADVANCED_FACE('',(#2128),#2132,.F.);
#2128 = FACE_BOUND('',#2129,.F.);
#2129 = EDGE_LOOP('',(#2130,#2131));
#2130 = ORIENTED_EDGE('',*,*,#1126,.T.);
#2131 = ORIENTED_EDGE('',*,*,#1214,.T.);
#2132 = PLANE('',#2133);
#2133 = AXIS2_PLACEMENT_3D('',#2134,#2135,#2136);
#2134 = CARTESIAN_POINT('',(3.5,52.5,6.));
#2135 = DIRECTION('',(0.,0.,1.));
#2136 = DIRECTION('',(1.,0.,0.));
#2137 = ADVANCED_FACE('',(#2138),#2142,.F.);
#2138 = FACE_BOUND('',#2139,.F.);
#2139 = EDGE_LOOP('',(#2140,#2141));
#2140 = ORIENTED_EDGE('',*,*,#1206,.T.);
#2141 = ORIENTED_EDGE('',*,*,#1237,.F.);
#2142 = PLANE('',#2143);
#2143 = AXIS2_PLACEMENT_3D('',#2144,#2145,#2146);
#2144 = CARTESIAN_POINT('',(3.5,52.5,6.));
#2145 = DIRECTION('',(0.,0.,1.));
#2146 = DIRECTION('',(1.,0.,0.));
#2147 = ADVANCED_FACE('',(#2148,#2151),#2162,.T.);
#2148 = FACE_BOUND('',#2149,.T.);
#2149 = EDGE_LOOP('',(#2150));
#2150 = ORIENTED_EDGE('',*,*,#1189,.T.);
#2151 = FACE_BOUND('',#2152,.T.);
#2152 = EDGE_LOOP('',(#2153));
#2153 = ORIENTED_EDGE('',*,*,#2154,.F.);
#2154 = EDGE_CURVE('',#2155,#2155,#2157,.T.);
#2155 = VERTEX_POINT('',#2156);
#2156 = CARTESIAN_POINT('',(5.2,52.5,9.));
#2157 = CIRCLE('',#2158,1.7);
#2158 = AXIS2_PLACEMENT_3D('',#2159,#2160,#2161);
#2159 = CARTESIAN_POINT('',(3.5,52.5,9.));
#2160 = DIRECTION('',(0.,0.,1.));
#2161 = DIRECTION('',(1.,0.,0.));
#2162 = PLANE('',#2163);
#2163 = AXIS2_PLACEMENT_3D('',#2164,#2165,#2166);
#2164 = CARTESIAN_POINT('',(3.5,52.5,9.));
#2165 = DIRECTION('',(0.,0.,1.));
#2166 = DIRECTION('',(1.,0.,0.));
#2167 = ADVANCED_FACE('',(#2168),#2178,.F.);
#2168 = FACE_BOUND('',#2169,.F.);
#2169 = EDGE_LOOP('',(#2170,#2177));
#2170 = ORIENTED_EDGE('',*,*,#2171,.T.);
#2171 = EDGE_CURVE('',#1244,#1252,#2172,.T.);
#2172 = CIRCLE('',#2173,3.);
#2173 = AXIS2_PLACEMENT_3D('',#2174,#2175,#2176);
#2174 = CARTESIAN_POINT('',(61.5,52.5,6.));
#2175 = DIRECTION('',(0.,0.,1.));
#2176 = DIRECTION('',(1.,0.,0.));
#2177 = ORIENTED_EDGE('',*,*,#1251,.F.);
#2178 = PLANE('',#2179);
#2179 = AXIS2_PLACEMENT_3D('',#2180,#2181,#2182);
#2180 = CARTESIAN_POINT('',(61.5,52.5,6.));
#2181 = DIRECTION('',(0.,0.,1.));
#2182 = DIRECTION('',(1.,0.,0.));
#2183 = ADVANCED_FACE('',(#2184),#2194,.F.);
#2184 = FACE_BOUND('',#2185,.F.);
#2185 = EDGE_LOOP('',(#2186,#2187));
#2186 = ORIENTED_EDGE('',*,*,#1317,.T.);
#2187 = ORIENTED_EDGE('',*,*,#2188,.T.);
#2188 = EDGE_CURVE('',#1318,#1310,#2189,.T.);
#2189 = CIRCLE('',#2190,3.);
#2190 = AXIS2_PLACEMENT_3D('',#2191,#2192,#2193);
#2191 = CARTESIAN_POINT('',(61.5,3.5,6.));
#2192 = DIRECTION('',(0.,0.,1.));
#2193 = DIRECTION('',(1.,0.,0.));
#2194 = PLANE('',#2195);
#2195 = AXIS2_PLACEMENT_3D('',#2196,#2197,#2198);
#2196 = CARTESIAN_POINT('',(61.5,3.5,6.));
#2197 = DIRECTION('',(0.,0.,1.));
#2198 = DIRECTION('',(1.,0.,0.));
#2199 = ADVANCED_FACE('',(#2200),#2213,.T.);
#2200 = FACE_BOUND('',#2201,.T.);
#2201 = EDGE_LOOP('',(#2202,#2203,#2204,#2211,#2212));
#2202 = ORIENTED_EDGE('',*,*,#1372,.F.);
#2203 = ORIENTED_EDGE('',*,*,#1418,.T.);
#2204 = ORIENTED_EDGE('',*,*,#2205,.F.);
#2205 = EDGE_CURVE('',#1310,#1419,#2206,.T.);
#2206 = CIRCLE('',#2207,3.);
#2207 = AXIS2_PLACEMENT_3D('',#2208,#2209,#2210);
#2208 = CARTESIAN_POINT('',(61.5,3.5,6.));
#2209 = DIRECTION('',(0.,0.,1.));
#2210 = DIRECTION('',(1.,0.,0.));
#2211 = ORIENTED_EDGE('',*,*,#1309,.F.);
#2212 = ORIENTED_EDGE('',*,*,#1347,.F.);
#2213 = PLANE('',#2214);
#2214 = AXIS2_PLACEMENT_3D('',#2215,#2216,#2217);
#2215 = CARTESIAN_POINT('',(-7.,1.2,6.));
#2216 = DIRECTION('',(0.,0.,1.));
#2217 = DIRECTION('',(1.,0.,0.));
#2218 = ADVANCED_FACE('',(#2219),#2223,.F.);
#2219 = FACE_BOUND('',#2220,.F.);
#2220 = EDGE_LOOP('',(#2221,#2222));
#2221 = ORIENTED_EDGE('',*,*,#1301,.T.);
#2222 = ORIENTED_EDGE('',*,*,#1389,.T.);
#2223 = PLANE('',#2224);
#2224 = AXIS2_PLACEMENT_3D('',#2225,#2226,#2227);
#2225 = CARTESIAN_POINT('',(3.5,3.5,6.));
#2226 = DIRECTION('',(0.,0.,1.));
#2227 = DIRECTION('',(1.,0.,0.));
#2228 = ADVANCED_FACE('',(#2229),#2233,.F.);
#2229 = FACE_BOUND('',#2230,.F.);
#2230 = EDGE_LOOP('',(#2231,#2232));
#2231 = ORIENTED_EDGE('',*,*,#1381,.T.);
#2232 = ORIENTED_EDGE('',*,*,#1412,.F.);
#2233 = PLANE('',#2234);
#2234 = AXIS2_PLACEMENT_3D('',#2235,#2236,#2237);
#2235 = CARTESIAN_POINT('',(3.5,3.5,6.));
#2236 = DIRECTION('',(0.,0.,1.));
#2237 = DIRECTION('',(1.,0.,0.));
#2238 = ADVANCED_FACE('',(#2239,#2242),#2253,.T.);
#2239 = FACE_BOUND('',#2240,.T.);
#2240 = EDGE_LOOP('',(#2241));
#2241 = ORIENTED_EDGE('',*,*,#1364,.T.);
#2242 = FACE_BOUND('',#2243,.T.);
#2243 = EDGE_LOOP('',(#2244));
#2244 = ORIENTED_EDGE('',*,*,#2245,.F.);
#2245 = EDGE_CURVE('',#2246,#2246,#2248,.T.);
#2246 = VERTEX_POINT('',#2247);
#2247 = CARTESIAN_POINT('',(5.2,3.5,9.));
#2248 = CIRCLE('',#2249,1.7);
#2249 = AXIS2_PLACEMENT_3D('',#2250,#2251,#2252);
#2250 = CARTESIAN_POINT('',(3.5,3.5,9.));
#2251 = DIRECTION('',(0.,0.,1.));
#2252 = DIRECTION('',(1.,0.,0.));
#2253 = PLANE('',#2254);
#2254 = AXIS2_PLACEMENT_3D('',#2255,#2256,#2257);
#2255 = CARTESIAN_POINT('',(3.5,3.5,9.));
#2256 = DIRECTION('',(0.,0.,1.));
#2257 = DIRECTION('',(1.,0.,0.));
#2258 = ADVANCED_FACE('',(#2259),#2269,.F.);
#2259 = FACE_BOUND('',#2260,.F.);
#2260 = EDGE_LOOP('',(#2261,#2268));
#2261 = ORIENTED_EDGE('',*,*,#2262,.T.);
#2262 = EDGE_CURVE('',#1419,#1427,#2263,.T.);
#2263 = CIRCLE('',#2264,3.);
#2264 = AXIS2_PLACEMENT_3D('',#2265,#2266,#2267);
#2265 = CARTESIAN_POINT('',(61.5,3.5,6.));
#2266 = DIRECTION('',(0.,0.,1.));
#2267 = DIRECTION('',(1.,0.,0.));
#2268 = ORIENTED_EDGE('',*,*,#1426,.F.);
#2269 = PLANE('',#2270);
#2270 = AXIS2_PLACEMENT_3D('',#2271,#2272,#2273);
#2271 = CARTESIAN_POINT('',(61.5,3.5,6.));
#2272 = DIRECTION('',(0.,0.,1.));
#2273 = DIRECTION('',(1.,0.,0.));
#2274 = ADVANCED_FACE('',(#2275),#2294,.T.);
#2275 = FACE_BOUND('',#2276,.F.);
#2276 = EDGE_LOOP('',(#2277,#2285,#2292,#2293));
#2277 = ORIENTED_EDGE('',*,*,#2278,.T.);
#2278 = EDGE_CURVE('',#1615,#2279,#2281,.T.);
#2279 = VERTEX_POINT('',#2280);
#2280 = CARTESIAN_POINT('',(-4.,63.,44.4));
#2281 = LINE('',#2282,#2283);
#2282 = CARTESIAN_POINT('',(-4.,63.,40.));
#2283 = VECTOR('',#2284,1.);
#2284 = DIRECTION('',(0.,0.,1.));
#2285 = ORIENTED_EDGE('',*,*,#2286,.T.);
#2286 = EDGE_CURVE('',#2279,#2279,#2287,.T.);
#2287 = CIRCLE('',#2288,3.);
#2288 = AXIS2_PLACEMENT_3D('',#2289,#2290,#2291);
#2289 = CARTESIAN_POINT('',(-7.,63.,44.4));
#2290 = DIRECTION('',(0.,0.,1.));
#2291 = DIRECTION('',(1.,0.,0.));
#2292 = ORIENTED_EDGE('',*,*,#2278,.F.);
#2293 = ORIENTED_EDGE('',*,*,#1614,.F.);
#2294 = CYLINDRICAL_SURFACE('',#2295,3.);
#2295 = AXIS2_PLACEMENT_3D('',#2296,#2297,#2298);
#2296 = CARTESIAN_POINT('',(-7.,63.,40.));
#2297 = DIRECTION('',(-0.,-0.,-1.));
#2298 = DIRECTION('',(1.,0.,0.));
#2299 = ADVANCED_FACE('',(#2300,#2303),#2314,.T.);
#2300 = FACE_BOUND('',#2301,.T.);
#2301 = EDGE_LOOP('',(#2302));
#2302 = ORIENTED_EDGE('',*,*,#1662,.T.);
#2303 = FACE_BOUND('',#2304,.T.);
#2304 = EDGE_LOOP('',(#2305));
#2305 = ORIENTED_EDGE('',*,*,#2306,.F.);
#2306 = EDGE_CURVE('',#2307,#2307,#2309,.T.);
#2307 = VERTEX_POINT('',#2308);
#2308 = CARTESIAN_POINT('',(94.,-7.,40.));
#2309 = CIRCLE('',#2310,3.);
#2310 = AXIS2_PLACEMENT_3D('',#2311,#2312,#2313);
#2311 = CARTESIAN_POINT('',(91.,-7.,40.));
#2312 = DIRECTION('',(0.,0.,1.));
#2313 = DIRECTION('',(1.,0.,0.));
#2314 = PLANE('',#2315);
#2315 = AXIS2_PLACEMENT_3D('',#2316,#2317,#2318);
#2316 = CARTESIAN_POINT('',(91.,-7.,40.));
#2317 = DIRECTION('',(0.,0.,1.));
#2318 = DIRECTION('',(1.,0.,0.));
#2319 = ADVANCED_FACE('',(#2320,#2323),#2334,.T.);
#2320 = FACE_BOUND('',#2321,.T.);
#2321 = EDGE_LOOP('',(#2322));
#2322 = ORIENTED_EDGE('',*,*,#1737,.T.);
#2323 = FACE_BOUND('',#2324,.T.);
#2324 = EDGE_LOOP('',(#2325));
#2325 = ORIENTED_EDGE('',*,*,#2326,.F.);
#2326 = EDGE_CURVE('',#2327,#2327,#2329,.T.);
#2327 = VERTEX_POINT('',#2328);
#2328 = CARTESIAN_POINT('',(94.,63.,40.));
#2329 = CIRCLE('',#2330,3.);
#2330 = AXIS2_PLACEMENT_3D('',#2331,#2332,#2333);
#2331 = CARTESIAN_POINT('',(91.,63.,40.));
#2332 = DIRECTION('',(0.,0.,1.));
#2333 = DIRECTION('',(1.,0.,0.));
#2334 = PLANE('',#2335);
#2335 = AXIS2_PLACEMENT_3D('',#2336,#2337,#2338);
#2336 = CARTESIAN_POINT('',(91.,63.,40.));
#2337 = DIRECTION('',(0.,0.,1.));
#2338 = DIRECTION('',(1.,0.,0.));
#2339 = ADVANCED_FACE('',(#2340),#2359,.F.);
#2340 = FACE_BOUND('',#2341,.T.);
#2341 = EDGE_LOOP('',(#2342,#2343,#2351,#2358));
#2342 = ORIENTED_EDGE('',*,*,#1768,.F.);
#2343 = ORIENTED_EDGE('',*,*,#2344,.T.);
#2344 = EDGE_CURVE('',#1761,#2345,#2347,.T.);
#2345 = VERTEX_POINT('',#2346);
#2346 = CARTESIAN_POINT('',(94.5,-7.,5.5));
#2347 = LINE('',#2348,#2349);
#2348 = CARTESIAN_POINT('',(94.5,-7.,-1.E-02));
#2349 = VECTOR('',#2350,1.);
#2350 = DIRECTION('',(0.,0.,1.));
#2351 = ORIENTED_EDGE('',*,*,#2352,.T.);
#2352 = EDGE_CURVE('',#2345,#2345,#2353,.T.);
#2353 = CIRCLE('',#2354,3.5);
#2354 = AXIS2_PLACEMENT_3D('',#2355,#2356,#2357);
#2355 = CARTESIAN_POINT('',(91.,-7.,5.5));
#2356 = DIRECTION('',(0.,0.,1.));
#2357 = DIRECTION('',(1.,0.,0.));
#2358 = ORIENTED_EDGE('',*,*,#2344,.F.);
#2359 = CYLINDRICAL_SURFACE('',#2360,3.5);
#2360 = AXIS2_PLACEMENT_3D('',#2361,#2362,#2363);
#2361 = CARTESIAN_POINT('',(91.,-7.,-1.E-02));
#2362 = DIRECTION('',(-0.,-0.,-1.));
#2363 = DIRECTION('',(1.,0.,0.));
#2364 = ADVANCED_FACE('',(#2365),#2384,.F.);
#2365 = FACE_BOUND('',#2366,.T.);
#2366 = EDGE_LOOP('',(#2367,#2368,#2376,#2383));
#2367 = ORIENTED_EDGE('',*,*,#1864,.F.);
#2368 = ORIENTED_EDGE('',*,*,#2369,.T.);
#2369 = EDGE_CURVE('',#1857,#2370,#2372,.T.);
#2370 = VERTEX_POINT('',#2371);
#2371 = CARTESIAN_POINT('',(-3.5,-7.,5.5));
#2372 = LINE('',#2373,#2374);
#2373 = CARTESIAN_POINT('',(-3.5,-7.,-1.E-02));
#2374 = VECTOR('',#2375,1.);
#2375 = DIRECTION('',(0.,0.,1.));
#2376 = ORIENTED_EDGE('',*,*,#2377,.T.);
#2377 = EDGE_CURVE('',#2370,#2370,#2378,.T.);
#2378 = CIRCLE('',#2379,3.5);
#2379 = AXIS2_PLACEMENT_3D('',#2380,#2381,#2382);
#2380 = CARTESIAN_POINT('',(-7.,-7.,5.5));
#2381 = DIRECTION('',(0.,0.,1.));
#2382 = DIRECTION('',(1.,0.,0.));
#2383 = ORIENTED_EDGE('',*,*,#2369,.F.);
#2384 = CYLINDRICAL_SURFACE('',#2385,3.5);
#2385 = AXIS2_PLACEMENT_3D('',#2386,#2387,#2388);
#2386 = CARTESIAN_POINT('',(-7.,-7.,-1.E-02));
#2387 = DIRECTION('',(-0.,-0.,-1.));
#2388 = DIRECTION('',(1.,0.,0.));
#2389 = ADVANCED_FACE('',(#2390),#2409,.F.);
#2390 = FACE_BOUND('',#2391,.T.);
#2391 = EDGE_LOOP('',(#2392,#2393,#2401,#2408));
#2392 = ORIENTED_EDGE('',*,*,#1889,.F.);
#2393 = ORIENTED_EDGE('',*,*,#2394,.T.);
#2394 = EDGE_CURVE('',#1882,#2395,#2397,.T.);
#2395 = VERTEX_POINT('',#2396);
#2396 = CARTESIAN_POINT('',(94.5,63.,5.5));
#2397 = LINE('',#2398,#2399);
#2398 = CARTESIAN_POINT('',(94.5,63.,-1.E-02));
#2399 = VECTOR('',#2400,1.);
#2400 = DIRECTION('',(0.,0.,1.));
#2401 = ORIENTED_EDGE('',*,*,#2402,.T.);
#2402 = EDGE_CURVE('',#2395,#2395,#2403,.T.);
#2403 = CIRCLE('',#2404,3.5);
#2404 = AXIS2_PLACEMENT_3D('',#2405,#2406,#2407);
#2405 = CARTESIAN_POINT('',(91.,63.,5.5));
#2406 = DIRECTION('',(0.,0.,1.));
#2407 = DIRECTION('',(1.,0.,0.));
#2408 = ORIENTED_EDGE('',*,*,#2394,.F.);
#2409 = CYLINDRICAL_SURFACE('',#2410,3.5);
#2410 = AXIS2_PLACEMENT_3D('',#2411,#2412,#2413);
#2411 = CARTESIAN_POINT('',(91.,63.,-1.E-02));
#2412 = DIRECTION('',(-0.,-0.,-1.));
#2413 = DIRECTION('',(1.,0.,0.));
#2414 = ADVANCED_FACE('',(#2415),#2434,.F.);
#2415 = FACE_BOUND('',#2416,.T.);
#2416 = EDGE_LOOP('',(#2417,#2418,#2426,#2433));
#2417 = ORIENTED_EDGE('',*,*,#2002,.F.);
#2418 = ORIENTED_EDGE('',*,*,#2419,.T.);
#2419 = EDGE_CURVE('',#1995,#2420,#2422,.T.);
#2420 = VERTEX_POINT('',#2421);
#2421 = CARTESIAN_POINT('',(-3.5,63.,5.5));
#2422 = LINE('',#2423,#2424);
#2423 = CARTESIAN_POINT('',(-3.5,63.,-1.E-02));
#2424 = VECTOR('',#2425,1.);
#2425 = DIRECTION('',(0.,0.,1.));
#2426 = ORIENTED_EDGE('',*,*,#2427,.T.);
#2427 = EDGE_CURVE('',#2420,#2420,#2428,.T.);
#2428 = CIRCLE('',#2429,3.5);
#2429 = AXIS2_PLACEMENT_3D('',#2430,#2431,#2432);
#2430 = CARTESIAN_POINT('',(-7.,63.,5.5));
#2431 = DIRECTION('',(0.,0.,1.));
#2432 = DIRECTION('',(1.,0.,0.));
#2433 = ORIENTED_EDGE('',*,*,#2419,.F.);
#2434 = CYLINDRICAL_SURFACE('',#2435,3.5);
#2435 = AXIS2_PLACEMENT_3D('',#2436,#2437,#2438);
#2436 = CARTESIAN_POINT('',(-7.,63.,-1.E-02));
#2437 = DIRECTION('',(-0.,-0.,-1.));
#2438 = DIRECTION('',(1.,0.,0.));
#2439 = ADVANCED_FACE('',(#2440),#2459,.T.);
#2440 = FACE_BOUND('',#2441,.T.);
#2441 = EDGE_LOOP('',(#2442,#2451,#2457,#2458));
#2442 = ORIENTED_EDGE('',*,*,#2443,.F.);
#2443 = EDGE_CURVE('',#2444,#2444,#2446,.T.);
#2444 = VERTEX_POINT('',#2445);
#2445 = CARTESIAN_POINT('',(-4.6,-7.,45.));
#2446 = CIRCLE('',#2447,2.4);
#2447 = AXIS2_PLACEMENT_3D('',#2448,#2449,#2450);
#2448 = CARTESIAN_POINT('',(-7.,-7.,45.));
#2449 = DIRECTION('',(0.,0.,1.));
#2450 = DIRECTION('',(1.,0.,0.));
#2451 = ORIENTED_EDGE('',*,*,#2452,.F.);
#2452 = EDGE_CURVE('',#2020,#2444,#2453,.T.);
#2453 = LINE('',#2454,#2455);
#2454 = CARTESIAN_POINT('',(-4.,-7.,44.4));
#2455 = VECTOR('',#2456,1.);
#2456 = DIRECTION('',(-0.707106781187,1.7E-16,0.707106781187));
#2457 = ORIENTED_EDGE('',*,*,#2027,.T.);
#2458 = ORIENTED_EDGE('',*,*,#2452,.T.);
#2459 = CONICAL_SURFACE('',#2460,3.,0.785398163397);
#2460 = AXIS2_PLACEMENT_3D('',#2461,#2462,#2463);
#2461 = CARTESIAN_POINT('',(-7.,-7.,44.4));
#2462 = DIRECTION('',(-0.,-0.,-1.));
#2463 = DIRECTION('',(1.,0.,0.));
#2464 = ADVANCED_FACE('',(#2465),#2488,.T.);
#2465 = FACE_BOUND('',#2466,.F.);
#2466 = EDGE_LOOP('',(#2467,#2468,#2476,#2483,#2484,#2485,#2486,#2487));
#2467 = ORIENTED_EDGE('',*,*,#2050,.F.);
#2468 = ORIENTED_EDGE('',*,*,#2469,.T.);
#2469 = EDGE_CURVE('',#2051,#2470,#2472,.T.);
#2470 = VERTEX_POINT('',#2471);
#2471 = CARTESIAN_POINT('',(64.5,52.5,9.));
#2472 = LINE('',#2473,#2474);
#2473 = CARTESIAN_POINT('',(64.5,52.5,6.));
#2474 = VECTOR('',#2475,1.);
#2475 = DIRECTION('',(0.,0.,1.));
#2476 = ORIENTED_EDGE('',*,*,#2477,.T.);
#2477 = EDGE_CURVE('',#2470,#2470,#2478,.T.);
#2478 = CIRCLE('',#2479,3.);
#2479 = AXIS2_PLACEMENT_3D('',#2480,#2481,#2482);
#2480 = CARTESIAN_POINT('',(61.5,52.5,9.));
#2481 = DIRECTION('',(0.,0.,1.));
#2482 = DIRECTION('',(1.,0.,0.));
#2483 = ORIENTED_EDGE('',*,*,#2469,.F.);
#2484 = ORIENTED_EDGE('',*,*,#2059,.F.);
#2485 = ORIENTED_EDGE('',*,*,#2171,.F.);
#2486 = ORIENTED_EDGE('',*,*,#2114,.F.);
#2487 = ORIENTED_EDGE('',*,*,#2097,.F.);
#2488 = CYLINDRICAL_SURFACE('',#2489,3.);
#2489 = AXIS2_PLACEMENT_3D('',#2490,#2491,#2492);
#2490 = CARTESIAN_POINT('',(61.5,52.5,6.));
#2491 = DIRECTION('',(-0.,-0.,-1.));
#2492 = DIRECTION('',(1.,0.,0.));
#2493 = ADVANCED_FACE('',(#2494),#2517,.T.);
#2494 = FACE_BOUND('',#2495,.F.);
#2495 = EDGE_LOOP('',(#2496,#2497,#2505,#2512,#2513,#2514,#2515,#2516));
#2496 = ORIENTED_EDGE('',*,*,#2069,.F.);
#2497 = ORIENTED_EDGE('',*,*,#2498,.T.);
#2498 = EDGE_CURVE('',#2070,#2499,#2501,.T.);
#2499 = VERTEX_POINT('',#2500);
#2500 = CARTESIAN_POINT('',(64.5,3.5,9.));
#2501 = LINE('',#2502,#2503);
#2502 = CARTESIAN_POINT('',(64.5,3.5,6.));
#2503 = VECTOR('',#2504,1.);
#2504 = DIRECTION('',(0.,0.,1.));
#2505 = ORIENTED_EDGE('',*,*,#2506,.T.);
#2506 = EDGE_CURVE('',#2499,#2499,#2507,.T.);
#2507 = CIRCLE('',#2508,3.);
#2508 = AXIS2_PLACEMENT_3D('',#2509,#2510,#2511);
#2509 = CARTESIAN_POINT('',(61.5,3.5,9.));
#2510 = DIRECTION('',(0.,0.,1.));
#2511 = DIRECTION('',(1.,0.,0.));
#2512 = ORIENTED_EDGE('',*,*,#2498,.F.);
#2513 = ORIENTED_EDGE('',*,*,#2078,.F.);
#2514 = ORIENTED_EDGE('',*,*,#2262,.F.);
#2515 = ORIENTED_EDGE('',*,*,#2205,.F.);
#2516 = ORIENTED_EDGE('',*,*,#2188,.F.);
#2517 = CYLINDRICAL_SURFACE('',#2518,3.);
#2518 = AXIS2_PLACEMENT_3D('',#2519,#2520,#2521);
#2519 = CARTESIAN_POINT('',(61.5,3.5,6.));
#2520 = DIRECTION('',(-0.,-0.,-1.));
#2521 = DIRECTION('',(1.,0.,0.));
#2522 = ADVANCED_FACE('',(#2523),#2542,.F.);
#2523 = FACE_BOUND('',#2524,.T.);
#2524 = EDGE_LOOP('',(#2525,#2533,#2534,#2535));
#2525 = ORIENTED_EDGE('',*,*,#2526,.T.);
#2526 = EDGE_CURVE('',#2527,#2155,#2529,.T.);
#2527 = VERTEX_POINT('',#2528);
#2528 = CARTESIAN_POINT('',(5.2,52.5,5.8));
#2529 = LINE('',#2530,#2531);
#2530 = CARTESIAN_POINT('',(5.2,52.5,5.8));
#2531 = VECTOR('',#2532,1.);
#2532 = DIRECTION('',(0.,0.,1.));
#2533 = ORIENTED_EDGE('',*,*,#2154,.T.);
#2534 = ORIENTED_EDGE('',*,*,#2526,.F.);
#2535 = ORIENTED_EDGE('',*,*,#2536,.F.);
#2536 = EDGE_CURVE('',#2527,#2527,#2537,.T.);
#2537 = CIRCLE('',#2538,1.7);
#2538 = AXIS2_PLACEMENT_3D('',#2539,#2540,#2541);
#2539 = CARTESIAN_POINT('',(3.5,52.5,5.8));
#2540 = DIRECTION('',(0.,0.,1.));
#2541 = DIRECTION('',(1.,0.,0.));
#2542 = CYLINDRICAL_SURFACE('',#2543,1.7);
#2543 = AXIS2_PLACEMENT_3D('',#2544,#2545,#2546);
#2544 = CARTESIAN_POINT('',(3.5,52.5,5.8));
#2545 = DIRECTION('',(-0.,-0.,-1.));
#2546 = DIRECTION('',(1.,0.,0.));
#2547 = ADVANCED_FACE('',(#2548),#2567,.F.);
#2548 = FACE_BOUND('',#2549,.T.);
#2549 = EDGE_LOOP('',(#2550,#2558,#2559,#2560));
#2550 = ORIENTED_EDGE('',*,*,#2551,.T.);
#2551 = EDGE_CURVE('',#2552,#2246,#2554,.T.);
#2552 = VERTEX_POINT('',#2553);
#2553 = CARTESIAN_POINT('',(5.2,3.5,5.8));
#2554 = LINE('',#2555,#2556);
#2555 = CARTESIAN_POINT('',(5.2,3.5,5.8));
#2556 = VECTOR('',#2557,1.);
#2557 = DIRECTION('',(0.,0.,1.));
#2558 = ORIENTED_EDGE('',*,*,#2245,.T.);
#2559 = ORIENTED_EDGE('',*,*,#2551,.F.);
#2560 = ORIENTED_EDGE('',*,*,#2561,.F.);
#2561 = EDGE_CURVE('',#2552,#2552,#2562,.T.);
#2562 = CIRCLE('',#2563,1.7);
#2563 = AXIS2_PLACEMENT_3D('',#2564,#2565,#2566);
#2564 = CARTESIAN_POINT('',(3.5,3.5,5.8));
#2565 = DIRECTION('',(0.,0.,1.));
#2566 = DIRECTION('',(1.,0.,0.));
#2567 = CYLINDRICAL_SURFACE('',#2568,1.7);
#2568 = AXIS2_PLACEMENT_3D('',#2569,#2570,#2571);
#2569 = CARTESIAN_POINT('',(3.5,3.5,5.8));
#2570 = DIRECTION('',(-0.,-0.,-1.));
#2571 = DIRECTION('',(1.,0.,0.));
#2572 = ADVANCED_FACE('',(#2573),#2592,.T.);
#2573 = FACE_BOUND('',#2574,.T.);
#2574 = EDGE_LOOP('',(#2575,#2584,#2590,#2591));
#2575 = ORIENTED_EDGE('',*,*,#2576,.F.);
#2576 = EDGE_CURVE('',#2577,#2577,#2579,.T.);
#2577 = VERTEX_POINT('',#2578);
#2578 = CARTESIAN_POINT('',(-4.6,63.,45.));
#2579 = CIRCLE('',#2580,2.4);
#2580 = AXIS2_PLACEMENT_3D('',#2581,#2582,#2583);
#2581 = CARTESIAN_POINT('',(-7.,63.,45.));
#2582 = DIRECTION('',(0.,0.,1.));
#2583 = DIRECTION('',(1.,0.,0.));
#2584 = ORIENTED_EDGE('',*,*,#2585,.F.);
#2585 = EDGE_CURVE('',#2279,#2577,#2586,.T.);
#2586 = LINE('',#2587,#2588);
#2587 = CARTESIAN_POINT('',(-4.,63.,44.4));
#2588 = VECTOR('',#2589,1.);
#2589 = DIRECTION('',(-0.707106781187,1.7E-16,0.707106781187));
#2590 = ORIENTED_EDGE('',*,*,#2286,.T.);
#2591 = ORIENTED_EDGE('',*,*,#2585,.T.);
#2592 = CONICAL_SURFACE('',#2593,3.,0.785398163397);
#2593 = AXIS2_PLACEMENT_3D('',#2594,#2595,#2596);
#2594 = CARTESIAN_POINT('',(-7.,63.,44.4));
#2595 = DIRECTION('',(-0.,-0.,-1.));
#2596 = DIRECTION('',(1.,0.,0.));
#2597 = ADVANCED_FACE('',(#2598),#2617,.T.);
#2598 = FACE_BOUND('',#2599,.F.);
#2599 = EDGE_LOOP('',(#2600,#2608,#2615,#2616));
#2600 = ORIENTED_EDGE('',*,*,#2601,.T.);
#2601 = EDGE_CURVE('',#2307,#2602,#2604,.T.);
#2602 = VERTEX_POINT('',#2603);
#2603 = CARTESIAN_POINT('',(94.,-7.,44.4));
#2604 = LINE('',#2605,#2606);
#2605 = CARTESIAN_POINT('',(94.,-7.,40.));
#2606 = VECTOR('',#2607,1.);
#2607 = DIRECTION('',(0.,0.,1.));
#2608 = ORIENTED_EDGE('',*,*,#2609,.T.);
#2609 = EDGE_CURVE('',#2602,#2602,#2610,.T.);
#2610 = CIRCLE('',#2611,3.);
#2611 = AXIS2_PLACEMENT_3D('',#2612,#2613,#2614);
#2612 = CARTESIAN_POINT('',(91.,-7.,44.4));
#2613 = DIRECTION('',(0.,0.,1.));
#2614 = DIRECTION('',(1.,0.,0.));
#2615 = ORIENTED_EDGE('',*,*,#2601,.F.);
#2616 = ORIENTED_EDGE('',*,*,#2306,.F.);
#2617 = CYLINDRICAL_SURFACE('',#2618,3.);
#2618 = AXIS2_PLACEMENT_3D('',#2619,#2620,#2621);
#2619 = CARTESIAN_POINT('',(91.,-7.,40.));
#2620 = DIRECTION('',(-0.,-0.,-1.));
#2621 = DIRECTION('',(1.,0.,0.));
#2622 = ADVANCED_FACE('',(#2623),#2642,.T.);
#2623 = FACE_BOUND('',#2624,.F.);
#2624 = EDGE_LOOP('',(#2625,#2633,#2640,#2641));
#2625 = ORIENTED_EDGE('',*,*,#2626,.T.);
#2626 = EDGE_CURVE('',#2327,#2627,#2629,.T.);
#2627 = VERTEX_POINT('',#2628);
#2628 = CARTESIAN_POINT('',(94.,63.,44.4));
#2629 = LINE('',#2630,#2631);
#2630 = CARTESIAN_POINT('',(94.,63.,40.));
#2631 = VECTOR('',#2632,1.);
#2632 = DIRECTION('',(0.,0.,1.));
#2633 = ORIENTED_EDGE('',*,*,#2634,.T.);
#2634 = EDGE_CURVE('',#2627,#2627,#2635,.T.);
#2635 = CIRCLE('',#2636,3.);
#2636 = AXIS2_PLACEMENT_3D('',#2637,#2638,#2639);
#2637 = CARTESIAN_POINT('',(91.,63.,44.4));
#2638 = DIRECTION('',(0.,0.,1.));
#2639 = DIRECTION('',(1.,0.,0.));
#2640 = ORIENTED_EDGE('',*,*,#2626,.F.);
#2641 = ORIENTED_EDGE('',*,*,#2326,.F.);
#2642 = CYLINDRICAL_SURFACE('',#2643,3.);
#2643 = AXIS2_PLACEMENT_3D('',#2644,#2645,#2646);
#2644 = CARTESIAN_POINT('',(91.,63.,40.));
#2645 = DIRECTION('',(-0.,-0.,-1.));
#2646 = DIRECTION('',(1.,0.,0.));
#2647 = ADVANCED_FACE('',(#2648),#2651,.F.);
#2648 = FACE_BOUND('',#2649,.T.);
#2649 = EDGE_LOOP('',(#2650));
#2650 = ORIENTED_EDGE('',*,*,#2352,.F.);
#2651 = PLANE('',#2652);
#2652 = AXIS2_PLACEMENT_3D('',#2653,#2654,#2655);
#2653 = CARTESIAN_POINT('',(91.,-7.,5.5));
#2654 = DIRECTION('',(0.,0.,1.));
#2655 = DIRECTION('',(1.,0.,0.));
#2656 = ADVANCED_FACE('',(#2657),#2660,.F.);
#2657 = FACE_BOUND('',#2658,.T.);
#2658 = EDGE_LOOP('',(#2659));
#2659 = ORIENTED_EDGE('',*,*,#2377,.F.);
#2660 = PLANE('',#2661);
#2661 = AXIS2_PLACEMENT_3D('',#2662,#2663,#2664);
#2662 = CARTESIAN_POINT('',(-7.,-7.,5.5));
#2663 = DIRECTION('',(0.,0.,1.));
#2664 = DIRECTION('',(1.,0.,0.));
#2665 = ADVANCED_FACE('',(#2666),#2669,.F.);
#2666 = FACE_BOUND('',#2667,.T.);
#2667 = EDGE_LOOP('',(#2668));
#2668 = ORIENTED_EDGE('',*,*,#2402,.F.);
#2669 = PLANE('',#2670);
#2670 = AXIS2_PLACEMENT_3D('',#2671,#2672,#2673);
#2671 = CARTESIAN_POINT('',(91.,63.,5.5));
#2672 = DIRECTION('',(0.,0.,1.));
#2673 = DIRECTION('',(1.,0.,0.));
#2674 = ADVANCED_FACE('',(#2675),#2678,.F.);
#2675 = FACE_BOUND('',#2676,.T.);
#2676 = EDGE_LOOP('',(#2677));
#2677 = ORIENTED_EDGE('',*,*,#2427,.F.);
#2678 = PLANE('',#2679);
#2679 = AXIS2_PLACEMENT_3D('',#2680,#2681,#2682);
#2680 = CARTESIAN_POINT('',(-7.,63.,5.5));
#2681 = DIRECTION('',(0.,0.,1.));
#2682 = DIRECTION('',(1.,0.,0.));
#2683 = ADVANCED_FACE('',(#2684),#2687,.T.);
#2684 = FACE_BOUND('',#2685,.T.);
#2685 = EDGE_LOOP('',(#2686));
#2686 = ORIENTED_EDGE('',*,*,#2443,.T.);
#2687 = PLANE('',#2688);
#2688 = AXIS2_PLACEMENT_3D('',#2689,#2690,#2691);
#2689 = CARTESIAN_POINT('',(-7.,-7.,45.));
#2690 = DIRECTION('',(0.,0.,1.));
#2691 = DIRECTION('',(1.,0.,0.));
#2692 = ADVANCED_FACE('',(#2693,#2696),#2707,.T.);
#2693 = FACE_BOUND('',#2694,.T.);
#2694 = EDGE_LOOP('',(#2695));
#2695 = ORIENTED_EDGE('',*,*,#2477,.T.);
#2696 = FACE_BOUND('',#2697,.T.);
#2697 = EDGE_LOOP('',(#2698));
#2698 = ORIENTED_EDGE('',*,*,#2699,.F.);
#2699 = EDGE_CURVE('',#2700,#2700,#2702,.T.);
#2700 = VERTEX_POINT('',#2701);
#2701 = CARTESIAN_POINT('',(63.2,52.5,9.));
#2702 = CIRCLE('',#2703,1.7);
#2703 = AXIS2_PLACEMENT_3D('',#2704,#2705,#2706);
#2704 = CARTESIAN_POINT('',(61.5,52.5,9.));
#2705 = DIRECTION('',(0.,0.,1.));
#2706 = DIRECTION('',(1.,0.,0.));
#2707 = PLANE('',#2708);
#2708 = AXIS2_PLACEMENT_3D('',#2709,#2710,#2711);
#2709 = CARTESIAN_POINT('',(61.5,52.5,9.));
#2710 = DIRECTION('',(0.,0.,1.));
#2711 = DIRECTION('',(1.,0.,0.));
#2712 = ADVANCED_FACE('',(#2713,#2716),#2727,.T.);
#2713 = FACE_BOUND('',#2714,.T.);
#2714 = EDGE_LOOP('',(#2715));
#2715 = ORIENTED_EDGE('',*,*,#2506,.T.);
#2716 = FACE_BOUND('',#2717,.T.);
#2717 = EDGE_LOOP('',(#2718));
#2718 = ORIENTED_EDGE('',*,*,#2719,.F.);
#2719 = EDGE_CURVE('',#2720,#2720,#2722,.T.);
#2720 = VERTEX_POINT('',#2721);
#2721 = CARTESIAN_POINT('',(63.2,3.5,9.));
#2722 = CIRCLE('',#2723,1.7);
#2723 = AXIS2_PLACEMENT_3D('',#2724,#2725,#2726);
#2724 = CARTESIAN_POINT('',(61.5,3.5,9.));
#2725 = DIRECTION('',(0.,0.,1.));
#2726 = DIRECTION('',(1.,0.,0.));
#2727 = PLANE('',#2728);
#2728 = AXIS2_PLACEMENT_3D('',#2729,#2730,#2731);
#2729 = CARTESIAN_POINT('',(61.5,3.5,9.));
#2730 = DIRECTION('',(0.,0.,1.));
#2731 = DIRECTION('',(1.,0.,0.));
#2732 = ADVANCED_FACE('',(#2733),#2736,.T.);
#2733 = FACE_BOUND('',#2734,.F.);
#2734 = EDGE_LOOP('',(#2735));
#2735 = ORIENTED_EDGE('',*,*,#2536,.F.);
#2736 = PLANE('',#2737);
#2737 = AXIS2_PLACEMENT_3D('',#2738,#2739,#2740);
#2738 = CARTESIAN_POINT('',(3.5,52.5,5.8));
#2739 = DIRECTION('',(0.,0.,1.));
#2740 = DIRECTION('',(1.,0.,0.));
#2741 = ADVANCED_FACE('',(#2742),#2745,.T.);
#2742 = FACE_BOUND('',#2743,.F.);
#2743 = EDGE_LOOP('',(#2744));
#2744 = ORIENTED_EDGE('',*,*,#2561,.F.);
#2745 = PLANE('',#2746);
#2746 = AXIS2_PLACEMENT_3D('',#2747,#2748,#2749);
#2747 = CARTESIAN_POINT('',(3.5,3.5,5.8));
#2748 = DIRECTION('',(0.,0.,1.));
#2749 = DIRECTION('',(1.,0.,0.));
#2750 = ADVANCED_FACE('',(#2751),#2754,.T.);
#2751 = FACE_BOUND('',#2752,.T.);
#2752 = EDGE_LOOP('',(#2753));
#2753 = ORIENTED_EDGE('',*,*,#2576,.T.);
#2754 = PLANE('',#2755);
#2755 = AXIS2_PLACEMENT_3D('',#2756,#2757,#2758);
#2756 = CARTESIAN_POINT('',(-7.,63.,45.));
#2757 = DIRECTION('',(0.,0.,1.));
#2758 = DIRECTION('',(1.,0.,0.));
#2759 = ADVANCED_FACE('',(#2760),#2779,.T.);
#2760 = FACE_BOUND('',#2761,.T.);
#2761 = EDGE_LOOP('',(#2762,#2771,#2777,#2778));
#2762 = ORIENTED_EDGE('',*,*,#2763,.F.);
#2763 = EDGE_CURVE('',#2764,#2764,#2766,.T.);
#2764 = VERTEX_POINT('',#2765);
#2765 = CARTESIAN_POINT('',(93.4,-7.,45.));
#2766 = CIRCLE('',#2767,2.4);
#2767 = AXIS2_PLACEMENT_3D('',#2768,#2769,#2770);
#2768 = CARTESIAN_POINT('',(91.,-7.,45.));
#2769 = DIRECTION('',(0.,0.,1.));
#2770 = DIRECTION('',(1.,0.,0.));
#2771 = ORIENTED_EDGE('',*,*,#2772,.F.);
#2772 = EDGE_CURVE('',#2602,#2764,#2773,.T.);
#2773 = LINE('',#2774,#2775);
#2774 = CARTESIAN_POINT('',(94.,-7.,44.4));
#2775 = VECTOR('',#2776,1.);
#2776 = DIRECTION('',(-0.707106781187,1.7E-16,0.707106781187));
#2777 = ORIENTED_EDGE('',*,*,#2609,.T.);
#2778 = ORIENTED_EDGE('',*,*,#2772,.T.);
#2779 = CONICAL_SURFACE('',#2780,3.,0.785398163397);
#2780 = AXIS2_PLACEMENT_3D('',#2781,#2782,#2783);
#2781 = CARTESIAN_POINT('',(91.,-7.,44.4));
#2782 = DIRECTION('',(-0.,-0.,-1.));
#2783 = DIRECTION('',(1.,0.,0.));
#2784 = ADVANCED_FACE('',(#2785),#2804,.T.);
#2785 = FACE_BOUND('',#2786,.T.);
#2786 = EDGE_LOOP('',(#2787,#2796,#2802,#2803));
#2787 = ORIENTED_EDGE('',*,*,#2788,.F.);
#2788 = EDGE_CURVE('',#2789,#2789,#2791,.T.);
#2789 = VERTEX_POINT('',#2790);
#2790 = CARTESIAN_POINT('',(93.4,63.,45.));
#2791 = CIRCLE('',#2792,2.4);
#2792 = AXIS2_PLACEMENT_3D('',#2793,#2794,#2795);
#2793 = CARTESIAN_POINT('',(91.,63.,45.));
#2794 = DIRECTION('',(0.,0.,1.));
#2795 = DIRECTION('',(1.,0.,0.));
#2796 = ORIENTED_EDGE('',*,*,#2797,.F.);
#2797 = EDGE_CURVE('',#2627,#2789,#2798,.T.);
#2798 = LINE('',#2799,#2800);
#2799 = CARTESIAN_POINT('',(94.,63.,44.4));
#2800 = VECTOR('',#2801,1.);
#2801 = DIRECTION('',(-0.707106781187,1.7E-16,0.707106781187));
#2802 = ORIENTED_EDGE('',*,*,#2634,.T.);
#2803 = ORIENTED_EDGE('',*,*,#2797,.T.);
#2804 = CONICAL_SURFACE('',#2805,3.,0.785398163397);
#2805 = AXIS2_PLACEMENT_3D('',#2806,#2807,#2808);
#2806 = CARTESIAN_POINT('',(91.,63.,44.4));
#2807 = DIRECTION('',(-0.,-0.,-1.));
#2808 = DIRECTION('',(1.,0.,0.));
#2809 = ADVANCED_FACE('',(#2810),#2829,.F.);
#2810 = FACE_BOUND('',#2811,.T.);
#2811 = EDGE_LOOP('',(#2812,#2820,#2821,#2822));
#2812 = ORIENTED_EDGE('',*,*,#2813,.T.);
#2813 = EDGE_CURVE('',#2814,#2700,#2816,.T.);
#2814 = VERTEX_POINT('',#2815);
#2815 = CARTESIAN_POINT('',(63.2,52.5,5.8));
#2816 = LINE('',#2817,#2818);
#2817 = CARTESIAN_POINT('',(63.2,52.5,5.8));
#2818 = VECTOR('',#2819,1.);
#2819 = DIRECTION('',(0.,0.,1.));
#2820 = ORIENTED_EDGE('',*,*,#2699,.T.);
#2821 = ORIENTED_EDGE('',*,*,#2813,.F.);
#2822 = ORIENTED_EDGE('',*,*,#2823,.F.);
#2823 = EDGE_CURVE('',#2814,#2814,#2824,.T.);
#2824 = CIRCLE('',#2825,1.7);
#2825 = AXIS2_PLACEMENT_3D('',#2826,#2827,#2828);
#2826 = CARTESIAN_POINT('',(61.5,52.5,5.8));
#2827 = DIRECTION('',(0.,0.,1.));
#2828 = DIRECTION('',(1.,0.,0.));
#2829 = CYLINDRICAL_SURFACE('',#2830,1.7);
#2830 = AXIS2_PLACEMENT_3D('',#2831,#2832,#2833);
#2831 = CARTESIAN_POINT('',(61.5,52.5,5.8));
#2832 = DIRECTION('',(-0.,-0.,-1.));
#2833 = DIRECTION('',(1.,0.,0.));
#2834 = ADVANCED_FACE('',(#2835),#2854,.F.);
#2835 = FACE_BOUND('',#2836,.T.);
#2836 = EDGE_LOOP('',(#2837,#2845,#2846,#2847));
#2837 = ORIENTED_EDGE('',*,*,#2838,.T.);
#2838 = EDGE_CURVE('',#2839,#2720,#2841,.T.);
#2839 = VERTEX_POINT('',#2840);
#2840 = CARTESIAN_POINT('',(63.2,3.5,5.8));
#2841 = LINE('',#2842,#2843);
#2842 = CARTESIAN_POINT('',(63.2,3.5,5.8));
#2843 = VECTOR('',#2844,1.);
#2844 = DIRECTION('',(0.,0.,1.));
#2845 = ORIENTED_EDGE('',*,*,#2719,.T.);
#2846 = ORIENTED_EDGE('',*,*,#2838,.F.);
#2847 = ORIENTED_EDGE('',*,*,#2848,.F.);
#2848 = EDGE_CURVE('',#2839,#2839,#2849,.T.);
#2849 = CIRCLE('',#2850,1.7);
#2850 = AXIS2_PLACEMENT_3D('',#2851,#2852,#2853);
#2851 = CARTESIAN_POINT('',(61.5,3.5,5.8));
#2852 = DIRECTION('',(0.,0.,1.));
#2853 = DIRECTION('',(1.,0.,0.));
#2854 = CYLINDRICAL_SURFACE('',#2855,1.7);
#2855 = AXIS2_PLACEMENT_3D('',#2856,#2857,#2858);
#2856 = CARTESIAN_POINT('',(61.5,3.5,5.8));
#2857 = DIRECTION('',(-0.,-0.,-1.));
#2858 = DIRECTION('',(1.,0.,0.));
#2859 = ADVANCED_FACE('',(#2860),#2863,.T.);
#2860 = FACE_BOUND('',#2861,.T.);
#2861 = EDGE_LOOP('',(#2862));
#2862 = ORIENTED_EDGE('',*,*,#2763,.T.);
#2863 = PLANE('',#2864);
#2864 = AXIS2_PLACEMENT_3D('',#2865,#2866,#2867);
#2865 = CARTESIAN_POINT('',(91.,-7.,45.));
#2866 = DIRECTION('',(0.,0.,1.));
#2867 = DIRECTION('',(1.,0.,0.));
#2868 = ADVANCED_FACE('',(#2869),#2872,.T.);
#2869 = FACE_BOUND('',#2870,.T.);
#2870 = EDGE_LOOP('',(#2871));
#2871 = ORIENTED_EDGE('',*,*,#2788,.T.);
#2872 = PLANE('',#2873);
#2873 = AXIS2_PLACEMENT_3D('',#2874,#2875,#2876);
#2874 = CARTESIAN_POINT('',(91.,63.,45.));
#2875 = DIRECTION('',(0.,0.,1.));
#2876 = DIRECTION('',(1.,0.,0.));
#2877 = ADVANCED_FACE('',(#2878),#2881,.T.);
#2878 = FACE_BOUND('',#2879,.F.);
#2879 = EDGE_LOOP('',(#2880));
#2880 = ORIENTED_EDGE('',*,*,#2823,.F.);
#2881 = PLANE('',#2882);
#2882 = AXIS2_PLACEMENT_3D('',#2883,#2884,#2885);
#2883 = CARTESIAN_POINT('',(61.5,52.5,5.8));
#2884 = DIRECTION('',(0.,0.,1.));
#2885 = DIRECTION('',(1.,0.,0.));
#2886 = ADVANCED_FACE('',(#2887),#2890,.T.);
#2887 = FACE_BOUND('',#2888,.F.);
#2888 = EDGE_LOOP('',(#2889));
#2889 = ORIENTED_EDGE('',*,*,#2848,.F.);
#2890 = PLANE('',#2891);
#2891 = AXIS2_PLACEMENT_3D('',#2892,#2893,#2894);
#2892 = CARTESIAN_POINT('',(61.5,3.5,5.8));
#2893 = DIRECTION('',(0.,0.,1.));
#2894 = DIRECTION('',(1.,0.,0.));
#2895 = MANIFOLD_SOLID_BREP('',#2896);
#2896 = CLOSED_SHELL('',(#2897,#2930,#2939,#2959,#2984,#3004,#3029,#3054
    ));
#2897 = ADVANCED_FACE('',(#2898),#2925,.T.);
#2898 = FACE_BOUND('',#2899,.F.);
#2899 = EDGE_LOOP('',(#2900,#2910,#2917,#2918));
#2900 = ORIENTED_EDGE('',*,*,#2901,.T.);
#2901 = EDGE_CURVE('',#2902,#2904,#2906,.T.);
#2902 = VERTEX_POINT('',#2903);
#2903 = CARTESIAN_POINT('',(5.,3.5,6.));
#2904 = VERTEX_POINT('',#2905);
#2905 = CARTESIAN_POINT('',(5.,3.5,9.));
#2906 = LINE('',#2907,#2908);
#2907 = CARTESIAN_POINT('',(5.,3.5,6.));
#2908 = VECTOR('',#2909,1.);
#2909 = DIRECTION('',(0.,0.,1.));
#2910 = ORIENTED_EDGE('',*,*,#2911,.T.);
#2911 = EDGE_CURVE('',#2904,#2904,#2912,.T.);
#2912 = CIRCLE('',#2913,1.5);
#2913 = AXIS2_PLACEMENT_3D('',#2914,#2915,#2916);
#2914 = CARTESIAN_POINT('',(3.5,3.5,9.));
#2915 = DIRECTION('',(0.,0.,1.));
#2916 = DIRECTION('',(1.,0.,0.));
#2917 = ORIENTED_EDGE('',*,*,#2901,.F.);
#2918 = ORIENTED_EDGE('',*,*,#2919,.F.);
#2919 = EDGE_CURVE('',#2902,#2902,#2920,.T.);
#2920 = CIRCLE('',#2921,1.5);
#2921 = AXIS2_PLACEMENT_3D('',#2922,#2923,#2924);
#2922 = CARTESIAN_POINT('',(3.5,3.5,6.));
#2923 = DIRECTION('',(0.,0.,1.));
#2924 = DIRECTION('',(1.,0.,0.));
#2925 = CYLINDRICAL_SURFACE('',#2926,1.5);
#2926 = AXIS2_PLACEMENT_3D('',#2927,#2928,#2929);
#2927 = CARTESIAN_POINT('',(3.5,3.5,6.));
#2928 = DIRECTION('',(-0.,-0.,-1.));
#2929 = DIRECTION('',(1.,0.,0.));
#2930 = ADVANCED_FACE('',(#2931),#2934,.F.);
#2931 = FACE_BOUND('',#2932,.T.);
#2932 = EDGE_LOOP('',(#2933));
#2933 = ORIENTED_EDGE('',*,*,#2919,.F.);
#2934 = PLANE('',#2935);
#2935 = AXIS2_PLACEMENT_3D('',#2936,#2937,#2938);
#2936 = CARTESIAN_POINT('',(3.5,3.5,6.));
#2937 = DIRECTION('',(0.,0.,1.));
#2938 = DIRECTION('',(1.,0.,0.));
#2939 = ADVANCED_FACE('',(#2940,#2951),#2954,.F.);
#2940 = FACE_BOUND('',#2941,.F.);
#2941 = EDGE_LOOP('',(#2942));
#2942 = ORIENTED_EDGE('',*,*,#2943,.T.);
#2943 = EDGE_CURVE('',#2944,#2944,#2946,.T.);
#2944 = VERTEX_POINT('',#2945);
#2945 = CARTESIAN_POINT('',(5.8,3.5,9.));
#2946 = CIRCLE('',#2947,2.3);
#2947 = AXIS2_PLACEMENT_3D('',#2948,#2949,#2950);
#2948 = CARTESIAN_POINT('',(3.5,3.5,9.));
#2949 = DIRECTION('',(0.,0.,1.));
#2950 = DIRECTION('',(1.,0.,0.));
#2951 = FACE_BOUND('',#2952,.F.);
#2952 = EDGE_LOOP('',(#2953));
#2953 = ORIENTED_EDGE('',*,*,#2911,.F.);
#2954 = PLANE('',#2955);
#2955 = AXIS2_PLACEMENT_3D('',#2956,#2957,#2958);
#2956 = CARTESIAN_POINT('',(3.5,3.5,9.));
#2957 = DIRECTION('',(0.,0.,1.));
#2958 = DIRECTION('',(1.,0.,0.));
#2959 = ADVANCED_FACE('',(#2960),#2979,.T.);
#2960 = FACE_BOUND('',#2961,.F.);
#2961 = EDGE_LOOP('',(#2962,#2970,#2977,#2978));
#2962 = ORIENTED_EDGE('',*,*,#2963,.T.);
#2963 = EDGE_CURVE('',#2944,#2964,#2966,.T.);
#2964 = VERTEX_POINT('',#2965);
#2965 = CARTESIAN_POINT('',(5.8,3.5,10.));
#2966 = LINE('',#2967,#2968);
#2967 = CARTESIAN_POINT('',(5.8,3.5,9.));
#2968 = VECTOR('',#2969,1.);
#2969 = DIRECTION('',(0.,0.,1.));
#2970 = ORIENTED_EDGE('',*,*,#2971,.T.);
#2971 = EDGE_CURVE('',#2964,#2964,#2972,.T.);
#2972 = CIRCLE('',#2973,2.3);
#2973 = AXIS2_PLACEMENT_3D('',#2974,#2975,#2976);
#2974 = CARTESIAN_POINT('',(3.5,3.5,10.));
#2975 = DIRECTION('',(0.,0.,1.));
#2976 = DIRECTION('',(1.,0.,0.));
#2977 = ORIENTED_EDGE('',*,*,#2963,.F.);
#2978 = ORIENTED_EDGE('',*,*,#2943,.F.);
#2979 = CYLINDRICAL_SURFACE('',#2980,2.3);
#2980 = AXIS2_PLACEMENT_3D('',#2981,#2982,#2983);
#2981 = CARTESIAN_POINT('',(3.5,3.5,9.));
#2982 = DIRECTION('',(-0.,-0.,-1.));
#2983 = DIRECTION('',(1.,0.,0.));
#2984 = ADVANCED_FACE('',(#2985,#2988),#2999,.T.);
#2985 = FACE_BOUND('',#2986,.T.);
#2986 = EDGE_LOOP('',(#2987));
#2987 = ORIENTED_EDGE('',*,*,#2971,.T.);
#2988 = FACE_BOUND('',#2989,.T.);
#2989 = EDGE_LOOP('',(#2990));
#2990 = ORIENTED_EDGE('',*,*,#2991,.F.);
#2991 = EDGE_CURVE('',#2992,#2992,#2994,.T.);
#2992 = VERTEX_POINT('',#2993);
#2993 = CARTESIAN_POINT('',(4.675,3.5,10.));
#2994 = CIRCLE('',#2995,1.175);
#2995 = AXIS2_PLACEMENT_3D('',#2996,#2997,#2998);
#2996 = CARTESIAN_POINT('',(3.5,3.5,10.));
#2997 = DIRECTION('',(0.,0.,1.));
#2998 = DIRECTION('',(1.,0.,0.));
#2999 = PLANE('',#3000);
#3000 = AXIS2_PLACEMENT_3D('',#3001,#3002,#3003);
#3001 = CARTESIAN_POINT('',(3.5,3.5,10.));
#3002 = DIRECTION('',(0.,0.,1.));
#3003 = DIRECTION('',(1.,0.,0.));
#3004 = ADVANCED_FACE('',(#3005),#3024,.T.);
#3005 = FACE_BOUND('',#3006,.F.);
#3006 = EDGE_LOOP('',(#3007,#3015,#3022,#3023));
#3007 = ORIENTED_EDGE('',*,*,#3008,.T.);
#3008 = EDGE_CURVE('',#2992,#3009,#3011,.T.);
#3009 = VERTEX_POINT('',#3010);
#3010 = CARTESIAN_POINT('',(4.675,3.5,11.4));
#3011 = LINE('',#3012,#3013);
#3012 = CARTESIAN_POINT('',(4.675,3.5,10.));
#3013 = VECTOR('',#3014,1.);
#3014 = DIRECTION('',(0.,0.,1.));
#3015 = ORIENTED_EDGE('',*,*,#3016,.T.);
#3016 = EDGE_CURVE('',#3009,#3009,#3017,.T.);
#3017 = CIRCLE('',#3018,1.175);
#3018 = AXIS2_PLACEMENT_3D('',#3019,#3020,#3021);
#3019 = CARTESIAN_POINT('',(3.5,3.5,11.4));
#3020 = DIRECTION('',(0.,0.,1.));
#3021 = DIRECTION('',(1.,0.,0.));
#3022 = ORIENTED_EDGE('',*,*,#3008,.F.);
#3023 = ORIENTED_EDGE('',*,*,#2991,.F.);
#3024 = CYLINDRICAL_SURFACE('',#3025,1.175);
#3025 = AXIS2_PLACEMENT_3D('',#3026,#3027,#3028);
#3026 = CARTESIAN_POINT('',(3.5,3.5,10.));
#3027 = DIRECTION('',(-0.,-0.,-1.));
#3028 = DIRECTION('',(1.,0.,0.));
#3029 = ADVANCED_FACE('',(#3030),#3049,.T.);
#3030 = FACE_BOUND('',#3031,.T.);
#3031 = EDGE_LOOP('',(#3032,#3041,#3047,#3048));
#3032 = ORIENTED_EDGE('',*,*,#3033,.F.);
#3033 = EDGE_CURVE('',#3034,#3034,#3036,.T.);
#3034 = VERTEX_POINT('',#3035);
#3035 = CARTESIAN_POINT('',(4.275,3.5,11.8));
#3036 = CIRCLE('',#3037,0.775);
#3037 = AXIS2_PLACEMENT_3D('',#3038,#3039,#3040);
#3038 = CARTESIAN_POINT('',(3.5,3.5,11.8));
#3039 = DIRECTION('',(0.,0.,1.));
#3040 = DIRECTION('',(1.,0.,0.));
#3041 = ORIENTED_EDGE('',*,*,#3042,.F.);
#3042 = EDGE_CURVE('',#3009,#3034,#3043,.T.);
#3043 = LINE('',#3044,#3045);
#3044 = CARTESIAN_POINT('',(4.675,3.5,11.4));
#3045 = VECTOR('',#3046,1.);
#3046 = DIRECTION('',(-0.707106781187,1.7E-16,0.707106781187));
#3047 = ORIENTED_EDGE('',*,*,#3016,.T.);
#3048 = ORIENTED_EDGE('',*,*,#3042,.T.);
#3049 = CONICAL_SURFACE('',#3050,1.175,0.785398163397);
#3050 = AXIS2_PLACEMENT_3D('',#3051,#3052,#3053);
#3051 = CARTESIAN_POINT('',(3.5,3.5,11.4));
#3052 = DIRECTION('',(-0.,-0.,-1.));
#3053 = DIRECTION('',(1.,0.,0.));
#3054 = ADVANCED_FACE('',(#3055),#3058,.T.);
#3055 = FACE_BOUND('',#3056,.T.);
#3056 = EDGE_LOOP('',(#3057));
#3057 = ORIENTED_EDGE('',*,*,#3033,.T.);
#3058 = PLANE('',#3059);
#3059 = AXIS2_PLACEMENT_3D('',#3060,#3061,#3062);
#3060 = CARTESIAN_POINT('',(3.5,3.5,11.8));
#3061 = DIRECTION('',(0.,0.,1.));
#3062 = DIRECTION('',(1.,0.,0.));
#3063 = MANIFOLD_SOLID_BREP('',#3064);
#3064 = CLOSED_SHELL('',(#3065,#3098,#3107,#3127,#3152,#3172,#3197,#3222
    ));
#3065 = ADVANCED_FACE('',(#3066),#3093,.T.);
#3066 = FACE_BOUND('',#3067,.F.);
#3067 = EDGE_LOOP('',(#3068,#3078,#3085,#3086));
#3068 = ORIENTED_EDGE('',*,*,#3069,.T.);
#3069 = EDGE_CURVE('',#3070,#3072,#3074,.T.);
#3070 = VERTEX_POINT('',#3071);
#3071 = CARTESIAN_POINT('',(63.,3.5,6.));
#3072 = VERTEX_POINT('',#3073);
#3073 = CARTESIAN_POINT('',(63.,3.5,9.));
#3074 = LINE('',#3075,#3076);
#3075 = CARTESIAN_POINT('',(63.,3.5,6.));
#3076 = VECTOR('',#3077,1.);
#3077 = DIRECTION('',(0.,0.,1.));
#3078 = ORIENTED_EDGE('',*,*,#3079,.T.);
#3079 = EDGE_CURVE('',#3072,#3072,#3080,.T.);
#3080 = CIRCLE('',#3081,1.5);
#3081 = AXIS2_PLACEMENT_3D('',#3082,#3083,#3084);
#3082 = CARTESIAN_POINT('',(61.5,3.5,9.));
#3083 = DIRECTION('',(0.,0.,1.));
#3084 = DIRECTION('',(1.,0.,0.));
#3085 = ORIENTED_EDGE('',*,*,#3069,.F.);
#3086 = ORIENTED_EDGE('',*,*,#3087,.F.);
#3087 = EDGE_CURVE('',#3070,#3070,#3088,.T.);
#3088 = CIRCLE('',#3089,1.5);
#3089 = AXIS2_PLACEMENT_3D('',#3090,#3091,#3092);
#3090 = CARTESIAN_POINT('',(61.5,3.5,6.));
#3091 = DIRECTION('',(0.,0.,1.));
#3092 = DIRECTION('',(1.,0.,0.));
#3093 = CYLINDRICAL_SURFACE('',#3094,1.5);
#3094 = AXIS2_PLACEMENT_3D('',#3095,#3096,#3097);
#3095 = CARTESIAN_POINT('',(61.5,3.5,6.));
#3096 = DIRECTION('',(-0.,-0.,-1.));
#3097 = DIRECTION('',(1.,0.,0.));
#3098 = ADVANCED_FACE('',(#3099),#3102,.F.);
#3099 = FACE_BOUND('',#3100,.T.);
#3100 = EDGE_LOOP('',(#3101));
#3101 = ORIENTED_EDGE('',*,*,#3087,.F.);
#3102 = PLANE('',#3103);
#3103 = AXIS2_PLACEMENT_3D('',#3104,#3105,#3106);
#3104 = CARTESIAN_POINT('',(61.5,3.5,6.));
#3105 = DIRECTION('',(0.,0.,1.));
#3106 = DIRECTION('',(1.,0.,0.));
#3107 = ADVANCED_FACE('',(#3108,#3119),#3122,.F.);
#3108 = FACE_BOUND('',#3109,.F.);
#3109 = EDGE_LOOP('',(#3110));
#3110 = ORIENTED_EDGE('',*,*,#3111,.T.);
#3111 = EDGE_CURVE('',#3112,#3112,#3114,.T.);
#3112 = VERTEX_POINT('',#3113);
#3113 = CARTESIAN_POINT('',(63.8,3.5,9.));
#3114 = CIRCLE('',#3115,2.3);
#3115 = AXIS2_PLACEMENT_3D('',#3116,#3117,#3118);
#3116 = CARTESIAN_POINT('',(61.5,3.5,9.));
#3117 = DIRECTION('',(0.,0.,1.));
#3118 = DIRECTION('',(1.,0.,0.));
#3119 = FACE_BOUND('',#3120,.F.);
#3120 = EDGE_LOOP('',(#3121));
#3121 = ORIENTED_EDGE('',*,*,#3079,.F.);
#3122 = PLANE('',#3123);
#3123 = AXIS2_PLACEMENT_3D('',#3124,#3125,#3126);
#3124 = CARTESIAN_POINT('',(61.5,3.5,9.));
#3125 = DIRECTION('',(0.,0.,1.));
#3126 = DIRECTION('',(1.,0.,0.));
#3127 = ADVANCED_FACE('',(#3128),#3147,.T.);
#3128 = FACE_BOUND('',#3129,.F.);
#3129 = EDGE_LOOP('',(#3130,#3138,#3145,#3146));
#3130 = ORIENTED_EDGE('',*,*,#3131,.T.);
#3131 = EDGE_CURVE('',#3112,#3132,#3134,.T.);
#3132 = VERTEX_POINT('',#3133);
#3133 = CARTESIAN_POINT('',(63.8,3.5,10.));
#3134 = LINE('',#3135,#3136);
#3135 = CARTESIAN_POINT('',(63.8,3.5,9.));
#3136 = VECTOR('',#3137,1.);
#3137 = DIRECTION('',(0.,0.,1.));
#3138 = ORIENTED_EDGE('',*,*,#3139,.T.);
#3139 = EDGE_CURVE('',#3132,#3132,#3140,.T.);
#3140 = CIRCLE('',#3141,2.3);
#3141 = AXIS2_PLACEMENT_3D('',#3142,#3143,#3144);
#3142 = CARTESIAN_POINT('',(61.5,3.5,10.));
#3143 = DIRECTION('',(0.,0.,1.));
#3144 = DIRECTION('',(1.,0.,0.));
#3145 = ORIENTED_EDGE('',*,*,#3131,.F.);
#3146 = ORIENTED_EDGE('',*,*,#3111,.F.);
#3147 = CYLINDRICAL_SURFACE('',#3148,2.3);
#3148 = AXIS2_PLACEMENT_3D('',#3149,#3150,#3151);
#3149 = CARTESIAN_POINT('',(61.5,3.5,9.));
#3150 = DIRECTION('',(-0.,-0.,-1.));
#3151 = DIRECTION('',(1.,0.,0.));
#3152 = ADVANCED_FACE('',(#3153,#3156),#3167,.T.);
#3153 = FACE_BOUND('',#3154,.T.);
#3154 = EDGE_LOOP('',(#3155));
#3155 = ORIENTED_EDGE('',*,*,#3139,.T.);
#3156 = FACE_BOUND('',#3157,.T.);
#3157 = EDGE_LOOP('',(#3158));
#3158 = ORIENTED_EDGE('',*,*,#3159,.F.);
#3159 = EDGE_CURVE('',#3160,#3160,#3162,.T.);
#3160 = VERTEX_POINT('',#3161);
#3161 = CARTESIAN_POINT('',(62.675,3.5,10.));
#3162 = CIRCLE('',#3163,1.175);
#3163 = AXIS2_PLACEMENT_3D('',#3164,#3165,#3166);
#3164 = CARTESIAN_POINT('',(61.5,3.5,10.));
#3165 = DIRECTION('',(0.,0.,1.));
#3166 = DIRECTION('',(1.,0.,0.));
#3167 = PLANE('',#3168);
#3168 = AXIS2_PLACEMENT_3D('',#3169,#3170,#3171);
#3169 = CARTESIAN_POINT('',(61.5,3.5,10.));
#3170 = DIRECTION('',(0.,0.,1.));
#3171 = DIRECTION('',(1.,0.,0.));
#3172 = ADVANCED_FACE('',(#3173),#3192,.T.);
#3173 = FACE_BOUND('',#3174,.F.);
#3174 = EDGE_LOOP('',(#3175,#3183,#3190,#3191));
#3175 = ORIENTED_EDGE('',*,*,#3176,.T.);
#3176 = EDGE_CURVE('',#3160,#3177,#3179,.T.);
#3177 = VERTEX_POINT('',#3178);
#3178 = CARTESIAN_POINT('',(62.675,3.5,11.4));
#3179 = LINE('',#3180,#3181);
#3180 = CARTESIAN_POINT('',(62.675,3.5,10.));
#3181 = VECTOR('',#3182,1.);
#3182 = DIRECTION('',(0.,0.,1.));
#3183 = ORIENTED_EDGE('',*,*,#3184,.T.);
#3184 = EDGE_CURVE('',#3177,#3177,#3185,.T.);
#3185 = CIRCLE('',#3186,1.175);
#3186 = AXIS2_PLACEMENT_3D('',#3187,#3188,#3189);
#3187 = CARTESIAN_POINT('',(61.5,3.5,11.4));
#3188 = DIRECTION('',(0.,0.,1.));
#3189 = DIRECTION('',(1.,0.,0.));
#3190 = ORIENTED_EDGE('',*,*,#3176,.F.);
#3191 = ORIENTED_EDGE('',*,*,#3159,.F.);
#3192 = CYLINDRICAL_SURFACE('',#3193,1.175);
#3193 = AXIS2_PLACEMENT_3D('',#3194,#3195,#3196);
#3194 = CARTESIAN_POINT('',(61.5,3.5,10.));
#3195 = DIRECTION('',(-0.,-0.,-1.));
#3196 = DIRECTION('',(1.,0.,0.));
#3197 = ADVANCED_FACE('',(#3198),#3217,.T.);
#3198 = FACE_BOUND('',#3199,.T.);
#3199 = EDGE_LOOP('',(#3200,#3209,#3215,#3216));
#3200 = ORIENTED_EDGE('',*,*,#3201,.F.);
#3201 = EDGE_CURVE('',#3202,#3202,#3204,.T.);
#3202 = VERTEX_POINT('',#3203);
#3203 = CARTESIAN_POINT('',(62.275,3.5,11.8));
#3204 = CIRCLE('',#3205,0.775);
#3205 = AXIS2_PLACEMENT_3D('',#3206,#3207,#3208);
#3206 = CARTESIAN_POINT('',(61.5,3.5,11.8));
#3207 = DIRECTION('',(0.,0.,1.));
#3208 = DIRECTION('',(1.,0.,0.));
#3209 = ORIENTED_EDGE('',*,*,#3210,.F.);
#3210 = EDGE_CURVE('',#3177,#3202,#3211,.T.);
#3211 = LINE('',#3212,#3213);
#3212 = CARTESIAN_POINT('',(62.675,3.5,11.4));
#3213 = VECTOR('',#3214,1.);
#3214 = DIRECTION('',(-0.707106781187,1.7E-16,0.707106781187));
#3215 = ORIENTED_EDGE('',*,*,#3184,.T.);
#3216 = ORIENTED_EDGE('',*,*,#3210,.T.);
#3217 = CONICAL_SURFACE('',#3218,1.175,0.785398163397);
#3218 = AXIS2_PLACEMENT_3D('',#3219,#3220,#3221);
#3219 = CARTESIAN_POINT('',(61.5,3.5,11.4));
#3220 = DIRECTION('',(-0.,-0.,-1.));
#3221 = DIRECTION('',(1.,0.,0.));
#3222 = ADVANCED_FACE('',(#3223),#3226,.T.);
#3223 = FACE_BOUND('',#3224,.T.);
#3224 = EDGE_LOOP('',(#3225));
#3225 = ORIENTED_EDGE('',*,*,#3201,.T.);
#3226 = PLANE('',#3227);
#3227 = AXIS2_PLACEMENT_3D('',#3228,#3229,#3230);
#3228 = CARTESIAN_POINT('',(61.5,3.5,11.8));
#3229 = DIRECTION('',(0.,0.,1.));
#3230 = DIRECTION('',(1.,0.,0.));
#3231 = MANIFOLD_SOLID_BREP('',#3232);
#3232 = CLOSED_SHELL('',(#3233,#3266,#3275,#3295,#3320,#3340,#3365,#3390
    ));
#3233 = ADVANCED_FACE('',(#3234),#3261,.T.);
#3234 = FACE_BOUND('',#3235,.F.);
#3235 = EDGE_LOOP('',(#3236,#3246,#3253,#3254));
#3236 = ORIENTED_EDGE('',*,*,#3237,.T.);
#3237 = EDGE_CURVE('',#3238,#3240,#3242,.T.);
#3238 = VERTEX_POINT('',#3239);
#3239 = CARTESIAN_POINT('',(5.,52.5,6.));
#3240 = VERTEX_POINT('',#3241);
#3241 = CARTESIAN_POINT('',(5.,52.5,9.));
#3242 = LINE('',#3243,#3244);
#3243 = CARTESIAN_POINT('',(5.,52.5,6.));
#3244 = VECTOR('',#3245,1.);
#3245 = DIRECTION('',(0.,0.,1.));
#3246 = ORIENTED_EDGE('',*,*,#3247,.T.);
#3247 = EDGE_CURVE('',#3240,#3240,#3248,.T.);
#3248 = CIRCLE('',#3249,1.5);
#3249 = AXIS2_PLACEMENT_3D('',#3250,#3251,#3252);
#3250 = CARTESIAN_POINT('',(3.5,52.5,9.));
#3251 = DIRECTION('',(0.,0.,1.));
#3252 = DIRECTION('',(1.,0.,0.));
#3253 = ORIENTED_EDGE('',*,*,#3237,.F.);
#3254 = ORIENTED_EDGE('',*,*,#3255,.F.);
#3255 = EDGE_CURVE('',#3238,#3238,#3256,.T.);
#3256 = CIRCLE('',#3257,1.5);
#3257 = AXIS2_PLACEMENT_3D('',#3258,#3259,#3260);
#3258 = CARTESIAN_POINT('',(3.5,52.5,6.));
#3259 = DIRECTION('',(0.,0.,1.));
#3260 = DIRECTION('',(1.,0.,0.));
#3261 = CYLINDRICAL_SURFACE('',#3262,1.5);
#3262 = AXIS2_PLACEMENT_3D('',#3263,#3264,#3265);
#3263 = CARTESIAN_POINT('',(3.5,52.5,6.));
#3264 = DIRECTION('',(-0.,-0.,-1.));
#3265 = DIRECTION('',(1.,0.,0.));
#3266 = ADVANCED_FACE('',(#3267),#3270,.F.);
#3267 = FACE_BOUND('',#3268,.T.);
#3268 = EDGE_LOOP('',(#3269));
#3269 = ORIENTED_EDGE('',*,*,#3255,.F.);
#3270 = PLANE('',#3271);
#3271 = AXIS2_PLACEMENT_3D('',#3272,#3273,#3274);
#3272 = CARTESIAN_POINT('',(3.5,52.5,6.));
#3273 = DIRECTION('',(0.,0.,1.));
#3274 = DIRECTION('',(1.,0.,0.));
#3275 = ADVANCED_FACE('',(#3276,#3287),#3290,.F.);
#3276 = FACE_BOUND('',#3277,.F.);
#3277 = EDGE_LOOP('',(#3278));
#3278 = ORIENTED_EDGE('',*,*,#3279,.T.);
#3279 = EDGE_CURVE('',#3280,#3280,#3282,.T.);
#3280 = VERTEX_POINT('',#3281);
#3281 = CARTESIAN_POINT('',(5.8,52.5,9.));
#3282 = CIRCLE('',#3283,2.3);
#3283 = AXIS2_PLACEMENT_3D('',#3284,#3285,#3286);
#3284 = CARTESIAN_POINT('',(3.5,52.5,9.));
#3285 = DIRECTION('',(0.,0.,1.));
#3286 = DIRECTION('',(1.,0.,0.));
#3287 = FACE_BOUND('',#3288,.F.);
#3288 = EDGE_LOOP('',(#3289));
#3289 = ORIENTED_EDGE('',*,*,#3247,.F.);
#3290 = PLANE('',#3291);
#3291 = AXIS2_PLACEMENT_3D('',#3292,#3293,#3294);
#3292 = CARTESIAN_POINT('',(3.5,52.5,9.));
#3293 = DIRECTION('',(0.,0.,1.));
#3294 = DIRECTION('',(1.,0.,0.));
#3295 = ADVANCED_FACE('',(#3296),#3315,.T.);
#3296 = FACE_BOUND('',#3297,.F.);
#3297 = EDGE_LOOP('',(#3298,#3306,#3313,#3314));
#3298 = ORIENTED_EDGE('',*,*,#3299,.T.);
#3299 = EDGE_CURVE('',#3280,#3300,#3302,.T.);
#3300 = VERTEX_POINT('',#3301);
#3301 = CARTESIAN_POINT('',(5.8,52.5,10.));
#3302 = LINE('',#3303,#3304);
#3303 = CARTESIAN_POINT('',(5.8,52.5,9.));
#3304 = VECTOR('',#3305,1.);
#3305 = DIRECTION('',(0.,0.,1.));
#3306 = ORIENTED_EDGE('',*,*,#3307,.T.);
#3307 = EDGE_CURVE('',#3300,#3300,#3308,.T.);
#3308 = CIRCLE('',#3309,2.3);
#3309 = AXIS2_PLACEMENT_3D('',#3310,#3311,#3312);
#3310 = CARTESIAN_POINT('',(3.5,52.5,10.));
#3311 = DIRECTION('',(0.,0.,1.));
#3312 = DIRECTION('',(1.,0.,0.));
#3313 = ORIENTED_EDGE('',*,*,#3299,.F.);
#3314 = ORIENTED_EDGE('',*,*,#3279,.F.);
#3315 = CYLINDRICAL_SURFACE('',#3316,2.3);
#3316 = AXIS2_PLACEMENT_3D('',#3317,#3318,#3319);
#3317 = CARTESIAN_POINT('',(3.5,52.5,9.));
#3318 = DIRECTION('',(-0.,-0.,-1.));
#3319 = DIRECTION('',(1.,0.,0.));
#3320 = ADVANCED_FACE('',(#3321,#3324),#3335,.T.);
#3321 = FACE_BOUND('',#3322,.T.);
#3322 = EDGE_LOOP('',(#3323));
#3323 = ORIENTED_EDGE('',*,*,#3307,.T.);
#3324 = FACE_BOUND('',#3325,.T.);
#3325 = EDGE_LOOP('',(#3326));
#3326 = ORIENTED_EDGE('',*,*,#3327,.F.);
#3327 = EDGE_CURVE('',#3328,#3328,#3330,.T.);
#3328 = VERTEX_POINT('',#3329);
#3329 = CARTESIAN_POINT('',(4.675,52.5,10.));
#3330 = CIRCLE('',#3331,1.175);
#3331 = AXIS2_PLACEMENT_3D('',#3332,#3333,#3334);
#3332 = CARTESIAN_POINT('',(3.5,52.5,10.));
#3333 = DIRECTION('',(0.,0.,1.));
#3334 = DIRECTION('',(1.,0.,0.));
#3335 = PLANE('',#3336);
#3336 = AXIS2_PLACEMENT_3D('',#3337,#3338,#3339);
#3337 = CARTESIAN_POINT('',(3.5,52.5,10.));
#3338 = DIRECTION('',(0.,0.,1.));
#3339 = DIRECTION('',(1.,0.,0.));
#3340 = ADVANCED_FACE('',(#3341),#3360,.T.);
#3341 = FACE_BOUND('',#3342,.F.);
#3342 = EDGE_LOOP('',(#3343,#3351,#3358,#3359));
#3343 = ORIENTED_EDGE('',*,*,#3344,.T.);
#3344 = EDGE_CURVE('',#3328,#3345,#3347,.T.);
#3345 = VERTEX_POINT('',#3346);
#3346 = CARTESIAN_POINT('',(4.675,52.5,11.4));
#3347 = LINE('',#3348,#3349);
#3348 = CARTESIAN_POINT('',(4.675,52.5,10.));
#3349 = VECTOR('',#3350,1.);
#3350 = DIRECTION('',(0.,0.,1.));
#3351 = ORIENTED_EDGE('',*,*,#3352,.T.);
#3352 = EDGE_CURVE('',#3345,#3345,#3353,.T.);
#3353 = CIRCLE('',#3354,1.175);
#3354 = AXIS2_PLACEMENT_3D('',#3355,#3356,#3357);
#3355 = CARTESIAN_POINT('',(3.5,52.5,11.4));
#3356 = DIRECTION('',(0.,0.,1.));
#3357 = DIRECTION('',(1.,0.,0.));
#3358 = ORIENTED_EDGE('',*,*,#3344,.F.);
#3359 = ORIENTED_EDGE('',*,*,#3327,.F.);
#3360 = CYLINDRICAL_SURFACE('',#3361,1.175);
#3361 = AXIS2_PLACEMENT_3D('',#3362,#3363,#3364);
#3362 = CARTESIAN_POINT('',(3.5,52.5,10.));
#3363 = DIRECTION('',(-0.,-0.,-1.));
#3364 = DIRECTION('',(1.,0.,0.));
#3365 = ADVANCED_FACE('',(#3366),#3385,.T.);
#3366 = FACE_BOUND('',#3367,.T.);
#3367 = EDGE_LOOP('',(#3368,#3377,#3383,#3384));
#3368 = ORIENTED_EDGE('',*,*,#3369,.F.);
#3369 = EDGE_CURVE('',#3370,#3370,#3372,.T.);
#3370 = VERTEX_POINT('',#3371);
#3371 = CARTESIAN_POINT('',(4.275,52.5,11.8));
#3372 = CIRCLE('',#3373,0.775);
#3373 = AXIS2_PLACEMENT_3D('',#3374,#3375,#3376);
#3374 = CARTESIAN_POINT('',(3.5,52.5,11.8));
#3375 = DIRECTION('',(0.,0.,1.));
#3376 = DIRECTION('',(1.,0.,0.));
#3377 = ORIENTED_EDGE('',*,*,#3378,.F.);
#3378 = EDGE_CURVE('',#3345,#3370,#3379,.T.);
#3379 = LINE('',#3380,#3381);
#3380 = CARTESIAN_POINT('',(4.675,52.5,11.4));
#3381 = VECTOR('',#3382,1.);
#3382 = DIRECTION('',(-0.707106781187,1.7E-16,0.707106781187));
#3383 = ORIENTED_EDGE('',*,*,#3352,.T.);
#3384 = ORIENTED_EDGE('',*,*,#3378,.T.);
#3385 = CONICAL_SURFACE('',#3386,1.175,0.785398163397);
#3386 = AXIS2_PLACEMENT_3D('',#3387,#3388,#3389);
#3387 = CARTESIAN_POINT('',(3.5,52.5,11.4));
#3388 = DIRECTION('',(-0.,-0.,-1.));
#3389 = DIRECTION('',(1.,0.,0.));
#3390 = ADVANCED_FACE('',(#3391),#3394,.T.);
#3391 = FACE_BOUND('',#3392,.T.);
#3392 = EDGE_LOOP('',(#3393));
#3393 = ORIENTED_EDGE('',*,*,#3369,.T.);
#3394 = PLANE('',#3395);
#3395 = AXIS2_PLACEMENT_3D('',#3396,#3397,#3398);
#3396 = CARTESIAN_POINT('',(3.5,52.5,11.8));
#3397 = DIRECTION('',(0.,0.,1.));
#3398 = DIRECTION('',(1.,0.,0.));
#3399 = MANIFOLD_SOLID_BREP('',#3400);
#3400 = CLOSED_SHELL('',(#3401,#3434,#3443,#3463,#3488,#3508,#3533,#3558
    ));
#3401 = ADVANCED_FACE('',(#3402),#3429,.T.);
#3402 = FACE_BOUND('',#3403,.F.);
#3403 = EDGE_LOOP('',(#3404,#3414,#3421,#3422));
#3404 = ORIENTED_EDGE('',*,*,#3405,.T.);
#3405 = EDGE_CURVE('',#3406,#3408,#3410,.T.);
#3406 = VERTEX_POINT('',#3407);
#3407 = CARTESIAN_POINT('',(63.,52.5,6.));
#3408 = VERTEX_POINT('',#3409);
#3409 = CARTESIAN_POINT('',(63.,52.5,9.));
#3410 = LINE('',#3411,#3412);
#3411 = CARTESIAN_POINT('',(63.,52.5,6.));
#3412 = VECTOR('',#3413,1.);
#3413 = DIRECTION('',(0.,0.,1.));
#3414 = ORIENTED_EDGE('',*,*,#3415,.T.);
#3415 = EDGE_CURVE('',#3408,#3408,#3416,.T.);
#3416 = CIRCLE('',#3417,1.5);
#3417 = AXIS2_PLACEMENT_3D('',#3418,#3419,#3420);
#3418 = CARTESIAN_POINT('',(61.5,52.5,9.));
#3419 = DIRECTION('',(0.,0.,1.));
#3420 = DIRECTION('',(1.,0.,0.));
#3421 = ORIENTED_EDGE('',*,*,#3405,.F.);
#3422 = ORIENTED_EDGE('',*,*,#3423,.F.);
#3423 = EDGE_CURVE('',#3406,#3406,#3424,.T.);
#3424 = CIRCLE('',#3425,1.5);
#3425 = AXIS2_PLACEMENT_3D('',#3426,#3427,#3428);
#3426 = CARTESIAN_POINT('',(61.5,52.5,6.));
#3427 = DIRECTION('',(0.,0.,1.));
#3428 = DIRECTION('',(1.,0.,0.));
#3429 = CYLINDRICAL_SURFACE('',#3430,1.5);
#3430 = AXIS2_PLACEMENT_3D('',#3431,#3432,#3433);
#3431 = CARTESIAN_POINT('',(61.5,52.5,6.));
#3432 = DIRECTION('',(-0.,-0.,-1.));
#3433 = DIRECTION('',(1.,0.,0.));
#3434 = ADVANCED_FACE('',(#3435),#3438,.F.);
#3435 = FACE_BOUND('',#3436,.T.);
#3436 = EDGE_LOOP('',(#3437));
#3437 = ORIENTED_EDGE('',*,*,#3423,.F.);
#3438 = PLANE('',#3439);
#3439 = AXIS2_PLACEMENT_3D('',#3440,#3441,#3442);
#3440 = CARTESIAN_POINT('',(61.5,52.5,6.));
#3441 = DIRECTION('',(0.,0.,1.));
#3442 = DIRECTION('',(1.,0.,0.));
#3443 = ADVANCED_FACE('',(#3444,#3455),#3458,.F.);
#3444 = FACE_BOUND('',#3445,.F.);
#3445 = EDGE_LOOP('',(#3446));
#3446 = ORIENTED_EDGE('',*,*,#3447,.T.);
#3447 = EDGE_CURVE('',#3448,#3448,#3450,.T.);
#3448 = VERTEX_POINT('',#3449);
#3449 = CARTESIAN_POINT('',(63.8,52.5,9.));
#3450 = CIRCLE('',#3451,2.3);
#3451 = AXIS2_PLACEMENT_3D('',#3452,#3453,#3454);
#3452 = CARTESIAN_POINT('',(61.5,52.5,9.));
#3453 = DIRECTION('',(0.,0.,1.));
#3454 = DIRECTION('',(1.,0.,0.));
#3455 = FACE_BOUND('',#3456,.F.);
#3456 = EDGE_LOOP('',(#3457));
#3457 = ORIENTED_EDGE('',*,*,#3415,.F.);
#3458 = PLANE('',#3459);
#3459 = AXIS2_PLACEMENT_3D('',#3460,#3461,#3462);
#3460 = CARTESIAN_POINT('',(61.5,52.5,9.));
#3461 = DIRECTION('',(0.,0.,1.));
#3462 = DIRECTION('',(1.,0.,0.));
#3463 = ADVANCED_FACE('',(#3464),#3483,.T.);
#3464 = FACE_BOUND('',#3465,.F.);
#3465 = EDGE_LOOP('',(#3466,#3474,#3481,#3482));
#3466 = ORIENTED_EDGE('',*,*,#3467,.T.);
#3467 = EDGE_CURVE('',#3448,#3468,#3470,.T.);
#3468 = VERTEX_POINT('',#3469);
#3469 = CARTESIAN_POINT('',(63.8,52.5,10.));
#3470 = LINE('',#3471,#3472);
#3471 = CARTESIAN_POINT('',(63.8,52.5,9.));
#3472 = VECTOR('',#3473,1.);
#3473 = DIRECTION('',(0.,0.,1.));
#3474 = ORIENTED_EDGE('',*,*,#3475,.T.);
#3475 = EDGE_CURVE('',#3468,#3468,#3476,.T.);
#3476 = CIRCLE('',#3477,2.3);
#3477 = AXIS2_PLACEMENT_3D('',#3478,#3479,#3480);
#3478 = CARTESIAN_POINT('',(61.5,52.5,10.));
#3479 = DIRECTION('',(0.,0.,1.));
#3480 = DIRECTION('',(1.,0.,0.));
#3481 = ORIENTED_EDGE('',*,*,#3467,.F.);
#3482 = ORIENTED_EDGE('',*,*,#3447,.F.);
#3483 = CYLINDRICAL_SURFACE('',#3484,2.3);
#3484 = AXIS2_PLACEMENT_3D('',#3485,#3486,#3487);
#3485 = CARTESIAN_POINT('',(61.5,52.5,9.));
#3486 = DIRECTION('',(-0.,-0.,-1.));
#3487 = DIRECTION('',(1.,0.,0.));
#3488 = ADVANCED_FACE('',(#3489,#3492),#3503,.T.);
#3489 = FACE_BOUND('',#3490,.T.);
#3490 = EDGE_LOOP('',(#3491));
#3491 = ORIENTED_EDGE('',*,*,#3475,.T.);
#3492 = FACE_BOUND('',#3493,.T.);
#3493 = EDGE_LOOP('',(#3494));
#3494 = ORIENTED_EDGE('',*,*,#3495,.F.);
#3495 = EDGE_CURVE('',#3496,#3496,#3498,.T.);
#3496 = VERTEX_POINT('',#3497);
#3497 = CARTESIAN_POINT('',(62.675,52.5,10.));
#3498 = CIRCLE('',#3499,1.175);
#3499 = AXIS2_PLACEMENT_3D('',#3500,#3501,#3502);
#3500 = CARTESIAN_POINT('',(61.5,52.5,10.));
#3501 = DIRECTION('',(0.,0.,1.));
#3502 = DIRECTION('',(1.,0.,0.));
#3503 = PLANE('',#3504);
#3504 = AXIS2_PLACEMENT_3D('',#3505,#3506,#3507);
#3505 = CARTESIAN_POINT('',(61.5,52.5,10.));
#3506 = DIRECTION('',(0.,0.,1.));
#3507 = DIRECTION('',(1.,0.,0.));
#3508 = ADVANCED_FACE('',(#3509),#3528,.T.);
#3509 = FACE_BOUND('',#3510,.F.);
#3510 = EDGE_LOOP('',(#3511,#3519,#3526,#3527));
#3511 = ORIENTED_EDGE('',*,*,#3512,.T.);
#3512 = EDGE_CURVE('',#3496,#3513,#3515,.T.);
#3513 = VERTEX_POINT('',#3514);
#3514 = CARTESIAN_POINT('',(62.675,52.5,11.4));
#3515 = LINE('',#3516,#3517);
#3516 = CARTESIAN_POINT('',(62.675,52.5,10.));
#3517 = VECTOR('',#3518,1.);
#3518 = DIRECTION('',(0.,0.,1.));
#3519 = ORIENTED_EDGE('',*,*,#3520,.T.);
#3520 = EDGE_CURVE('',#3513,#3513,#3521,.T.);
#3521 = CIRCLE('',#3522,1.175);
#3522 = AXIS2_PLACEMENT_3D('',#3523,#3524,#3525);
#3523 = CARTESIAN_POINT('',(61.5,52.5,11.4));
#3524 = DIRECTION('',(0.,0.,1.));
#3525 = DIRECTION('',(1.,0.,0.));
#3526 = ORIENTED_EDGE('',*,*,#3512,.F.);
#3527 = ORIENTED_EDGE('',*,*,#3495,.F.);
#3528 = CYLINDRICAL_SURFACE('',#3529,1.175);
#3529 = AXIS2_PLACEMENT_3D('',#3530,#3531,#3532);
#3530 = CARTESIAN_POINT('',(61.5,52.5,10.));
#3531 = DIRECTION('',(-0.,-0.,-1.));
#3532 = DIRECTION('',(1.,0.,0.));
#3533 = ADVANCED_FACE('',(#3534),#3553,.T.);
#3534 = FACE_BOUND('',#3535,.T.);
#3535 = EDGE_LOOP('',(#3536,#3545,#3551,#3552));
#3536 = ORIENTED_EDGE('',*,*,#3537,.F.);
#3537 = EDGE_CURVE('',#3538,#3538,#3540,.T.);
#3538 = VERTEX_POINT('',#3539);
#3539 = CARTESIAN_POINT('',(62.275,52.5,11.8));
#3540 = CIRCLE('',#3541,0.775);
#3541 = AXIS2_PLACEMENT_3D('',#3542,#3543,#3544);
#3542 = CARTESIAN_POINT('',(61.5,52.5,11.8));
#3543 = DIRECTION('',(0.,0.,1.));
#3544 = DIRECTION('',(1.,0.,0.));
#3545 = ORIENTED_EDGE('',*,*,#3546,.F.);
#3546 = EDGE_CURVE('',#3513,#3538,#3547,.T.);
#3547 = LINE('',#3548,#3549);
#3548 = CARTESIAN_POINT('',(62.675,52.5,11.4));
#3549 = VECTOR('',#3550,1.);
#3550 = DIRECTION('',(-0.707106781187,1.7E-16,0.707106781187));
#3551 = ORIENTED_EDGE('',*,*,#3520,.T.);
#3552 = ORIENTED_EDGE('',*,*,#3546,.T.);
#3553 = CONICAL_SURFACE('',#3554,1.175,0.785398163397);
#3554 = AXIS2_PLACEMENT_3D('',#3555,#3556,#3557);
#3555 = CARTESIAN_POINT('',(61.5,52.5,11.4));
#3556 = DIRECTION('',(-0.,-0.,-1.));
#3557 = DIRECTION('',(1.,0.,0.));
#3558 = ADVANCED_FACE('',(#3559),#3562,.T.);
#3559 = FACE_BOUND('',#3560,.T.);
#3560 = EDGE_LOOP('',(#3561));
#3561 = ORIENTED_EDGE('',*,*,#3537,.T.);
#3562 = PLANE('',#3563);
#3563 = AXIS2_PLACEMENT_3D('',#3564,#3565,#3566);
#3564 = CARTESIAN_POINT('',(61.5,52.5,11.8));
#3565 = DIRECTION('',(0.,0.,1.));
#3566 = DIRECTION('',(1.,0.,0.));
#3567 = MANIFOLD_SOLID_BREP('',#3568);
#3568 = CLOSED_SHELL('',(#3569,#3609,#3640,#3671,#3702,#3733,#3768,#3799
    ,#3825,#3837));
#3569 = ADVANCED_FACE('',(#3570),#3604,.T.);
#3570 = FACE_BOUND('',#3571,.T.);
#3571 = EDGE_LOOP('',(#3572,#3582,#3590,#3598));
#3572 = ORIENTED_EDGE('',*,*,#3573,.F.);
#3573 = EDGE_CURVE('',#3574,#3576,#3578,.T.);
#3574 = VERTEX_POINT('',#3575);
#3575 = CARTESIAN_POINT('',(-4.3,2.3,3.2));
#3576 = VERTEX_POINT('',#3577);
#3577 = CARTESIAN_POINT('',(-4.3,2.3,5.1));
#3578 = LINE('',#3579,#3580);
#3579 = CARTESIAN_POINT('',(-4.3,2.3,3.2));
#3580 = VECTOR('',#3581,1.);
#3581 = DIRECTION('',(0.,0.,1.));
#3582 = ORIENTED_EDGE('',*,*,#3583,.T.);
#3583 = EDGE_CURVE('',#3574,#3584,#3586,.T.);
#3584 = VERTEX_POINT('',#3585);
#3585 = CARTESIAN_POINT('',(-4.3,4.7,3.2));
#3586 = LINE('',#3587,#3588);
#3587 = CARTESIAN_POINT('',(-4.3,2.3,3.2));
#3588 = VECTOR('',#3589,1.);
#3589 = DIRECTION('',(0.,1.,0.));
#3590 = ORIENTED_EDGE('',*,*,#3591,.T.);
#3591 = EDGE_CURVE('',#3584,#3592,#3594,.T.);
#3592 = VERTEX_POINT('',#3593);
#3593 = CARTESIAN_POINT('',(-4.3,4.7,5.1));
#3594 = LINE('',#3595,#3596);
#3595 = CARTESIAN_POINT('',(-4.3,4.7,3.2));
#3596 = VECTOR('',#3597,1.);
#3597 = DIRECTION('',(0.,0.,1.));
#3598 = ORIENTED_EDGE('',*,*,#3599,.F.);
#3599 = EDGE_CURVE('',#3576,#3592,#3600,.T.);
#3600 = LINE('',#3601,#3602);
#3601 = CARTESIAN_POINT('',(-4.3,2.3,5.1));
#3602 = VECTOR('',#3603,1.);
#3603 = DIRECTION('',(0.,1.,0.));
#3604 = PLANE('',#3605);
#3605 = AXIS2_PLACEMENT_3D('',#3606,#3607,#3608);
#3606 = CARTESIAN_POINT('',(-4.3,2.3,3.2));
#3607 = DIRECTION('',(1.,0.,0.));
#3608 = DIRECTION('',(0.,0.,1.));
#3609 = ADVANCED_FACE('',(#3610),#3635,.T.);
#3610 = FACE_BOUND('',#3611,.T.);
#3611 = EDGE_LOOP('',(#3612,#3622,#3628,#3629));
#3612 = ORIENTED_EDGE('',*,*,#3613,.F.);
#3613 = EDGE_CURVE('',#3614,#3616,#3618,.T.);
#3614 = VERTEX_POINT('',#3615);
#3615 = CARTESIAN_POINT('',(-10.4,2.3,5.1));
#3616 = VERTEX_POINT('',#3617);
#3617 = CARTESIAN_POINT('',(-10.4,4.7,5.1));
#3618 = LINE('',#3619,#3620);
#3619 = CARTESIAN_POINT('',(-10.4,2.3,5.1));
#3620 = VECTOR('',#3621,1.);
#3621 = DIRECTION('',(0.,1.,0.));
#3622 = ORIENTED_EDGE('',*,*,#3623,.T.);
#3623 = EDGE_CURVE('',#3614,#3576,#3624,.T.);
#3624 = LINE('',#3625,#3626);
#3625 = CARTESIAN_POINT('',(-12.8,2.3,5.1));
#3626 = VECTOR('',#3627,1.);
#3627 = DIRECTION('',(1.,0.,0.));
#3628 = ORIENTED_EDGE('',*,*,#3599,.T.);
#3629 = ORIENTED_EDGE('',*,*,#3630,.F.);
#3630 = EDGE_CURVE('',#3616,#3592,#3631,.T.);
#3631 = LINE('',#3632,#3633);
#3632 = CARTESIAN_POINT('',(-12.8,4.7,5.1));
#3633 = VECTOR('',#3634,1.);
#3634 = DIRECTION('',(1.,0.,0.));
#3635 = PLANE('',#3636);
#3636 = AXIS2_PLACEMENT_3D('',#3637,#3638,#3639);
#3637 = CARTESIAN_POINT('',(-12.8,2.3,5.1));
#3638 = DIRECTION('',(0.,0.,1.));
#3639 = DIRECTION('',(1.,0.,0.));
#3640 = ADVANCED_FACE('',(#3641),#3666,.T.);
#3641 = FACE_BOUND('',#3642,.T.);
#3642 = EDGE_LOOP('',(#3643,#3651,#3652,#3660));
#3643 = ORIENTED_EDGE('',*,*,#3644,.F.);
#3644 = EDGE_CURVE('',#3614,#3645,#3647,.T.);
#3645 = VERTEX_POINT('',#3646);
#3646 = CARTESIAN_POINT('',(-10.4,2.3,11.636));
#3647 = LINE('',#3648,#3649);
#3648 = CARTESIAN_POINT('',(-10.4,2.3,3.2));
#3649 = VECTOR('',#3650,1.);
#3650 = DIRECTION('',(0.,0.,1.));
#3651 = ORIENTED_EDGE('',*,*,#3613,.T.);
#3652 = ORIENTED_EDGE('',*,*,#3653,.T.);
#3653 = EDGE_CURVE('',#3616,#3654,#3656,.T.);
#3654 = VERTEX_POINT('',#3655);
#3655 = CARTESIAN_POINT('',(-10.4,4.7,11.636));
#3656 = LINE('',#3657,#3658);
#3657 = CARTESIAN_POINT('',(-10.4,4.7,3.2));
#3658 = VECTOR('',#3659,1.);
#3659 = DIRECTION('',(0.,0.,1.));
#3660 = ORIENTED_EDGE('',*,*,#3661,.T.);
#3661 = EDGE_CURVE('',#3654,#3645,#3662,.T.);
#3662 = LINE('',#3663,#3664);
#3663 = CARTESIAN_POINT('',(-10.4,2.3,11.636));
#3664 = VECTOR('',#3665,1.);
#3665 = DIRECTION('',(0.,-1.,0.));
#3666 = PLANE('',#3667);
#3667 = AXIS2_PLACEMENT_3D('',#3668,#3669,#3670);
#3668 = CARTESIAN_POINT('',(-10.4,2.3,3.2));
#3669 = DIRECTION('',(1.,0.,0.));
#3670 = DIRECTION('',(0.,0.,1.));
#3671 = ADVANCED_FACE('',(#3672),#3697,.F.);
#3672 = FACE_BOUND('',#3673,.F.);
#3673 = EDGE_LOOP('',(#3674,#3675,#3683,#3691));
#3674 = ORIENTED_EDGE('',*,*,#3661,.T.);
#3675 = ORIENTED_EDGE('',*,*,#3676,.T.);
#3676 = EDGE_CURVE('',#3645,#3677,#3679,.T.);
#3677 = VERTEX_POINT('',#3678);
#3678 = CARTESIAN_POINT('',(1.2,2.3,11.636));
#3679 = LINE('',#3680,#3681);
#3680 = CARTESIAN_POINT('',(-12.8,2.3,11.636));
#3681 = VECTOR('',#3682,1.);
#3682 = DIRECTION('',(1.,0.,0.));
#3683 = ORIENTED_EDGE('',*,*,#3684,.T.);
#3684 = EDGE_CURVE('',#3677,#3685,#3687,.T.);
#3685 = VERTEX_POINT('',#3686);
#3686 = CARTESIAN_POINT('',(1.2,4.7,11.636));
#3687 = LINE('',#3688,#3689);
#3688 = CARTESIAN_POINT('',(1.2,2.3,11.636));
#3689 = VECTOR('',#3690,1.);
#3690 = DIRECTION('',(0.,1.,0.));
#3691 = ORIENTED_EDGE('',*,*,#3692,.F.);
#3692 = EDGE_CURVE('',#3654,#3685,#3693,.T.);
#3693 = LINE('',#3694,#3695);
#3694 = CARTESIAN_POINT('',(-12.8,4.7,11.636));
#3695 = VECTOR('',#3696,1.);
#3696 = DIRECTION('',(1.,0.,0.));
#3697 = PLANE('',#3698);
#3698 = AXIS2_PLACEMENT_3D('',#3699,#3700,#3701);
#3699 = CARTESIAN_POINT('',(-12.8,2.3,11.636));
#3700 = DIRECTION('',(0.,0.,1.));
#3701 = DIRECTION('',(1.,0.,0.));
#3702 = ADVANCED_FACE('',(#3703),#3728,.T.);
#3703 = FACE_BOUND('',#3704,.T.);
#3704 = EDGE_LOOP('',(#3705,#3713,#3714,#3722));
#3705 = ORIENTED_EDGE('',*,*,#3706,.F.);
#3706 = EDGE_CURVE('',#3677,#3707,#3709,.T.);
#3707 = VERTEX_POINT('',#3708);
#3708 = CARTESIAN_POINT('',(1.2,2.3,13.836));
#3709 = LINE('',#3710,#3711);
#3710 = CARTESIAN_POINT('',(1.2,2.3,11.636));
#3711 = VECTOR('',#3712,1.);
#3712 = DIRECTION('',(0.,0.,1.));
#3713 = ORIENTED_EDGE('',*,*,#3684,.T.);
#3714 = ORIENTED_EDGE('',*,*,#3715,.T.);
#3715 = EDGE_CURVE('',#3685,#3716,#3718,.T.);
#3716 = VERTEX_POINT('',#3717);
#3717 = CARTESIAN_POINT('',(1.2,4.7,13.836));
#3718 = LINE('',#3719,#3720);
#3719 = CARTESIAN_POINT('',(1.2,4.7,11.636));
#3720 = VECTOR('',#3721,1.);
#3721 = DIRECTION('',(0.,0.,1.));
#3722 = ORIENTED_EDGE('',*,*,#3723,.F.);
#3723 = EDGE_CURVE('',#3707,#3716,#3724,.T.);
#3724 = LINE('',#3725,#3726);
#3725 = CARTESIAN_POINT('',(1.2,2.3,13.836));
#3726 = VECTOR('',#3727,1.);
#3727 = DIRECTION('',(0.,1.,0.));
#3728 = PLANE('',#3729);
#3729 = AXIS2_PLACEMENT_3D('',#3730,#3731,#3732);
#3730 = CARTESIAN_POINT('',(1.2,2.3,11.636));
#3731 = DIRECTION('',(1.,0.,0.));
#3732 = DIRECTION('',(0.,0.,1.));
#3733 = ADVANCED_FACE('',(#3734),#3763,.T.);
#3734 = FACE_BOUND('',#3735,.T.);
#3735 = EDGE_LOOP('',(#3736,#3744,#3745,#3746,#3747,#3748,#3749,#3757));
#3736 = ORIENTED_EDGE('',*,*,#3737,.T.);
#3737 = EDGE_CURVE('',#3738,#3574,#3740,.T.);
#3738 = VERTEX_POINT('',#3739);
#3739 = CARTESIAN_POINT('',(-12.8,2.3,3.2));
#3740 = LINE('',#3741,#3742);
#3741 = CARTESIAN_POINT('',(-12.8,2.3,3.2));
#3742 = VECTOR('',#3743,1.);
#3743 = DIRECTION('',(1.,0.,0.));
#3744 = ORIENTED_EDGE('',*,*,#3573,.T.);
#3745 = ORIENTED_EDGE('',*,*,#3623,.F.);
#3746 = ORIENTED_EDGE('',*,*,#3644,.T.);
#3747 = ORIENTED_EDGE('',*,*,#3676,.T.);
#3748 = ORIENTED_EDGE('',*,*,#3706,.T.);
#3749 = ORIENTED_EDGE('',*,*,#3750,.F.);
#3750 = EDGE_CURVE('',#3751,#3707,#3753,.T.);
#3751 = VERTEX_POINT('',#3752);
#3752 = CARTESIAN_POINT('',(-12.8,2.3,13.836));
#3753 = LINE('',#3754,#3755);
#3754 = CARTESIAN_POINT('',(-12.8,2.3,13.836));
#3755 = VECTOR('',#3756,1.);
#3756 = DIRECTION('',(1.,0.,0.));
#3757 = ORIENTED_EDGE('',*,*,#3758,.F.);
#3758 = EDGE_CURVE('',#3738,#3751,#3759,.T.);
#3759 = LINE('',#3760,#3761);
#3760 = CARTESIAN_POINT('',(-12.8,2.3,3.2));
#3761 = VECTOR('',#3762,1.);
#3762 = DIRECTION('',(0.,0.,1.));
#3763 = PLANE('',#3764);
#3764 = AXIS2_PLACEMENT_3D('',#3765,#3766,#3767);
#3765 = CARTESIAN_POINT('',(-7.510983862572,2.3,9.243013014055));
#3766 = DIRECTION('',(-0.,-1.,-0.));
#3767 = DIRECTION('',(0.,0.,-1.));
#3768 = ADVANCED_FACE('',(#3769),#3794,.T.);
#3769 = FACE_BOUND('',#3770,.T.);
#3770 = EDGE_LOOP('',(#3771,#3772,#3780,#3788));
#3771 = ORIENTED_EDGE('',*,*,#3758,.T.);
#3772 = ORIENTED_EDGE('',*,*,#3773,.T.);
#3773 = EDGE_CURVE('',#3751,#3774,#3776,.T.);
#3774 = VERTEX_POINT('',#3775);
#3775 = CARTESIAN_POINT('',(-12.8,4.7,13.836));
#3776 = LINE('',#3777,#3778);
#3777 = CARTESIAN_POINT('',(-12.8,2.3,13.836));
#3778 = VECTOR('',#3779,1.);
#3779 = DIRECTION('',(0.,1.,0.));
#3780 = ORIENTED_EDGE('',*,*,#3781,.F.);
#3781 = EDGE_CURVE('',#3782,#3774,#3784,.T.);
#3782 = VERTEX_POINT('',#3783);
#3783 = CARTESIAN_POINT('',(-12.8,4.7,3.2));
#3784 = LINE('',#3785,#3786);
#3785 = CARTESIAN_POINT('',(-12.8,4.7,3.2));
#3786 = VECTOR('',#3787,1.);
#3787 = DIRECTION('',(0.,0.,1.));
#3788 = ORIENTED_EDGE('',*,*,#3789,.F.);
#3789 = EDGE_CURVE('',#3738,#3782,#3790,.T.);
#3790 = LINE('',#3791,#3792);
#3791 = CARTESIAN_POINT('',(-12.8,2.3,3.2));
#3792 = VECTOR('',#3793,1.);
#3793 = DIRECTION('',(0.,1.,0.));
#3794 = PLANE('',#3795);
#3795 = AXIS2_PLACEMENT_3D('',#3796,#3797,#3798);
#3796 = CARTESIAN_POINT('',(-12.8,3.5,8.518));
#3797 = DIRECTION('',(-1.,-0.,-0.));
#3798 = DIRECTION('',(0.,0.,-1.));
#3799 = ADVANCED_FACE('',(#3800),#3820,.T.);
#3800 = FACE_BOUND('',#3801,.T.);
#3801 = EDGE_LOOP('',(#3802,#3803,#3809,#3810,#3811,#3812,#3813,#3814));
#3802 = ORIENTED_EDGE('',*,*,#3781,.T.);
#3803 = ORIENTED_EDGE('',*,*,#3804,.T.);
#3804 = EDGE_CURVE('',#3774,#3716,#3805,.T.);
#3805 = LINE('',#3806,#3807);
#3806 = CARTESIAN_POINT('',(-12.8,4.7,13.836));
#3807 = VECTOR('',#3808,1.);
#3808 = DIRECTION('',(1.,0.,0.));
#3809 = ORIENTED_EDGE('',*,*,#3715,.F.);
#3810 = ORIENTED_EDGE('',*,*,#3692,.F.);
#3811 = ORIENTED_EDGE('',*,*,#3653,.F.);
#3812 = ORIENTED_EDGE('',*,*,#3630,.T.);
#3813 = ORIENTED_EDGE('',*,*,#3591,.F.);
#3814 = ORIENTED_EDGE('',*,*,#3815,.F.);
#3815 = EDGE_CURVE('',#3782,#3584,#3816,.T.);
#3816 = LINE('',#3817,#3818);
#3817 = CARTESIAN_POINT('',(-12.8,4.7,3.2));
#3818 = VECTOR('',#3819,1.);
#3819 = DIRECTION('',(1.,0.,0.));
#3820 = PLANE('',#3821);
#3821 = AXIS2_PLACEMENT_3D('',#3822,#3823,#3824);
#3822 = CARTESIAN_POINT('',(-7.510983862572,4.7,9.243013014055));
#3823 = DIRECTION('',(0.,1.,0.));
#3824 = DIRECTION('',(0.,0.,1.));
#3825 = ADVANCED_FACE('',(#3826),#3832,.F.);
#3826 = FACE_BOUND('',#3827,.T.);
#3827 = EDGE_LOOP('',(#3828,#3829,#3830,#3831));
#3828 = ORIENTED_EDGE('',*,*,#3789,.T.);
#3829 = ORIENTED_EDGE('',*,*,#3815,.T.);
#3830 = ORIENTED_EDGE('',*,*,#3583,.F.);
#3831 = ORIENTED_EDGE('',*,*,#3737,.F.);
#3832 = PLANE('',#3833);
#3833 = AXIS2_PLACEMENT_3D('',#3834,#3835,#3836);
#3834 = CARTESIAN_POINT('',(-12.8,2.3,3.2));
#3835 = DIRECTION('',(0.,0.,1.));
#3836 = DIRECTION('',(1.,0.,0.));
#3837 = ADVANCED_FACE('',(#3838),#3844,.T.);
#3838 = FACE_BOUND('',#3839,.T.);
#3839 = EDGE_LOOP('',(#3840,#3841,#3842,#3843));
#3840 = ORIENTED_EDGE('',*,*,#3773,.F.);
#3841 = ORIENTED_EDGE('',*,*,#3750,.T.);
#3842 = ORIENTED_EDGE('',*,*,#3723,.T.);
#3843 = ORIENTED_EDGE('',*,*,#3804,.F.);
#3844 = PLANE('',#3845);
#3845 = AXIS2_PLACEMENT_3D('',#3846,#3847,#3848);
#3846 = CARTESIAN_POINT('',(-5.8,3.5,13.836));
#3847 = DIRECTION('',(0.,0.,1.));
#3848 = DIRECTION('',(1.,0.,0.));
#3849 = MANIFOLD_SOLID_BREP('',#3850);
#3850 = CLOSED_SHELL('',(#3851,#3891,#3922,#3953,#3984,#4015,#4050,#4081
    ,#4107,#4119));
#3851 = ADVANCED_FACE('',(#3852),#3886,.T.);
#3852 = FACE_BOUND('',#3853,.T.);
#3853 = EDGE_LOOP('',(#3854,#3864,#3872,#3880));
#3854 = ORIENTED_EDGE('',*,*,#3855,.F.);
#3855 = EDGE_CURVE('',#3856,#3858,#3860,.T.);
#3856 = VERTEX_POINT('',#3857);
#3857 = CARTESIAN_POINT('',(-4.3,51.3,3.2));
#3858 = VERTEX_POINT('',#3859);
#3859 = CARTESIAN_POINT('',(-4.3,51.3,5.1));
#3860 = LINE('',#3861,#3862);
#3861 = CARTESIAN_POINT('',(-4.3,51.3,3.2));
#3862 = VECTOR('',#3863,1.);
#3863 = DIRECTION('',(0.,0.,1.));
#3864 = ORIENTED_EDGE('',*,*,#3865,.T.);
#3865 = EDGE_CURVE('',#3856,#3866,#3868,.T.);
#3866 = VERTEX_POINT('',#3867);
#3867 = CARTESIAN_POINT('',(-4.3,53.7,3.2));
#3868 = LINE('',#3869,#3870);
#3869 = CARTESIAN_POINT('',(-4.3,51.3,3.2));
#3870 = VECTOR('',#3871,1.);
#3871 = DIRECTION('',(0.,1.,0.));
#3872 = ORIENTED_EDGE('',*,*,#3873,.T.);
#3873 = EDGE_CURVE('',#3866,#3874,#3876,.T.);
#3874 = VERTEX_POINT('',#3875);
#3875 = CARTESIAN_POINT('',(-4.3,53.7,5.1));
#3876 = LINE('',#3877,#3878);
#3877 = CARTESIAN_POINT('',(-4.3,53.7,3.2));
#3878 = VECTOR('',#3879,1.);
#3879 = DIRECTION('',(0.,0.,1.));
#3880 = ORIENTED_EDGE('',*,*,#3881,.F.);
#3881 = EDGE_CURVE('',#3858,#3874,#3882,.T.);
#3882 = LINE('',#3883,#3884);
#3883 = CARTESIAN_POINT('',(-4.3,51.3,5.1));
#3884 = VECTOR('',#3885,1.);
#3885 = DIRECTION('',(0.,1.,0.));
#3886 = PLANE('',#3887);
#3887 = AXIS2_PLACEMENT_3D('',#3888,#3889,#3890);
#3888 = CARTESIAN_POINT('',(-4.3,51.3,3.2));
#3889 = DIRECTION('',(1.,0.,0.));
#3890 = DIRECTION('',(0.,0.,1.));
#3891 = ADVANCED_FACE('',(#3892),#3917,.T.);
#3892 = FACE_BOUND('',#3893,.T.);
#3893 = EDGE_LOOP('',(#3894,#3904,#3910,#3911));
#3894 = ORIENTED_EDGE('',*,*,#3895,.F.);
#3895 = EDGE_CURVE('',#3896,#3898,#3900,.T.);
#3896 = VERTEX_POINT('',#3897);
#3897 = CARTESIAN_POINT('',(-10.4,51.3,5.1));
#3898 = VERTEX_POINT('',#3899);
#3899 = CARTESIAN_POINT('',(-10.4,53.7,5.1));
#3900 = LINE('',#3901,#3902);
#3901 = CARTESIAN_POINT('',(-10.4,51.3,5.1));
#3902 = VECTOR('',#3903,1.);
#3903 = DIRECTION('',(0.,1.,0.));
#3904 = ORIENTED_EDGE('',*,*,#3905,.T.);
#3905 = EDGE_CURVE('',#3896,#3858,#3906,.T.);
#3906 = LINE('',#3907,#3908);
#3907 = CARTESIAN_POINT('',(-12.8,51.3,5.1));
#3908 = VECTOR('',#3909,1.);
#3909 = DIRECTION('',(1.,0.,0.));
#3910 = ORIENTED_EDGE('',*,*,#3881,.T.);
#3911 = ORIENTED_EDGE('',*,*,#3912,.F.);
#3912 = EDGE_CURVE('',#3898,#3874,#3913,.T.);
#3913 = LINE('',#3914,#3915);
#3914 = CARTESIAN_POINT('',(-12.8,53.7,5.1));
#3915 = VECTOR('',#3916,1.);
#3916 = DIRECTION('',(1.,0.,0.));
#3917 = PLANE('',#3918);
#3918 = AXIS2_PLACEMENT_3D('',#3919,#3920,#3921);
#3919 = CARTESIAN_POINT('',(-12.8,51.3,5.1));
#3920 = DIRECTION('',(0.,0.,1.));
#3921 = DIRECTION('',(1.,0.,0.));
#3922 = ADVANCED_FACE('',(#3923),#3948,.T.);
#3923 = FACE_BOUND('',#3924,.T.);
#3924 = EDGE_LOOP('',(#3925,#3933,#3934,#3942));
#3925 = ORIENTED_EDGE('',*,*,#3926,.F.);
#3926 = EDGE_CURVE('',#3896,#3927,#3929,.T.);
#3927 = VERTEX_POINT('',#3928);
#3928 = CARTESIAN_POINT('',(-10.4,51.3,11.636));
#3929 = LINE('',#3930,#3931);
#3930 = CARTESIAN_POINT('',(-10.4,51.3,3.2));
#3931 = VECTOR('',#3932,1.);
#3932 = DIRECTION('',(0.,0.,1.));
#3933 = ORIENTED_EDGE('',*,*,#3895,.T.);
#3934 = ORIENTED_EDGE('',*,*,#3935,.T.);
#3935 = EDGE_CURVE('',#3898,#3936,#3938,.T.);
#3936 = VERTEX_POINT('',#3937);
#3937 = CARTESIAN_POINT('',(-10.4,53.7,11.636));
#3938 = LINE('',#3939,#3940);
#3939 = CARTESIAN_POINT('',(-10.4,53.7,3.2));
#3940 = VECTOR('',#3941,1.);
#3941 = DIRECTION('',(0.,0.,1.));
#3942 = ORIENTED_EDGE('',*,*,#3943,.T.);
#3943 = EDGE_CURVE('',#3936,#3927,#3944,.T.);
#3944 = LINE('',#3945,#3946);
#3945 = CARTESIAN_POINT('',(-10.4,51.3,11.636));
#3946 = VECTOR('',#3947,1.);
#3947 = DIRECTION('',(0.,-1.,0.));
#3948 = PLANE('',#3949);
#3949 = AXIS2_PLACEMENT_3D('',#3950,#3951,#3952);
#3950 = CARTESIAN_POINT('',(-10.4,51.3,3.2));
#3951 = DIRECTION('',(1.,0.,0.));
#3952 = DIRECTION('',(0.,0.,1.));
#3953 = ADVANCED_FACE('',(#3954),#3979,.F.);
#3954 = FACE_BOUND('',#3955,.F.);
#3955 = EDGE_LOOP('',(#3956,#3957,#3965,#3973));
#3956 = ORIENTED_EDGE('',*,*,#3943,.T.);
#3957 = ORIENTED_EDGE('',*,*,#3958,.T.);
#3958 = EDGE_CURVE('',#3927,#3959,#3961,.T.);
#3959 = VERTEX_POINT('',#3960);
#3960 = CARTESIAN_POINT('',(1.2,51.3,11.636));
#3961 = LINE('',#3962,#3963);
#3962 = CARTESIAN_POINT('',(-12.8,51.3,11.636));
#3963 = VECTOR('',#3964,1.);
#3964 = DIRECTION('',(1.,0.,0.));
#3965 = ORIENTED_EDGE('',*,*,#3966,.T.);
#3966 = EDGE_CURVE('',#3959,#3967,#3969,.T.);
#3967 = VERTEX_POINT('',#3968);
#3968 = CARTESIAN_POINT('',(1.2,53.7,11.636));
#3969 = LINE('',#3970,#3971);
#3970 = CARTESIAN_POINT('',(1.2,51.3,11.636));
#3971 = VECTOR('',#3972,1.);
#3972 = DIRECTION('',(0.,1.,0.));
#3973 = ORIENTED_EDGE('',*,*,#3974,.F.);
#3974 = EDGE_CURVE('',#3936,#3967,#3975,.T.);
#3975 = LINE('',#3976,#3977);
#3976 = CARTESIAN_POINT('',(-12.8,53.7,11.636));
#3977 = VECTOR('',#3978,1.);
#3978 = DIRECTION('',(1.,0.,0.));
#3979 = PLANE('',#3980);
#3980 = AXIS2_PLACEMENT_3D('',#3981,#3982,#3983);
#3981 = CARTESIAN_POINT('',(-12.8,51.3,11.636));
#3982 = DIRECTION('',(0.,0.,1.));
#3983 = DIRECTION('',(1.,0.,0.));
#3984 = ADVANCED_FACE('',(#3985),#4010,.T.);
#3985 = FACE_BOUND('',#3986,.T.);
#3986 = EDGE_LOOP('',(#3987,#3995,#3996,#4004));
#3987 = ORIENTED_EDGE('',*,*,#3988,.F.);
#3988 = EDGE_CURVE('',#3959,#3989,#3991,.T.);
#3989 = VERTEX_POINT('',#3990);
#3990 = CARTESIAN_POINT('',(1.2,51.3,13.836));
#3991 = LINE('',#3992,#3993);
#3992 = CARTESIAN_POINT('',(1.2,51.3,11.636));
#3993 = VECTOR('',#3994,1.);
#3994 = DIRECTION('',(0.,0.,1.));
#3995 = ORIENTED_EDGE('',*,*,#3966,.T.);
#3996 = ORIENTED_EDGE('',*,*,#3997,.T.);
#3997 = EDGE_CURVE('',#3967,#3998,#4000,.T.);
#3998 = VERTEX_POINT('',#3999);
#3999 = CARTESIAN_POINT('',(1.2,53.7,13.836));
#4000 = LINE('',#4001,#4002);
#4001 = CARTESIAN_POINT('',(1.2,53.7,11.636));
#4002 = VECTOR('',#4003,1.);
#4003 = DIRECTION('',(0.,0.,1.));
#4004 = ORIENTED_EDGE('',*,*,#4005,.F.);
#4005 = EDGE_CURVE('',#3989,#3998,#4006,.T.);
#4006 = LINE('',#4007,#4008);
#4007 = CARTESIAN_POINT('',(1.2,51.3,13.836));
#4008 = VECTOR('',#4009,1.);
#4009 = DIRECTION('',(0.,1.,0.));
#4010 = PLANE('',#4011);
#4011 = AXIS2_PLACEMENT_3D('',#4012,#4013,#4014);
#4012 = CARTESIAN_POINT('',(1.2,51.3,11.636));
#4013 = DIRECTION('',(1.,0.,0.));
#4014 = DIRECTION('',(0.,0.,1.));
#4015 = ADVANCED_FACE('',(#4016),#4045,.T.);
#4016 = FACE_BOUND('',#4017,.T.);
#4017 = EDGE_LOOP('',(#4018,#4026,#4027,#4028,#4029,#4030,#4031,#4039));
#4018 = ORIENTED_EDGE('',*,*,#4019,.T.);
#4019 = EDGE_CURVE('',#4020,#3856,#4022,.T.);
#4020 = VERTEX_POINT('',#4021);
#4021 = CARTESIAN_POINT('',(-12.8,51.3,3.2));
#4022 = LINE('',#4023,#4024);
#4023 = CARTESIAN_POINT('',(-12.8,51.3,3.2));
#4024 = VECTOR('',#4025,1.);
#4025 = DIRECTION('',(1.,0.,0.));
#4026 = ORIENTED_EDGE('',*,*,#3855,.T.);
#4027 = ORIENTED_EDGE('',*,*,#3905,.F.);
#4028 = ORIENTED_EDGE('',*,*,#3926,.T.);
#4029 = ORIENTED_EDGE('',*,*,#3958,.T.);
#4030 = ORIENTED_EDGE('',*,*,#3988,.T.);
#4031 = ORIENTED_EDGE('',*,*,#4032,.F.);
#4032 = EDGE_CURVE('',#4033,#3989,#4035,.T.);
#4033 = VERTEX_POINT('',#4034);
#4034 = CARTESIAN_POINT('',(-12.8,51.3,13.836));
#4035 = LINE('',#4036,#4037);
#4036 = CARTESIAN_POINT('',(-12.8,51.3,13.836));
#4037 = VECTOR('',#4038,1.);
#4038 = DIRECTION('',(1.,0.,0.));
#4039 = ORIENTED_EDGE('',*,*,#4040,.F.);
#4040 = EDGE_CURVE('',#4020,#4033,#4041,.T.);
#4041 = LINE('',#4042,#4043);
#4042 = CARTESIAN_POINT('',(-12.8,51.3,3.2));
#4043 = VECTOR('',#4044,1.);
#4044 = DIRECTION('',(0.,0.,1.));
#4045 = PLANE('',#4046);
#4046 = AXIS2_PLACEMENT_3D('',#4047,#4048,#4049);
#4047 = CARTESIAN_POINT('',(-7.510983862572,51.3,9.243013014055));
#4048 = DIRECTION('',(-0.,-1.,-0.));
#4049 = DIRECTION('',(0.,0.,-1.));
#4050 = ADVANCED_FACE('',(#4051),#4076,.T.);
#4051 = FACE_BOUND('',#4052,.T.);
#4052 = EDGE_LOOP('',(#4053,#4054,#4062,#4070));
#4053 = ORIENTED_EDGE('',*,*,#4040,.T.);
#4054 = ORIENTED_EDGE('',*,*,#4055,.T.);
#4055 = EDGE_CURVE('',#4033,#4056,#4058,.T.);
#4056 = VERTEX_POINT('',#4057);
#4057 = CARTESIAN_POINT('',(-12.8,53.7,13.836));
#4058 = LINE('',#4059,#4060);
#4059 = CARTESIAN_POINT('',(-12.8,51.3,13.836));
#4060 = VECTOR('',#4061,1.);
#4061 = DIRECTION('',(0.,1.,0.));
#4062 = ORIENTED_EDGE('',*,*,#4063,.F.);
#4063 = EDGE_CURVE('',#4064,#4056,#4066,.T.);
#4064 = VERTEX_POINT('',#4065);
#4065 = CARTESIAN_POINT('',(-12.8,53.7,3.2));
#4066 = LINE('',#4067,#4068);
#4067 = CARTESIAN_POINT('',(-12.8,53.7,3.2));
#4068 = VECTOR('',#4069,1.);
#4069 = DIRECTION('',(0.,0.,1.));
#4070 = ORIENTED_EDGE('',*,*,#4071,.F.);
#4071 = EDGE_CURVE('',#4020,#4064,#4072,.T.);
#4072 = LINE('',#4073,#4074);
#4073 = CARTESIAN_POINT('',(-12.8,51.3,3.2));
#4074 = VECTOR('',#4075,1.);
#4075 = DIRECTION('',(0.,1.,0.));
#4076 = PLANE('',#4077);
#4077 = AXIS2_PLACEMENT_3D('',#4078,#4079,#4080);
#4078 = CARTESIAN_POINT('',(-12.8,52.5,8.518));
#4079 = DIRECTION('',(-1.,-0.,-0.));
#4080 = DIRECTION('',(0.,0.,-1.));
#4081 = ADVANCED_FACE('',(#4082),#4102,.T.);
#4082 = FACE_BOUND('',#4083,.T.);
#4083 = EDGE_LOOP('',(#4084,#4085,#4091,#4092,#4093,#4094,#4095,#4096));
#4084 = ORIENTED_EDGE('',*,*,#4063,.T.);
#4085 = ORIENTED_EDGE('',*,*,#4086,.T.);
#4086 = EDGE_CURVE('',#4056,#3998,#4087,.T.);
#4087 = LINE('',#4088,#4089);
#4088 = CARTESIAN_POINT('',(-12.8,53.7,13.836));
#4089 = VECTOR('',#4090,1.);
#4090 = DIRECTION('',(1.,0.,0.));
#4091 = ORIENTED_EDGE('',*,*,#3997,.F.);
#4092 = ORIENTED_EDGE('',*,*,#3974,.F.);
#4093 = ORIENTED_EDGE('',*,*,#3935,.F.);
#4094 = ORIENTED_EDGE('',*,*,#3912,.T.);
#4095 = ORIENTED_EDGE('',*,*,#3873,.F.);
#4096 = ORIENTED_EDGE('',*,*,#4097,.F.);
#4097 = EDGE_CURVE('',#4064,#3866,#4098,.T.);
#4098 = LINE('',#4099,#4100);
#4099 = CARTESIAN_POINT('',(-12.8,53.7,3.2));
#4100 = VECTOR('',#4101,1.);
#4101 = DIRECTION('',(1.,0.,0.));
#4102 = PLANE('',#4103);
#4103 = AXIS2_PLACEMENT_3D('',#4104,#4105,#4106);
#4104 = CARTESIAN_POINT('',(-7.510983862572,53.7,9.243013014055));
#4105 = DIRECTION('',(0.,1.,0.));
#4106 = DIRECTION('',(0.,0.,1.));
#4107 = ADVANCED_FACE('',(#4108),#4114,.F.);
#4108 = FACE_BOUND('',#4109,.T.);
#4109 = EDGE_LOOP('',(#4110,#4111,#4112,#4113));
#4110 = ORIENTED_EDGE('',*,*,#4071,.T.);
#4111 = ORIENTED_EDGE('',*,*,#4097,.T.);
#4112 = ORIENTED_EDGE('',*,*,#3865,.F.);
#4113 = ORIENTED_EDGE('',*,*,#4019,.F.);
#4114 = PLANE('',#4115);
#4115 = AXIS2_PLACEMENT_3D('',#4116,#4117,#4118);
#4116 = CARTESIAN_POINT('',(-12.8,51.3,3.2));
#4117 = DIRECTION('',(0.,0.,1.));
#4118 = DIRECTION('',(1.,0.,0.));
#4119 = ADVANCED_FACE('',(#4120),#4126,.T.);
#4120 = FACE_BOUND('',#4121,.T.);
#4121 = EDGE_LOOP('',(#4122,#4123,#4124,#4125));
#4122 = ORIENTED_EDGE('',*,*,#4055,.F.);
#4123 = ORIENTED_EDGE('',*,*,#4032,.T.);
#4124 = ORIENTED_EDGE('',*,*,#4005,.T.);
#4125 = ORIENTED_EDGE('',*,*,#4086,.F.);
#4126 = PLANE('',#4127);
#4127 = AXIS2_PLACEMENT_3D('',#4128,#4129,#4130);
#4128 = CARTESIAN_POINT('',(-5.8,52.5,13.836));
#4129 = DIRECTION('',(0.,0.,1.));
#4130 = DIRECTION('',(1.,0.,0.));
#4131 = MANIFOLD_SOLID_BREP('',#4132);
#4132 = CLOSED_SHELL('',(#4133,#4237,#4328,#4483,#4523,#4547,#4580,#4620
    ,#4644,#4677,#4760,#5045,#5069,#5086,#5111,#5147,#5167,#5184,#5201,
    #5218,#5235,#5284,#5341,#5393,#5410,#5459,#5516,#5568,#5580,#5597,
    #5609,#5626,#5638,#5663,#5687,#5723,#5743,#5799,#5823,#5872,#5897,
    #5914,#5926,#5951,#5968,#5993,#6018,#6035,#6060,#6077,#6094,#6106,
    #6131,#6156,#6208,#6224,#6243,#6253,#6263,#6283,#6299,#6315,#6334,
    #6344,#6354,#6374,#6390,#6415,#6435,#6455,#6480,#6505,#6530,#6555,
    #6580,#6609,#6638,#6663,#6688,#6713,#6738,#6763,#6772,#6781,#6790,
    #6799,#6808,#6828,#6848,#6857,#6866,#6875,#6900,#6925,#6950,#6975,
    #6984,#6993,#7002));
#4133 = ADVANCED_FACE('',(#4134),#4232,.F.);
#4134 = FACE_BOUND('',#4135,.F.);
#4135 = EDGE_LOOP('',(#4136,#4146,#4154,#4162,#4170,#4178,#4186,#4194,
    #4202,#4210,#4218,#4226));
#4136 = ORIENTED_EDGE('',*,*,#4137,.F.);
#4137 = EDGE_CURVE('',#4138,#4140,#4142,.T.);
#4138 = VERTEX_POINT('',#4139);
#4139 = CARTESIAN_POINT('',(-13.,-7.,40.));
#4140 = VERTEX_POINT('',#4141);
#4141 = CARTESIAN_POINT('',(-13.,-7.,46.));
#4142 = LINE('',#4143,#4144);
#4143 = CARTESIAN_POINT('',(-13.,-7.,40.));
#4144 = VECTOR('',#4145,1.);
#4145 = DIRECTION('',(0.,0.,1.));
#4146 = ORIENTED_EDGE('',*,*,#4147,.T.);
#4147 = EDGE_CURVE('',#4138,#4148,#4150,.T.);
#4148 = VERTEX_POINT('',#4149);
#4149 = CARTESIAN_POINT('',(-13.,63.,40.));
#4150 = LINE('',#4151,#4152);
#4151 = CARTESIAN_POINT('',(-13.,-7.,40.));
#4152 = VECTOR('',#4153,1.);
#4153 = DIRECTION('',(0.,1.,0.));
#4154 = ORIENTED_EDGE('',*,*,#4155,.T.);
#4155 = EDGE_CURVE('',#4148,#4156,#4158,.T.);
#4156 = VERTEX_POINT('',#4157);
#4157 = CARTESIAN_POINT('',(-13.,63.,46.));
#4158 = LINE('',#4159,#4160);
#4159 = CARTESIAN_POINT('',(-13.,63.,40.));
#4160 = VECTOR('',#4161,1.);
#4161 = DIRECTION('',(0.,0.,1.));
#4162 = ORIENTED_EDGE('',*,*,#4163,.F.);
#4163 = EDGE_CURVE('',#4164,#4156,#4166,.T.);
#4164 = VERTEX_POINT('',#4165);
#4165 = CARTESIAN_POINT('',(-13.,54.,46.));
#4166 = LINE('',#4167,#4168);
#4167 = CARTESIAN_POINT('',(-13.,-7.,46.));
#4168 = VECTOR('',#4169,1.);
#4169 = DIRECTION('',(0.,1.,0.));
#4170 = ORIENTED_EDGE('',*,*,#4171,.F.);
#4171 = EDGE_CURVE('',#4172,#4164,#4174,.T.);
#4172 = VERTEX_POINT('',#4173);
#4173 = CARTESIAN_POINT('',(-13.,54.,43.));
#4174 = LINE('',#4175,#4176);
#4175 = CARTESIAN_POINT('',(-13.,54.,42.162357555739));
#4176 = VECTOR('',#4177,1.);
#4177 = DIRECTION('',(0.,0.,1.));
#4178 = ORIENTED_EDGE('',*,*,#4179,.T.);
#4179 = EDGE_CURVE('',#4172,#4180,#4182,.T.);
#4180 = VERTEX_POINT('',#4181);
#4181 = CARTESIAN_POINT('',(-13.,51.,43.));
#4182 = LINE('',#4183,#4184);
#4183 = CARTESIAN_POINT('',(-13.,22.,43.));
#4184 = VECTOR('',#4185,1.);
#4185 = DIRECTION('',(0.,-1.,0.));
#4186 = ORIENTED_EDGE('',*,*,#4187,.F.);
#4187 = EDGE_CURVE('',#4188,#4180,#4190,.T.);
#4188 = VERTEX_POINT('',#4189);
#4189 = CARTESIAN_POINT('',(-13.,51.,46.));
#4190 = LINE('',#4191,#4192);
#4191 = CARTESIAN_POINT('',(-13.,51.,42.162357555739));
#4192 = VECTOR('',#4193,1.);
#4193 = DIRECTION('',(0.,0.,-1.));
#4194 = ORIENTED_EDGE('',*,*,#4195,.F.);
#4195 = EDGE_CURVE('',#4196,#4188,#4198,.T.);
#4196 = VERTEX_POINT('',#4197);
#4197 = CARTESIAN_POINT('',(-13.,5.,46.));
#4198 = LINE('',#4199,#4200);
#4199 = CARTESIAN_POINT('',(-13.,-7.,46.));
#4200 = VECTOR('',#4201,1.);
#4201 = DIRECTION('',(0.,1.,0.));
#4202 = ORIENTED_EDGE('',*,*,#4203,.F.);
#4203 = EDGE_CURVE('',#4204,#4196,#4206,.T.);
#4204 = VERTEX_POINT('',#4205);
#4205 = CARTESIAN_POINT('',(-13.,5.,43.));
#4206 = LINE('',#4207,#4208);
#4207 = CARTESIAN_POINT('',(-13.,5.,42.162357555739));
#4208 = VECTOR('',#4209,1.);
#4209 = DIRECTION('',(0.,0.,1.));
#4210 = ORIENTED_EDGE('',*,*,#4211,.T.);
#4211 = EDGE_CURVE('',#4204,#4212,#4214,.T.);
#4212 = VERTEX_POINT('',#4213);
#4213 = CARTESIAN_POINT('',(-13.,2.,43.));
#4214 = LINE('',#4215,#4216);
#4215 = CARTESIAN_POINT('',(-13.,-2.5,43.));
#4216 = VECTOR('',#4217,1.);
#4217 = DIRECTION('',(0.,-1.,0.));
#4218 = ORIENTED_EDGE('',*,*,#4219,.F.);
#4219 = EDGE_CURVE('',#4220,#4212,#4222,.T.);
#4220 = VERTEX_POINT('',#4221);
#4221 = CARTESIAN_POINT('',(-13.,2.,46.));
#4222 = LINE('',#4223,#4224);
#4223 = CARTESIAN_POINT('',(-13.,2.,42.162357555739));
#4224 = VECTOR('',#4225,1.);
#4225 = DIRECTION('',(0.,0.,-1.));
#4226 = ORIENTED_EDGE('',*,*,#4227,.F.);
#4227 = EDGE_CURVE('',#4140,#4220,#4228,.T.);
#4228 = LINE('',#4229,#4230);
#4229 = CARTESIAN_POINT('',(-13.,-7.,46.));
#4230 = VECTOR('',#4231,1.);
#4231 = DIRECTION('',(0.,1.,0.));
#4232 = PLANE('',#4233);
#4233 = AXIS2_PLACEMENT_3D('',#4234,#4235,#4236);
#4234 = CARTESIAN_POINT('',(-13.,-7.,40.));
#4235 = DIRECTION('',(1.,0.,0.));
#4236 = DIRECTION('',(0.,0.,1.));
#4237 = ADVANCED_FACE('',(#4238),#4323,.T.);
#4238 = FACE_BOUND('',#4239,.F.);
#4239 = EDGE_LOOP('',(#4240,#4250,#4257,#4258,#4267,#4275,#4284,#4292,
    #4301,#4308,#4315,#4316));
#4240 = ORIENTED_EDGE('',*,*,#4241,.F.);
#4241 = EDGE_CURVE('',#4242,#4244,#4246,.T.);
#4242 = VERTEX_POINT('',#4243);
#4243 = CARTESIAN_POINT('',(-7.,-13.,40.));
#4244 = VERTEX_POINT('',#4245);
#4245 = CARTESIAN_POINT('',(-7.,-13.,46.));
#4246 = LINE('',#4247,#4248);
#4247 = CARTESIAN_POINT('',(-7.,-13.,40.));
#4248 = VECTOR('',#4249,1.);
#4249 = DIRECTION('',(0.,0.,1.));
#4250 = ORIENTED_EDGE('',*,*,#4251,.F.);
#4251 = EDGE_CURVE('',#4138,#4242,#4252,.T.);
#4252 = CIRCLE('',#4253,6.);
#4253 = AXIS2_PLACEMENT_3D('',#4254,#4255,#4256);
#4254 = CARTESIAN_POINT('',(-7.,-7.,40.));
#4255 = DIRECTION('',(0.,0.,1.));
#4256 = DIRECTION('',(1.,0.,0.));
#4257 = ORIENTED_EDGE('',*,*,#4137,.T.);
#4258 = ORIENTED_EDGE('',*,*,#4259,.T.);
#4259 = EDGE_CURVE('',#4140,#4260,#4262,.T.);
#4260 = VERTEX_POINT('',#4261);
#4261 = CARTESIAN_POINT('',(-3.867156741649,-1.882843258351,46.));
#4262 = CIRCLE('',#4263,6.);
#4263 = AXIS2_PLACEMENT_3D('',#4264,#4265,#4266);
#4264 = CARTESIAN_POINT('',(-7.,-7.,46.));
#4265 = DIRECTION('',(0.,0.,-1.));
#4266 = DIRECTION('',(1.,0.,0.));
#4267 = ORIENTED_EDGE('',*,*,#4268,.T.);
#4268 = EDGE_CURVE('',#4260,#4269,#4271,.T.);
#4269 = VERTEX_POINT('',#4270);
#4270 = CARTESIAN_POINT('',(-3.867156741649,-1.882843258351,40.));
#4271 = LINE('',#4272,#4273);
#4272 = CARTESIAN_POINT('',(-3.867156741649,-1.882843258351,39.));
#4273 = VECTOR('',#4274,1.);
#4274 = DIRECTION('',(-0.,-0.,-1.));
#4275 = ORIENTED_EDGE('',*,*,#4276,.F.);
#4276 = EDGE_CURVE('',#4277,#4269,#4279,.T.);
#4277 = VERTEX_POINT('',#4278);
#4278 = CARTESIAN_POINT('',(-1.882843258351,-3.867156741649,40.));
#4279 = CIRCLE('',#4280,6.);
#4280 = AXIS2_PLACEMENT_3D('',#4281,#4282,#4283);
#4281 = CARTESIAN_POINT('',(-7.,-7.,40.));
#4282 = DIRECTION('',(0.,0.,1.));
#4283 = DIRECTION('',(1.,0.,0.));
#4284 = ORIENTED_EDGE('',*,*,#4285,.F.);
#4285 = EDGE_CURVE('',#4286,#4277,#4288,.T.);
#4286 = VERTEX_POINT('',#4287);
#4287 = CARTESIAN_POINT('',(-1.882843258351,-3.867156741649,46.));
#4288 = LINE('',#4289,#4290);
#4289 = CARTESIAN_POINT('',(-1.882843258351,-3.867156741649,39.));
#4290 = VECTOR('',#4291,1.);
#4291 = DIRECTION('',(-0.,-0.,-1.));
#4292 = ORIENTED_EDGE('',*,*,#4293,.T.);
#4293 = EDGE_CURVE('',#4286,#4294,#4296,.T.);
#4294 = VERTEX_POINT('',#4295);
#4295 = CARTESIAN_POINT('',(-1.,-7.,46.));
#4296 = CIRCLE('',#4297,6.);
#4297 = AXIS2_PLACEMENT_3D('',#4298,#4299,#4300);
#4298 = CARTESIAN_POINT('',(-7.,-7.,46.));
#4299 = DIRECTION('',(0.,0.,-1.));
#4300 = DIRECTION('',(1.,0.,0.));
#4301 = ORIENTED_EDGE('',*,*,#4302,.F.);
#4302 = EDGE_CURVE('',#4303,#4294,#4305,.T.);
#4303 = VERTEX_POINT('',#4304);
#4304 = CARTESIAN_POINT('',(-1.,-7.,80.));
#4305 = B_SPLINE_CURVE_WITH_KNOTS('',1,(#4306,#4307),.UNSPECIFIED.,.F.,
  .F.,(2,2),(-40.,-6.),.PIECEWISE_BEZIER_KNOTS.);
#4306 = CARTESIAN_POINT('',(-1.,-7.,80.));
#4307 = CARTESIAN_POINT('',(-1.,-7.,46.));
#4308 = ORIENTED_EDGE('',*,*,#4309,.T.);
#4309 = EDGE_CURVE('',#4303,#4303,#4310,.T.);
#4310 = CIRCLE('',#4311,6.);
#4311 = AXIS2_PLACEMENT_3D('',#4312,#4313,#4314);
#4312 = CARTESIAN_POINT('',(-7.,-7.,80.));
#4313 = DIRECTION('',(0.,0.,1.));
#4314 = DIRECTION('',(1.,0.,0.));
#4315 = ORIENTED_EDGE('',*,*,#4302,.T.);
#4316 = ORIENTED_EDGE('',*,*,#4317,.T.);
#4317 = EDGE_CURVE('',#4294,#4244,#4318,.T.);
#4318 = CIRCLE('',#4319,6.);
#4319 = AXIS2_PLACEMENT_3D('',#4320,#4321,#4322);
#4320 = CARTESIAN_POINT('',(-7.,-7.,46.));
#4321 = DIRECTION('',(0.,0.,-1.));
#4322 = DIRECTION('',(1.,0.,0.));
#4323 = CYLINDRICAL_SURFACE('',#4324,6.);
#4324 = AXIS2_PLACEMENT_3D('',#4325,#4326,#4327);
#4325 = CARTESIAN_POINT('',(-7.,-7.,40.));
#4326 = DIRECTION('',(-0.,-0.,-1.));
#4327 = DIRECTION('',(1.,0.,0.));
#4328 = ADVANCED_FACE('',(#4329),#4478,.T.);
#4329 = FACE_BOUND('',#4330,.T.);
#4330 = EDGE_LOOP('',(#4331,#4332,#4333,#4342,#4350,#4358,#4367,#4375,
    #4383,#4391,#4400,#4408,#4416,#4425,#4432,#4433,#4441,#4449,#4455,
    #4456,#4464,#4472));
#4331 = ORIENTED_EDGE('',*,*,#4227,.F.);
#4332 = ORIENTED_EDGE('',*,*,#4259,.T.);
#4333 = ORIENTED_EDGE('',*,*,#4334,.T.);
#4334 = EDGE_CURVE('',#4260,#4335,#4337,.T.);
#4335 = VERTEX_POINT('',#4336);
#4336 = CARTESIAN_POINT('',(-4.,-1.,46.));
#4337 = CIRCLE('',#4338,3.);
#4338 = AXIS2_PLACEMENT_3D('',#4339,#4340,#4341);
#4339 = CARTESIAN_POINT('',(-1.,-1.,46.));
#4340 = DIRECTION('',(0.,0.,-1.));
#4341 = DIRECTION('',(1.,0.,0.));
#4342 = ORIENTED_EDGE('',*,*,#4343,.T.);
#4343 = EDGE_CURVE('',#4335,#4344,#4346,.T.);
#4344 = VERTEX_POINT('',#4345);
#4345 = CARTESIAN_POINT('',(-4.,1.2,46.));
#4346 = LINE('',#4347,#4348);
#4347 = CARTESIAN_POINT('',(-4.,13.5,46.));
#4348 = VECTOR('',#4349,1.);
#4349 = DIRECTION('',(0.,1.,0.));
#4350 = ORIENTED_EDGE('',*,*,#4351,.T.);
#4351 = EDGE_CURVE('',#4344,#4352,#4354,.T.);
#4352 = VERTEX_POINT('',#4353);
#4353 = CARTESIAN_POINT('',(1.573863971574,1.2,46.));
#4354 = LINE('',#4355,#4356);
#4355 = CARTESIAN_POINT('',(-7.,1.2,46.));
#4356 = VECTOR('',#4357,1.);
#4357 = DIRECTION('',(1.,0.,0.));
#4358 = ORIENTED_EDGE('',*,*,#4359,.F.);
#4359 = EDGE_CURVE('',#4360,#4352,#4362,.T.);
#4360 = VERTEX_POINT('',#4361);
#4361 = CARTESIAN_POINT('',(1.573863971574,5.8,46.));
#4362 = CIRCLE('',#4363,3.);
#4363 = AXIS2_PLACEMENT_3D('',#4364,#4365,#4366);
#4364 = CARTESIAN_POINT('',(3.5,3.5,46.));
#4365 = DIRECTION('',(0.,0.,1.));
#4366 = DIRECTION('',(1.,0.,0.));
#4367 = ORIENTED_EDGE('',*,*,#4368,.F.);
#4368 = EDGE_CURVE('',#4369,#4360,#4371,.T.);
#4369 = VERTEX_POINT('',#4370);
#4370 = CARTESIAN_POINT('',(-4.,5.8,46.));
#4371 = LINE('',#4372,#4373);
#4372 = CARTESIAN_POINT('',(-7.,5.8,46.));
#4373 = VECTOR('',#4374,1.);
#4374 = DIRECTION('',(1.,0.,0.));
#4375 = ORIENTED_EDGE('',*,*,#4376,.T.);
#4376 = EDGE_CURVE('',#4369,#4377,#4379,.T.);
#4377 = VERTEX_POINT('',#4378);
#4378 = CARTESIAN_POINT('',(-4.,50.2,46.));
#4379 = LINE('',#4380,#4381);
#4380 = CARTESIAN_POINT('',(-4.,13.5,46.));
#4381 = VECTOR('',#4382,1.);
#4382 = DIRECTION('',(0.,1.,0.));
#4383 = ORIENTED_EDGE('',*,*,#4384,.T.);
#4384 = EDGE_CURVE('',#4377,#4385,#4387,.T.);
#4385 = VERTEX_POINT('',#4386);
#4386 = CARTESIAN_POINT('',(1.573863971574,50.2,46.));
#4387 = LINE('',#4388,#4389);
#4388 = CARTESIAN_POINT('',(-7.,50.2,46.));
#4389 = VECTOR('',#4390,1.);
#4390 = DIRECTION('',(1.,0.,0.));
#4391 = ORIENTED_EDGE('',*,*,#4392,.F.);
#4392 = EDGE_CURVE('',#4393,#4385,#4395,.T.);
#4393 = VERTEX_POINT('',#4394);
#4394 = CARTESIAN_POINT('',(1.573863971574,54.8,46.));
#4395 = CIRCLE('',#4396,3.);
#4396 = AXIS2_PLACEMENT_3D('',#4397,#4398,#4399);
#4397 = CARTESIAN_POINT('',(3.5,52.5,46.));
#4398 = DIRECTION('',(0.,0.,1.));
#4399 = DIRECTION('',(1.,0.,0.));
#4400 = ORIENTED_EDGE('',*,*,#4401,.F.);
#4401 = EDGE_CURVE('',#4402,#4393,#4404,.T.);
#4402 = VERTEX_POINT('',#4403);
#4403 = CARTESIAN_POINT('',(-4.,54.8,46.));
#4404 = LINE('',#4405,#4406);
#4405 = CARTESIAN_POINT('',(-7.,54.8,46.));
#4406 = VECTOR('',#4407,1.);
#4407 = DIRECTION('',(1.,0.,0.));
#4408 = ORIENTED_EDGE('',*,*,#4409,.T.);
#4409 = EDGE_CURVE('',#4402,#4410,#4412,.T.);
#4410 = VERTEX_POINT('',#4411);
#4411 = CARTESIAN_POINT('',(-4.,57.,46.));
#4412 = LINE('',#4413,#4414);
#4413 = CARTESIAN_POINT('',(-4.,13.5,46.));
#4414 = VECTOR('',#4415,1.);
#4415 = DIRECTION('',(0.,1.,0.));
#4416 = ORIENTED_EDGE('',*,*,#4417,.T.);
#4417 = EDGE_CURVE('',#4410,#4418,#4420,.T.);
#4418 = VERTEX_POINT('',#4419);
#4419 = CARTESIAN_POINT('',(-3.867156741649,57.882843258351,46.));
#4420 = CIRCLE('',#4421,3.);
#4421 = AXIS2_PLACEMENT_3D('',#4422,#4423,#4424);
#4422 = CARTESIAN_POINT('',(-1.,57.,46.));
#4423 = DIRECTION('',(0.,0.,-1.));
#4424 = DIRECTION('',(1.,0.,0.));
#4425 = ORIENTED_EDGE('',*,*,#4426,.T.);
#4426 = EDGE_CURVE('',#4418,#4156,#4427,.T.);
#4427 = CIRCLE('',#4428,6.);
#4428 = AXIS2_PLACEMENT_3D('',#4429,#4430,#4431);
#4429 = CARTESIAN_POINT('',(-7.,63.,46.));
#4430 = DIRECTION('',(0.,0.,-1.));
#4431 = DIRECTION('',(1.,0.,0.));
#4432 = ORIENTED_EDGE('',*,*,#4163,.F.);
#4433 = ORIENTED_EDGE('',*,*,#4434,.F.);
#4434 = EDGE_CURVE('',#4435,#4164,#4437,.T.);
#4435 = VERTEX_POINT('',#4436);
#4436 = CARTESIAN_POINT('',(-10.1,54.,46.));
#4437 = LINE('',#4438,#4439);
#4438 = CARTESIAN_POINT('',(-8.161916212486,54.,46.));
#4439 = VECTOR('',#4440,1.);
#4440 = DIRECTION('',(-1.,0.,0.));
#4441 = ORIENTED_EDGE('',*,*,#4442,.F.);
#4442 = EDGE_CURVE('',#4443,#4435,#4445,.T.);
#4443 = VERTEX_POINT('',#4444);
#4444 = CARTESIAN_POINT('',(-10.1,51.,46.));
#4445 = LINE('',#4446,#4447);
#4446 = CARTESIAN_POINT('',(-10.1,39.5,46.));
#4447 = VECTOR('',#4448,1.);
#4448 = DIRECTION('',(0.,1.,0.));
#4449 = ORIENTED_EDGE('',*,*,#4450,.F.);
#4450 = EDGE_CURVE('',#4188,#4443,#4451,.T.);
#4451 = LINE('',#4452,#4453);
#4452 = CARTESIAN_POINT('',(-8.161916212486,51.,46.));
#4453 = VECTOR('',#4454,1.);
#4454 = DIRECTION('',(1.,0.,0.));
#4455 = ORIENTED_EDGE('',*,*,#4195,.F.);
#4456 = ORIENTED_EDGE('',*,*,#4457,.F.);
#4457 = EDGE_CURVE('',#4458,#4196,#4460,.T.);
#4458 = VERTEX_POINT('',#4459);
#4459 = CARTESIAN_POINT('',(-10.1,5.,46.));
#4460 = LINE('',#4461,#4462);
#4461 = CARTESIAN_POINT('',(-8.161916212486,5.,46.));
#4462 = VECTOR('',#4463,1.);
#4463 = DIRECTION('',(-1.,0.,0.));
#4464 = ORIENTED_EDGE('',*,*,#4465,.F.);
#4465 = EDGE_CURVE('',#4466,#4458,#4468,.T.);
#4466 = VERTEX_POINT('',#4467);
#4467 = CARTESIAN_POINT('',(-10.1,2.,46.));
#4468 = LINE('',#4469,#4470);
#4469 = CARTESIAN_POINT('',(-10.1,15.,46.));
#4470 = VECTOR('',#4471,1.);
#4471 = DIRECTION('',(0.,1.,0.));
#4472 = ORIENTED_EDGE('',*,*,#4473,.F.);
#4473 = EDGE_CURVE('',#4220,#4466,#4474,.T.);
#4474 = LINE('',#4475,#4476);
#4475 = CARTESIAN_POINT('',(-8.161916212486,2.,46.));
#4476 = VECTOR('',#4477,1.);
#4477 = DIRECTION('',(1.,0.,0.));
#4478 = PLANE('',#4479);
#4479 = AXIS2_PLACEMENT_3D('',#4480,#4481,#4482);
#4480 = CARTESIAN_POINT('',(-7.643547536449,28.,46.));
#4481 = DIRECTION('',(0.,0.,1.));
#4482 = DIRECTION('',(1.,0.,0.));
#4483 = ADVANCED_FACE('',(#4484),#4518,.F.);
#4484 = FACE_BOUND('',#4485,.F.);
#4485 = EDGE_LOOP('',(#4486,#4487,#4495,#4503,#4511,#4517));
#4486 = ORIENTED_EDGE('',*,*,#4219,.T.);
#4487 = ORIENTED_EDGE('',*,*,#4488,.T.);
#4488 = EDGE_CURVE('',#4212,#4489,#4491,.T.);
#4489 = VERTEX_POINT('',#4490);
#4490 = CARTESIAN_POINT('',(-3.95,2.,43.));
#4491 = LINE('',#4492,#4493);
#4492 = CARTESIAN_POINT('',(-13.05,2.,43.));
#4493 = VECTOR('',#4494,1.);
#4494 = DIRECTION('',(1.,0.,0.));
#4495 = ORIENTED_EDGE('',*,*,#4496,.T.);
#4496 = EDGE_CURVE('',#4489,#4497,#4499,.T.);
#4497 = VERTEX_POINT('',#4498);
#4498 = CARTESIAN_POINT('',(-3.95,2.,45.3));
#4499 = LINE('',#4500,#4501);
#4500 = CARTESIAN_POINT('',(-3.95,2.,43.));
#4501 = VECTOR('',#4502,1.);
#4502 = DIRECTION('',(0.,0.,1.));
#4503 = ORIENTED_EDGE('',*,*,#4504,.F.);
#4504 = EDGE_CURVE('',#4505,#4497,#4507,.T.);
#4505 = VERTEX_POINT('',#4506);
#4506 = CARTESIAN_POINT('',(-10.1,2.,45.3));
#4507 = LINE('',#4508,#4509);
#4508 = CARTESIAN_POINT('',(-13.05,2.,45.3));
#4509 = VECTOR('',#4510,1.);
#4510 = DIRECTION('',(1.,0.,0.));
#4511 = ORIENTED_EDGE('',*,*,#4512,.T.);
#4512 = EDGE_CURVE('',#4505,#4466,#4513,.T.);
#4513 = LINE('',#4514,#4515);
#4514 = CARTESIAN_POINT('',(-10.1,2.,43.));
#4515 = VECTOR('',#4516,1.);
#4516 = DIRECTION('',(0.,0.,1.));
#4517 = ORIENTED_EDGE('',*,*,#4473,.F.);
#4518 = PLANE('',#4519);
#4519 = AXIS2_PLACEMENT_3D('',#4520,#4521,#4522);
#4520 = CARTESIAN_POINT('',(-8.680284888522,2.,44.324715111478));
#4521 = DIRECTION('',(-0.,-1.,-0.));
#4522 = DIRECTION('',(0.,0.,-1.));
#4523 = ADVANCED_FACE('',(#4524),#4542,.T.);
#4524 = FACE_BOUND('',#4525,.T.);
#4525 = EDGE_LOOP('',(#4526,#4527,#4528,#4536));
#4526 = ORIENTED_EDGE('',*,*,#4211,.T.);
#4527 = ORIENTED_EDGE('',*,*,#4488,.T.);
#4528 = ORIENTED_EDGE('',*,*,#4529,.T.);
#4529 = EDGE_CURVE('',#4489,#4530,#4532,.T.);
#4530 = VERTEX_POINT('',#4531);
#4531 = CARTESIAN_POINT('',(-3.95,5.,43.));
#4532 = LINE('',#4533,#4534);
#4533 = CARTESIAN_POINT('',(-3.95,2.,43.));
#4534 = VECTOR('',#4535,1.);
#4535 = DIRECTION('',(0.,1.,0.));
#4536 = ORIENTED_EDGE('',*,*,#4537,.F.);
#4537 = EDGE_CURVE('',#4204,#4530,#4538,.T.);
#4538 = LINE('',#4539,#4540);
#4539 = CARTESIAN_POINT('',(-13.05,5.,43.));
#4540 = VECTOR('',#4541,1.);
#4541 = DIRECTION('',(1.,0.,0.));
#4542 = PLANE('',#4543);
#4543 = AXIS2_PLACEMENT_3D('',#4544,#4545,#4546);
#4544 = CARTESIAN_POINT('',(-13.05,2.,43.));
#4545 = DIRECTION('',(0.,0.,1.));
#4546 = DIRECTION('',(1.,0.,0.));
#4547 = ADVANCED_FACE('',(#4548),#4575,.F.);
#4548 = FACE_BOUND('',#4549,.F.);
#4549 = EDGE_LOOP('',(#4550,#4551,#4552,#4553,#4561,#4569));
#4550 = ORIENTED_EDGE('',*,*,#4537,.F.);
#4551 = ORIENTED_EDGE('',*,*,#4203,.T.);
#4552 = ORIENTED_EDGE('',*,*,#4457,.F.);
#4553 = ORIENTED_EDGE('',*,*,#4554,.F.);
#4554 = EDGE_CURVE('',#4555,#4458,#4557,.T.);
#4555 = VERTEX_POINT('',#4556);
#4556 = CARTESIAN_POINT('',(-10.1,5.,45.3));
#4557 = LINE('',#4558,#4559);
#4558 = CARTESIAN_POINT('',(-10.1,5.,43.));
#4559 = VECTOR('',#4560,1.);
#4560 = DIRECTION('',(0.,0.,1.));
#4561 = ORIENTED_EDGE('',*,*,#4562,.T.);
#4562 = EDGE_CURVE('',#4555,#4563,#4565,.T.);
#4563 = VERTEX_POINT('',#4564);
#4564 = CARTESIAN_POINT('',(-3.95,5.,45.3));
#4565 = LINE('',#4566,#4567);
#4566 = CARTESIAN_POINT('',(-13.05,5.,45.3));
#4567 = VECTOR('',#4568,1.);
#4568 = DIRECTION('',(1.,0.,0.));
#4569 = ORIENTED_EDGE('',*,*,#4570,.F.);
#4570 = EDGE_CURVE('',#4530,#4563,#4571,.T.);
#4571 = LINE('',#4572,#4573);
#4572 = CARTESIAN_POINT('',(-3.95,5.,43.));
#4573 = VECTOR('',#4574,1.);
#4574 = DIRECTION('',(0.,0.,1.));
#4575 = PLANE('',#4576);
#4576 = AXIS2_PLACEMENT_3D('',#4577,#4578,#4579);
#4577 = CARTESIAN_POINT('',(-8.680284888522,5.,44.324715111478));
#4578 = DIRECTION('',(0.,1.,0.));
#4579 = DIRECTION('',(0.,0.,1.));
#4580 = ADVANCED_FACE('',(#4581),#4615,.F.);
#4581 = FACE_BOUND('',#4582,.F.);
#4582 = EDGE_LOOP('',(#4583,#4584,#4592,#4600,#4608,#4614));
#4583 = ORIENTED_EDGE('',*,*,#4187,.T.);
#4584 = ORIENTED_EDGE('',*,*,#4585,.T.);
#4585 = EDGE_CURVE('',#4180,#4586,#4588,.T.);
#4586 = VERTEX_POINT('',#4587);
#4587 = CARTESIAN_POINT('',(-3.95,51.,43.));
#4588 = LINE('',#4589,#4590);
#4589 = CARTESIAN_POINT('',(-13.05,51.,43.));
#4590 = VECTOR('',#4591,1.);
#4591 = DIRECTION('',(1.,0.,0.));
#4592 = ORIENTED_EDGE('',*,*,#4593,.T.);
#4593 = EDGE_CURVE('',#4586,#4594,#4596,.T.);
#4594 = VERTEX_POINT('',#4595);
#4595 = CARTESIAN_POINT('',(-3.95,51.,45.3));
#4596 = LINE('',#4597,#4598);
#4597 = CARTESIAN_POINT('',(-3.95,51.,43.));
#4598 = VECTOR('',#4599,1.);
#4599 = DIRECTION('',(0.,0.,1.));
#4600 = ORIENTED_EDGE('',*,*,#4601,.F.);
#4601 = EDGE_CURVE('',#4602,#4594,#4604,.T.);
#4602 = VERTEX_POINT('',#4603);
#4603 = CARTESIAN_POINT('',(-10.1,51.,45.3));
#4604 = LINE('',#4605,#4606);
#4605 = CARTESIAN_POINT('',(-13.05,51.,45.3));
#4606 = VECTOR('',#4607,1.);
#4607 = DIRECTION('',(1.,0.,0.));
#4608 = ORIENTED_EDGE('',*,*,#4609,.T.);
#4609 = EDGE_CURVE('',#4602,#4443,#4610,.T.);
#4610 = LINE('',#4611,#4612);
#4611 = CARTESIAN_POINT('',(-10.1,51.,43.));
#4612 = VECTOR('',#4613,1.);
#4613 = DIRECTION('',(0.,0.,1.));
#4614 = ORIENTED_EDGE('',*,*,#4450,.F.);
#4615 = PLANE('',#4616);
#4616 = AXIS2_PLACEMENT_3D('',#4617,#4618,#4619);
#4617 = CARTESIAN_POINT('',(-8.680284888522,51.,44.324715111478));
#4618 = DIRECTION('',(-0.,-1.,-0.));
#4619 = DIRECTION('',(0.,0.,-1.));
#4620 = ADVANCED_FACE('',(#4621),#4639,.T.);
#4621 = FACE_BOUND('',#4622,.T.);
#4622 = EDGE_LOOP('',(#4623,#4624,#4625,#4633));
#4623 = ORIENTED_EDGE('',*,*,#4179,.T.);
#4624 = ORIENTED_EDGE('',*,*,#4585,.T.);
#4625 = ORIENTED_EDGE('',*,*,#4626,.T.);
#4626 = EDGE_CURVE('',#4586,#4627,#4629,.T.);
#4627 = VERTEX_POINT('',#4628);
#4628 = CARTESIAN_POINT('',(-3.95,54.,43.));
#4629 = LINE('',#4630,#4631);
#4630 = CARTESIAN_POINT('',(-3.95,51.,43.));
#4631 = VECTOR('',#4632,1.);
#4632 = DIRECTION('',(0.,1.,0.));
#4633 = ORIENTED_EDGE('',*,*,#4634,.F.);
#4634 = EDGE_CURVE('',#4172,#4627,#4635,.T.);
#4635 = LINE('',#4636,#4637);
#4636 = CARTESIAN_POINT('',(-13.05,54.,43.));
#4637 = VECTOR('',#4638,1.);
#4638 = DIRECTION('',(1.,0.,0.));
#4639 = PLANE('',#4640);
#4640 = AXIS2_PLACEMENT_3D('',#4641,#4642,#4643);
#4641 = CARTESIAN_POINT('',(-13.05,51.,43.));
#4642 = DIRECTION('',(0.,0.,1.));
#4643 = DIRECTION('',(1.,0.,0.));
#4644 = ADVANCED_FACE('',(#4645),#4672,.F.);
#4645 = FACE_BOUND('',#4646,.F.);
#4646 = EDGE_LOOP('',(#4647,#4648,#4649,#4650,#4658,#4666));
#4647 = ORIENTED_EDGE('',*,*,#4634,.F.);
#4648 = ORIENTED_EDGE('',*,*,#4171,.T.);
#4649 = ORIENTED_EDGE('',*,*,#4434,.F.);
#4650 = ORIENTED_EDGE('',*,*,#4651,.F.);
#4651 = EDGE_CURVE('',#4652,#4435,#4654,.T.);
#4652 = VERTEX_POINT('',#4653);
#4653 = CARTESIAN_POINT('',(-10.1,54.,45.3));
#4654 = LINE('',#4655,#4656);
#4655 = CARTESIAN_POINT('',(-10.1,54.,43.));
#4656 = VECTOR('',#4657,1.);
#4657 = DIRECTION('',(0.,0.,1.));
#4658 = ORIENTED_EDGE('',*,*,#4659,.T.);
#4659 = EDGE_CURVE('',#4652,#4660,#4662,.T.);
#4660 = VERTEX_POINT('',#4661);
#4661 = CARTESIAN_POINT('',(-3.95,54.,45.3));
#4662 = LINE('',#4663,#4664);
#4663 = CARTESIAN_POINT('',(-13.05,54.,45.3));
#4664 = VECTOR('',#4665,1.);
#4665 = DIRECTION('',(1.,0.,0.));
#4666 = ORIENTED_EDGE('',*,*,#4667,.F.);
#4667 = EDGE_CURVE('',#4627,#4660,#4668,.T.);
#4668 = LINE('',#4669,#4670);
#4669 = CARTESIAN_POINT('',(-3.95,54.,43.));
#4670 = VECTOR('',#4671,1.);
#4671 = DIRECTION('',(0.,0.,1.));
#4672 = PLANE('',#4673);
#4673 = AXIS2_PLACEMENT_3D('',#4674,#4675,#4676);
#4674 = CARTESIAN_POINT('',(-8.680284888522,54.,44.324715111478));
#4675 = DIRECTION('',(0.,1.,0.));
#4676 = DIRECTION('',(0.,0.,1.));
#4677 = ADVANCED_FACE('',(#4678),#4755,.T.);
#4678 = FACE_BOUND('',#4679,.F.);
#4679 = EDGE_LOOP('',(#4680,#4690,#4699,#4705,#4706,#4707,#4716,#4724,
    #4733,#4740,#4747,#4748));
#4680 = ORIENTED_EDGE('',*,*,#4681,.T.);
#4681 = EDGE_CURVE('',#4682,#4684,#4686,.T.);
#4682 = VERTEX_POINT('',#4683);
#4683 = CARTESIAN_POINT('',(-1.882843258351,59.867156741649,46.));
#4684 = VERTEX_POINT('',#4685);
#4685 = CARTESIAN_POINT('',(-1.882843258351,59.867156741649,40.));
#4686 = LINE('',#4687,#4688);
#4687 = CARTESIAN_POINT('',(-1.882843258351,59.867156741649,39.));
#4688 = VECTOR('',#4689,1.);
#4689 = DIRECTION('',(-0.,-0.,-1.));
#4690 = ORIENTED_EDGE('',*,*,#4691,.F.);
#4691 = EDGE_CURVE('',#4692,#4684,#4694,.T.);
#4692 = VERTEX_POINT('',#4693);
#4693 = CARTESIAN_POINT('',(-3.867156741649,57.882843258351,40.));
#4694 = CIRCLE('',#4695,6.);
#4695 = AXIS2_PLACEMENT_3D('',#4696,#4697,#4698);
#4696 = CARTESIAN_POINT('',(-7.,63.,40.));
#4697 = DIRECTION('',(0.,0.,1.));
#4698 = DIRECTION('',(1.,0.,0.));
#4699 = ORIENTED_EDGE('',*,*,#4700,.F.);
#4700 = EDGE_CURVE('',#4418,#4692,#4701,.T.);
#4701 = LINE('',#4702,#4703);
#4702 = CARTESIAN_POINT('',(-3.867156741649,57.882843258351,39.));
#4703 = VECTOR('',#4704,1.);
#4704 = DIRECTION('',(-0.,-0.,-1.));
#4705 = ORIENTED_EDGE('',*,*,#4426,.T.);
#4706 = ORIENTED_EDGE('',*,*,#4155,.F.);
#4707 = ORIENTED_EDGE('',*,*,#4708,.F.);
#4708 = EDGE_CURVE('',#4709,#4148,#4711,.T.);
#4709 = VERTEX_POINT('',#4710);
#4710 = CARTESIAN_POINT('',(-7.,69.,40.));
#4711 = CIRCLE('',#4712,6.);
#4712 = AXIS2_PLACEMENT_3D('',#4713,#4714,#4715);
#4713 = CARTESIAN_POINT('',(-7.,63.,40.));
#4714 = DIRECTION('',(0.,0.,1.));
#4715 = DIRECTION('',(1.,0.,0.));
#4716 = ORIENTED_EDGE('',*,*,#4717,.T.);
#4717 = EDGE_CURVE('',#4709,#4718,#4720,.T.);
#4718 = VERTEX_POINT('',#4719);
#4719 = CARTESIAN_POINT('',(-7.,69.,46.));
#4720 = LINE('',#4721,#4722);
#4721 = CARTESIAN_POINT('',(-7.,69.,40.));
#4722 = VECTOR('',#4723,1.);
#4723 = DIRECTION('',(0.,0.,1.));
#4724 = ORIENTED_EDGE('',*,*,#4725,.T.);
#4725 = EDGE_CURVE('',#4718,#4726,#4728,.T.);
#4726 = VERTEX_POINT('',#4727);
#4727 = CARTESIAN_POINT('',(-1.,63.,46.));
#4728 = CIRCLE('',#4729,6.);
#4729 = AXIS2_PLACEMENT_3D('',#4730,#4731,#4732);
#4730 = CARTESIAN_POINT('',(-7.,63.,46.));
#4731 = DIRECTION('',(0.,0.,-1.));
#4732 = DIRECTION('',(1.,0.,0.));
#4733 = ORIENTED_EDGE('',*,*,#4734,.F.);
#4734 = EDGE_CURVE('',#4735,#4726,#4737,.T.);
#4735 = VERTEX_POINT('',#4736);
#4736 = CARTESIAN_POINT('',(-1.,63.,80.));
#4737 = B_SPLINE_CURVE_WITH_KNOTS('',1,(#4738,#4739),.UNSPECIFIED.,.F.,
  .F.,(2,2),(-40.,-6.),.PIECEWISE_BEZIER_KNOTS.);
#4738 = CARTESIAN_POINT('',(-1.,63.,80.));
#4739 = CARTESIAN_POINT('',(-1.,63.,46.));
#4740 = ORIENTED_EDGE('',*,*,#4741,.T.);
#4741 = EDGE_CURVE('',#4735,#4735,#4742,.T.);
#4742 = CIRCLE('',#4743,6.);
#4743 = AXIS2_PLACEMENT_3D('',#4744,#4745,#4746);
#4744 = CARTESIAN_POINT('',(-7.,63.,80.));
#4745 = DIRECTION('',(0.,0.,1.));
#4746 = DIRECTION('',(1.,0.,0.));
#4747 = ORIENTED_EDGE('',*,*,#4734,.T.);
#4748 = ORIENTED_EDGE('',*,*,#4749,.T.);
#4749 = EDGE_CURVE('',#4726,#4682,#4750,.T.);
#4750 = CIRCLE('',#4751,6.);
#4751 = AXIS2_PLACEMENT_3D('',#4752,#4753,#4754);
#4752 = CARTESIAN_POINT('',(-7.,63.,46.));
#4753 = DIRECTION('',(0.,0.,-1.));
#4754 = DIRECTION('',(1.,0.,0.));
#4755 = CYLINDRICAL_SURFACE('',#4756,6.);
#4756 = AXIS2_PLACEMENT_3D('',#4757,#4758,#4759);
#4757 = CARTESIAN_POINT('',(-7.,63.,40.));
#4758 = DIRECTION('',(-0.,-0.,-1.));
#4759 = DIRECTION('',(1.,0.,0.));
#4760 = ADVANCED_FACE('',(#4761,#4806,#4817,#4895,#4906,#4917,#4951,
    #5029),#5040,.T.);
#4761 = FACE_BOUND('',#4762,.T.);
#4762 = EDGE_LOOP('',(#4763,#4764,#4765,#4766,#4774,#4783,#4791,#4800));
#4763 = ORIENTED_EDGE('',*,*,#4251,.F.);
#4764 = ORIENTED_EDGE('',*,*,#4147,.T.);
#4765 = ORIENTED_EDGE('',*,*,#4708,.F.);
#4766 = ORIENTED_EDGE('',*,*,#4767,.T.);
#4767 = EDGE_CURVE('',#4709,#4768,#4770,.T.);
#4768 = VERTEX_POINT('',#4769);
#4769 = CARTESIAN_POINT('',(91.,69.,40.));
#4770 = LINE('',#4771,#4772);
#4771 = CARTESIAN_POINT('',(-7.,69.,40.));
#4772 = VECTOR('',#4773,1.);
#4773 = DIRECTION('',(1.,0.,0.));
#4774 = ORIENTED_EDGE('',*,*,#4775,.F.);
#4775 = EDGE_CURVE('',#4776,#4768,#4778,.T.);
#4776 = VERTEX_POINT('',#4777);
#4777 = CARTESIAN_POINT('',(97.,63.,40.));
#4778 = CIRCLE('',#4779,6.);
#4779 = AXIS2_PLACEMENT_3D('',#4780,#4781,#4782);
#4780 = CARTESIAN_POINT('',(91.,63.,40.));
#4781 = DIRECTION('',(0.,0.,1.));
#4782 = DIRECTION('',(1.,0.,0.));
#4783 = ORIENTED_EDGE('',*,*,#4784,.F.);
#4784 = EDGE_CURVE('',#4785,#4776,#4787,.T.);
#4785 = VERTEX_POINT('',#4786);
#4786 = CARTESIAN_POINT('',(97.,-7.,40.));
#4787 = LINE('',#4788,#4789);
#4788 = CARTESIAN_POINT('',(97.,-7.,40.));
#4789 = VECTOR('',#4790,1.);
#4790 = DIRECTION('',(0.,1.,0.));
#4791 = ORIENTED_EDGE('',*,*,#4792,.F.);
#4792 = EDGE_CURVE('',#4793,#4785,#4795,.T.);
#4793 = VERTEX_POINT('',#4794);
#4794 = CARTESIAN_POINT('',(91.,-13.,40.));
#4795 = CIRCLE('',#4796,6.);
#4796 = AXIS2_PLACEMENT_3D('',#4797,#4798,#4799);
#4797 = CARTESIAN_POINT('',(91.,-7.,40.));
#4798 = DIRECTION('',(0.,0.,1.));
#4799 = DIRECTION('',(1.,0.,0.));
#4800 = ORIENTED_EDGE('',*,*,#4801,.F.);
#4801 = EDGE_CURVE('',#4242,#4793,#4802,.T.);
#4802 = LINE('',#4803,#4804);
#4803 = CARTESIAN_POINT('',(-7.,-13.,40.));
#4804 = VECTOR('',#4805,1.);
#4805 = DIRECTION('',(1.,0.,0.));
#4806 = FACE_BOUND('',#4807,.T.);
#4807 = EDGE_LOOP('',(#4808));
#4808 = ORIENTED_EDGE('',*,*,#4809,.T.);
#4809 = EDGE_CURVE('',#4810,#4810,#4812,.T.);
#4810 = VERTEX_POINT('',#4811);
#4811 = CARTESIAN_POINT('',(95.090163934426,-7.,40.));
#4812 = CIRCLE('',#4813,4.090163934426);
#4813 = AXIS2_PLACEMENT_3D('',#4814,#4815,#4816);
#4814 = CARTESIAN_POINT('',(91.,-7.,40.));
#4815 = DIRECTION('',(0.,0.,1.));
#4816 = DIRECTION('',(1.,0.,0.));
#4817 = FACE_BOUND('',#4818,.T.);
#4818 = EDGE_LOOP('',(#4819,#4830,#4839,#4848,#4856,#4864,#4872,#4879,
    #4880,#4889));
#4819 = ORIENTED_EDGE('',*,*,#4820,.F.);
#4820 = EDGE_CURVE('',#4821,#4823,#4825,.T.);
#4821 = VERTEX_POINT('',#4822);
#4822 = CARTESIAN_POINT('',(85.882843258351,-3.867156741649,40.));
#4823 = VERTEX_POINT('',#4824);
#4824 = CARTESIAN_POINT('',(85.,-4.,40.));
#4825 = CIRCLE('',#4826,3.);
#4826 = AXIS2_PLACEMENT_3D('',#4827,#4828,#4829);
#4827 = CARTESIAN_POINT('',(85.,-1.,40.));
#4828 = DIRECTION('',(0.,0.,-1.));
#4829 = DIRECTION('',(1.,0.,0.));
#4830 = ORIENTED_EDGE('',*,*,#4831,.F.);
#4831 = EDGE_CURVE('',#4832,#4821,#4834,.T.);
#4832 = VERTEX_POINT('',#4833);
#4833 = CARTESIAN_POINT('',(87.867156741649,-1.882843258351,40.));
#4834 = CIRCLE('',#4835,6.);
#4835 = AXIS2_PLACEMENT_3D('',#4836,#4837,#4838);
#4836 = CARTESIAN_POINT('',(91.,-7.,40.));
#4837 = DIRECTION('',(0.,0.,1.));
#4838 = DIRECTION('',(1.,0.,0.));
#4839 = ORIENTED_EDGE('',*,*,#4840,.F.);
#4840 = EDGE_CURVE('',#4841,#4832,#4843,.T.);
#4841 = VERTEX_POINT('',#4842);
#4842 = CARTESIAN_POINT('',(88.,-1.,40.));
#4843 = CIRCLE('',#4844,3.);
#4844 = AXIS2_PLACEMENT_3D('',#4845,#4846,#4847);
#4845 = CARTESIAN_POINT('',(85.,-1.,40.));
#4846 = DIRECTION('',(0.,0.,-1.));
#4847 = DIRECTION('',(1.,0.,0.));
#4848 = ORIENTED_EDGE('',*,*,#4849,.F.);
#4849 = EDGE_CURVE('',#4850,#4841,#4852,.T.);
#4850 = VERTEX_POINT('',#4851);
#4851 = CARTESIAN_POINT('',(88.,1.2,40.));
#4852 = LINE('',#4853,#4854);
#4853 = CARTESIAN_POINT('',(88.,13.5,40.));
#4854 = VECTOR('',#4855,1.);
#4855 = DIRECTION('',(0.,-1.,0.));
#4856 = ORIENTED_EDGE('',*,*,#4857,.F.);
#4857 = EDGE_CURVE('',#4858,#4850,#4860,.T.);
#4858 = VERTEX_POINT('',#4859);
#4859 = CARTESIAN_POINT('',(-4.,1.2,40.));
#4860 = LINE('',#4861,#4862);
#4861 = CARTESIAN_POINT('',(-7.,1.2,40.));
#4862 = VECTOR('',#4863,1.);
#4863 = DIRECTION('',(1.,0.,0.));
#4864 = ORIENTED_EDGE('',*,*,#4865,.T.);
#4865 = EDGE_CURVE('',#4858,#4866,#4868,.T.);
#4866 = VERTEX_POINT('',#4867);
#4867 = CARTESIAN_POINT('',(-4.,-1.,40.));
#4868 = LINE('',#4869,#4870);
#4869 = CARTESIAN_POINT('',(-4.,13.5,40.));
#4870 = VECTOR('',#4871,1.);
#4871 = DIRECTION('',(0.,-1.,0.));
#4872 = ORIENTED_EDGE('',*,*,#4873,.F.);
#4873 = EDGE_CURVE('',#4269,#4866,#4874,.T.);
#4874 = CIRCLE('',#4875,3.);
#4875 = AXIS2_PLACEMENT_3D('',#4876,#4877,#4878);
#4876 = CARTESIAN_POINT('',(-1.,-1.,40.));
#4877 = DIRECTION('',(0.,0.,-1.));
#4878 = DIRECTION('',(1.,0.,0.));
#4879 = ORIENTED_EDGE('',*,*,#4276,.F.);
#4880 = ORIENTED_EDGE('',*,*,#4881,.F.);
#4881 = EDGE_CURVE('',#4882,#4277,#4884,.T.);
#4882 = VERTEX_POINT('',#4883);
#4883 = CARTESIAN_POINT('',(-1.,-4.,40.));
#4884 = CIRCLE('',#4885,3.);
#4885 = AXIS2_PLACEMENT_3D('',#4886,#4887,#4888);
#4886 = CARTESIAN_POINT('',(-1.,-1.,40.));
#4887 = DIRECTION('',(0.,0.,-1.));
#4888 = DIRECTION('',(1.,0.,0.));
#4889 = ORIENTED_EDGE('',*,*,#4890,.T.);
#4890 = EDGE_CURVE('',#4882,#4823,#4891,.T.);
#4891 = LINE('',#4892,#4893);
#4892 = CARTESIAN_POINT('',(20.5,-4.,40.));
#4893 = VECTOR('',#4894,1.);
#4894 = DIRECTION('',(1.,0.,0.));
#4895 = FACE_BOUND('',#4896,.T.);
#4896 = EDGE_LOOP('',(#4897));
#4897 = ORIENTED_EDGE('',*,*,#4898,.T.);
#4898 = EDGE_CURVE('',#4899,#4899,#4901,.T.);
#4899 = VERTEX_POINT('',#4900);
#4900 = CARTESIAN_POINT('',(-2.909836065574,-7.,40.));
#4901 = CIRCLE('',#4902,4.090163934426);
#4902 = AXIS2_PLACEMENT_3D('',#4903,#4904,#4905);
#4903 = CARTESIAN_POINT('',(-7.,-7.,40.));
#4904 = DIRECTION('',(0.,0.,1.));
#4905 = DIRECTION('',(1.,0.,0.));
#4906 = FACE_BOUND('',#4907,.T.);
#4907 = EDGE_LOOP('',(#4908));
#4908 = ORIENTED_EDGE('',*,*,#4909,.T.);
#4909 = EDGE_CURVE('',#4910,#4910,#4912,.T.);
#4910 = VERTEX_POINT('',#4911);
#4911 = CARTESIAN_POINT('',(95.090163934426,63.,40.));
#4912 = CIRCLE('',#4913,4.090163934426);
#4913 = AXIS2_PLACEMENT_3D('',#4914,#4915,#4916);
#4914 = CARTESIAN_POINT('',(91.,63.,40.));
#4915 = DIRECTION('',(0.,0.,1.));
#4916 = DIRECTION('',(1.,0.,0.));
#4917 = FACE_BOUND('',#4918,.T.);
#4918 = EDGE_LOOP('',(#4919,#4929,#4937,#4945));
#4919 = ORIENTED_EDGE('',*,*,#4920,.F.);
#4920 = EDGE_CURVE('',#4921,#4923,#4925,.T.);
#4921 = VERTEX_POINT('',#4922);
#4922 = CARTESIAN_POINT('',(88.,50.2,40.));
#4923 = VERTEX_POINT('',#4924);
#4924 = CARTESIAN_POINT('',(88.,5.8,40.));
#4925 = LINE('',#4926,#4927);
#4926 = CARTESIAN_POINT('',(88.,13.5,40.));
#4927 = VECTOR('',#4928,1.);
#4928 = DIRECTION('',(0.,-1.,0.));
#4929 = ORIENTED_EDGE('',*,*,#4930,.F.);
#4930 = EDGE_CURVE('',#4931,#4921,#4933,.T.);
#4931 = VERTEX_POINT('',#4932);
#4932 = CARTESIAN_POINT('',(-4.,50.2,40.));
#4933 = LINE('',#4934,#4935);
#4934 = CARTESIAN_POINT('',(-7.,50.2,40.));
#4935 = VECTOR('',#4936,1.);
#4936 = DIRECTION('',(1.,0.,0.));
#4937 = ORIENTED_EDGE('',*,*,#4938,.T.);
#4938 = EDGE_CURVE('',#4931,#4939,#4941,.T.);
#4939 = VERTEX_POINT('',#4940);
#4940 = CARTESIAN_POINT('',(-4.,5.8,40.));
#4941 = LINE('',#4942,#4943);
#4942 = CARTESIAN_POINT('',(-4.,13.5,40.));
#4943 = VECTOR('',#4944,1.);
#4944 = DIRECTION('',(0.,-1.,0.));
#4945 = ORIENTED_EDGE('',*,*,#4946,.T.);
#4946 = EDGE_CURVE('',#4939,#4923,#4947,.T.);
#4947 = LINE('',#4948,#4949);
#4948 = CARTESIAN_POINT('',(-7.,5.8,40.));
#4949 = VECTOR('',#4950,1.);
#4950 = DIRECTION('',(1.,0.,0.));
#4951 = FACE_BOUND('',#4952,.T.);
#4952 = EDGE_LOOP('',(#4953,#4964,#4973,#4982,#4990,#4997,#4998,#5007,
    #5015,#5023));
#4953 = ORIENTED_EDGE('',*,*,#4954,.F.);
#4954 = EDGE_CURVE('',#4955,#4957,#4959,.T.);
#4955 = VERTEX_POINT('',#4956);
#4956 = CARTESIAN_POINT('',(87.867156741649,57.882843258351,40.));
#4957 = VERTEX_POINT('',#4958);
#4958 = CARTESIAN_POINT('',(88.,57.,40.));
#4959 = CIRCLE('',#4960,3.);
#4960 = AXIS2_PLACEMENT_3D('',#4961,#4962,#4963);
#4961 = CARTESIAN_POINT('',(85.,57.,40.));
#4962 = DIRECTION('',(0.,0.,-1.));
#4963 = DIRECTION('',(1.,0.,0.));
#4964 = ORIENTED_EDGE('',*,*,#4965,.F.);
#4965 = EDGE_CURVE('',#4966,#4955,#4968,.T.);
#4966 = VERTEX_POINT('',#4967);
#4967 = CARTESIAN_POINT('',(85.882843258351,59.867156741649,40.));
#4968 = CIRCLE('',#4969,6.);
#4969 = AXIS2_PLACEMENT_3D('',#4970,#4971,#4972);
#4970 = CARTESIAN_POINT('',(91.,63.,40.));
#4971 = DIRECTION('',(0.,0.,1.));
#4972 = DIRECTION('',(1.,0.,0.));
#4973 = ORIENTED_EDGE('',*,*,#4974,.F.);
#4974 = EDGE_CURVE('',#4975,#4966,#4977,.T.);
#4975 = VERTEX_POINT('',#4976);
#4976 = CARTESIAN_POINT('',(85.,60.,40.));
#4977 = CIRCLE('',#4978,3.);
#4978 = AXIS2_PLACEMENT_3D('',#4979,#4980,#4981);
#4979 = CARTESIAN_POINT('',(85.,57.,40.));
#4980 = DIRECTION('',(0.,0.,-1.));
#4981 = DIRECTION('',(1.,0.,0.));
#4982 = ORIENTED_EDGE('',*,*,#4983,.F.);
#4983 = EDGE_CURVE('',#4984,#4975,#4986,.T.);
#4984 = VERTEX_POINT('',#4985);
#4985 = CARTESIAN_POINT('',(-1.,60.,40.));
#4986 = LINE('',#4987,#4988);
#4987 = CARTESIAN_POINT('',(20.5,60.,40.));
#4988 = VECTOR('',#4989,1.);
#4989 = DIRECTION('',(1.,0.,0.));
#4990 = ORIENTED_EDGE('',*,*,#4991,.F.);
#4991 = EDGE_CURVE('',#4684,#4984,#4992,.T.);
#4992 = CIRCLE('',#4993,3.);
#4993 = AXIS2_PLACEMENT_3D('',#4994,#4995,#4996);
#4994 = CARTESIAN_POINT('',(-1.,57.,40.));
#4995 = DIRECTION('',(0.,0.,-1.));
#4996 = DIRECTION('',(1.,0.,0.));
#4997 = ORIENTED_EDGE('',*,*,#4691,.F.);
#4998 = ORIENTED_EDGE('',*,*,#4999,.F.);
#4999 = EDGE_CURVE('',#5000,#4692,#5002,.T.);
#5000 = VERTEX_POINT('',#5001);
#5001 = CARTESIAN_POINT('',(-4.,57.,40.));
#5002 = CIRCLE('',#5003,3.);
#5003 = AXIS2_PLACEMENT_3D('',#5004,#5005,#5006);
#5004 = CARTESIAN_POINT('',(-1.,57.,40.));
#5005 = DIRECTION('',(0.,0.,-1.));
#5006 = DIRECTION('',(1.,0.,0.));
#5007 = ORIENTED_EDGE('',*,*,#5008,.T.);
#5008 = EDGE_CURVE('',#5000,#5009,#5011,.T.);
#5009 = VERTEX_POINT('',#5010);
#5010 = CARTESIAN_POINT('',(-4.,54.8,40.));
#5011 = LINE('',#5012,#5013);
#5012 = CARTESIAN_POINT('',(-4.,13.5,40.));
#5013 = VECTOR('',#5014,1.);
#5014 = DIRECTION('',(0.,-1.,0.));
#5015 = ORIENTED_EDGE('',*,*,#5016,.T.);
#5016 = EDGE_CURVE('',#5009,#5017,#5019,.T.);
#5017 = VERTEX_POINT('',#5018);
#5018 = CARTESIAN_POINT('',(88.,54.8,40.));
#5019 = LINE('',#5020,#5021);
#5020 = CARTESIAN_POINT('',(-7.,54.8,40.));
#5021 = VECTOR('',#5022,1.);
#5022 = DIRECTION('',(1.,0.,0.));
#5023 = ORIENTED_EDGE('',*,*,#5024,.F.);
#5024 = EDGE_CURVE('',#4957,#5017,#5025,.T.);
#5025 = LINE('',#5026,#5027);
#5026 = CARTESIAN_POINT('',(88.,13.5,40.));
#5027 = VECTOR('',#5028,1.);
#5028 = DIRECTION('',(0.,-1.,0.));
#5029 = FACE_BOUND('',#5030,.T.);
#5030 = EDGE_LOOP('',(#5031));
#5031 = ORIENTED_EDGE('',*,*,#5032,.T.);
#5032 = EDGE_CURVE('',#5033,#5033,#5035,.T.);
#5033 = VERTEX_POINT('',#5034);
#5034 = CARTESIAN_POINT('',(-2.909836065574,63.,40.));
#5035 = CIRCLE('',#5036,4.090163934426);
#5036 = AXIS2_PLACEMENT_3D('',#5037,#5038,#5039);
#5037 = CARTESIAN_POINT('',(-7.,63.,40.));
#5038 = DIRECTION('',(0.,0.,1.));
#5039 = DIRECTION('',(1.,0.,0.));
#5040 = PLANE('',#5041);
#5041 = AXIS2_PLACEMENT_3D('',#5042,#5043,#5044);
#5042 = CARTESIAN_POINT('',(42.,28.,40.));
#5043 = DIRECTION('',(-0.,-0.,-1.));
#5044 = DIRECTION('',(-1.,0.,0.));
#5045 = ADVANCED_FACE('',(#5046),#5064,.F.);
#5046 = FACE_BOUND('',#5047,.F.);
#5047 = EDGE_LOOP('',(#5048,#5049,#5050,#5058));
#5048 = ORIENTED_EDGE('',*,*,#4801,.F.);
#5049 = ORIENTED_EDGE('',*,*,#4241,.T.);
#5050 = ORIENTED_EDGE('',*,*,#5051,.T.);
#5051 = EDGE_CURVE('',#4244,#5052,#5054,.T.);
#5052 = VERTEX_POINT('',#5053);
#5053 = CARTESIAN_POINT('',(91.,-13.,46.));
#5054 = LINE('',#5055,#5056);
#5055 = CARTESIAN_POINT('',(-7.,-13.,46.));
#5056 = VECTOR('',#5057,1.);
#5057 = DIRECTION('',(1.,0.,0.));
#5058 = ORIENTED_EDGE('',*,*,#5059,.F.);
#5059 = EDGE_CURVE('',#4793,#5052,#5060,.T.);
#5060 = LINE('',#5061,#5062);
#5061 = CARTESIAN_POINT('',(91.,-13.,40.));
#5062 = VECTOR('',#5063,1.);
#5063 = DIRECTION('',(0.,0.,1.));
#5064 = PLANE('',#5065);
#5065 = AXIS2_PLACEMENT_3D('',#5066,#5067,#5068);
#5066 = CARTESIAN_POINT('',(-7.,-13.,40.));
#5067 = DIRECTION('',(0.,1.,0.));
#5068 = DIRECTION('',(0.,0.,1.));
#5069 = ADVANCED_FACE('',(#5070),#5081,.F.);
#5070 = FACE_BOUND('',#5071,.T.);
#5071 = EDGE_LOOP('',(#5072,#5073,#5074,#5080));
#5072 = ORIENTED_EDGE('',*,*,#4268,.T.);
#5073 = ORIENTED_EDGE('',*,*,#4873,.T.);
#5074 = ORIENTED_EDGE('',*,*,#5075,.T.);
#5075 = EDGE_CURVE('',#4866,#4335,#5076,.T.);
#5076 = LINE('',#5077,#5078);
#5077 = CARTESIAN_POINT('',(-4.,-1.,39.));
#5078 = VECTOR('',#5079,1.);
#5079 = DIRECTION('',(0.,0.,1.));
#5080 = ORIENTED_EDGE('',*,*,#4334,.F.);
#5081 = CYLINDRICAL_SURFACE('',#5082,3.);
#5082 = AXIS2_PLACEMENT_3D('',#5083,#5084,#5085);
#5083 = CARTESIAN_POINT('',(-1.,-1.,39.));
#5084 = DIRECTION('',(-0.,-0.,-1.));
#5085 = DIRECTION('',(1.,0.,0.));
#5086 = ADVANCED_FACE('',(#5087),#5106,.F.);
#5087 = FACE_BOUND('',#5088,.T.);
#5088 = EDGE_LOOP('',(#5089,#5097,#5098,#5099));
#5089 = ORIENTED_EDGE('',*,*,#5090,.F.);
#5090 = EDGE_CURVE('',#4882,#5091,#5093,.T.);
#5091 = VERTEX_POINT('',#5092);
#5092 = CARTESIAN_POINT('',(-1.,-4.,46.));
#5093 = LINE('',#5094,#5095);
#5094 = CARTESIAN_POINT('',(-1.,-4.,39.));
#5095 = VECTOR('',#5096,1.);
#5096 = DIRECTION('',(0.,0.,1.));
#5097 = ORIENTED_EDGE('',*,*,#4881,.T.);
#5098 = ORIENTED_EDGE('',*,*,#4285,.F.);
#5099 = ORIENTED_EDGE('',*,*,#5100,.F.);
#5100 = EDGE_CURVE('',#5091,#4286,#5101,.T.);
#5101 = CIRCLE('',#5102,3.);
#5102 = AXIS2_PLACEMENT_3D('',#5103,#5104,#5105);
#5103 = CARTESIAN_POINT('',(-1.,-1.,46.));
#5104 = DIRECTION('',(0.,0.,-1.));
#5105 = DIRECTION('',(1.,0.,0.));
#5106 = CYLINDRICAL_SURFACE('',#5107,3.);
#5107 = AXIS2_PLACEMENT_3D('',#5108,#5109,#5110);
#5108 = CARTESIAN_POINT('',(-1.,-1.,39.));
#5109 = DIRECTION('',(-0.,-0.,-1.));
#5110 = DIRECTION('',(1.,0.,0.));
#5111 = ADVANCED_FACE('',(#5112),#5142,.T.);
#5112 = FACE_BOUND('',#5113,.T.);
#5113 = EDGE_LOOP('',(#5114,#5115,#5116,#5125,#5134,#5140,#5141));
#5114 = ORIENTED_EDGE('',*,*,#4317,.T.);
#5115 = ORIENTED_EDGE('',*,*,#5051,.T.);
#5116 = ORIENTED_EDGE('',*,*,#5117,.T.);
#5117 = EDGE_CURVE('',#5052,#5118,#5120,.T.);
#5118 = VERTEX_POINT('',#5119);
#5119 = CARTESIAN_POINT('',(85.882843258351,-3.867156741649,46.));
#5120 = CIRCLE('',#5121,6.);
#5121 = AXIS2_PLACEMENT_3D('',#5122,#5123,#5124);
#5122 = CARTESIAN_POINT('',(91.,-7.,46.));
#5123 = DIRECTION('',(0.,0.,-1.));
#5124 = DIRECTION('',(1.,0.,0.));
#5125 = ORIENTED_EDGE('',*,*,#5126,.T.);
#5126 = EDGE_CURVE('',#5118,#5127,#5129,.T.);
#5127 = VERTEX_POINT('',#5128);
#5128 = CARTESIAN_POINT('',(85.,-4.,46.));
#5129 = CIRCLE('',#5130,3.);
#5130 = AXIS2_PLACEMENT_3D('',#5131,#5132,#5133);
#5131 = CARTESIAN_POINT('',(85.,-1.,46.));
#5132 = DIRECTION('',(0.,0.,-1.));
#5133 = DIRECTION('',(1.,0.,0.));
#5134 = ORIENTED_EDGE('',*,*,#5135,.T.);
#5135 = EDGE_CURVE('',#5127,#5091,#5136,.T.);
#5136 = LINE('',#5137,#5138);
#5137 = CARTESIAN_POINT('',(20.5,-4.,46.));
#5138 = VECTOR('',#5139,1.);
#5139 = DIRECTION('',(-1.,0.,0.));
#5140 = ORIENTED_EDGE('',*,*,#5100,.T.);
#5141 = ORIENTED_EDGE('',*,*,#4293,.T.);
#5142 = PLANE('',#5143);
#5143 = AXIS2_PLACEMENT_3D('',#5144,#5145,#5146);
#5144 = CARTESIAN_POINT('',(42.,28.,46.));
#5145 = DIRECTION('',(0.,0.,1.));
#5146 = DIRECTION('',(1.,0.,0.));
#5147 = ADVANCED_FACE('',(#5148,#5151),#5162,.T.);
#5148 = FACE_BOUND('',#5149,.T.);
#5149 = EDGE_LOOP('',(#5150));
#5150 = ORIENTED_EDGE('',*,*,#4309,.T.);
#5151 = FACE_BOUND('',#5152,.T.);
#5152 = EDGE_LOOP('',(#5153));
#5153 = ORIENTED_EDGE('',*,*,#5154,.F.);
#5154 = EDGE_CURVE('',#5155,#5155,#5157,.T.);
#5155 = VERTEX_POINT('',#5156);
#5156 = CARTESIAN_POINT('',(-4.,-7.,80.));
#5157 = CIRCLE('',#5158,3.);
#5158 = AXIS2_PLACEMENT_3D('',#5159,#5160,#5161);
#5159 = CARTESIAN_POINT('',(-7.,-7.,80.));
#5160 = DIRECTION('',(0.,0.,1.));
#5161 = DIRECTION('',(1.,0.,0.));
#5162 = PLANE('',#5163);
#5163 = AXIS2_PLACEMENT_3D('',#5164,#5165,#5166);
#5164 = CARTESIAN_POINT('',(-7.,-7.,80.));
#5165 = DIRECTION('',(0.,0.,1.));
#5166 = DIRECTION('',(1.,0.,0.));
#5167 = ADVANCED_FACE('',(#5168),#5179,.F.);
#5168 = FACE_BOUND('',#5169,.F.);
#5169 = EDGE_LOOP('',(#5170,#5171,#5177,#5178));
#5170 = ORIENTED_EDGE('',*,*,#4512,.F.);
#5171 = ORIENTED_EDGE('',*,*,#5172,.T.);
#5172 = EDGE_CURVE('',#4505,#4555,#5173,.T.);
#5173 = LINE('',#5174,#5175);
#5174 = CARTESIAN_POINT('',(-10.1,2.,45.3));
#5175 = VECTOR('',#5176,1.);
#5176 = DIRECTION('',(0.,1.,0.));
#5177 = ORIENTED_EDGE('',*,*,#4554,.T.);
#5178 = ORIENTED_EDGE('',*,*,#4465,.F.);
#5179 = PLANE('',#5180);
#5180 = AXIS2_PLACEMENT_3D('',#5181,#5182,#5183);
#5181 = CARTESIAN_POINT('',(-10.1,2.,43.));
#5182 = DIRECTION('',(1.,0.,0.));
#5183 = DIRECTION('',(0.,0.,1.));
#5184 = ADVANCED_FACE('',(#5185),#5196,.F.);
#5185 = FACE_BOUND('',#5186,.F.);
#5186 = EDGE_LOOP('',(#5187,#5188,#5194,#5195));
#5187 = ORIENTED_EDGE('',*,*,#4609,.F.);
#5188 = ORIENTED_EDGE('',*,*,#5189,.T.);
#5189 = EDGE_CURVE('',#4602,#4652,#5190,.T.);
#5190 = LINE('',#5191,#5192);
#5191 = CARTESIAN_POINT('',(-10.1,51.,45.3));
#5192 = VECTOR('',#5193,1.);
#5193 = DIRECTION('',(0.,1.,0.));
#5194 = ORIENTED_EDGE('',*,*,#4651,.T.);
#5195 = ORIENTED_EDGE('',*,*,#4442,.F.);
#5196 = PLANE('',#5197);
#5197 = AXIS2_PLACEMENT_3D('',#5198,#5199,#5200);
#5198 = CARTESIAN_POINT('',(-10.1,51.,43.));
#5199 = DIRECTION('',(1.,0.,0.));
#5200 = DIRECTION('',(0.,0.,1.));
#5201 = ADVANCED_FACE('',(#5202),#5213,.F.);
#5202 = FACE_BOUND('',#5203,.T.);
#5203 = EDGE_LOOP('',(#5204,#5210,#5211,#5212));
#5204 = ORIENTED_EDGE('',*,*,#5205,.F.);
#5205 = EDGE_CURVE('',#5000,#4410,#5206,.T.);
#5206 = LINE('',#5207,#5208);
#5207 = CARTESIAN_POINT('',(-4.,57.,39.));
#5208 = VECTOR('',#5209,1.);
#5209 = DIRECTION('',(0.,0.,1.));
#5210 = ORIENTED_EDGE('',*,*,#4999,.T.);
#5211 = ORIENTED_EDGE('',*,*,#4700,.F.);
#5212 = ORIENTED_EDGE('',*,*,#4417,.F.);
#5213 = CYLINDRICAL_SURFACE('',#5214,3.);
#5214 = AXIS2_PLACEMENT_3D('',#5215,#5216,#5217);
#5215 = CARTESIAN_POINT('',(-1.,57.,39.));
#5216 = DIRECTION('',(-0.,-0.,-1.));
#5217 = DIRECTION('',(1.,0.,0.));
#5218 = ADVANCED_FACE('',(#5219),#5230,.T.);
#5219 = FACE_BOUND('',#5220,.T.);
#5220 = EDGE_LOOP('',(#5221,#5227,#5228,#5229));
#5221 = ORIENTED_EDGE('',*,*,#5222,.F.);
#5222 = EDGE_CURVE('',#5009,#4402,#5223,.T.);
#5223 = LINE('',#5224,#5225);
#5224 = CARTESIAN_POINT('',(-4.,54.8,39.5));
#5225 = VECTOR('',#5226,1.);
#5226 = DIRECTION('',(0.,0.,1.));
#5227 = ORIENTED_EDGE('',*,*,#5008,.F.);
#5228 = ORIENTED_EDGE('',*,*,#5205,.T.);
#5229 = ORIENTED_EDGE('',*,*,#4409,.F.);
#5230 = PLANE('',#5231);
#5231 = AXIS2_PLACEMENT_3D('',#5232,#5233,#5234);
#5232 = CARTESIAN_POINT('',(-4.,-1.,39.));
#5233 = DIRECTION('',(1.,0.,0.));
#5234 = DIRECTION('',(0.,0.,1.));
#5235 = ADVANCED_FACE('',(#5236),#5279,.T.);
#5236 = FACE_BOUND('',#5237,.T.);
#5237 = EDGE_LOOP('',(#5238,#5239,#5240,#5241,#5249,#5257,#5265,#5273));
#5238 = ORIENTED_EDGE('',*,*,#5016,.F.);
#5239 = ORIENTED_EDGE('',*,*,#5222,.T.);
#5240 = ORIENTED_EDGE('',*,*,#4401,.T.);
#5241 = ORIENTED_EDGE('',*,*,#5242,.T.);
#5242 = EDGE_CURVE('',#4393,#5243,#5245,.T.);
#5243 = VERTEX_POINT('',#5244);
#5244 = CARTESIAN_POINT('',(5.426136028426,54.8,46.));
#5245 = LINE('',#5246,#5247);
#5246 = CARTESIAN_POINT('',(-7.,54.8,46.));
#5247 = VECTOR('',#5248,1.);
#5248 = DIRECTION('',(1.,0.,0.));
#5249 = ORIENTED_EDGE('',*,*,#5250,.T.);
#5250 = EDGE_CURVE('',#5243,#5251,#5253,.T.);
#5251 = VERTEX_POINT('',#5252);
#5252 = CARTESIAN_POINT('',(59.573863971574,54.8,46.));
#5253 = LINE('',#5254,#5255);
#5254 = CARTESIAN_POINT('',(-7.,54.8,46.));
#5255 = VECTOR('',#5256,1.);
#5256 = DIRECTION('',(1.,0.,0.));
#5257 = ORIENTED_EDGE('',*,*,#5258,.T.);
#5258 = EDGE_CURVE('',#5251,#5259,#5261,.T.);
#5259 = VERTEX_POINT('',#5260);
#5260 = CARTESIAN_POINT('',(63.426136028426,54.8,46.));
#5261 = LINE('',#5262,#5263);
#5262 = CARTESIAN_POINT('',(-7.,54.8,46.));
#5263 = VECTOR('',#5264,1.);
#5264 = DIRECTION('',(1.,0.,0.));
#5265 = ORIENTED_EDGE('',*,*,#5266,.T.);
#5266 = EDGE_CURVE('',#5259,#5267,#5269,.T.);
#5267 = VERTEX_POINT('',#5268);
#5268 = CARTESIAN_POINT('',(88.,54.8,46.));
#5269 = LINE('',#5270,#5271);
#5270 = CARTESIAN_POINT('',(-7.,54.8,46.));
#5271 = VECTOR('',#5272,1.);
#5272 = DIRECTION('',(1.,0.,0.));
#5273 = ORIENTED_EDGE('',*,*,#5274,.F.);
#5274 = EDGE_CURVE('',#5017,#5267,#5275,.T.);
#5275 = LINE('',#5276,#5277);
#5276 = CARTESIAN_POINT('',(88.,54.8,39.5));
#5277 = VECTOR('',#5278,1.);
#5278 = DIRECTION('',(0.,0.,1.));
#5279 = PLANE('',#5280);
#5280 = AXIS2_PLACEMENT_3D('',#5281,#5282,#5283);
#5281 = CARTESIAN_POINT('',(-7.,54.8,40.));
#5282 = DIRECTION('',(0.,1.,0.));
#5283 = DIRECTION('',(0.,0.,1.));
#5284 = ADVANCED_FACE('',(#5285),#5336,.T.);
#5285 = FACE_BOUND('',#5286,.F.);
#5286 = EDGE_LOOP('',(#5287,#5296,#5304,#5311,#5312,#5321,#5328,#5329));
#5287 = ORIENTED_EDGE('',*,*,#5288,.F.);
#5288 = EDGE_CURVE('',#5289,#5243,#5291,.T.);
#5289 = VERTEX_POINT('',#5290);
#5290 = CARTESIAN_POINT('',(6.5,52.5,46.));
#5291 = CIRCLE('',#5292,3.);
#5292 = AXIS2_PLACEMENT_3D('',#5293,#5294,#5295);
#5293 = CARTESIAN_POINT('',(3.5,52.5,46.));
#5294 = DIRECTION('',(0.,0.,1.));
#5295 = DIRECTION('',(1.,0.,0.));
#5296 = ORIENTED_EDGE('',*,*,#5297,.T.);
#5297 = EDGE_CURVE('',#5289,#5298,#5300,.T.);
#5298 = VERTEX_POINT('',#5299);
#5299 = CARTESIAN_POINT('',(6.5,52.5,49.));
#5300 = LINE('',#5301,#5302);
#5301 = CARTESIAN_POINT('',(6.5,52.5,46.));
#5302 = VECTOR('',#5303,1.);
#5303 = DIRECTION('',(0.,0.,1.));
#5304 = ORIENTED_EDGE('',*,*,#5305,.T.);
#5305 = EDGE_CURVE('',#5298,#5298,#5306,.T.);
#5306 = CIRCLE('',#5307,3.);
#5307 = AXIS2_PLACEMENT_3D('',#5308,#5309,#5310);
#5308 = CARTESIAN_POINT('',(3.5,52.5,49.));
#5309 = DIRECTION('',(0.,0.,1.));
#5310 = DIRECTION('',(1.,0.,0.));
#5311 = ORIENTED_EDGE('',*,*,#5297,.F.);
#5312 = ORIENTED_EDGE('',*,*,#5313,.F.);
#5313 = EDGE_CURVE('',#5314,#5289,#5316,.T.);
#5314 = VERTEX_POINT('',#5315);
#5315 = CARTESIAN_POINT('',(5.426136028426,50.2,46.));
#5316 = CIRCLE('',#5317,3.);
#5317 = AXIS2_PLACEMENT_3D('',#5318,#5319,#5320);
#5318 = CARTESIAN_POINT('',(3.5,52.5,46.));
#5319 = DIRECTION('',(0.,0.,1.));
#5320 = DIRECTION('',(1.,0.,0.));
#5321 = ORIENTED_EDGE('',*,*,#5322,.F.);
#5322 = EDGE_CURVE('',#4385,#5314,#5323,.T.);
#5323 = CIRCLE('',#5324,3.);
#5324 = AXIS2_PLACEMENT_3D('',#5325,#5326,#5327);
#5325 = CARTESIAN_POINT('',(3.5,52.5,46.));
#5326 = DIRECTION('',(0.,0.,1.));
#5327 = DIRECTION('',(1.,0.,0.));
#5328 = ORIENTED_EDGE('',*,*,#4392,.F.);
#5329 = ORIENTED_EDGE('',*,*,#5330,.F.);
#5330 = EDGE_CURVE('',#5243,#4393,#5331,.T.);
#5331 = CIRCLE('',#5332,3.);
#5332 = AXIS2_PLACEMENT_3D('',#5333,#5334,#5335);
#5333 = CARTESIAN_POINT('',(3.5,52.5,46.));
#5334 = DIRECTION('',(0.,0.,1.));
#5335 = DIRECTION('',(1.,0.,0.));
#5336 = CYLINDRICAL_SURFACE('',#5337,3.);
#5337 = AXIS2_PLACEMENT_3D('',#5338,#5339,#5340);
#5338 = CARTESIAN_POINT('',(3.5,52.5,46.));
#5339 = DIRECTION('',(-0.,-0.,-1.));
#5340 = DIRECTION('',(1.,0.,0.));
#5341 = ADVANCED_FACE('',(#5342),#5388,.F.);
#5342 = FACE_BOUND('',#5343,.F.);
#5343 = EDGE_LOOP('',(#5344,#5345,#5351,#5352,#5358,#5366,#5374,#5382));
#5344 = ORIENTED_EDGE('',*,*,#4930,.F.);
#5345 = ORIENTED_EDGE('',*,*,#5346,.T.);
#5346 = EDGE_CURVE('',#4931,#4377,#5347,.T.);
#5347 = LINE('',#5348,#5349);
#5348 = CARTESIAN_POINT('',(-4.,50.2,39.5));
#5349 = VECTOR('',#5350,1.);
#5350 = DIRECTION('',(0.,0.,1.));
#5351 = ORIENTED_EDGE('',*,*,#4384,.T.);
#5352 = ORIENTED_EDGE('',*,*,#5353,.T.);
#5353 = EDGE_CURVE('',#4385,#5314,#5354,.T.);
#5354 = LINE('',#5355,#5356);
#5355 = CARTESIAN_POINT('',(-7.,50.2,46.));
#5356 = VECTOR('',#5357,1.);
#5357 = DIRECTION('',(1.,0.,0.));
#5358 = ORIENTED_EDGE('',*,*,#5359,.T.);
#5359 = EDGE_CURVE('',#5314,#5360,#5362,.T.);
#5360 = VERTEX_POINT('',#5361);
#5361 = CARTESIAN_POINT('',(59.573863971574,50.2,46.));
#5362 = LINE('',#5363,#5364);
#5363 = CARTESIAN_POINT('',(-7.,50.2,46.));
#5364 = VECTOR('',#5365,1.);
#5365 = DIRECTION('',(1.,0.,0.));
#5366 = ORIENTED_EDGE('',*,*,#5367,.T.);
#5367 = EDGE_CURVE('',#5360,#5368,#5370,.T.);
#5368 = VERTEX_POINT('',#5369);
#5369 = CARTESIAN_POINT('',(63.426136028426,50.2,46.));
#5370 = LINE('',#5371,#5372);
#5371 = CARTESIAN_POINT('',(-7.,50.2,46.));
#5372 = VECTOR('',#5373,1.);
#5373 = DIRECTION('',(1.,0.,0.));
#5374 = ORIENTED_EDGE('',*,*,#5375,.T.);
#5375 = EDGE_CURVE('',#5368,#5376,#5378,.T.);
#5376 = VERTEX_POINT('',#5377);
#5377 = CARTESIAN_POINT('',(88.,50.2,46.));
#5378 = LINE('',#5379,#5380);
#5379 = CARTESIAN_POINT('',(-7.,50.2,46.));
#5380 = VECTOR('',#5381,1.);
#5381 = DIRECTION('',(1.,0.,0.));
#5382 = ORIENTED_EDGE('',*,*,#5383,.F.);
#5383 = EDGE_CURVE('',#4921,#5376,#5384,.T.);
#5384 = LINE('',#5385,#5386);
#5385 = CARTESIAN_POINT('',(88.,50.2,39.5));
#5386 = VECTOR('',#5387,1.);
#5387 = DIRECTION('',(0.,0.,1.));
#5388 = PLANE('',#5389);
#5389 = AXIS2_PLACEMENT_3D('',#5390,#5391,#5392);
#5390 = CARTESIAN_POINT('',(-7.,50.2,40.));
#5391 = DIRECTION('',(0.,1.,0.));
#5392 = DIRECTION('',(0.,0.,1.));
#5393 = ADVANCED_FACE('',(#5394),#5405,.T.);
#5394 = FACE_BOUND('',#5395,.T.);
#5395 = EDGE_LOOP('',(#5396,#5402,#5403,#5404));
#5396 = ORIENTED_EDGE('',*,*,#5397,.F.);
#5397 = EDGE_CURVE('',#4939,#4369,#5398,.T.);
#5398 = LINE('',#5399,#5400);
#5399 = CARTESIAN_POINT('',(-4.,5.8,39.5));
#5400 = VECTOR('',#5401,1.);
#5401 = DIRECTION('',(0.,0.,1.));
#5402 = ORIENTED_EDGE('',*,*,#4938,.F.);
#5403 = ORIENTED_EDGE('',*,*,#5346,.T.);
#5404 = ORIENTED_EDGE('',*,*,#4376,.F.);
#5405 = PLANE('',#5406);
#5406 = AXIS2_PLACEMENT_3D('',#5407,#5408,#5409);
#5407 = CARTESIAN_POINT('',(-4.,-1.,39.));
#5408 = DIRECTION('',(1.,0.,0.));
#5409 = DIRECTION('',(0.,0.,1.));
#5410 = ADVANCED_FACE('',(#5411),#5454,.T.);
#5411 = FACE_BOUND('',#5412,.T.);
#5412 = EDGE_LOOP('',(#5413,#5414,#5415,#5416,#5424,#5432,#5440,#5448));
#5413 = ORIENTED_EDGE('',*,*,#4946,.F.);
#5414 = ORIENTED_EDGE('',*,*,#5397,.T.);
#5415 = ORIENTED_EDGE('',*,*,#4368,.T.);
#5416 = ORIENTED_EDGE('',*,*,#5417,.T.);
#5417 = EDGE_CURVE('',#4360,#5418,#5420,.T.);
#5418 = VERTEX_POINT('',#5419);
#5419 = CARTESIAN_POINT('',(5.426136028426,5.8,46.));
#5420 = LINE('',#5421,#5422);
#5421 = CARTESIAN_POINT('',(-7.,5.8,46.));
#5422 = VECTOR('',#5423,1.);
#5423 = DIRECTION('',(1.,0.,0.));
#5424 = ORIENTED_EDGE('',*,*,#5425,.T.);
#5425 = EDGE_CURVE('',#5418,#5426,#5428,.T.);
#5426 = VERTEX_POINT('',#5427);
#5427 = CARTESIAN_POINT('',(59.573863971574,5.8,46.));
#5428 = LINE('',#5429,#5430);
#5429 = CARTESIAN_POINT('',(-7.,5.8,46.));
#5430 = VECTOR('',#5431,1.);
#5431 = DIRECTION('',(1.,0.,0.));
#5432 = ORIENTED_EDGE('',*,*,#5433,.T.);
#5433 = EDGE_CURVE('',#5426,#5434,#5436,.T.);
#5434 = VERTEX_POINT('',#5435);
#5435 = CARTESIAN_POINT('',(63.426136028426,5.8,46.));
#5436 = LINE('',#5437,#5438);
#5437 = CARTESIAN_POINT('',(-7.,5.8,46.));
#5438 = VECTOR('',#5439,1.);
#5439 = DIRECTION('',(1.,0.,0.));
#5440 = ORIENTED_EDGE('',*,*,#5441,.T.);
#5441 = EDGE_CURVE('',#5434,#5442,#5444,.T.);
#5442 = VERTEX_POINT('',#5443);
#5443 = CARTESIAN_POINT('',(88.,5.8,46.));
#5444 = LINE('',#5445,#5446);
#5445 = CARTESIAN_POINT('',(-7.,5.8,46.));
#5446 = VECTOR('',#5447,1.);
#5447 = DIRECTION('',(1.,0.,0.));
#5448 = ORIENTED_EDGE('',*,*,#5449,.F.);
#5449 = EDGE_CURVE('',#4923,#5442,#5450,.T.);
#5450 = LINE('',#5451,#5452);
#5451 = CARTESIAN_POINT('',(88.,5.8,39.5));
#5452 = VECTOR('',#5453,1.);
#5453 = DIRECTION('',(0.,0.,1.));
#5454 = PLANE('',#5455);
#5455 = AXIS2_PLACEMENT_3D('',#5456,#5457,#5458);
#5456 = CARTESIAN_POINT('',(-7.,5.8,40.));
#5457 = DIRECTION('',(0.,1.,0.));
#5458 = DIRECTION('',(0.,0.,1.));
#5459 = ADVANCED_FACE('',(#5460),#5511,.T.);
#5460 = FACE_BOUND('',#5461,.F.);
#5461 = EDGE_LOOP('',(#5462,#5471,#5479,#5486,#5487,#5496,#5503,#5504));
#5462 = ORIENTED_EDGE('',*,*,#5463,.F.);
#5463 = EDGE_CURVE('',#5464,#5418,#5466,.T.);
#5464 = VERTEX_POINT('',#5465);
#5465 = CARTESIAN_POINT('',(6.5,3.5,46.));
#5466 = CIRCLE('',#5467,3.);
#5467 = AXIS2_PLACEMENT_3D('',#5468,#5469,#5470);
#5468 = CARTESIAN_POINT('',(3.5,3.5,46.));
#5469 = DIRECTION('',(0.,0.,1.));
#5470 = DIRECTION('',(1.,0.,0.));
#5471 = ORIENTED_EDGE('',*,*,#5472,.T.);
#5472 = EDGE_CURVE('',#5464,#5473,#5475,.T.);
#5473 = VERTEX_POINT('',#5474);
#5474 = CARTESIAN_POINT('',(6.5,3.5,49.));
#5475 = LINE('',#5476,#5477);
#5476 = CARTESIAN_POINT('',(6.5,3.5,46.));
#5477 = VECTOR('',#5478,1.);
#5478 = DIRECTION('',(0.,0.,1.));
#5479 = ORIENTED_EDGE('',*,*,#5480,.T.);
#5480 = EDGE_CURVE('',#5473,#5473,#5481,.T.);
#5481 = CIRCLE('',#5482,3.);
#5482 = AXIS2_PLACEMENT_3D('',#5483,#5484,#5485);
#5483 = CARTESIAN_POINT('',(3.5,3.5,49.));
#5484 = DIRECTION('',(0.,0.,1.));
#5485 = DIRECTION('',(1.,0.,0.));
#5486 = ORIENTED_EDGE('',*,*,#5472,.F.);
#5487 = ORIENTED_EDGE('',*,*,#5488,.F.);
#5488 = EDGE_CURVE('',#5489,#5464,#5491,.T.);
#5489 = VERTEX_POINT('',#5490);
#5490 = CARTESIAN_POINT('',(5.426136028426,1.2,46.));
#5491 = CIRCLE('',#5492,3.);
#5492 = AXIS2_PLACEMENT_3D('',#5493,#5494,#5495);
#5493 = CARTESIAN_POINT('',(3.5,3.5,46.));
#5494 = DIRECTION('',(0.,0.,1.));
#5495 = DIRECTION('',(1.,0.,0.));
#5496 = ORIENTED_EDGE('',*,*,#5497,.F.);
#5497 = EDGE_CURVE('',#4352,#5489,#5498,.T.);
#5498 = CIRCLE('',#5499,3.);
#5499 = AXIS2_PLACEMENT_3D('',#5500,#5501,#5502);
#5500 = CARTESIAN_POINT('',(3.5,3.5,46.));
#5501 = DIRECTION('',(0.,0.,1.));
#5502 = DIRECTION('',(1.,0.,0.));
#5503 = ORIENTED_EDGE('',*,*,#4359,.F.);
#5504 = ORIENTED_EDGE('',*,*,#5505,.F.);
#5505 = EDGE_CURVE('',#5418,#4360,#5506,.T.);
#5506 = CIRCLE('',#5507,3.);
#5507 = AXIS2_PLACEMENT_3D('',#5508,#5509,#5510);
#5508 = CARTESIAN_POINT('',(3.5,3.5,46.));
#5509 = DIRECTION('',(0.,0.,1.));
#5510 = DIRECTION('',(1.,0.,0.));
#5511 = CYLINDRICAL_SURFACE('',#5512,3.);
#5512 = AXIS2_PLACEMENT_3D('',#5513,#5514,#5515);
#5513 = CARTESIAN_POINT('',(3.5,3.5,46.));
#5514 = DIRECTION('',(-0.,-0.,-1.));
#5515 = DIRECTION('',(1.,0.,0.));
#5516 = ADVANCED_FACE('',(#5517),#5563,.F.);
#5517 = FACE_BOUND('',#5518,.F.);
#5518 = EDGE_LOOP('',(#5519,#5520,#5526,#5527,#5533,#5541,#5549,#5557));
#5519 = ORIENTED_EDGE('',*,*,#4857,.F.);
#5520 = ORIENTED_EDGE('',*,*,#5521,.T.);
#5521 = EDGE_CURVE('',#4858,#4344,#5522,.T.);
#5522 = LINE('',#5523,#5524);
#5523 = CARTESIAN_POINT('',(-4.,1.2,39.5));
#5524 = VECTOR('',#5525,1.);
#5525 = DIRECTION('',(0.,0.,1.));
#5526 = ORIENTED_EDGE('',*,*,#4351,.T.);
#5527 = ORIENTED_EDGE('',*,*,#5528,.T.);
#5528 = EDGE_CURVE('',#4352,#5489,#5529,.T.);
#5529 = LINE('',#5530,#5531);
#5530 = CARTESIAN_POINT('',(-7.,1.2,46.));
#5531 = VECTOR('',#5532,1.);
#5532 = DIRECTION('',(1.,0.,0.));
#5533 = ORIENTED_EDGE('',*,*,#5534,.T.);
#5534 = EDGE_CURVE('',#5489,#5535,#5537,.T.);
#5535 = VERTEX_POINT('',#5536);
#5536 = CARTESIAN_POINT('',(59.573863971574,1.2,46.));
#5537 = LINE('',#5538,#5539);
#5538 = CARTESIAN_POINT('',(-7.,1.2,46.));
#5539 = VECTOR('',#5540,1.);
#5540 = DIRECTION('',(1.,0.,0.));
#5541 = ORIENTED_EDGE('',*,*,#5542,.T.);
#5542 = EDGE_CURVE('',#5535,#5543,#5545,.T.);
#5543 = VERTEX_POINT('',#5544);
#5544 = CARTESIAN_POINT('',(63.426136028426,1.2,46.));
#5545 = LINE('',#5546,#5547);
#5546 = CARTESIAN_POINT('',(-7.,1.2,46.));
#5547 = VECTOR('',#5548,1.);
#5548 = DIRECTION('',(1.,0.,0.));
#5549 = ORIENTED_EDGE('',*,*,#5550,.T.);
#5550 = EDGE_CURVE('',#5543,#5551,#5553,.T.);
#5551 = VERTEX_POINT('',#5552);
#5552 = CARTESIAN_POINT('',(88.,1.2,46.));
#5553 = LINE('',#5554,#5555);
#5554 = CARTESIAN_POINT('',(-7.,1.2,46.));
#5555 = VECTOR('',#5556,1.);
#5556 = DIRECTION('',(1.,0.,0.));
#5557 = ORIENTED_EDGE('',*,*,#5558,.F.);
#5558 = EDGE_CURVE('',#4850,#5551,#5559,.T.);
#5559 = LINE('',#5560,#5561);
#5560 = CARTESIAN_POINT('',(88.,1.2,39.5));
#5561 = VECTOR('',#5562,1.);
#5562 = DIRECTION('',(0.,0.,1.));
#5563 = PLANE('',#5564);
#5564 = AXIS2_PLACEMENT_3D('',#5565,#5566,#5567);
#5565 = CARTESIAN_POINT('',(-7.,1.2,40.));
#5566 = DIRECTION('',(0.,1.,0.));
#5567 = DIRECTION('',(0.,0.,1.));
#5568 = ADVANCED_FACE('',(#5569),#5575,.T.);
#5569 = FACE_BOUND('',#5570,.T.);
#5570 = EDGE_LOOP('',(#5571,#5572,#5573,#5574));
#5571 = ORIENTED_EDGE('',*,*,#5075,.F.);
#5572 = ORIENTED_EDGE('',*,*,#4865,.F.);
#5573 = ORIENTED_EDGE('',*,*,#5521,.T.);
#5574 = ORIENTED_EDGE('',*,*,#4343,.F.);
#5575 = PLANE('',#5576);
#5576 = AXIS2_PLACEMENT_3D('',#5577,#5578,#5579);
#5577 = CARTESIAN_POINT('',(-4.,-1.,39.));
#5578 = DIRECTION('',(1.,0.,0.));
#5579 = DIRECTION('',(0.,0.,1.));
#5580 = ADVANCED_FACE('',(#5581),#5592,.F.);
#5581 = FACE_BOUND('',#5582,.F.);
#5582 = EDGE_LOOP('',(#5583,#5584,#5585,#5591));
#5583 = ORIENTED_EDGE('',*,*,#5172,.F.);
#5584 = ORIENTED_EDGE('',*,*,#4504,.T.);
#5585 = ORIENTED_EDGE('',*,*,#5586,.T.);
#5586 = EDGE_CURVE('',#4497,#4563,#5587,.T.);
#5587 = LINE('',#5588,#5589);
#5588 = CARTESIAN_POINT('',(-3.95,2.,45.3));
#5589 = VECTOR('',#5590,1.);
#5590 = DIRECTION('',(0.,1.,0.));
#5591 = ORIENTED_EDGE('',*,*,#4562,.F.);
#5592 = PLANE('',#5593);
#5593 = AXIS2_PLACEMENT_3D('',#5594,#5595,#5596);
#5594 = CARTESIAN_POINT('',(-13.05,2.,45.3));
#5595 = DIRECTION('',(0.,0.,1.));
#5596 = DIRECTION('',(1.,0.,0.));
#5597 = ADVANCED_FACE('',(#5598),#5604,.F.);
#5598 = FACE_BOUND('',#5599,.F.);
#5599 = EDGE_LOOP('',(#5600,#5601,#5602,#5603));
#5600 = ORIENTED_EDGE('',*,*,#4496,.F.);
#5601 = ORIENTED_EDGE('',*,*,#4529,.T.);
#5602 = ORIENTED_EDGE('',*,*,#4570,.T.);
#5603 = ORIENTED_EDGE('',*,*,#5586,.F.);
#5604 = PLANE('',#5605);
#5605 = AXIS2_PLACEMENT_3D('',#5606,#5607,#5608);
#5606 = CARTESIAN_POINT('',(-3.95,2.,43.));
#5607 = DIRECTION('',(1.,0.,0.));
#5608 = DIRECTION('',(0.,0.,1.));
#5609 = ADVANCED_FACE('',(#5610),#5621,.F.);
#5610 = FACE_BOUND('',#5611,.F.);
#5611 = EDGE_LOOP('',(#5612,#5613,#5614,#5620));
#5612 = ORIENTED_EDGE('',*,*,#5189,.F.);
#5613 = ORIENTED_EDGE('',*,*,#4601,.T.);
#5614 = ORIENTED_EDGE('',*,*,#5615,.T.);
#5615 = EDGE_CURVE('',#4594,#4660,#5616,.T.);
#5616 = LINE('',#5617,#5618);
#5617 = CARTESIAN_POINT('',(-3.95,51.,45.3));
#5618 = VECTOR('',#5619,1.);
#5619 = DIRECTION('',(0.,1.,0.));
#5620 = ORIENTED_EDGE('',*,*,#4659,.F.);
#5621 = PLANE('',#5622);
#5622 = AXIS2_PLACEMENT_3D('',#5623,#5624,#5625);
#5623 = CARTESIAN_POINT('',(-13.05,51.,45.3));
#5624 = DIRECTION('',(0.,0.,1.));
#5625 = DIRECTION('',(1.,0.,0.));
#5626 = ADVANCED_FACE('',(#5627),#5633,.F.);
#5627 = FACE_BOUND('',#5628,.F.);
#5628 = EDGE_LOOP('',(#5629,#5630,#5631,#5632));
#5629 = ORIENTED_EDGE('',*,*,#4593,.F.);
#5630 = ORIENTED_EDGE('',*,*,#4626,.T.);
#5631 = ORIENTED_EDGE('',*,*,#4667,.T.);
#5632 = ORIENTED_EDGE('',*,*,#5615,.F.);
#5633 = PLANE('',#5634);
#5634 = AXIS2_PLACEMENT_3D('',#5635,#5636,#5637);
#5635 = CARTESIAN_POINT('',(-3.95,51.,43.));
#5636 = DIRECTION('',(1.,0.,0.));
#5637 = DIRECTION('',(0.,0.,1.));
#5638 = ADVANCED_FACE('',(#5639),#5658,.F.);
#5639 = FACE_BOUND('',#5640,.T.);
#5640 = EDGE_LOOP('',(#5641,#5642,#5643,#5651));
#5641 = ORIENTED_EDGE('',*,*,#4681,.T.);
#5642 = ORIENTED_EDGE('',*,*,#4991,.T.);
#5643 = ORIENTED_EDGE('',*,*,#5644,.T.);
#5644 = EDGE_CURVE('',#4984,#5645,#5647,.T.);
#5645 = VERTEX_POINT('',#5646);
#5646 = CARTESIAN_POINT('',(-1.,60.,46.));
#5647 = LINE('',#5648,#5649);
#5648 = CARTESIAN_POINT('',(-1.,60.,39.));
#5649 = VECTOR('',#5650,1.);
#5650 = DIRECTION('',(0.,0.,1.));
#5651 = ORIENTED_EDGE('',*,*,#5652,.F.);
#5652 = EDGE_CURVE('',#4682,#5645,#5653,.T.);
#5653 = CIRCLE('',#5654,3.);
#5654 = AXIS2_PLACEMENT_3D('',#5655,#5656,#5657);
#5655 = CARTESIAN_POINT('',(-1.,57.,46.));
#5656 = DIRECTION('',(0.,0.,-1.));
#5657 = DIRECTION('',(1.,0.,0.));
#5658 = CYLINDRICAL_SURFACE('',#5659,3.);
#5659 = AXIS2_PLACEMENT_3D('',#5660,#5661,#5662);
#5660 = CARTESIAN_POINT('',(-1.,57.,39.));
#5661 = DIRECTION('',(-0.,-0.,-1.));
#5662 = DIRECTION('',(1.,0.,0.));
#5663 = ADVANCED_FACE('',(#5664),#5682,.T.);
#5664 = FACE_BOUND('',#5665,.T.);
#5665 = EDGE_LOOP('',(#5666,#5667,#5668,#5676));
#5666 = ORIENTED_EDGE('',*,*,#4767,.F.);
#5667 = ORIENTED_EDGE('',*,*,#4717,.T.);
#5668 = ORIENTED_EDGE('',*,*,#5669,.T.);
#5669 = EDGE_CURVE('',#4718,#5670,#5672,.T.);
#5670 = VERTEX_POINT('',#5671);
#5671 = CARTESIAN_POINT('',(91.,69.,46.));
#5672 = LINE('',#5673,#5674);
#5673 = CARTESIAN_POINT('',(-7.,69.,46.));
#5674 = VECTOR('',#5675,1.);
#5675 = DIRECTION('',(1.,0.,0.));
#5676 = ORIENTED_EDGE('',*,*,#5677,.F.);
#5677 = EDGE_CURVE('',#4768,#5670,#5678,.T.);
#5678 = LINE('',#5679,#5680);
#5679 = CARTESIAN_POINT('',(91.,69.,40.));
#5680 = VECTOR('',#5681,1.);
#5681 = DIRECTION('',(0.,0.,1.));
#5682 = PLANE('',#5683);
#5683 = AXIS2_PLACEMENT_3D('',#5684,#5685,#5686);
#5684 = CARTESIAN_POINT('',(-7.,69.,40.));
#5685 = DIRECTION('',(0.,1.,0.));
#5686 = DIRECTION('',(0.,0.,1.));
#5687 = ADVANCED_FACE('',(#5688),#5718,.T.);
#5688 = FACE_BOUND('',#5689,.T.);
#5689 = EDGE_LOOP('',(#5690,#5691,#5692,#5693,#5694,#5702,#5711));
#5690 = ORIENTED_EDGE('',*,*,#5669,.F.);
#5691 = ORIENTED_EDGE('',*,*,#4725,.T.);
#5692 = ORIENTED_EDGE('',*,*,#4749,.T.);
#5693 = ORIENTED_EDGE('',*,*,#5652,.T.);
#5694 = ORIENTED_EDGE('',*,*,#5695,.F.);
#5695 = EDGE_CURVE('',#5696,#5645,#5698,.T.);
#5696 = VERTEX_POINT('',#5697);
#5697 = CARTESIAN_POINT('',(85.,60.,46.));
#5698 = LINE('',#5699,#5700);
#5699 = CARTESIAN_POINT('',(20.5,60.,46.));
#5700 = VECTOR('',#5701,1.);
#5701 = DIRECTION('',(-1.,0.,0.));
#5702 = ORIENTED_EDGE('',*,*,#5703,.T.);
#5703 = EDGE_CURVE('',#5696,#5704,#5706,.T.);
#5704 = VERTEX_POINT('',#5705);
#5705 = CARTESIAN_POINT('',(85.882843258351,59.867156741649,46.));
#5706 = CIRCLE('',#5707,3.);
#5707 = AXIS2_PLACEMENT_3D('',#5708,#5709,#5710);
#5708 = CARTESIAN_POINT('',(85.,57.,46.));
#5709 = DIRECTION('',(0.,0.,-1.));
#5710 = DIRECTION('',(1.,0.,0.));
#5711 = ORIENTED_EDGE('',*,*,#5712,.T.);
#5712 = EDGE_CURVE('',#5704,#5670,#5713,.T.);
#5713 = CIRCLE('',#5714,6.);
#5714 = AXIS2_PLACEMENT_3D('',#5715,#5716,#5717);
#5715 = CARTESIAN_POINT('',(91.,63.,46.));
#5716 = DIRECTION('',(0.,0.,-1.));
#5717 = DIRECTION('',(1.,0.,0.));
#5718 = PLANE('',#5719);
#5719 = AXIS2_PLACEMENT_3D('',#5720,#5721,#5722);
#5720 = CARTESIAN_POINT('',(42.,28.,46.));
#5721 = DIRECTION('',(0.,0.,1.));
#5722 = DIRECTION('',(1.,0.,0.));
#5723 = ADVANCED_FACE('',(#5724,#5727),#5738,.T.);
#5724 = FACE_BOUND('',#5725,.T.);
#5725 = EDGE_LOOP('',(#5726));
#5726 = ORIENTED_EDGE('',*,*,#4741,.T.);
#5727 = FACE_BOUND('',#5728,.T.);
#5728 = EDGE_LOOP('',(#5729));
#5729 = ORIENTED_EDGE('',*,*,#5730,.F.);
#5730 = EDGE_CURVE('',#5731,#5731,#5733,.T.);
#5731 = VERTEX_POINT('',#5732);
#5732 = CARTESIAN_POINT('',(-4.,63.,80.));
#5733 = CIRCLE('',#5734,3.);
#5734 = AXIS2_PLACEMENT_3D('',#5735,#5736,#5737);
#5735 = CARTESIAN_POINT('',(-7.,63.,80.));
#5736 = DIRECTION('',(0.,0.,1.));
#5737 = DIRECTION('',(1.,0.,0.));
#5738 = PLANE('',#5739);
#5739 = AXIS2_PLACEMENT_3D('',#5740,#5741,#5742);
#5740 = CARTESIAN_POINT('',(-7.,63.,80.));
#5741 = DIRECTION('',(0.,0.,1.));
#5742 = DIRECTION('',(1.,0.,0.));
#5743 = ADVANCED_FACE('',(#5744),#5794,.T.);
#5744 = FACE_BOUND('',#5745,.F.);
#5745 = EDGE_LOOP('',(#5746,#5752,#5753,#5761,#5770,#5777,#5784,#5785,
    #5791,#5792,#5793));
#5746 = ORIENTED_EDGE('',*,*,#5747,.T.);
#5747 = EDGE_CURVE('',#5118,#4821,#5748,.T.);
#5748 = LINE('',#5749,#5750);
#5749 = CARTESIAN_POINT('',(85.882843258351,-3.867156741649,39.));
#5750 = VECTOR('',#5751,1.);
#5751 = DIRECTION('',(-0.,-0.,-1.));
#5752 = ORIENTED_EDGE('',*,*,#4831,.F.);
#5753 = ORIENTED_EDGE('',*,*,#5754,.F.);
#5754 = EDGE_CURVE('',#5755,#4832,#5757,.T.);
#5755 = VERTEX_POINT('',#5756);
#5756 = CARTESIAN_POINT('',(87.867156741649,-1.882843258351,46.));
#5757 = LINE('',#5758,#5759);
#5758 = CARTESIAN_POINT('',(87.867156741649,-1.882843258351,39.));
#5759 = VECTOR('',#5760,1.);
#5760 = DIRECTION('',(-0.,-0.,-1.));
#5761 = ORIENTED_EDGE('',*,*,#5762,.T.);
#5762 = EDGE_CURVE('',#5755,#5763,#5765,.T.);
#5763 = VERTEX_POINT('',#5764);
#5764 = CARTESIAN_POINT('',(97.,-7.,46.));
#5765 = CIRCLE('',#5766,6.);
#5766 = AXIS2_PLACEMENT_3D('',#5767,#5768,#5769);
#5767 = CARTESIAN_POINT('',(91.,-7.,46.));
#5768 = DIRECTION('',(0.,0.,-1.));
#5769 = DIRECTION('',(1.,0.,0.));
#5770 = ORIENTED_EDGE('',*,*,#5771,.F.);
#5771 = EDGE_CURVE('',#5772,#5763,#5774,.T.);
#5772 = VERTEX_POINT('',#5773);
#5773 = CARTESIAN_POINT('',(97.,-7.,80.));
#5774 = B_SPLINE_CURVE_WITH_KNOTS('',1,(#5775,#5776),.UNSPECIFIED.,.F.,
  .F.,(2,2),(-40.,-6.),.PIECEWISE_BEZIER_KNOTS.);
#5775 = CARTESIAN_POINT('',(97.,-7.,80.));
#5776 = CARTESIAN_POINT('',(97.,-7.,46.));
#5777 = ORIENTED_EDGE('',*,*,#5778,.T.);
#5778 = EDGE_CURVE('',#5772,#5772,#5779,.T.);
#5779 = CIRCLE('',#5780,6.);
#5780 = AXIS2_PLACEMENT_3D('',#5781,#5782,#5783);
#5781 = CARTESIAN_POINT('',(91.,-7.,80.));
#5782 = DIRECTION('',(0.,0.,1.));
#5783 = DIRECTION('',(1.,0.,0.));
#5784 = ORIENTED_EDGE('',*,*,#5771,.T.);
#5785 = ORIENTED_EDGE('',*,*,#5786,.F.);
#5786 = EDGE_CURVE('',#4785,#5763,#5787,.T.);
#5787 = LINE('',#5788,#5789);
#5788 = CARTESIAN_POINT('',(97.,-7.,40.));
#5789 = VECTOR('',#5790,1.);
#5790 = DIRECTION('',(0.,0.,1.));
#5791 = ORIENTED_EDGE('',*,*,#4792,.F.);
#5792 = ORIENTED_EDGE('',*,*,#5059,.T.);
#5793 = ORIENTED_EDGE('',*,*,#5117,.T.);
#5794 = CYLINDRICAL_SURFACE('',#5795,6.);
#5795 = AXIS2_PLACEMENT_3D('',#5796,#5797,#5798);
#5796 = CARTESIAN_POINT('',(91.,-7.,40.));
#5797 = DIRECTION('',(-0.,-0.,-1.));
#5798 = DIRECTION('',(1.,0.,0.));
#5799 = ADVANCED_FACE('',(#5800),#5818,.T.);
#5800 = FACE_BOUND('',#5801,.T.);
#5801 = EDGE_LOOP('',(#5802,#5803,#5804,#5812));
#5802 = ORIENTED_EDGE('',*,*,#5786,.F.);
#5803 = ORIENTED_EDGE('',*,*,#4784,.T.);
#5804 = ORIENTED_EDGE('',*,*,#5805,.T.);
#5805 = EDGE_CURVE('',#4776,#5806,#5808,.T.);
#5806 = VERTEX_POINT('',#5807);
#5807 = CARTESIAN_POINT('',(97.,63.,46.));
#5808 = LINE('',#5809,#5810);
#5809 = CARTESIAN_POINT('',(97.,63.,40.));
#5810 = VECTOR('',#5811,1.);
#5811 = DIRECTION('',(0.,0.,1.));
#5812 = ORIENTED_EDGE('',*,*,#5813,.F.);
#5813 = EDGE_CURVE('',#5763,#5806,#5814,.T.);
#5814 = LINE('',#5815,#5816);
#5815 = CARTESIAN_POINT('',(97.,-7.,46.));
#5816 = VECTOR('',#5817,1.);
#5817 = DIRECTION('',(0.,1.,0.));
#5818 = PLANE('',#5819);
#5819 = AXIS2_PLACEMENT_3D('',#5820,#5821,#5822);
#5820 = CARTESIAN_POINT('',(97.,-7.,40.));
#5821 = DIRECTION('',(1.,0.,0.));
#5822 = DIRECTION('',(0.,0.,1.));
#5823 = ADVANCED_FACE('',(#5824),#5867,.T.);
#5824 = FACE_BOUND('',#5825,.F.);
#5825 = EDGE_LOOP('',(#5826,#5834,#5835,#5841,#5842,#5843,#5844,#5845,
    #5852,#5859,#5860));
#5826 = ORIENTED_EDGE('',*,*,#5827,.T.);
#5827 = EDGE_CURVE('',#5828,#4955,#5830,.T.);
#5828 = VERTEX_POINT('',#5829);
#5829 = CARTESIAN_POINT('',(87.867156741649,57.882843258351,46.));
#5830 = LINE('',#5831,#5832);
#5831 = CARTESIAN_POINT('',(87.867156741649,57.882843258351,39.));
#5832 = VECTOR('',#5833,1.);
#5833 = DIRECTION('',(-0.,-0.,-1.));
#5834 = ORIENTED_EDGE('',*,*,#4965,.F.);
#5835 = ORIENTED_EDGE('',*,*,#5836,.F.);
#5836 = EDGE_CURVE('',#5704,#4966,#5837,.T.);
#5837 = LINE('',#5838,#5839);
#5838 = CARTESIAN_POINT('',(85.882843258351,59.867156741649,39.));
#5839 = VECTOR('',#5840,1.);
#5840 = DIRECTION('',(-0.,-0.,-1.));
#5841 = ORIENTED_EDGE('',*,*,#5712,.T.);
#5842 = ORIENTED_EDGE('',*,*,#5677,.F.);
#5843 = ORIENTED_EDGE('',*,*,#4775,.F.);
#5844 = ORIENTED_EDGE('',*,*,#5805,.T.);
#5845 = ORIENTED_EDGE('',*,*,#5846,.F.);
#5846 = EDGE_CURVE('',#5847,#5806,#5849,.T.);
#5847 = VERTEX_POINT('',#5848);
#5848 = CARTESIAN_POINT('',(97.,63.,80.));
#5849 = B_SPLINE_CURVE_WITH_KNOTS('',1,(#5850,#5851),.UNSPECIFIED.,.F.,
  .F.,(2,2),(-40.,-6.),.PIECEWISE_BEZIER_KNOTS.);
#5850 = CARTESIAN_POINT('',(97.,63.,80.));
#5851 = CARTESIAN_POINT('',(97.,63.,46.));
#5852 = ORIENTED_EDGE('',*,*,#5853,.T.);
#5853 = EDGE_CURVE('',#5847,#5847,#5854,.T.);
#5854 = CIRCLE('',#5855,6.);
#5855 = AXIS2_PLACEMENT_3D('',#5856,#5857,#5858);
#5856 = CARTESIAN_POINT('',(91.,63.,80.));
#5857 = DIRECTION('',(0.,0.,1.));
#5858 = DIRECTION('',(1.,0.,0.));
#5859 = ORIENTED_EDGE('',*,*,#5846,.T.);
#5860 = ORIENTED_EDGE('',*,*,#5861,.T.);
#5861 = EDGE_CURVE('',#5806,#5828,#5862,.T.);
#5862 = CIRCLE('',#5863,6.);
#5863 = AXIS2_PLACEMENT_3D('',#5864,#5865,#5866);
#5864 = CARTESIAN_POINT('',(91.,63.,46.));
#5865 = DIRECTION('',(0.,0.,-1.));
#5866 = DIRECTION('',(1.,0.,0.));
#5867 = CYLINDRICAL_SURFACE('',#5868,6.);
#5868 = AXIS2_PLACEMENT_3D('',#5869,#5870,#5871);
#5869 = CARTESIAN_POINT('',(91.,63.,40.));
#5870 = DIRECTION('',(-0.,-0.,-1.));
#5871 = DIRECTION('',(1.,0.,0.));
#5872 = ADVANCED_FACE('',(#5873),#5892,.F.);
#5873 = FACE_BOUND('',#5874,.F.);
#5874 = EDGE_LOOP('',(#5875,#5883,#5890,#5891));
#5875 = ORIENTED_EDGE('',*,*,#5876,.T.);
#5876 = EDGE_CURVE('',#4810,#5877,#5879,.T.);
#5877 = VERTEX_POINT('',#5878);
#5878 = CARTESIAN_POINT('',(94.5,-7.,40.6));
#5879 = LINE('',#5880,#5881);
#5880 = CARTESIAN_POINT('',(95.1,-7.,39.99));
#5881 = VECTOR('',#5882,1.);
#5882 = DIRECTION('',(-0.701238976117,1.7E-16,0.712926292386));
#5883 = ORIENTED_EDGE('',*,*,#5884,.F.);
#5884 = EDGE_CURVE('',#5877,#5877,#5885,.T.);
#5885 = CIRCLE('',#5886,3.5);
#5886 = AXIS2_PLACEMENT_3D('',#5887,#5888,#5889);
#5887 = CARTESIAN_POINT('',(91.,-7.,40.6));
#5888 = DIRECTION('',(0.,0.,1.));
#5889 = DIRECTION('',(1.,0.,0.));
#5890 = ORIENTED_EDGE('',*,*,#5876,.F.);
#5891 = ORIENTED_EDGE('',*,*,#4809,.T.);
#5892 = CONICAL_SURFACE('',#5893,4.1,0.777133888738);
#5893 = AXIS2_PLACEMENT_3D('',#5894,#5895,#5896);
#5894 = CARTESIAN_POINT('',(91.,-7.,39.99));
#5895 = DIRECTION('',(-0.,-0.,-1.));
#5896 = DIRECTION('',(1.,0.,0.));
#5897 = ADVANCED_FACE('',(#5898),#5909,.F.);
#5898 = FACE_BOUND('',#5899,.T.);
#5899 = EDGE_LOOP('',(#5900,#5901,#5902,#5908));
#5900 = ORIENTED_EDGE('',*,*,#5747,.T.);
#5901 = ORIENTED_EDGE('',*,*,#4820,.T.);
#5902 = ORIENTED_EDGE('',*,*,#5903,.T.);
#5903 = EDGE_CURVE('',#4823,#5127,#5904,.T.);
#5904 = LINE('',#5905,#5906);
#5905 = CARTESIAN_POINT('',(85.,-4.,39.));
#5906 = VECTOR('',#5907,1.);
#5907 = DIRECTION('',(0.,0.,1.));
#5908 = ORIENTED_EDGE('',*,*,#5126,.F.);
#5909 = CYLINDRICAL_SURFACE('',#5910,3.);
#5910 = AXIS2_PLACEMENT_3D('',#5911,#5912,#5913);
#5911 = CARTESIAN_POINT('',(85.,-1.,39.));
#5912 = DIRECTION('',(-0.,-0.,-1.));
#5913 = DIRECTION('',(1.,0.,0.));
#5914 = ADVANCED_FACE('',(#5915),#5921,.T.);
#5915 = FACE_BOUND('',#5916,.T.);
#5916 = EDGE_LOOP('',(#5917,#5918,#5919,#5920));
#5917 = ORIENTED_EDGE('',*,*,#4890,.F.);
#5918 = ORIENTED_EDGE('',*,*,#5090,.T.);
#5919 = ORIENTED_EDGE('',*,*,#5135,.F.);
#5920 = ORIENTED_EDGE('',*,*,#5903,.F.);
#5921 = PLANE('',#5922);
#5922 = AXIS2_PLACEMENT_3D('',#5923,#5924,#5925);
#5923 = CARTESIAN_POINT('',(-1.,-4.,39.));
#5924 = DIRECTION('',(0.,1.,0.));
#5925 = DIRECTION('',(0.,0.,1.));
#5926 = ADVANCED_FACE('',(#5927),#5946,.F.);
#5927 = FACE_BOUND('',#5928,.T.);
#5928 = EDGE_LOOP('',(#5929,#5937,#5938,#5939));
#5929 = ORIENTED_EDGE('',*,*,#5930,.F.);
#5930 = EDGE_CURVE('',#4841,#5931,#5933,.T.);
#5931 = VERTEX_POINT('',#5932);
#5932 = CARTESIAN_POINT('',(88.,-1.,46.));
#5933 = LINE('',#5934,#5935);
#5934 = CARTESIAN_POINT('',(88.,-1.,39.));
#5935 = VECTOR('',#5936,1.);
#5936 = DIRECTION('',(0.,0.,1.));
#5937 = ORIENTED_EDGE('',*,*,#4840,.T.);
#5938 = ORIENTED_EDGE('',*,*,#5754,.F.);
#5939 = ORIENTED_EDGE('',*,*,#5940,.F.);
#5940 = EDGE_CURVE('',#5931,#5755,#5941,.T.);
#5941 = CIRCLE('',#5942,3.);
#5942 = AXIS2_PLACEMENT_3D('',#5943,#5944,#5945);
#5943 = CARTESIAN_POINT('',(85.,-1.,46.));
#5944 = DIRECTION('',(0.,0.,-1.));
#5945 = DIRECTION('',(1.,0.,0.));
#5946 = CYLINDRICAL_SURFACE('',#5947,3.);
#5947 = AXIS2_PLACEMENT_3D('',#5948,#5949,#5950);
#5948 = CARTESIAN_POINT('',(85.,-1.,39.));
#5949 = DIRECTION('',(-0.,-0.,-1.));
#5950 = DIRECTION('',(1.,0.,0.));
#5951 = ADVANCED_FACE('',(#5952),#5963,.F.);
#5952 = FACE_BOUND('',#5953,.F.);
#5953 = EDGE_LOOP('',(#5954,#5955,#5956,#5957));
#5954 = ORIENTED_EDGE('',*,*,#5930,.F.);
#5955 = ORIENTED_EDGE('',*,*,#4849,.F.);
#5956 = ORIENTED_EDGE('',*,*,#5558,.T.);
#5957 = ORIENTED_EDGE('',*,*,#5958,.F.);
#5958 = EDGE_CURVE('',#5931,#5551,#5959,.T.);
#5959 = LINE('',#5960,#5961);
#5960 = CARTESIAN_POINT('',(88.,13.5,46.));
#5961 = VECTOR('',#5962,1.);
#5962 = DIRECTION('',(0.,1.,0.));
#5963 = PLANE('',#5964);
#5964 = AXIS2_PLACEMENT_3D('',#5965,#5966,#5967);
#5965 = CARTESIAN_POINT('',(88.,-1.,39.));
#5966 = DIRECTION('',(1.,0.,0.));
#5967 = DIRECTION('',(0.,0.,1.));
#5968 = ADVANCED_FACE('',(#5969),#5988,.F.);
#5969 = FACE_BOUND('',#5970,.F.);
#5970 = EDGE_LOOP('',(#5971,#5979,#5986,#5987));
#5971 = ORIENTED_EDGE('',*,*,#5972,.T.);
#5972 = EDGE_CURVE('',#4899,#5973,#5975,.T.);
#5973 = VERTEX_POINT('',#5974);
#5974 = CARTESIAN_POINT('',(-3.5,-7.,40.6));
#5975 = LINE('',#5976,#5977);
#5976 = CARTESIAN_POINT('',(-2.9,-7.,39.99));
#5977 = VECTOR('',#5978,1.);
#5978 = DIRECTION('',(-0.701238976117,1.7E-16,0.712926292386));
#5979 = ORIENTED_EDGE('',*,*,#5980,.F.);
#5980 = EDGE_CURVE('',#5973,#5973,#5981,.T.);
#5981 = CIRCLE('',#5982,3.5);
#5982 = AXIS2_PLACEMENT_3D('',#5983,#5984,#5985);
#5983 = CARTESIAN_POINT('',(-7.,-7.,40.6));
#5984 = DIRECTION('',(0.,0.,1.));
#5985 = DIRECTION('',(1.,0.,0.));
#5986 = ORIENTED_EDGE('',*,*,#5972,.F.);
#5987 = ORIENTED_EDGE('',*,*,#4898,.T.);
#5988 = CONICAL_SURFACE('',#5989,4.1,0.777133888738);
#5989 = AXIS2_PLACEMENT_3D('',#5990,#5991,#5992);
#5990 = CARTESIAN_POINT('',(-7.,-7.,39.99));
#5991 = DIRECTION('',(-0.,-0.,-1.));
#5992 = DIRECTION('',(1.,0.,0.));
#5993 = ADVANCED_FACE('',(#5994),#6013,.F.);
#5994 = FACE_BOUND('',#5995,.F.);
#5995 = EDGE_LOOP('',(#5996,#6004,#6011,#6012));
#5996 = ORIENTED_EDGE('',*,*,#5997,.T.);
#5997 = EDGE_CURVE('',#4910,#5998,#6000,.T.);
#5998 = VERTEX_POINT('',#5999);
#5999 = CARTESIAN_POINT('',(94.5,63.,40.6));
#6000 = LINE('',#6001,#6002);
#6001 = CARTESIAN_POINT('',(95.1,63.,39.99));
#6002 = VECTOR('',#6003,1.);
#6003 = DIRECTION('',(-0.701238976117,1.7E-16,0.712926292386));
#6004 = ORIENTED_EDGE('',*,*,#6005,.F.);
#6005 = EDGE_CURVE('',#5998,#5998,#6006,.T.);
#6006 = CIRCLE('',#6007,3.5);
#6007 = AXIS2_PLACEMENT_3D('',#6008,#6009,#6010);
#6008 = CARTESIAN_POINT('',(91.,63.,40.6));
#6009 = DIRECTION('',(0.,0.,1.));
#6010 = DIRECTION('',(1.,0.,0.));
#6011 = ORIENTED_EDGE('',*,*,#5997,.F.);
#6012 = ORIENTED_EDGE('',*,*,#4909,.T.);
#6013 = CONICAL_SURFACE('',#6014,4.1,0.777133888738);
#6014 = AXIS2_PLACEMENT_3D('',#6015,#6016,#6017);
#6015 = CARTESIAN_POINT('',(91.,63.,39.99));
#6016 = DIRECTION('',(-0.,-0.,-1.));
#6017 = DIRECTION('',(1.,0.,0.));
#6018 = ADVANCED_FACE('',(#6019),#6030,.F.);
#6019 = FACE_BOUND('',#6020,.F.);
#6020 = EDGE_LOOP('',(#6021,#6022,#6023,#6024));
#6021 = ORIENTED_EDGE('',*,*,#5449,.F.);
#6022 = ORIENTED_EDGE('',*,*,#4920,.F.);
#6023 = ORIENTED_EDGE('',*,*,#5383,.T.);
#6024 = ORIENTED_EDGE('',*,*,#6025,.F.);
#6025 = EDGE_CURVE('',#5442,#5376,#6026,.T.);
#6026 = LINE('',#6027,#6028);
#6027 = CARTESIAN_POINT('',(88.,13.5,46.));
#6028 = VECTOR('',#6029,1.);
#6029 = DIRECTION('',(0.,1.,0.));
#6030 = PLANE('',#6031);
#6031 = AXIS2_PLACEMENT_3D('',#6032,#6033,#6034);
#6032 = CARTESIAN_POINT('',(88.,-1.,39.));
#6033 = DIRECTION('',(1.,0.,0.));
#6034 = DIRECTION('',(0.,0.,1.));
#6035 = ADVANCED_FACE('',(#6036),#6055,.F.);
#6036 = FACE_BOUND('',#6037,.T.);
#6037 = EDGE_LOOP('',(#6038,#6039,#6040,#6048));
#6038 = ORIENTED_EDGE('',*,*,#5827,.T.);
#6039 = ORIENTED_EDGE('',*,*,#4954,.T.);
#6040 = ORIENTED_EDGE('',*,*,#6041,.T.);
#6041 = EDGE_CURVE('',#4957,#6042,#6044,.T.);
#6042 = VERTEX_POINT('',#6043);
#6043 = CARTESIAN_POINT('',(88.,57.,46.));
#6044 = LINE('',#6045,#6046);
#6045 = CARTESIAN_POINT('',(88.,57.,39.));
#6046 = VECTOR('',#6047,1.);
#6047 = DIRECTION('',(0.,0.,1.));
#6048 = ORIENTED_EDGE('',*,*,#6049,.F.);
#6049 = EDGE_CURVE('',#5828,#6042,#6050,.T.);
#6050 = CIRCLE('',#6051,3.);
#6051 = AXIS2_PLACEMENT_3D('',#6052,#6053,#6054);
#6052 = CARTESIAN_POINT('',(85.,57.,46.));
#6053 = DIRECTION('',(0.,0.,-1.));
#6054 = DIRECTION('',(1.,0.,0.));
#6055 = CYLINDRICAL_SURFACE('',#6056,3.);
#6056 = AXIS2_PLACEMENT_3D('',#6057,#6058,#6059);
#6057 = CARTESIAN_POINT('',(85.,57.,39.));
#6058 = DIRECTION('',(-0.,-0.,-1.));
#6059 = DIRECTION('',(1.,0.,0.));
#6060 = ADVANCED_FACE('',(#6061),#6072,.F.);
#6061 = FACE_BOUND('',#6062,.F.);
#6062 = EDGE_LOOP('',(#6063,#6064,#6065,#6066));
#6063 = ORIENTED_EDGE('',*,*,#5274,.F.);
#6064 = ORIENTED_EDGE('',*,*,#5024,.F.);
#6065 = ORIENTED_EDGE('',*,*,#6041,.T.);
#6066 = ORIENTED_EDGE('',*,*,#6067,.F.);
#6067 = EDGE_CURVE('',#5267,#6042,#6068,.T.);
#6068 = LINE('',#6069,#6070);
#6069 = CARTESIAN_POINT('',(88.,13.5,46.));
#6070 = VECTOR('',#6071,1.);
#6071 = DIRECTION('',(0.,1.,0.));
#6072 = PLANE('',#6073);
#6073 = AXIS2_PLACEMENT_3D('',#6074,#6075,#6076);
#6074 = CARTESIAN_POINT('',(88.,-1.,39.));
#6075 = DIRECTION('',(1.,0.,0.));
#6076 = DIRECTION('',(0.,0.,1.));
#6077 = ADVANCED_FACE('',(#6078),#6089,.F.);
#6078 = FACE_BOUND('',#6079,.T.);
#6079 = EDGE_LOOP('',(#6080,#6086,#6087,#6088));
#6080 = ORIENTED_EDGE('',*,*,#6081,.F.);
#6081 = EDGE_CURVE('',#4975,#5696,#6082,.T.);
#6082 = LINE('',#6083,#6084);
#6083 = CARTESIAN_POINT('',(85.,60.,39.));
#6084 = VECTOR('',#6085,1.);
#6085 = DIRECTION('',(0.,0.,1.));
#6086 = ORIENTED_EDGE('',*,*,#4974,.T.);
#6087 = ORIENTED_EDGE('',*,*,#5836,.F.);
#6088 = ORIENTED_EDGE('',*,*,#5703,.F.);
#6089 = CYLINDRICAL_SURFACE('',#6090,3.);
#6090 = AXIS2_PLACEMENT_3D('',#6091,#6092,#6093);
#6091 = CARTESIAN_POINT('',(85.,57.,39.));
#6092 = DIRECTION('',(-0.,-0.,-1.));
#6093 = DIRECTION('',(1.,0.,0.));
#6094 = ADVANCED_FACE('',(#6095),#6101,.F.);
#6095 = FACE_BOUND('',#6096,.F.);
#6096 = EDGE_LOOP('',(#6097,#6098,#6099,#6100));
#6097 = ORIENTED_EDGE('',*,*,#4983,.F.);
#6098 = ORIENTED_EDGE('',*,*,#5644,.T.);
#6099 = ORIENTED_EDGE('',*,*,#5695,.F.);
#6100 = ORIENTED_EDGE('',*,*,#6081,.F.);
#6101 = PLANE('',#6102);
#6102 = AXIS2_PLACEMENT_3D('',#6103,#6104,#6105);
#6103 = CARTESIAN_POINT('',(-1.,60.,39.));
#6104 = DIRECTION('',(0.,1.,0.));
#6105 = DIRECTION('',(0.,0.,1.));
#6106 = ADVANCED_FACE('',(#6107),#6126,.F.);
#6107 = FACE_BOUND('',#6108,.F.);
#6108 = EDGE_LOOP('',(#6109,#6117,#6124,#6125));
#6109 = ORIENTED_EDGE('',*,*,#6110,.T.);
#6110 = EDGE_CURVE('',#5033,#6111,#6113,.T.);
#6111 = VERTEX_POINT('',#6112);
#6112 = CARTESIAN_POINT('',(-3.5,63.,40.6));
#6113 = LINE('',#6114,#6115);
#6114 = CARTESIAN_POINT('',(-2.9,63.,39.99));
#6115 = VECTOR('',#6116,1.);
#6116 = DIRECTION('',(-0.701238976117,1.7E-16,0.712926292386));
#6117 = ORIENTED_EDGE('',*,*,#6118,.F.);
#6118 = EDGE_CURVE('',#6111,#6111,#6119,.T.);
#6119 = CIRCLE('',#6120,3.5);
#6120 = AXIS2_PLACEMENT_3D('',#6121,#6122,#6123);
#6121 = CARTESIAN_POINT('',(-7.,63.,40.6));
#6122 = DIRECTION('',(0.,0.,1.));
#6123 = DIRECTION('',(1.,0.,0.));
#6124 = ORIENTED_EDGE('',*,*,#6110,.F.);
#6125 = ORIENTED_EDGE('',*,*,#5032,.T.);
#6126 = CONICAL_SURFACE('',#6127,4.1,0.777133888738);
#6127 = AXIS2_PLACEMENT_3D('',#6128,#6129,#6130);
#6128 = CARTESIAN_POINT('',(-7.,63.,39.99));
#6129 = DIRECTION('',(-0.,-0.,-1.));
#6130 = DIRECTION('',(1.,0.,0.));
#6131 = ADVANCED_FACE('',(#6132),#6151,.T.);
#6132 = FACE_BOUND('',#6133,.F.);
#6133 = EDGE_LOOP('',(#6134,#6142,#6149,#6150));
#6134 = ORIENTED_EDGE('',*,*,#6135,.T.);
#6135 = EDGE_CURVE('',#5155,#6136,#6138,.T.);
#6136 = VERTEX_POINT('',#6137);
#6137 = CARTESIAN_POINT('',(-4.,-7.,84.4));
#6138 = LINE('',#6139,#6140);
#6139 = CARTESIAN_POINT('',(-4.,-7.,80.));
#6140 = VECTOR('',#6141,1.);
#6141 = DIRECTION('',(0.,0.,1.));
#6142 = ORIENTED_EDGE('',*,*,#6143,.T.);
#6143 = EDGE_CURVE('',#6136,#6136,#6144,.T.);
#6144 = CIRCLE('',#6145,3.);
#6145 = AXIS2_PLACEMENT_3D('',#6146,#6147,#6148);
#6146 = CARTESIAN_POINT('',(-7.,-7.,84.4));
#6147 = DIRECTION('',(0.,0.,1.));
#6148 = DIRECTION('',(1.,0.,0.));
#6149 = ORIENTED_EDGE('',*,*,#6135,.F.);
#6150 = ORIENTED_EDGE('',*,*,#5154,.F.);
#6151 = CYLINDRICAL_SURFACE('',#6152,3.);
#6152 = AXIS2_PLACEMENT_3D('',#6153,#6154,#6155);
#6153 = CARTESIAN_POINT('',(-7.,-7.,80.));
#6154 = DIRECTION('',(-0.,-0.,-1.));
#6155 = DIRECTION('',(1.,0.,0.));
#6156 = ADVANCED_FACE('',(#6157),#6203,.T.);
#6157 = FACE_BOUND('',#6158,.T.);
#6158 = EDGE_LOOP('',(#6159,#6160,#6161,#6162,#6163,#6164,#6165,#6174,
    #6181,#6182,#6183,#6184,#6193,#6200,#6201,#6202));
#6159 = ORIENTED_EDGE('',*,*,#5762,.T.);
#6160 = ORIENTED_EDGE('',*,*,#5813,.T.);
#6161 = ORIENTED_EDGE('',*,*,#5861,.T.);
#6162 = ORIENTED_EDGE('',*,*,#6049,.T.);
#6163 = ORIENTED_EDGE('',*,*,#6067,.F.);
#6164 = ORIENTED_EDGE('',*,*,#5266,.F.);
#6165 = ORIENTED_EDGE('',*,*,#6166,.F.);
#6166 = EDGE_CURVE('',#6167,#5259,#6169,.T.);
#6167 = VERTEX_POINT('',#6168);
#6168 = CARTESIAN_POINT('',(64.5,52.5,46.));
#6169 = CIRCLE('',#6170,3.);
#6170 = AXIS2_PLACEMENT_3D('',#6171,#6172,#6173);
#6171 = CARTESIAN_POINT('',(61.5,52.5,46.));
#6172 = DIRECTION('',(0.,0.,1.));
#6173 = DIRECTION('',(1.,0.,0.));
#6174 = ORIENTED_EDGE('',*,*,#6175,.F.);
#6175 = EDGE_CURVE('',#5368,#6167,#6176,.T.);
#6176 = CIRCLE('',#6177,3.);
#6177 = AXIS2_PLACEMENT_3D('',#6178,#6179,#6180);
#6178 = CARTESIAN_POINT('',(61.5,52.5,46.));
#6179 = DIRECTION('',(0.,0.,1.));
#6180 = DIRECTION('',(1.,0.,0.));
#6181 = ORIENTED_EDGE('',*,*,#5375,.T.);
#6182 = ORIENTED_EDGE('',*,*,#6025,.F.);
#6183 = ORIENTED_EDGE('',*,*,#5441,.F.);
#6184 = ORIENTED_EDGE('',*,*,#6185,.F.);
#6185 = EDGE_CURVE('',#6186,#5434,#6188,.T.);
#6186 = VERTEX_POINT('',#6187);
#6187 = CARTESIAN_POINT('',(64.5,3.5,46.));
#6188 = CIRCLE('',#6189,3.);
#6189 = AXIS2_PLACEMENT_3D('',#6190,#6191,#6192);
#6190 = CARTESIAN_POINT('',(61.5,3.5,46.));
#6191 = DIRECTION('',(0.,0.,1.));
#6192 = DIRECTION('',(1.,0.,0.));
#6193 = ORIENTED_EDGE('',*,*,#6194,.F.);
#6194 = EDGE_CURVE('',#5543,#6186,#6195,.T.);
#6195 = CIRCLE('',#6196,3.);
#6196 = AXIS2_PLACEMENT_3D('',#6197,#6198,#6199);
#6197 = CARTESIAN_POINT('',(61.5,3.5,46.));
#6198 = DIRECTION('',(0.,0.,1.));
#6199 = DIRECTION('',(1.,0.,0.));
#6200 = ORIENTED_EDGE('',*,*,#5550,.T.);
#6201 = ORIENTED_EDGE('',*,*,#5958,.F.);
#6202 = ORIENTED_EDGE('',*,*,#5940,.T.);
#6203 = PLANE('',#6204);
#6204 = AXIS2_PLACEMENT_3D('',#6205,#6206,#6207);
#6205 = CARTESIAN_POINT('',(85.266456783803,28.,46.));
#6206 = DIRECTION('',(0.,0.,1.));
#6207 = DIRECTION('',(1.,0.,0.));
#6208 = ADVANCED_FACE('',(#6209),#6219,.F.);
#6209 = FACE_BOUND('',#6210,.F.);
#6210 = EDGE_LOOP('',(#6211,#6212));
#6211 = ORIENTED_EDGE('',*,*,#5258,.T.);
#6212 = ORIENTED_EDGE('',*,*,#6213,.T.);
#6213 = EDGE_CURVE('',#5259,#5251,#6214,.T.);
#6214 = CIRCLE('',#6215,3.);
#6215 = AXIS2_PLACEMENT_3D('',#6216,#6217,#6218);
#6216 = CARTESIAN_POINT('',(61.5,52.5,46.));
#6217 = DIRECTION('',(0.,0.,1.));
#6218 = DIRECTION('',(1.,0.,0.));
#6219 = PLANE('',#6220);
#6220 = AXIS2_PLACEMENT_3D('',#6221,#6222,#6223);
#6221 = CARTESIAN_POINT('',(61.5,52.5,46.));
#6222 = DIRECTION('',(0.,0.,1.));
#6223 = DIRECTION('',(1.,0.,0.));
#6224 = ADVANCED_FACE('',(#6225),#6238,.T.);
#6225 = FACE_BOUND('',#6226,.T.);
#6226 = EDGE_LOOP('',(#6227,#6228,#6229,#6236,#6237));
#6227 = ORIENTED_EDGE('',*,*,#5313,.F.);
#6228 = ORIENTED_EDGE('',*,*,#5359,.T.);
#6229 = ORIENTED_EDGE('',*,*,#6230,.F.);
#6230 = EDGE_CURVE('',#5251,#5360,#6231,.T.);
#6231 = CIRCLE('',#6232,3.);
#6232 = AXIS2_PLACEMENT_3D('',#6233,#6234,#6235);
#6233 = CARTESIAN_POINT('',(61.5,52.5,46.));
#6234 = DIRECTION('',(0.,0.,1.));
#6235 = DIRECTION('',(1.,0.,0.));
#6236 = ORIENTED_EDGE('',*,*,#5250,.F.);
#6237 = ORIENTED_EDGE('',*,*,#5288,.F.);
#6238 = PLANE('',#6239);
#6239 = AXIS2_PLACEMENT_3D('',#6240,#6241,#6242);
#6240 = CARTESIAN_POINT('',(-7.,50.2,46.));
#6241 = DIRECTION('',(0.,0.,1.));
#6242 = DIRECTION('',(1.,0.,0.));
#6243 = ADVANCED_FACE('',(#6244),#6248,.F.);
#6244 = FACE_BOUND('',#6245,.F.);
#6245 = EDGE_LOOP('',(#6246,#6247));
#6246 = ORIENTED_EDGE('',*,*,#5242,.T.);
#6247 = ORIENTED_EDGE('',*,*,#5330,.T.);
#6248 = PLANE('',#6249);
#6249 = AXIS2_PLACEMENT_3D('',#6250,#6251,#6252);
#6250 = CARTESIAN_POINT('',(3.5,52.5,46.));
#6251 = DIRECTION('',(0.,0.,1.));
#6252 = DIRECTION('',(1.,0.,0.));
#6253 = ADVANCED_FACE('',(#6254),#6258,.F.);
#6254 = FACE_BOUND('',#6255,.F.);
#6255 = EDGE_LOOP('',(#6256,#6257));
#6256 = ORIENTED_EDGE('',*,*,#5322,.T.);
#6257 = ORIENTED_EDGE('',*,*,#5353,.F.);
#6258 = PLANE('',#6259);
#6259 = AXIS2_PLACEMENT_3D('',#6260,#6261,#6262);
#6260 = CARTESIAN_POINT('',(3.5,52.5,46.));
#6261 = DIRECTION('',(0.,0.,1.));
#6262 = DIRECTION('',(1.,0.,0.));
#6263 = ADVANCED_FACE('',(#6264,#6267),#6278,.T.);
#6264 = FACE_BOUND('',#6265,.T.);
#6265 = EDGE_LOOP('',(#6266));
#6266 = ORIENTED_EDGE('',*,*,#5305,.T.);
#6267 = FACE_BOUND('',#6268,.T.);
#6268 = EDGE_LOOP('',(#6269));
#6269 = ORIENTED_EDGE('',*,*,#6270,.F.);
#6270 = EDGE_CURVE('',#6271,#6271,#6273,.T.);
#6271 = VERTEX_POINT('',#6272);
#6272 = CARTESIAN_POINT('',(5.2,52.5,49.));
#6273 = CIRCLE('',#6274,1.7);
#6274 = AXIS2_PLACEMENT_3D('',#6275,#6276,#6277);
#6275 = CARTESIAN_POINT('',(3.5,52.5,49.));
#6276 = DIRECTION('',(0.,0.,1.));
#6277 = DIRECTION('',(1.,0.,0.));
#6278 = PLANE('',#6279);
#6279 = AXIS2_PLACEMENT_3D('',#6280,#6281,#6282);
#6280 = CARTESIAN_POINT('',(3.5,52.5,49.));
#6281 = DIRECTION('',(0.,0.,1.));
#6282 = DIRECTION('',(1.,0.,0.));
#6283 = ADVANCED_FACE('',(#6284),#6294,.F.);
#6284 = FACE_BOUND('',#6285,.F.);
#6285 = EDGE_LOOP('',(#6286,#6293));
#6286 = ORIENTED_EDGE('',*,*,#6287,.T.);
#6287 = EDGE_CURVE('',#5360,#5368,#6288,.T.);
#6288 = CIRCLE('',#6289,3.);
#6289 = AXIS2_PLACEMENT_3D('',#6290,#6291,#6292);
#6290 = CARTESIAN_POINT('',(61.5,52.5,46.));
#6291 = DIRECTION('',(0.,0.,1.));
#6292 = DIRECTION('',(1.,0.,0.));
#6293 = ORIENTED_EDGE('',*,*,#5367,.F.);
#6294 = PLANE('',#6295);
#6295 = AXIS2_PLACEMENT_3D('',#6296,#6297,#6298);
#6296 = CARTESIAN_POINT('',(61.5,52.5,46.));
#6297 = DIRECTION('',(0.,0.,1.));
#6298 = DIRECTION('',(1.,0.,0.));
#6299 = ADVANCED_FACE('',(#6300),#6310,.F.);
#6300 = FACE_BOUND('',#6301,.F.);
#6301 = EDGE_LOOP('',(#6302,#6303));
#6302 = ORIENTED_EDGE('',*,*,#5433,.T.);
#6303 = ORIENTED_EDGE('',*,*,#6304,.T.);
#6304 = EDGE_CURVE('',#5434,#5426,#6305,.T.);
#6305 = CIRCLE('',#6306,3.);
#6306 = AXIS2_PLACEMENT_3D('',#6307,#6308,#6309);
#6307 = CARTESIAN_POINT('',(61.5,3.5,46.));
#6308 = DIRECTION('',(0.,0.,1.));
#6309 = DIRECTION('',(1.,0.,0.));
#6310 = PLANE('',#6311);
#6311 = AXIS2_PLACEMENT_3D('',#6312,#6313,#6314);
#6312 = CARTESIAN_POINT('',(61.5,3.5,46.));
#6313 = DIRECTION('',(0.,0.,1.));
#6314 = DIRECTION('',(1.,0.,0.));
#6315 = ADVANCED_FACE('',(#6316),#6329,.T.);
#6316 = FACE_BOUND('',#6317,.T.);
#6317 = EDGE_LOOP('',(#6318,#6319,#6320,#6327,#6328));
#6318 = ORIENTED_EDGE('',*,*,#5488,.F.);
#6319 = ORIENTED_EDGE('',*,*,#5534,.T.);
#6320 = ORIENTED_EDGE('',*,*,#6321,.F.);
#6321 = EDGE_CURVE('',#5426,#5535,#6322,.T.);
#6322 = CIRCLE('',#6323,3.);
#6323 = AXIS2_PLACEMENT_3D('',#6324,#6325,#6326);
#6324 = CARTESIAN_POINT('',(61.5,3.5,46.));
#6325 = DIRECTION('',(0.,0.,1.));
#6326 = DIRECTION('',(1.,0.,0.));
#6327 = ORIENTED_EDGE('',*,*,#5425,.F.);
#6328 = ORIENTED_EDGE('',*,*,#5463,.F.);
#6329 = PLANE('',#6330);
#6330 = AXIS2_PLACEMENT_3D('',#6331,#6332,#6333);
#6331 = CARTESIAN_POINT('',(-7.,1.2,46.));
#6332 = DIRECTION('',(0.,0.,1.));
#6333 = DIRECTION('',(1.,0.,0.));
#6334 = ADVANCED_FACE('',(#6335),#6339,.F.);
#6335 = FACE_BOUND('',#6336,.F.);
#6336 = EDGE_LOOP('',(#6337,#6338));
#6337 = ORIENTED_EDGE('',*,*,#5417,.T.);
#6338 = ORIENTED_EDGE('',*,*,#5505,.T.);
#6339 = PLANE('',#6340);
#6340 = AXIS2_PLACEMENT_3D('',#6341,#6342,#6343);
#6341 = CARTESIAN_POINT('',(3.5,3.5,46.));
#6342 = DIRECTION('',(0.,0.,1.));
#6343 = DIRECTION('',(1.,0.,0.));
#6344 = ADVANCED_FACE('',(#6345),#6349,.F.);
#6345 = FACE_BOUND('',#6346,.F.);
#6346 = EDGE_LOOP('',(#6347,#6348));
#6347 = ORIENTED_EDGE('',*,*,#5497,.T.);
#6348 = ORIENTED_EDGE('',*,*,#5528,.F.);
#6349 = PLANE('',#6350);
#6350 = AXIS2_PLACEMENT_3D('',#6351,#6352,#6353);
#6351 = CARTESIAN_POINT('',(3.5,3.5,46.));
#6352 = DIRECTION('',(0.,0.,1.));
#6353 = DIRECTION('',(1.,0.,0.));
#6354 = ADVANCED_FACE('',(#6355,#6358),#6369,.T.);
#6355 = FACE_BOUND('',#6356,.T.);
#6356 = EDGE_LOOP('',(#6357));
#6357 = ORIENTED_EDGE('',*,*,#5480,.T.);
#6358 = FACE_BOUND('',#6359,.T.);
#6359 = EDGE_LOOP('',(#6360));
#6360 = ORIENTED_EDGE('',*,*,#6361,.F.);
#6361 = EDGE_CURVE('',#6362,#6362,#6364,.T.);
#6362 = VERTEX_POINT('',#6363);
#6363 = CARTESIAN_POINT('',(5.2,3.5,49.));
#6364 = CIRCLE('',#6365,1.7);
#6365 = AXIS2_PLACEMENT_3D('',#6366,#6367,#6368);
#6366 = CARTESIAN_POINT('',(3.5,3.5,49.));
#6367 = DIRECTION('',(0.,0.,1.));
#6368 = DIRECTION('',(1.,0.,0.));
#6369 = PLANE('',#6370);
#6370 = AXIS2_PLACEMENT_3D('',#6371,#6372,#6373);
#6371 = CARTESIAN_POINT('',(3.5,3.5,49.));
#6372 = DIRECTION('',(0.,0.,1.));
#6373 = DIRECTION('',(1.,0.,0.));
#6374 = ADVANCED_FACE('',(#6375),#6385,.F.);
#6375 = FACE_BOUND('',#6376,.F.);
#6376 = EDGE_LOOP('',(#6377,#6384));
#6377 = ORIENTED_EDGE('',*,*,#6378,.T.);
#6378 = EDGE_CURVE('',#5535,#5543,#6379,.T.);
#6379 = CIRCLE('',#6380,3.);
#6380 = AXIS2_PLACEMENT_3D('',#6381,#6382,#6383);
#6381 = CARTESIAN_POINT('',(61.5,3.5,46.));
#6382 = DIRECTION('',(0.,0.,1.));
#6383 = DIRECTION('',(1.,0.,0.));
#6384 = ORIENTED_EDGE('',*,*,#5542,.F.);
#6385 = PLANE('',#6386);
#6386 = AXIS2_PLACEMENT_3D('',#6387,#6388,#6389);
#6387 = CARTESIAN_POINT('',(61.5,3.5,46.));
#6388 = DIRECTION('',(0.,0.,1.));
#6389 = DIRECTION('',(1.,0.,0.));
#6390 = ADVANCED_FACE('',(#6391),#6410,.T.);
#6391 = FACE_BOUND('',#6392,.F.);
#6392 = EDGE_LOOP('',(#6393,#6401,#6408,#6409));
#6393 = ORIENTED_EDGE('',*,*,#6394,.T.);
#6394 = EDGE_CURVE('',#5731,#6395,#6397,.T.);
#6395 = VERTEX_POINT('',#6396);
#6396 = CARTESIAN_POINT('',(-4.,63.,84.4));
#6397 = LINE('',#6398,#6399);
#6398 = CARTESIAN_POINT('',(-4.,63.,80.));
#6399 = VECTOR('',#6400,1.);
#6400 = DIRECTION('',(0.,0.,1.));
#6401 = ORIENTED_EDGE('',*,*,#6402,.T.);
#6402 = EDGE_CURVE('',#6395,#6395,#6403,.T.);
#6403 = CIRCLE('',#6404,3.);
#6404 = AXIS2_PLACEMENT_3D('',#6405,#6406,#6407);
#6405 = CARTESIAN_POINT('',(-7.,63.,84.4));
#6406 = DIRECTION('',(0.,0.,1.));
#6407 = DIRECTION('',(1.,0.,0.));
#6408 = ORIENTED_EDGE('',*,*,#6394,.F.);
#6409 = ORIENTED_EDGE('',*,*,#5730,.F.);
#6410 = CYLINDRICAL_SURFACE('',#6411,3.);
#6411 = AXIS2_PLACEMENT_3D('',#6412,#6413,#6414);
#6412 = CARTESIAN_POINT('',(-7.,63.,80.));
#6413 = DIRECTION('',(-0.,-0.,-1.));
#6414 = DIRECTION('',(1.,0.,0.));
#6415 = ADVANCED_FACE('',(#6416,#6419),#6430,.T.);
#6416 = FACE_BOUND('',#6417,.T.);
#6417 = EDGE_LOOP('',(#6418));
#6418 = ORIENTED_EDGE('',*,*,#5778,.T.);
#6419 = FACE_BOUND('',#6420,.T.);
#6420 = EDGE_LOOP('',(#6421));
#6421 = ORIENTED_EDGE('',*,*,#6422,.F.);
#6422 = EDGE_CURVE('',#6423,#6423,#6425,.T.);
#6423 = VERTEX_POINT('',#6424);
#6424 = CARTESIAN_POINT('',(94.,-7.,80.));
#6425 = CIRCLE('',#6426,3.);
#6426 = AXIS2_PLACEMENT_3D('',#6427,#6428,#6429);
#6427 = CARTESIAN_POINT('',(91.,-7.,80.));
#6428 = DIRECTION('',(0.,0.,1.));
#6429 = DIRECTION('',(1.,0.,0.));
#6430 = PLANE('',#6431);
#6431 = AXIS2_PLACEMENT_3D('',#6432,#6433,#6434);
#6432 = CARTESIAN_POINT('',(91.,-7.,80.));
#6433 = DIRECTION('',(0.,0.,1.));
#6434 = DIRECTION('',(1.,0.,0.));
#6435 = ADVANCED_FACE('',(#6436,#6439),#6450,.T.);
#6436 = FACE_BOUND('',#6437,.T.);
#6437 = EDGE_LOOP('',(#6438));
#6438 = ORIENTED_EDGE('',*,*,#5853,.T.);
#6439 = FACE_BOUND('',#6440,.T.);
#6440 = EDGE_LOOP('',(#6441));
#6441 = ORIENTED_EDGE('',*,*,#6442,.F.);
#6442 = EDGE_CURVE('',#6443,#6443,#6445,.T.);
#6443 = VERTEX_POINT('',#6444);
#6444 = CARTESIAN_POINT('',(94.,63.,80.));
#6445 = CIRCLE('',#6446,3.);
#6446 = AXIS2_PLACEMENT_3D('',#6447,#6448,#6449);
#6447 = CARTESIAN_POINT('',(91.,63.,80.));
#6448 = DIRECTION('',(0.,0.,1.));
#6449 = DIRECTION('',(1.,0.,0.));
#6450 = PLANE('',#6451);
#6451 = AXIS2_PLACEMENT_3D('',#6452,#6453,#6454);
#6452 = CARTESIAN_POINT('',(91.,63.,80.));
#6453 = DIRECTION('',(0.,0.,1.));
#6454 = DIRECTION('',(1.,0.,0.));
#6455 = ADVANCED_FACE('',(#6456),#6475,.F.);
#6456 = FACE_BOUND('',#6457,.T.);
#6457 = EDGE_LOOP('',(#6458,#6459,#6467,#6474));
#6458 = ORIENTED_EDGE('',*,*,#5884,.F.);
#6459 = ORIENTED_EDGE('',*,*,#6460,.T.);
#6460 = EDGE_CURVE('',#5877,#6461,#6463,.T.);
#6461 = VERTEX_POINT('',#6462);
#6462 = CARTESIAN_POINT('',(94.5,-7.,45.5));
#6463 = LINE('',#6464,#6465);
#6464 = CARTESIAN_POINT('',(94.5,-7.,39.99));
#6465 = VECTOR('',#6466,1.);
#6466 = DIRECTION('',(0.,0.,1.));
#6467 = ORIENTED_EDGE('',*,*,#6468,.T.);
#6468 = EDGE_CURVE('',#6461,#6461,#6469,.T.);
#6469 = CIRCLE('',#6470,3.5);
#6470 = AXIS2_PLACEMENT_3D('',#6471,#6472,#6473);
#6471 = CARTESIAN_POINT('',(91.,-7.,45.5));
#6472 = DIRECTION('',(0.,0.,1.));
#6473 = DIRECTION('',(1.,0.,0.));
#6474 = ORIENTED_EDGE('',*,*,#6460,.F.);
#6475 = CYLINDRICAL_SURFACE('',#6476,3.5);
#6476 = AXIS2_PLACEMENT_3D('',#6477,#6478,#6479);
#6477 = CARTESIAN_POINT('',(91.,-7.,39.99));
#6478 = DIRECTION('',(-0.,-0.,-1.));
#6479 = DIRECTION('',(1.,0.,0.));
#6480 = ADVANCED_FACE('',(#6481),#6500,.F.);
#6481 = FACE_BOUND('',#6482,.T.);
#6482 = EDGE_LOOP('',(#6483,#6484,#6492,#6499));
#6483 = ORIENTED_EDGE('',*,*,#5980,.F.);
#6484 = ORIENTED_EDGE('',*,*,#6485,.T.);
#6485 = EDGE_CURVE('',#5973,#6486,#6488,.T.);
#6486 = VERTEX_POINT('',#6487);
#6487 = CARTESIAN_POINT('',(-3.5,-7.,45.5));
#6488 = LINE('',#6489,#6490);
#6489 = CARTESIAN_POINT('',(-3.5,-7.,39.99));
#6490 = VECTOR('',#6491,1.);
#6491 = DIRECTION('',(0.,0.,1.));
#6492 = ORIENTED_EDGE('',*,*,#6493,.T.);
#6493 = EDGE_CURVE('',#6486,#6486,#6494,.T.);
#6494 = CIRCLE('',#6495,3.5);
#6495 = AXIS2_PLACEMENT_3D('',#6496,#6497,#6498);
#6496 = CARTESIAN_POINT('',(-7.,-7.,45.5));
#6497 = DIRECTION('',(0.,0.,1.));
#6498 = DIRECTION('',(1.,0.,0.));
#6499 = ORIENTED_EDGE('',*,*,#6485,.F.);
#6500 = CYLINDRICAL_SURFACE('',#6501,3.5);
#6501 = AXIS2_PLACEMENT_3D('',#6502,#6503,#6504);
#6502 = CARTESIAN_POINT('',(-7.,-7.,39.99));
#6503 = DIRECTION('',(-0.,-0.,-1.));
#6504 = DIRECTION('',(1.,0.,0.));
#6505 = ADVANCED_FACE('',(#6506),#6525,.F.);
#6506 = FACE_BOUND('',#6507,.T.);
#6507 = EDGE_LOOP('',(#6508,#6509,#6517,#6524));
#6508 = ORIENTED_EDGE('',*,*,#6005,.F.);
#6509 = ORIENTED_EDGE('',*,*,#6510,.T.);
#6510 = EDGE_CURVE('',#5998,#6511,#6513,.T.);
#6511 = VERTEX_POINT('',#6512);
#6512 = CARTESIAN_POINT('',(94.5,63.,45.5));
#6513 = LINE('',#6514,#6515);
#6514 = CARTESIAN_POINT('',(94.5,63.,39.99));
#6515 = VECTOR('',#6516,1.);
#6516 = DIRECTION('',(0.,0.,1.));
#6517 = ORIENTED_EDGE('',*,*,#6518,.T.);
#6518 = EDGE_CURVE('',#6511,#6511,#6519,.T.);
#6519 = CIRCLE('',#6520,3.5);
#6520 = AXIS2_PLACEMENT_3D('',#6521,#6522,#6523);
#6521 = CARTESIAN_POINT('',(91.,63.,45.5));
#6522 = DIRECTION('',(0.,0.,1.));
#6523 = DIRECTION('',(1.,0.,0.));
#6524 = ORIENTED_EDGE('',*,*,#6510,.F.);
#6525 = CYLINDRICAL_SURFACE('',#6526,3.5);
#6526 = AXIS2_PLACEMENT_3D('',#6527,#6528,#6529);
#6527 = CARTESIAN_POINT('',(91.,63.,39.99));
#6528 = DIRECTION('',(-0.,-0.,-1.));
#6529 = DIRECTION('',(1.,0.,0.));
#6530 = ADVANCED_FACE('',(#6531),#6550,.F.);
#6531 = FACE_BOUND('',#6532,.T.);
#6532 = EDGE_LOOP('',(#6533,#6534,#6542,#6549));
#6533 = ORIENTED_EDGE('',*,*,#6118,.F.);
#6534 = ORIENTED_EDGE('',*,*,#6535,.T.);
#6535 = EDGE_CURVE('',#6111,#6536,#6538,.T.);
#6536 = VERTEX_POINT('',#6537);
#6537 = CARTESIAN_POINT('',(-3.5,63.,45.5));
#6538 = LINE('',#6539,#6540);
#6539 = CARTESIAN_POINT('',(-3.5,63.,39.99));
#6540 = VECTOR('',#6541,1.);
#6541 = DIRECTION('',(0.,0.,1.));
#6542 = ORIENTED_EDGE('',*,*,#6543,.T.);
#6543 = EDGE_CURVE('',#6536,#6536,#6544,.T.);
#6544 = CIRCLE('',#6545,3.5);
#6545 = AXIS2_PLACEMENT_3D('',#6546,#6547,#6548);
#6546 = CARTESIAN_POINT('',(-7.,63.,45.5));
#6547 = DIRECTION('',(0.,0.,1.));
#6548 = DIRECTION('',(1.,0.,0.));
#6549 = ORIENTED_EDGE('',*,*,#6535,.F.);
#6550 = CYLINDRICAL_SURFACE('',#6551,3.5);
#6551 = AXIS2_PLACEMENT_3D('',#6552,#6553,#6554);
#6552 = CARTESIAN_POINT('',(-7.,63.,39.99));
#6553 = DIRECTION('',(-0.,-0.,-1.));
#6554 = DIRECTION('',(1.,0.,0.));
#6555 = ADVANCED_FACE('',(#6556),#6575,.T.);
#6556 = FACE_BOUND('',#6557,.T.);
#6557 = EDGE_LOOP('',(#6558,#6567,#6573,#6574));
#6558 = ORIENTED_EDGE('',*,*,#6559,.F.);
#6559 = EDGE_CURVE('',#6560,#6560,#6562,.T.);
#6560 = VERTEX_POINT('',#6561);
#6561 = CARTESIAN_POINT('',(-4.6,-7.,85.));
#6562 = CIRCLE('',#6563,2.4);
#6563 = AXIS2_PLACEMENT_3D('',#6564,#6565,#6566);
#6564 = CARTESIAN_POINT('',(-7.,-7.,85.));
#6565 = DIRECTION('',(0.,0.,1.));
#6566 = DIRECTION('',(1.,0.,0.));
#6567 = ORIENTED_EDGE('',*,*,#6568,.F.);
#6568 = EDGE_CURVE('',#6136,#6560,#6569,.T.);
#6569 = LINE('',#6570,#6571);
#6570 = CARTESIAN_POINT('',(-4.,-7.,84.4));
#6571 = VECTOR('',#6572,1.);
#6572 = DIRECTION('',(-0.707106781187,1.7E-16,0.707106781187));
#6573 = ORIENTED_EDGE('',*,*,#6143,.T.);
#6574 = ORIENTED_EDGE('',*,*,#6568,.T.);
#6575 = CONICAL_SURFACE('',#6576,3.,0.785398163397);
#6576 = AXIS2_PLACEMENT_3D('',#6577,#6578,#6579);
#6577 = CARTESIAN_POINT('',(-7.,-7.,84.4));
#6578 = DIRECTION('',(-0.,-0.,-1.));
#6579 = DIRECTION('',(1.,0.,0.));
#6580 = ADVANCED_FACE('',(#6581),#6604,.T.);
#6581 = FACE_BOUND('',#6582,.F.);
#6582 = EDGE_LOOP('',(#6583,#6584,#6592,#6599,#6600,#6601,#6602,#6603));
#6583 = ORIENTED_EDGE('',*,*,#6166,.F.);
#6584 = ORIENTED_EDGE('',*,*,#6585,.T.);
#6585 = EDGE_CURVE('',#6167,#6586,#6588,.T.);
#6586 = VERTEX_POINT('',#6587);
#6587 = CARTESIAN_POINT('',(64.5,52.5,49.));
#6588 = LINE('',#6589,#6590);
#6589 = CARTESIAN_POINT('',(64.5,52.5,46.));
#6590 = VECTOR('',#6591,1.);
#6591 = DIRECTION('',(0.,0.,1.));
#6592 = ORIENTED_EDGE('',*,*,#6593,.T.);
#6593 = EDGE_CURVE('',#6586,#6586,#6594,.T.);
#6594 = CIRCLE('',#6595,3.);
#6595 = AXIS2_PLACEMENT_3D('',#6596,#6597,#6598);
#6596 = CARTESIAN_POINT('',(61.5,52.5,49.));
#6597 = DIRECTION('',(0.,0.,1.));
#6598 = DIRECTION('',(1.,0.,0.));
#6599 = ORIENTED_EDGE('',*,*,#6585,.F.);
#6600 = ORIENTED_EDGE('',*,*,#6175,.F.);
#6601 = ORIENTED_EDGE('',*,*,#6287,.F.);
#6602 = ORIENTED_EDGE('',*,*,#6230,.F.);
#6603 = ORIENTED_EDGE('',*,*,#6213,.F.);
#6604 = CYLINDRICAL_SURFACE('',#6605,3.);
#6605 = AXIS2_PLACEMENT_3D('',#6606,#6607,#6608);
#6606 = CARTESIAN_POINT('',(61.5,52.5,46.));
#6607 = DIRECTION('',(-0.,-0.,-1.));
#6608 = DIRECTION('',(1.,0.,0.));
#6609 = ADVANCED_FACE('',(#6610),#6633,.T.);
#6610 = FACE_BOUND('',#6611,.F.);
#6611 = EDGE_LOOP('',(#6612,#6613,#6621,#6628,#6629,#6630,#6631,#6632));
#6612 = ORIENTED_EDGE('',*,*,#6185,.F.);
#6613 = ORIENTED_EDGE('',*,*,#6614,.T.);
#6614 = EDGE_CURVE('',#6186,#6615,#6617,.T.);
#6615 = VERTEX_POINT('',#6616);
#6616 = CARTESIAN_POINT('',(64.5,3.5,49.));
#6617 = LINE('',#6618,#6619);
#6618 = CARTESIAN_POINT('',(64.5,3.5,46.));
#6619 = VECTOR('',#6620,1.);
#6620 = DIRECTION('',(0.,0.,1.));
#6621 = ORIENTED_EDGE('',*,*,#6622,.T.);
#6622 = EDGE_CURVE('',#6615,#6615,#6623,.T.);
#6623 = CIRCLE('',#6624,3.);
#6624 = AXIS2_PLACEMENT_3D('',#6625,#6626,#6627);
#6625 = CARTESIAN_POINT('',(61.5,3.5,49.));
#6626 = DIRECTION('',(0.,0.,1.));
#6627 = DIRECTION('',(1.,0.,0.));
#6628 = ORIENTED_EDGE('',*,*,#6614,.F.);
#6629 = ORIENTED_EDGE('',*,*,#6194,.F.);
#6630 = ORIENTED_EDGE('',*,*,#6378,.F.);
#6631 = ORIENTED_EDGE('',*,*,#6321,.F.);
#6632 = ORIENTED_EDGE('',*,*,#6304,.F.);
#6633 = CYLINDRICAL_SURFACE('',#6634,3.);
#6634 = AXIS2_PLACEMENT_3D('',#6635,#6636,#6637);
#6635 = CARTESIAN_POINT('',(61.5,3.5,46.));
#6636 = DIRECTION('',(-0.,-0.,-1.));
#6637 = DIRECTION('',(1.,0.,0.));
#6638 = ADVANCED_FACE('',(#6639),#6658,.F.);
#6639 = FACE_BOUND('',#6640,.T.);
#6640 = EDGE_LOOP('',(#6641,#6649,#6650,#6651));
#6641 = ORIENTED_EDGE('',*,*,#6642,.T.);
#6642 = EDGE_CURVE('',#6643,#6271,#6645,.T.);
#6643 = VERTEX_POINT('',#6644);
#6644 = CARTESIAN_POINT('',(5.2,52.5,45.8));
#6645 = LINE('',#6646,#6647);
#6646 = CARTESIAN_POINT('',(5.2,52.5,45.8));
#6647 = VECTOR('',#6648,1.);
#6648 = DIRECTION('',(0.,0.,1.));
#6649 = ORIENTED_EDGE('',*,*,#6270,.T.);
#6650 = ORIENTED_EDGE('',*,*,#6642,.F.);
#6651 = ORIENTED_EDGE('',*,*,#6652,.F.);
#6652 = EDGE_CURVE('',#6643,#6643,#6653,.T.);
#6653 = CIRCLE('',#6654,1.7);
#6654 = AXIS2_PLACEMENT_3D('',#6655,#6656,#6657);
#6655 = CARTESIAN_POINT('',(3.5,52.5,45.8));
#6656 = DIRECTION('',(0.,0.,1.));
#6657 = DIRECTION('',(1.,0.,0.));
#6658 = CYLINDRICAL_SURFACE('',#6659,1.7);
#6659 = AXIS2_PLACEMENT_3D('',#6660,#6661,#6662);
#6660 = CARTESIAN_POINT('',(3.5,52.5,45.8));
#6661 = DIRECTION('',(-0.,-0.,-1.));
#6662 = DIRECTION('',(1.,0.,0.));
#6663 = ADVANCED_FACE('',(#6664),#6683,.F.);
#6664 = FACE_BOUND('',#6665,.T.);
#6665 = EDGE_LOOP('',(#6666,#6674,#6675,#6676));
#6666 = ORIENTED_EDGE('',*,*,#6667,.T.);
#6667 = EDGE_CURVE('',#6668,#6362,#6670,.T.);
#6668 = VERTEX_POINT('',#6669);
#6669 = CARTESIAN_POINT('',(5.2,3.5,45.8));
#6670 = LINE('',#6671,#6672);
#6671 = CARTESIAN_POINT('',(5.2,3.5,45.8));
#6672 = VECTOR('',#6673,1.);
#6673 = DIRECTION('',(0.,0.,1.));
#6674 = ORIENTED_EDGE('',*,*,#6361,.T.);
#6675 = ORIENTED_EDGE('',*,*,#6667,.F.);
#6676 = ORIENTED_EDGE('',*,*,#6677,.F.);
#6677 = EDGE_CURVE('',#6668,#6668,#6678,.T.);
#6678 = CIRCLE('',#6679,1.7);
#6679 = AXIS2_PLACEMENT_3D('',#6680,#6681,#6682);
#6680 = CARTESIAN_POINT('',(3.5,3.5,45.8));
#6681 = DIRECTION('',(0.,0.,1.));
#6682 = DIRECTION('',(1.,0.,0.));
#6683 = CYLINDRICAL_SURFACE('',#6684,1.7);
#6684 = AXIS2_PLACEMENT_3D('',#6685,#6686,#6687);
#6685 = CARTESIAN_POINT('',(3.5,3.5,45.8));
#6686 = DIRECTION('',(-0.,-0.,-1.));
#6687 = DIRECTION('',(1.,0.,0.));
#6688 = ADVANCED_FACE('',(#6689),#6708,.T.);
#6689 = FACE_BOUND('',#6690,.T.);
#6690 = EDGE_LOOP('',(#6691,#6700,#6706,#6707));
#6691 = ORIENTED_EDGE('',*,*,#6692,.F.);
#6692 = EDGE_CURVE('',#6693,#6693,#6695,.T.);
#6693 = VERTEX_POINT('',#6694);
#6694 = CARTESIAN_POINT('',(-4.6,63.,85.));
#6695 = CIRCLE('',#6696,2.4);
#6696 = AXIS2_PLACEMENT_3D('',#6697,#6698,#6699);
#6697 = CARTESIAN_POINT('',(-7.,63.,85.));
#6698 = DIRECTION('',(0.,0.,1.));
#6699 = DIRECTION('',(1.,0.,0.));
#6700 = ORIENTED_EDGE('',*,*,#6701,.F.);
#6701 = EDGE_CURVE('',#6395,#6693,#6702,.T.);
#6702 = LINE('',#6703,#6704);
#6703 = CARTESIAN_POINT('',(-4.,63.,84.4));
#6704 = VECTOR('',#6705,1.);
#6705 = DIRECTION('',(-0.707106781187,1.7E-16,0.707106781187));
#6706 = ORIENTED_EDGE('',*,*,#6402,.T.);
#6707 = ORIENTED_EDGE('',*,*,#6701,.T.);
#6708 = CONICAL_SURFACE('',#6709,3.,0.785398163397);
#6709 = AXIS2_PLACEMENT_3D('',#6710,#6711,#6712);
#6710 = CARTESIAN_POINT('',(-7.,63.,84.4));
#6711 = DIRECTION('',(-0.,-0.,-1.));
#6712 = DIRECTION('',(1.,0.,0.));
#6713 = ADVANCED_FACE('',(#6714),#6733,.T.);
#6714 = FACE_BOUND('',#6715,.F.);
#6715 = EDGE_LOOP('',(#6716,#6724,#6731,#6732));
#6716 = ORIENTED_EDGE('',*,*,#6717,.T.);
#6717 = EDGE_CURVE('',#6423,#6718,#6720,.T.);
#6718 = VERTEX_POINT('',#6719);
#6719 = CARTESIAN_POINT('',(94.,-7.,84.4));
#6720 = LINE('',#6721,#6722);
#6721 = CARTESIAN_POINT('',(94.,-7.,80.));
#6722 = VECTOR('',#6723,1.);
#6723 = DIRECTION('',(0.,0.,1.));
#6724 = ORIENTED_EDGE('',*,*,#6725,.T.);
#6725 = EDGE_CURVE('',#6718,#6718,#6726,.T.);
#6726 = CIRCLE('',#6727,3.);
#6727 = AXIS2_PLACEMENT_3D('',#6728,#6729,#6730);
#6728 = CARTESIAN_POINT('',(91.,-7.,84.4));
#6729 = DIRECTION('',(0.,0.,1.));
#6730 = DIRECTION('',(1.,0.,0.));
#6731 = ORIENTED_EDGE('',*,*,#6717,.F.);
#6732 = ORIENTED_EDGE('',*,*,#6422,.F.);
#6733 = CYLINDRICAL_SURFACE('',#6734,3.);
#6734 = AXIS2_PLACEMENT_3D('',#6735,#6736,#6737);
#6735 = CARTESIAN_POINT('',(91.,-7.,80.));
#6736 = DIRECTION('',(-0.,-0.,-1.));
#6737 = DIRECTION('',(1.,0.,0.));
#6738 = ADVANCED_FACE('',(#6739),#6758,.T.);
#6739 = FACE_BOUND('',#6740,.F.);
#6740 = EDGE_LOOP('',(#6741,#6749,#6756,#6757));
#6741 = ORIENTED_EDGE('',*,*,#6742,.T.);
#6742 = EDGE_CURVE('',#6443,#6743,#6745,.T.);
#6743 = VERTEX_POINT('',#6744);
#6744 = CARTESIAN_POINT('',(94.,63.,84.4));
#6745 = LINE('',#6746,#6747);
#6746 = CARTESIAN_POINT('',(94.,63.,80.));
#6747 = VECTOR('',#6748,1.);
#6748 = DIRECTION('',(0.,0.,1.));
#6749 = ORIENTED_EDGE('',*,*,#6750,.T.);
#6750 = EDGE_CURVE('',#6743,#6743,#6751,.T.);
#6751 = CIRCLE('',#6752,3.);
#6752 = AXIS2_PLACEMENT_3D('',#6753,#6754,#6755);
#6753 = CARTESIAN_POINT('',(91.,63.,84.4));
#6754 = DIRECTION('',(0.,0.,1.));
#6755 = DIRECTION('',(1.,0.,0.));
#6756 = ORIENTED_EDGE('',*,*,#6742,.F.);
#6757 = ORIENTED_EDGE('',*,*,#6442,.F.);
#6758 = CYLINDRICAL_SURFACE('',#6759,3.);
#6759 = AXIS2_PLACEMENT_3D('',#6760,#6761,#6762);
#6760 = CARTESIAN_POINT('',(91.,63.,80.));
#6761 = DIRECTION('',(-0.,-0.,-1.));
#6762 = DIRECTION('',(1.,0.,0.));
#6763 = ADVANCED_FACE('',(#6764),#6767,.F.);
#6764 = FACE_BOUND('',#6765,.T.);
#6765 = EDGE_LOOP('',(#6766));
#6766 = ORIENTED_EDGE('',*,*,#6468,.F.);
#6767 = PLANE('',#6768);
#6768 = AXIS2_PLACEMENT_3D('',#6769,#6770,#6771);
#6769 = CARTESIAN_POINT('',(91.,-7.,45.5));
#6770 = DIRECTION('',(0.,0.,1.));
#6771 = DIRECTION('',(1.,0.,0.));
#6772 = ADVANCED_FACE('',(#6773),#6776,.F.);
#6773 = FACE_BOUND('',#6774,.T.);
#6774 = EDGE_LOOP('',(#6775));
#6775 = ORIENTED_EDGE('',*,*,#6493,.F.);
#6776 = PLANE('',#6777);
#6777 = AXIS2_PLACEMENT_3D('',#6778,#6779,#6780);
#6778 = CARTESIAN_POINT('',(-7.,-7.,45.5));
#6779 = DIRECTION('',(0.,0.,1.));
#6780 = DIRECTION('',(1.,0.,0.));
#6781 = ADVANCED_FACE('',(#6782),#6785,.F.);
#6782 = FACE_BOUND('',#6783,.T.);
#6783 = EDGE_LOOP('',(#6784));
#6784 = ORIENTED_EDGE('',*,*,#6518,.F.);
#6785 = PLANE('',#6786);
#6786 = AXIS2_PLACEMENT_3D('',#6787,#6788,#6789);
#6787 = CARTESIAN_POINT('',(91.,63.,45.5));
#6788 = DIRECTION('',(0.,0.,1.));
#6789 = DIRECTION('',(1.,0.,0.));
#6790 = ADVANCED_FACE('',(#6791),#6794,.F.);
#6791 = FACE_BOUND('',#6792,.T.);
#6792 = EDGE_LOOP('',(#6793));
#6793 = ORIENTED_EDGE('',*,*,#6543,.F.);
#6794 = PLANE('',#6795);
#6795 = AXIS2_PLACEMENT_3D('',#6796,#6797,#6798);
#6796 = CARTESIAN_POINT('',(-7.,63.,45.5));
#6797 = DIRECTION('',(0.,0.,1.));
#6798 = DIRECTION('',(1.,0.,0.));
#6799 = ADVANCED_FACE('',(#6800),#6803,.T.);
#6800 = FACE_BOUND('',#6801,.T.);
#6801 = EDGE_LOOP('',(#6802));
#6802 = ORIENTED_EDGE('',*,*,#6559,.T.);
#6803 = PLANE('',#6804);
#6804 = AXIS2_PLACEMENT_3D('',#6805,#6806,#6807);
#6805 = CARTESIAN_POINT('',(-7.,-7.,85.));
#6806 = DIRECTION('',(0.,0.,1.));
#6807 = DIRECTION('',(1.,0.,0.));
#6808 = ADVANCED_FACE('',(#6809,#6812),#6823,.T.);
#6809 = FACE_BOUND('',#6810,.T.);
#6810 = EDGE_LOOP('',(#6811));
#6811 = ORIENTED_EDGE('',*,*,#6593,.T.);
#6812 = FACE_BOUND('',#6813,.T.);
#6813 = EDGE_LOOP('',(#6814));
#6814 = ORIENTED_EDGE('',*,*,#6815,.F.);
#6815 = EDGE_CURVE('',#6816,#6816,#6818,.T.);
#6816 = VERTEX_POINT('',#6817);
#6817 = CARTESIAN_POINT('',(63.2,52.5,49.));
#6818 = CIRCLE('',#6819,1.7);
#6819 = AXIS2_PLACEMENT_3D('',#6820,#6821,#6822);
#6820 = CARTESIAN_POINT('',(61.5,52.5,49.));
#6821 = DIRECTION('',(0.,0.,1.));
#6822 = DIRECTION('',(1.,0.,0.));
#6823 = PLANE('',#6824);
#6824 = AXIS2_PLACEMENT_3D('',#6825,#6826,#6827);
#6825 = CARTESIAN_POINT('',(61.5,52.5,49.));
#6826 = DIRECTION('',(0.,0.,1.));
#6827 = DIRECTION('',(1.,0.,0.));
#6828 = ADVANCED_FACE('',(#6829,#6832),#6843,.T.);
#6829 = FACE_BOUND('',#6830,.T.);
#6830 = EDGE_LOOP('',(#6831));
#6831 = ORIENTED_EDGE('',*,*,#6622,.T.);
#6832 = FACE_BOUND('',#6833,.T.);
#6833 = EDGE_LOOP('',(#6834));
#6834 = ORIENTED_EDGE('',*,*,#6835,.F.);
#6835 = EDGE_CURVE('',#6836,#6836,#6838,.T.);
#6836 = VERTEX_POINT('',#6837);
#6837 = CARTESIAN_POINT('',(63.2,3.5,49.));
#6838 = CIRCLE('',#6839,1.7);
#6839 = AXIS2_PLACEMENT_3D('',#6840,#6841,#6842);
#6840 = CARTESIAN_POINT('',(61.5,3.5,49.));
#6841 = DIRECTION('',(0.,0.,1.));
#6842 = DIRECTION('',(1.,0.,0.));
#6843 = PLANE('',#6844);
#6844 = AXIS2_PLACEMENT_3D('',#6845,#6846,#6847);
#6845 = CARTESIAN_POINT('',(61.5,3.5,49.));
#6846 = DIRECTION('',(0.,0.,1.));
#6847 = DIRECTION('',(1.,0.,0.));
#6848 = ADVANCED_FACE('',(#6849),#6852,.T.);
#6849 = FACE_BOUND('',#6850,.F.);
#6850 = EDGE_LOOP('',(#6851));
#6851 = ORIENTED_EDGE('',*,*,#6652,.F.);
#6852 = PLANE('',#6853);
#6853 = AXIS2_PLACEMENT_3D('',#6854,#6855,#6856);
#6854 = CARTESIAN_POINT('',(3.5,52.5,45.8));
#6855 = DIRECTION('',(0.,0.,1.));
#6856 = DIRECTION('',(1.,0.,0.));
#6857 = ADVANCED_FACE('',(#6858),#6861,.T.);
#6858 = FACE_BOUND('',#6859,.F.);
#6859 = EDGE_LOOP('',(#6860));
#6860 = ORIENTED_EDGE('',*,*,#6677,.F.);
#6861 = PLANE('',#6862);
#6862 = AXIS2_PLACEMENT_3D('',#6863,#6864,#6865);
#6863 = CARTESIAN_POINT('',(3.5,3.5,45.8));
#6864 = DIRECTION('',(0.,0.,1.));
#6865 = DIRECTION('',(1.,0.,0.));
#6866 = ADVANCED_FACE('',(#6867),#6870,.T.);
#6867 = FACE_BOUND('',#6868,.T.);
#6868 = EDGE_LOOP('',(#6869));
#6869 = ORIENTED_EDGE('',*,*,#6692,.T.);
#6870 = PLANE('',#6871);
#6871 = AXIS2_PLACEMENT_3D('',#6872,#6873,#6874);
#6872 = CARTESIAN_POINT('',(-7.,63.,85.));
#6873 = DIRECTION('',(0.,0.,1.));
#6874 = DIRECTION('',(1.,0.,0.));
#6875 = ADVANCED_FACE('',(#6876),#6895,.T.);
#6876 = FACE_BOUND('',#6877,.T.);
#6877 = EDGE_LOOP('',(#6878,#6887,#6893,#6894));
#6878 = ORIENTED_EDGE('',*,*,#6879,.F.);
#6879 = EDGE_CURVE('',#6880,#6880,#6882,.T.);
#6880 = VERTEX_POINT('',#6881);
#6881 = CARTESIAN_POINT('',(93.4,-7.,85.));
#6882 = CIRCLE('',#6883,2.4);
#6883 = AXIS2_PLACEMENT_3D('',#6884,#6885,#6886);
#6884 = CARTESIAN_POINT('',(91.,-7.,85.));
#6885 = DIRECTION('',(0.,0.,1.));
#6886 = DIRECTION('',(1.,0.,0.));
#6887 = ORIENTED_EDGE('',*,*,#6888,.F.);
#6888 = EDGE_CURVE('',#6718,#6880,#6889,.T.);
#6889 = LINE('',#6890,#6891);
#6890 = CARTESIAN_POINT('',(94.,-7.,84.4));
#6891 = VECTOR('',#6892,1.);
#6892 = DIRECTION('',(-0.707106781187,1.7E-16,0.707106781187));
#6893 = ORIENTED_EDGE('',*,*,#6725,.T.);
#6894 = ORIENTED_EDGE('',*,*,#6888,.T.);
#6895 = CONICAL_SURFACE('',#6896,3.,0.785398163397);
#6896 = AXIS2_PLACEMENT_3D('',#6897,#6898,#6899);
#6897 = CARTESIAN_POINT('',(91.,-7.,84.4));
#6898 = DIRECTION('',(-0.,-0.,-1.));
#6899 = DIRECTION('',(1.,0.,0.));
#6900 = ADVANCED_FACE('',(#6901),#6920,.T.);
#6901 = FACE_BOUND('',#6902,.T.);
#6902 = EDGE_LOOP('',(#6903,#6912,#6918,#6919));
#6903 = ORIENTED_EDGE('',*,*,#6904,.F.);
#6904 = EDGE_CURVE('',#6905,#6905,#6907,.T.);
#6905 = VERTEX_POINT('',#6906);
#6906 = CARTESIAN_POINT('',(93.4,63.,85.));
#6907 = CIRCLE('',#6908,2.4);
#6908 = AXIS2_PLACEMENT_3D('',#6909,#6910,#6911);
#6909 = CARTESIAN_POINT('',(91.,63.,85.));
#6910 = DIRECTION('',(0.,0.,1.));
#6911 = DIRECTION('',(1.,0.,0.));
#6912 = ORIENTED_EDGE('',*,*,#6913,.F.);
#6913 = EDGE_CURVE('',#6743,#6905,#6914,.T.);
#6914 = LINE('',#6915,#6916);
#6915 = CARTESIAN_POINT('',(94.,63.,84.4));
#6916 = VECTOR('',#6917,1.);
#6917 = DIRECTION('',(-0.707106781187,1.7E-16,0.707106781187));
#6918 = ORIENTED_EDGE('',*,*,#6750,.T.);
#6919 = ORIENTED_EDGE('',*,*,#6913,.T.);
#6920 = CONICAL_SURFACE('',#6921,3.,0.785398163397);
#6921 = AXIS2_PLACEMENT_3D('',#6922,#6923,#6924);
#6922 = CARTESIAN_POINT('',(91.,63.,84.4));
#6923 = DIRECTION('',(-0.,-0.,-1.));
#6924 = DIRECTION('',(1.,0.,0.));
#6925 = ADVANCED_FACE('',(#6926),#6945,.F.);
#6926 = FACE_BOUND('',#6927,.T.);
#6927 = EDGE_LOOP('',(#6928,#6936,#6937,#6938));
#6928 = ORIENTED_EDGE('',*,*,#6929,.T.);
#6929 = EDGE_CURVE('',#6930,#6816,#6932,.T.);
#6930 = VERTEX_POINT('',#6931);
#6931 = CARTESIAN_POINT('',(63.2,52.5,45.8));
#6932 = LINE('',#6933,#6934);
#6933 = CARTESIAN_POINT('',(63.2,52.5,45.8));
#6934 = VECTOR('',#6935,1.);
#6935 = DIRECTION('',(0.,0.,1.));
#6936 = ORIENTED_EDGE('',*,*,#6815,.T.);
#6937 = ORIENTED_EDGE('',*,*,#6929,.F.);
#6938 = ORIENTED_EDGE('',*,*,#6939,.F.);
#6939 = EDGE_CURVE('',#6930,#6930,#6940,.T.);
#6940 = CIRCLE('',#6941,1.7);
#6941 = AXIS2_PLACEMENT_3D('',#6942,#6943,#6944);
#6942 = CARTESIAN_POINT('',(61.5,52.5,45.8));
#6943 = DIRECTION('',(0.,0.,1.));
#6944 = DIRECTION('',(1.,0.,0.));
#6945 = CYLINDRICAL_SURFACE('',#6946,1.7);
#6946 = AXIS2_PLACEMENT_3D('',#6947,#6948,#6949);
#6947 = CARTESIAN_POINT('',(61.5,52.5,45.8));
#6948 = DIRECTION('',(-0.,-0.,-1.));
#6949 = DIRECTION('',(1.,0.,0.));
#6950 = ADVANCED_FACE('',(#6951),#6970,.F.);
#6951 = FACE_BOUND('',#6952,.T.);
#6952 = EDGE_LOOP('',(#6953,#6961,#6962,#6963));
#6953 = ORIENTED_EDGE('',*,*,#6954,.T.);
#6954 = EDGE_CURVE('',#6955,#6836,#6957,.T.);
#6955 = VERTEX_POINT('',#6956);
#6956 = CARTESIAN_POINT('',(63.2,3.5,45.8));
#6957 = LINE('',#6958,#6959);
#6958 = CARTESIAN_POINT('',(63.2,3.5,45.8));
#6959 = VECTOR('',#6960,1.);
#6960 = DIRECTION('',(0.,0.,1.));
#6961 = ORIENTED_EDGE('',*,*,#6835,.T.);
#6962 = ORIENTED_EDGE('',*,*,#6954,.F.);
#6963 = ORIENTED_EDGE('',*,*,#6964,.F.);
#6964 = EDGE_CURVE('',#6955,#6955,#6965,.T.);
#6965 = CIRCLE('',#6966,1.7);
#6966 = AXIS2_PLACEMENT_3D('',#6967,#6968,#6969);
#6967 = CARTESIAN_POINT('',(61.5,3.5,45.8));
#6968 = DIRECTION('',(0.,0.,1.));
#6969 = DIRECTION('',(1.,0.,0.));
#6970 = CYLINDRICAL_SURFACE('',#6971,1.7);
#6971 = AXIS2_PLACEMENT_3D('',#6972,#6973,#6974);
#6972 = CARTESIAN_POINT('',(61.5,3.5,45.8));
#6973 = DIRECTION('',(-0.,-0.,-1.));
#6974 = DIRECTION('',(1.,0.,0.));
#6975 = ADVANCED_FACE('',(#6976),#6979,.T.);
#6976 = FACE_BOUND('',#6977,.T.);
#6977 = EDGE_LOOP('',(#6978));
#6978 = ORIENTED_EDGE('',*,*,#6879,.T.);
#6979 = PLANE('',#6980);
#6980 = AXIS2_PLACEMENT_3D('',#6981,#6982,#6983);
#6981 = CARTESIAN_POINT('',(91.,-7.,85.));
#6982 = DIRECTION('',(0.,0.,1.));
#6983 = DIRECTION('',(1.,0.,0.));
#6984 = ADVANCED_FACE('',(#6985),#6988,.T.);
#6985 = FACE_BOUND('',#6986,.T.);
#6986 = EDGE_LOOP('',(#6987));
#6987 = ORIENTED_EDGE('',*,*,#6904,.T.);
#6988 = PLANE('',#6989);
#6989 = AXIS2_PLACEMENT_3D('',#6990,#6991,#6992);
#6990 = CARTESIAN_POINT('',(91.,63.,85.));
#6991 = DIRECTION('',(0.,0.,1.));
#6992 = DIRECTION('',(1.,0.,0.));
#6993 = ADVANCED_FACE('',(#6994),#6997,.T.);
#6994 = FACE_BOUND('',#6995,.F.);
#6995 = EDGE_LOOP('',(#6996));
#6996 = ORIENTED_EDGE('',*,*,#6939,.F.);
#6997 = PLANE('',#6998);
#6998 = AXIS2_PLACEMENT_3D('',#6999,#7000,#7001);
#6999 = CARTESIAN_POINT('',(61.5,52.5,45.8));
#7000 = DIRECTION('',(0.,0.,1.));
#7001 = DIRECTION('',(1.,0.,0.));
#7002 = ADVANCED_FACE('',(#7003),#7006,.T.);
#7003 = FACE_BOUND('',#7004,.F.);
#7004 = EDGE_LOOP('',(#7005));
#7005 = ORIENTED_EDGE('',*,*,#6964,.F.);
#7006 = PLANE('',#7007);
#7007 = AXIS2_PLACEMENT_3D('',#7008,#7009,#7010);
#7008 = CARTESIAN_POINT('',(61.5,3.5,45.8));
#7009 = DIRECTION('',(0.,0.,1.));
#7010 = DIRECTION('',(1.,0.,0.));
#7011 = MANIFOLD_SOLID_BREP('',#7012);
#7012 = CLOSED_SHELL('',(#7013,#7046,#7055,#7075,#7100,#7120,#7145,#7170
    ));
#7013 = ADVANCED_FACE('',(#7014),#7041,.T.);
#7014 = FACE_BOUND('',#7015,.F.);
#7015 = EDGE_LOOP('',(#7016,#7026,#7033,#7034));
#7016 = ORIENTED_EDGE('',*,*,#7017,.T.);
#7017 = EDGE_CURVE('',#7018,#7020,#7022,.T.);
#7018 = VERTEX_POINT('',#7019);
#7019 = CARTESIAN_POINT('',(5.,3.5,46.));
#7020 = VERTEX_POINT('',#7021);
#7021 = CARTESIAN_POINT('',(5.,3.5,49.));
#7022 = LINE('',#7023,#7024);
#7023 = CARTESIAN_POINT('',(5.,3.5,46.));
#7024 = VECTOR('',#7025,1.);
#7025 = DIRECTION('',(0.,0.,1.));
#7026 = ORIENTED_EDGE('',*,*,#7027,.T.);
#7027 = EDGE_CURVE('',#7020,#7020,#7028,.T.);
#7028 = CIRCLE('',#7029,1.5);
#7029 = AXIS2_PLACEMENT_3D('',#7030,#7031,#7032);
#7030 = CARTESIAN_POINT('',(3.5,3.5,49.));
#7031 = DIRECTION('',(0.,0.,1.));
#7032 = DIRECTION('',(1.,0.,0.));
#7033 = ORIENTED_EDGE('',*,*,#7017,.F.);
#7034 = ORIENTED_EDGE('',*,*,#7035,.F.);
#7035 = EDGE_CURVE('',#7018,#7018,#7036,.T.);
#7036 = CIRCLE('',#7037,1.5);
#7037 = AXIS2_PLACEMENT_3D('',#7038,#7039,#7040);
#7038 = CARTESIAN_POINT('',(3.5,3.5,46.));
#7039 = DIRECTION('',(0.,0.,1.));
#7040 = DIRECTION('',(1.,0.,0.));
#7041 = CYLINDRICAL_SURFACE('',#7042,1.5);
#7042 = AXIS2_PLACEMENT_3D('',#7043,#7044,#7045);
#7043 = CARTESIAN_POINT('',(3.5,3.5,46.));
#7044 = DIRECTION('',(-0.,-0.,-1.));
#7045 = DIRECTION('',(1.,0.,0.));
#7046 = ADVANCED_FACE('',(#7047),#7050,.F.);
#7047 = FACE_BOUND('',#7048,.T.);
#7048 = EDGE_LOOP('',(#7049));
#7049 = ORIENTED_EDGE('',*,*,#7035,.F.);
#7050 = PLANE('',#7051);
#7051 = AXIS2_PLACEMENT_3D('',#7052,#7053,#7054);
#7052 = CARTESIAN_POINT('',(3.5,3.5,46.));
#7053 = DIRECTION('',(0.,0.,1.));
#7054 = DIRECTION('',(1.,0.,0.));
#7055 = ADVANCED_FACE('',(#7056,#7067),#7070,.F.);
#7056 = FACE_BOUND('',#7057,.F.);
#7057 = EDGE_LOOP('',(#7058));
#7058 = ORIENTED_EDGE('',*,*,#7059,.T.);
#7059 = EDGE_CURVE('',#7060,#7060,#7062,.T.);
#7060 = VERTEX_POINT('',#7061);
#7061 = CARTESIAN_POINT('',(5.8,3.5,49.));
#7062 = CIRCLE('',#7063,2.3);
#7063 = AXIS2_PLACEMENT_3D('',#7064,#7065,#7066);
#7064 = CARTESIAN_POINT('',(3.5,3.5,49.));
#7065 = DIRECTION('',(0.,0.,1.));
#7066 = DIRECTION('',(1.,0.,0.));
#7067 = FACE_BOUND('',#7068,.F.);
#7068 = EDGE_LOOP('',(#7069));
#7069 = ORIENTED_EDGE('',*,*,#7027,.F.);
#7070 = PLANE('',#7071);
#7071 = AXIS2_PLACEMENT_3D('',#7072,#7073,#7074);
#7072 = CARTESIAN_POINT('',(3.5,3.5,49.));
#7073 = DIRECTION('',(0.,0.,1.));
#7074 = DIRECTION('',(1.,0.,0.));
#7075 = ADVANCED_FACE('',(#7076),#7095,.T.);
#7076 = FACE_BOUND('',#7077,.F.);
#7077 = EDGE_LOOP('',(#7078,#7086,#7093,#7094));
#7078 = ORIENTED_EDGE('',*,*,#7079,.T.);
#7079 = EDGE_CURVE('',#7060,#7080,#7082,.T.);
#7080 = VERTEX_POINT('',#7081);
#7081 = CARTESIAN_POINT('',(5.8,3.5,50.));
#7082 = LINE('',#7083,#7084);
#7083 = CARTESIAN_POINT('',(5.8,3.5,49.));
#7084 = VECTOR('',#7085,1.);
#7085 = DIRECTION('',(0.,0.,1.));
#7086 = ORIENTED_EDGE('',*,*,#7087,.T.);
#7087 = EDGE_CURVE('',#7080,#7080,#7088,.T.);
#7088 = CIRCLE('',#7089,2.3);
#7089 = AXIS2_PLACEMENT_3D('',#7090,#7091,#7092);
#7090 = CARTESIAN_POINT('',(3.5,3.5,50.));
#7091 = DIRECTION('',(0.,0.,1.));
#7092 = DIRECTION('',(1.,0.,0.));
#7093 = ORIENTED_EDGE('',*,*,#7079,.F.);
#7094 = ORIENTED_EDGE('',*,*,#7059,.F.);
#7095 = CYLINDRICAL_SURFACE('',#7096,2.3);
#7096 = AXIS2_PLACEMENT_3D('',#7097,#7098,#7099);
#7097 = CARTESIAN_POINT('',(3.5,3.5,49.));
#7098 = DIRECTION('',(-0.,-0.,-1.));
#7099 = DIRECTION('',(1.,0.,0.));
#7100 = ADVANCED_FACE('',(#7101,#7104),#7115,.T.);
#7101 = FACE_BOUND('',#7102,.T.);
#7102 = EDGE_LOOP('',(#7103));
#7103 = ORIENTED_EDGE('',*,*,#7087,.T.);
#7104 = FACE_BOUND('',#7105,.T.);
#7105 = EDGE_LOOP('',(#7106));
#7106 = ORIENTED_EDGE('',*,*,#7107,.F.);
#7107 = EDGE_CURVE('',#7108,#7108,#7110,.T.);
#7108 = VERTEX_POINT('',#7109);
#7109 = CARTESIAN_POINT('',(4.675,3.5,50.));
#7110 = CIRCLE('',#7111,1.175);
#7111 = AXIS2_PLACEMENT_3D('',#7112,#7113,#7114);
#7112 = CARTESIAN_POINT('',(3.5,3.5,50.));
#7113 = DIRECTION('',(0.,0.,1.));
#7114 = DIRECTION('',(1.,0.,0.));
#7115 = PLANE('',#7116);
#7116 = AXIS2_PLACEMENT_3D('',#7117,#7118,#7119);
#7117 = CARTESIAN_POINT('',(3.5,3.5,50.));
#7118 = DIRECTION('',(0.,0.,1.));
#7119 = DIRECTION('',(1.,0.,0.));
#7120 = ADVANCED_FACE('',(#7121),#7140,.T.);
#7121 = FACE_BOUND('',#7122,.F.);
#7122 = EDGE_LOOP('',(#7123,#7131,#7138,#7139));
#7123 = ORIENTED_EDGE('',*,*,#7124,.T.);
#7124 = EDGE_CURVE('',#7108,#7125,#7127,.T.);
#7125 = VERTEX_POINT('',#7126);
#7126 = CARTESIAN_POINT('',(4.675,3.5,51.4));
#7127 = LINE('',#7128,#7129);
#7128 = CARTESIAN_POINT('',(4.675,3.5,50.));
#7129 = VECTOR('',#7130,1.);
#7130 = DIRECTION('',(0.,0.,1.));
#7131 = ORIENTED_EDGE('',*,*,#7132,.T.);
#7132 = EDGE_CURVE('',#7125,#7125,#7133,.T.);
#7133 = CIRCLE('',#7134,1.175);
#7134 = AXIS2_PLACEMENT_3D('',#7135,#7136,#7137);
#7135 = CARTESIAN_POINT('',(3.5,3.5,51.4));
#7136 = DIRECTION('',(0.,0.,1.));
#7137 = DIRECTION('',(1.,0.,0.));
#7138 = ORIENTED_EDGE('',*,*,#7124,.F.);
#7139 = ORIENTED_EDGE('',*,*,#7107,.F.);
#7140 = CYLINDRICAL_SURFACE('',#7141,1.175);
#7141 = AXIS2_PLACEMENT_3D('',#7142,#7143,#7144);
#7142 = CARTESIAN_POINT('',(3.5,3.5,50.));
#7143 = DIRECTION('',(-0.,-0.,-1.));
#7144 = DIRECTION('',(1.,0.,0.));
#7145 = ADVANCED_FACE('',(#7146),#7165,.T.);
#7146 = FACE_BOUND('',#7147,.T.);
#7147 = EDGE_LOOP('',(#7148,#7157,#7163,#7164));
#7148 = ORIENTED_EDGE('',*,*,#7149,.F.);
#7149 = EDGE_CURVE('',#7150,#7150,#7152,.T.);
#7150 = VERTEX_POINT('',#7151);
#7151 = CARTESIAN_POINT('',(4.275,3.5,51.8));
#7152 = CIRCLE('',#7153,0.775);
#7153 = AXIS2_PLACEMENT_3D('',#7154,#7155,#7156);
#7154 = CARTESIAN_POINT('',(3.5,3.5,51.8));
#7155 = DIRECTION('',(0.,0.,1.));
#7156 = DIRECTION('',(1.,0.,0.));
#7157 = ORIENTED_EDGE('',*,*,#7158,.F.);
#7158 = EDGE_CURVE('',#7125,#7150,#7159,.T.);
#7159 = LINE('',#7160,#7161);
#7160 = CARTESIAN_POINT('',(4.675,3.5,51.4));
#7161 = VECTOR('',#7162,1.);
#7162 = DIRECTION('',(-0.707106781187,1.7E-16,0.707106781187));
#7163 = ORIENTED_EDGE('',*,*,#7132,.T.);
#7164 = ORIENTED_EDGE('',*,*,#7158,.T.);
#7165 = CONICAL_SURFACE('',#7166,1.175,0.785398163397);
#7166 = AXIS2_PLACEMENT_3D('',#7167,#7168,#7169);
#7167 = CARTESIAN_POINT('',(3.5,3.5,51.4));
#7168 = DIRECTION('',(-0.,-0.,-1.));
#7169 = DIRECTION('',(1.,0.,0.));
#7170 = ADVANCED_FACE('',(#7171),#7174,.T.);
#7171 = FACE_BOUND('',#7172,.T.);
#7172 = EDGE_LOOP('',(#7173));
#7173 = ORIENTED_EDGE('',*,*,#7149,.T.);
#7174 = PLANE('',#7175);
#7175 = AXIS2_PLACEMENT_3D('',#7176,#7177,#7178);
#7176 = CARTESIAN_POINT('',(3.5,3.5,51.8));
#7177 = DIRECTION('',(0.,0.,1.));
#7178 = DIRECTION('',(1.,0.,0.));
#7179 = MANIFOLD_SOLID_BREP('',#7180);
#7180 = CLOSED_SHELL('',(#7181,#7214,#7223,#7243,#7268,#7288,#7313,#7338
    ));
#7181 = ADVANCED_FACE('',(#7182),#7209,.T.);
#7182 = FACE_BOUND('',#7183,.F.);
#7183 = EDGE_LOOP('',(#7184,#7194,#7201,#7202));
#7184 = ORIENTED_EDGE('',*,*,#7185,.T.);
#7185 = EDGE_CURVE('',#7186,#7188,#7190,.T.);
#7186 = VERTEX_POINT('',#7187);
#7187 = CARTESIAN_POINT('',(63.,3.5,46.));
#7188 = VERTEX_POINT('',#7189);
#7189 = CARTESIAN_POINT('',(63.,3.5,49.));
#7190 = LINE('',#7191,#7192);
#7191 = CARTESIAN_POINT('',(63.,3.5,46.));
#7192 = VECTOR('',#7193,1.);
#7193 = DIRECTION('',(0.,0.,1.));
#7194 = ORIENTED_EDGE('',*,*,#7195,.T.);
#7195 = EDGE_CURVE('',#7188,#7188,#7196,.T.);
#7196 = CIRCLE('',#7197,1.5);
#7197 = AXIS2_PLACEMENT_3D('',#7198,#7199,#7200);
#7198 = CARTESIAN_POINT('',(61.5,3.5,49.));
#7199 = DIRECTION('',(0.,0.,1.));
#7200 = DIRECTION('',(1.,0.,0.));
#7201 = ORIENTED_EDGE('',*,*,#7185,.F.);
#7202 = ORIENTED_EDGE('',*,*,#7203,.F.);
#7203 = EDGE_CURVE('',#7186,#7186,#7204,.T.);
#7204 = CIRCLE('',#7205,1.5);
#7205 = AXIS2_PLACEMENT_3D('',#7206,#7207,#7208);
#7206 = CARTESIAN_POINT('',(61.5,3.5,46.));
#7207 = DIRECTION('',(0.,0.,1.));
#7208 = DIRECTION('',(1.,0.,0.));
#7209 = CYLINDRICAL_SURFACE('',#7210,1.5);
#7210 = AXIS2_PLACEMENT_3D('',#7211,#7212,#7213);
#7211 = CARTESIAN_POINT('',(61.5,3.5,46.));
#7212 = DIRECTION('',(-0.,-0.,-1.));
#7213 = DIRECTION('',(1.,0.,0.));
#7214 = ADVANCED_FACE('',(#7215),#7218,.F.);
#7215 = FACE_BOUND('',#7216,.T.);
#7216 = EDGE_LOOP('',(#7217));
#7217 = ORIENTED_EDGE('',*,*,#7203,.F.);
#7218 = PLANE('',#7219);
#7219 = AXIS2_PLACEMENT_3D('',#7220,#7221,#7222);
#7220 = CARTESIAN_POINT('',(61.5,3.5,46.));
#7221 = DIRECTION('',(0.,0.,1.));
#7222 = DIRECTION('',(1.,0.,0.));
#7223 = ADVANCED_FACE('',(#7224,#7235),#7238,.F.);
#7224 = FACE_BOUND('',#7225,.F.);
#7225 = EDGE_LOOP('',(#7226));
#7226 = ORIENTED_EDGE('',*,*,#7227,.T.);
#7227 = EDGE_CURVE('',#7228,#7228,#7230,.T.);
#7228 = VERTEX_POINT('',#7229);
#7229 = CARTESIAN_POINT('',(63.8,3.5,49.));
#7230 = CIRCLE('',#7231,2.3);
#7231 = AXIS2_PLACEMENT_3D('',#7232,#7233,#7234);
#7232 = CARTESIAN_POINT('',(61.5,3.5,49.));
#7233 = DIRECTION('',(0.,0.,1.));
#7234 = DIRECTION('',(1.,0.,0.));
#7235 = FACE_BOUND('',#7236,.F.);
#7236 = EDGE_LOOP('',(#7237));
#7237 = ORIENTED_EDGE('',*,*,#7195,.F.);
#7238 = PLANE('',#7239);
#7239 = AXIS2_PLACEMENT_3D('',#7240,#7241,#7242);
#7240 = CARTESIAN_POINT('',(61.5,3.5,49.));
#7241 = DIRECTION('',(0.,0.,1.));
#7242 = DIRECTION('',(1.,0.,0.));
#7243 = ADVANCED_FACE('',(#7244),#7263,.T.);
#7244 = FACE_BOUND('',#7245,.F.);
#7245 = EDGE_LOOP('',(#7246,#7254,#7261,#7262));
#7246 = ORIENTED_EDGE('',*,*,#7247,.T.);
#7247 = EDGE_CURVE('',#7228,#7248,#7250,.T.);
#7248 = VERTEX_POINT('',#7249);
#7249 = CARTESIAN_POINT('',(63.8,3.5,50.));
#7250 = LINE('',#7251,#7252);
#7251 = CARTESIAN_POINT('',(63.8,3.5,49.));
#7252 = VECTOR('',#7253,1.);
#7253 = DIRECTION('',(0.,0.,1.));
#7254 = ORIENTED_EDGE('',*,*,#7255,.T.);
#7255 = EDGE_CURVE('',#7248,#7248,#7256,.T.);
#7256 = CIRCLE('',#7257,2.3);
#7257 = AXIS2_PLACEMENT_3D('',#7258,#7259,#7260);
#7258 = CARTESIAN_POINT('',(61.5,3.5,50.));
#7259 = DIRECTION('',(0.,0.,1.));
#7260 = DIRECTION('',(1.,0.,0.));
#7261 = ORIENTED_EDGE('',*,*,#7247,.F.);
#7262 = ORIENTED_EDGE('',*,*,#7227,.F.);
#7263 = CYLINDRICAL_SURFACE('',#7264,2.3);
#7264 = AXIS2_PLACEMENT_3D('',#7265,#7266,#7267);
#7265 = CARTESIAN_POINT('',(61.5,3.5,49.));
#7266 = DIRECTION('',(-0.,-0.,-1.));
#7267 = DIRECTION('',(1.,0.,0.));
#7268 = ADVANCED_FACE('',(#7269,#7272),#7283,.T.);
#7269 = FACE_BOUND('',#7270,.T.);
#7270 = EDGE_LOOP('',(#7271));
#7271 = ORIENTED_EDGE('',*,*,#7255,.T.);
#7272 = FACE_BOUND('',#7273,.T.);
#7273 = EDGE_LOOP('',(#7274));
#7274 = ORIENTED_EDGE('',*,*,#7275,.F.);
#7275 = EDGE_CURVE('',#7276,#7276,#7278,.T.);
#7276 = VERTEX_POINT('',#7277);
#7277 = CARTESIAN_POINT('',(62.675,3.5,50.));
#7278 = CIRCLE('',#7279,1.175);
#7279 = AXIS2_PLACEMENT_3D('',#7280,#7281,#7282);
#7280 = CARTESIAN_POINT('',(61.5,3.5,50.));
#7281 = DIRECTION('',(0.,0.,1.));
#7282 = DIRECTION('',(1.,0.,0.));
#7283 = PLANE('',#7284);
#7284 = AXIS2_PLACEMENT_3D('',#7285,#7286,#7287);
#7285 = CARTESIAN_POINT('',(61.5,3.5,50.));
#7286 = DIRECTION('',(0.,0.,1.));
#7287 = DIRECTION('',(1.,0.,0.));
#7288 = ADVANCED_FACE('',(#7289),#7308,.T.);
#7289 = FACE_BOUND('',#7290,.F.);
#7290 = EDGE_LOOP('',(#7291,#7299,#7306,#7307));
#7291 = ORIENTED_EDGE('',*,*,#7292,.T.);
#7292 = EDGE_CURVE('',#7276,#7293,#7295,.T.);
#7293 = VERTEX_POINT('',#7294);
#7294 = CARTESIAN_POINT('',(62.675,3.5,51.4));
#7295 = LINE('',#7296,#7297);
#7296 = CARTESIAN_POINT('',(62.675,3.5,50.));
#7297 = VECTOR('',#7298,1.);
#7298 = DIRECTION('',(0.,0.,1.));
#7299 = ORIENTED_EDGE('',*,*,#7300,.T.);
#7300 = EDGE_CURVE('',#7293,#7293,#7301,.T.);
#7301 = CIRCLE('',#7302,1.175);
#7302 = AXIS2_PLACEMENT_3D('',#7303,#7304,#7305);
#7303 = CARTESIAN_POINT('',(61.5,3.5,51.4));
#7304 = DIRECTION('',(0.,0.,1.));
#7305 = DIRECTION('',(1.,0.,0.));
#7306 = ORIENTED_EDGE('',*,*,#7292,.F.);
#7307 = ORIENTED_EDGE('',*,*,#7275,.F.);
#7308 = CYLINDRICAL_SURFACE('',#7309,1.175);
#7309 = AXIS2_PLACEMENT_3D('',#7310,#7311,#7312);
#7310 = CARTESIAN_POINT('',(61.5,3.5,50.));
#7311 = DIRECTION('',(-0.,-0.,-1.));
#7312 = DIRECTION('',(1.,0.,0.));
#7313 = ADVANCED_FACE('',(#7314),#7333,.T.);
#7314 = FACE_BOUND('',#7315,.T.);
#7315 = EDGE_LOOP('',(#7316,#7325,#7331,#7332));
#7316 = ORIENTED_EDGE('',*,*,#7317,.F.);
#7317 = EDGE_CURVE('',#7318,#7318,#7320,.T.);
#7318 = VERTEX_POINT('',#7319);
#7319 = CARTESIAN_POINT('',(62.275,3.5,51.8));
#7320 = CIRCLE('',#7321,0.775);
#7321 = AXIS2_PLACEMENT_3D('',#7322,#7323,#7324);
#7322 = CARTESIAN_POINT('',(61.5,3.5,51.8));
#7323 = DIRECTION('',(0.,0.,1.));
#7324 = DIRECTION('',(1.,0.,0.));
#7325 = ORIENTED_EDGE('',*,*,#7326,.F.);
#7326 = EDGE_CURVE('',#7293,#7318,#7327,.T.);
#7327 = LINE('',#7328,#7329);
#7328 = CARTESIAN_POINT('',(62.675,3.5,51.4));
#7329 = VECTOR('',#7330,1.);
#7330 = DIRECTION('',(-0.707106781187,1.7E-16,0.707106781187));
#7331 = ORIENTED_EDGE('',*,*,#7300,.T.);
#7332 = ORIENTED_EDGE('',*,*,#7326,.T.);
#7333 = CONICAL_SURFACE('',#7334,1.175,0.785398163397);
#7334 = AXIS2_PLACEMENT_3D('',#7335,#7336,#7337);
#7335 = CARTESIAN_POINT('',(61.5,3.5,51.4));
#7336 = DIRECTION('',(-0.,-0.,-1.));
#7337 = DIRECTION('',(1.,0.,0.));
#7338 = ADVANCED_FACE('',(#7339),#7342,.T.);
#7339 = FACE_BOUND('',#7340,.T.);
#7340 = EDGE_LOOP('',(#7341));
#7341 = ORIENTED_EDGE('',*,*,#7317,.T.);
#7342 = PLANE('',#7343);
#7343 = AXIS2_PLACEMENT_3D('',#7344,#7345,#7346);
#7344 = CARTESIAN_POINT('',(61.5,3.5,51.8));
#7345 = DIRECTION('',(0.,0.,1.));
#7346 = DIRECTION('',(1.,0.,0.));
#7347 = MANIFOLD_SOLID_BREP('',#7348);
#7348 = CLOSED_SHELL('',(#7349,#7382,#7391,#7411,#7436,#7456,#7481,#7506
    ));
#7349 = ADVANCED_FACE('',(#7350),#7377,.T.);
#7350 = FACE_BOUND('',#7351,.F.);
#7351 = EDGE_LOOP('',(#7352,#7362,#7369,#7370));
#7352 = ORIENTED_EDGE('',*,*,#7353,.T.);
#7353 = EDGE_CURVE('',#7354,#7356,#7358,.T.);
#7354 = VERTEX_POINT('',#7355);
#7355 = CARTESIAN_POINT('',(5.,52.5,46.));
#7356 = VERTEX_POINT('',#7357);
#7357 = CARTESIAN_POINT('',(5.,52.5,49.));
#7358 = LINE('',#7359,#7360);
#7359 = CARTESIAN_POINT('',(5.,52.5,46.));
#7360 = VECTOR('',#7361,1.);
#7361 = DIRECTION('',(0.,0.,1.));
#7362 = ORIENTED_EDGE('',*,*,#7363,.T.);
#7363 = EDGE_CURVE('',#7356,#7356,#7364,.T.);
#7364 = CIRCLE('',#7365,1.5);
#7365 = AXIS2_PLACEMENT_3D('',#7366,#7367,#7368);
#7366 = CARTESIAN_POINT('',(3.5,52.5,49.));
#7367 = DIRECTION('',(0.,0.,1.));
#7368 = DIRECTION('',(1.,0.,0.));
#7369 = ORIENTED_EDGE('',*,*,#7353,.F.);
#7370 = ORIENTED_EDGE('',*,*,#7371,.F.);
#7371 = EDGE_CURVE('',#7354,#7354,#7372,.T.);
#7372 = CIRCLE('',#7373,1.5);
#7373 = AXIS2_PLACEMENT_3D('',#7374,#7375,#7376);
#7374 = CARTESIAN_POINT('',(3.5,52.5,46.));
#7375 = DIRECTION('',(0.,0.,1.));
#7376 = DIRECTION('',(1.,0.,0.));
#7377 = CYLINDRICAL_SURFACE('',#7378,1.5);
#7378 = AXIS2_PLACEMENT_3D('',#7379,#7380,#7381);
#7379 = CARTESIAN_POINT('',(3.5,52.5,46.));
#7380 = DIRECTION('',(-0.,-0.,-1.));
#7381 = DIRECTION('',(1.,0.,0.));
#7382 = ADVANCED_FACE('',(#7383),#7386,.F.);
#7383 = FACE_BOUND('',#7384,.T.);
#7384 = EDGE_LOOP('',(#7385));
#7385 = ORIENTED_EDGE('',*,*,#7371,.F.);
#7386 = PLANE('',#7387);
#7387 = AXIS2_PLACEMENT_3D('',#7388,#7389,#7390);
#7388 = CARTESIAN_POINT('',(3.5,52.5,46.));
#7389 = DIRECTION('',(0.,0.,1.));
#7390 = DIRECTION('',(1.,0.,0.));
#7391 = ADVANCED_FACE('',(#7392,#7403),#7406,.F.);
#7392 = FACE_BOUND('',#7393,.F.);
#7393 = EDGE_LOOP('',(#7394));
#7394 = ORIENTED_EDGE('',*,*,#7395,.T.);
#7395 = EDGE_CURVE('',#7396,#7396,#7398,.T.);
#7396 = VERTEX_POINT('',#7397);
#7397 = CARTESIAN_POINT('',(5.8,52.5,49.));
#7398 = CIRCLE('',#7399,2.3);
#7399 = AXIS2_PLACEMENT_3D('',#7400,#7401,#7402);
#7400 = CARTESIAN_POINT('',(3.5,52.5,49.));
#7401 = DIRECTION('',(0.,0.,1.));
#7402 = DIRECTION('',(1.,0.,0.));
#7403 = FACE_BOUND('',#7404,.F.);
#7404 = EDGE_LOOP('',(#7405));
#7405 = ORIENTED_EDGE('',*,*,#7363,.F.);
#7406 = PLANE('',#7407);
#7407 = AXIS2_PLACEMENT_3D('',#7408,#7409,#7410);
#7408 = CARTESIAN_POINT('',(3.5,52.5,49.));
#7409 = DIRECTION('',(0.,0.,1.));
#7410 = DIRECTION('',(1.,0.,0.));
#7411 = ADVANCED_FACE('',(#7412),#7431,.T.);
#7412 = FACE_BOUND('',#7413,.F.);
#7413 = EDGE_LOOP('',(#7414,#7422,#7429,#7430));
#7414 = ORIENTED_EDGE('',*,*,#7415,.T.);
#7415 = EDGE_CURVE('',#7396,#7416,#7418,.T.);
#7416 = VERTEX_POINT('',#7417);
#7417 = CARTESIAN_POINT('',(5.8,52.5,50.));
#7418 = LINE('',#7419,#7420);
#7419 = CARTESIAN_POINT('',(5.8,52.5,49.));
#7420 = VECTOR('',#7421,1.);
#7421 = DIRECTION('',(0.,0.,1.));
#7422 = ORIENTED_EDGE('',*,*,#7423,.T.);
#7423 = EDGE_CURVE('',#7416,#7416,#7424,.T.);
#7424 = CIRCLE('',#7425,2.3);
#7425 = AXIS2_PLACEMENT_3D('',#7426,#7427,#7428);
#7426 = CARTESIAN_POINT('',(3.5,52.5,50.));
#7427 = DIRECTION('',(0.,0.,1.));
#7428 = DIRECTION('',(1.,0.,0.));
#7429 = ORIENTED_EDGE('',*,*,#7415,.F.);
#7430 = ORIENTED_EDGE('',*,*,#7395,.F.);
#7431 = CYLINDRICAL_SURFACE('',#7432,2.3);
#7432 = AXIS2_PLACEMENT_3D('',#7433,#7434,#7435);
#7433 = CARTESIAN_POINT('',(3.5,52.5,49.));
#7434 = DIRECTION('',(-0.,-0.,-1.));
#7435 = DIRECTION('',(1.,0.,0.));
#7436 = ADVANCED_FACE('',(#7437,#7440),#7451,.T.);
#7437 = FACE_BOUND('',#7438,.T.);
#7438 = EDGE_LOOP('',(#7439));
#7439 = ORIENTED_EDGE('',*,*,#7423,.T.);
#7440 = FACE_BOUND('',#7441,.T.);
#7441 = EDGE_LOOP('',(#7442));
#7442 = ORIENTED_EDGE('',*,*,#7443,.F.);
#7443 = EDGE_CURVE('',#7444,#7444,#7446,.T.);
#7444 = VERTEX_POINT('',#7445);
#7445 = CARTESIAN_POINT('',(4.675,52.5,50.));
#7446 = CIRCLE('',#7447,1.175);
#7447 = AXIS2_PLACEMENT_3D('',#7448,#7449,#7450);
#7448 = CARTESIAN_POINT('',(3.5,52.5,50.));
#7449 = DIRECTION('',(0.,0.,1.));
#7450 = DIRECTION('',(1.,0.,0.));
#7451 = PLANE('',#7452);
#7452 = AXIS2_PLACEMENT_3D('',#7453,#7454,#7455);
#7453 = CARTESIAN_POINT('',(3.5,52.5,50.));
#7454 = DIRECTION('',(0.,0.,1.));
#7455 = DIRECTION('',(1.,0.,0.));
#7456 = ADVANCED_FACE('',(#7457),#7476,.T.);
#7457 = FACE_BOUND('',#7458,.F.);
#7458 = EDGE_LOOP('',(#7459,#7467,#7474,#7475));
#7459 = ORIENTED_EDGE('',*,*,#7460,.T.);
#7460 = EDGE_CURVE('',#7444,#7461,#7463,.T.);
#7461 = VERTEX_POINT('',#7462);
#7462 = CARTESIAN_POINT('',(4.675,52.5,51.4));
#7463 = LINE('',#7464,#7465);
#7464 = CARTESIAN_POINT('',(4.675,52.5,50.));
#7465 = VECTOR('',#7466,1.);
#7466 = DIRECTION('',(0.,0.,1.));
#7467 = ORIENTED_EDGE('',*,*,#7468,.T.);
#7468 = EDGE_CURVE('',#7461,#7461,#7469,.T.);
#7469 = CIRCLE('',#7470,1.175);
#7470 = AXIS2_PLACEMENT_3D('',#7471,#7472,#7473);
#7471 = CARTESIAN_POINT('',(3.5,52.5,51.4));
#7472 = DIRECTION('',(0.,0.,1.));
#7473 = DIRECTION('',(1.,0.,0.));
#7474 = ORIENTED_EDGE('',*,*,#7460,.F.);
#7475 = ORIENTED_EDGE('',*,*,#7443,.F.);
#7476 = CYLINDRICAL_SURFACE('',#7477,1.175);
#7477 = AXIS2_PLACEMENT_3D('',#7478,#7479,#7480);
#7478 = CARTESIAN_POINT('',(3.5,52.5,50.));
#7479 = DIRECTION('',(-0.,-0.,-1.));
#7480 = DIRECTION('',(1.,0.,0.));
#7481 = ADVANCED_FACE('',(#7482),#7501,.T.);
#7482 = FACE_BOUND('',#7483,.T.);
#7483 = EDGE_LOOP('',(#7484,#7493,#7499,#7500));
#7484 = ORIENTED_EDGE('',*,*,#7485,.F.);
#7485 = EDGE_CURVE('',#7486,#7486,#7488,.T.);
#7486 = VERTEX_POINT('',#7487);
#7487 = CARTESIAN_POINT('',(4.275,52.5,51.8));
#7488 = CIRCLE('',#7489,0.775);
#7489 = AXIS2_PLACEMENT_3D('',#7490,#7491,#7492);
#7490 = CARTESIAN_POINT('',(3.5,52.5,51.8));
#7491 = DIRECTION('',(0.,0.,1.));
#7492 = DIRECTION('',(1.,0.,0.));
#7493 = ORIENTED_EDGE('',*,*,#7494,.F.);
#7494 = EDGE_CURVE('',#7461,#7486,#7495,.T.);
#7495 = LINE('',#7496,#7497);
#7496 = CARTESIAN_POINT('',(4.675,52.5,51.4));
#7497 = VECTOR('',#7498,1.);
#7498 = DIRECTION('',(-0.707106781187,1.7E-16,0.707106781187));
#7499 = ORIENTED_EDGE('',*,*,#7468,.T.);
#7500 = ORIENTED_EDGE('',*,*,#7494,.T.);
#7501 = CONICAL_SURFACE('',#7502,1.175,0.785398163397);
#7502 = AXIS2_PLACEMENT_3D('',#7503,#7504,#7505);
#7503 = CARTESIAN_POINT('',(3.5,52.5,51.4));
#7504 = DIRECTION('',(-0.,-0.,-1.));
#7505 = DIRECTION('',(1.,0.,0.));
#7506 = ADVANCED_FACE('',(#7507),#7510,.T.);
#7507 = FACE_BOUND('',#7508,.T.);
#7508 = EDGE_LOOP('',(#7509));
#7509 = ORIENTED_EDGE('',*,*,#7485,.T.);
#7510 = PLANE('',#7511);
#7511 = AXIS2_PLACEMENT_3D('',#7512,#7513,#7514);
#7512 = CARTESIAN_POINT('',(3.5,52.5,51.8));
#7513 = DIRECTION('',(0.,0.,1.));
#7514 = DIRECTION('',(1.,0.,0.));
#7515 = MANIFOLD_SOLID_BREP('',#7516);
#7516 = CLOSED_SHELL('',(#7517,#7550,#7559,#7579,#7604,#7624,#7649,#7674
    ));
#7517 = ADVANCED_FACE('',(#7518),#7545,.T.);
#7518 = FACE_BOUND('',#7519,.F.);
#7519 = EDGE_LOOP('',(#7520,#7530,#7537,#7538));
#7520 = ORIENTED_EDGE('',*,*,#7521,.T.);
#7521 = EDGE_CURVE('',#7522,#7524,#7526,.T.);
#7522 = VERTEX_POINT('',#7523);
#7523 = CARTESIAN_POINT('',(63.,52.5,46.));
#7524 = VERTEX_POINT('',#7525);
#7525 = CARTESIAN_POINT('',(63.,52.5,49.));
#7526 = LINE('',#7527,#7528);
#7527 = CARTESIAN_POINT('',(63.,52.5,46.));
#7528 = VECTOR('',#7529,1.);
#7529 = DIRECTION('',(0.,0.,1.));
#7530 = ORIENTED_EDGE('',*,*,#7531,.T.);
#7531 = EDGE_CURVE('',#7524,#7524,#7532,.T.);
#7532 = CIRCLE('',#7533,1.5);
#7533 = AXIS2_PLACEMENT_3D('',#7534,#7535,#7536);
#7534 = CARTESIAN_POINT('',(61.5,52.5,49.));
#7535 = DIRECTION('',(0.,0.,1.));
#7536 = DIRECTION('',(1.,0.,0.));
#7537 = ORIENTED_EDGE('',*,*,#7521,.F.);
#7538 = ORIENTED_EDGE('',*,*,#7539,.F.);
#7539 = EDGE_CURVE('',#7522,#7522,#7540,.T.);
#7540 = CIRCLE('',#7541,1.5);
#7541 = AXIS2_PLACEMENT_3D('',#7542,#7543,#7544);
#7542 = CARTESIAN_POINT('',(61.5,52.5,46.));
#7543 = DIRECTION('',(0.,0.,1.));
#7544 = DIRECTION('',(1.,0.,0.));
#7545 = CYLINDRICAL_SURFACE('',#7546,1.5);
#7546 = AXIS2_PLACEMENT_3D('',#7547,#7548,#7549);
#7547 = CARTESIAN_POINT('',(61.5,52.5,46.));
#7548 = DIRECTION('',(-0.,-0.,-1.));
#7549 = DIRECTION('',(1.,0.,0.));
#7550 = ADVANCED_FACE('',(#7551),#7554,.F.);
#7551 = FACE_BOUND('',#7552,.T.);
#7552 = EDGE_LOOP('',(#7553));
#7553 = ORIENTED_EDGE('',*,*,#7539,.F.);
#7554 = PLANE('',#7555);
#7555 = AXIS2_PLACEMENT_3D('',#7556,#7557,#7558);
#7556 = CARTESIAN_POINT('',(61.5,52.5,46.));
#7557 = DIRECTION('',(0.,0.,1.));
#7558 = DIRECTION('',(1.,0.,0.));
#7559 = ADVANCED_FACE('',(#7560,#7571),#7574,.F.);
#7560 = FACE_BOUND('',#7561,.F.);
#7561 = EDGE_LOOP('',(#7562));
#7562 = ORIENTED_EDGE('',*,*,#7563,.T.);
#7563 = EDGE_CURVE('',#7564,#7564,#7566,.T.);
#7564 = VERTEX_POINT('',#7565);
#7565 = CARTESIAN_POINT('',(63.8,52.5,49.));
#7566 = CIRCLE('',#7567,2.3);
#7567 = AXIS2_PLACEMENT_3D('',#7568,#7569,#7570);
#7568 = CARTESIAN_POINT('',(61.5,52.5,49.));
#7569 = DIRECTION('',(0.,0.,1.));
#7570 = DIRECTION('',(1.,0.,0.));
#7571 = FACE_BOUND('',#7572,.F.);
#7572 = EDGE_LOOP('',(#7573));
#7573 = ORIENTED_EDGE('',*,*,#7531,.F.);
#7574 = PLANE('',#7575);
#7575 = AXIS2_PLACEMENT_3D('',#7576,#7577,#7578);
#7576 = CARTESIAN_POINT('',(61.5,52.5,49.));
#7577 = DIRECTION('',(0.,0.,1.));
#7578 = DIRECTION('',(1.,0.,0.));
#7579 = ADVANCED_FACE('',(#7580),#7599,.T.);
#7580 = FACE_BOUND('',#7581,.F.);
#7581 = EDGE_LOOP('',(#7582,#7590,#7597,#7598));
#7582 = ORIENTED_EDGE('',*,*,#7583,.T.);
#7583 = EDGE_CURVE('',#7564,#7584,#7586,.T.);
#7584 = VERTEX_POINT('',#7585);
#7585 = CARTESIAN_POINT('',(63.8,52.5,50.));
#7586 = LINE('',#7587,#7588);
#7587 = CARTESIAN_POINT('',(63.8,52.5,49.));
#7588 = VECTOR('',#7589,1.);
#7589 = DIRECTION('',(0.,0.,1.));
#7590 = ORIENTED_EDGE('',*,*,#7591,.T.);
#7591 = EDGE_CURVE('',#7584,#7584,#7592,.T.);
#7592 = CIRCLE('',#7593,2.3);
#7593 = AXIS2_PLACEMENT_3D('',#7594,#7595,#7596);
#7594 = CARTESIAN_POINT('',(61.5,52.5,50.));
#7595 = DIRECTION('',(0.,0.,1.));
#7596 = DIRECTION('',(1.,0.,0.));
#7597 = ORIENTED_EDGE('',*,*,#7583,.F.);
#7598 = ORIENTED_EDGE('',*,*,#7563,.F.);
#7599 = CYLINDRICAL_SURFACE('',#7600,2.3);
#7600 = AXIS2_PLACEMENT_3D('',#7601,#7602,#7603);
#7601 = CARTESIAN_POINT('',(61.5,52.5,49.));
#7602 = DIRECTION('',(-0.,-0.,-1.));
#7603 = DIRECTION('',(1.,0.,0.));
#7604 = ADVANCED_FACE('',(#7605,#7608),#7619,.T.);
#7605 = FACE_BOUND('',#7606,.T.);
#7606 = EDGE_LOOP('',(#7607));
#7607 = ORIENTED_EDGE('',*,*,#7591,.T.);
#7608 = FACE_BOUND('',#7609,.T.);
#7609 = EDGE_LOOP('',(#7610));
#7610 = ORIENTED_EDGE('',*,*,#7611,.F.);
#7611 = EDGE_CURVE('',#7612,#7612,#7614,.T.);
#7612 = VERTEX_POINT('',#7613);
#7613 = CARTESIAN_POINT('',(62.675,52.5,50.));
#7614 = CIRCLE('',#7615,1.175);
#7615 = AXIS2_PLACEMENT_3D('',#7616,#7617,#7618);
#7616 = CARTESIAN_POINT('',(61.5,52.5,50.));
#7617 = DIRECTION('',(0.,0.,1.));
#7618 = DIRECTION('',(1.,0.,0.));
#7619 = PLANE('',#7620);
#7620 = AXIS2_PLACEMENT_3D('',#7621,#7622,#7623);
#7621 = CARTESIAN_POINT('',(61.5,52.5,50.));
#7622 = DIRECTION('',(0.,0.,1.));
#7623 = DIRECTION('',(1.,0.,0.));
#7624 = ADVANCED_FACE('',(#7625),#7644,.T.);
#7625 = FACE_BOUND('',#7626,.F.);
#7626 = EDGE_LOOP('',(#7627,#7635,#7642,#7643));
#7627 = ORIENTED_EDGE('',*,*,#7628,.T.);
#7628 = EDGE_CURVE('',#7612,#7629,#7631,.T.);
#7629 = VERTEX_POINT('',#7630);
#7630 = CARTESIAN_POINT('',(62.675,52.5,51.4));
#7631 = LINE('',#7632,#7633);
#7632 = CARTESIAN_POINT('',(62.675,52.5,50.));
#7633 = VECTOR('',#7634,1.);
#7634 = DIRECTION('',(0.,0.,1.));
#7635 = ORIENTED_EDGE('',*,*,#7636,.T.);
#7636 = EDGE_CURVE('',#7629,#7629,#7637,.T.);
#7637 = CIRCLE('',#7638,1.175);
#7638 = AXIS2_PLACEMENT_3D('',#7639,#7640,#7641);
#7639 = CARTESIAN_POINT('',(61.5,52.5,51.4));
#7640 = DIRECTION('',(0.,0.,1.));
#7641 = DIRECTION('',(1.,0.,0.));
#7642 = ORIENTED_EDGE('',*,*,#7628,.F.);
#7643 = ORIENTED_EDGE('',*,*,#7611,.F.);
#7644 = CYLINDRICAL_SURFACE('',#7645,1.175);
#7645 = AXIS2_PLACEMENT_3D('',#7646,#7647,#7648);
#7646 = CARTESIAN_POINT('',(61.5,52.5,50.));
#7647 = DIRECTION('',(-0.,-0.,-1.));
#7648 = DIRECTION('',(1.,0.,0.));
#7649 = ADVANCED_FACE('',(#7650),#7669,.T.);
#7650 = FACE_BOUND('',#7651,.T.);
#7651 = EDGE_LOOP('',(#7652,#7661,#7667,#7668));
#7652 = ORIENTED_EDGE('',*,*,#7653,.F.);
#7653 = EDGE_CURVE('',#7654,#7654,#7656,.T.);
#7654 = VERTEX_POINT('',#7655);
#7655 = CARTESIAN_POINT('',(62.275,52.5,51.8));
#7656 = CIRCLE('',#7657,0.775);
#7657 = AXIS2_PLACEMENT_3D('',#7658,#7659,#7660);
#7658 = CARTESIAN_POINT('',(61.5,52.5,51.8));
#7659 = DIRECTION('',(0.,0.,1.));
#7660 = DIRECTION('',(1.,0.,0.));
#7661 = ORIENTED_EDGE('',*,*,#7662,.F.);
#7662 = EDGE_CURVE('',#7629,#7654,#7663,.T.);
#7663 = LINE('',#7664,#7665);
#7664 = CARTESIAN_POINT('',(62.675,52.5,51.4));
#7665 = VECTOR('',#7666,1.);
#7666 = DIRECTION('',(-0.707106781187,1.7E-16,0.707106781187));
#7667 = ORIENTED_EDGE('',*,*,#7636,.T.);
#7668 = ORIENTED_EDGE('',*,*,#7662,.T.);
#7669 = CONICAL_SURFACE('',#7670,1.175,0.785398163397);
#7670 = AXIS2_PLACEMENT_3D('',#7671,#7672,#7673);
#7671 = CARTESIAN_POINT('',(61.5,52.5,51.4));
#7672 = DIRECTION('',(-0.,-0.,-1.));
#7673 = DIRECTION('',(1.,0.,0.));
#7674 = ADVANCED_FACE('',(#7675),#7678,.T.);
#7675 = FACE_BOUND('',#7676,.T.);
#7676 = EDGE_LOOP('',(#7677));
#7677 = ORIENTED_EDGE('',*,*,#7653,.T.);
#7678 = PLANE('',#7679);
#7679 = AXIS2_PLACEMENT_3D('',#7680,#7681,#7682);
#7680 = CARTESIAN_POINT('',(61.5,52.5,51.8));
#7681 = DIRECTION('',(0.,0.,1.));
#7682 = DIRECTION('',(1.,0.,0.));
#7683 = MANIFOLD_SOLID_BREP('',#7684);
#7684 = CLOSED_SHELL('',(#7685,#7725,#7756,#7787,#7818,#7849,#7884,#7915
    ,#7941,#7953));
#7685 = ADVANCED_FACE('',(#7686),#7720,.T.);
#7686 = FACE_BOUND('',#7687,.T.);
#7687 = EDGE_LOOP('',(#7688,#7698,#7706,#7714));
#7688 = ORIENTED_EDGE('',*,*,#7689,.F.);
#7689 = EDGE_CURVE('',#7690,#7692,#7694,.T.);
#7690 = VERTEX_POINT('',#7691);
#7691 = CARTESIAN_POINT('',(-4.3,2.3,43.2));
#7692 = VERTEX_POINT('',#7693);
#7693 = CARTESIAN_POINT('',(-4.3,2.3,45.1));
#7694 = LINE('',#7695,#7696);
#7695 = CARTESIAN_POINT('',(-4.3,2.3,43.2));
#7696 = VECTOR('',#7697,1.);
#7697 = DIRECTION('',(0.,0.,1.));
#7698 = ORIENTED_EDGE('',*,*,#7699,.T.);
#7699 = EDGE_CURVE('',#7690,#7700,#7702,.T.);
#7700 = VERTEX_POINT('',#7701);
#7701 = CARTESIAN_POINT('',(-4.3,4.7,43.2));
#7702 = LINE('',#7703,#7704);
#7703 = CARTESIAN_POINT('',(-4.3,2.3,43.2));
#7704 = VECTOR('',#7705,1.);
#7705 = DIRECTION('',(0.,1.,0.));
#7706 = ORIENTED_EDGE('',*,*,#7707,.T.);
#7707 = EDGE_CURVE('',#7700,#7708,#7710,.T.);
#7708 = VERTEX_POINT('',#7709);
#7709 = CARTESIAN_POINT('',(-4.3,4.7,45.1));
#7710 = LINE('',#7711,#7712);
#7711 = CARTESIAN_POINT('',(-4.3,4.7,43.2));
#7712 = VECTOR('',#7713,1.);
#7713 = DIRECTION('',(0.,0.,1.));
#7714 = ORIENTED_EDGE('',*,*,#7715,.F.);
#7715 = EDGE_CURVE('',#7692,#7708,#7716,.T.);
#7716 = LINE('',#7717,#7718);
#7717 = CARTESIAN_POINT('',(-4.3,2.3,45.1));
#7718 = VECTOR('',#7719,1.);
#7719 = DIRECTION('',(0.,1.,0.));
#7720 = PLANE('',#7721);
#7721 = AXIS2_PLACEMENT_3D('',#7722,#7723,#7724);
#7722 = CARTESIAN_POINT('',(-4.3,2.3,43.2));
#7723 = DIRECTION('',(1.,0.,0.));
#7724 = DIRECTION('',(0.,0.,1.));
#7725 = ADVANCED_FACE('',(#7726),#7751,.T.);
#7726 = FACE_BOUND('',#7727,.T.);
#7727 = EDGE_LOOP('',(#7728,#7738,#7744,#7745));
#7728 = ORIENTED_EDGE('',*,*,#7729,.F.);
#7729 = EDGE_CURVE('',#7730,#7732,#7734,.T.);
#7730 = VERTEX_POINT('',#7731);
#7731 = CARTESIAN_POINT('',(-10.4,2.3,45.1));
#7732 = VERTEX_POINT('',#7733);
#7733 = CARTESIAN_POINT('',(-10.4,4.7,45.1));
#7734 = LINE('',#7735,#7736);
#7735 = CARTESIAN_POINT('',(-10.4,2.3,45.1));
#7736 = VECTOR('',#7737,1.);
#7737 = DIRECTION('',(0.,1.,0.));
#7738 = ORIENTED_EDGE('',*,*,#7739,.T.);
#7739 = EDGE_CURVE('',#7730,#7692,#7740,.T.);
#7740 = LINE('',#7741,#7742);
#7741 = CARTESIAN_POINT('',(-12.8,2.3,45.1));
#7742 = VECTOR('',#7743,1.);
#7743 = DIRECTION('',(1.,0.,0.));
#7744 = ORIENTED_EDGE('',*,*,#7715,.T.);
#7745 = ORIENTED_EDGE('',*,*,#7746,.F.);
#7746 = EDGE_CURVE('',#7732,#7708,#7747,.T.);
#7747 = LINE('',#7748,#7749);
#7748 = CARTESIAN_POINT('',(-12.8,4.7,45.1));
#7749 = VECTOR('',#7750,1.);
#7750 = DIRECTION('',(1.,0.,0.));
#7751 = PLANE('',#7752);
#7752 = AXIS2_PLACEMENT_3D('',#7753,#7754,#7755);
#7753 = CARTESIAN_POINT('',(-12.8,2.3,45.1));
#7754 = DIRECTION('',(0.,0.,1.));
#7755 = DIRECTION('',(1.,0.,0.));
#7756 = ADVANCED_FACE('',(#7757),#7782,.T.);
#7757 = FACE_BOUND('',#7758,.T.);
#7758 = EDGE_LOOP('',(#7759,#7767,#7768,#7776));
#7759 = ORIENTED_EDGE('',*,*,#7760,.F.);
#7760 = EDGE_CURVE('',#7730,#7761,#7763,.T.);
#7761 = VERTEX_POINT('',#7762);
#7762 = CARTESIAN_POINT('',(-10.4,2.3,51.636));
#7763 = LINE('',#7764,#7765);
#7764 = CARTESIAN_POINT('',(-10.4,2.3,43.2));
#7765 = VECTOR('',#7766,1.);
#7766 = DIRECTION('',(0.,0.,1.));
#7767 = ORIENTED_EDGE('',*,*,#7729,.T.);
#7768 = ORIENTED_EDGE('',*,*,#7769,.T.);
#7769 = EDGE_CURVE('',#7732,#7770,#7772,.T.);
#7770 = VERTEX_POINT('',#7771);
#7771 = CARTESIAN_POINT('',(-10.4,4.7,51.636));
#7772 = LINE('',#7773,#7774);
#7773 = CARTESIAN_POINT('',(-10.4,4.7,43.2));
#7774 = VECTOR('',#7775,1.);
#7775 = DIRECTION('',(0.,0.,1.));
#7776 = ORIENTED_EDGE('',*,*,#7777,.T.);
#7777 = EDGE_CURVE('',#7770,#7761,#7778,.T.);
#7778 = LINE('',#7779,#7780);
#7779 = CARTESIAN_POINT('',(-10.4,2.3,51.636));
#7780 = VECTOR('',#7781,1.);
#7781 = DIRECTION('',(0.,-1.,0.));
#7782 = PLANE('',#7783);
#7783 = AXIS2_PLACEMENT_3D('',#7784,#7785,#7786);
#7784 = CARTESIAN_POINT('',(-10.4,2.3,43.2));
#7785 = DIRECTION('',(1.,0.,0.));
#7786 = DIRECTION('',(0.,0.,1.));
#7787 = ADVANCED_FACE('',(#7788),#7813,.F.);
#7788 = FACE_BOUND('',#7789,.F.);
#7789 = EDGE_LOOP('',(#7790,#7791,#7799,#7807));
#7790 = ORIENTED_EDGE('',*,*,#7777,.T.);
#7791 = ORIENTED_EDGE('',*,*,#7792,.T.);
#7792 = EDGE_CURVE('',#7761,#7793,#7795,.T.);
#7793 = VERTEX_POINT('',#7794);
#7794 = CARTESIAN_POINT('',(1.2,2.3,51.636));
#7795 = LINE('',#7796,#7797);
#7796 = CARTESIAN_POINT('',(-12.8,2.3,51.636));
#7797 = VECTOR('',#7798,1.);
#7798 = DIRECTION('',(1.,0.,0.));
#7799 = ORIENTED_EDGE('',*,*,#7800,.T.);
#7800 = EDGE_CURVE('',#7793,#7801,#7803,.T.);
#7801 = VERTEX_POINT('',#7802);
#7802 = CARTESIAN_POINT('',(1.2,4.7,51.636));
#7803 = LINE('',#7804,#7805);
#7804 = CARTESIAN_POINT('',(1.2,2.3,51.636));
#7805 = VECTOR('',#7806,1.);
#7806 = DIRECTION('',(0.,1.,0.));
#7807 = ORIENTED_EDGE('',*,*,#7808,.F.);
#7808 = EDGE_CURVE('',#7770,#7801,#7809,.T.);
#7809 = LINE('',#7810,#7811);
#7810 = CARTESIAN_POINT('',(-12.8,4.7,51.636));
#7811 = VECTOR('',#7812,1.);
#7812 = DIRECTION('',(1.,0.,0.));
#7813 = PLANE('',#7814);
#7814 = AXIS2_PLACEMENT_3D('',#7815,#7816,#7817);
#7815 = CARTESIAN_POINT('',(-12.8,2.3,51.636));
#7816 = DIRECTION('',(0.,0.,1.));
#7817 = DIRECTION('',(1.,0.,0.));
#7818 = ADVANCED_FACE('',(#7819),#7844,.T.);
#7819 = FACE_BOUND('',#7820,.T.);
#7820 = EDGE_LOOP('',(#7821,#7829,#7830,#7838));
#7821 = ORIENTED_EDGE('',*,*,#7822,.F.);
#7822 = EDGE_CURVE('',#7793,#7823,#7825,.T.);
#7823 = VERTEX_POINT('',#7824);
#7824 = CARTESIAN_POINT('',(1.2,2.3,53.836));
#7825 = LINE('',#7826,#7827);
#7826 = CARTESIAN_POINT('',(1.2,2.3,51.636));
#7827 = VECTOR('',#7828,1.);
#7828 = DIRECTION('',(0.,0.,1.));
#7829 = ORIENTED_EDGE('',*,*,#7800,.T.);
#7830 = ORIENTED_EDGE('',*,*,#7831,.T.);
#7831 = EDGE_CURVE('',#7801,#7832,#7834,.T.);
#7832 = VERTEX_POINT('',#7833);
#7833 = CARTESIAN_POINT('',(1.2,4.7,53.836));
#7834 = LINE('',#7835,#7836);
#7835 = CARTESIAN_POINT('',(1.2,4.7,51.636));
#7836 = VECTOR('',#7837,1.);
#7837 = DIRECTION('',(0.,0.,1.));
#7838 = ORIENTED_EDGE('',*,*,#7839,.F.);
#7839 = EDGE_CURVE('',#7823,#7832,#7840,.T.);
#7840 = LINE('',#7841,#7842);
#7841 = CARTESIAN_POINT('',(1.2,2.3,53.836));
#7842 = VECTOR('',#7843,1.);
#7843 = DIRECTION('',(0.,1.,0.));
#7844 = PLANE('',#7845);
#7845 = AXIS2_PLACEMENT_3D('',#7846,#7847,#7848);
#7846 = CARTESIAN_POINT('',(1.2,2.3,51.636));
#7847 = DIRECTION('',(1.,0.,0.));
#7848 = DIRECTION('',(0.,0.,1.));
#7849 = ADVANCED_FACE('',(#7850),#7879,.T.);
#7850 = FACE_BOUND('',#7851,.T.);
#7851 = EDGE_LOOP('',(#7852,#7860,#7861,#7862,#7863,#7864,#7865,#7873));
#7852 = ORIENTED_EDGE('',*,*,#7853,.T.);
#7853 = EDGE_CURVE('',#7854,#7690,#7856,.T.);
#7854 = VERTEX_POINT('',#7855);
#7855 = CARTESIAN_POINT('',(-12.8,2.3,43.2));
#7856 = LINE('',#7857,#7858);
#7857 = CARTESIAN_POINT('',(-12.8,2.3,43.2));
#7858 = VECTOR('',#7859,1.);
#7859 = DIRECTION('',(1.,0.,0.));
#7860 = ORIENTED_EDGE('',*,*,#7689,.T.);
#7861 = ORIENTED_EDGE('',*,*,#7739,.F.);
#7862 = ORIENTED_EDGE('',*,*,#7760,.T.);
#7863 = ORIENTED_EDGE('',*,*,#7792,.T.);
#7864 = ORIENTED_EDGE('',*,*,#7822,.T.);
#7865 = ORIENTED_EDGE('',*,*,#7866,.F.);
#7866 = EDGE_CURVE('',#7867,#7823,#7869,.T.);
#7867 = VERTEX_POINT('',#7868);
#7868 = CARTESIAN_POINT('',(-12.8,2.3,53.836));
#7869 = LINE('',#7870,#7871);
#7870 = CARTESIAN_POINT('',(-12.8,2.3,53.836));
#7871 = VECTOR('',#7872,1.);
#7872 = DIRECTION('',(1.,0.,0.));
#7873 = ORIENTED_EDGE('',*,*,#7874,.F.);
#7874 = EDGE_CURVE('',#7854,#7867,#7875,.T.);
#7875 = LINE('',#7876,#7877);
#7876 = CARTESIAN_POINT('',(-12.8,2.3,43.2));
#7877 = VECTOR('',#7878,1.);
#7878 = DIRECTION('',(0.,0.,1.));
#7879 = PLANE('',#7880);
#7880 = AXIS2_PLACEMENT_3D('',#7881,#7882,#7883);
#7881 = CARTESIAN_POINT('',(-7.510983862572,2.3,49.243013014055));
#7882 = DIRECTION('',(-0.,-1.,-0.));
#7883 = DIRECTION('',(0.,0.,-1.));
#7884 = ADVANCED_FACE('',(#7885),#7910,.T.);
#7885 = FACE_BOUND('',#7886,.T.);
#7886 = EDGE_LOOP('',(#7887,#7888,#7896,#7904));
#7887 = ORIENTED_EDGE('',*,*,#7874,.T.);
#7888 = ORIENTED_EDGE('',*,*,#7889,.T.);
#7889 = EDGE_CURVE('',#7867,#7890,#7892,.T.);
#7890 = VERTEX_POINT('',#7891);
#7891 = CARTESIAN_POINT('',(-12.8,4.7,53.836));
#7892 = LINE('',#7893,#7894);
#7893 = CARTESIAN_POINT('',(-12.8,2.3,53.836));
#7894 = VECTOR('',#7895,1.);
#7895 = DIRECTION('',(0.,1.,0.));
#7896 = ORIENTED_EDGE('',*,*,#7897,.F.);
#7897 = EDGE_CURVE('',#7898,#7890,#7900,.T.);
#7898 = VERTEX_POINT('',#7899);
#7899 = CARTESIAN_POINT('',(-12.8,4.7,43.2));
#7900 = LINE('',#7901,#7902);
#7901 = CARTESIAN_POINT('',(-12.8,4.7,43.2));
#7902 = VECTOR('',#7903,1.);
#7903 = DIRECTION('',(0.,0.,1.));
#7904 = ORIENTED_EDGE('',*,*,#7905,.F.);
#7905 = EDGE_CURVE('',#7854,#7898,#7906,.T.);
#7906 = LINE('',#7907,#7908);
#7907 = CARTESIAN_POINT('',(-12.8,2.3,43.2));
#7908 = VECTOR('',#7909,1.);
#7909 = DIRECTION('',(0.,1.,0.));
#7910 = PLANE('',#7911);
#7911 = AXIS2_PLACEMENT_3D('',#7912,#7913,#7914);
#7912 = CARTESIAN_POINT('',(-12.8,3.5,48.518));
#7913 = DIRECTION('',(-1.,-0.,-0.));
#7914 = DIRECTION('',(0.,0.,-1.));
#7915 = ADVANCED_FACE('',(#7916),#7936,.T.);
#7916 = FACE_BOUND('',#7917,.T.);
#7917 = EDGE_LOOP('',(#7918,#7919,#7925,#7926,#7927,#7928,#7929,#7930));
#7918 = ORIENTED_EDGE('',*,*,#7897,.T.);
#7919 = ORIENTED_EDGE('',*,*,#7920,.T.);
#7920 = EDGE_CURVE('',#7890,#7832,#7921,.T.);
#7921 = LINE('',#7922,#7923);
#7922 = CARTESIAN_POINT('',(-12.8,4.7,53.836));
#7923 = VECTOR('',#7924,1.);
#7924 = DIRECTION('',(1.,0.,0.));
#7925 = ORIENTED_EDGE('',*,*,#7831,.F.);
#7926 = ORIENTED_EDGE('',*,*,#7808,.F.);
#7927 = ORIENTED_EDGE('',*,*,#7769,.F.);
#7928 = ORIENTED_EDGE('',*,*,#7746,.T.);
#7929 = ORIENTED_EDGE('',*,*,#7707,.F.);
#7930 = ORIENTED_EDGE('',*,*,#7931,.F.);
#7931 = EDGE_CURVE('',#7898,#7700,#7932,.T.);
#7932 = LINE('',#7933,#7934);
#7933 = CARTESIAN_POINT('',(-12.8,4.7,43.2));
#7934 = VECTOR('',#7935,1.);
#7935 = DIRECTION('',(1.,0.,0.));
#7936 = PLANE('',#7937);
#7937 = AXIS2_PLACEMENT_3D('',#7938,#7939,#7940);
#7938 = CARTESIAN_POINT('',(-7.510983862572,4.7,49.243013014055));
#7939 = DIRECTION('',(0.,1.,0.));
#7940 = DIRECTION('',(0.,0.,1.));
#7941 = ADVANCED_FACE('',(#7942),#7948,.F.);
#7942 = FACE_BOUND('',#7943,.T.);
#7943 = EDGE_LOOP('',(#7944,#7945,#7946,#7947));
#7944 = ORIENTED_EDGE('',*,*,#7905,.T.);
#7945 = ORIENTED_EDGE('',*,*,#7931,.T.);
#7946 = ORIENTED_EDGE('',*,*,#7699,.F.);
#7947 = ORIENTED_EDGE('',*,*,#7853,.F.);
#7948 = PLANE('',#7949);
#7949 = AXIS2_PLACEMENT_3D('',#7950,#7951,#7952);
#7950 = CARTESIAN_POINT('',(-12.8,2.3,43.2));
#7951 = DIRECTION('',(0.,0.,1.));
#7952 = DIRECTION('',(1.,0.,0.));
#7953 = ADVANCED_FACE('',(#7954),#7960,.T.);
#7954 = FACE_BOUND('',#7955,.T.);
#7955 = EDGE_LOOP('',(#7956,#7957,#7958,#7959));
#7956 = ORIENTED_EDGE('',*,*,#7889,.F.);
#7957 = ORIENTED_EDGE('',*,*,#7866,.T.);
#7958 = ORIENTED_EDGE('',*,*,#7839,.T.);
#7959 = ORIENTED_EDGE('',*,*,#7920,.F.);
#7960 = PLANE('',#7961);
#7961 = AXIS2_PLACEMENT_3D('',#7962,#7963,#7964);
#7962 = CARTESIAN_POINT('',(-5.8,3.5,53.836));
#7963 = DIRECTION('',(0.,0.,1.));
#7964 = DIRECTION('',(1.,0.,0.));
#7965 = MANIFOLD_SOLID_BREP('',#7966);
#7966 = CLOSED_SHELL('',(#7967,#8007,#8038,#8069,#8100,#8131,#8166,#8197
    ,#8223,#8235));
#7967 = ADVANCED_FACE('',(#7968),#8002,.T.);
#7968 = FACE_BOUND('',#7969,.T.);
#7969 = EDGE_LOOP('',(#7970,#7980,#7988,#7996));
#7970 = ORIENTED_EDGE('',*,*,#7971,.F.);
#7971 = EDGE_CURVE('',#7972,#7974,#7976,.T.);
#7972 = VERTEX_POINT('',#7973);
#7973 = CARTESIAN_POINT('',(-4.3,51.3,43.2));
#7974 = VERTEX_POINT('',#7975);
#7975 = CARTESIAN_POINT('',(-4.3,51.3,45.1));
#7976 = LINE('',#7977,#7978);
#7977 = CARTESIAN_POINT('',(-4.3,51.3,43.2));
#7978 = VECTOR('',#7979,1.);
#7979 = DIRECTION('',(0.,0.,1.));
#7980 = ORIENTED_EDGE('',*,*,#7981,.T.);
#7981 = EDGE_CURVE('',#7972,#7982,#7984,.T.);
#7982 = VERTEX_POINT('',#7983);
#7983 = CARTESIAN_POINT('',(-4.3,53.7,43.2));
#7984 = LINE('',#7985,#7986);
#7985 = CARTESIAN_POINT('',(-4.3,51.3,43.2));
#7986 = VECTOR('',#7987,1.);
#7987 = DIRECTION('',(0.,1.,0.));
#7988 = ORIENTED_EDGE('',*,*,#7989,.T.);
#7989 = EDGE_CURVE('',#7982,#7990,#7992,.T.);
#7990 = VERTEX_POINT('',#7991);
#7991 = CARTESIAN_POINT('',(-4.3,53.7,45.1));
#7992 = LINE('',#7993,#7994);
#7993 = CARTESIAN_POINT('',(-4.3,53.7,43.2));
#7994 = VECTOR('',#7995,1.);
#7995 = DIRECTION('',(0.,0.,1.));
#7996 = ORIENTED_EDGE('',*,*,#7997,.F.);
#7997 = EDGE_CURVE('',#7974,#7990,#7998,.T.);
#7998 = LINE('',#7999,#8000);
#7999 = CARTESIAN_POINT('',(-4.3,51.3,45.1));
#8000 = VECTOR('',#8001,1.);
#8001 = DIRECTION('',(0.,1.,0.));
#8002 = PLANE('',#8003);
#8003 = AXIS2_PLACEMENT_3D('',#8004,#8005,#8006);
#8004 = CARTESIAN_POINT('',(-4.3,51.3,43.2));
#8005 = DIRECTION('',(1.,0.,0.));
#8006 = DIRECTION('',(0.,0.,1.));
#8007 = ADVANCED_FACE('',(#8008),#8033,.T.);
#8008 = FACE_BOUND('',#8009,.T.);
#8009 = EDGE_LOOP('',(#8010,#8020,#8026,#8027));
#8010 = ORIENTED_EDGE('',*,*,#8011,.F.);
#8011 = EDGE_CURVE('',#8012,#8014,#8016,.T.);
#8012 = VERTEX_POINT('',#8013);
#8013 = CARTESIAN_POINT('',(-10.4,51.3,45.1));
#8014 = VERTEX_POINT('',#8015);
#8015 = CARTESIAN_POINT('',(-10.4,53.7,45.1));
#8016 = LINE('',#8017,#8018);
#8017 = CARTESIAN_POINT('',(-10.4,51.3,45.1));
#8018 = VECTOR('',#8019,1.);
#8019 = DIRECTION('',(0.,1.,0.));
#8020 = ORIENTED_EDGE('',*,*,#8021,.T.);
#8021 = EDGE_CURVE('',#8012,#7974,#8022,.T.);
#8022 = LINE('',#8023,#8024);
#8023 = CARTESIAN_POINT('',(-12.8,51.3,45.1));
#8024 = VECTOR('',#8025,1.);
#8025 = DIRECTION('',(1.,0.,0.));
#8026 = ORIENTED_EDGE('',*,*,#7997,.T.);
#8027 = ORIENTED_EDGE('',*,*,#8028,.F.);
#8028 = EDGE_CURVE('',#8014,#7990,#8029,.T.);
#8029 = LINE('',#8030,#8031);
#8030 = CARTESIAN_POINT('',(-12.8,53.7,45.1));
#8031 = VECTOR('',#8032,1.);
#8032 = DIRECTION('',(1.,0.,0.));
#8033 = PLANE('',#8034);
#8034 = AXIS2_PLACEMENT_3D('',#8035,#8036,#8037);
#8035 = CARTESIAN_POINT('',(-12.8,51.3,45.1));
#8036 = DIRECTION('',(0.,0.,1.));
#8037 = DIRECTION('',(1.,0.,0.));
#8038 = ADVANCED_FACE('',(#8039),#8064,.T.);
#8039 = FACE_BOUND('',#8040,.T.);
#8040 = EDGE_LOOP('',(#8041,#8049,#8050,#8058));
#8041 = ORIENTED_EDGE('',*,*,#8042,.F.);
#8042 = EDGE_CURVE('',#8012,#8043,#8045,.T.);
#8043 = VERTEX_POINT('',#8044);
#8044 = CARTESIAN_POINT('',(-10.4,51.3,51.636));
#8045 = LINE('',#8046,#8047);
#8046 = CARTESIAN_POINT('',(-10.4,51.3,43.2));
#8047 = VECTOR('',#8048,1.);
#8048 = DIRECTION('',(0.,0.,1.));
#8049 = ORIENTED_EDGE('',*,*,#8011,.T.);
#8050 = ORIENTED_EDGE('',*,*,#8051,.T.);
#8051 = EDGE_CURVE('',#8014,#8052,#8054,.T.);
#8052 = VERTEX_POINT('',#8053);
#8053 = CARTESIAN_POINT('',(-10.4,53.7,51.636));
#8054 = LINE('',#8055,#8056);
#8055 = CARTESIAN_POINT('',(-10.4,53.7,43.2));
#8056 = VECTOR('',#8057,1.);
#8057 = DIRECTION('',(0.,0.,1.));
#8058 = ORIENTED_EDGE('',*,*,#8059,.T.);
#8059 = EDGE_CURVE('',#8052,#8043,#8060,.T.);
#8060 = LINE('',#8061,#8062);
#8061 = CARTESIAN_POINT('',(-10.4,51.3,51.636));
#8062 = VECTOR('',#8063,1.);
#8063 = DIRECTION('',(0.,-1.,0.));
#8064 = PLANE('',#8065);
#8065 = AXIS2_PLACEMENT_3D('',#8066,#8067,#8068);
#8066 = CARTESIAN_POINT('',(-10.4,51.3,43.2));
#8067 = DIRECTION('',(1.,0.,0.));
#8068 = DIRECTION('',(0.,0.,1.));
#8069 = ADVANCED_FACE('',(#8070),#8095,.F.);
#8070 = FACE_BOUND('',#8071,.F.);
#8071 = EDGE_LOOP('',(#8072,#8073,#8081,#8089));
#8072 = ORIENTED_EDGE('',*,*,#8059,.T.);
#8073 = ORIENTED_EDGE('',*,*,#8074,.T.);
#8074 = EDGE_CURVE('',#8043,#8075,#8077,.T.);
#8075 = VERTEX_POINT('',#8076);
#8076 = CARTESIAN_POINT('',(1.2,51.3,51.636));
#8077 = LINE('',#8078,#8079);
#8078 = CARTESIAN_POINT('',(-12.8,51.3,51.636));
#8079 = VECTOR('',#8080,1.);
#8080 = DIRECTION('',(1.,0.,0.));
#8081 = ORIENTED_EDGE('',*,*,#8082,.T.);
#8082 = EDGE_CURVE('',#8075,#8083,#8085,.T.);
#8083 = VERTEX_POINT('',#8084);
#8084 = CARTESIAN_POINT('',(1.2,53.7,51.636));
#8085 = LINE('',#8086,#8087);
#8086 = CARTESIAN_POINT('',(1.2,51.3,51.636));
#8087 = VECTOR('',#8088,1.);
#8088 = DIRECTION('',(0.,1.,0.));
#8089 = ORIENTED_EDGE('',*,*,#8090,.F.);
#8090 = EDGE_CURVE('',#8052,#8083,#8091,.T.);
#8091 = LINE('',#8092,#8093);
#8092 = CARTESIAN_POINT('',(-12.8,53.7,51.636));
#8093 = VECTOR('',#8094,1.);
#8094 = DIRECTION('',(1.,0.,0.));
#8095 = PLANE('',#8096);
#8096 = AXIS2_PLACEMENT_3D('',#8097,#8098,#8099);
#8097 = CARTESIAN_POINT('',(-12.8,51.3,51.636));
#8098 = DIRECTION('',(0.,0.,1.));
#8099 = DIRECTION('',(1.,0.,0.));
#8100 = ADVANCED_FACE('',(#8101),#8126,.T.);
#8101 = FACE_BOUND('',#8102,.T.);
#8102 = EDGE_LOOP('',(#8103,#8111,#8112,#8120));
#8103 = ORIENTED_EDGE('',*,*,#8104,.F.);
#8104 = EDGE_CURVE('',#8075,#8105,#8107,.T.);
#8105 = VERTEX_POINT('',#8106);
#8106 = CARTESIAN_POINT('',(1.2,51.3,53.836));
#8107 = LINE('',#8108,#8109);
#8108 = CARTESIAN_POINT('',(1.2,51.3,51.636));
#8109 = VECTOR('',#8110,1.);
#8110 = DIRECTION('',(0.,0.,1.));
#8111 = ORIENTED_EDGE('',*,*,#8082,.T.);
#8112 = ORIENTED_EDGE('',*,*,#8113,.T.);
#8113 = EDGE_CURVE('',#8083,#8114,#8116,.T.);
#8114 = VERTEX_POINT('',#8115);
#8115 = CARTESIAN_POINT('',(1.2,53.7,53.836));
#8116 = LINE('',#8117,#8118);
#8117 = CARTESIAN_POINT('',(1.2,53.7,51.636));
#8118 = VECTOR('',#8119,1.);
#8119 = DIRECTION('',(0.,0.,1.));
#8120 = ORIENTED_EDGE('',*,*,#8121,.F.);
#8121 = EDGE_CURVE('',#8105,#8114,#8122,.T.);
#8122 = LINE('',#8123,#8124);
#8123 = CARTESIAN_POINT('',(1.2,51.3,53.836));
#8124 = VECTOR('',#8125,1.);
#8125 = DIRECTION('',(0.,1.,0.));
#8126 = PLANE('',#8127);
#8127 = AXIS2_PLACEMENT_3D('',#8128,#8129,#8130);
#8128 = CARTESIAN_POINT('',(1.2,51.3,51.636));
#8129 = DIRECTION('',(1.,0.,0.));
#8130 = DIRECTION('',(0.,0.,1.));
#8131 = ADVANCED_FACE('',(#8132),#8161,.T.);
#8132 = FACE_BOUND('',#8133,.T.);
#8133 = EDGE_LOOP('',(#8134,#8142,#8143,#8144,#8145,#8146,#8147,#8155));
#8134 = ORIENTED_EDGE('',*,*,#8135,.T.);
#8135 = EDGE_CURVE('',#8136,#7972,#8138,.T.);
#8136 = VERTEX_POINT('',#8137);
#8137 = CARTESIAN_POINT('',(-12.8,51.3,43.2));
#8138 = LINE('',#8139,#8140);
#8139 = CARTESIAN_POINT('',(-12.8,51.3,43.2));
#8140 = VECTOR('',#8141,1.);
#8141 = DIRECTION('',(1.,0.,0.));
#8142 = ORIENTED_EDGE('',*,*,#7971,.T.);
#8143 = ORIENTED_EDGE('',*,*,#8021,.F.);
#8144 = ORIENTED_EDGE('',*,*,#8042,.T.);
#8145 = ORIENTED_EDGE('',*,*,#8074,.T.);
#8146 = ORIENTED_EDGE('',*,*,#8104,.T.);
#8147 = ORIENTED_EDGE('',*,*,#8148,.F.);
#8148 = EDGE_CURVE('',#8149,#8105,#8151,.T.);
#8149 = VERTEX_POINT('',#8150);
#8150 = CARTESIAN_POINT('',(-12.8,51.3,53.836));
#8151 = LINE('',#8152,#8153);
#8152 = CARTESIAN_POINT('',(-12.8,51.3,53.836));
#8153 = VECTOR('',#8154,1.);
#8154 = DIRECTION('',(1.,0.,0.));
#8155 = ORIENTED_EDGE('',*,*,#8156,.F.);
#8156 = EDGE_CURVE('',#8136,#8149,#8157,.T.);
#8157 = LINE('',#8158,#8159);
#8158 = CARTESIAN_POINT('',(-12.8,51.3,43.2));
#8159 = VECTOR('',#8160,1.);
#8160 = DIRECTION('',(0.,0.,1.));
#8161 = PLANE('',#8162);
#8162 = AXIS2_PLACEMENT_3D('',#8163,#8164,#8165);
#8163 = CARTESIAN_POINT('',(-7.510983862572,51.3,49.243013014055));
#8164 = DIRECTION('',(-0.,-1.,-0.));
#8165 = DIRECTION('',(0.,0.,-1.));
#8166 = ADVANCED_FACE('',(#8167),#8192,.T.);
#8167 = FACE_BOUND('',#8168,.T.);
#8168 = EDGE_LOOP('',(#8169,#8170,#8178,#8186));
#8169 = ORIENTED_EDGE('',*,*,#8156,.T.);
#8170 = ORIENTED_EDGE('',*,*,#8171,.T.);
#8171 = EDGE_CURVE('',#8149,#8172,#8174,.T.);
#8172 = VERTEX_POINT('',#8173);
#8173 = CARTESIAN_POINT('',(-12.8,53.7,53.836));
#8174 = LINE('',#8175,#8176);
#8175 = CARTESIAN_POINT('',(-12.8,51.3,53.836));
#8176 = VECTOR('',#8177,1.);
#8177 = DIRECTION('',(0.,1.,0.));
#8178 = ORIENTED_EDGE('',*,*,#8179,.F.);
#8179 = EDGE_CURVE('',#8180,#8172,#8182,.T.);
#8180 = VERTEX_POINT('',#8181);
#8181 = CARTESIAN_POINT('',(-12.8,53.7,43.2));
#8182 = LINE('',#8183,#8184);
#8183 = CARTESIAN_POINT('',(-12.8,53.7,43.2));
#8184 = VECTOR('',#8185,1.);
#8185 = DIRECTION('',(0.,0.,1.));
#8186 = ORIENTED_EDGE('',*,*,#8187,.F.);
#8187 = EDGE_CURVE('',#8136,#8180,#8188,.T.);
#8188 = LINE('',#8189,#8190);
#8189 = CARTESIAN_POINT('',(-12.8,51.3,43.2));
#8190 = VECTOR('',#8191,1.);
#8191 = DIRECTION('',(0.,1.,0.));
#8192 = PLANE('',#8193);
#8193 = AXIS2_PLACEMENT_3D('',#8194,#8195,#8196);
#8194 = CARTESIAN_POINT('',(-12.8,52.5,48.518));
#8195 = DIRECTION('',(-1.,-0.,-0.));
#8196 = DIRECTION('',(0.,0.,-1.));
#8197 = ADVANCED_FACE('',(#8198),#8218,.T.);
#8198 = FACE_BOUND('',#8199,.T.);
#8199 = EDGE_LOOP('',(#8200,#8201,#8207,#8208,#8209,#8210,#8211,#8212));
#8200 = ORIENTED_EDGE('',*,*,#8179,.T.);
#8201 = ORIENTED_EDGE('',*,*,#8202,.T.);
#8202 = EDGE_CURVE('',#8172,#8114,#8203,.T.);
#8203 = LINE('',#8204,#8205);
#8204 = CARTESIAN_POINT('',(-12.8,53.7,53.836));
#8205 = VECTOR('',#8206,1.);
#8206 = DIRECTION('',(1.,0.,0.));
#8207 = ORIENTED_EDGE('',*,*,#8113,.F.);
#8208 = ORIENTED_EDGE('',*,*,#8090,.F.);
#8209 = ORIENTED_EDGE('',*,*,#8051,.F.);
#8210 = ORIENTED_EDGE('',*,*,#8028,.T.);
#8211 = ORIENTED_EDGE('',*,*,#7989,.F.);
#8212 = ORIENTED_EDGE('',*,*,#8213,.F.);
#8213 = EDGE_CURVE('',#8180,#7982,#8214,.T.);
#8214 = LINE('',#8215,#8216);
#8215 = CARTESIAN_POINT('',(-12.8,53.7,43.2));
#8216 = VECTOR('',#8217,1.);
#8217 = DIRECTION('',(1.,0.,0.));
#8218 = PLANE('',#8219);
#8219 = AXIS2_PLACEMENT_3D('',#8220,#8221,#8222);
#8220 = CARTESIAN_POINT('',(-7.510983862572,53.7,49.243013014055));
#8221 = DIRECTION('',(0.,1.,0.));
#8222 = DIRECTION('',(0.,0.,1.));
#8223 = ADVANCED_FACE('',(#8224),#8230,.F.);
#8224 = FACE_BOUND('',#8225,.T.);
#8225 = EDGE_LOOP('',(#8226,#8227,#8228,#8229));
#8226 = ORIENTED_EDGE('',*,*,#8187,.T.);
#8227 = ORIENTED_EDGE('',*,*,#8213,.T.);
#8228 = ORIENTED_EDGE('',*,*,#7981,.F.);
#8229 = ORIENTED_EDGE('',*,*,#8135,.F.);
#8230 = PLANE('',#8231);
#8231 = AXIS2_PLACEMENT_3D('',#8232,#8233,#8234);
#8232 = CARTESIAN_POINT('',(-12.8,51.3,43.2));
#8233 = DIRECTION('',(0.,0.,1.));
#8234 = DIRECTION('',(1.,0.,0.));
#8235 = ADVANCED_FACE('',(#8236),#8242,.T.);
#8236 = FACE_BOUND('',#8237,.T.);
#8237 = EDGE_LOOP('',(#8238,#8239,#8240,#8241));
#8238 = ORIENTED_EDGE('',*,*,#8171,.F.);
#8239 = ORIENTED_EDGE('',*,*,#8148,.T.);
#8240 = ORIENTED_EDGE('',*,*,#8121,.T.);
#8241 = ORIENTED_EDGE('',*,*,#8202,.F.);
#8242 = PLANE('',#8243);
#8243 = AXIS2_PLACEMENT_3D('',#8244,#8245,#8246);
#8244 = CARTESIAN_POINT('',(-5.8,52.5,53.836));
#8245 = DIRECTION('',(0.,0.,1.));
#8246 = DIRECTION('',(1.,0.,0.));
#8247 = MANIFOLD_SOLID_BREP('',#8248);
#8248 = CLOSED_SHELL('',(#8249,#8353,#8444,#8599,#8639,#8663,#8696,#8736
    ,#8760,#8793,#8876,#9161,#9185,#9202,#9227,#9263,#9283,#9300,#9317,
    #9334,#9351,#9400,#9457,#9509,#9526,#9575,#9632,#9684,#9696,#9713,
    #9725,#9742,#9754,#9779,#9803,#9839,#9859,#9915,#9939,#9988,#10013,
    #10030,#10042,#10067,#10084,#10109,#10134,#10151,#10176,#10193,
    #10210,#10222,#10247,#10272,#10324,#10340,#10359,#10369,#10379,
    #10399,#10415,#10431,#10450,#10460,#10470,#10490,#10506,#10531,
    #10551,#10571,#10596,#10621,#10646,#10671,#10696,#10725,#10754,
    #10779,#10804,#10829,#10854,#10879,#10888,#10897,#10906,#10915,
    #10924,#10944,#10964,#10973,#10982,#10991,#11016,#11041,#11066,
    #11091,#11100,#11109,#11118));
#8249 = ADVANCED_FACE('',(#8250),#8348,.F.);
#8250 = FACE_BOUND('',#8251,.F.);
#8251 = EDGE_LOOP('',(#8252,#8262,#8270,#8278,#8286,#8294,#8302,#8310,
    #8318,#8326,#8334,#8342));
#8252 = ORIENTED_EDGE('',*,*,#8253,.F.);
#8253 = EDGE_CURVE('',#8254,#8256,#8258,.T.);
#8254 = VERTEX_POINT('',#8255);
#8255 = CARTESIAN_POINT('',(-13.,-7.,80.));
#8256 = VERTEX_POINT('',#8257);
#8257 = CARTESIAN_POINT('',(-13.,-7.,86.));
#8258 = LINE('',#8259,#8260);
#8259 = CARTESIAN_POINT('',(-13.,-7.,80.));
#8260 = VECTOR('',#8261,1.);
#8261 = DIRECTION('',(0.,0.,1.));
#8262 = ORIENTED_EDGE('',*,*,#8263,.T.);
#8263 = EDGE_CURVE('',#8254,#8264,#8266,.T.);
#8264 = VERTEX_POINT('',#8265);
#8265 = CARTESIAN_POINT('',(-13.,63.,80.));
#8266 = LINE('',#8267,#8268);
#8267 = CARTESIAN_POINT('',(-13.,-7.,80.));
#8268 = VECTOR('',#8269,1.);
#8269 = DIRECTION('',(0.,1.,0.));
#8270 = ORIENTED_EDGE('',*,*,#8271,.T.);
#8271 = EDGE_CURVE('',#8264,#8272,#8274,.T.);
#8272 = VERTEX_POINT('',#8273);
#8273 = CARTESIAN_POINT('',(-13.,63.,86.));
#8274 = LINE('',#8275,#8276);
#8275 = CARTESIAN_POINT('',(-13.,63.,80.));
#8276 = VECTOR('',#8277,1.);
#8277 = DIRECTION('',(0.,0.,1.));
#8278 = ORIENTED_EDGE('',*,*,#8279,.F.);
#8279 = EDGE_CURVE('',#8280,#8272,#8282,.T.);
#8280 = VERTEX_POINT('',#8281);
#8281 = CARTESIAN_POINT('',(-13.,54.,86.));
#8282 = LINE('',#8283,#8284);
#8283 = CARTESIAN_POINT('',(-13.,-7.,86.));
#8284 = VECTOR('',#8285,1.);
#8285 = DIRECTION('',(0.,1.,0.));
#8286 = ORIENTED_EDGE('',*,*,#8287,.F.);
#8287 = EDGE_CURVE('',#8288,#8280,#8290,.T.);
#8288 = VERTEX_POINT('',#8289);
#8289 = CARTESIAN_POINT('',(-13.,54.,83.));
#8290 = LINE('',#8291,#8292);
#8291 = CARTESIAN_POINT('',(-13.,54.,82.162357555739));
#8292 = VECTOR('',#8293,1.);
#8293 = DIRECTION('',(0.,0.,1.));
#8294 = ORIENTED_EDGE('',*,*,#8295,.T.);
#8295 = EDGE_CURVE('',#8288,#8296,#8298,.T.);
#8296 = VERTEX_POINT('',#8297);
#8297 = CARTESIAN_POINT('',(-13.,51.,83.));
#8298 = LINE('',#8299,#8300);
#8299 = CARTESIAN_POINT('',(-13.,22.,83.));
#8300 = VECTOR('',#8301,1.);
#8301 = DIRECTION('',(0.,-1.,0.));
#8302 = ORIENTED_EDGE('',*,*,#8303,.F.);
#8303 = EDGE_CURVE('',#8304,#8296,#8306,.T.);
#8304 = VERTEX_POINT('',#8305);
#8305 = CARTESIAN_POINT('',(-13.,51.,86.));
#8306 = LINE('',#8307,#8308);
#8307 = CARTESIAN_POINT('',(-13.,51.,82.162357555739));
#8308 = VECTOR('',#8309,1.);
#8309 = DIRECTION('',(0.,0.,-1.));
#8310 = ORIENTED_EDGE('',*,*,#8311,.F.);
#8311 = EDGE_CURVE('',#8312,#8304,#8314,.T.);
#8312 = VERTEX_POINT('',#8313);
#8313 = CARTESIAN_POINT('',(-13.,5.,86.));
#8314 = LINE('',#8315,#8316);
#8315 = CARTESIAN_POINT('',(-13.,-7.,86.));
#8316 = VECTOR('',#8317,1.);
#8317 = DIRECTION('',(0.,1.,0.));
#8318 = ORIENTED_EDGE('',*,*,#8319,.F.);
#8319 = EDGE_CURVE('',#8320,#8312,#8322,.T.);
#8320 = VERTEX_POINT('',#8321);
#8321 = CARTESIAN_POINT('',(-13.,5.,83.));
#8322 = LINE('',#8323,#8324);
#8323 = CARTESIAN_POINT('',(-13.,5.,82.162357555739));
#8324 = VECTOR('',#8325,1.);
#8325 = DIRECTION('',(0.,0.,1.));
#8326 = ORIENTED_EDGE('',*,*,#8327,.T.);
#8327 = EDGE_CURVE('',#8320,#8328,#8330,.T.);
#8328 = VERTEX_POINT('',#8329);
#8329 = CARTESIAN_POINT('',(-13.,2.,83.));
#8330 = LINE('',#8331,#8332);
#8331 = CARTESIAN_POINT('',(-13.,-2.5,83.));
#8332 = VECTOR('',#8333,1.);
#8333 = DIRECTION('',(0.,-1.,0.));
#8334 = ORIENTED_EDGE('',*,*,#8335,.F.);
#8335 = EDGE_CURVE('',#8336,#8328,#8338,.T.);
#8336 = VERTEX_POINT('',#8337);
#8337 = CARTESIAN_POINT('',(-13.,2.,86.));
#8338 = LINE('',#8339,#8340);
#8339 = CARTESIAN_POINT('',(-13.,2.,82.162357555739));
#8340 = VECTOR('',#8341,1.);
#8341 = DIRECTION('',(0.,0.,-1.));
#8342 = ORIENTED_EDGE('',*,*,#8343,.F.);
#8343 = EDGE_CURVE('',#8256,#8336,#8344,.T.);
#8344 = LINE('',#8345,#8346);
#8345 = CARTESIAN_POINT('',(-13.,-7.,86.));
#8346 = VECTOR('',#8347,1.);
#8347 = DIRECTION('',(0.,1.,0.));
#8348 = PLANE('',#8349);
#8349 = AXIS2_PLACEMENT_3D('',#8350,#8351,#8352);
#8350 = CARTESIAN_POINT('',(-13.,-7.,80.));
#8351 = DIRECTION('',(1.,0.,0.));
#8352 = DIRECTION('',(0.,0.,1.));
#8353 = ADVANCED_FACE('',(#8354),#8439,.T.);
#8354 = FACE_BOUND('',#8355,.F.);
#8355 = EDGE_LOOP('',(#8356,#8366,#8373,#8374,#8383,#8391,#8400,#8408,
    #8417,#8424,#8431,#8432));
#8356 = ORIENTED_EDGE('',*,*,#8357,.F.);
#8357 = EDGE_CURVE('',#8358,#8360,#8362,.T.);
#8358 = VERTEX_POINT('',#8359);
#8359 = CARTESIAN_POINT('',(-7.,-13.,80.));
#8360 = VERTEX_POINT('',#8361);
#8361 = CARTESIAN_POINT('',(-7.,-13.,86.));
#8362 = LINE('',#8363,#8364);
#8363 = CARTESIAN_POINT('',(-7.,-13.,80.));
#8364 = VECTOR('',#8365,1.);
#8365 = DIRECTION('',(0.,0.,1.));
#8366 = ORIENTED_EDGE('',*,*,#8367,.F.);
#8367 = EDGE_CURVE('',#8254,#8358,#8368,.T.);
#8368 = CIRCLE('',#8369,6.);
#8369 = AXIS2_PLACEMENT_3D('',#8370,#8371,#8372);
#8370 = CARTESIAN_POINT('',(-7.,-7.,80.));
#8371 = DIRECTION('',(0.,0.,1.));
#8372 = DIRECTION('',(1.,0.,0.));
#8373 = ORIENTED_EDGE('',*,*,#8253,.T.);
#8374 = ORIENTED_EDGE('',*,*,#8375,.T.);
#8375 = EDGE_CURVE('',#8256,#8376,#8378,.T.);
#8376 = VERTEX_POINT('',#8377);
#8377 = CARTESIAN_POINT('',(-3.867156741649,-1.882843258351,86.));
#8378 = CIRCLE('',#8379,6.);
#8379 = AXIS2_PLACEMENT_3D('',#8380,#8381,#8382);
#8380 = CARTESIAN_POINT('',(-7.,-7.,86.));
#8381 = DIRECTION('',(0.,0.,-1.));
#8382 = DIRECTION('',(1.,0.,0.));
#8383 = ORIENTED_EDGE('',*,*,#8384,.T.);
#8384 = EDGE_CURVE('',#8376,#8385,#8387,.T.);
#8385 = VERTEX_POINT('',#8386);
#8386 = CARTESIAN_POINT('',(-3.867156741649,-1.882843258351,80.));
#8387 = LINE('',#8388,#8389);
#8388 = CARTESIAN_POINT('',(-3.867156741649,-1.882843258351,79.));
#8389 = VECTOR('',#8390,1.);
#8390 = DIRECTION('',(-0.,-0.,-1.));
#8391 = ORIENTED_EDGE('',*,*,#8392,.F.);
#8392 = EDGE_CURVE('',#8393,#8385,#8395,.T.);
#8393 = VERTEX_POINT('',#8394);
#8394 = CARTESIAN_POINT('',(-1.882843258351,-3.867156741649,80.));
#8395 = CIRCLE('',#8396,6.);
#8396 = AXIS2_PLACEMENT_3D('',#8397,#8398,#8399);
#8397 = CARTESIAN_POINT('',(-7.,-7.,80.));
#8398 = DIRECTION('',(0.,0.,1.));
#8399 = DIRECTION('',(1.,0.,0.));
#8400 = ORIENTED_EDGE('',*,*,#8401,.F.);
#8401 = EDGE_CURVE('',#8402,#8393,#8404,.T.);
#8402 = VERTEX_POINT('',#8403);
#8403 = CARTESIAN_POINT('',(-1.882843258351,-3.867156741649,86.));
#8404 = LINE('',#8405,#8406);
#8405 = CARTESIAN_POINT('',(-1.882843258351,-3.867156741649,79.));
#8406 = VECTOR('',#8407,1.);
#8407 = DIRECTION('',(-0.,-0.,-1.));
#8408 = ORIENTED_EDGE('',*,*,#8409,.T.);
#8409 = EDGE_CURVE('',#8402,#8410,#8412,.T.);
#8410 = VERTEX_POINT('',#8411);
#8411 = CARTESIAN_POINT('',(-1.,-7.,86.));
#8412 = CIRCLE('',#8413,6.);
#8413 = AXIS2_PLACEMENT_3D('',#8414,#8415,#8416);
#8414 = CARTESIAN_POINT('',(-7.,-7.,86.));
#8415 = DIRECTION('',(0.,0.,-1.));
#8416 = DIRECTION('',(1.,0.,0.));
#8417 = ORIENTED_EDGE('',*,*,#8418,.F.);
#8418 = EDGE_CURVE('',#8419,#8410,#8421,.T.);
#8419 = VERTEX_POINT('',#8420);
#8420 = CARTESIAN_POINT('',(-1.,-7.,120.));
#8421 = B_SPLINE_CURVE_WITH_KNOTS('',1,(#8422,#8423),.UNSPECIFIED.,.F.,
  .F.,(2,2),(-40.,-6.),.PIECEWISE_BEZIER_KNOTS.);
#8422 = CARTESIAN_POINT('',(-1.,-7.,120.));
#8423 = CARTESIAN_POINT('',(-1.,-7.,86.));
#8424 = ORIENTED_EDGE('',*,*,#8425,.T.);
#8425 = EDGE_CURVE('',#8419,#8419,#8426,.T.);
#8426 = CIRCLE('',#8427,6.);
#8427 = AXIS2_PLACEMENT_3D('',#8428,#8429,#8430);
#8428 = CARTESIAN_POINT('',(-7.,-7.,120.));
#8429 = DIRECTION('',(0.,0.,1.));
#8430 = DIRECTION('',(1.,0.,0.));
#8431 = ORIENTED_EDGE('',*,*,#8418,.T.);
#8432 = ORIENTED_EDGE('',*,*,#8433,.T.);
#8433 = EDGE_CURVE('',#8410,#8360,#8434,.T.);
#8434 = CIRCLE('',#8435,6.);
#8435 = AXIS2_PLACEMENT_3D('',#8436,#8437,#8438);
#8436 = CARTESIAN_POINT('',(-7.,-7.,86.));
#8437 = DIRECTION('',(0.,0.,-1.));
#8438 = DIRECTION('',(1.,0.,0.));
#8439 = CYLINDRICAL_SURFACE('',#8440,6.);
#8440 = AXIS2_PLACEMENT_3D('',#8441,#8442,#8443);
#8441 = CARTESIAN_POINT('',(-7.,-7.,80.));
#8442 = DIRECTION('',(-0.,-0.,-1.));
#8443 = DIRECTION('',(1.,0.,0.));
#8444 = ADVANCED_FACE('',(#8445),#8594,.T.);
#8445 = FACE_BOUND('',#8446,.T.);
#8446 = EDGE_LOOP('',(#8447,#8448,#8449,#8458,#8466,#8474,#8483,#8491,
    #8499,#8507,#8516,#8524,#8532,#8541,#8548,#8549,#8557,#8565,#8571,
    #8572,#8580,#8588));
#8447 = ORIENTED_EDGE('',*,*,#8343,.F.);
#8448 = ORIENTED_EDGE('',*,*,#8375,.T.);
#8449 = ORIENTED_EDGE('',*,*,#8450,.T.);
#8450 = EDGE_CURVE('',#8376,#8451,#8453,.T.);
#8451 = VERTEX_POINT('',#8452);
#8452 = CARTESIAN_POINT('',(-4.,-1.,86.));
#8453 = CIRCLE('',#8454,3.);
#8454 = AXIS2_PLACEMENT_3D('',#8455,#8456,#8457);
#8455 = CARTESIAN_POINT('',(-1.,-1.,86.));
#8456 = DIRECTION('',(0.,0.,-1.));
#8457 = DIRECTION('',(1.,0.,0.));
#8458 = ORIENTED_EDGE('',*,*,#8459,.T.);
#8459 = EDGE_CURVE('',#8451,#8460,#8462,.T.);
#8460 = VERTEX_POINT('',#8461);
#8461 = CARTESIAN_POINT('',(-4.,1.2,86.));
#8462 = LINE('',#8463,#8464);
#8463 = CARTESIAN_POINT('',(-4.,13.5,86.));
#8464 = VECTOR('',#8465,1.);
#8465 = DIRECTION('',(0.,1.,0.));
#8466 = ORIENTED_EDGE('',*,*,#8467,.T.);
#8467 = EDGE_CURVE('',#8460,#8468,#8470,.T.);
#8468 = VERTEX_POINT('',#8469);
#8469 = CARTESIAN_POINT('',(1.573863971574,1.2,86.));
#8470 = LINE('',#8471,#8472);
#8471 = CARTESIAN_POINT('',(-7.,1.2,86.));
#8472 = VECTOR('',#8473,1.);
#8473 = DIRECTION('',(1.,0.,0.));
#8474 = ORIENTED_EDGE('',*,*,#8475,.F.);
#8475 = EDGE_CURVE('',#8476,#8468,#8478,.T.);
#8476 = VERTEX_POINT('',#8477);
#8477 = CARTESIAN_POINT('',(1.573863971574,5.8,86.));
#8478 = CIRCLE('',#8479,3.);
#8479 = AXIS2_PLACEMENT_3D('',#8480,#8481,#8482);
#8480 = CARTESIAN_POINT('',(3.5,3.5,86.));
#8481 = DIRECTION('',(0.,0.,1.));
#8482 = DIRECTION('',(1.,0.,0.));
#8483 = ORIENTED_EDGE('',*,*,#8484,.F.);
#8484 = EDGE_CURVE('',#8485,#8476,#8487,.T.);
#8485 = VERTEX_POINT('',#8486);
#8486 = CARTESIAN_POINT('',(-4.,5.8,86.));
#8487 = LINE('',#8488,#8489);
#8488 = CARTESIAN_POINT('',(-7.,5.8,86.));
#8489 = VECTOR('',#8490,1.);
#8490 = DIRECTION('',(1.,0.,0.));
#8491 = ORIENTED_EDGE('',*,*,#8492,.T.);
#8492 = EDGE_CURVE('',#8485,#8493,#8495,.T.);
#8493 = VERTEX_POINT('',#8494);
#8494 = CARTESIAN_POINT('',(-4.,50.2,86.));
#8495 = LINE('',#8496,#8497);
#8496 = CARTESIAN_POINT('',(-4.,13.5,86.));
#8497 = VECTOR('',#8498,1.);
#8498 = DIRECTION('',(0.,1.,0.));
#8499 = ORIENTED_EDGE('',*,*,#8500,.T.);
#8500 = EDGE_CURVE('',#8493,#8501,#8503,.T.);
#8501 = VERTEX_POINT('',#8502);
#8502 = CARTESIAN_POINT('',(1.573863971574,50.2,86.));
#8503 = LINE('',#8504,#8505);
#8504 = CARTESIAN_POINT('',(-7.,50.2,86.));
#8505 = VECTOR('',#8506,1.);
#8506 = DIRECTION('',(1.,0.,0.));
#8507 = ORIENTED_EDGE('',*,*,#8508,.F.);
#8508 = EDGE_CURVE('',#8509,#8501,#8511,.T.);
#8509 = VERTEX_POINT('',#8510);
#8510 = CARTESIAN_POINT('',(1.573863971574,54.8,86.));
#8511 = CIRCLE('',#8512,3.);
#8512 = AXIS2_PLACEMENT_3D('',#8513,#8514,#8515);
#8513 = CARTESIAN_POINT('',(3.5,52.5,86.));
#8514 = DIRECTION('',(0.,0.,1.));
#8515 = DIRECTION('',(1.,0.,0.));
#8516 = ORIENTED_EDGE('',*,*,#8517,.F.);
#8517 = EDGE_CURVE('',#8518,#8509,#8520,.T.);
#8518 = VERTEX_POINT('',#8519);
#8519 = CARTESIAN_POINT('',(-4.,54.8,86.));
#8520 = LINE('',#8521,#8522);
#8521 = CARTESIAN_POINT('',(-7.,54.8,86.));
#8522 = VECTOR('',#8523,1.);
#8523 = DIRECTION('',(1.,0.,0.));
#8524 = ORIENTED_EDGE('',*,*,#8525,.T.);
#8525 = EDGE_CURVE('',#8518,#8526,#8528,.T.);
#8526 = VERTEX_POINT('',#8527);
#8527 = CARTESIAN_POINT('',(-4.,57.,86.));
#8528 = LINE('',#8529,#8530);
#8529 = CARTESIAN_POINT('',(-4.,13.5,86.));
#8530 = VECTOR('',#8531,1.);
#8531 = DIRECTION('',(0.,1.,0.));
#8532 = ORIENTED_EDGE('',*,*,#8533,.T.);
#8533 = EDGE_CURVE('',#8526,#8534,#8536,.T.);
#8534 = VERTEX_POINT('',#8535);
#8535 = CARTESIAN_POINT('',(-3.867156741649,57.882843258351,86.));
#8536 = CIRCLE('',#8537,3.);
#8537 = AXIS2_PLACEMENT_3D('',#8538,#8539,#8540);
#8538 = CARTESIAN_POINT('',(-1.,57.,86.));
#8539 = DIRECTION('',(0.,0.,-1.));
#8540 = DIRECTION('',(1.,0.,0.));
#8541 = ORIENTED_EDGE('',*,*,#8542,.T.);
#8542 = EDGE_CURVE('',#8534,#8272,#8543,.T.);
#8543 = CIRCLE('',#8544,6.);
#8544 = AXIS2_PLACEMENT_3D('',#8545,#8546,#8547);
#8545 = CARTESIAN_POINT('',(-7.,63.,86.));
#8546 = DIRECTION('',(0.,0.,-1.));
#8547 = DIRECTION('',(1.,0.,0.));
#8548 = ORIENTED_EDGE('',*,*,#8279,.F.);
#8549 = ORIENTED_EDGE('',*,*,#8550,.F.);
#8550 = EDGE_CURVE('',#8551,#8280,#8553,.T.);
#8551 = VERTEX_POINT('',#8552);
#8552 = CARTESIAN_POINT('',(-10.1,54.,86.));
#8553 = LINE('',#8554,#8555);
#8554 = CARTESIAN_POINT('',(-8.161916212486,54.,86.));
#8555 = VECTOR('',#8556,1.);
#8556 = DIRECTION('',(-1.,0.,0.));
#8557 = ORIENTED_EDGE('',*,*,#8558,.F.);
#8558 = EDGE_CURVE('',#8559,#8551,#8561,.T.);
#8559 = VERTEX_POINT('',#8560);
#8560 = CARTESIAN_POINT('',(-10.1,51.,86.));
#8561 = LINE('',#8562,#8563);
#8562 = CARTESIAN_POINT('',(-10.1,39.5,86.));
#8563 = VECTOR('',#8564,1.);
#8564 = DIRECTION('',(0.,1.,0.));
#8565 = ORIENTED_EDGE('',*,*,#8566,.F.);
#8566 = EDGE_CURVE('',#8304,#8559,#8567,.T.);
#8567 = LINE('',#8568,#8569);
#8568 = CARTESIAN_POINT('',(-8.161916212486,51.,86.));
#8569 = VECTOR('',#8570,1.);
#8570 = DIRECTION('',(1.,0.,0.));
#8571 = ORIENTED_EDGE('',*,*,#8311,.F.);
#8572 = ORIENTED_EDGE('',*,*,#8573,.F.);
#8573 = EDGE_CURVE('',#8574,#8312,#8576,.T.);
#8574 = VERTEX_POINT('',#8575);
#8575 = CARTESIAN_POINT('',(-10.1,5.,86.));
#8576 = LINE('',#8577,#8578);
#8577 = CARTESIAN_POINT('',(-8.161916212486,5.,86.));
#8578 = VECTOR('',#8579,1.);
#8579 = DIRECTION('',(-1.,0.,0.));
#8580 = ORIENTED_EDGE('',*,*,#8581,.F.);
#8581 = EDGE_CURVE('',#8582,#8574,#8584,.T.);
#8582 = VERTEX_POINT('',#8583);
#8583 = CARTESIAN_POINT('',(-10.1,2.,86.));
#8584 = LINE('',#8585,#8586);
#8585 = CARTESIAN_POINT('',(-10.1,15.,86.));
#8586 = VECTOR('',#8587,1.);
#8587 = DIRECTION('',(0.,1.,0.));
#8588 = ORIENTED_EDGE('',*,*,#8589,.F.);
#8589 = EDGE_CURVE('',#8336,#8582,#8590,.T.);
#8590 = LINE('',#8591,#8592);
#8591 = CARTESIAN_POINT('',(-8.161916212486,2.,86.));
#8592 = VECTOR('',#8593,1.);
#8593 = DIRECTION('',(1.,0.,0.));
#8594 = PLANE('',#8595);
#8595 = AXIS2_PLACEMENT_3D('',#8596,#8597,#8598);
#8596 = CARTESIAN_POINT('',(-7.643547536449,28.,86.));
#8597 = DIRECTION('',(0.,0.,1.));
#8598 = DIRECTION('',(1.,0.,0.));
#8599 = ADVANCED_FACE('',(#8600),#8634,.F.);
#8600 = FACE_BOUND('',#8601,.F.);
#8601 = EDGE_LOOP('',(#8602,#8603,#8611,#8619,#8627,#8633));
#8602 = ORIENTED_EDGE('',*,*,#8335,.T.);
#8603 = ORIENTED_EDGE('',*,*,#8604,.T.);
#8604 = EDGE_CURVE('',#8328,#8605,#8607,.T.);
#8605 = VERTEX_POINT('',#8606);
#8606 = CARTESIAN_POINT('',(-3.95,2.,83.));
#8607 = LINE('',#8608,#8609);
#8608 = CARTESIAN_POINT('',(-13.05,2.,83.));
#8609 = VECTOR('',#8610,1.);
#8610 = DIRECTION('',(1.,0.,0.));
#8611 = ORIENTED_EDGE('',*,*,#8612,.T.);
#8612 = EDGE_CURVE('',#8605,#8613,#8615,.T.);
#8613 = VERTEX_POINT('',#8614);
#8614 = CARTESIAN_POINT('',(-3.95,2.,85.3));
#8615 = LINE('',#8616,#8617);
#8616 = CARTESIAN_POINT('',(-3.95,2.,83.));
#8617 = VECTOR('',#8618,1.);
#8618 = DIRECTION('',(0.,0.,1.));
#8619 = ORIENTED_EDGE('',*,*,#8620,.F.);
#8620 = EDGE_CURVE('',#8621,#8613,#8623,.T.);
#8621 = VERTEX_POINT('',#8622);
#8622 = CARTESIAN_POINT('',(-10.1,2.,85.3));
#8623 = LINE('',#8624,#8625);
#8624 = CARTESIAN_POINT('',(-13.05,2.,85.3));
#8625 = VECTOR('',#8626,1.);
#8626 = DIRECTION('',(1.,0.,0.));
#8627 = ORIENTED_EDGE('',*,*,#8628,.T.);
#8628 = EDGE_CURVE('',#8621,#8582,#8629,.T.);
#8629 = LINE('',#8630,#8631);
#8630 = CARTESIAN_POINT('',(-10.1,2.,83.));
#8631 = VECTOR('',#8632,1.);
#8632 = DIRECTION('',(0.,0.,1.));
#8633 = ORIENTED_EDGE('',*,*,#8589,.F.);
#8634 = PLANE('',#8635);
#8635 = AXIS2_PLACEMENT_3D('',#8636,#8637,#8638);
#8636 = CARTESIAN_POINT('',(-8.680284888522,2.,84.324715111478));
#8637 = DIRECTION('',(-0.,-1.,-0.));
#8638 = DIRECTION('',(0.,0.,-1.));
#8639 = ADVANCED_FACE('',(#8640),#8658,.T.);
#8640 = FACE_BOUND('',#8641,.T.);
#8641 = EDGE_LOOP('',(#8642,#8643,#8644,#8652));
#8642 = ORIENTED_EDGE('',*,*,#8327,.T.);
#8643 = ORIENTED_EDGE('',*,*,#8604,.T.);
#8644 = ORIENTED_EDGE('',*,*,#8645,.T.);
#8645 = EDGE_CURVE('',#8605,#8646,#8648,.T.);
#8646 = VERTEX_POINT('',#8647);
#8647 = CARTESIAN_POINT('',(-3.95,5.,83.));
#8648 = LINE('',#8649,#8650);
#8649 = CARTESIAN_POINT('',(-3.95,2.,83.));
#8650 = VECTOR('',#8651,1.);
#8651 = DIRECTION('',(0.,1.,0.));
#8652 = ORIENTED_EDGE('',*,*,#8653,.F.);
#8653 = EDGE_CURVE('',#8320,#8646,#8654,.T.);
#8654 = LINE('',#8655,#8656);
#8655 = CARTESIAN_POINT('',(-13.05,5.,83.));
#8656 = VECTOR('',#8657,1.);
#8657 = DIRECTION('',(1.,0.,0.));
#8658 = PLANE('',#8659);
#8659 = AXIS2_PLACEMENT_3D('',#8660,#8661,#8662);
#8660 = CARTESIAN_POINT('',(-13.05,2.,83.));
#8661 = DIRECTION('',(0.,0.,1.));
#8662 = DIRECTION('',(1.,0.,0.));
#8663 = ADVANCED_FACE('',(#8664),#8691,.F.);
#8664 = FACE_BOUND('',#8665,.F.);
#8665 = EDGE_LOOP('',(#8666,#8667,#8668,#8669,#8677,#8685));
#8666 = ORIENTED_EDGE('',*,*,#8653,.F.);
#8667 = ORIENTED_EDGE('',*,*,#8319,.T.);
#8668 = ORIENTED_EDGE('',*,*,#8573,.F.);
#8669 = ORIENTED_EDGE('',*,*,#8670,.F.);
#8670 = EDGE_CURVE('',#8671,#8574,#8673,.T.);
#8671 = VERTEX_POINT('',#8672);
#8672 = CARTESIAN_POINT('',(-10.1,5.,85.3));
#8673 = LINE('',#8674,#8675);
#8674 = CARTESIAN_POINT('',(-10.1,5.,83.));
#8675 = VECTOR('',#8676,1.);
#8676 = DIRECTION('',(0.,0.,1.));
#8677 = ORIENTED_EDGE('',*,*,#8678,.T.);
#8678 = EDGE_CURVE('',#8671,#8679,#8681,.T.);
#8679 = VERTEX_POINT('',#8680);
#8680 = CARTESIAN_POINT('',(-3.95,5.,85.3));
#8681 = LINE('',#8682,#8683);
#8682 = CARTESIAN_POINT('',(-13.05,5.,85.3));
#8683 = VECTOR('',#8684,1.);
#8684 = DIRECTION('',(1.,0.,0.));
#8685 = ORIENTED_EDGE('',*,*,#8686,.F.);
#8686 = EDGE_CURVE('',#8646,#8679,#8687,.T.);
#8687 = LINE('',#8688,#8689);
#8688 = CARTESIAN_POINT('',(-3.95,5.,83.));
#8689 = VECTOR('',#8690,1.);
#8690 = DIRECTION('',(0.,0.,1.));
#8691 = PLANE('',#8692);
#8692 = AXIS2_PLACEMENT_3D('',#8693,#8694,#8695);
#8693 = CARTESIAN_POINT('',(-8.680284888522,5.,84.324715111478));
#8694 = DIRECTION('',(0.,1.,0.));
#8695 = DIRECTION('',(0.,0.,1.));
#8696 = ADVANCED_FACE('',(#8697),#8731,.F.);
#8697 = FACE_BOUND('',#8698,.F.);
#8698 = EDGE_LOOP('',(#8699,#8700,#8708,#8716,#8724,#8730));
#8699 = ORIENTED_EDGE('',*,*,#8303,.T.);
#8700 = ORIENTED_EDGE('',*,*,#8701,.T.);
#8701 = EDGE_CURVE('',#8296,#8702,#8704,.T.);
#8702 = VERTEX_POINT('',#8703);
#8703 = CARTESIAN_POINT('',(-3.95,51.,83.));
#8704 = LINE('',#8705,#8706);
#8705 = CARTESIAN_POINT('',(-13.05,51.,83.));
#8706 = VECTOR('',#8707,1.);
#8707 = DIRECTION('',(1.,0.,0.));
#8708 = ORIENTED_EDGE('',*,*,#8709,.T.);
#8709 = EDGE_CURVE('',#8702,#8710,#8712,.T.);
#8710 = VERTEX_POINT('',#8711);
#8711 = CARTESIAN_POINT('',(-3.95,51.,85.3));
#8712 = LINE('',#8713,#8714);
#8713 = CARTESIAN_POINT('',(-3.95,51.,83.));
#8714 = VECTOR('',#8715,1.);
#8715 = DIRECTION('',(0.,0.,1.));
#8716 = ORIENTED_EDGE('',*,*,#8717,.F.);
#8717 = EDGE_CURVE('',#8718,#8710,#8720,.T.);
#8718 = VERTEX_POINT('',#8719);
#8719 = CARTESIAN_POINT('',(-10.1,51.,85.3));
#8720 = LINE('',#8721,#8722);
#8721 = CARTESIAN_POINT('',(-13.05,51.,85.3));
#8722 = VECTOR('',#8723,1.);
#8723 = DIRECTION('',(1.,0.,0.));
#8724 = ORIENTED_EDGE('',*,*,#8725,.T.);
#8725 = EDGE_CURVE('',#8718,#8559,#8726,.T.);
#8726 = LINE('',#8727,#8728);
#8727 = CARTESIAN_POINT('',(-10.1,51.,83.));
#8728 = VECTOR('',#8729,1.);
#8729 = DIRECTION('',(0.,0.,1.));
#8730 = ORIENTED_EDGE('',*,*,#8566,.F.);
#8731 = PLANE('',#8732);
#8732 = AXIS2_PLACEMENT_3D('',#8733,#8734,#8735);
#8733 = CARTESIAN_POINT('',(-8.680284888522,51.,84.324715111478));
#8734 = DIRECTION('',(-0.,-1.,-0.));
#8735 = DIRECTION('',(0.,0.,-1.));
#8736 = ADVANCED_FACE('',(#8737),#8755,.T.);
#8737 = FACE_BOUND('',#8738,.T.);
#8738 = EDGE_LOOP('',(#8739,#8740,#8741,#8749));
#8739 = ORIENTED_EDGE('',*,*,#8295,.T.);
#8740 = ORIENTED_EDGE('',*,*,#8701,.T.);
#8741 = ORIENTED_EDGE('',*,*,#8742,.T.);
#8742 = EDGE_CURVE('',#8702,#8743,#8745,.T.);
#8743 = VERTEX_POINT('',#8744);
#8744 = CARTESIAN_POINT('',(-3.95,54.,83.));
#8745 = LINE('',#8746,#8747);
#8746 = CARTESIAN_POINT('',(-3.95,51.,83.));
#8747 = VECTOR('',#8748,1.);
#8748 = DIRECTION('',(0.,1.,0.));
#8749 = ORIENTED_EDGE('',*,*,#8750,.F.);
#8750 = EDGE_CURVE('',#8288,#8743,#8751,.T.);
#8751 = LINE('',#8752,#8753);
#8752 = CARTESIAN_POINT('',(-13.05,54.,83.));
#8753 = VECTOR('',#8754,1.);
#8754 = DIRECTION('',(1.,0.,0.));
#8755 = PLANE('',#8756);
#8756 = AXIS2_PLACEMENT_3D('',#8757,#8758,#8759);
#8757 = CARTESIAN_POINT('',(-13.05,51.,83.));
#8758 = DIRECTION('',(0.,0.,1.));
#8759 = DIRECTION('',(1.,0.,0.));
#8760 = ADVANCED_FACE('',(#8761),#8788,.F.);
#8761 = FACE_BOUND('',#8762,.F.);
#8762 = EDGE_LOOP('',(#8763,#8764,#8765,#8766,#8774,#8782));
#8763 = ORIENTED_EDGE('',*,*,#8750,.F.);
#8764 = ORIENTED_EDGE('',*,*,#8287,.T.);
#8765 = ORIENTED_EDGE('',*,*,#8550,.F.);
#8766 = ORIENTED_EDGE('',*,*,#8767,.F.);
#8767 = EDGE_CURVE('',#8768,#8551,#8770,.T.);
#8768 = VERTEX_POINT('',#8769);
#8769 = CARTESIAN_POINT('',(-10.1,54.,85.3));
#8770 = LINE('',#8771,#8772);
#8771 = CARTESIAN_POINT('',(-10.1,54.,83.));
#8772 = VECTOR('',#8773,1.);
#8773 = DIRECTION('',(0.,0.,1.));
#8774 = ORIENTED_EDGE('',*,*,#8775,.T.);
#8775 = EDGE_CURVE('',#8768,#8776,#8778,.T.);
#8776 = VERTEX_POINT('',#8777);
#8777 = CARTESIAN_POINT('',(-3.95,54.,85.3));
#8778 = LINE('',#8779,#8780);
#8779 = CARTESIAN_POINT('',(-13.05,54.,85.3));
#8780 = VECTOR('',#8781,1.);
#8781 = DIRECTION('',(1.,0.,0.));
#8782 = ORIENTED_EDGE('',*,*,#8783,.F.);
#8783 = EDGE_CURVE('',#8743,#8776,#8784,.T.);
#8784 = LINE('',#8785,#8786);
#8785 = CARTESIAN_POINT('',(-3.95,54.,83.));
#8786 = VECTOR('',#8787,1.);
#8787 = DIRECTION('',(0.,0.,1.));
#8788 = PLANE('',#8789);
#8789 = AXIS2_PLACEMENT_3D('',#8790,#8791,#8792);
#8790 = CARTESIAN_POINT('',(-8.680284888522,54.,84.324715111478));
#8791 = DIRECTION('',(0.,1.,0.));
#8792 = DIRECTION('',(0.,0.,1.));
#8793 = ADVANCED_FACE('',(#8794),#8871,.T.);
#8794 = FACE_BOUND('',#8795,.F.);
#8795 = EDGE_LOOP('',(#8796,#8806,#8815,#8821,#8822,#8823,#8832,#8840,
    #8849,#8856,#8863,#8864));
#8796 = ORIENTED_EDGE('',*,*,#8797,.T.);
#8797 = EDGE_CURVE('',#8798,#8800,#8802,.T.);
#8798 = VERTEX_POINT('',#8799);
#8799 = CARTESIAN_POINT('',(-1.882843258351,59.867156741649,86.));
#8800 = VERTEX_POINT('',#8801);
#8801 = CARTESIAN_POINT('',(-1.882843258351,59.867156741649,80.));
#8802 = LINE('',#8803,#8804);
#8803 = CARTESIAN_POINT('',(-1.882843258351,59.867156741649,79.));
#8804 = VECTOR('',#8805,1.);
#8805 = DIRECTION('',(-0.,-0.,-1.));
#8806 = ORIENTED_EDGE('',*,*,#8807,.F.);
#8807 = EDGE_CURVE('',#8808,#8800,#8810,.T.);
#8808 = VERTEX_POINT('',#8809);
#8809 = CARTESIAN_POINT('',(-3.867156741649,57.882843258351,80.));
#8810 = CIRCLE('',#8811,6.);
#8811 = AXIS2_PLACEMENT_3D('',#8812,#8813,#8814);
#8812 = CARTESIAN_POINT('',(-7.,63.,80.));
#8813 = DIRECTION('',(0.,0.,1.));
#8814 = DIRECTION('',(1.,0.,0.));
#8815 = ORIENTED_EDGE('',*,*,#8816,.F.);
#8816 = EDGE_CURVE('',#8534,#8808,#8817,.T.);
#8817 = LINE('',#8818,#8819);
#8818 = CARTESIAN_POINT('',(-3.867156741649,57.882843258351,79.));
#8819 = VECTOR('',#8820,1.);
#8820 = DIRECTION('',(-0.,-0.,-1.));
#8821 = ORIENTED_EDGE('',*,*,#8542,.T.);
#8822 = ORIENTED_EDGE('',*,*,#8271,.F.);
#8823 = ORIENTED_EDGE('',*,*,#8824,.F.);
#8824 = EDGE_CURVE('',#8825,#8264,#8827,.T.);
#8825 = VERTEX_POINT('',#8826);
#8826 = CARTESIAN_POINT('',(-7.,69.,80.));
#8827 = CIRCLE('',#8828,6.);
#8828 = AXIS2_PLACEMENT_3D('',#8829,#8830,#8831);
#8829 = CARTESIAN_POINT('',(-7.,63.,80.));
#8830 = DIRECTION('',(0.,0.,1.));
#8831 = DIRECTION('',(1.,0.,0.));
#8832 = ORIENTED_EDGE('',*,*,#8833,.T.);
#8833 = EDGE_CURVE('',#8825,#8834,#8836,.T.);
#8834 = VERTEX_POINT('',#8835);
#8835 = CARTESIAN_POINT('',(-7.,69.,86.));
#8836 = LINE('',#8837,#8838);
#8837 = CARTESIAN_POINT('',(-7.,69.,80.));
#8838 = VECTOR('',#8839,1.);
#8839 = DIRECTION('',(0.,0.,1.));
#8840 = ORIENTED_EDGE('',*,*,#8841,.T.);
#8841 = EDGE_CURVE('',#8834,#8842,#8844,.T.);
#8842 = VERTEX_POINT('',#8843);
#8843 = CARTESIAN_POINT('',(-1.,63.,86.));
#8844 = CIRCLE('',#8845,6.);
#8845 = AXIS2_PLACEMENT_3D('',#8846,#8847,#8848);
#8846 = CARTESIAN_POINT('',(-7.,63.,86.));
#8847 = DIRECTION('',(0.,0.,-1.));
#8848 = DIRECTION('',(1.,0.,0.));
#8849 = ORIENTED_EDGE('',*,*,#8850,.F.);
#8850 = EDGE_CURVE('',#8851,#8842,#8853,.T.);
#8851 = VERTEX_POINT('',#8852);
#8852 = CARTESIAN_POINT('',(-1.,63.,120.));
#8853 = B_SPLINE_CURVE_WITH_KNOTS('',1,(#8854,#8855),.UNSPECIFIED.,.F.,
  .F.,(2,2),(-40.,-6.),.PIECEWISE_BEZIER_KNOTS.);
#8854 = CARTESIAN_POINT('',(-1.,63.,120.));
#8855 = CARTESIAN_POINT('',(-1.,63.,86.));
#8856 = ORIENTED_EDGE('',*,*,#8857,.T.);
#8857 = EDGE_CURVE('',#8851,#8851,#8858,.T.);
#8858 = CIRCLE('',#8859,6.);
#8859 = AXIS2_PLACEMENT_3D('',#8860,#8861,#8862);
#8860 = CARTESIAN_POINT('',(-7.,63.,120.));
#8861 = DIRECTION('',(0.,0.,1.));
#8862 = DIRECTION('',(1.,0.,0.));
#8863 = ORIENTED_EDGE('',*,*,#8850,.T.);
#8864 = ORIENTED_EDGE('',*,*,#8865,.T.);
#8865 = EDGE_CURVE('',#8842,#8798,#8866,.T.);
#8866 = CIRCLE('',#8867,6.);
#8867 = AXIS2_PLACEMENT_3D('',#8868,#8869,#8870);
#8868 = CARTESIAN_POINT('',(-7.,63.,86.));
#8869 = DIRECTION('',(0.,0.,-1.));
#8870 = DIRECTION('',(1.,0.,0.));
#8871 = CYLINDRICAL_SURFACE('',#8872,6.);
#8872 = AXIS2_PLACEMENT_3D('',#8873,#8874,#8875);
#8873 = CARTESIAN_POINT('',(-7.,63.,80.));
#8874 = DIRECTION('',(-0.,-0.,-1.));
#8875 = DIRECTION('',(1.,0.,0.));
#8876 = ADVANCED_FACE('',(#8877,#8922,#8933,#9011,#9022,#9033,#9067,
    #9145),#9156,.T.);
#8877 = FACE_BOUND('',#8878,.T.);
#8878 = EDGE_LOOP('',(#8879,#8880,#8881,#8882,#8890,#8899,#8907,#8916));
#8879 = ORIENTED_EDGE('',*,*,#8367,.F.);
#8880 = ORIENTED_EDGE('',*,*,#8263,.T.);
#8881 = ORIENTED_EDGE('',*,*,#8824,.F.);
#8882 = ORIENTED_EDGE('',*,*,#8883,.T.);
#8883 = EDGE_CURVE('',#8825,#8884,#8886,.T.);
#8884 = VERTEX_POINT('',#8885);
#8885 = CARTESIAN_POINT('',(91.,69.,80.));
#8886 = LINE('',#8887,#8888);
#8887 = CARTESIAN_POINT('',(-7.,69.,80.));
#8888 = VECTOR('',#8889,1.);
#8889 = DIRECTION('',(1.,0.,0.));
#8890 = ORIENTED_EDGE('',*,*,#8891,.F.);
#8891 = EDGE_CURVE('',#8892,#8884,#8894,.T.);
#8892 = VERTEX_POINT('',#8893);
#8893 = CARTESIAN_POINT('',(97.,63.,80.));
#8894 = CIRCLE('',#8895,6.);
#8895 = AXIS2_PLACEMENT_3D('',#8896,#8897,#8898);
#8896 = CARTESIAN_POINT('',(91.,63.,80.));
#8897 = DIRECTION('',(0.,0.,1.));
#8898 = DIRECTION('',(1.,0.,0.));
#8899 = ORIENTED_EDGE('',*,*,#8900,.F.);
#8900 = EDGE_CURVE('',#8901,#8892,#8903,.T.);
#8901 = VERTEX_POINT('',#8902);
#8902 = CARTESIAN_POINT('',(97.,-7.,80.));
#8903 = LINE('',#8904,#8905);
#8904 = CARTESIAN_POINT('',(97.,-7.,80.));
#8905 = VECTOR('',#8906,1.);
#8906 = DIRECTION('',(0.,1.,0.));
#8907 = ORIENTED_EDGE('',*,*,#8908,.F.);
#8908 = EDGE_CURVE('',#8909,#8901,#8911,.T.);
#8909 = VERTEX_POINT('',#8910);
#8910 = CARTESIAN_POINT('',(91.,-13.,80.));
#8911 = CIRCLE('',#8912,6.);
#8912 = AXIS2_PLACEMENT_3D('',#8913,#8914,#8915);
#8913 = CARTESIAN_POINT('',(91.,-7.,80.));
#8914 = DIRECTION('',(0.,0.,1.));
#8915 = DIRECTION('',(1.,0.,0.));
#8916 = ORIENTED_EDGE('',*,*,#8917,.F.);
#8917 = EDGE_CURVE('',#8358,#8909,#8918,.T.);
#8918 = LINE('',#8919,#8920);
#8919 = CARTESIAN_POINT('',(-7.,-13.,80.));
#8920 = VECTOR('',#8921,1.);
#8921 = DIRECTION('',(1.,0.,0.));
#8922 = FACE_BOUND('',#8923,.T.);
#8923 = EDGE_LOOP('',(#8924));
#8924 = ORIENTED_EDGE('',*,*,#8925,.T.);
#8925 = EDGE_CURVE('',#8926,#8926,#8928,.T.);
#8926 = VERTEX_POINT('',#8927);
#8927 = CARTESIAN_POINT('',(95.090163934426,-7.,80.));
#8928 = CIRCLE('',#8929,4.090163934426);
#8929 = AXIS2_PLACEMENT_3D('',#8930,#8931,#8932);
#8930 = CARTESIAN_POINT('',(91.,-7.,80.));
#8931 = DIRECTION('',(0.,0.,1.));
#8932 = DIRECTION('',(1.,0.,0.));
#8933 = FACE_BOUND('',#8934,.T.);
#8934 = EDGE_LOOP('',(#8935,#8946,#8955,#8964,#8972,#8980,#8988,#8995,
    #8996,#9005));
#8935 = ORIENTED_EDGE('',*,*,#8936,.F.);
#8936 = EDGE_CURVE('',#8937,#8939,#8941,.T.);
#8937 = VERTEX_POINT('',#8938);
#8938 = CARTESIAN_POINT('',(85.882843258351,-3.867156741649,80.));
#8939 = VERTEX_POINT('',#8940);
#8940 = CARTESIAN_POINT('',(85.,-4.,80.));
#8941 = CIRCLE('',#8942,3.);
#8942 = AXIS2_PLACEMENT_3D('',#8943,#8944,#8945);
#8943 = CARTESIAN_POINT('',(85.,-1.,80.));
#8944 = DIRECTION('',(0.,0.,-1.));
#8945 = DIRECTION('',(1.,0.,0.));
#8946 = ORIENTED_EDGE('',*,*,#8947,.F.);
#8947 = EDGE_CURVE('',#8948,#8937,#8950,.T.);
#8948 = VERTEX_POINT('',#8949);
#8949 = CARTESIAN_POINT('',(87.867156741649,-1.882843258351,80.));
#8950 = CIRCLE('',#8951,6.);
#8951 = AXIS2_PLACEMENT_3D('',#8952,#8953,#8954);
#8952 = CARTESIAN_POINT('',(91.,-7.,80.));
#8953 = DIRECTION('',(0.,0.,1.));
#8954 = DIRECTION('',(1.,0.,0.));
#8955 = ORIENTED_EDGE('',*,*,#8956,.F.);
#8956 = EDGE_CURVE('',#8957,#8948,#8959,.T.);
#8957 = VERTEX_POINT('',#8958);
#8958 = CARTESIAN_POINT('',(88.,-1.,80.));
#8959 = CIRCLE('',#8960,3.);
#8960 = AXIS2_PLACEMENT_3D('',#8961,#8962,#8963);
#8961 = CARTESIAN_POINT('',(85.,-1.,80.));
#8962 = DIRECTION('',(0.,0.,-1.));
#8963 = DIRECTION('',(1.,0.,0.));
#8964 = ORIENTED_EDGE('',*,*,#8965,.F.);
#8965 = EDGE_CURVE('',#8966,#8957,#8968,.T.);
#8966 = VERTEX_POINT('',#8967);
#8967 = CARTESIAN_POINT('',(88.,1.2,80.));
#8968 = LINE('',#8969,#8970);
#8969 = CARTESIAN_POINT('',(88.,13.5,80.));
#8970 = VECTOR('',#8971,1.);
#8971 = DIRECTION('',(0.,-1.,0.));
#8972 = ORIENTED_EDGE('',*,*,#8973,.F.);
#8973 = EDGE_CURVE('',#8974,#8966,#8976,.T.);
#8974 = VERTEX_POINT('',#8975);
#8975 = CARTESIAN_POINT('',(-4.,1.2,80.));
#8976 = LINE('',#8977,#8978);
#8977 = CARTESIAN_POINT('',(-7.,1.2,80.));
#8978 = VECTOR('',#8979,1.);
#8979 = DIRECTION('',(1.,0.,0.));
#8980 = ORIENTED_EDGE('',*,*,#8981,.T.);
#8981 = EDGE_CURVE('',#8974,#8982,#8984,.T.);
#8982 = VERTEX_POINT('',#8983);
#8983 = CARTESIAN_POINT('',(-4.,-1.,80.));
#8984 = LINE('',#8985,#8986);
#8985 = CARTESIAN_POINT('',(-4.,13.5,80.));
#8986 = VECTOR('',#8987,1.);
#8987 = DIRECTION('',(0.,-1.,0.));
#8988 = ORIENTED_EDGE('',*,*,#8989,.F.);
#8989 = EDGE_CURVE('',#8385,#8982,#8990,.T.);
#8990 = CIRCLE('',#8991,3.);
#8991 = AXIS2_PLACEMENT_3D('',#8992,#8993,#8994);
#8992 = CARTESIAN_POINT('',(-1.,-1.,80.));
#8993 = DIRECTION('',(0.,0.,-1.));
#8994 = DIRECTION('',(1.,0.,0.));
#8995 = ORIENTED_EDGE('',*,*,#8392,.F.);
#8996 = ORIENTED_EDGE('',*,*,#8997,.F.);
#8997 = EDGE_CURVE('',#8998,#8393,#9000,.T.);
#8998 = VERTEX_POINT('',#8999);
#8999 = CARTESIAN_POINT('',(-1.,-4.,80.));
#9000 = CIRCLE('',#9001,3.);
#9001 = AXIS2_PLACEMENT_3D('',#9002,#9003,#9004);
#9002 = CARTESIAN_POINT('',(-1.,-1.,80.));
#9003 = DIRECTION('',(0.,0.,-1.));
#9004 = DIRECTION('',(1.,0.,0.));
#9005 = ORIENTED_EDGE('',*,*,#9006,.T.);
#9006 = EDGE_CURVE('',#8998,#8939,#9007,.T.);
#9007 = LINE('',#9008,#9009);
#9008 = CARTESIAN_POINT('',(20.5,-4.,80.));
#9009 = VECTOR('',#9010,1.);
#9010 = DIRECTION('',(1.,0.,0.));
#9011 = FACE_BOUND('',#9012,.T.);
#9012 = EDGE_LOOP('',(#9013));
#9013 = ORIENTED_EDGE('',*,*,#9014,.T.);
#9014 = EDGE_CURVE('',#9015,#9015,#9017,.T.);
#9015 = VERTEX_POINT('',#9016);
#9016 = CARTESIAN_POINT('',(-2.909836065574,-7.,80.));
#9017 = CIRCLE('',#9018,4.090163934426);
#9018 = AXIS2_PLACEMENT_3D('',#9019,#9020,#9021);
#9019 = CARTESIAN_POINT('',(-7.,-7.,80.));
#9020 = DIRECTION('',(0.,0.,1.));
#9021 = DIRECTION('',(1.,0.,0.));
#9022 = FACE_BOUND('',#9023,.T.);
#9023 = EDGE_LOOP('',(#9024));
#9024 = ORIENTED_EDGE('',*,*,#9025,.T.);
#9025 = EDGE_CURVE('',#9026,#9026,#9028,.T.);
#9026 = VERTEX_POINT('',#9027);
#9027 = CARTESIAN_POINT('',(95.090163934426,63.,80.));
#9028 = CIRCLE('',#9029,4.090163934426);
#9029 = AXIS2_PLACEMENT_3D('',#9030,#9031,#9032);
#9030 = CARTESIAN_POINT('',(91.,63.,80.));
#9031 = DIRECTION('',(0.,0.,1.));
#9032 = DIRECTION('',(1.,0.,0.));
#9033 = FACE_BOUND('',#9034,.T.);
#9034 = EDGE_LOOP('',(#9035,#9045,#9053,#9061));
#9035 = ORIENTED_EDGE('',*,*,#9036,.F.);
#9036 = EDGE_CURVE('',#9037,#9039,#9041,.T.);
#9037 = VERTEX_POINT('',#9038);
#9038 = CARTESIAN_POINT('',(88.,50.2,80.));
#9039 = VERTEX_POINT('',#9040);
#9040 = CARTESIAN_POINT('',(88.,5.8,80.));
#9041 = LINE('',#9042,#9043);
#9042 = CARTESIAN_POINT('',(88.,13.5,80.));
#9043 = VECTOR('',#9044,1.);
#9044 = DIRECTION('',(0.,-1.,0.));
#9045 = ORIENTED_EDGE('',*,*,#9046,.F.);
#9046 = EDGE_CURVE('',#9047,#9037,#9049,.T.);
#9047 = VERTEX_POINT('',#9048);
#9048 = CARTESIAN_POINT('',(-4.,50.2,80.));
#9049 = LINE('',#9050,#9051);
#9050 = CARTESIAN_POINT('',(-7.,50.2,80.));
#9051 = VECTOR('',#9052,1.);
#9052 = DIRECTION('',(1.,0.,0.));
#9053 = ORIENTED_EDGE('',*,*,#9054,.T.);
#9054 = EDGE_CURVE('',#9047,#9055,#9057,.T.);
#9055 = VERTEX_POINT('',#9056);
#9056 = CARTESIAN_POINT('',(-4.,5.8,80.));
#9057 = LINE('',#9058,#9059);
#9058 = CARTESIAN_POINT('',(-4.,13.5,80.));
#9059 = VECTOR('',#9060,1.);
#9060 = DIRECTION('',(0.,-1.,0.));
#9061 = ORIENTED_EDGE('',*,*,#9062,.T.);
#9062 = EDGE_CURVE('',#9055,#9039,#9063,.T.);
#9063 = LINE('',#9064,#9065);
#9064 = CARTESIAN_POINT('',(-7.,5.8,80.));
#9065 = VECTOR('',#9066,1.);
#9066 = DIRECTION('',(1.,0.,0.));
#9067 = FACE_BOUND('',#9068,.T.);
#9068 = EDGE_LOOP('',(#9069,#9080,#9089,#9098,#9106,#9113,#9114,#9123,
    #9131,#9139));
#9069 = ORIENTED_EDGE('',*,*,#9070,.F.);
#9070 = EDGE_CURVE('',#9071,#9073,#9075,.T.);
#9071 = VERTEX_POINT('',#9072);
#9072 = CARTESIAN_POINT('',(87.867156741649,57.882843258351,80.));
#9073 = VERTEX_POINT('',#9074);
#9074 = CARTESIAN_POINT('',(88.,57.,80.));
#9075 = CIRCLE('',#9076,3.);
#9076 = AXIS2_PLACEMENT_3D('',#9077,#9078,#9079);
#9077 = CARTESIAN_POINT('',(85.,57.,80.));
#9078 = DIRECTION('',(0.,0.,-1.));
#9079 = DIRECTION('',(1.,0.,0.));
#9080 = ORIENTED_EDGE('',*,*,#9081,.F.);
#9081 = EDGE_CURVE('',#9082,#9071,#9084,.T.);
#9082 = VERTEX_POINT('',#9083);
#9083 = CARTESIAN_POINT('',(85.882843258351,59.867156741649,80.));
#9084 = CIRCLE('',#9085,6.);
#9085 = AXIS2_PLACEMENT_3D('',#9086,#9087,#9088);
#9086 = CARTESIAN_POINT('',(91.,63.,80.));
#9087 = DIRECTION('',(0.,0.,1.));
#9088 = DIRECTION('',(1.,0.,0.));
#9089 = ORIENTED_EDGE('',*,*,#9090,.F.);
#9090 = EDGE_CURVE('',#9091,#9082,#9093,.T.);
#9091 = VERTEX_POINT('',#9092);
#9092 = CARTESIAN_POINT('',(85.,60.,80.));
#9093 = CIRCLE('',#9094,3.);
#9094 = AXIS2_PLACEMENT_3D('',#9095,#9096,#9097);
#9095 = CARTESIAN_POINT('',(85.,57.,80.));
#9096 = DIRECTION('',(0.,0.,-1.));
#9097 = DIRECTION('',(1.,0.,0.));
#9098 = ORIENTED_EDGE('',*,*,#9099,.F.);
#9099 = EDGE_CURVE('',#9100,#9091,#9102,.T.);
#9100 = VERTEX_POINT('',#9101);
#9101 = CARTESIAN_POINT('',(-1.,60.,80.));
#9102 = LINE('',#9103,#9104);
#9103 = CARTESIAN_POINT('',(20.5,60.,80.));
#9104 = VECTOR('',#9105,1.);
#9105 = DIRECTION('',(1.,0.,0.));
#9106 = ORIENTED_EDGE('',*,*,#9107,.F.);
#9107 = EDGE_CURVE('',#8800,#9100,#9108,.T.);
#9108 = CIRCLE('',#9109,3.);
#9109 = AXIS2_PLACEMENT_3D('',#9110,#9111,#9112);
#9110 = CARTESIAN_POINT('',(-1.,57.,80.));
#9111 = DIRECTION('',(0.,0.,-1.));
#9112 = DIRECTION('',(1.,0.,0.));
#9113 = ORIENTED_EDGE('',*,*,#8807,.F.);
#9114 = ORIENTED_EDGE('',*,*,#9115,.F.);
#9115 = EDGE_CURVE('',#9116,#8808,#9118,.T.);
#9116 = VERTEX_POINT('',#9117);
#9117 = CARTESIAN_POINT('',(-4.,57.,80.));
#9118 = CIRCLE('',#9119,3.);
#9119 = AXIS2_PLACEMENT_3D('',#9120,#9121,#9122);
#9120 = CARTESIAN_POINT('',(-1.,57.,80.));
#9121 = DIRECTION('',(0.,0.,-1.));
#9122 = DIRECTION('',(1.,0.,0.));
#9123 = ORIENTED_EDGE('',*,*,#9124,.T.);
#9124 = EDGE_CURVE('',#9116,#9125,#9127,.T.);
#9125 = VERTEX_POINT('',#9126);
#9126 = CARTESIAN_POINT('',(-4.,54.8,80.));
#9127 = LINE('',#9128,#9129);
#9128 = CARTESIAN_POINT('',(-4.,13.5,80.));
#9129 = VECTOR('',#9130,1.);
#9130 = DIRECTION('',(0.,-1.,0.));
#9131 = ORIENTED_EDGE('',*,*,#9132,.T.);
#9132 = EDGE_CURVE('',#9125,#9133,#9135,.T.);
#9133 = VERTEX_POINT('',#9134);
#9134 = CARTESIAN_POINT('',(88.,54.8,80.));
#9135 = LINE('',#9136,#9137);
#9136 = CARTESIAN_POINT('',(-7.,54.8,80.));
#9137 = VECTOR('',#9138,1.);
#9138 = DIRECTION('',(1.,0.,0.));
#9139 = ORIENTED_EDGE('',*,*,#9140,.F.);
#9140 = EDGE_CURVE('',#9073,#9133,#9141,.T.);
#9141 = LINE('',#9142,#9143);
#9142 = CARTESIAN_POINT('',(88.,13.5,80.));
#9143 = VECTOR('',#9144,1.);
#9144 = DIRECTION('',(0.,-1.,0.));
#9145 = FACE_BOUND('',#9146,.T.);
#9146 = EDGE_LOOP('',(#9147));
#9147 = ORIENTED_EDGE('',*,*,#9148,.T.);
#9148 = EDGE_CURVE('',#9149,#9149,#9151,.T.);
#9149 = VERTEX_POINT('',#9150);
#9150 = CARTESIAN_POINT('',(-2.909836065574,63.,80.));
#9151 = CIRCLE('',#9152,4.090163934426);
#9152 = AXIS2_PLACEMENT_3D('',#9153,#9154,#9155);
#9153 = CARTESIAN_POINT('',(-7.,63.,80.));
#9154 = DIRECTION('',(0.,0.,1.));
#9155 = DIRECTION('',(1.,0.,0.));
#9156 = PLANE('',#9157);
#9157 = AXIS2_PLACEMENT_3D('',#9158,#9159,#9160);
#9158 = CARTESIAN_POINT('',(42.,28.,80.));
#9159 = DIRECTION('',(-0.,-0.,-1.));
#9160 = DIRECTION('',(-1.,0.,0.));
#9161 = ADVANCED_FACE('',(#9162),#9180,.F.);
#9162 = FACE_BOUND('',#9163,.F.);
#9163 = EDGE_LOOP('',(#9164,#9165,#9166,#9174));
#9164 = ORIENTED_EDGE('',*,*,#8917,.F.);
#9165 = ORIENTED_EDGE('',*,*,#8357,.T.);
#9166 = ORIENTED_EDGE('',*,*,#9167,.T.);
#9167 = EDGE_CURVE('',#8360,#9168,#9170,.T.);
#9168 = VERTEX_POINT('',#9169);
#9169 = CARTESIAN_POINT('',(91.,-13.,86.));
#9170 = LINE('',#9171,#9172);
#9171 = CARTESIAN_POINT('',(-7.,-13.,86.));
#9172 = VECTOR('',#9173,1.);
#9173 = DIRECTION('',(1.,0.,0.));
#9174 = ORIENTED_EDGE('',*,*,#9175,.F.);
#9175 = EDGE_CURVE('',#8909,#9168,#9176,.T.);
#9176 = LINE('',#9177,#9178);
#9177 = CARTESIAN_POINT('',(91.,-13.,80.));
#9178 = VECTOR('',#9179,1.);
#9179 = DIRECTION('',(0.,0.,1.));
#9180 = PLANE('',#9181);
#9181 = AXIS2_PLACEMENT_3D('',#9182,#9183,#9184);
#9182 = CARTESIAN_POINT('',(-7.,-13.,80.));
#9183 = DIRECTION('',(0.,1.,0.));
#9184 = DIRECTION('',(0.,0.,1.));
#9185 = ADVANCED_FACE('',(#9186),#9197,.F.);
#9186 = FACE_BOUND('',#9187,.T.);
#9187 = EDGE_LOOP('',(#9188,#9189,#9190,#9196));
#9188 = ORIENTED_EDGE('',*,*,#8384,.T.);
#9189 = ORIENTED_EDGE('',*,*,#8989,.T.);
#9190 = ORIENTED_EDGE('',*,*,#9191,.T.);
#9191 = EDGE_CURVE('',#8982,#8451,#9192,.T.);
#9192 = LINE('',#9193,#9194);
#9193 = CARTESIAN_POINT('',(-4.,-1.,79.));
#9194 = VECTOR('',#9195,1.);
#9195 = DIRECTION('',(0.,0.,1.));
#9196 = ORIENTED_EDGE('',*,*,#8450,.F.);
#9197 = CYLINDRICAL_SURFACE('',#9198,3.);
#9198 = AXIS2_PLACEMENT_3D('',#9199,#9200,#9201);
#9199 = CARTESIAN_POINT('',(-1.,-1.,79.));
#9200 = DIRECTION('',(-0.,-0.,-1.));
#9201 = DIRECTION('',(1.,0.,0.));
#9202 = ADVANCED_FACE('',(#9203),#9222,.F.);
#9203 = FACE_BOUND('',#9204,.T.);
#9204 = EDGE_LOOP('',(#9205,#9213,#9214,#9215));
#9205 = ORIENTED_EDGE('',*,*,#9206,.F.);
#9206 = EDGE_CURVE('',#8998,#9207,#9209,.T.);
#9207 = VERTEX_POINT('',#9208);
#9208 = CARTESIAN_POINT('',(-1.,-4.,86.));
#9209 = LINE('',#9210,#9211);
#9210 = CARTESIAN_POINT('',(-1.,-4.,79.));
#9211 = VECTOR('',#9212,1.);
#9212 = DIRECTION('',(0.,0.,1.));
#9213 = ORIENTED_EDGE('',*,*,#8997,.T.);
#9214 = ORIENTED_EDGE('',*,*,#8401,.F.);
#9215 = ORIENTED_EDGE('',*,*,#9216,.F.);
#9216 = EDGE_CURVE('',#9207,#8402,#9217,.T.);
#9217 = CIRCLE('',#9218,3.);
#9218 = AXIS2_PLACEMENT_3D('',#9219,#9220,#9221);
#9219 = CARTESIAN_POINT('',(-1.,-1.,86.));
#9220 = DIRECTION('',(0.,0.,-1.));
#9221 = DIRECTION('',(1.,0.,0.));
#9222 = CYLINDRICAL_SURFACE('',#9223,3.);
#9223 = AXIS2_PLACEMENT_3D('',#9224,#9225,#9226);
#9224 = CARTESIAN_POINT('',(-1.,-1.,79.));
#9225 = DIRECTION('',(-0.,-0.,-1.));
#9226 = DIRECTION('',(1.,0.,0.));
#9227 = ADVANCED_FACE('',(#9228),#9258,.T.);
#9228 = FACE_BOUND('',#9229,.T.);
#9229 = EDGE_LOOP('',(#9230,#9231,#9232,#9241,#9250,#9256,#9257));
#9230 = ORIENTED_EDGE('',*,*,#8433,.T.);
#9231 = ORIENTED_EDGE('',*,*,#9167,.T.);
#9232 = ORIENTED_EDGE('',*,*,#9233,.T.);
#9233 = EDGE_CURVE('',#9168,#9234,#9236,.T.);
#9234 = VERTEX_POINT('',#9235);
#9235 = CARTESIAN_POINT('',(85.882843258351,-3.867156741649,86.));
#9236 = CIRCLE('',#9237,6.);
#9237 = AXIS2_PLACEMENT_3D('',#9238,#9239,#9240);
#9238 = CARTESIAN_POINT('',(91.,-7.,86.));
#9239 = DIRECTION('',(0.,0.,-1.));
#9240 = DIRECTION('',(1.,0.,0.));
#9241 = ORIENTED_EDGE('',*,*,#9242,.T.);
#9242 = EDGE_CURVE('',#9234,#9243,#9245,.T.);
#9243 = VERTEX_POINT('',#9244);
#9244 = CARTESIAN_POINT('',(85.,-4.,86.));
#9245 = CIRCLE('',#9246,3.);
#9246 = AXIS2_PLACEMENT_3D('',#9247,#9248,#9249);
#9247 = CARTESIAN_POINT('',(85.,-1.,86.));
#9248 = DIRECTION('',(0.,0.,-1.));
#9249 = DIRECTION('',(1.,0.,0.));
#9250 = ORIENTED_EDGE('',*,*,#9251,.T.);
#9251 = EDGE_CURVE('',#9243,#9207,#9252,.T.);
#9252 = LINE('',#9253,#9254);
#9253 = CARTESIAN_POINT('',(20.5,-4.,86.));
#9254 = VECTOR('',#9255,1.);
#9255 = DIRECTION('',(-1.,0.,0.));
#9256 = ORIENTED_EDGE('',*,*,#9216,.T.);
#9257 = ORIENTED_EDGE('',*,*,#8409,.T.);
#9258 = PLANE('',#9259);
#9259 = AXIS2_PLACEMENT_3D('',#9260,#9261,#9262);
#9260 = CARTESIAN_POINT('',(42.,28.,86.));
#9261 = DIRECTION('',(0.,0.,1.));
#9262 = DIRECTION('',(1.,0.,0.));
#9263 = ADVANCED_FACE('',(#9264,#9267),#9278,.T.);
#9264 = FACE_BOUND('',#9265,.T.);
#9265 = EDGE_LOOP('',(#9266));
#9266 = ORIENTED_EDGE('',*,*,#8425,.T.);
#9267 = FACE_BOUND('',#9268,.T.);
#9268 = EDGE_LOOP('',(#9269));
#9269 = ORIENTED_EDGE('',*,*,#9270,.F.);
#9270 = EDGE_CURVE('',#9271,#9271,#9273,.T.);
#9271 = VERTEX_POINT('',#9272);
#9272 = CARTESIAN_POINT('',(-4.,-7.,120.));
#9273 = CIRCLE('',#9274,3.);
#9274 = AXIS2_PLACEMENT_3D('',#9275,#9276,#9277);
#9275 = CARTESIAN_POINT('',(-7.,-7.,120.));
#9276 = DIRECTION('',(0.,0.,1.));
#9277 = DIRECTION('',(1.,0.,0.));
#9278 = PLANE('',#9279);
#9279 = AXIS2_PLACEMENT_3D('',#9280,#9281,#9282);
#9280 = CARTESIAN_POINT('',(-7.,-7.,120.));
#9281 = DIRECTION('',(0.,0.,1.));
#9282 = DIRECTION('',(1.,0.,0.));
#9283 = ADVANCED_FACE('',(#9284),#9295,.F.);
#9284 = FACE_BOUND('',#9285,.F.);
#9285 = EDGE_LOOP('',(#9286,#9287,#9293,#9294));
#9286 = ORIENTED_EDGE('',*,*,#8628,.F.);
#9287 = ORIENTED_EDGE('',*,*,#9288,.T.);
#9288 = EDGE_CURVE('',#8621,#8671,#9289,.T.);
#9289 = LINE('',#9290,#9291);
#9290 = CARTESIAN_POINT('',(-10.1,2.,85.3));
#9291 = VECTOR('',#9292,1.);
#9292 = DIRECTION('',(0.,1.,0.));
#9293 = ORIENTED_EDGE('',*,*,#8670,.T.);
#9294 = ORIENTED_EDGE('',*,*,#8581,.F.);
#9295 = PLANE('',#9296);
#9296 = AXIS2_PLACEMENT_3D('',#9297,#9298,#9299);
#9297 = CARTESIAN_POINT('',(-10.1,2.,83.));
#9298 = DIRECTION('',(1.,0.,0.));
#9299 = DIRECTION('',(0.,0.,1.));
#9300 = ADVANCED_FACE('',(#9301),#9312,.F.);
#9301 = FACE_BOUND('',#9302,.F.);
#9302 = EDGE_LOOP('',(#9303,#9304,#9310,#9311));
#9303 = ORIENTED_EDGE('',*,*,#8725,.F.);
#9304 = ORIENTED_EDGE('',*,*,#9305,.T.);
#9305 = EDGE_CURVE('',#8718,#8768,#9306,.T.);
#9306 = LINE('',#9307,#9308);
#9307 = CARTESIAN_POINT('',(-10.1,51.,85.3));
#9308 = VECTOR('',#9309,1.);
#9309 = DIRECTION('',(0.,1.,0.));
#9310 = ORIENTED_EDGE('',*,*,#8767,.T.);
#9311 = ORIENTED_EDGE('',*,*,#8558,.F.);
#9312 = PLANE('',#9313);
#9313 = AXIS2_PLACEMENT_3D('',#9314,#9315,#9316);
#9314 = CARTESIAN_POINT('',(-10.1,51.,83.));
#9315 = DIRECTION('',(1.,0.,0.));
#9316 = DIRECTION('',(0.,0.,1.));
#9317 = ADVANCED_FACE('',(#9318),#9329,.F.);
#9318 = FACE_BOUND('',#9319,.T.);
#9319 = EDGE_LOOP('',(#9320,#9326,#9327,#9328));
#9320 = ORIENTED_EDGE('',*,*,#9321,.F.);
#9321 = EDGE_CURVE('',#9116,#8526,#9322,.T.);
#9322 = LINE('',#9323,#9324);
#9323 = CARTESIAN_POINT('',(-4.,57.,79.));
#9324 = VECTOR('',#9325,1.);
#9325 = DIRECTION('',(0.,0.,1.));
#9326 = ORIENTED_EDGE('',*,*,#9115,.T.);
#9327 = ORIENTED_EDGE('',*,*,#8816,.F.);
#9328 = ORIENTED_EDGE('',*,*,#8533,.F.);
#9329 = CYLINDRICAL_SURFACE('',#9330,3.);
#9330 = AXIS2_PLACEMENT_3D('',#9331,#9332,#9333);
#9331 = CARTESIAN_POINT('',(-1.,57.,79.));
#9332 = DIRECTION('',(-0.,-0.,-1.));
#9333 = DIRECTION('',(1.,0.,0.));
#9334 = ADVANCED_FACE('',(#9335),#9346,.T.);
#9335 = FACE_BOUND('',#9336,.T.);
#9336 = EDGE_LOOP('',(#9337,#9343,#9344,#9345));
#9337 = ORIENTED_EDGE('',*,*,#9338,.F.);
#9338 = EDGE_CURVE('',#9125,#8518,#9339,.T.);
#9339 = LINE('',#9340,#9341);
#9340 = CARTESIAN_POINT('',(-4.,54.8,79.5));
#9341 = VECTOR('',#9342,1.);
#9342 = DIRECTION('',(0.,0.,1.));
#9343 = ORIENTED_EDGE('',*,*,#9124,.F.);
#9344 = ORIENTED_EDGE('',*,*,#9321,.T.);
#9345 = ORIENTED_EDGE('',*,*,#8525,.F.);
#9346 = PLANE('',#9347);
#9347 = AXIS2_PLACEMENT_3D('',#9348,#9349,#9350);
#9348 = CARTESIAN_POINT('',(-4.,-1.,79.));
#9349 = DIRECTION('',(1.,0.,0.));
#9350 = DIRECTION('',(0.,0.,1.));
#9351 = ADVANCED_FACE('',(#9352),#9395,.T.);
#9352 = FACE_BOUND('',#9353,.T.);
#9353 = EDGE_LOOP('',(#9354,#9355,#9356,#9357,#9365,#9373,#9381,#9389));
#9354 = ORIENTED_EDGE('',*,*,#9132,.F.);
#9355 = ORIENTED_EDGE('',*,*,#9338,.T.);
#9356 = ORIENTED_EDGE('',*,*,#8517,.T.);
#9357 = ORIENTED_EDGE('',*,*,#9358,.T.);
#9358 = EDGE_CURVE('',#8509,#9359,#9361,.T.);
#9359 = VERTEX_POINT('',#9360);
#9360 = CARTESIAN_POINT('',(5.426136028426,54.8,86.));
#9361 = LINE('',#9362,#9363);
#9362 = CARTESIAN_POINT('',(-7.,54.8,86.));
#9363 = VECTOR('',#9364,1.);
#9364 = DIRECTION('',(1.,0.,0.));
#9365 = ORIENTED_EDGE('',*,*,#9366,.T.);
#9366 = EDGE_CURVE('',#9359,#9367,#9369,.T.);
#9367 = VERTEX_POINT('',#9368);
#9368 = CARTESIAN_POINT('',(59.573863971574,54.8,86.));
#9369 = LINE('',#9370,#9371);
#9370 = CARTESIAN_POINT('',(-7.,54.8,86.));
#9371 = VECTOR('',#9372,1.);
#9372 = DIRECTION('',(1.,0.,0.));
#9373 = ORIENTED_EDGE('',*,*,#9374,.T.);
#9374 = EDGE_CURVE('',#9367,#9375,#9377,.T.);
#9375 = VERTEX_POINT('',#9376);
#9376 = CARTESIAN_POINT('',(63.426136028426,54.8,86.));
#9377 = LINE('',#9378,#9379);
#9378 = CARTESIAN_POINT('',(-7.,54.8,86.));
#9379 = VECTOR('',#9380,1.);
#9380 = DIRECTION('',(1.,0.,0.));
#9381 = ORIENTED_EDGE('',*,*,#9382,.T.);
#9382 = EDGE_CURVE('',#9375,#9383,#9385,.T.);
#9383 = VERTEX_POINT('',#9384);
#9384 = CARTESIAN_POINT('',(88.,54.8,86.));
#9385 = LINE('',#9386,#9387);
#9386 = CARTESIAN_POINT('',(-7.,54.8,86.));
#9387 = VECTOR('',#9388,1.);
#9388 = DIRECTION('',(1.,0.,0.));
#9389 = ORIENTED_EDGE('',*,*,#9390,.F.);
#9390 = EDGE_CURVE('',#9133,#9383,#9391,.T.);
#9391 = LINE('',#9392,#9393);
#9392 = CARTESIAN_POINT('',(88.,54.8,79.5));
#9393 = VECTOR('',#9394,1.);
#9394 = DIRECTION('',(0.,0.,1.));
#9395 = PLANE('',#9396);
#9396 = AXIS2_PLACEMENT_3D('',#9397,#9398,#9399);
#9397 = CARTESIAN_POINT('',(-7.,54.8,80.));
#9398 = DIRECTION('',(0.,1.,0.));
#9399 = DIRECTION('',(0.,0.,1.));
#9400 = ADVANCED_FACE('',(#9401),#9452,.T.);
#9401 = FACE_BOUND('',#9402,.F.);
#9402 = EDGE_LOOP('',(#9403,#9412,#9420,#9427,#9428,#9437,#9444,#9445));
#9403 = ORIENTED_EDGE('',*,*,#9404,.F.);
#9404 = EDGE_CURVE('',#9405,#9359,#9407,.T.);
#9405 = VERTEX_POINT('',#9406);
#9406 = CARTESIAN_POINT('',(6.5,52.5,86.));
#9407 = CIRCLE('',#9408,3.);
#9408 = AXIS2_PLACEMENT_3D('',#9409,#9410,#9411);
#9409 = CARTESIAN_POINT('',(3.5,52.5,86.));
#9410 = DIRECTION('',(0.,0.,1.));
#9411 = DIRECTION('',(1.,0.,0.));
#9412 = ORIENTED_EDGE('',*,*,#9413,.T.);
#9413 = EDGE_CURVE('',#9405,#9414,#9416,.T.);
#9414 = VERTEX_POINT('',#9415);
#9415 = CARTESIAN_POINT('',(6.5,52.5,89.));
#9416 = LINE('',#9417,#9418);
#9417 = CARTESIAN_POINT('',(6.5,52.5,86.));
#9418 = VECTOR('',#9419,1.);
#9419 = DIRECTION('',(0.,0.,1.));
#9420 = ORIENTED_EDGE('',*,*,#9421,.T.);
#9421 = EDGE_CURVE('',#9414,#9414,#9422,.T.);
#9422 = CIRCLE('',#9423,3.);
#9423 = AXIS2_PLACEMENT_3D('',#9424,#9425,#9426);
#9424 = CARTESIAN_POINT('',(3.5,52.5,89.));
#9425 = DIRECTION('',(0.,0.,1.));
#9426 = DIRECTION('',(1.,0.,0.));
#9427 = ORIENTED_EDGE('',*,*,#9413,.F.);
#9428 = ORIENTED_EDGE('',*,*,#9429,.F.);
#9429 = EDGE_CURVE('',#9430,#9405,#9432,.T.);
#9430 = VERTEX_POINT('',#9431);
#9431 = CARTESIAN_POINT('',(5.426136028426,50.2,86.));
#9432 = CIRCLE('',#9433,3.);
#9433 = AXIS2_PLACEMENT_3D('',#9434,#9435,#9436);
#9434 = CARTESIAN_POINT('',(3.5,52.5,86.));
#9435 = DIRECTION('',(0.,0.,1.));
#9436 = DIRECTION('',(1.,0.,0.));
#9437 = ORIENTED_EDGE('',*,*,#9438,.F.);
#9438 = EDGE_CURVE('',#8501,#9430,#9439,.T.);
#9439 = CIRCLE('',#9440,3.);
#9440 = AXIS2_PLACEMENT_3D('',#9441,#9442,#9443);
#9441 = CARTESIAN_POINT('',(3.5,52.5,86.));
#9442 = DIRECTION('',(0.,0.,1.));
#9443 = DIRECTION('',(1.,0.,0.));
#9444 = ORIENTED_EDGE('',*,*,#8508,.F.);
#9445 = ORIENTED_EDGE('',*,*,#9446,.F.);
#9446 = EDGE_CURVE('',#9359,#8509,#9447,.T.);
#9447 = CIRCLE('',#9448,3.);
#9448 = AXIS2_PLACEMENT_3D('',#9449,#9450,#9451);
#9449 = CARTESIAN_POINT('',(3.5,52.5,86.));
#9450 = DIRECTION('',(0.,0.,1.));
#9451 = DIRECTION('',(1.,0.,0.));
#9452 = CYLINDRICAL_SURFACE('',#9453,3.);
#9453 = AXIS2_PLACEMENT_3D('',#9454,#9455,#9456);
#9454 = CARTESIAN_POINT('',(3.5,52.5,86.));
#9455 = DIRECTION('',(-0.,-0.,-1.));
#9456 = DIRECTION('',(1.,0.,0.));
#9457 = ADVANCED_FACE('',(#9458),#9504,.F.);
#9458 = FACE_BOUND('',#9459,.F.);
#9459 = EDGE_LOOP('',(#9460,#9461,#9467,#9468,#9474,#9482,#9490,#9498));
#9460 = ORIENTED_EDGE('',*,*,#9046,.F.);
#9461 = ORIENTED_EDGE('',*,*,#9462,.T.);
#9462 = EDGE_CURVE('',#9047,#8493,#9463,.T.);
#9463 = LINE('',#9464,#9465);
#9464 = CARTESIAN_POINT('',(-4.,50.2,79.5));
#9465 = VECTOR('',#9466,1.);
#9466 = DIRECTION('',(0.,0.,1.));
#9467 = ORIENTED_EDGE('',*,*,#8500,.T.);
#9468 = ORIENTED_EDGE('',*,*,#9469,.T.);
#9469 = EDGE_CURVE('',#8501,#9430,#9470,.T.);
#9470 = LINE('',#9471,#9472);
#9471 = CARTESIAN_POINT('',(-7.,50.2,86.));
#9472 = VECTOR('',#9473,1.);
#9473 = DIRECTION('',(1.,0.,0.));
#9474 = ORIENTED_EDGE('',*,*,#9475,.T.);
#9475 = EDGE_CURVE('',#9430,#9476,#9478,.T.);
#9476 = VERTEX_POINT('',#9477);
#9477 = CARTESIAN_POINT('',(59.573863971574,50.2,86.));
#9478 = LINE('',#9479,#9480);
#9479 = CARTESIAN_POINT('',(-7.,50.2,86.));
#9480 = VECTOR('',#9481,1.);
#9481 = DIRECTION('',(1.,0.,0.));
#9482 = ORIENTED_EDGE('',*,*,#9483,.T.);
#9483 = EDGE_CURVE('',#9476,#9484,#9486,.T.);
#9484 = VERTEX_POINT('',#9485);
#9485 = CARTESIAN_POINT('',(63.426136028426,50.2,86.));
#9486 = LINE('',#9487,#9488);
#9487 = CARTESIAN_POINT('',(-7.,50.2,86.));
#9488 = VECTOR('',#9489,1.);
#9489 = DIRECTION('',(1.,0.,0.));
#9490 = ORIENTED_EDGE('',*,*,#9491,.T.);
#9491 = EDGE_CURVE('',#9484,#9492,#9494,.T.);
#9492 = VERTEX_POINT('',#9493);
#9493 = CARTESIAN_POINT('',(88.,50.2,86.));
#9494 = LINE('',#9495,#9496);
#9495 = CARTESIAN_POINT('',(-7.,50.2,86.));
#9496 = VECTOR('',#9497,1.);
#9497 = DIRECTION('',(1.,0.,0.));
#9498 = ORIENTED_EDGE('',*,*,#9499,.F.);
#9499 = EDGE_CURVE('',#9037,#9492,#9500,.T.);
#9500 = LINE('',#9501,#9502);
#9501 = CARTESIAN_POINT('',(88.,50.2,79.5));
#9502 = VECTOR('',#9503,1.);
#9503 = DIRECTION('',(0.,0.,1.));
#9504 = PLANE('',#9505);
#9505 = AXIS2_PLACEMENT_3D('',#9506,#9507,#9508);
#9506 = CARTESIAN_POINT('',(-7.,50.2,80.));
#9507 = DIRECTION('',(0.,1.,0.));
#9508 = DIRECTION('',(0.,0.,1.));
#9509 = ADVANCED_FACE('',(#9510),#9521,.T.);
#9510 = FACE_BOUND('',#9511,.T.);
#9511 = EDGE_LOOP('',(#9512,#9518,#9519,#9520));
#9512 = ORIENTED_EDGE('',*,*,#9513,.F.);
#9513 = EDGE_CURVE('',#9055,#8485,#9514,.T.);
#9514 = LINE('',#9515,#9516);
#9515 = CARTESIAN_POINT('',(-4.,5.8,79.5));
#9516 = VECTOR('',#9517,1.);
#9517 = DIRECTION('',(0.,0.,1.));
#9518 = ORIENTED_EDGE('',*,*,#9054,.F.);
#9519 = ORIENTED_EDGE('',*,*,#9462,.T.);
#9520 = ORIENTED_EDGE('',*,*,#8492,.F.);
#9521 = PLANE('',#9522);
#9522 = AXIS2_PLACEMENT_3D('',#9523,#9524,#9525);
#9523 = CARTESIAN_POINT('',(-4.,-1.,79.));
#9524 = DIRECTION('',(1.,0.,0.));
#9525 = DIRECTION('',(0.,0.,1.));
#9526 = ADVANCED_FACE('',(#9527),#9570,.T.);
#9527 = FACE_BOUND('',#9528,.T.);
#9528 = EDGE_LOOP('',(#9529,#9530,#9531,#9532,#9540,#9548,#9556,#9564));
#9529 = ORIENTED_EDGE('',*,*,#9062,.F.);
#9530 = ORIENTED_EDGE('',*,*,#9513,.T.);
#9531 = ORIENTED_EDGE('',*,*,#8484,.T.);
#9532 = ORIENTED_EDGE('',*,*,#9533,.T.);
#9533 = EDGE_CURVE('',#8476,#9534,#9536,.T.);
#9534 = VERTEX_POINT('',#9535);
#9535 = CARTESIAN_POINT('',(5.426136028426,5.8,86.));
#9536 = LINE('',#9537,#9538);
#9537 = CARTESIAN_POINT('',(-7.,5.8,86.));
#9538 = VECTOR('',#9539,1.);
#9539 = DIRECTION('',(1.,0.,0.));
#9540 = ORIENTED_EDGE('',*,*,#9541,.T.);
#9541 = EDGE_CURVE('',#9534,#9542,#9544,.T.);
#9542 = VERTEX_POINT('',#9543);
#9543 = CARTESIAN_POINT('',(59.573863971574,5.8,86.));
#9544 = LINE('',#9545,#9546);
#9545 = CARTESIAN_POINT('',(-7.,5.8,86.));
#9546 = VECTOR('',#9547,1.);
#9547 = DIRECTION('',(1.,0.,0.));
#9548 = ORIENTED_EDGE('',*,*,#9549,.T.);
#9549 = EDGE_CURVE('',#9542,#9550,#9552,.T.);
#9550 = VERTEX_POINT('',#9551);
#9551 = CARTESIAN_POINT('',(63.426136028426,5.8,86.));
#9552 = LINE('',#9553,#9554);
#9553 = CARTESIAN_POINT('',(-7.,5.8,86.));
#9554 = VECTOR('',#9555,1.);
#9555 = DIRECTION('',(1.,0.,0.));
#9556 = ORIENTED_EDGE('',*,*,#9557,.T.);
#9557 = EDGE_CURVE('',#9550,#9558,#9560,.T.);
#9558 = VERTEX_POINT('',#9559);
#9559 = CARTESIAN_POINT('',(88.,5.8,86.));
#9560 = LINE('',#9561,#9562);
#9561 = CARTESIAN_POINT('',(-7.,5.8,86.));
#9562 = VECTOR('',#9563,1.);
#9563 = DIRECTION('',(1.,0.,0.));
#9564 = ORIENTED_EDGE('',*,*,#9565,.F.);
#9565 = EDGE_CURVE('',#9039,#9558,#9566,.T.);
#9566 = LINE('',#9567,#9568);
#9567 = CARTESIAN_POINT('',(88.,5.8,79.5));
#9568 = VECTOR('',#9569,1.);
#9569 = DIRECTION('',(0.,0.,1.));
#9570 = PLANE('',#9571);
#9571 = AXIS2_PLACEMENT_3D('',#9572,#9573,#9574);
#9572 = CARTESIAN_POINT('',(-7.,5.8,80.));
#9573 = DIRECTION('',(0.,1.,0.));
#9574 = DIRECTION('',(0.,0.,1.));
#9575 = ADVANCED_FACE('',(#9576),#9627,.T.);
#9576 = FACE_BOUND('',#9577,.F.);
#9577 = EDGE_LOOP('',(#9578,#9587,#9595,#9602,#9603,#9612,#9619,#9620));
#9578 = ORIENTED_EDGE('',*,*,#9579,.F.);
#9579 = EDGE_CURVE('',#9580,#9534,#9582,.T.);
#9580 = VERTEX_POINT('',#9581);
#9581 = CARTESIAN_POINT('',(6.5,3.5,86.));
#9582 = CIRCLE('',#9583,3.);
#9583 = AXIS2_PLACEMENT_3D('',#9584,#9585,#9586);
#9584 = CARTESIAN_POINT('',(3.5,3.5,86.));
#9585 = DIRECTION('',(0.,0.,1.));
#9586 = DIRECTION('',(1.,0.,0.));
#9587 = ORIENTED_EDGE('',*,*,#9588,.T.);
#9588 = EDGE_CURVE('',#9580,#9589,#9591,.T.);
#9589 = VERTEX_POINT('',#9590);
#9590 = CARTESIAN_POINT('',(6.5,3.5,89.));
#9591 = LINE('',#9592,#9593);
#9592 = CARTESIAN_POINT('',(6.5,3.5,86.));
#9593 = VECTOR('',#9594,1.);
#9594 = DIRECTION('',(0.,0.,1.));
#9595 = ORIENTED_EDGE('',*,*,#9596,.T.);
#9596 = EDGE_CURVE('',#9589,#9589,#9597,.T.);
#9597 = CIRCLE('',#9598,3.);
#9598 = AXIS2_PLACEMENT_3D('',#9599,#9600,#9601);
#9599 = CARTESIAN_POINT('',(3.5,3.5,89.));
#9600 = DIRECTION('',(0.,0.,1.));
#9601 = DIRECTION('',(1.,0.,0.));
#9602 = ORIENTED_EDGE('',*,*,#9588,.F.);
#9603 = ORIENTED_EDGE('',*,*,#9604,.F.);
#9604 = EDGE_CURVE('',#9605,#9580,#9607,.T.);
#9605 = VERTEX_POINT('',#9606);
#9606 = CARTESIAN_POINT('',(5.426136028426,1.2,86.));
#9607 = CIRCLE('',#9608,3.);
#9608 = AXIS2_PLACEMENT_3D('',#9609,#9610,#9611);
#9609 = CARTESIAN_POINT('',(3.5,3.5,86.));
#9610 = DIRECTION('',(0.,0.,1.));
#9611 = DIRECTION('',(1.,0.,0.));
#9612 = ORIENTED_EDGE('',*,*,#9613,.F.);
#9613 = EDGE_CURVE('',#8468,#9605,#9614,.T.);
#9614 = CIRCLE('',#9615,3.);
#9615 = AXIS2_PLACEMENT_3D('',#9616,#9617,#9618);
#9616 = CARTESIAN_POINT('',(3.5,3.5,86.));
#9617 = DIRECTION('',(0.,0.,1.));
#9618 = DIRECTION('',(1.,0.,0.));
#9619 = ORIENTED_EDGE('',*,*,#8475,.F.);
#9620 = ORIENTED_EDGE('',*,*,#9621,.F.);
#9621 = EDGE_CURVE('',#9534,#8476,#9622,.T.);
#9622 = CIRCLE('',#9623,3.);
#9623 = AXIS2_PLACEMENT_3D('',#9624,#9625,#9626);
#9624 = CARTESIAN_POINT('',(3.5,3.5,86.));
#9625 = DIRECTION('',(0.,0.,1.));
#9626 = DIRECTION('',(1.,0.,0.));
#9627 = CYLINDRICAL_SURFACE('',#9628,3.);
#9628 = AXIS2_PLACEMENT_3D('',#9629,#9630,#9631);
#9629 = CARTESIAN_POINT('',(3.5,3.5,86.));
#9630 = DIRECTION('',(-0.,-0.,-1.));
#9631 = DIRECTION('',(1.,0.,0.));
#9632 = ADVANCED_FACE('',(#9633),#9679,.F.);
#9633 = FACE_BOUND('',#9634,.F.);
#9634 = EDGE_LOOP('',(#9635,#9636,#9642,#9643,#9649,#9657,#9665,#9673));
#9635 = ORIENTED_EDGE('',*,*,#8973,.F.);
#9636 = ORIENTED_EDGE('',*,*,#9637,.T.);
#9637 = EDGE_CURVE('',#8974,#8460,#9638,.T.);
#9638 = LINE('',#9639,#9640);
#9639 = CARTESIAN_POINT('',(-4.,1.2,79.5));
#9640 = VECTOR('',#9641,1.);
#9641 = DIRECTION('',(0.,0.,1.));
#9642 = ORIENTED_EDGE('',*,*,#8467,.T.);
#9643 = ORIENTED_EDGE('',*,*,#9644,.T.);
#9644 = EDGE_CURVE('',#8468,#9605,#9645,.T.);
#9645 = LINE('',#9646,#9647);
#9646 = CARTESIAN_POINT('',(-7.,1.2,86.));
#9647 = VECTOR('',#9648,1.);
#9648 = DIRECTION('',(1.,0.,0.));
#9649 = ORIENTED_EDGE('',*,*,#9650,.T.);
#9650 = EDGE_CURVE('',#9605,#9651,#9653,.T.);
#9651 = VERTEX_POINT('',#9652);
#9652 = CARTESIAN_POINT('',(59.573863971574,1.2,86.));
#9653 = LINE('',#9654,#9655);
#9654 = CARTESIAN_POINT('',(-7.,1.2,86.));
#9655 = VECTOR('',#9656,1.);
#9656 = DIRECTION('',(1.,0.,0.));
#9657 = ORIENTED_EDGE('',*,*,#9658,.T.);
#9658 = EDGE_CURVE('',#9651,#9659,#9661,.T.);
#9659 = VERTEX_POINT('',#9660);
#9660 = CARTESIAN_POINT('',(63.426136028426,1.2,86.));
#9661 = LINE('',#9662,#9663);
#9662 = CARTESIAN_POINT('',(-7.,1.2,86.));
#9663 = VECTOR('',#9664,1.);
#9664 = DIRECTION('',(1.,0.,0.));
#9665 = ORIENTED_EDGE('',*,*,#9666,.T.);
#9666 = EDGE_CURVE('',#9659,#9667,#9669,.T.);
#9667 = VERTEX_POINT('',#9668);
#9668 = CARTESIAN_POINT('',(88.,1.2,86.));
#9669 = LINE('',#9670,#9671);
#9670 = CARTESIAN_POINT('',(-7.,1.2,86.));
#9671 = VECTOR('',#9672,1.);
#9672 = DIRECTION('',(1.,0.,0.));
#9673 = ORIENTED_EDGE('',*,*,#9674,.F.);
#9674 = EDGE_CURVE('',#8966,#9667,#9675,.T.);
#9675 = LINE('',#9676,#9677);
#9676 = CARTESIAN_POINT('',(88.,1.2,79.5));
#9677 = VECTOR('',#9678,1.);
#9678 = DIRECTION('',(0.,0.,1.));
#9679 = PLANE('',#9680);
#9680 = AXIS2_PLACEMENT_3D('',#9681,#9682,#9683);
#9681 = CARTESIAN_POINT('',(-7.,1.2,80.));
#9682 = DIRECTION('',(0.,1.,0.));
#9683 = DIRECTION('',(0.,0.,1.));
#9684 = ADVANCED_FACE('',(#9685),#9691,.T.);
#9685 = FACE_BOUND('',#9686,.T.);
#9686 = EDGE_LOOP('',(#9687,#9688,#9689,#9690));
#9687 = ORIENTED_EDGE('',*,*,#9191,.F.);
#9688 = ORIENTED_EDGE('',*,*,#8981,.F.);
#9689 = ORIENTED_EDGE('',*,*,#9637,.T.);
#9690 = ORIENTED_EDGE('',*,*,#8459,.F.);
#9691 = PLANE('',#9692);
#9692 = AXIS2_PLACEMENT_3D('',#9693,#9694,#9695);
#9693 = CARTESIAN_POINT('',(-4.,-1.,79.));
#9694 = DIRECTION('',(1.,0.,0.));
#9695 = DIRECTION('',(0.,0.,1.));
#9696 = ADVANCED_FACE('',(#9697),#9708,.F.);
#9697 = FACE_BOUND('',#9698,.F.);
#9698 = EDGE_LOOP('',(#9699,#9700,#9701,#9707));
#9699 = ORIENTED_EDGE('',*,*,#9288,.F.);
#9700 = ORIENTED_EDGE('',*,*,#8620,.T.);
#9701 = ORIENTED_EDGE('',*,*,#9702,.T.);
#9702 = EDGE_CURVE('',#8613,#8679,#9703,.T.);
#9703 = LINE('',#9704,#9705);
#9704 = CARTESIAN_POINT('',(-3.95,2.,85.3));
#9705 = VECTOR('',#9706,1.);
#9706 = DIRECTION('',(0.,1.,0.));
#9707 = ORIENTED_EDGE('',*,*,#8678,.F.);
#9708 = PLANE('',#9709);
#9709 = AXIS2_PLACEMENT_3D('',#9710,#9711,#9712);
#9710 = CARTESIAN_POINT('',(-13.05,2.,85.3));
#9711 = DIRECTION('',(0.,0.,1.));
#9712 = DIRECTION('',(1.,0.,0.));
#9713 = ADVANCED_FACE('',(#9714),#9720,.F.);
#9714 = FACE_BOUND('',#9715,.F.);
#9715 = EDGE_LOOP('',(#9716,#9717,#9718,#9719));
#9716 = ORIENTED_EDGE('',*,*,#8612,.F.);
#9717 = ORIENTED_EDGE('',*,*,#8645,.T.);
#9718 = ORIENTED_EDGE('',*,*,#8686,.T.);
#9719 = ORIENTED_EDGE('',*,*,#9702,.F.);
#9720 = PLANE('',#9721);
#9721 = AXIS2_PLACEMENT_3D('',#9722,#9723,#9724);
#9722 = CARTESIAN_POINT('',(-3.95,2.,83.));
#9723 = DIRECTION('',(1.,0.,0.));
#9724 = DIRECTION('',(0.,0.,1.));
#9725 = ADVANCED_FACE('',(#9726),#9737,.F.);
#9726 = FACE_BOUND('',#9727,.F.);
#9727 = EDGE_LOOP('',(#9728,#9729,#9730,#9736));
#9728 = ORIENTED_EDGE('',*,*,#9305,.F.);
#9729 = ORIENTED_EDGE('',*,*,#8717,.T.);
#9730 = ORIENTED_EDGE('',*,*,#9731,.T.);
#9731 = EDGE_CURVE('',#8710,#8776,#9732,.T.);
#9732 = LINE('',#9733,#9734);
#9733 = CARTESIAN_POINT('',(-3.95,51.,85.3));
#9734 = VECTOR('',#9735,1.);
#9735 = DIRECTION('',(0.,1.,0.));
#9736 = ORIENTED_EDGE('',*,*,#8775,.F.);
#9737 = PLANE('',#9738);
#9738 = AXIS2_PLACEMENT_3D('',#9739,#9740,#9741);
#9739 = CARTESIAN_POINT('',(-13.05,51.,85.3));
#9740 = DIRECTION('',(0.,0.,1.));
#9741 = DIRECTION('',(1.,0.,0.));
#9742 = ADVANCED_FACE('',(#9743),#9749,.F.);
#9743 = FACE_BOUND('',#9744,.F.);
#9744 = EDGE_LOOP('',(#9745,#9746,#9747,#9748));
#9745 = ORIENTED_EDGE('',*,*,#8709,.F.);
#9746 = ORIENTED_EDGE('',*,*,#8742,.T.);
#9747 = ORIENTED_EDGE('',*,*,#8783,.T.);
#9748 = ORIENTED_EDGE('',*,*,#9731,.F.);
#9749 = PLANE('',#9750);
#9750 = AXIS2_PLACEMENT_3D('',#9751,#9752,#9753);
#9751 = CARTESIAN_POINT('',(-3.95,51.,83.));
#9752 = DIRECTION('',(1.,0.,0.));
#9753 = DIRECTION('',(0.,0.,1.));
#9754 = ADVANCED_FACE('',(#9755),#9774,.F.);
#9755 = FACE_BOUND('',#9756,.T.);
#9756 = EDGE_LOOP('',(#9757,#9758,#9759,#9767));
#9757 = ORIENTED_EDGE('',*,*,#8797,.T.);
#9758 = ORIENTED_EDGE('',*,*,#9107,.T.);
#9759 = ORIENTED_EDGE('',*,*,#9760,.T.);
#9760 = EDGE_CURVE('',#9100,#9761,#9763,.T.);
#9761 = VERTEX_POINT('',#9762);
#9762 = CARTESIAN_POINT('',(-1.,60.,86.));
#9763 = LINE('',#9764,#9765);
#9764 = CARTESIAN_POINT('',(-1.,60.,79.));
#9765 = VECTOR('',#9766,1.);
#9766 = DIRECTION('',(0.,0.,1.));
#9767 = ORIENTED_EDGE('',*,*,#9768,.F.);
#9768 = EDGE_CURVE('',#8798,#9761,#9769,.T.);
#9769 = CIRCLE('',#9770,3.);
#9770 = AXIS2_PLACEMENT_3D('',#9771,#9772,#9773);
#9771 = CARTESIAN_POINT('',(-1.,57.,86.));
#9772 = DIRECTION('',(0.,0.,-1.));
#9773 = DIRECTION('',(1.,0.,0.));
#9774 = CYLINDRICAL_SURFACE('',#9775,3.);
#9775 = AXIS2_PLACEMENT_3D('',#9776,#9777,#9778);
#9776 = CARTESIAN_POINT('',(-1.,57.,79.));
#9777 = DIRECTION('',(-0.,-0.,-1.));
#9778 = DIRECTION('',(1.,0.,0.));
#9779 = ADVANCED_FACE('',(#9780),#9798,.T.);
#9780 = FACE_BOUND('',#9781,.T.);
#9781 = EDGE_LOOP('',(#9782,#9783,#9784,#9792));
#9782 = ORIENTED_EDGE('',*,*,#8883,.F.);
#9783 = ORIENTED_EDGE('',*,*,#8833,.T.);
#9784 = ORIENTED_EDGE('',*,*,#9785,.T.);
#9785 = EDGE_CURVE('',#8834,#9786,#9788,.T.);
#9786 = VERTEX_POINT('',#9787);
#9787 = CARTESIAN_POINT('',(91.,69.,86.));
#9788 = LINE('',#9789,#9790);
#9789 = CARTESIAN_POINT('',(-7.,69.,86.));
#9790 = VECTOR('',#9791,1.);
#9791 = DIRECTION('',(1.,0.,0.));
#9792 = ORIENTED_EDGE('',*,*,#9793,.F.);
#9793 = EDGE_CURVE('',#8884,#9786,#9794,.T.);
#9794 = LINE('',#9795,#9796);
#9795 = CARTESIAN_POINT('',(91.,69.,80.));
#9796 = VECTOR('',#9797,1.);
#9797 = DIRECTION('',(0.,0.,1.));
#9798 = PLANE('',#9799);
#9799 = AXIS2_PLACEMENT_3D('',#9800,#9801,#9802);
#9800 = CARTESIAN_POINT('',(-7.,69.,80.));
#9801 = DIRECTION('',(0.,1.,0.));
#9802 = DIRECTION('',(0.,0.,1.));
#9803 = ADVANCED_FACE('',(#9804),#9834,.T.);
#9804 = FACE_BOUND('',#9805,.T.);
#9805 = EDGE_LOOP('',(#9806,#9807,#9808,#9809,#9810,#9818,#9827));
#9806 = ORIENTED_EDGE('',*,*,#9785,.F.);
#9807 = ORIENTED_EDGE('',*,*,#8841,.T.);
#9808 = ORIENTED_EDGE('',*,*,#8865,.T.);
#9809 = ORIENTED_EDGE('',*,*,#9768,.T.);
#9810 = ORIENTED_EDGE('',*,*,#9811,.F.);
#9811 = EDGE_CURVE('',#9812,#9761,#9814,.T.);
#9812 = VERTEX_POINT('',#9813);
#9813 = CARTESIAN_POINT('',(85.,60.,86.));
#9814 = LINE('',#9815,#9816);
#9815 = CARTESIAN_POINT('',(20.5,60.,86.));
#9816 = VECTOR('',#9817,1.);
#9817 = DIRECTION('',(-1.,0.,0.));
#9818 = ORIENTED_EDGE('',*,*,#9819,.T.);
#9819 = EDGE_CURVE('',#9812,#9820,#9822,.T.);
#9820 = VERTEX_POINT('',#9821);
#9821 = CARTESIAN_POINT('',(85.882843258351,59.867156741649,86.));
#9822 = CIRCLE('',#9823,3.);
#9823 = AXIS2_PLACEMENT_3D('',#9824,#9825,#9826);
#9824 = CARTESIAN_POINT('',(85.,57.,86.));
#9825 = DIRECTION('',(0.,0.,-1.));
#9826 = DIRECTION('',(1.,0.,0.));
#9827 = ORIENTED_EDGE('',*,*,#9828,.T.);
#9828 = EDGE_CURVE('',#9820,#9786,#9829,.T.);
#9829 = CIRCLE('',#9830,6.);
#9830 = AXIS2_PLACEMENT_3D('',#9831,#9832,#9833);
#9831 = CARTESIAN_POINT('',(91.,63.,86.));
#9832 = DIRECTION('',(0.,0.,-1.));
#9833 = DIRECTION('',(1.,0.,0.));
#9834 = PLANE('',#9835);
#9835 = AXIS2_PLACEMENT_3D('',#9836,#9837,#9838);
#9836 = CARTESIAN_POINT('',(42.,28.,86.));
#9837 = DIRECTION('',(0.,0.,1.));
#9838 = DIRECTION('',(1.,0.,0.));
#9839 = ADVANCED_FACE('',(#9840,#9843),#9854,.T.);
#9840 = FACE_BOUND('',#9841,.T.);
#9841 = EDGE_LOOP('',(#9842));
#9842 = ORIENTED_EDGE('',*,*,#8857,.T.);
#9843 = FACE_BOUND('',#9844,.T.);
#9844 = EDGE_LOOP('',(#9845));
#9845 = ORIENTED_EDGE('',*,*,#9846,.F.);
#9846 = EDGE_CURVE('',#9847,#9847,#9849,.T.);
#9847 = VERTEX_POINT('',#9848);
#9848 = CARTESIAN_POINT('',(-4.,63.,120.));
#9849 = CIRCLE('',#9850,3.);
#9850 = AXIS2_PLACEMENT_3D('',#9851,#9852,#9853);
#9851 = CARTESIAN_POINT('',(-7.,63.,120.));
#9852 = DIRECTION('',(0.,0.,1.));
#9853 = DIRECTION('',(1.,0.,0.));
#9854 = PLANE('',#9855);
#9855 = AXIS2_PLACEMENT_3D('',#9856,#9857,#9858);
#9856 = CARTESIAN_POINT('',(-7.,63.,120.));
#9857 = DIRECTION('',(0.,0.,1.));
#9858 = DIRECTION('',(1.,0.,0.));
#9859 = ADVANCED_FACE('',(#9860),#9910,.T.);
#9860 = FACE_BOUND('',#9861,.F.);
#9861 = EDGE_LOOP('',(#9862,#9868,#9869,#9877,#9886,#9893,#9900,#9901,
    #9907,#9908,#9909));
#9862 = ORIENTED_EDGE('',*,*,#9863,.T.);
#9863 = EDGE_CURVE('',#9234,#8937,#9864,.T.);
#9864 = LINE('',#9865,#9866);
#9865 = CARTESIAN_POINT('',(85.882843258351,-3.867156741649,79.));
#9866 = VECTOR('',#9867,1.);
#9867 = DIRECTION('',(-0.,-0.,-1.));
#9868 = ORIENTED_EDGE('',*,*,#8947,.F.);
#9869 = ORIENTED_EDGE('',*,*,#9870,.F.);
#9870 = EDGE_CURVE('',#9871,#8948,#9873,.T.);
#9871 = VERTEX_POINT('',#9872);
#9872 = CARTESIAN_POINT('',(87.867156741649,-1.882843258351,86.));
#9873 = LINE('',#9874,#9875);
#9874 = CARTESIAN_POINT('',(87.867156741649,-1.882843258351,79.));
#9875 = VECTOR('',#9876,1.);
#9876 = DIRECTION('',(-0.,-0.,-1.));
#9877 = ORIENTED_EDGE('',*,*,#9878,.T.);
#9878 = EDGE_CURVE('',#9871,#9879,#9881,.T.);
#9879 = VERTEX_POINT('',#9880);
#9880 = CARTESIAN_POINT('',(97.,-7.,86.));
#9881 = CIRCLE('',#9882,6.);
#9882 = AXIS2_PLACEMENT_3D('',#9883,#9884,#9885);
#9883 = CARTESIAN_POINT('',(91.,-7.,86.));
#9884 = DIRECTION('',(0.,0.,-1.));
#9885 = DIRECTION('',(1.,0.,0.));
#9886 = ORIENTED_EDGE('',*,*,#9887,.F.);
#9887 = EDGE_CURVE('',#9888,#9879,#9890,.T.);
#9888 = VERTEX_POINT('',#9889);
#9889 = CARTESIAN_POINT('',(97.,-7.,120.));
#9890 = B_SPLINE_CURVE_WITH_KNOTS('',1,(#9891,#9892),.UNSPECIFIED.,.F.,
  .F.,(2,2),(-40.,-6.),.PIECEWISE_BEZIER_KNOTS.);
#9891 = CARTESIAN_POINT('',(97.,-7.,120.));
#9892 = CARTESIAN_POINT('',(97.,-7.,86.));
#9893 = ORIENTED_EDGE('',*,*,#9894,.T.);
#9894 = EDGE_CURVE('',#9888,#9888,#9895,.T.);
#9895 = CIRCLE('',#9896,6.);
#9896 = AXIS2_PLACEMENT_3D('',#9897,#9898,#9899);
#9897 = CARTESIAN_POINT('',(91.,-7.,120.));
#9898 = DIRECTION('',(0.,0.,1.));
#9899 = DIRECTION('',(1.,0.,0.));
#9900 = ORIENTED_EDGE('',*,*,#9887,.T.);
#9901 = ORIENTED_EDGE('',*,*,#9902,.F.);
#9902 = EDGE_CURVE('',#8901,#9879,#9903,.T.);
#9903 = LINE('',#9904,#9905);
#9904 = CARTESIAN_POINT('',(97.,-7.,80.));
#9905 = VECTOR('',#9906,1.);
#9906 = DIRECTION('',(0.,0.,1.));
#9907 = ORIENTED_EDGE('',*,*,#8908,.F.);
#9908 = ORIENTED_EDGE('',*,*,#9175,.T.);
#9909 = ORIENTED_EDGE('',*,*,#9233,.T.);
#9910 = CYLINDRICAL_SURFACE('',#9911,6.);
#9911 = AXIS2_PLACEMENT_3D('',#9912,#9913,#9914);
#9912 = CARTESIAN_POINT('',(91.,-7.,80.));
#9913 = DIRECTION('',(-0.,-0.,-1.));
#9914 = DIRECTION('',(1.,0.,0.));
#9915 = ADVANCED_FACE('',(#9916),#9934,.T.);
#9916 = FACE_BOUND('',#9917,.T.);
#9917 = EDGE_LOOP('',(#9918,#9919,#9920,#9928));
#9918 = ORIENTED_EDGE('',*,*,#9902,.F.);
#9919 = ORIENTED_EDGE('',*,*,#8900,.T.);
#9920 = ORIENTED_EDGE('',*,*,#9921,.T.);
#9921 = EDGE_CURVE('',#8892,#9922,#9924,.T.);
#9922 = VERTEX_POINT('',#9923);
#9923 = CARTESIAN_POINT('',(97.,63.,86.));
#9924 = LINE('',#9925,#9926);
#9925 = CARTESIAN_POINT('',(97.,63.,80.));
#9926 = VECTOR('',#9927,1.);
#9927 = DIRECTION('',(0.,0.,1.));
#9928 = ORIENTED_EDGE('',*,*,#9929,.F.);
#9929 = EDGE_CURVE('',#9879,#9922,#9930,.T.);
#9930 = LINE('',#9931,#9932);
#9931 = CARTESIAN_POINT('',(97.,-7.,86.));
#9932 = VECTOR('',#9933,1.);
#9933 = DIRECTION('',(0.,1.,0.));
#9934 = PLANE('',#9935);
#9935 = AXIS2_PLACEMENT_3D('',#9936,#9937,#9938);
#9936 = CARTESIAN_POINT('',(97.,-7.,80.));
#9937 = DIRECTION('',(1.,0.,0.));
#9938 = DIRECTION('',(0.,0.,1.));
#9939 = ADVANCED_FACE('',(#9940),#9983,.T.);
#9940 = FACE_BOUND('',#9941,.F.);
#9941 = EDGE_LOOP('',(#9942,#9950,#9951,#9957,#9958,#9959,#9960,#9961,
    #9968,#9975,#9976));
#9942 = ORIENTED_EDGE('',*,*,#9943,.T.);
#9943 = EDGE_CURVE('',#9944,#9071,#9946,.T.);
#9944 = VERTEX_POINT('',#9945);
#9945 = CARTESIAN_POINT('',(87.867156741649,57.882843258351,86.));
#9946 = LINE('',#9947,#9948);
#9947 = CARTESIAN_POINT('',(87.867156741649,57.882843258351,79.));
#9948 = VECTOR('',#9949,1.);
#9949 = DIRECTION('',(-0.,-0.,-1.));
#9950 = ORIENTED_EDGE('',*,*,#9081,.F.);
#9951 = ORIENTED_EDGE('',*,*,#9952,.F.);
#9952 = EDGE_CURVE('',#9820,#9082,#9953,.T.);
#9953 = LINE('',#9954,#9955);
#9954 = CARTESIAN_POINT('',(85.882843258351,59.867156741649,79.));
#9955 = VECTOR('',#9956,1.);
#9956 = DIRECTION('',(-0.,-0.,-1.));
#9957 = ORIENTED_EDGE('',*,*,#9828,.T.);
#9958 = ORIENTED_EDGE('',*,*,#9793,.F.);
#9959 = ORIENTED_EDGE('',*,*,#8891,.F.);
#9960 = ORIENTED_EDGE('',*,*,#9921,.T.);
#9961 = ORIENTED_EDGE('',*,*,#9962,.F.);
#9962 = EDGE_CURVE('',#9963,#9922,#9965,.T.);
#9963 = VERTEX_POINT('',#9964);
#9964 = CARTESIAN_POINT('',(97.,63.,120.));
#9965 = B_SPLINE_CURVE_WITH_KNOTS('',1,(#9966,#9967),.UNSPECIFIED.,.F.,
  .F.,(2,2),(-40.,-6.),.PIECEWISE_BEZIER_KNOTS.);
#9966 = CARTESIAN_POINT('',(97.,63.,120.));
#9967 = CARTESIAN_POINT('',(97.,63.,86.));
#9968 = ORIENTED_EDGE('',*,*,#9969,.T.);
#9969 = EDGE_CURVE('',#9963,#9963,#9970,.T.);
#9970 = CIRCLE('',#9971,6.);
#9971 = AXIS2_PLACEMENT_3D('',#9972,#9973,#9974);
#9972 = CARTESIAN_POINT('',(91.,63.,120.));
#9973 = DIRECTION('',(0.,0.,1.));
#9974 = DIRECTION('',(1.,0.,0.));
#9975 = ORIENTED_EDGE('',*,*,#9962,.T.);
#9976 = ORIENTED_EDGE('',*,*,#9977,.T.);
#9977 = EDGE_CURVE('',#9922,#9944,#9978,.T.);
#9978 = CIRCLE('',#9979,6.);
#9979 = AXIS2_PLACEMENT_3D('',#9980,#9981,#9982);
#9980 = CARTESIAN_POINT('',(91.,63.,86.));
#9981 = DIRECTION('',(0.,0.,-1.));
#9982 = DIRECTION('',(1.,0.,0.));
#9983 = CYLINDRICAL_SURFACE('',#9984,6.);
#9984 = AXIS2_PLACEMENT_3D('',#9985,#9986,#9987);
#9985 = CARTESIAN_POINT('',(91.,63.,80.));
#9986 = DIRECTION('',(-0.,-0.,-1.));
#9987 = DIRECTION('',(1.,0.,0.));
#9988 = ADVANCED_FACE('',(#9989),#10008,.F.);
#9989 = FACE_BOUND('',#9990,.F.);
#9990 = EDGE_LOOP('',(#9991,#9999,#10006,#10007));
#9991 = ORIENTED_EDGE('',*,*,#9992,.T.);
#9992 = EDGE_CURVE('',#8926,#9993,#9995,.T.);
#9993 = VERTEX_POINT('',#9994);
#9994 = CARTESIAN_POINT('',(94.5,-7.,80.6));
#9995 = LINE('',#9996,#9997);
#9996 = CARTESIAN_POINT('',(95.1,-7.,79.99));
#9997 = VECTOR('',#9998,1.);
#9998 = DIRECTION('',(-0.701238976117,1.7E-16,0.712926292386));
#9999 = ORIENTED_EDGE('',*,*,#10000,.F.);
#10000 = EDGE_CURVE('',#9993,#9993,#10001,.T.);
#10001 = CIRCLE('',#10002,3.5);
#10002 = AXIS2_PLACEMENT_3D('',#10003,#10004,#10005);
#10003 = CARTESIAN_POINT('',(91.,-7.,80.6));
#10004 = DIRECTION('',(0.,0.,1.));
#10005 = DIRECTION('',(1.,0.,0.));
#10006 = ORIENTED_EDGE('',*,*,#9992,.F.);
#10007 = ORIENTED_EDGE('',*,*,#8925,.T.);
#10008 = CONICAL_SURFACE('',#10009,4.1,0.777133888738);
#10009 = AXIS2_PLACEMENT_3D('',#10010,#10011,#10012);
#10010 = CARTESIAN_POINT('',(91.,-7.,79.99));
#10011 = DIRECTION('',(-0.,-0.,-1.));
#10012 = DIRECTION('',(1.,0.,0.));
#10013 = ADVANCED_FACE('',(#10014),#10025,.F.);
#10014 = FACE_BOUND('',#10015,.T.);
#10015 = EDGE_LOOP('',(#10016,#10017,#10018,#10024));
#10016 = ORIENTED_EDGE('',*,*,#9863,.T.);
#10017 = ORIENTED_EDGE('',*,*,#8936,.T.);
#10018 = ORIENTED_EDGE('',*,*,#10019,.T.);
#10019 = EDGE_CURVE('',#8939,#9243,#10020,.T.);
#10020 = LINE('',#10021,#10022);
#10021 = CARTESIAN_POINT('',(85.,-4.,79.));
#10022 = VECTOR('',#10023,1.);
#10023 = DIRECTION('',(0.,0.,1.));
#10024 = ORIENTED_EDGE('',*,*,#9242,.F.);
#10025 = CYLINDRICAL_SURFACE('',#10026,3.);
#10026 = AXIS2_PLACEMENT_3D('',#10027,#10028,#10029);
#10027 = CARTESIAN_POINT('',(85.,-1.,79.));
#10028 = DIRECTION('',(-0.,-0.,-1.));
#10029 = DIRECTION('',(1.,0.,0.));
#10030 = ADVANCED_FACE('',(#10031),#10037,.T.);
#10031 = FACE_BOUND('',#10032,.T.);
#10032 = EDGE_LOOP('',(#10033,#10034,#10035,#10036));
#10033 = ORIENTED_EDGE('',*,*,#9006,.F.);
#10034 = ORIENTED_EDGE('',*,*,#9206,.T.);
#10035 = ORIENTED_EDGE('',*,*,#9251,.F.);
#10036 = ORIENTED_EDGE('',*,*,#10019,.F.);
#10037 = PLANE('',#10038);
#10038 = AXIS2_PLACEMENT_3D('',#10039,#10040,#10041);
#10039 = CARTESIAN_POINT('',(-1.,-4.,79.));
#10040 = DIRECTION('',(0.,1.,0.));
#10041 = DIRECTION('',(0.,0.,1.));
#10042 = ADVANCED_FACE('',(#10043),#10062,.F.);
#10043 = FACE_BOUND('',#10044,.T.);
#10044 = EDGE_LOOP('',(#10045,#10053,#10054,#10055));
#10045 = ORIENTED_EDGE('',*,*,#10046,.F.);
#10046 = EDGE_CURVE('',#8957,#10047,#10049,.T.);
#10047 = VERTEX_POINT('',#10048);
#10048 = CARTESIAN_POINT('',(88.,-1.,86.));
#10049 = LINE('',#10050,#10051);
#10050 = CARTESIAN_POINT('',(88.,-1.,79.));
#10051 = VECTOR('',#10052,1.);
#10052 = DIRECTION('',(0.,0.,1.));
#10053 = ORIENTED_EDGE('',*,*,#8956,.T.);
#10054 = ORIENTED_EDGE('',*,*,#9870,.F.);
#10055 = ORIENTED_EDGE('',*,*,#10056,.F.);
#10056 = EDGE_CURVE('',#10047,#9871,#10057,.T.);
#10057 = CIRCLE('',#10058,3.);
#10058 = AXIS2_PLACEMENT_3D('',#10059,#10060,#10061);
#10059 = CARTESIAN_POINT('',(85.,-1.,86.));
#10060 = DIRECTION('',(0.,0.,-1.));
#10061 = DIRECTION('',(1.,0.,0.));
#10062 = CYLINDRICAL_SURFACE('',#10063,3.);
#10063 = AXIS2_PLACEMENT_3D('',#10064,#10065,#10066);
#10064 = CARTESIAN_POINT('',(85.,-1.,79.));
#10065 = DIRECTION('',(-0.,-0.,-1.));
#10066 = DIRECTION('',(1.,0.,0.));
#10067 = ADVANCED_FACE('',(#10068),#10079,.F.);
#10068 = FACE_BOUND('',#10069,.F.);
#10069 = EDGE_LOOP('',(#10070,#10071,#10072,#10073));
#10070 = ORIENTED_EDGE('',*,*,#10046,.F.);
#10071 = ORIENTED_EDGE('',*,*,#8965,.F.);
#10072 = ORIENTED_EDGE('',*,*,#9674,.T.);
#10073 = ORIENTED_EDGE('',*,*,#10074,.F.);
#10074 = EDGE_CURVE('',#10047,#9667,#10075,.T.);
#10075 = LINE('',#10076,#10077);
#10076 = CARTESIAN_POINT('',(88.,13.5,86.));
#10077 = VECTOR('',#10078,1.);
#10078 = DIRECTION('',(0.,1.,0.));
#10079 = PLANE('',#10080);
#10080 = AXIS2_PLACEMENT_3D('',#10081,#10082,#10083);
#10081 = CARTESIAN_POINT('',(88.,-1.,79.));
#10082 = DIRECTION('',(1.,0.,0.));
#10083 = DIRECTION('',(0.,0.,1.));
#10084 = ADVANCED_FACE('',(#10085),#10104,.F.);
#10085 = FACE_BOUND('',#10086,.F.);
#10086 = EDGE_LOOP('',(#10087,#10095,#10102,#10103));
#10087 = ORIENTED_EDGE('',*,*,#10088,.T.);
#10088 = EDGE_CURVE('',#9015,#10089,#10091,.T.);
#10089 = VERTEX_POINT('',#10090);
#10090 = CARTESIAN_POINT('',(-3.5,-7.,80.6));
#10091 = LINE('',#10092,#10093);
#10092 = CARTESIAN_POINT('',(-2.9,-7.,79.99));
#10093 = VECTOR('',#10094,1.);
#10094 = DIRECTION('',(-0.701238976117,1.7E-16,0.712926292386));
#10095 = ORIENTED_EDGE('',*,*,#10096,.F.);
#10096 = EDGE_CURVE('',#10089,#10089,#10097,.T.);
#10097 = CIRCLE('',#10098,3.5);
#10098 = AXIS2_PLACEMENT_3D('',#10099,#10100,#10101);
#10099 = CARTESIAN_POINT('',(-7.,-7.,80.6));
#10100 = DIRECTION('',(0.,0.,1.));
#10101 = DIRECTION('',(1.,0.,0.));
#10102 = ORIENTED_EDGE('',*,*,#10088,.F.);
#10103 = ORIENTED_EDGE('',*,*,#9014,.T.);
#10104 = CONICAL_SURFACE('',#10105,4.1,0.777133888738);
#10105 = AXIS2_PLACEMENT_3D('',#10106,#10107,#10108);
#10106 = CARTESIAN_POINT('',(-7.,-7.,79.99));
#10107 = DIRECTION('',(-0.,-0.,-1.));
#10108 = DIRECTION('',(1.,0.,0.));
#10109 = ADVANCED_FACE('',(#10110),#10129,.F.);
#10110 = FACE_BOUND('',#10111,.F.);
#10111 = EDGE_LOOP('',(#10112,#10120,#10127,#10128));
#10112 = ORIENTED_EDGE('',*,*,#10113,.T.);
#10113 = EDGE_CURVE('',#9026,#10114,#10116,.T.);
#10114 = VERTEX_POINT('',#10115);
#10115 = CARTESIAN_POINT('',(94.5,63.,80.6));
#10116 = LINE('',#10117,#10118);
#10117 = CARTESIAN_POINT('',(95.1,63.,79.99));
#10118 = VECTOR('',#10119,1.);
#10119 = DIRECTION('',(-0.701238976117,1.7E-16,0.712926292386));
#10120 = ORIENTED_EDGE('',*,*,#10121,.F.);
#10121 = EDGE_CURVE('',#10114,#10114,#10122,.T.);
#10122 = CIRCLE('',#10123,3.5);
#10123 = AXIS2_PLACEMENT_3D('',#10124,#10125,#10126);
#10124 = CARTESIAN_POINT('',(91.,63.,80.6));
#10125 = DIRECTION('',(0.,0.,1.));
#10126 = DIRECTION('',(1.,0.,0.));
#10127 = ORIENTED_EDGE('',*,*,#10113,.F.);
#10128 = ORIENTED_EDGE('',*,*,#9025,.T.);
#10129 = CONICAL_SURFACE('',#10130,4.1,0.777133888738);
#10130 = AXIS2_PLACEMENT_3D('',#10131,#10132,#10133);
#10131 = CARTESIAN_POINT('',(91.,63.,79.99));
#10132 = DIRECTION('',(-0.,-0.,-1.));
#10133 = DIRECTION('',(1.,0.,0.));
#10134 = ADVANCED_FACE('',(#10135),#10146,.F.);
#10135 = FACE_BOUND('',#10136,.F.);
#10136 = EDGE_LOOP('',(#10137,#10138,#10139,#10140));
#10137 = ORIENTED_EDGE('',*,*,#9565,.F.);
#10138 = ORIENTED_EDGE('',*,*,#9036,.F.);
#10139 = ORIENTED_EDGE('',*,*,#9499,.T.);
#10140 = ORIENTED_EDGE('',*,*,#10141,.F.);
#10141 = EDGE_CURVE('',#9558,#9492,#10142,.T.);
#10142 = LINE('',#10143,#10144);
#10143 = CARTESIAN_POINT('',(88.,13.5,86.));
#10144 = VECTOR('',#10145,1.);
#10145 = DIRECTION('',(0.,1.,0.));
#10146 = PLANE('',#10147);
#10147 = AXIS2_PLACEMENT_3D('',#10148,#10149,#10150);
#10148 = CARTESIAN_POINT('',(88.,-1.,79.));
#10149 = DIRECTION('',(1.,0.,0.));
#10150 = DIRECTION('',(0.,0.,1.));
#10151 = ADVANCED_FACE('',(#10152),#10171,.F.);
#10152 = FACE_BOUND('',#10153,.T.);
#10153 = EDGE_LOOP('',(#10154,#10155,#10156,#10164));
#10154 = ORIENTED_EDGE('',*,*,#9943,.T.);
#10155 = ORIENTED_EDGE('',*,*,#9070,.T.);
#10156 = ORIENTED_EDGE('',*,*,#10157,.T.);
#10157 = EDGE_CURVE('',#9073,#10158,#10160,.T.);
#10158 = VERTEX_POINT('',#10159);
#10159 = CARTESIAN_POINT('',(88.,57.,86.));
#10160 = LINE('',#10161,#10162);
#10161 = CARTESIAN_POINT('',(88.,57.,79.));
#10162 = VECTOR('',#10163,1.);
#10163 = DIRECTION('',(0.,0.,1.));
#10164 = ORIENTED_EDGE('',*,*,#10165,.F.);
#10165 = EDGE_CURVE('',#9944,#10158,#10166,.T.);
#10166 = CIRCLE('',#10167,3.);
#10167 = AXIS2_PLACEMENT_3D('',#10168,#10169,#10170);
#10168 = CARTESIAN_POINT('',(85.,57.,86.));
#10169 = DIRECTION('',(0.,0.,-1.));
#10170 = DIRECTION('',(1.,0.,0.));
#10171 = CYLINDRICAL_SURFACE('',#10172,3.);
#10172 = AXIS2_PLACEMENT_3D('',#10173,#10174,#10175);
#10173 = CARTESIAN_POINT('',(85.,57.,79.));
#10174 = DIRECTION('',(-0.,-0.,-1.));
#10175 = DIRECTION('',(1.,0.,0.));
#10176 = ADVANCED_FACE('',(#10177),#10188,.F.);
#10177 = FACE_BOUND('',#10178,.F.);
#10178 = EDGE_LOOP('',(#10179,#10180,#10181,#10182));
#10179 = ORIENTED_EDGE('',*,*,#9390,.F.);
#10180 = ORIENTED_EDGE('',*,*,#9140,.F.);
#10181 = ORIENTED_EDGE('',*,*,#10157,.T.);
#10182 = ORIENTED_EDGE('',*,*,#10183,.F.);
#10183 = EDGE_CURVE('',#9383,#10158,#10184,.T.);
#10184 = LINE('',#10185,#10186);
#10185 = CARTESIAN_POINT('',(88.,13.5,86.));
#10186 = VECTOR('',#10187,1.);
#10187 = DIRECTION('',(0.,1.,0.));
#10188 = PLANE('',#10189);
#10189 = AXIS2_PLACEMENT_3D('',#10190,#10191,#10192);
#10190 = CARTESIAN_POINT('',(88.,-1.,79.));
#10191 = DIRECTION('',(1.,0.,0.));
#10192 = DIRECTION('',(0.,0.,1.));
#10193 = ADVANCED_FACE('',(#10194),#10205,.F.);
#10194 = FACE_BOUND('',#10195,.T.);
#10195 = EDGE_LOOP('',(#10196,#10202,#10203,#10204));
#10196 = ORIENTED_EDGE('',*,*,#10197,.F.);
#10197 = EDGE_CURVE('',#9091,#9812,#10198,.T.);
#10198 = LINE('',#10199,#10200);
#10199 = CARTESIAN_POINT('',(85.,60.,79.));
#10200 = VECTOR('',#10201,1.);
#10201 = DIRECTION('',(0.,0.,1.));
#10202 = ORIENTED_EDGE('',*,*,#9090,.T.);
#10203 = ORIENTED_EDGE('',*,*,#9952,.F.);
#10204 = ORIENTED_EDGE('',*,*,#9819,.F.);
#10205 = CYLINDRICAL_SURFACE('',#10206,3.);
#10206 = AXIS2_PLACEMENT_3D('',#10207,#10208,#10209);
#10207 = CARTESIAN_POINT('',(85.,57.,79.));
#10208 = DIRECTION('',(-0.,-0.,-1.));
#10209 = DIRECTION('',(1.,0.,0.));
#10210 = ADVANCED_FACE('',(#10211),#10217,.F.);
#10211 = FACE_BOUND('',#10212,.F.);
#10212 = EDGE_LOOP('',(#10213,#10214,#10215,#10216));
#10213 = ORIENTED_EDGE('',*,*,#9099,.F.);
#10214 = ORIENTED_EDGE('',*,*,#9760,.T.);
#10215 = ORIENTED_EDGE('',*,*,#9811,.F.);
#10216 = ORIENTED_EDGE('',*,*,#10197,.F.);
#10217 = PLANE('',#10218);
#10218 = AXIS2_PLACEMENT_3D('',#10219,#10220,#10221);
#10219 = CARTESIAN_POINT('',(-1.,60.,79.));
#10220 = DIRECTION('',(0.,1.,0.));
#10221 = DIRECTION('',(0.,0.,1.));
#10222 = ADVANCED_FACE('',(#10223),#10242,.F.);
#10223 = FACE_BOUND('',#10224,.F.);
#10224 = EDGE_LOOP('',(#10225,#10233,#10240,#10241));
#10225 = ORIENTED_EDGE('',*,*,#10226,.T.);
#10226 = EDGE_CURVE('',#9149,#10227,#10229,.T.);
#10227 = VERTEX_POINT('',#10228);
#10228 = CARTESIAN_POINT('',(-3.5,63.,80.6));
#10229 = LINE('',#10230,#10231);
#10230 = CARTESIAN_POINT('',(-2.9,63.,79.99));
#10231 = VECTOR('',#10232,1.);
#10232 = DIRECTION('',(-0.701238976117,1.7E-16,0.712926292386));
#10233 = ORIENTED_EDGE('',*,*,#10234,.F.);
#10234 = EDGE_CURVE('',#10227,#10227,#10235,.T.);
#10235 = CIRCLE('',#10236,3.5);
#10236 = AXIS2_PLACEMENT_3D('',#10237,#10238,#10239);
#10237 = CARTESIAN_POINT('',(-7.,63.,80.6));
#10238 = DIRECTION('',(0.,0.,1.));
#10239 = DIRECTION('',(1.,0.,0.));
#10240 = ORIENTED_EDGE('',*,*,#10226,.F.);
#10241 = ORIENTED_EDGE('',*,*,#9148,.T.);
#10242 = CONICAL_SURFACE('',#10243,4.1,0.777133888738);
#10243 = AXIS2_PLACEMENT_3D('',#10244,#10245,#10246);
#10244 = CARTESIAN_POINT('',(-7.,63.,79.99));
#10245 = DIRECTION('',(-0.,-0.,-1.));
#10246 = DIRECTION('',(1.,0.,0.));
#10247 = ADVANCED_FACE('',(#10248),#10267,.T.);
#10248 = FACE_BOUND('',#10249,.F.);
#10249 = EDGE_LOOP('',(#10250,#10258,#10265,#10266));
#10250 = ORIENTED_EDGE('',*,*,#10251,.T.);
#10251 = EDGE_CURVE('',#9271,#10252,#10254,.T.);
#10252 = VERTEX_POINT('',#10253);
#10253 = CARTESIAN_POINT('',(-4.,-7.,124.4));
#10254 = LINE('',#10255,#10256);
#10255 = CARTESIAN_POINT('',(-4.,-7.,120.));
#10256 = VECTOR('',#10257,1.);
#10257 = DIRECTION('',(0.,0.,1.));
#10258 = ORIENTED_EDGE('',*,*,#10259,.T.);
#10259 = EDGE_CURVE('',#10252,#10252,#10260,.T.);
#10260 = CIRCLE('',#10261,3.);
#10261 = AXIS2_PLACEMENT_3D('',#10262,#10263,#10264);
#10262 = CARTESIAN_POINT('',(-7.,-7.,124.4));
#10263 = DIRECTION('',(0.,0.,1.));
#10264 = DIRECTION('',(1.,0.,0.));
#10265 = ORIENTED_EDGE('',*,*,#10251,.F.);
#10266 = ORIENTED_EDGE('',*,*,#9270,.F.);
#10267 = CYLINDRICAL_SURFACE('',#10268,3.);
#10268 = AXIS2_PLACEMENT_3D('',#10269,#10270,#10271);
#10269 = CARTESIAN_POINT('',(-7.,-7.,120.));
#10270 = DIRECTION('',(-0.,-0.,-1.));
#10271 = DIRECTION('',(1.,0.,0.));
#10272 = ADVANCED_FACE('',(#10273),#10319,.T.);
#10273 = FACE_BOUND('',#10274,.T.);
#10274 = EDGE_LOOP('',(#10275,#10276,#10277,#10278,#10279,#10280,#10281,
    #10290,#10297,#10298,#10299,#10300,#10309,#10316,#10317,#10318));
#10275 = ORIENTED_EDGE('',*,*,#9878,.T.);
#10276 = ORIENTED_EDGE('',*,*,#9929,.T.);
#10277 = ORIENTED_EDGE('',*,*,#9977,.T.);
#10278 = ORIENTED_EDGE('',*,*,#10165,.T.);
#10279 = ORIENTED_EDGE('',*,*,#10183,.F.);
#10280 = ORIENTED_EDGE('',*,*,#9382,.F.);
#10281 = ORIENTED_EDGE('',*,*,#10282,.F.);
#10282 = EDGE_CURVE('',#10283,#9375,#10285,.T.);
#10283 = VERTEX_POINT('',#10284);
#10284 = CARTESIAN_POINT('',(64.5,52.5,86.));
#10285 = CIRCLE('',#10286,3.);
#10286 = AXIS2_PLACEMENT_3D('',#10287,#10288,#10289);
#10287 = CARTESIAN_POINT('',(61.5,52.5,86.));
#10288 = DIRECTION('',(0.,0.,1.));
#10289 = DIRECTION('',(1.,0.,0.));
#10290 = ORIENTED_EDGE('',*,*,#10291,.F.);
#10291 = EDGE_CURVE('',#9484,#10283,#10292,.T.);
#10292 = CIRCLE('',#10293,3.);
#10293 = AXIS2_PLACEMENT_3D('',#10294,#10295,#10296);
#10294 = CARTESIAN_POINT('',(61.5,52.5,86.));
#10295 = DIRECTION('',(0.,0.,1.));
#10296 = DIRECTION('',(1.,0.,0.));
#10297 = ORIENTED_EDGE('',*,*,#9491,.T.);
#10298 = ORIENTED_EDGE('',*,*,#10141,.F.);
#10299 = ORIENTED_EDGE('',*,*,#9557,.F.);
#10300 = ORIENTED_EDGE('',*,*,#10301,.F.);
#10301 = EDGE_CURVE('',#10302,#9550,#10304,.T.);
#10302 = VERTEX_POINT('',#10303);
#10303 = CARTESIAN_POINT('',(64.5,3.5,86.));
#10304 = CIRCLE('',#10305,3.);
#10305 = AXIS2_PLACEMENT_3D('',#10306,#10307,#10308);
#10306 = CARTESIAN_POINT('',(61.5,3.5,86.));
#10307 = DIRECTION('',(0.,0.,1.));
#10308 = DIRECTION('',(1.,0.,0.));
#10309 = ORIENTED_EDGE('',*,*,#10310,.F.);
#10310 = EDGE_CURVE('',#9659,#10302,#10311,.T.);
#10311 = CIRCLE('',#10312,3.);
#10312 = AXIS2_PLACEMENT_3D('',#10313,#10314,#10315);
#10313 = CARTESIAN_POINT('',(61.5,3.5,86.));
#10314 = DIRECTION('',(0.,0.,1.));
#10315 = DIRECTION('',(1.,0.,0.));
#10316 = ORIENTED_EDGE('',*,*,#9666,.T.);
#10317 = ORIENTED_EDGE('',*,*,#10074,.F.);
#10318 = ORIENTED_EDGE('',*,*,#10056,.T.);
#10319 = PLANE('',#10320);
#10320 = AXIS2_PLACEMENT_3D('',#10321,#10322,#10323);
#10321 = CARTESIAN_POINT('',(85.266456783803,28.,86.));
#10322 = DIRECTION('',(0.,0.,1.));
#10323 = DIRECTION('',(1.,0.,0.));
#10324 = ADVANCED_FACE('',(#10325),#10335,.F.);
#10325 = FACE_BOUND('',#10326,.F.);
#10326 = EDGE_LOOP('',(#10327,#10328));
#10327 = ORIENTED_EDGE('',*,*,#9374,.T.);
#10328 = ORIENTED_EDGE('',*,*,#10329,.T.);
#10329 = EDGE_CURVE('',#9375,#9367,#10330,.T.);
#10330 = CIRCLE('',#10331,3.);
#10331 = AXIS2_PLACEMENT_3D('',#10332,#10333,#10334);
#10332 = CARTESIAN_POINT('',(61.5,52.5,86.));
#10333 = DIRECTION('',(0.,0.,1.));
#10334 = DIRECTION('',(1.,0.,0.));
#10335 = PLANE('',#10336);
#10336 = AXIS2_PLACEMENT_3D('',#10337,#10338,#10339);
#10337 = CARTESIAN_POINT('',(61.5,52.5,86.));
#10338 = DIRECTION('',(0.,0.,1.));
#10339 = DIRECTION('',(1.,0.,0.));
#10340 = ADVANCED_FACE('',(#10341),#10354,.T.);
#10341 = FACE_BOUND('',#10342,.T.);
#10342 = EDGE_LOOP('',(#10343,#10344,#10345,#10352,#10353));
#10343 = ORIENTED_EDGE('',*,*,#9429,.F.);
#10344 = ORIENTED_EDGE('',*,*,#9475,.T.);
#10345 = ORIENTED_EDGE('',*,*,#10346,.F.);
#10346 = EDGE_CURVE('',#9367,#9476,#10347,.T.);
#10347 = CIRCLE('',#10348,3.);
#10348 = AXIS2_PLACEMENT_3D('',#10349,#10350,#10351);
#10349 = CARTESIAN_POINT('',(61.5,52.5,86.));
#10350 = DIRECTION('',(0.,0.,1.));
#10351 = DIRECTION('',(1.,0.,0.));
#10352 = ORIENTED_EDGE('',*,*,#9366,.F.);
#10353 = ORIENTED_EDGE('',*,*,#9404,.F.);
#10354 = PLANE('',#10355);
#10355 = AXIS2_PLACEMENT_3D('',#10356,#10357,#10358);
#10356 = CARTESIAN_POINT('',(-7.,50.2,86.));
#10357 = DIRECTION('',(0.,0.,1.));
#10358 = DIRECTION('',(1.,0.,0.));
#10359 = ADVANCED_FACE('',(#10360),#10364,.F.);
#10360 = FACE_BOUND('',#10361,.F.);
#10361 = EDGE_LOOP('',(#10362,#10363));
#10362 = ORIENTED_EDGE('',*,*,#9358,.T.);
#10363 = ORIENTED_EDGE('',*,*,#9446,.T.);
#10364 = PLANE('',#10365);
#10365 = AXIS2_PLACEMENT_3D('',#10366,#10367,#10368);
#10366 = CARTESIAN_POINT('',(3.5,52.5,86.));
#10367 = DIRECTION('',(0.,0.,1.));
#10368 = DIRECTION('',(1.,0.,0.));
#10369 = ADVANCED_FACE('',(#10370),#10374,.F.);
#10370 = FACE_BOUND('',#10371,.F.);
#10371 = EDGE_LOOP('',(#10372,#10373));
#10372 = ORIENTED_EDGE('',*,*,#9438,.T.);
#10373 = ORIENTED_EDGE('',*,*,#9469,.F.);
#10374 = PLANE('',#10375);
#10375 = AXIS2_PLACEMENT_3D('',#10376,#10377,#10378);
#10376 = CARTESIAN_POINT('',(3.5,52.5,86.));
#10377 = DIRECTION('',(0.,0.,1.));
#10378 = DIRECTION('',(1.,0.,0.));
#10379 = ADVANCED_FACE('',(#10380,#10383),#10394,.T.);
#10380 = FACE_BOUND('',#10381,.T.);
#10381 = EDGE_LOOP('',(#10382));
#10382 = ORIENTED_EDGE('',*,*,#9421,.T.);
#10383 = FACE_BOUND('',#10384,.T.);
#10384 = EDGE_LOOP('',(#10385));
#10385 = ORIENTED_EDGE('',*,*,#10386,.F.);
#10386 = EDGE_CURVE('',#10387,#10387,#10389,.T.);
#10387 = VERTEX_POINT('',#10388);
#10388 = CARTESIAN_POINT('',(5.2,52.5,89.));
#10389 = CIRCLE('',#10390,1.7);
#10390 = AXIS2_PLACEMENT_3D('',#10391,#10392,#10393);
#10391 = CARTESIAN_POINT('',(3.5,52.5,89.));
#10392 = DIRECTION('',(0.,0.,1.));
#10393 = DIRECTION('',(1.,0.,0.));
#10394 = PLANE('',#10395);
#10395 = AXIS2_PLACEMENT_3D('',#10396,#10397,#10398);
#10396 = CARTESIAN_POINT('',(3.5,52.5,89.));
#10397 = DIRECTION('',(0.,0.,1.));
#10398 = DIRECTION('',(1.,0.,0.));
#10399 = ADVANCED_FACE('',(#10400),#10410,.F.);
#10400 = FACE_BOUND('',#10401,.F.);
#10401 = EDGE_LOOP('',(#10402,#10409));
#10402 = ORIENTED_EDGE('',*,*,#10403,.T.);
#10403 = EDGE_CURVE('',#9476,#9484,#10404,.T.);
#10404 = CIRCLE('',#10405,3.);
#10405 = AXIS2_PLACEMENT_3D('',#10406,#10407,#10408);
#10406 = CARTESIAN_POINT('',(61.5,52.5,86.));
#10407 = DIRECTION('',(0.,0.,1.));
#10408 = DIRECTION('',(1.,0.,0.));
#10409 = ORIENTED_EDGE('',*,*,#9483,.F.);
#10410 = PLANE('',#10411);
#10411 = AXIS2_PLACEMENT_3D('',#10412,#10413,#10414);
#10412 = CARTESIAN_POINT('',(61.5,52.5,86.));
#10413 = DIRECTION('',(0.,0.,1.));
#10414 = DIRECTION('',(1.,0.,0.));
#10415 = ADVANCED_FACE('',(#10416),#10426,.F.);
#10416 = FACE_BOUND('',#10417,.F.);
#10417 = EDGE_LOOP('',(#10418,#10419));
#10418 = ORIENTED_EDGE('',*,*,#9549,.T.);
#10419 = ORIENTED_EDGE('',*,*,#10420,.T.);
#10420 = EDGE_CURVE('',#9550,#9542,#10421,.T.);
#10421 = CIRCLE('',#10422,3.);
#10422 = AXIS2_PLACEMENT_3D('',#10423,#10424,#10425);
#10423 = CARTESIAN_POINT('',(61.5,3.5,86.));
#10424 = DIRECTION('',(0.,0.,1.));
#10425 = DIRECTION('',(1.,0.,0.));
#10426 = PLANE('',#10427);
#10427 = AXIS2_PLACEMENT_3D('',#10428,#10429,#10430);
#10428 = CARTESIAN_POINT('',(61.5,3.5,86.));
#10429 = DIRECTION('',(0.,0.,1.));
#10430 = DIRECTION('',(1.,0.,0.));
#10431 = ADVANCED_FACE('',(#10432),#10445,.T.);
#10432 = FACE_BOUND('',#10433,.T.);
#10433 = EDGE_LOOP('',(#10434,#10435,#10436,#10443,#10444));
#10434 = ORIENTED_EDGE('',*,*,#9604,.F.);
#10435 = ORIENTED_EDGE('',*,*,#9650,.T.);
#10436 = ORIENTED_EDGE('',*,*,#10437,.F.);
#10437 = EDGE_CURVE('',#9542,#9651,#10438,.T.);
#10438 = CIRCLE('',#10439,3.);
#10439 = AXIS2_PLACEMENT_3D('',#10440,#10441,#10442);
#10440 = CARTESIAN_POINT('',(61.5,3.5,86.));
#10441 = DIRECTION('',(0.,0.,1.));
#10442 = DIRECTION('',(1.,0.,0.));
#10443 = ORIENTED_EDGE('',*,*,#9541,.F.);
#10444 = ORIENTED_EDGE('',*,*,#9579,.F.);
#10445 = PLANE('',#10446);
#10446 = AXIS2_PLACEMENT_3D('',#10447,#10448,#10449);
#10447 = CARTESIAN_POINT('',(-7.,1.2,86.));
#10448 = DIRECTION('',(0.,0.,1.));
#10449 = DIRECTION('',(1.,0.,0.));
#10450 = ADVANCED_FACE('',(#10451),#10455,.F.);
#10451 = FACE_BOUND('',#10452,.F.);
#10452 = EDGE_LOOP('',(#10453,#10454));
#10453 = ORIENTED_EDGE('',*,*,#9533,.T.);
#10454 = ORIENTED_EDGE('',*,*,#9621,.T.);
#10455 = PLANE('',#10456);
#10456 = AXIS2_PLACEMENT_3D('',#10457,#10458,#10459);
#10457 = CARTESIAN_POINT('',(3.5,3.5,86.));
#10458 = DIRECTION('',(0.,0.,1.));
#10459 = DIRECTION('',(1.,0.,0.));
#10460 = ADVANCED_FACE('',(#10461),#10465,.F.);
#10461 = FACE_BOUND('',#10462,.F.);
#10462 = EDGE_LOOP('',(#10463,#10464));
#10463 = ORIENTED_EDGE('',*,*,#9613,.T.);
#10464 = ORIENTED_EDGE('',*,*,#9644,.F.);
#10465 = PLANE('',#10466);
#10466 = AXIS2_PLACEMENT_3D('',#10467,#10468,#10469);
#10467 = CARTESIAN_POINT('',(3.5,3.5,86.));
#10468 = DIRECTION('',(0.,0.,1.));
#10469 = DIRECTION('',(1.,0.,0.));
#10470 = ADVANCED_FACE('',(#10471,#10474),#10485,.T.);
#10471 = FACE_BOUND('',#10472,.T.);
#10472 = EDGE_LOOP('',(#10473));
#10473 = ORIENTED_EDGE('',*,*,#9596,.T.);
#10474 = FACE_BOUND('',#10475,.T.);
#10475 = EDGE_LOOP('',(#10476));
#10476 = ORIENTED_EDGE('',*,*,#10477,.F.);
#10477 = EDGE_CURVE('',#10478,#10478,#10480,.T.);
#10478 = VERTEX_POINT('',#10479);
#10479 = CARTESIAN_POINT('',(5.2,3.5,89.));
#10480 = CIRCLE('',#10481,1.7);
#10481 = AXIS2_PLACEMENT_3D('',#10482,#10483,#10484);
#10482 = CARTESIAN_POINT('',(3.5,3.5,89.));
#10483 = DIRECTION('',(0.,0.,1.));
#10484 = DIRECTION('',(1.,0.,0.));
#10485 = PLANE('',#10486);
#10486 = AXIS2_PLACEMENT_3D('',#10487,#10488,#10489);
#10487 = CARTESIAN_POINT('',(3.5,3.5,89.));
#10488 = DIRECTION('',(0.,0.,1.));
#10489 = DIRECTION('',(1.,0.,0.));
#10490 = ADVANCED_FACE('',(#10491),#10501,.F.);
#10491 = FACE_BOUND('',#10492,.F.);
#10492 = EDGE_LOOP('',(#10493,#10500));
#10493 = ORIENTED_EDGE('',*,*,#10494,.T.);
#10494 = EDGE_CURVE('',#9651,#9659,#10495,.T.);
#10495 = CIRCLE('',#10496,3.);
#10496 = AXIS2_PLACEMENT_3D('',#10497,#10498,#10499);
#10497 = CARTESIAN_POINT('',(61.5,3.5,86.));
#10498 = DIRECTION('',(0.,0.,1.));
#10499 = DIRECTION('',(1.,0.,0.));
#10500 = ORIENTED_EDGE('',*,*,#9658,.F.);
#10501 = PLANE('',#10502);
#10502 = AXIS2_PLACEMENT_3D('',#10503,#10504,#10505);
#10503 = CARTESIAN_POINT('',(61.5,3.5,86.));
#10504 = DIRECTION('',(0.,0.,1.));
#10505 = DIRECTION('',(1.,0.,0.));
#10506 = ADVANCED_FACE('',(#10507),#10526,.T.);
#10507 = FACE_BOUND('',#10508,.F.);
#10508 = EDGE_LOOP('',(#10509,#10517,#10524,#10525));
#10509 = ORIENTED_EDGE('',*,*,#10510,.T.);
#10510 = EDGE_CURVE('',#9847,#10511,#10513,.T.);
#10511 = VERTEX_POINT('',#10512);
#10512 = CARTESIAN_POINT('',(-4.,63.,124.4));
#10513 = LINE('',#10514,#10515);
#10514 = CARTESIAN_POINT('',(-4.,63.,120.));
#10515 = VECTOR('',#10516,1.);
#10516 = DIRECTION('',(0.,0.,1.));
#10517 = ORIENTED_EDGE('',*,*,#10518,.T.);
#10518 = EDGE_CURVE('',#10511,#10511,#10519,.T.);
#10519 = CIRCLE('',#10520,3.);
#10520 = AXIS2_PLACEMENT_3D('',#10521,#10522,#10523);
#10521 = CARTESIAN_POINT('',(-7.,63.,124.4));
#10522 = DIRECTION('',(0.,0.,1.));
#10523 = DIRECTION('',(1.,0.,0.));
#10524 = ORIENTED_EDGE('',*,*,#10510,.F.);
#10525 = ORIENTED_EDGE('',*,*,#9846,.F.);
#10526 = CYLINDRICAL_SURFACE('',#10527,3.);
#10527 = AXIS2_PLACEMENT_3D('',#10528,#10529,#10530);
#10528 = CARTESIAN_POINT('',(-7.,63.,120.));
#10529 = DIRECTION('',(-0.,-0.,-1.));
#10530 = DIRECTION('',(1.,0.,0.));
#10531 = ADVANCED_FACE('',(#10532,#10535),#10546,.T.);
#10532 = FACE_BOUND('',#10533,.T.);
#10533 = EDGE_LOOP('',(#10534));
#10534 = ORIENTED_EDGE('',*,*,#9894,.T.);
#10535 = FACE_BOUND('',#10536,.T.);
#10536 = EDGE_LOOP('',(#10537));
#10537 = ORIENTED_EDGE('',*,*,#10538,.F.);
#10538 = EDGE_CURVE('',#10539,#10539,#10541,.T.);
#10539 = VERTEX_POINT('',#10540);
#10540 = CARTESIAN_POINT('',(94.,-7.,120.));
#10541 = CIRCLE('',#10542,3.);
#10542 = AXIS2_PLACEMENT_3D('',#10543,#10544,#10545);
#10543 = CARTESIAN_POINT('',(91.,-7.,120.));
#10544 = DIRECTION('',(0.,0.,1.));
#10545 = DIRECTION('',(1.,0.,0.));
#10546 = PLANE('',#10547);
#10547 = AXIS2_PLACEMENT_3D('',#10548,#10549,#10550);
#10548 = CARTESIAN_POINT('',(91.,-7.,120.));
#10549 = DIRECTION('',(0.,0.,1.));
#10550 = DIRECTION('',(1.,0.,0.));
#10551 = ADVANCED_FACE('',(#10552,#10555),#10566,.T.);
#10552 = FACE_BOUND('',#10553,.T.);
#10553 = EDGE_LOOP('',(#10554));
#10554 = ORIENTED_EDGE('',*,*,#9969,.T.);
#10555 = FACE_BOUND('',#10556,.T.);
#10556 = EDGE_LOOP('',(#10557));
#10557 = ORIENTED_EDGE('',*,*,#10558,.F.);
#10558 = EDGE_CURVE('',#10559,#10559,#10561,.T.);
#10559 = VERTEX_POINT('',#10560);
#10560 = CARTESIAN_POINT('',(94.,63.,120.));
#10561 = CIRCLE('',#10562,3.);
#10562 = AXIS2_PLACEMENT_3D('',#10563,#10564,#10565);
#10563 = CARTESIAN_POINT('',(91.,63.,120.));
#10564 = DIRECTION('',(0.,0.,1.));
#10565 = DIRECTION('',(1.,0.,0.));
#10566 = PLANE('',#10567);
#10567 = AXIS2_PLACEMENT_3D('',#10568,#10569,#10570);
#10568 = CARTESIAN_POINT('',(91.,63.,120.));
#10569 = DIRECTION('',(0.,0.,1.));
#10570 = DIRECTION('',(1.,0.,0.));
#10571 = ADVANCED_FACE('',(#10572),#10591,.F.);
#10572 = FACE_BOUND('',#10573,.T.);
#10573 = EDGE_LOOP('',(#10574,#10575,#10583,#10590));
#10574 = ORIENTED_EDGE('',*,*,#10000,.F.);
#10575 = ORIENTED_EDGE('',*,*,#10576,.T.);
#10576 = EDGE_CURVE('',#9993,#10577,#10579,.T.);
#10577 = VERTEX_POINT('',#10578);
#10578 = CARTESIAN_POINT('',(94.5,-7.,85.5));
#10579 = LINE('',#10580,#10581);
#10580 = CARTESIAN_POINT('',(94.5,-7.,79.99));
#10581 = VECTOR('',#10582,1.);
#10582 = DIRECTION('',(0.,0.,1.));
#10583 = ORIENTED_EDGE('',*,*,#10584,.T.);
#10584 = EDGE_CURVE('',#10577,#10577,#10585,.T.);
#10585 = CIRCLE('',#10586,3.5);
#10586 = AXIS2_PLACEMENT_3D('',#10587,#10588,#10589);
#10587 = CARTESIAN_POINT('',(91.,-7.,85.5));
#10588 = DIRECTION('',(0.,0.,1.));
#10589 = DIRECTION('',(1.,0.,0.));
#10590 = ORIENTED_EDGE('',*,*,#10576,.F.);
#10591 = CYLINDRICAL_SURFACE('',#10592,3.5);
#10592 = AXIS2_PLACEMENT_3D('',#10593,#10594,#10595);
#10593 = CARTESIAN_POINT('',(91.,-7.,79.99));
#10594 = DIRECTION('',(-0.,-0.,-1.));
#10595 = DIRECTION('',(1.,0.,0.));
#10596 = ADVANCED_FACE('',(#10597),#10616,.F.);
#10597 = FACE_BOUND('',#10598,.T.);
#10598 = EDGE_LOOP('',(#10599,#10600,#10608,#10615));
#10599 = ORIENTED_EDGE('',*,*,#10096,.F.);
#10600 = ORIENTED_EDGE('',*,*,#10601,.T.);
#10601 = EDGE_CURVE('',#10089,#10602,#10604,.T.);
#10602 = VERTEX_POINT('',#10603);
#10603 = CARTESIAN_POINT('',(-3.5,-7.,85.5));
#10604 = LINE('',#10605,#10606);
#10605 = CARTESIAN_POINT('',(-3.5,-7.,79.99));
#10606 = VECTOR('',#10607,1.);
#10607 = DIRECTION('',(0.,0.,1.));
#10608 = ORIENTED_EDGE('',*,*,#10609,.T.);
#10609 = EDGE_CURVE('',#10602,#10602,#10610,.T.);
#10610 = CIRCLE('',#10611,3.5);
#10611 = AXIS2_PLACEMENT_3D('',#10612,#10613,#10614);
#10612 = CARTESIAN_POINT('',(-7.,-7.,85.5));
#10613 = DIRECTION('',(0.,0.,1.));
#10614 = DIRECTION('',(1.,0.,0.));
#10615 = ORIENTED_EDGE('',*,*,#10601,.F.);
#10616 = CYLINDRICAL_SURFACE('',#10617,3.5);
#10617 = AXIS2_PLACEMENT_3D('',#10618,#10619,#10620);
#10618 = CARTESIAN_POINT('',(-7.,-7.,79.99));
#10619 = DIRECTION('',(-0.,-0.,-1.));
#10620 = DIRECTION('',(1.,0.,0.));
#10621 = ADVANCED_FACE('',(#10622),#10641,.F.);
#10622 = FACE_BOUND('',#10623,.T.);
#10623 = EDGE_LOOP('',(#10624,#10625,#10633,#10640));
#10624 = ORIENTED_EDGE('',*,*,#10121,.F.);
#10625 = ORIENTED_EDGE('',*,*,#10626,.T.);
#10626 = EDGE_CURVE('',#10114,#10627,#10629,.T.);
#10627 = VERTEX_POINT('',#10628);
#10628 = CARTESIAN_POINT('',(94.5,63.,85.5));
#10629 = LINE('',#10630,#10631);
#10630 = CARTESIAN_POINT('',(94.5,63.,79.99));
#10631 = VECTOR('',#10632,1.);
#10632 = DIRECTION('',(0.,0.,1.));
#10633 = ORIENTED_EDGE('',*,*,#10634,.T.);
#10634 = EDGE_CURVE('',#10627,#10627,#10635,.T.);
#10635 = CIRCLE('',#10636,3.5);
#10636 = AXIS2_PLACEMENT_3D('',#10637,#10638,#10639);
#10637 = CARTESIAN_POINT('',(91.,63.,85.5));
#10638 = DIRECTION('',(0.,0.,1.));
#10639 = DIRECTION('',(1.,0.,0.));
#10640 = ORIENTED_EDGE('',*,*,#10626,.F.);
#10641 = CYLINDRICAL_SURFACE('',#10642,3.5);
#10642 = AXIS2_PLACEMENT_3D('',#10643,#10644,#10645);
#10643 = CARTESIAN_POINT('',(91.,63.,79.99));
#10644 = DIRECTION('',(-0.,-0.,-1.));
#10645 = DIRECTION('',(1.,0.,0.));
#10646 = ADVANCED_FACE('',(#10647),#10666,.F.);
#10647 = FACE_BOUND('',#10648,.T.);
#10648 = EDGE_LOOP('',(#10649,#10650,#10658,#10665));
#10649 = ORIENTED_EDGE('',*,*,#10234,.F.);
#10650 = ORIENTED_EDGE('',*,*,#10651,.T.);
#10651 = EDGE_CURVE('',#10227,#10652,#10654,.T.);
#10652 = VERTEX_POINT('',#10653);
#10653 = CARTESIAN_POINT('',(-3.5,63.,85.5));
#10654 = LINE('',#10655,#10656);
#10655 = CARTESIAN_POINT('',(-3.5,63.,79.99));
#10656 = VECTOR('',#10657,1.);
#10657 = DIRECTION('',(0.,0.,1.));
#10658 = ORIENTED_EDGE('',*,*,#10659,.T.);
#10659 = EDGE_CURVE('',#10652,#10652,#10660,.T.);
#10660 = CIRCLE('',#10661,3.5);
#10661 = AXIS2_PLACEMENT_3D('',#10662,#10663,#10664);
#10662 = CARTESIAN_POINT('',(-7.,63.,85.5));
#10663 = DIRECTION('',(0.,0.,1.));
#10664 = DIRECTION('',(1.,0.,0.));
#10665 = ORIENTED_EDGE('',*,*,#10651,.F.);
#10666 = CYLINDRICAL_SURFACE('',#10667,3.5);
#10667 = AXIS2_PLACEMENT_3D('',#10668,#10669,#10670);
#10668 = CARTESIAN_POINT('',(-7.,63.,79.99));
#10669 = DIRECTION('',(-0.,-0.,-1.));
#10670 = DIRECTION('',(1.,0.,0.));
#10671 = ADVANCED_FACE('',(#10672),#10691,.T.);
#10672 = FACE_BOUND('',#10673,.T.);
#10673 = EDGE_LOOP('',(#10674,#10683,#10689,#10690));
#10674 = ORIENTED_EDGE('',*,*,#10675,.F.);
#10675 = EDGE_CURVE('',#10676,#10676,#10678,.T.);
#10676 = VERTEX_POINT('',#10677);
#10677 = CARTESIAN_POINT('',(-4.6,-7.,125.));
#10678 = CIRCLE('',#10679,2.4);
#10679 = AXIS2_PLACEMENT_3D('',#10680,#10681,#10682);
#10680 = CARTESIAN_POINT('',(-7.,-7.,125.));
#10681 = DIRECTION('',(0.,0.,1.));
#10682 = DIRECTION('',(1.,0.,0.));
#10683 = ORIENTED_EDGE('',*,*,#10684,.F.);
#10684 = EDGE_CURVE('',#10252,#10676,#10685,.T.);
#10685 = LINE('',#10686,#10687);
#10686 = CARTESIAN_POINT('',(-4.,-7.,124.4));
#10687 = VECTOR('',#10688,1.);
#10688 = DIRECTION('',(-0.707106781187,1.7E-16,0.707106781187));
#10689 = ORIENTED_EDGE('',*,*,#10259,.T.);
#10690 = ORIENTED_EDGE('',*,*,#10684,.T.);
#10691 = CONICAL_SURFACE('',#10692,3.,0.785398163397);
#10692 = AXIS2_PLACEMENT_3D('',#10693,#10694,#10695);
#10693 = CARTESIAN_POINT('',(-7.,-7.,124.4));
#10694 = DIRECTION('',(-0.,-0.,-1.));
#10695 = DIRECTION('',(1.,0.,0.));
#10696 = ADVANCED_FACE('',(#10697),#10720,.T.);
#10697 = FACE_BOUND('',#10698,.F.);
#10698 = EDGE_LOOP('',(#10699,#10700,#10708,#10715,#10716,#10717,#10718,
    #10719));
#10699 = ORIENTED_EDGE('',*,*,#10282,.F.);
#10700 = ORIENTED_EDGE('',*,*,#10701,.T.);
#10701 = EDGE_CURVE('',#10283,#10702,#10704,.T.);
#10702 = VERTEX_POINT('',#10703);
#10703 = CARTESIAN_POINT('',(64.5,52.5,89.));
#10704 = LINE('',#10705,#10706);
#10705 = CARTESIAN_POINT('',(64.5,52.5,86.));
#10706 = VECTOR('',#10707,1.);
#10707 = DIRECTION('',(0.,0.,1.));
#10708 = ORIENTED_EDGE('',*,*,#10709,.T.);
#10709 = EDGE_CURVE('',#10702,#10702,#10710,.T.);
#10710 = CIRCLE('',#10711,3.);
#10711 = AXIS2_PLACEMENT_3D('',#10712,#10713,#10714);
#10712 = CARTESIAN_POINT('',(61.5,52.5,89.));
#10713 = DIRECTION('',(0.,0.,1.));
#10714 = DIRECTION('',(1.,0.,0.));
#10715 = ORIENTED_EDGE('',*,*,#10701,.F.);
#10716 = ORIENTED_EDGE('',*,*,#10291,.F.);
#10717 = ORIENTED_EDGE('',*,*,#10403,.F.);
#10718 = ORIENTED_EDGE('',*,*,#10346,.F.);
#10719 = ORIENTED_EDGE('',*,*,#10329,.F.);
#10720 = CYLINDRICAL_SURFACE('',#10721,3.);
#10721 = AXIS2_PLACEMENT_3D('',#10722,#10723,#10724);
#10722 = CARTESIAN_POINT('',(61.5,52.5,86.));
#10723 = DIRECTION('',(-0.,-0.,-1.));
#10724 = DIRECTION('',(1.,0.,0.));
#10725 = ADVANCED_FACE('',(#10726),#10749,.T.);
#10726 = FACE_BOUND('',#10727,.F.);
#10727 = EDGE_LOOP('',(#10728,#10729,#10737,#10744,#10745,#10746,#10747,
    #10748));
#10728 = ORIENTED_EDGE('',*,*,#10301,.F.);
#10729 = ORIENTED_EDGE('',*,*,#10730,.T.);
#10730 = EDGE_CURVE('',#10302,#10731,#10733,.T.);
#10731 = VERTEX_POINT('',#10732);
#10732 = CARTESIAN_POINT('',(64.5,3.5,89.));
#10733 = LINE('',#10734,#10735);
#10734 = CARTESIAN_POINT('',(64.5,3.5,86.));
#10735 = VECTOR('',#10736,1.);
#10736 = DIRECTION('',(0.,0.,1.));
#10737 = ORIENTED_EDGE('',*,*,#10738,.T.);
#10738 = EDGE_CURVE('',#10731,#10731,#10739,.T.);
#10739 = CIRCLE('',#10740,3.);
#10740 = AXIS2_PLACEMENT_3D('',#10741,#10742,#10743);
#10741 = CARTESIAN_POINT('',(61.5,3.5,89.));
#10742 = DIRECTION('',(0.,0.,1.));
#10743 = DIRECTION('',(1.,0.,0.));
#10744 = ORIENTED_EDGE('',*,*,#10730,.F.);
#10745 = ORIENTED_EDGE('',*,*,#10310,.F.);
#10746 = ORIENTED_EDGE('',*,*,#10494,.F.);
#10747 = ORIENTED_EDGE('',*,*,#10437,.F.);
#10748 = ORIENTED_EDGE('',*,*,#10420,.F.);
#10749 = CYLINDRICAL_SURFACE('',#10750,3.);
#10750 = AXIS2_PLACEMENT_3D('',#10751,#10752,#10753);
#10751 = CARTESIAN_POINT('',(61.5,3.5,86.));
#10752 = DIRECTION('',(-0.,-0.,-1.));
#10753 = DIRECTION('',(1.,0.,0.));
#10754 = ADVANCED_FACE('',(#10755),#10774,.F.);
#10755 = FACE_BOUND('',#10756,.T.);
#10756 = EDGE_LOOP('',(#10757,#10765,#10766,#10767));
#10757 = ORIENTED_EDGE('',*,*,#10758,.T.);
#10758 = EDGE_CURVE('',#10759,#10387,#10761,.T.);
#10759 = VERTEX_POINT('',#10760);
#10760 = CARTESIAN_POINT('',(5.2,52.5,85.8));
#10761 = LINE('',#10762,#10763);
#10762 = CARTESIAN_POINT('',(5.2,52.5,85.8));
#10763 = VECTOR('',#10764,1.);
#10764 = DIRECTION('',(0.,0.,1.));
#10765 = ORIENTED_EDGE('',*,*,#10386,.T.);
#10766 = ORIENTED_EDGE('',*,*,#10758,.F.);
#10767 = ORIENTED_EDGE('',*,*,#10768,.F.);
#10768 = EDGE_CURVE('',#10759,#10759,#10769,.T.);
#10769 = CIRCLE('',#10770,1.7);
#10770 = AXIS2_PLACEMENT_3D('',#10771,#10772,#10773);
#10771 = CARTESIAN_POINT('',(3.5,52.5,85.8));
#10772 = DIRECTION('',(0.,0.,1.));
#10773 = DIRECTION('',(1.,0.,0.));
#10774 = CYLINDRICAL_SURFACE('',#10775,1.7);
#10775 = AXIS2_PLACEMENT_3D('',#10776,#10777,#10778);
#10776 = CARTESIAN_POINT('',(3.5,52.5,85.8));
#10777 = DIRECTION('',(-0.,-0.,-1.));
#10778 = DIRECTION('',(1.,0.,0.));
#10779 = ADVANCED_FACE('',(#10780),#10799,.F.);
#10780 = FACE_BOUND('',#10781,.T.);
#10781 = EDGE_LOOP('',(#10782,#10790,#10791,#10792));
#10782 = ORIENTED_EDGE('',*,*,#10783,.T.);
#10783 = EDGE_CURVE('',#10784,#10478,#10786,.T.);
#10784 = VERTEX_POINT('',#10785);
#10785 = CARTESIAN_POINT('',(5.2,3.5,85.8));
#10786 = LINE('',#10787,#10788);
#10787 = CARTESIAN_POINT('',(5.2,3.5,85.8));
#10788 = VECTOR('',#10789,1.);
#10789 = DIRECTION('',(0.,0.,1.));
#10790 = ORIENTED_EDGE('',*,*,#10477,.T.);
#10791 = ORIENTED_EDGE('',*,*,#10783,.F.);
#10792 = ORIENTED_EDGE('',*,*,#10793,.F.);
#10793 = EDGE_CURVE('',#10784,#10784,#10794,.T.);
#10794 = CIRCLE('',#10795,1.7);
#10795 = AXIS2_PLACEMENT_3D('',#10796,#10797,#10798);
#10796 = CARTESIAN_POINT('',(3.5,3.5,85.8));
#10797 = DIRECTION('',(0.,0.,1.));
#10798 = DIRECTION('',(1.,0.,0.));
#10799 = CYLINDRICAL_SURFACE('',#10800,1.7);
#10800 = AXIS2_PLACEMENT_3D('',#10801,#10802,#10803);
#10801 = CARTESIAN_POINT('',(3.5,3.5,85.8));
#10802 = DIRECTION('',(-0.,-0.,-1.));
#10803 = DIRECTION('',(1.,0.,0.));
#10804 = ADVANCED_FACE('',(#10805),#10824,.T.);
#10805 = FACE_BOUND('',#10806,.T.);
#10806 = EDGE_LOOP('',(#10807,#10816,#10822,#10823));
#10807 = ORIENTED_EDGE('',*,*,#10808,.F.);
#10808 = EDGE_CURVE('',#10809,#10809,#10811,.T.);
#10809 = VERTEX_POINT('',#10810);
#10810 = CARTESIAN_POINT('',(-4.6,63.,125.));
#10811 = CIRCLE('',#10812,2.4);
#10812 = AXIS2_PLACEMENT_3D('',#10813,#10814,#10815);
#10813 = CARTESIAN_POINT('',(-7.,63.,125.));
#10814 = DIRECTION('',(0.,0.,1.));
#10815 = DIRECTION('',(1.,0.,0.));
#10816 = ORIENTED_EDGE('',*,*,#10817,.F.);
#10817 = EDGE_CURVE('',#10511,#10809,#10818,.T.);
#10818 = LINE('',#10819,#10820);
#10819 = CARTESIAN_POINT('',(-4.,63.,124.4));
#10820 = VECTOR('',#10821,1.);
#10821 = DIRECTION('',(-0.707106781187,1.7E-16,0.707106781187));
#10822 = ORIENTED_EDGE('',*,*,#10518,.T.);
#10823 = ORIENTED_EDGE('',*,*,#10817,.T.);
#10824 = CONICAL_SURFACE('',#10825,3.,0.785398163397);
#10825 = AXIS2_PLACEMENT_3D('',#10826,#10827,#10828);
#10826 = CARTESIAN_POINT('',(-7.,63.,124.4));
#10827 = DIRECTION('',(-0.,-0.,-1.));
#10828 = DIRECTION('',(1.,0.,0.));
#10829 = ADVANCED_FACE('',(#10830),#10849,.T.);
#10830 = FACE_BOUND('',#10831,.F.);
#10831 = EDGE_LOOP('',(#10832,#10840,#10847,#10848));
#10832 = ORIENTED_EDGE('',*,*,#10833,.T.);
#10833 = EDGE_CURVE('',#10539,#10834,#10836,.T.);
#10834 = VERTEX_POINT('',#10835);
#10835 = CARTESIAN_POINT('',(94.,-7.,124.4));
#10836 = LINE('',#10837,#10838);
#10837 = CARTESIAN_POINT('',(94.,-7.,120.));
#10838 = VECTOR('',#10839,1.);
#10839 = DIRECTION('',(0.,0.,1.));
#10840 = ORIENTED_EDGE('',*,*,#10841,.T.);
#10841 = EDGE_CURVE('',#10834,#10834,#10842,.T.);
#10842 = CIRCLE('',#10843,3.);
#10843 = AXIS2_PLACEMENT_3D('',#10844,#10845,#10846);
#10844 = CARTESIAN_POINT('',(91.,-7.,124.4));
#10845 = DIRECTION('',(0.,0.,1.));
#10846 = DIRECTION('',(1.,0.,0.));
#10847 = ORIENTED_EDGE('',*,*,#10833,.F.);
#10848 = ORIENTED_EDGE('',*,*,#10538,.F.);
#10849 = CYLINDRICAL_SURFACE('',#10850,3.);
#10850 = AXIS2_PLACEMENT_3D('',#10851,#10852,#10853);
#10851 = CARTESIAN_POINT('',(91.,-7.,120.));
#10852 = DIRECTION('',(-0.,-0.,-1.));
#10853 = DIRECTION('',(1.,0.,0.));
#10854 = ADVANCED_FACE('',(#10855),#10874,.T.);
#10855 = FACE_BOUND('',#10856,.F.);
#10856 = EDGE_LOOP('',(#10857,#10865,#10872,#10873));
#10857 = ORIENTED_EDGE('',*,*,#10858,.T.);
#10858 = EDGE_CURVE('',#10559,#10859,#10861,.T.);
#10859 = VERTEX_POINT('',#10860);
#10860 = CARTESIAN_POINT('',(94.,63.,124.4));
#10861 = LINE('',#10862,#10863);
#10862 = CARTESIAN_POINT('',(94.,63.,120.));
#10863 = VECTOR('',#10864,1.);
#10864 = DIRECTION('',(0.,0.,1.));
#10865 = ORIENTED_EDGE('',*,*,#10866,.T.);
#10866 = EDGE_CURVE('',#10859,#10859,#10867,.T.);
#10867 = CIRCLE('',#10868,3.);
#10868 = AXIS2_PLACEMENT_3D('',#10869,#10870,#10871);
#10869 = CARTESIAN_POINT('',(91.,63.,124.4));
#10870 = DIRECTION('',(0.,0.,1.));
#10871 = DIRECTION('',(1.,0.,0.));
#10872 = ORIENTED_EDGE('',*,*,#10858,.F.);
#10873 = ORIENTED_EDGE('',*,*,#10558,.F.);
#10874 = CYLINDRICAL_SURFACE('',#10875,3.);
#10875 = AXIS2_PLACEMENT_3D('',#10876,#10877,#10878);
#10876 = CARTESIAN_POINT('',(91.,63.,120.));
#10877 = DIRECTION('',(-0.,-0.,-1.));
#10878 = DIRECTION('',(1.,0.,0.));
#10879 = ADVANCED_FACE('',(#10880),#10883,.F.);
#10880 = FACE_BOUND('',#10881,.T.);
#10881 = EDGE_LOOP('',(#10882));
#10882 = ORIENTED_EDGE('',*,*,#10584,.F.);
#10883 = PLANE('',#10884);
#10884 = AXIS2_PLACEMENT_3D('',#10885,#10886,#10887);
#10885 = CARTESIAN_POINT('',(91.,-7.,85.5));
#10886 = DIRECTION('',(0.,0.,1.));
#10887 = DIRECTION('',(1.,0.,0.));
#10888 = ADVANCED_FACE('',(#10889),#10892,.F.);
#10889 = FACE_BOUND('',#10890,.T.);
#10890 = EDGE_LOOP('',(#10891));
#10891 = ORIENTED_EDGE('',*,*,#10609,.F.);
#10892 = PLANE('',#10893);
#10893 = AXIS2_PLACEMENT_3D('',#10894,#10895,#10896);
#10894 = CARTESIAN_POINT('',(-7.,-7.,85.5));
#10895 = DIRECTION('',(0.,0.,1.));
#10896 = DIRECTION('',(1.,0.,0.));
#10897 = ADVANCED_FACE('',(#10898),#10901,.F.);
#10898 = FACE_BOUND('',#10899,.T.);
#10899 = EDGE_LOOP('',(#10900));
#10900 = ORIENTED_EDGE('',*,*,#10634,.F.);
#10901 = PLANE('',#10902);
#10902 = AXIS2_PLACEMENT_3D('',#10903,#10904,#10905);
#10903 = CARTESIAN_POINT('',(91.,63.,85.5));
#10904 = DIRECTION('',(0.,0.,1.));
#10905 = DIRECTION('',(1.,0.,0.));
#10906 = ADVANCED_FACE('',(#10907),#10910,.F.);
#10907 = FACE_BOUND('',#10908,.T.);
#10908 = EDGE_LOOP('',(#10909));
#10909 = ORIENTED_EDGE('',*,*,#10659,.F.);
#10910 = PLANE('',#10911);
#10911 = AXIS2_PLACEMENT_3D('',#10912,#10913,#10914);
#10912 = CARTESIAN_POINT('',(-7.,63.,85.5));
#10913 = DIRECTION('',(0.,0.,1.));
#10914 = DIRECTION('',(1.,0.,0.));
#10915 = ADVANCED_FACE('',(#10916),#10919,.T.);
#10916 = FACE_BOUND('',#10917,.T.);
#10917 = EDGE_LOOP('',(#10918));
#10918 = ORIENTED_EDGE('',*,*,#10675,.T.);
#10919 = PLANE('',#10920);
#10920 = AXIS2_PLACEMENT_3D('',#10921,#10922,#10923);
#10921 = CARTESIAN_POINT('',(-7.,-7.,125.));
#10922 = DIRECTION('',(0.,0.,1.));
#10923 = DIRECTION('',(1.,0.,0.));
#10924 = ADVANCED_FACE('',(#10925,#10928),#10939,.T.);
#10925 = FACE_BOUND('',#10926,.T.);
#10926 = EDGE_LOOP('',(#10927));
#10927 = ORIENTED_EDGE('',*,*,#10709,.T.);
#10928 = FACE_BOUND('',#10929,.T.);
#10929 = EDGE_LOOP('',(#10930));
#10930 = ORIENTED_EDGE('',*,*,#10931,.F.);
#10931 = EDGE_CURVE('',#10932,#10932,#10934,.T.);
#10932 = VERTEX_POINT('',#10933);
#10933 = CARTESIAN_POINT('',(63.2,52.5,89.));
#10934 = CIRCLE('',#10935,1.7);
#10935 = AXIS2_PLACEMENT_3D('',#10936,#10937,#10938);
#10936 = CARTESIAN_POINT('',(61.5,52.5,89.));
#10937 = DIRECTION('',(0.,0.,1.));
#10938 = DIRECTION('',(1.,0.,0.));
#10939 = PLANE('',#10940);
#10940 = AXIS2_PLACEMENT_3D('',#10941,#10942,#10943);
#10941 = CARTESIAN_POINT('',(61.5,52.5,89.));
#10942 = DIRECTION('',(0.,0.,1.));
#10943 = DIRECTION('',(1.,0.,0.));
#10944 = ADVANCED_FACE('',(#10945,#10948),#10959,.T.);
#10945 = FACE_BOUND('',#10946,.T.);
#10946 = EDGE_LOOP('',(#10947));
#10947 = ORIENTED_EDGE('',*,*,#10738,.T.);
#10948 = FACE_BOUND('',#10949,.T.);
#10949 = EDGE_LOOP('',(#10950));
#10950 = ORIENTED_EDGE('',*,*,#10951,.F.);
#10951 = EDGE_CURVE('',#10952,#10952,#10954,.T.);
#10952 = VERTEX_POINT('',#10953);
#10953 = CARTESIAN_POINT('',(63.2,3.5,89.));
#10954 = CIRCLE('',#10955,1.7);
#10955 = AXIS2_PLACEMENT_3D('',#10956,#10957,#10958);
#10956 = CARTESIAN_POINT('',(61.5,3.5,89.));
#10957 = DIRECTION('',(0.,0.,1.));
#10958 = DIRECTION('',(1.,0.,0.));
#10959 = PLANE('',#10960);
#10960 = AXIS2_PLACEMENT_3D('',#10961,#10962,#10963);
#10961 = CARTESIAN_POINT('',(61.5,3.5,89.));
#10962 = DIRECTION('',(0.,0.,1.));
#10963 = DIRECTION('',(1.,0.,0.));
#10964 = ADVANCED_FACE('',(#10965),#10968,.T.);
#10965 = FACE_BOUND('',#10966,.F.);
#10966 = EDGE_LOOP('',(#10967));
#10967 = ORIENTED_EDGE('',*,*,#10768,.F.);
#10968 = PLANE('',#10969);
#10969 = AXIS2_PLACEMENT_3D('',#10970,#10971,#10972);
#10970 = CARTESIAN_POINT('',(3.5,52.5,85.8));
#10971 = DIRECTION('',(0.,0.,1.));
#10972 = DIRECTION('',(1.,0.,0.));
#10973 = ADVANCED_FACE('',(#10974),#10977,.T.);
#10974 = FACE_BOUND('',#10975,.F.);
#10975 = EDGE_LOOP('',(#10976));
#10976 = ORIENTED_EDGE('',*,*,#10793,.F.);
#10977 = PLANE('',#10978);
#10978 = AXIS2_PLACEMENT_3D('',#10979,#10980,#10981);
#10979 = CARTESIAN_POINT('',(3.5,3.5,85.8));
#10980 = DIRECTION('',(0.,0.,1.));
#10981 = DIRECTION('',(1.,0.,0.));
#10982 = ADVANCED_FACE('',(#10983),#10986,.T.);
#10983 = FACE_BOUND('',#10984,.T.);
#10984 = EDGE_LOOP('',(#10985));
#10985 = ORIENTED_EDGE('',*,*,#10808,.T.);
#10986 = PLANE('',#10987);
#10987 = AXIS2_PLACEMENT_3D('',#10988,#10989,#10990);
#10988 = CARTESIAN_POINT('',(-7.,63.,125.));
#10989 = DIRECTION('',(0.,0.,1.));
#10990 = DIRECTION('',(1.,0.,0.));
#10991 = ADVANCED_FACE('',(#10992),#11011,.T.);
#10992 = FACE_BOUND('',#10993,.T.);
#10993 = EDGE_LOOP('',(#10994,#11003,#11009,#11010));
#10994 = ORIENTED_EDGE('',*,*,#10995,.F.);
#10995 = EDGE_CURVE('',#10996,#10996,#10998,.T.);
#10996 = VERTEX_POINT('',#10997);
#10997 = CARTESIAN_POINT('',(93.4,-7.,125.));
#10998 = CIRCLE('',#10999,2.4);
#10999 = AXIS2_PLACEMENT_3D('',#11000,#11001,#11002);
#11000 = CARTESIAN_POINT('',(91.,-7.,125.));
#11001 = DIRECTION('',(0.,0.,1.));
#11002 = DIRECTION('',(1.,0.,0.));
#11003 = ORIENTED_EDGE('',*,*,#11004,.F.);
#11004 = EDGE_CURVE('',#10834,#10996,#11005,.T.);
#11005 = LINE('',#11006,#11007);
#11006 = CARTESIAN_POINT('',(94.,-7.,124.4));
#11007 = VECTOR('',#11008,1.);
#11008 = DIRECTION('',(-0.707106781187,1.7E-16,0.707106781187));
#11009 = ORIENTED_EDGE('',*,*,#10841,.T.);
#11010 = ORIENTED_EDGE('',*,*,#11004,.T.);
#11011 = CONICAL_SURFACE('',#11012,3.,0.785398163397);
#11012 = AXIS2_PLACEMENT_3D('',#11013,#11014,#11015);
#11013 = CARTESIAN_POINT('',(91.,-7.,124.4));
#11014 = DIRECTION('',(-0.,-0.,-1.));
#11015 = DIRECTION('',(1.,0.,0.));
#11016 = ADVANCED_FACE('',(#11017),#11036,.T.);
#11017 = FACE_BOUND('',#11018,.T.);
#11018 = EDGE_LOOP('',(#11019,#11028,#11034,#11035));
#11019 = ORIENTED_EDGE('',*,*,#11020,.F.);
#11020 = EDGE_CURVE('',#11021,#11021,#11023,.T.);
#11021 = VERTEX_POINT('',#11022);
#11022 = CARTESIAN_POINT('',(93.4,63.,125.));
#11023 = CIRCLE('',#11024,2.4);
#11024 = AXIS2_PLACEMENT_3D('',#11025,#11026,#11027);
#11025 = CARTESIAN_POINT('',(91.,63.,125.));
#11026 = DIRECTION('',(0.,0.,1.));
#11027 = DIRECTION('',(1.,0.,0.));
#11028 = ORIENTED_EDGE('',*,*,#11029,.F.);
#11029 = EDGE_CURVE('',#10859,#11021,#11030,.T.);
#11030 = LINE('',#11031,#11032);
#11031 = CARTESIAN_POINT('',(94.,63.,124.4));
#11032 = VECTOR('',#11033,1.);
#11033 = DIRECTION('',(-0.707106781187,1.7E-16,0.707106781187));
#11034 = ORIENTED_EDGE('',*,*,#10866,.T.);
#11035 = ORIENTED_EDGE('',*,*,#11029,.T.);
#11036 = CONICAL_SURFACE('',#11037,3.,0.785398163397);
#11037 = AXIS2_PLACEMENT_3D('',#11038,#11039,#11040);
#11038 = CARTESIAN_POINT('',(91.,63.,124.4));
#11039 = DIRECTION('',(-0.,-0.,-1.));
#11040 = DIRECTION('',(1.,0.,0.));
#11041 = ADVANCED_FACE('',(#11042),#11061,.F.);
#11042 = FACE_BOUND('',#11043,.T.);
#11043 = EDGE_LOOP('',(#11044,#11052,#11053,#11054));
#11044 = ORIENTED_EDGE('',*,*,#11045,.T.);
#11045 = EDGE_CURVE('',#11046,#10932,#11048,.T.);
#11046 = VERTEX_POINT('',#11047);
#11047 = CARTESIAN_POINT('',(63.2,52.5,85.8));
#11048 = LINE('',#11049,#11050);
#11049 = CARTESIAN_POINT('',(63.2,52.5,85.8));
#11050 = VECTOR('',#11051,1.);
#11051 = DIRECTION('',(0.,0.,1.));
#11052 = ORIENTED_EDGE('',*,*,#10931,.T.);
#11053 = ORIENTED_EDGE('',*,*,#11045,.F.);
#11054 = ORIENTED_EDGE('',*,*,#11055,.F.);
#11055 = EDGE_CURVE('',#11046,#11046,#11056,.T.);
#11056 = CIRCLE('',#11057,1.7);
#11057 = AXIS2_PLACEMENT_3D('',#11058,#11059,#11060);
#11058 = CARTESIAN_POINT('',(61.5,52.5,85.8));
#11059 = DIRECTION('',(0.,0.,1.));
#11060 = DIRECTION('',(1.,0.,0.));
#11061 = CYLINDRICAL_SURFACE('',#11062,1.7);
#11062 = AXIS2_PLACEMENT_3D('',#11063,#11064,#11065);
#11063 = CARTESIAN_POINT('',(61.5,52.5,85.8));
#11064 = DIRECTION('',(-0.,-0.,-1.));
#11065 = DIRECTION('',(1.,0.,0.));
#11066 = ADVANCED_FACE('',(#11067),#11086,.F.);
#11067 = FACE_BOUND('',#11068,.T.);
#11068 = EDGE_LOOP('',(#11069,#11077,#11078,#11079));
#11069 = ORIENTED_EDGE('',*,*,#11070,.T.);
#11070 = EDGE_CURVE('',#11071,#10952,#11073,.T.);
#11071 = VERTEX_POINT('',#11072);
#11072 = CARTESIAN_POINT('',(63.2,3.5,85.8));
#11073 = LINE('',#11074,#11075);
#11074 = CARTESIAN_POINT('',(63.2,3.5,85.8));
#11075 = VECTOR('',#11076,1.);
#11076 = DIRECTION('',(0.,0.,1.));
#11077 = ORIENTED_EDGE('',*,*,#10951,.T.);
#11078 = ORIENTED_EDGE('',*,*,#11070,.F.);
#11079 = ORIENTED_EDGE('',*,*,#11080,.F.);
#11080 = EDGE_CURVE('',#11071,#11071,#11081,.T.);
#11081 = CIRCLE('',#11082,1.7);
#11082 = AXIS2_PLACEMENT_3D('',#11083,#11084,#11085);
#11083 = CARTESIAN_POINT('',(61.5,3.5,85.8));
#11084 = DIRECTION('',(0.,0.,1.));
#11085 = DIRECTION('',(1.,0.,0.));
#11086 = CYLINDRICAL_SURFACE('',#11087,1.7);
#11087 = AXIS2_PLACEMENT_3D('',#11088,#11089,#11090);
#11088 = CARTESIAN_POINT('',(61.5,3.5,85.8));
#11089 = DIRECTION('',(-0.,-0.,-1.));
#11090 = DIRECTION('',(1.,0.,0.));
#11091 = ADVANCED_FACE('',(#11092),#11095,.T.);
#11092 = FACE_BOUND('',#11093,.T.);
#11093 = EDGE_LOOP('',(#11094));
#11094 = ORIENTED_EDGE('',*,*,#10995,.T.);
#11095 = PLANE('',#11096);
#11096 = AXIS2_PLACEMENT_3D('',#11097,#11098,#11099);
#11097 = CARTESIAN_POINT('',(91.,-7.,125.));
#11098 = DIRECTION('',(0.,0.,1.));
#11099 = DIRECTION('',(1.,0.,0.));
#11100 = ADVANCED_FACE('',(#11101),#11104,.T.);
#11101 = FACE_BOUND('',#11102,.T.);
#11102 = EDGE_LOOP('',(#11103));
#11103 = ORIENTED_EDGE('',*,*,#11020,.T.);
#11104 = PLANE('',#11105);
#11105 = AXIS2_PLACEMENT_3D('',#11106,#11107,#11108);
#11106 = CARTESIAN_POINT('',(91.,63.,125.));
#11107 = DIRECTION('',(0.,0.,1.));
#11108 = DIRECTION('',(1.,0.,0.));
#11109 = ADVANCED_FACE('',(#11110),#11113,.T.);
#11110 = FACE_BOUND('',#11111,.F.);
#11111 = EDGE_LOOP('',(#11112));
#11112 = ORIENTED_EDGE('',*,*,#11055,.F.);
#11113 = PLANE('',#11114);
#11114 = AXIS2_PLACEMENT_3D('',#11115,#11116,#11117);
#11115 = CARTESIAN_POINT('',(61.5,52.5,85.8));
#11116 = DIRECTION('',(0.,0.,1.));
#11117 = DIRECTION('',(1.,0.,0.));
#11118 = ADVANCED_FACE('',(#11119),#11122,.T.);
#11119 = FACE_BOUND('',#11120,.F.);
#11120 = EDGE_LOOP('',(#11121));
#11121 = ORIENTED_EDGE('',*,*,#11080,.F.);
#11122 = PLANE('',#11123);
#11123 = AXIS2_PLACEMENT_3D('',#11124,#11125,#11126);
#11124 = CARTESIAN_POINT('',(61.5,3.5,85.8));
#11125 = DIRECTION('',(0.,0.,1.));
#11126 = DIRECTION('',(1.,0.,0.));
#11127 = MANIFOLD_SOLID_BREP('',#11128);
#11128 = CLOSED_SHELL('',(#11129,#11162,#11171,#11191,#11216,#11236,
    #11261,#11286));
#11129 = ADVANCED_FACE('',(#11130),#11157,.T.);
#11130 = FACE_BOUND('',#11131,.F.);
#11131 = EDGE_LOOP('',(#11132,#11142,#11149,#11150));
#11132 = ORIENTED_EDGE('',*,*,#11133,.T.);
#11133 = EDGE_CURVE('',#11134,#11136,#11138,.T.);
#11134 = VERTEX_POINT('',#11135);
#11135 = CARTESIAN_POINT('',(5.,3.5,86.));
#11136 = VERTEX_POINT('',#11137);
#11137 = CARTESIAN_POINT('',(5.,3.5,89.));
#11138 = LINE('',#11139,#11140);
#11139 = CARTESIAN_POINT('',(5.,3.5,86.));
#11140 = VECTOR('',#11141,1.);
#11141 = DIRECTION('',(0.,0.,1.));
#11142 = ORIENTED_EDGE('',*,*,#11143,.T.);
#11143 = EDGE_CURVE('',#11136,#11136,#11144,.T.);
#11144 = CIRCLE('',#11145,1.5);
#11145 = AXIS2_PLACEMENT_3D('',#11146,#11147,#11148);
#11146 = CARTESIAN_POINT('',(3.5,3.5,89.));
#11147 = DIRECTION('',(0.,0.,1.));
#11148 = DIRECTION('',(1.,0.,0.));
#11149 = ORIENTED_EDGE('',*,*,#11133,.F.);
#11150 = ORIENTED_EDGE('',*,*,#11151,.F.);
#11151 = EDGE_CURVE('',#11134,#11134,#11152,.T.);
#11152 = CIRCLE('',#11153,1.5);
#11153 = AXIS2_PLACEMENT_3D('',#11154,#11155,#11156);
#11154 = CARTESIAN_POINT('',(3.5,3.5,86.));
#11155 = DIRECTION('',(0.,0.,1.));
#11156 = DIRECTION('',(1.,0.,0.));
#11157 = CYLINDRICAL_SURFACE('',#11158,1.5);
#11158 = AXIS2_PLACEMENT_3D('',#11159,#11160,#11161);
#11159 = CARTESIAN_POINT('',(3.5,3.5,86.));
#11160 = DIRECTION('',(-0.,-0.,-1.));
#11161 = DIRECTION('',(1.,0.,0.));
#11162 = ADVANCED_FACE('',(#11163),#11166,.F.);
#11163 = FACE_BOUND('',#11164,.T.);
#11164 = EDGE_LOOP('',(#11165));
#11165 = ORIENTED_EDGE('',*,*,#11151,.F.);
#11166 = PLANE('',#11167);
#11167 = AXIS2_PLACEMENT_3D('',#11168,#11169,#11170);
#11168 = CARTESIAN_POINT('',(3.5,3.5,86.));
#11169 = DIRECTION('',(0.,0.,1.));
#11170 = DIRECTION('',(1.,0.,0.));
#11171 = ADVANCED_FACE('',(#11172,#11183),#11186,.F.);
#11172 = FACE_BOUND('',#11173,.F.);
#11173 = EDGE_LOOP('',(#11174));
#11174 = ORIENTED_EDGE('',*,*,#11175,.T.);
#11175 = EDGE_CURVE('',#11176,#11176,#11178,.T.);
#11176 = VERTEX_POINT('',#11177);
#11177 = CARTESIAN_POINT('',(5.8,3.5,89.));
#11178 = CIRCLE('',#11179,2.3);
#11179 = AXIS2_PLACEMENT_3D('',#11180,#11181,#11182);
#11180 = CARTESIAN_POINT('',(3.5,3.5,89.));
#11181 = DIRECTION('',(0.,0.,1.));
#11182 = DIRECTION('',(1.,0.,0.));
#11183 = FACE_BOUND('',#11184,.F.);
#11184 = EDGE_LOOP('',(#11185));
#11185 = ORIENTED_EDGE('',*,*,#11143,.F.);
#11186 = PLANE('',#11187);
#11187 = AXIS2_PLACEMENT_3D('',#11188,#11189,#11190);
#11188 = CARTESIAN_POINT('',(3.5,3.5,89.));
#11189 = DIRECTION('',(0.,0.,1.));
#11190 = DIRECTION('',(1.,0.,0.));
#11191 = ADVANCED_FACE('',(#11192),#11211,.T.);
#11192 = FACE_BOUND('',#11193,.F.);
#11193 = EDGE_LOOP('',(#11194,#11202,#11209,#11210));
#11194 = ORIENTED_EDGE('',*,*,#11195,.T.);
#11195 = EDGE_CURVE('',#11176,#11196,#11198,.T.);
#11196 = VERTEX_POINT('',#11197);
#11197 = CARTESIAN_POINT('',(5.8,3.5,90.));
#11198 = LINE('',#11199,#11200);
#11199 = CARTESIAN_POINT('',(5.8,3.5,89.));
#11200 = VECTOR('',#11201,1.);
#11201 = DIRECTION('',(0.,0.,1.));
#11202 = ORIENTED_EDGE('',*,*,#11203,.T.);
#11203 = EDGE_CURVE('',#11196,#11196,#11204,.T.);
#11204 = CIRCLE('',#11205,2.3);
#11205 = AXIS2_PLACEMENT_3D('',#11206,#11207,#11208);
#11206 = CARTESIAN_POINT('',(3.5,3.5,90.));
#11207 = DIRECTION('',(0.,0.,1.));
#11208 = DIRECTION('',(1.,0.,0.));
#11209 = ORIENTED_EDGE('',*,*,#11195,.F.);
#11210 = ORIENTED_EDGE('',*,*,#11175,.F.);
#11211 = CYLINDRICAL_SURFACE('',#11212,2.3);
#11212 = AXIS2_PLACEMENT_3D('',#11213,#11214,#11215);
#11213 = CARTESIAN_POINT('',(3.5,3.5,89.));
#11214 = DIRECTION('',(-0.,-0.,-1.));
#11215 = DIRECTION('',(1.,0.,0.));
#11216 = ADVANCED_FACE('',(#11217,#11220),#11231,.T.);
#11217 = FACE_BOUND('',#11218,.T.);
#11218 = EDGE_LOOP('',(#11219));
#11219 = ORIENTED_EDGE('',*,*,#11203,.T.);
#11220 = FACE_BOUND('',#11221,.T.);
#11221 = EDGE_LOOP('',(#11222));
#11222 = ORIENTED_EDGE('',*,*,#11223,.F.);
#11223 = EDGE_CURVE('',#11224,#11224,#11226,.T.);
#11224 = VERTEX_POINT('',#11225);
#11225 = CARTESIAN_POINT('',(4.675,3.5,90.));
#11226 = CIRCLE('',#11227,1.175);
#11227 = AXIS2_PLACEMENT_3D('',#11228,#11229,#11230);
#11228 = CARTESIAN_POINT('',(3.5,3.5,90.));
#11229 = DIRECTION('',(0.,0.,1.));
#11230 = DIRECTION('',(1.,0.,0.));
#11231 = PLANE('',#11232);
#11232 = AXIS2_PLACEMENT_3D('',#11233,#11234,#11235);
#11233 = CARTESIAN_POINT('',(3.5,3.5,90.));
#11234 = DIRECTION('',(0.,0.,1.));
#11235 = DIRECTION('',(1.,0.,0.));
#11236 = ADVANCED_FACE('',(#11237),#11256,.T.);
#11237 = FACE_BOUND('',#11238,.F.);
#11238 = EDGE_LOOP('',(#11239,#11247,#11254,#11255));
#11239 = ORIENTED_EDGE('',*,*,#11240,.T.);
#11240 = EDGE_CURVE('',#11224,#11241,#11243,.T.);
#11241 = VERTEX_POINT('',#11242);
#11242 = CARTESIAN_POINT('',(4.675,3.5,91.4));
#11243 = LINE('',#11244,#11245);
#11244 = CARTESIAN_POINT('',(4.675,3.5,90.));
#11245 = VECTOR('',#11246,1.);
#11246 = DIRECTION('',(0.,0.,1.));
#11247 = ORIENTED_EDGE('',*,*,#11248,.T.);
#11248 = EDGE_CURVE('',#11241,#11241,#11249,.T.);
#11249 = CIRCLE('',#11250,1.175);
#11250 = AXIS2_PLACEMENT_3D('',#11251,#11252,#11253);
#11251 = CARTESIAN_POINT('',(3.5,3.5,91.4));
#11252 = DIRECTION('',(0.,0.,1.));
#11253 = DIRECTION('',(1.,0.,0.));
#11254 = ORIENTED_EDGE('',*,*,#11240,.F.);
#11255 = ORIENTED_EDGE('',*,*,#11223,.F.);
#11256 = CYLINDRICAL_SURFACE('',#11257,1.175);
#11257 = AXIS2_PLACEMENT_3D('',#11258,#11259,#11260);
#11258 = CARTESIAN_POINT('',(3.5,3.5,90.));
#11259 = DIRECTION('',(-0.,-0.,-1.));
#11260 = DIRECTION('',(1.,0.,0.));
#11261 = ADVANCED_FACE('',(#11262),#11281,.T.);
#11262 = FACE_BOUND('',#11263,.T.);
#11263 = EDGE_LOOP('',(#11264,#11273,#11279,#11280));
#11264 = ORIENTED_EDGE('',*,*,#11265,.F.);
#11265 = EDGE_CURVE('',#11266,#11266,#11268,.T.);
#11266 = VERTEX_POINT('',#11267);
#11267 = CARTESIAN_POINT('',(4.275,3.5,91.8));
#11268 = CIRCLE('',#11269,0.775);
#11269 = AXIS2_PLACEMENT_3D('',#11270,#11271,#11272);
#11270 = CARTESIAN_POINT('',(3.5,3.5,91.8));
#11271 = DIRECTION('',(0.,0.,1.));
#11272 = DIRECTION('',(1.,0.,0.));
#11273 = ORIENTED_EDGE('',*,*,#11274,.F.);
#11274 = EDGE_CURVE('',#11241,#11266,#11275,.T.);
#11275 = LINE('',#11276,#11277);
#11276 = CARTESIAN_POINT('',(4.675,3.5,91.4));
#11277 = VECTOR('',#11278,1.);
#11278 = DIRECTION('',(-0.707106781187,1.7E-16,0.707106781187));
#11279 = ORIENTED_EDGE('',*,*,#11248,.T.);
#11280 = ORIENTED_EDGE('',*,*,#11274,.T.);
#11281 = CONICAL_SURFACE('',#11282,1.175,0.785398163397);
#11282 = AXIS2_PLACEMENT_3D('',#11283,#11284,#11285);
#11283 = CARTESIAN_POINT('',(3.5,3.5,91.4));
#11284 = DIRECTION('',(-0.,-0.,-1.));
#11285 = DIRECTION('',(1.,0.,0.));
#11286 = ADVANCED_FACE('',(#11287),#11290,.T.);
#11287 = FACE_BOUND('',#11288,.T.);
#11288 = EDGE_LOOP('',(#11289));
#11289 = ORIENTED_EDGE('',*,*,#11265,.T.);
#11290 = PLANE('',#11291);
#11291 = AXIS2_PLACEMENT_3D('',#11292,#11293,#11294);
#11292 = CARTESIAN_POINT('',(3.5,3.5,91.8));
#11293 = DIRECTION('',(0.,0.,1.));
#11294 = DIRECTION('',(1.,0.,0.));
#11295 = MANIFOLD_SOLID_BREP('',#11296);
#11296 = CLOSED_SHELL('',(#11297,#11330,#11339,#11359,#11384,#11404,
    #11429,#11454));
#11297 = ADVANCED_FACE('',(#11298),#11325,.T.);
#11298 = FACE_BOUND('',#11299,.F.);
#11299 = EDGE_LOOP('',(#11300,#11310,#11317,#11318));
#11300 = ORIENTED_EDGE('',*,*,#11301,.T.);
#11301 = EDGE_CURVE('',#11302,#11304,#11306,.T.);
#11302 = VERTEX_POINT('',#11303);
#11303 = CARTESIAN_POINT('',(63.,3.5,86.));
#11304 = VERTEX_POINT('',#11305);
#11305 = CARTESIAN_POINT('',(63.,3.5,89.));
#11306 = LINE('',#11307,#11308);
#11307 = CARTESIAN_POINT('',(63.,3.5,86.));
#11308 = VECTOR('',#11309,1.);
#11309 = DIRECTION('',(0.,0.,1.));
#11310 = ORIENTED_EDGE('',*,*,#11311,.T.);
#11311 = EDGE_CURVE('',#11304,#11304,#11312,.T.);
#11312 = CIRCLE('',#11313,1.5);
#11313 = AXIS2_PLACEMENT_3D('',#11314,#11315,#11316);
#11314 = CARTESIAN_POINT('',(61.5,3.5,89.));
#11315 = DIRECTION('',(0.,0.,1.));
#11316 = DIRECTION('',(1.,0.,0.));
#11317 = ORIENTED_EDGE('',*,*,#11301,.F.);
#11318 = ORIENTED_EDGE('',*,*,#11319,.F.);
#11319 = EDGE_CURVE('',#11302,#11302,#11320,.T.);
#11320 = CIRCLE('',#11321,1.5);
#11321 = AXIS2_PLACEMENT_3D('',#11322,#11323,#11324);
#11322 = CARTESIAN_POINT('',(61.5,3.5,86.));
#11323 = DIRECTION('',(0.,0.,1.));
#11324 = DIRECTION('',(1.,0.,0.));
#11325 = CYLINDRICAL_SURFACE('',#11326,1.5);
#11326 = AXIS2_PLACEMENT_3D('',#11327,#11328,#11329);
#11327 = CARTESIAN_POINT('',(61.5,3.5,86.));
#11328 = DIRECTION('',(-0.,-0.,-1.));
#11329 = DIRECTION('',(1.,0.,0.));
#11330 = ADVANCED_FACE('',(#11331),#11334,.F.);
#11331 = FACE_BOUND('',#11332,.T.);
#11332 = EDGE_LOOP('',(#11333));
#11333 = ORIENTED_EDGE('',*,*,#11319,.F.);
#11334 = PLANE('',#11335);
#11335 = AXIS2_PLACEMENT_3D('',#11336,#11337,#11338);
#11336 = CARTESIAN_POINT('',(61.5,3.5,86.));
#11337 = DIRECTION('',(0.,0.,1.));
#11338 = DIRECTION('',(1.,0.,0.));
#11339 = ADVANCED_FACE('',(#11340,#11351),#11354,.F.);
#11340 = FACE_BOUND('',#11341,.F.);
#11341 = EDGE_LOOP('',(#11342));
#11342 = ORIENTED_EDGE('',*,*,#11343,.T.);
#11343 = EDGE_CURVE('',#11344,#11344,#11346,.T.);
#11344 = VERTEX_POINT('',#11345);
#11345 = CARTESIAN_POINT('',(63.8,3.5,89.));
#11346 = CIRCLE('',#11347,2.3);
#11347 = AXIS2_PLACEMENT_3D('',#11348,#11349,#11350);
#11348 = CARTESIAN_POINT('',(61.5,3.5,89.));
#11349 = DIRECTION('',(0.,0.,1.));
#11350 = DIRECTION('',(1.,0.,0.));
#11351 = FACE_BOUND('',#11352,.F.);
#11352 = EDGE_LOOP('',(#11353));
#11353 = ORIENTED_EDGE('',*,*,#11311,.F.);
#11354 = PLANE('',#11355);
#11355 = AXIS2_PLACEMENT_3D('',#11356,#11357,#11358);
#11356 = CARTESIAN_POINT('',(61.5,3.5,89.));
#11357 = DIRECTION('',(0.,0.,1.));
#11358 = DIRECTION('',(1.,0.,0.));
#11359 = ADVANCED_FACE('',(#11360),#11379,.T.);
#11360 = FACE_BOUND('',#11361,.F.);
#11361 = EDGE_LOOP('',(#11362,#11370,#11377,#11378));
#11362 = ORIENTED_EDGE('',*,*,#11363,.T.);
#11363 = EDGE_CURVE('',#11344,#11364,#11366,.T.);
#11364 = VERTEX_POINT('',#11365);
#11365 = CARTESIAN_POINT('',(63.8,3.5,90.));
#11366 = LINE('',#11367,#11368);
#11367 = CARTESIAN_POINT('',(63.8,3.5,89.));
#11368 = VECTOR('',#11369,1.);
#11369 = DIRECTION('',(0.,0.,1.));
#11370 = ORIENTED_EDGE('',*,*,#11371,.T.);
#11371 = EDGE_CURVE('',#11364,#11364,#11372,.T.);
#11372 = CIRCLE('',#11373,2.3);
#11373 = AXIS2_PLACEMENT_3D('',#11374,#11375,#11376);
#11374 = CARTESIAN_POINT('',(61.5,3.5,90.));
#11375 = DIRECTION('',(0.,0.,1.));
#11376 = DIRECTION('',(1.,0.,0.));
#11377 = ORIENTED_EDGE('',*,*,#11363,.F.);
#11378 = ORIENTED_EDGE('',*,*,#11343,.F.);
#11379 = CYLINDRICAL_SURFACE('',#11380,2.3);
#11380 = AXIS2_PLACEMENT_3D('',#11381,#11382,#11383);
#11381 = CARTESIAN_POINT('',(61.5,3.5,89.));
#11382 = DIRECTION('',(-0.,-0.,-1.));
#11383 = DIRECTION('',(1.,0.,0.));
#11384 = ADVANCED_FACE('',(#11385,#11388),#11399,.T.);
#11385 = FACE_BOUND('',#11386,.T.);
#11386 = EDGE_LOOP('',(#11387));
#11387 = ORIENTED_EDGE('',*,*,#11371,.T.);
#11388 = FACE_BOUND('',#11389,.T.);
#11389 = EDGE_LOOP('',(#11390));
#11390 = ORIENTED_EDGE('',*,*,#11391,.F.);
#11391 = EDGE_CURVE('',#11392,#11392,#11394,.T.);
#11392 = VERTEX_POINT('',#11393);
#11393 = CARTESIAN_POINT('',(62.675,3.5,90.));
#11394 = CIRCLE('',#11395,1.175);
#11395 = AXIS2_PLACEMENT_3D('',#11396,#11397,#11398);
#11396 = CARTESIAN_POINT('',(61.5,3.5,90.));
#11397 = DIRECTION('',(0.,0.,1.));
#11398 = DIRECTION('',(1.,0.,0.));
#11399 = PLANE('',#11400);
#11400 = AXIS2_PLACEMENT_3D('',#11401,#11402,#11403);
#11401 = CARTESIAN_POINT('',(61.5,3.5,90.));
#11402 = DIRECTION('',(0.,0.,1.));
#11403 = DIRECTION('',(1.,0.,0.));
#11404 = ADVANCED_FACE('',(#11405),#11424,.T.);
#11405 = FACE_BOUND('',#11406,.F.);
#11406 = EDGE_LOOP('',(#11407,#11415,#11422,#11423));
#11407 = ORIENTED_EDGE('',*,*,#11408,.T.);
#11408 = EDGE_CURVE('',#11392,#11409,#11411,.T.);
#11409 = VERTEX_POINT('',#11410);
#11410 = CARTESIAN_POINT('',(62.675,3.5,91.4));
#11411 = LINE('',#11412,#11413);
#11412 = CARTESIAN_POINT('',(62.675,3.5,90.));
#11413 = VECTOR('',#11414,1.);
#11414 = DIRECTION('',(0.,0.,1.));
#11415 = ORIENTED_EDGE('',*,*,#11416,.T.);
#11416 = EDGE_CURVE('',#11409,#11409,#11417,.T.);
#11417 = CIRCLE('',#11418,1.175);
#11418 = AXIS2_PLACEMENT_3D('',#11419,#11420,#11421);
#11419 = CARTESIAN_POINT('',(61.5,3.5,91.4));
#11420 = DIRECTION('',(0.,0.,1.));
#11421 = DIRECTION('',(1.,0.,0.));
#11422 = ORIENTED_EDGE('',*,*,#11408,.F.);
#11423 = ORIENTED_EDGE('',*,*,#11391,.F.);
#11424 = CYLINDRICAL_SURFACE('',#11425,1.175);
#11425 = AXIS2_PLACEMENT_3D('',#11426,#11427,#11428);
#11426 = CARTESIAN_POINT('',(61.5,3.5,90.));
#11427 = DIRECTION('',(-0.,-0.,-1.));
#11428 = DIRECTION('',(1.,0.,0.));
#11429 = ADVANCED_FACE('',(#11430),#11449,.T.);
#11430 = FACE_BOUND('',#11431,.T.);
#11431 = EDGE_LOOP('',(#11432,#11441,#11447,#11448));
#11432 = ORIENTED_EDGE('',*,*,#11433,.F.);
#11433 = EDGE_CURVE('',#11434,#11434,#11436,.T.);
#11434 = VERTEX_POINT('',#11435);
#11435 = CARTESIAN_POINT('',(62.275,3.5,91.8));
#11436 = CIRCLE('',#11437,0.775);
#11437 = AXIS2_PLACEMENT_3D('',#11438,#11439,#11440);
#11438 = CARTESIAN_POINT('',(61.5,3.5,91.8));
#11439 = DIRECTION('',(0.,0.,1.));
#11440 = DIRECTION('',(1.,0.,0.));
#11441 = ORIENTED_EDGE('',*,*,#11442,.F.);
#11442 = EDGE_CURVE('',#11409,#11434,#11443,.T.);
#11443 = LINE('',#11444,#11445);
#11444 = CARTESIAN_POINT('',(62.675,3.5,91.4));
#11445 = VECTOR('',#11446,1.);
#11446 = DIRECTION('',(-0.707106781187,1.7E-16,0.707106781187));
#11447 = ORIENTED_EDGE('',*,*,#11416,.T.);
#11448 = ORIENTED_EDGE('',*,*,#11442,.T.);
#11449 = CONICAL_SURFACE('',#11450,1.175,0.785398163397);
#11450 = AXIS2_PLACEMENT_3D('',#11451,#11452,#11453);
#11451 = CARTESIAN_POINT('',(61.5,3.5,91.4));
#11452 = DIRECTION('',(-0.,-0.,-1.));
#11453 = DIRECTION('',(1.,0.,0.));
#11454 = ADVANCED_FACE('',(#11455),#11458,.T.);
#11455 = FACE_BOUND('',#11456,.T.);
#11456 = EDGE_LOOP('',(#11457));
#11457 = ORIENTED_EDGE('',*,*,#11433,.T.);
#11458 = PLANE('',#11459);
#11459 = AXIS2_PLACEMENT_3D('',#11460,#11461,#11462);
#11460 = CARTESIAN_POINT('',(61.5,3.5,91.8));
#11461 = DIRECTION('',(0.,0.,1.));
#11462 = DIRECTION('',(1.,0.,0.));
#11463 = MANIFOLD_SOLID_BREP('',#11464);
#11464 = CLOSED_SHELL('',(#11465,#11498,#11507,#11527,#11552,#11572,
    #11597,#11622));
#11465 = ADVANCED_FACE('',(#11466),#11493,.T.);
#11466 = FACE_BOUND('',#11467,.F.);
#11467 = EDGE_LOOP('',(#11468,#11478,#11485,#11486));
#11468 = ORIENTED_EDGE('',*,*,#11469,.T.);
#11469 = EDGE_CURVE('',#11470,#11472,#11474,.T.);
#11470 = VERTEX_POINT('',#11471);
#11471 = CARTESIAN_POINT('',(5.,52.5,86.));
#11472 = VERTEX_POINT('',#11473);
#11473 = CARTESIAN_POINT('',(5.,52.5,89.));
#11474 = LINE('',#11475,#11476);
#11475 = CARTESIAN_POINT('',(5.,52.5,86.));
#11476 = VECTOR('',#11477,1.);
#11477 = DIRECTION('',(0.,0.,1.));
#11478 = ORIENTED_EDGE('',*,*,#11479,.T.);
#11479 = EDGE_CURVE('',#11472,#11472,#11480,.T.);
#11480 = CIRCLE('',#11481,1.5);
#11481 = AXIS2_PLACEMENT_3D('',#11482,#11483,#11484);
#11482 = CARTESIAN_POINT('',(3.5,52.5,89.));
#11483 = DIRECTION('',(0.,0.,1.));
#11484 = DIRECTION('',(1.,0.,0.));
#11485 = ORIENTED_EDGE('',*,*,#11469,.F.);
#11486 = ORIENTED_EDGE('',*,*,#11487,.F.);
#11487 = EDGE_CURVE('',#11470,#11470,#11488,.T.);
#11488 = CIRCLE('',#11489,1.5);
#11489 = AXIS2_PLACEMENT_3D('',#11490,#11491,#11492);
#11490 = CARTESIAN_POINT('',(3.5,52.5,86.));
#11491 = DIRECTION('',(0.,0.,1.));
#11492 = DIRECTION('',(1.,0.,0.));
#11493 = CYLINDRICAL_SURFACE('',#11494,1.5);
#11494 = AXIS2_PLACEMENT_3D('',#11495,#11496,#11497);
#11495 = CARTESIAN_POINT('',(3.5,52.5,86.));
#11496 = DIRECTION('',(-0.,-0.,-1.));
#11497 = DIRECTION('',(1.,0.,0.));
#11498 = ADVANCED_FACE('',(#11499),#11502,.F.);
#11499 = FACE_BOUND('',#11500,.T.);
#11500 = EDGE_LOOP('',(#11501));
#11501 = ORIENTED_EDGE('',*,*,#11487,.F.);
#11502 = PLANE('',#11503);
#11503 = AXIS2_PLACEMENT_3D('',#11504,#11505,#11506);
#11504 = CARTESIAN_POINT('',(3.5,52.5,86.));
#11505 = DIRECTION('',(0.,0.,1.));
#11506 = DIRECTION('',(1.,0.,0.));
#11507 = ADVANCED_FACE('',(#11508,#11519),#11522,.F.);
#11508 = FACE_BOUND('',#11509,.F.);
#11509 = EDGE_LOOP('',(#11510));
#11510 = ORIENTED_EDGE('',*,*,#11511,.T.);
#11511 = EDGE_CURVE('',#11512,#11512,#11514,.T.);
#11512 = VERTEX_POINT('',#11513);
#11513 = CARTESIAN_POINT('',(5.8,52.5,89.));
#11514 = CIRCLE('',#11515,2.3);
#11515 = AXIS2_PLACEMENT_3D('',#11516,#11517,#11518);
#11516 = CARTESIAN_POINT('',(3.5,52.5,89.));
#11517 = DIRECTION('',(0.,0.,1.));
#11518 = DIRECTION('',(1.,0.,0.));
#11519 = FACE_BOUND('',#11520,.F.);
#11520 = EDGE_LOOP('',(#11521));
#11521 = ORIENTED_EDGE('',*,*,#11479,.F.);
#11522 = PLANE('',#11523);
#11523 = AXIS2_PLACEMENT_3D('',#11524,#11525,#11526);
#11524 = CARTESIAN_POINT('',(3.5,52.5,89.));
#11525 = DIRECTION('',(0.,0.,1.));
#11526 = DIRECTION('',(1.,0.,0.));
#11527 = ADVANCED_FACE('',(#11528),#11547,.T.);
#11528 = FACE_BOUND('',#11529,.F.);
#11529 = EDGE_LOOP('',(#11530,#11538,#11545,#11546));
#11530 = ORIENTED_EDGE('',*,*,#11531,.T.);
#11531 = EDGE_CURVE('',#11512,#11532,#11534,.T.);
#11532 = VERTEX_POINT('',#11533);
#11533 = CARTESIAN_POINT('',(5.8,52.5,90.));
#11534 = LINE('',#11535,#11536);
#11535 = CARTESIAN_POINT('',(5.8,52.5,89.));
#11536 = VECTOR('',#11537,1.);
#11537 = DIRECTION('',(0.,0.,1.));
#11538 = ORIENTED_EDGE('',*,*,#11539,.T.);
#11539 = EDGE_CURVE('',#11532,#11532,#11540,.T.);
#11540 = CIRCLE('',#11541,2.3);
#11541 = AXIS2_PLACEMENT_3D('',#11542,#11543,#11544);
#11542 = CARTESIAN_POINT('',(3.5,52.5,90.));
#11543 = DIRECTION('',(0.,0.,1.));
#11544 = DIRECTION('',(1.,0.,0.));
#11545 = ORIENTED_EDGE('',*,*,#11531,.F.);
#11546 = ORIENTED_EDGE('',*,*,#11511,.F.);
#11547 = CYLINDRICAL_SURFACE('',#11548,2.3);
#11548 = AXIS2_PLACEMENT_3D('',#11549,#11550,#11551);
#11549 = CARTESIAN_POINT('',(3.5,52.5,89.));
#11550 = DIRECTION('',(-0.,-0.,-1.));
#11551 = DIRECTION('',(1.,0.,0.));
#11552 = ADVANCED_FACE('',(#11553,#11556),#11567,.T.);
#11553 = FACE_BOUND('',#11554,.T.);
#11554 = EDGE_LOOP('',(#11555));
#11555 = ORIENTED_EDGE('',*,*,#11539,.T.);
#11556 = FACE_BOUND('',#11557,.T.);
#11557 = EDGE_LOOP('',(#11558));
#11558 = ORIENTED_EDGE('',*,*,#11559,.F.);
#11559 = EDGE_CURVE('',#11560,#11560,#11562,.T.);
#11560 = VERTEX_POINT('',#11561);
#11561 = CARTESIAN_POINT('',(4.675,52.5,90.));
#11562 = CIRCLE('',#11563,1.175);
#11563 = AXIS2_PLACEMENT_3D('',#11564,#11565,#11566);
#11564 = CARTESIAN_POINT('',(3.5,52.5,90.));
#11565 = DIRECTION('',(0.,0.,1.));
#11566 = DIRECTION('',(1.,0.,0.));
#11567 = PLANE('',#11568);
#11568 = AXIS2_PLACEMENT_3D('',#11569,#11570,#11571);
#11569 = CARTESIAN_POINT('',(3.5,52.5,90.));
#11570 = DIRECTION('',(0.,0.,1.));
#11571 = DIRECTION('',(1.,0.,0.));
#11572 = ADVANCED_FACE('',(#11573),#11592,.T.);
#11573 = FACE_BOUND('',#11574,.F.);
#11574 = EDGE_LOOP('',(#11575,#11583,#11590,#11591));
#11575 = ORIENTED_EDGE('',*,*,#11576,.T.);
#11576 = EDGE_CURVE('',#11560,#11577,#11579,.T.);
#11577 = VERTEX_POINT('',#11578);
#11578 = CARTESIAN_POINT('',(4.675,52.5,91.4));
#11579 = LINE('',#11580,#11581);
#11580 = CARTESIAN_POINT('',(4.675,52.5,90.));
#11581 = VECTOR('',#11582,1.);
#11582 = DIRECTION('',(0.,0.,1.));
#11583 = ORIENTED_EDGE('',*,*,#11584,.T.);
#11584 = EDGE_CURVE('',#11577,#11577,#11585,.T.);
#11585 = CIRCLE('',#11586,1.175);
#11586 = AXIS2_PLACEMENT_3D('',#11587,#11588,#11589);
#11587 = CARTESIAN_POINT('',(3.5,52.5,91.4));
#11588 = DIRECTION('',(0.,0.,1.));
#11589 = DIRECTION('',(1.,0.,0.));
#11590 = ORIENTED_EDGE('',*,*,#11576,.F.);
#11591 = ORIENTED_EDGE('',*,*,#11559,.F.);
#11592 = CYLINDRICAL_SURFACE('',#11593,1.175);
#11593 = AXIS2_PLACEMENT_3D('',#11594,#11595,#11596);
#11594 = CARTESIAN_POINT('',(3.5,52.5,90.));
#11595 = DIRECTION('',(-0.,-0.,-1.));
#11596 = DIRECTION('',(1.,0.,0.));
#11597 = ADVANCED_FACE('',(#11598),#11617,.T.);
#11598 = FACE_BOUND('',#11599,.T.);
#11599 = EDGE_LOOP('',(#11600,#11609,#11615,#11616));
#11600 = ORIENTED_EDGE('',*,*,#11601,.F.);
#11601 = EDGE_CURVE('',#11602,#11602,#11604,.T.);
#11602 = VERTEX_POINT('',#11603);
#11603 = CARTESIAN_POINT('',(4.275,52.5,91.8));
#11604 = CIRCLE('',#11605,0.775);
#11605 = AXIS2_PLACEMENT_3D('',#11606,#11607,#11608);
#11606 = CARTESIAN_POINT('',(3.5,52.5,91.8));
#11607 = DIRECTION('',(0.,0.,1.));
#11608 = DIRECTION('',(1.,0.,0.));
#11609 = ORIENTED_EDGE('',*,*,#11610,.F.);
#11610 = EDGE_CURVE('',#11577,#11602,#11611,.T.);
#11611 = LINE('',#11612,#11613);
#11612 = CARTESIAN_POINT('',(4.675,52.5,91.4));
#11613 = VECTOR('',#11614,1.);
#11614 = DIRECTION('',(-0.707106781187,1.7E-16,0.707106781187));
#11615 = ORIENTED_EDGE('',*,*,#11584,.T.);
#11616 = ORIENTED_EDGE('',*,*,#11610,.T.);
#11617 = CONICAL_SURFACE('',#11618,1.175,0.785398163397);
#11618 = AXIS2_PLACEMENT_3D('',#11619,#11620,#11621);
#11619 = CARTESIAN_POINT('',(3.5,52.5,91.4));
#11620 = DIRECTION('',(-0.,-0.,-1.));
#11621 = DIRECTION('',(1.,0.,0.));
#11622 = ADVANCED_FACE('',(#11623),#11626,.T.);
#11623 = FACE_BOUND('',#11624,.T.);
#11624 = EDGE_LOOP('',(#11625));
#11625 = ORIENTED_EDGE('',*,*,#11601,.T.);
#11626 = PLANE('',#11627);
#11627 = AXIS2_PLACEMENT_3D('',#11628,#11629,#11630);
#11628 = CARTESIAN_POINT('',(3.5,52.5,91.8));
#11629 = DIRECTION('',(0.,0.,1.));
#11630 = DIRECTION('',(1.,0.,0.));
#11631 = MANIFOLD_SOLID_BREP('',#11632);
#11632 = CLOSED_SHELL('',(#11633,#11666,#11675,#11695,#11720,#11740,
    #11765,#11790));
#11633 = ADVANCED_FACE('',(#11634),#11661,.T.);
#11634 = FACE_BOUND('',#11635,.F.);
#11635 = EDGE_LOOP('',(#11636,#11646,#11653,#11654));
#11636 = ORIENTED_EDGE('',*,*,#11637,.T.);
#11637 = EDGE_CURVE('',#11638,#11640,#11642,.T.);
#11638 = VERTEX_POINT('',#11639);
#11639 = CARTESIAN_POINT('',(63.,52.5,86.));
#11640 = VERTEX_POINT('',#11641);
#11641 = CARTESIAN_POINT('',(63.,52.5,89.));
#11642 = LINE('',#11643,#11644);
#11643 = CARTESIAN_POINT('',(63.,52.5,86.));
#11644 = VECTOR('',#11645,1.);
#11645 = DIRECTION('',(0.,0.,1.));
#11646 = ORIENTED_EDGE('',*,*,#11647,.T.);
#11647 = EDGE_CURVE('',#11640,#11640,#11648,.T.);
#11648 = CIRCLE('',#11649,1.5);
#11649 = AXIS2_PLACEMENT_3D('',#11650,#11651,#11652);
#11650 = CARTESIAN_POINT('',(61.5,52.5,89.));
#11651 = DIRECTION('',(0.,0.,1.));
#11652 = DIRECTION('',(1.,0.,0.));
#11653 = ORIENTED_EDGE('',*,*,#11637,.F.);
#11654 = ORIENTED_EDGE('',*,*,#11655,.F.);
#11655 = EDGE_CURVE('',#11638,#11638,#11656,.T.);
#11656 = CIRCLE('',#11657,1.5);
#11657 = AXIS2_PLACEMENT_3D('',#11658,#11659,#11660);
#11658 = CARTESIAN_POINT('',(61.5,52.5,86.));
#11659 = DIRECTION('',(0.,0.,1.));
#11660 = DIRECTION('',(1.,0.,0.));
#11661 = CYLINDRICAL_SURFACE('',#11662,1.5);
#11662 = AXIS2_PLACEMENT_3D('',#11663,#11664,#11665);
#11663 = CARTESIAN_POINT('',(61.5,52.5,86.));
#11664 = DIRECTION('',(-0.,-0.,-1.));
#11665 = DIRECTION('',(1.,0.,0.));
#11666 = ADVANCED_FACE('',(#11667),#11670,.F.);
#11667 = FACE_BOUND('',#11668,.T.);
#11668 = EDGE_LOOP('',(#11669));
#11669 = ORIENTED_EDGE('',*,*,#11655,.F.);
#11670 = PLANE('',#11671);
#11671 = AXIS2_PLACEMENT_3D('',#11672,#11673,#11674);
#11672 = CARTESIAN_POINT('',(61.5,52.5,86.));
#11673 = DIRECTION('',(0.,0.,1.));
#11674 = DIRECTION('',(1.,0.,0.));
#11675 = ADVANCED_FACE('',(#11676,#11687),#11690,.F.);
#11676 = FACE_BOUND('',#11677,.F.);
#11677 = EDGE_LOOP('',(#11678));
#11678 = ORIENTED_EDGE('',*,*,#11679,.T.);
#11679 = EDGE_CURVE('',#11680,#11680,#11682,.T.);
#11680 = VERTEX_POINT('',#11681);
#11681 = CARTESIAN_POINT('',(63.8,52.5,89.));
#11682 = CIRCLE('',#11683,2.3);
#11683 = AXIS2_PLACEMENT_3D('',#11684,#11685,#11686);
#11684 = CARTESIAN_POINT('',(61.5,52.5,89.));
#11685 = DIRECTION('',(0.,0.,1.));
#11686 = DIRECTION('',(1.,0.,0.));
#11687 = FACE_BOUND('',#11688,.F.);
#11688 = EDGE_LOOP('',(#11689));
#11689 = ORIENTED_EDGE('',*,*,#11647,.F.);
#11690 = PLANE('',#11691);
#11691 = AXIS2_PLACEMENT_3D('',#11692,#11693,#11694);
#11692 = CARTESIAN_POINT('',(61.5,52.5,89.));
#11693 = DIRECTION('',(0.,0.,1.));
#11694 = DIRECTION('',(1.,0.,0.));
#11695 = ADVANCED_FACE('',(#11696),#11715,.T.);
#11696 = FACE_BOUND('',#11697,.F.);
#11697 = EDGE_LOOP('',(#11698,#11706,#11713,#11714));
#11698 = ORIENTED_EDGE('',*,*,#11699,.T.);
#11699 = EDGE_CURVE('',#11680,#11700,#11702,.T.);
#11700 = VERTEX_POINT('',#11701);
#11701 = CARTESIAN_POINT('',(63.8,52.5,90.));
#11702 = LINE('',#11703,#11704);
#11703 = CARTESIAN_POINT('',(63.8,52.5,89.));
#11704 = VECTOR('',#11705,1.);
#11705 = DIRECTION('',(0.,0.,1.));
#11706 = ORIENTED_EDGE('',*,*,#11707,.T.);
#11707 = EDGE_CURVE('',#11700,#11700,#11708,.T.);
#11708 = CIRCLE('',#11709,2.3);
#11709 = AXIS2_PLACEMENT_3D('',#11710,#11711,#11712);
#11710 = CARTESIAN_POINT('',(61.5,52.5,90.));
#11711 = DIRECTION('',(0.,0.,1.));
#11712 = DIRECTION('',(1.,0.,0.));
#11713 = ORIENTED_EDGE('',*,*,#11699,.F.);
#11714 = ORIENTED_EDGE('',*,*,#11679,.F.);
#11715 = CYLINDRICAL_SURFACE('',#11716,2.3);
#11716 = AXIS2_PLACEMENT_3D('',#11717,#11718,#11719);
#11717 = CARTESIAN_POINT('',(61.5,52.5,89.));
#11718 = DIRECTION('',(-0.,-0.,-1.));
#11719 = DIRECTION('',(1.,0.,0.));
#11720 = ADVANCED_FACE('',(#11721,#11724),#11735,.T.);
#11721 = FACE_BOUND('',#11722,.T.);
#11722 = EDGE_LOOP('',(#11723));
#11723 = ORIENTED_EDGE('',*,*,#11707,.T.);
#11724 = FACE_BOUND('',#11725,.T.);
#11725 = EDGE_LOOP('',(#11726));
#11726 = ORIENTED_EDGE('',*,*,#11727,.F.);
#11727 = EDGE_CURVE('',#11728,#11728,#11730,.T.);
#11728 = VERTEX_POINT('',#11729);
#11729 = CARTESIAN_POINT('',(62.675,52.5,90.));
#11730 = CIRCLE('',#11731,1.175);
#11731 = AXIS2_PLACEMENT_3D('',#11732,#11733,#11734);
#11732 = CARTESIAN_POINT('',(61.5,52.5,90.));
#11733 = DIRECTION('',(0.,0.,1.));
#11734 = DIRECTION('',(1.,0.,0.));
#11735 = PLANE('',#11736);
#11736 = AXIS2_PLACEMENT_3D('',#11737,#11738,#11739);
#11737 = CARTESIAN_POINT('',(61.5,52.5,90.));
#11738 = DIRECTION('',(0.,0.,1.));
#11739 = DIRECTION('',(1.,0.,0.));
#11740 = ADVANCED_FACE('',(#11741),#11760,.T.);
#11741 = FACE_BOUND('',#11742,.F.);
#11742 = EDGE_LOOP('',(#11743,#11751,#11758,#11759));
#11743 = ORIENTED_EDGE('',*,*,#11744,.T.);
#11744 = EDGE_CURVE('',#11728,#11745,#11747,.T.);
#11745 = VERTEX_POINT('',#11746);
#11746 = CARTESIAN_POINT('',(62.675,52.5,91.4));
#11747 = LINE('',#11748,#11749);
#11748 = CARTESIAN_POINT('',(62.675,52.5,90.));
#11749 = VECTOR('',#11750,1.);
#11750 = DIRECTION('',(0.,0.,1.));
#11751 = ORIENTED_EDGE('',*,*,#11752,.T.);
#11752 = EDGE_CURVE('',#11745,#11745,#11753,.T.);
#11753 = CIRCLE('',#11754,1.175);
#11754 = AXIS2_PLACEMENT_3D('',#11755,#11756,#11757);
#11755 = CARTESIAN_POINT('',(61.5,52.5,91.4));
#11756 = DIRECTION('',(0.,0.,1.));
#11757 = DIRECTION('',(1.,0.,0.));
#11758 = ORIENTED_EDGE('',*,*,#11744,.F.);
#11759 = ORIENTED_EDGE('',*,*,#11727,.F.);
#11760 = CYLINDRICAL_SURFACE('',#11761,1.175);
#11761 = AXIS2_PLACEMENT_3D('',#11762,#11763,#11764);
#11762 = CARTESIAN_POINT('',(61.5,52.5,90.));
#11763 = DIRECTION('',(-0.,-0.,-1.));
#11764 = DIRECTION('',(1.,0.,0.));
#11765 = ADVANCED_FACE('',(#11766),#11785,.T.);
#11766 = FACE_BOUND('',#11767,.T.);
#11767 = EDGE_LOOP('',(#11768,#11777,#11783,#11784));
#11768 = ORIENTED_EDGE('',*,*,#11769,.F.);
#11769 = EDGE_CURVE('',#11770,#11770,#11772,.T.);
#11770 = VERTEX_POINT('',#11771);
#11771 = CARTESIAN_POINT('',(62.275,52.5,91.8));
#11772 = CIRCLE('',#11773,0.775);
#11773 = AXIS2_PLACEMENT_3D('',#11774,#11775,#11776);
#11774 = CARTESIAN_POINT('',(61.5,52.5,91.8));
#11775 = DIRECTION('',(0.,0.,1.));
#11776 = DIRECTION('',(1.,0.,0.));
#11777 = ORIENTED_EDGE('',*,*,#11778,.F.);
#11778 = EDGE_CURVE('',#11745,#11770,#11779,.T.);
#11779 = LINE('',#11780,#11781);
#11780 = CARTESIAN_POINT('',(62.675,52.5,91.4));
#11781 = VECTOR('',#11782,1.);
#11782 = DIRECTION('',(-0.707106781187,1.7E-16,0.707106781187));
#11783 = ORIENTED_EDGE('',*,*,#11752,.T.);
#11784 = ORIENTED_EDGE('',*,*,#11778,.T.);
#11785 = CONICAL_SURFACE('',#11786,1.175,0.785398163397);
#11786 = AXIS2_PLACEMENT_3D('',#11787,#11788,#11789);
#11787 = CARTESIAN_POINT('',(61.5,52.5,91.4));
#11788 = DIRECTION('',(-0.,-0.,-1.));
#11789 = DIRECTION('',(1.,0.,0.));
#11790 = ADVANCED_FACE('',(#11791),#11794,.T.);
#11791 = FACE_BOUND('',#11792,.T.);
#11792 = EDGE_LOOP('',(#11793));
#11793 = ORIENTED_EDGE('',*,*,#11769,.T.);
#11794 = PLANE('',#11795);
#11795 = AXIS2_PLACEMENT_3D('',#11796,#11797,#11798);
#11796 = CARTESIAN_POINT('',(61.5,52.5,91.8));
#11797 = DIRECTION('',(0.,0.,1.));
#11798 = DIRECTION('',(1.,0.,0.));
#11799 = MANIFOLD_SOLID_BREP('',#11800);
#11800 = CLOSED_SHELL('',(#11801,#11841,#11872,#11903,#11934,#11965,
    #12000,#12031,#12057,#12069));
#11801 = ADVANCED_FACE('',(#11802),#11836,.T.);
#11802 = FACE_BOUND('',#11803,.T.);
#11803 = EDGE_LOOP('',(#11804,#11814,#11822,#11830));
#11804 = ORIENTED_EDGE('',*,*,#11805,.F.);
#11805 = EDGE_CURVE('',#11806,#11808,#11810,.T.);
#11806 = VERTEX_POINT('',#11807);
#11807 = CARTESIAN_POINT('',(-4.3,2.3,83.2));
#11808 = VERTEX_POINT('',#11809);
#11809 = CARTESIAN_POINT('',(-4.3,2.3,85.1));
#11810 = LINE('',#11811,#11812);
#11811 = CARTESIAN_POINT('',(-4.3,2.3,83.2));
#11812 = VECTOR('',#11813,1.);
#11813 = DIRECTION('',(0.,0.,1.));
#11814 = ORIENTED_EDGE('',*,*,#11815,.T.);
#11815 = EDGE_CURVE('',#11806,#11816,#11818,.T.);
#11816 = VERTEX_POINT('',#11817);
#11817 = CARTESIAN_POINT('',(-4.3,4.7,83.2));
#11818 = LINE('',#11819,#11820);
#11819 = CARTESIAN_POINT('',(-4.3,2.3,83.2));
#11820 = VECTOR('',#11821,1.);
#11821 = DIRECTION('',(0.,1.,0.));
#11822 = ORIENTED_EDGE('',*,*,#11823,.T.);
#11823 = EDGE_CURVE('',#11816,#11824,#11826,.T.);
#11824 = VERTEX_POINT('',#11825);
#11825 = CARTESIAN_POINT('',(-4.3,4.7,85.1));
#11826 = LINE('',#11827,#11828);
#11827 = CARTESIAN_POINT('',(-4.3,4.7,83.2));
#11828 = VECTOR('',#11829,1.);
#11829 = DIRECTION('',(0.,0.,1.));
#11830 = ORIENTED_EDGE('',*,*,#11831,.F.);
#11831 = EDGE_CURVE('',#11808,#11824,#11832,.T.);
#11832 = LINE('',#11833,#11834);
#11833 = CARTESIAN_POINT('',(-4.3,2.3,85.1));
#11834 = VECTOR('',#11835,1.);
#11835 = DIRECTION('',(0.,1.,0.));
#11836 = PLANE('',#11837);
#11837 = AXIS2_PLACEMENT_3D('',#11838,#11839,#11840);
#11838 = CARTESIAN_POINT('',(-4.3,2.3,83.2));
#11839 = DIRECTION('',(1.,0.,0.));
#11840 = DIRECTION('',(0.,0.,1.));
#11841 = ADVANCED_FACE('',(#11842),#11867,.T.);
#11842 = FACE_BOUND('',#11843,.T.);
#11843 = EDGE_LOOP('',(#11844,#11854,#11860,#11861));
#11844 = ORIENTED_EDGE('',*,*,#11845,.F.);
#11845 = EDGE_CURVE('',#11846,#11848,#11850,.T.);
#11846 = VERTEX_POINT('',#11847);
#11847 = CARTESIAN_POINT('',(-10.4,2.3,85.1));
#11848 = VERTEX_POINT('',#11849);
#11849 = CARTESIAN_POINT('',(-10.4,4.7,85.1));
#11850 = LINE('',#11851,#11852);
#11851 = CARTESIAN_POINT('',(-10.4,2.3,85.1));
#11852 = VECTOR('',#11853,1.);
#11853 = DIRECTION('',(0.,1.,0.));
#11854 = ORIENTED_EDGE('',*,*,#11855,.T.);
#11855 = EDGE_CURVE('',#11846,#11808,#11856,.T.);
#11856 = LINE('',#11857,#11858);
#11857 = CARTESIAN_POINT('',(-12.8,2.3,85.1));
#11858 = VECTOR('',#11859,1.);
#11859 = DIRECTION('',(1.,0.,0.));
#11860 = ORIENTED_EDGE('',*,*,#11831,.T.);
#11861 = ORIENTED_EDGE('',*,*,#11862,.F.);
#11862 = EDGE_CURVE('',#11848,#11824,#11863,.T.);
#11863 = LINE('',#11864,#11865);
#11864 = CARTESIAN_POINT('',(-12.8,4.7,85.1));
#11865 = VECTOR('',#11866,1.);
#11866 = DIRECTION('',(1.,0.,0.));
#11867 = PLANE('',#11868);
#11868 = AXIS2_PLACEMENT_3D('',#11869,#11870,#11871);
#11869 = CARTESIAN_POINT('',(-12.8,2.3,85.1));
#11870 = DIRECTION('',(0.,0.,1.));
#11871 = DIRECTION('',(1.,0.,0.));
#11872 = ADVANCED_FACE('',(#11873),#11898,.T.);
#11873 = FACE_BOUND('',#11874,.T.);
#11874 = EDGE_LOOP('',(#11875,#11883,#11884,#11892));
#11875 = ORIENTED_EDGE('',*,*,#11876,.F.);
#11876 = EDGE_CURVE('',#11846,#11877,#11879,.T.);
#11877 = VERTEX_POINT('',#11878);
#11878 = CARTESIAN_POINT('',(-10.4,2.3,91.636));
#11879 = LINE('',#11880,#11881);
#11880 = CARTESIAN_POINT('',(-10.4,2.3,83.2));
#11881 = VECTOR('',#11882,1.);
#11882 = DIRECTION('',(0.,0.,1.));
#11883 = ORIENTED_EDGE('',*,*,#11845,.T.);
#11884 = ORIENTED_EDGE('',*,*,#11885,.T.);
#11885 = EDGE_CURVE('',#11848,#11886,#11888,.T.);
#11886 = VERTEX_POINT('',#11887);
#11887 = CARTESIAN_POINT('',(-10.4,4.7,91.636));
#11888 = LINE('',#11889,#11890);
#11889 = CARTESIAN_POINT('',(-10.4,4.7,83.2));
#11890 = VECTOR('',#11891,1.);
#11891 = DIRECTION('',(0.,0.,1.));
#11892 = ORIENTED_EDGE('',*,*,#11893,.T.);
#11893 = EDGE_CURVE('',#11886,#11877,#11894,.T.);
#11894 = LINE('',#11895,#11896);
#11895 = CARTESIAN_POINT('',(-10.4,2.3,91.636));
#11896 = VECTOR('',#11897,1.);
#11897 = DIRECTION('',(0.,-1.,0.));
#11898 = PLANE('',#11899);
#11899 = AXIS2_PLACEMENT_3D('',#11900,#11901,#11902);
#11900 = CARTESIAN_POINT('',(-10.4,2.3,83.2));
#11901 = DIRECTION('',(1.,0.,0.));
#11902 = DIRECTION('',(0.,0.,1.));
#11903 = ADVANCED_FACE('',(#11904),#11929,.F.);
#11904 = FACE_BOUND('',#11905,.F.);
#11905 = EDGE_LOOP('',(#11906,#11907,#11915,#11923));
#11906 = ORIENTED_EDGE('',*,*,#11893,.T.);
#11907 = ORIENTED_EDGE('',*,*,#11908,.T.);
#11908 = EDGE_CURVE('',#11877,#11909,#11911,.T.);
#11909 = VERTEX_POINT('',#11910);
#11910 = CARTESIAN_POINT('',(1.2,2.3,91.636));
#11911 = LINE('',#11912,#11913);
#11912 = CARTESIAN_POINT('',(-12.8,2.3,91.636));
#11913 = VECTOR('',#11914,1.);
#11914 = DIRECTION('',(1.,0.,0.));
#11915 = ORIENTED_EDGE('',*,*,#11916,.T.);
#11916 = EDGE_CURVE('',#11909,#11917,#11919,.T.);
#11917 = VERTEX_POINT('',#11918);
#11918 = CARTESIAN_POINT('',(1.2,4.7,91.636));
#11919 = LINE('',#11920,#11921);
#11920 = CARTESIAN_POINT('',(1.2,2.3,91.636));
#11921 = VECTOR('',#11922,1.);
#11922 = DIRECTION('',(0.,1.,0.));
#11923 = ORIENTED_EDGE('',*,*,#11924,.F.);
#11924 = EDGE_CURVE('',#11886,#11917,#11925,.T.);
#11925 = LINE('',#11926,#11927);
#11926 = CARTESIAN_POINT('',(-12.8,4.7,91.636));
#11927 = VECTOR('',#11928,1.);
#11928 = DIRECTION('',(1.,0.,0.));
#11929 = PLANE('',#11930);
#11930 = AXIS2_PLACEMENT_3D('',#11931,#11932,#11933);
#11931 = CARTESIAN_POINT('',(-12.8,2.3,91.636));
#11932 = DIRECTION('',(0.,0.,1.));
#11933 = DIRECTION('',(1.,0.,0.));
#11934 = ADVANCED_FACE('',(#11935),#11960,.T.);
#11935 = FACE_BOUND('',#11936,.T.);
#11936 = EDGE_LOOP('',(#11937,#11945,#11946,#11954));
#11937 = ORIENTED_EDGE('',*,*,#11938,.F.);
#11938 = EDGE_CURVE('',#11909,#11939,#11941,.T.);
#11939 = VERTEX_POINT('',#11940);
#11940 = CARTESIAN_POINT('',(1.2,2.3,93.836));
#11941 = LINE('',#11942,#11943);
#11942 = CARTESIAN_POINT('',(1.2,2.3,91.636));
#11943 = VECTOR('',#11944,1.);
#11944 = DIRECTION('',(0.,0.,1.));
#11945 = ORIENTED_EDGE('',*,*,#11916,.T.);
#11946 = ORIENTED_EDGE('',*,*,#11947,.T.);
#11947 = EDGE_CURVE('',#11917,#11948,#11950,.T.);
#11948 = VERTEX_POINT('',#11949);
#11949 = CARTESIAN_POINT('',(1.2,4.7,93.836));
#11950 = LINE('',#11951,#11952);
#11951 = CARTESIAN_POINT('',(1.2,4.7,91.636));
#11952 = VECTOR('',#11953,1.);
#11953 = DIRECTION('',(0.,0.,1.));
#11954 = ORIENTED_EDGE('',*,*,#11955,.F.);
#11955 = EDGE_CURVE('',#11939,#11948,#11956,.T.);
#11956 = LINE('',#11957,#11958);
#11957 = CARTESIAN_POINT('',(1.2,2.3,93.836));
#11958 = VECTOR('',#11959,1.);
#11959 = DIRECTION('',(0.,1.,0.));
#11960 = PLANE('',#11961);
#11961 = AXIS2_PLACEMENT_3D('',#11962,#11963,#11964);
#11962 = CARTESIAN_POINT('',(1.2,2.3,91.636));
#11963 = DIRECTION('',(1.,0.,0.));
#11964 = DIRECTION('',(0.,0.,1.));
#11965 = ADVANCED_FACE('',(#11966),#11995,.T.);
#11966 = FACE_BOUND('',#11967,.T.);
#11967 = EDGE_LOOP('',(#11968,#11976,#11977,#11978,#11979,#11980,#11981,
    #11989));
#11968 = ORIENTED_EDGE('',*,*,#11969,.T.);
#11969 = EDGE_CURVE('',#11970,#11806,#11972,.T.);
#11970 = VERTEX_POINT('',#11971);
#11971 = CARTESIAN_POINT('',(-12.8,2.3,83.2));
#11972 = LINE('',#11973,#11974);
#11973 = CARTESIAN_POINT('',(-12.8,2.3,83.2));
#11974 = VECTOR('',#11975,1.);
#11975 = DIRECTION('',(1.,0.,0.));
#11976 = ORIENTED_EDGE('',*,*,#11805,.T.);
#11977 = ORIENTED_EDGE('',*,*,#11855,.F.);
#11978 = ORIENTED_EDGE('',*,*,#11876,.T.);
#11979 = ORIENTED_EDGE('',*,*,#11908,.T.);
#11980 = ORIENTED_EDGE('',*,*,#11938,.T.);
#11981 = ORIENTED_EDGE('',*,*,#11982,.F.);
#11982 = EDGE_CURVE('',#11983,#11939,#11985,.T.);
#11983 = VERTEX_POINT('',#11984);
#11984 = CARTESIAN_POINT('',(-12.8,2.3,93.836));
#11985 = LINE('',#11986,#11987);
#11986 = CARTESIAN_POINT('',(-12.8,2.3,93.836));
#11987 = VECTOR('',#11988,1.);
#11988 = DIRECTION('',(1.,0.,0.));
#11989 = ORIENTED_EDGE('',*,*,#11990,.F.);
#11990 = EDGE_CURVE('',#11970,#11983,#11991,.T.);
#11991 = LINE('',#11992,#11993);
#11992 = CARTESIAN_POINT('',(-12.8,2.3,83.2));
#11993 = VECTOR('',#11994,1.);
#11994 = DIRECTION('',(0.,0.,1.));
#11995 = PLANE('',#11996);
#11996 = AXIS2_PLACEMENT_3D('',#11997,#11998,#11999);
#11997 = CARTESIAN_POINT('',(-7.510983862572,2.3,89.243013014055));
#11998 = DIRECTION('',(-0.,-1.,-0.));
#11999 = DIRECTION('',(0.,0.,-1.));
#12000 = ADVANCED_FACE('',(#12001),#12026,.T.);
#12001 = FACE_BOUND('',#12002,.T.);
#12002 = EDGE_LOOP('',(#12003,#12004,#12012,#12020));
#12003 = ORIENTED_EDGE('',*,*,#11990,.T.);
#12004 = ORIENTED_EDGE('',*,*,#12005,.T.);
#12005 = EDGE_CURVE('',#11983,#12006,#12008,.T.);
#12006 = VERTEX_POINT('',#12007);
#12007 = CARTESIAN_POINT('',(-12.8,4.7,93.836));
#12008 = LINE('',#12009,#12010);
#12009 = CARTESIAN_POINT('',(-12.8,2.3,93.836));
#12010 = VECTOR('',#12011,1.);
#12011 = DIRECTION('',(0.,1.,0.));
#12012 = ORIENTED_EDGE('',*,*,#12013,.F.);
#12013 = EDGE_CURVE('',#12014,#12006,#12016,.T.);
#12014 = VERTEX_POINT('',#12015);
#12015 = CARTESIAN_POINT('',(-12.8,4.7,83.2));
#12016 = LINE('',#12017,#12018);
#12017 = CARTESIAN_POINT('',(-12.8,4.7,83.2));
#12018 = VECTOR('',#12019,1.);
#12019 = DIRECTION('',(0.,0.,1.));
#12020 = ORIENTED_EDGE('',*,*,#12021,.F.);
#12021 = EDGE_CURVE('',#11970,#12014,#12022,.T.);
#12022 = LINE('',#12023,#12024);
#12023 = CARTESIAN_POINT('',(-12.8,2.3,83.2));
#12024 = VECTOR('',#12025,1.);
#12025 = DIRECTION('',(0.,1.,0.));
#12026 = PLANE('',#12027);
#12027 = AXIS2_PLACEMENT_3D('',#12028,#12029,#12030);
#12028 = CARTESIAN_POINT('',(-12.8,3.5,88.518));
#12029 = DIRECTION('',(-1.,-0.,-0.));
#12030 = DIRECTION('',(0.,0.,-1.));
#12031 = ADVANCED_FACE('',(#12032),#12052,.T.);
#12032 = FACE_BOUND('',#12033,.T.);
#12033 = EDGE_LOOP('',(#12034,#12035,#12041,#12042,#12043,#12044,#12045,
    #12046));
#12034 = ORIENTED_EDGE('',*,*,#12013,.T.);
#12035 = ORIENTED_EDGE('',*,*,#12036,.T.);
#12036 = EDGE_CURVE('',#12006,#11948,#12037,.T.);
#12037 = LINE('',#12038,#12039);
#12038 = CARTESIAN_POINT('',(-12.8,4.7,93.836));
#12039 = VECTOR('',#12040,1.);
#12040 = DIRECTION('',(1.,0.,0.));
#12041 = ORIENTED_EDGE('',*,*,#11947,.F.);
#12042 = ORIENTED_EDGE('',*,*,#11924,.F.);
#12043 = ORIENTED_EDGE('',*,*,#11885,.F.);
#12044 = ORIENTED_EDGE('',*,*,#11862,.T.);
#12045 = ORIENTED_EDGE('',*,*,#11823,.F.);
#12046 = ORIENTED_EDGE('',*,*,#12047,.F.);
#12047 = EDGE_CURVE('',#12014,#11816,#12048,.T.);
#12048 = LINE('',#12049,#12050);
#12049 = CARTESIAN_POINT('',(-12.8,4.7,83.2));
#12050 = VECTOR('',#12051,1.);
#12051 = DIRECTION('',(1.,0.,0.));
#12052 = PLANE('',#12053);
#12053 = AXIS2_PLACEMENT_3D('',#12054,#12055,#12056);
#12054 = CARTESIAN_POINT('',(-7.510983862572,4.7,89.243013014055));
#12055 = DIRECTION('',(0.,1.,0.));
#12056 = DIRECTION('',(0.,0.,1.));
#12057 = ADVANCED_FACE('',(#12058),#12064,.F.);
#12058 = FACE_BOUND('',#12059,.T.);
#12059 = EDGE_LOOP('',(#12060,#12061,#12062,#12063));
#12060 = ORIENTED_EDGE('',*,*,#12021,.T.);
#12061 = ORIENTED_EDGE('',*,*,#12047,.T.);
#12062 = ORIENTED_EDGE('',*,*,#11815,.F.);
#12063 = ORIENTED_EDGE('',*,*,#11969,.F.);
#12064 = PLANE('',#12065);
#12065 = AXIS2_PLACEMENT_3D('',#12066,#12067,#12068);
#12066 = CARTESIAN_POINT('',(-12.8,2.3,83.2));
#12067 = DIRECTION('',(0.,0.,1.));
#12068 = DIRECTION('',(1.,0.,0.));
#12069 = ADVANCED_FACE('',(#12070),#12076,.T.);
#12070 = FACE_BOUND('',#12071,.T.);
#12071 = EDGE_LOOP('',(#12072,#12073,#12074,#12075));
#12072 = ORIENTED_EDGE('',*,*,#12005,.F.);
#12073 = ORIENTED_EDGE('',*,*,#11982,.T.);
#12074 = ORIENTED_EDGE('',*,*,#11955,.T.);
#12075 = ORIENTED_EDGE('',*,*,#12036,.F.);
#12076 = PLANE('',#12077);
#12077 = AXIS2_PLACEMENT_3D('',#12078,#12079,#12080);
#12078 = CARTESIAN_POINT('',(-5.8,3.5,93.836));
#12079 = DIRECTION('',(0.,0.,1.));
#12080 = DIRECTION('',(1.,0.,0.));
#12081 = MANIFOLD_SOLID_BREP('',#12082);
#12082 = CLOSED_SHELL('',(#12083,#12123,#12154,#12185,#12216,#12247,
    #12282,#12313,#12339,#12351));
#12083 = ADVANCED_FACE('',(#12084),#12118,.T.);
#12084 = FACE_BOUND('',#12085,.T.);
#12085 = EDGE_LOOP('',(#12086,#12096,#12104,#12112));
#12086 = ORIENTED_EDGE('',*,*,#12087,.F.);
#12087 = EDGE_CURVE('',#12088,#12090,#12092,.T.);
#12088 = VERTEX_POINT('',#12089);
#12089 = CARTESIAN_POINT('',(-4.3,51.3,83.2));
#12090 = VERTEX_POINT('',#12091);
#12091 = CARTESIAN_POINT('',(-4.3,51.3,85.1));
#12092 = LINE('',#12093,#12094);
#12093 = CARTESIAN_POINT('',(-4.3,51.3,83.2));
#12094 = VECTOR('',#12095,1.);
#12095 = DIRECTION('',(0.,0.,1.));
#12096 = ORIENTED_EDGE('',*,*,#12097,.T.);
#12097 = EDGE_CURVE('',#12088,#12098,#12100,.T.);
#12098 = VERTEX_POINT('',#12099);
#12099 = CARTESIAN_POINT('',(-4.3,53.7,83.2));
#12100 = LINE('',#12101,#12102);
#12101 = CARTESIAN_POINT('',(-4.3,51.3,83.2));
#12102 = VECTOR('',#12103,1.);
#12103 = DIRECTION('',(0.,1.,0.));
#12104 = ORIENTED_EDGE('',*,*,#12105,.T.);
#12105 = EDGE_CURVE('',#12098,#12106,#12108,.T.);
#12106 = VERTEX_POINT('',#12107);
#12107 = CARTESIAN_POINT('',(-4.3,53.7,85.1));
#12108 = LINE('',#12109,#12110);
#12109 = CARTESIAN_POINT('',(-4.3,53.7,83.2));
#12110 = VECTOR('',#12111,1.);
#12111 = DIRECTION('',(0.,0.,1.));
#12112 = ORIENTED_EDGE('',*,*,#12113,.F.);
#12113 = EDGE_CURVE('',#12090,#12106,#12114,.T.);
#12114 = LINE('',#12115,#12116);
#12115 = CARTESIAN_POINT('',(-4.3,51.3,85.1));
#12116 = VECTOR('',#12117,1.);
#12117 = DIRECTION('',(0.,1.,0.));
#12118 = PLANE('',#12119);
#12119 = AXIS2_PLACEMENT_3D('',#12120,#12121,#12122);
#12120 = CARTESIAN_POINT('',(-4.3,51.3,83.2));
#12121 = DIRECTION('',(1.,0.,0.));
#12122 = DIRECTION('',(0.,0.,1.));
#12123 = ADVANCED_FACE('',(#12124),#12149,.T.);
#12124 = FACE_BOUND('',#12125,.T.);
#12125 = EDGE_LOOP('',(#12126,#12136,#12142,#12143));
#12126 = ORIENTED_EDGE('',*,*,#12127,.F.);
#12127 = EDGE_CURVE('',#12128,#12130,#12132,.T.);
#12128 = VERTEX_POINT('',#12129);
#12129 = CARTESIAN_POINT('',(-10.4,51.3,85.1));
#12130 = VERTEX_POINT('',#12131);
#12131 = CARTESIAN_POINT('',(-10.4,53.7,85.1));
#12132 = LINE('',#12133,#12134);
#12133 = CARTESIAN_POINT('',(-10.4,51.3,85.1));
#12134 = VECTOR('',#12135,1.);
#12135 = DIRECTION('',(0.,1.,0.));
#12136 = ORIENTED_EDGE('',*,*,#12137,.T.);
#12137 = EDGE_CURVE('',#12128,#12090,#12138,.T.);
#12138 = LINE('',#12139,#12140);
#12139 = CARTESIAN_POINT('',(-12.8,51.3,85.1));
#12140 = VECTOR('',#12141,1.);
#12141 = DIRECTION('',(1.,0.,0.));
#12142 = ORIENTED_EDGE('',*,*,#12113,.T.);
#12143 = ORIENTED_EDGE('',*,*,#12144,.F.);
#12144 = EDGE_CURVE('',#12130,#12106,#12145,.T.);
#12145 = LINE('',#12146,#12147);
#12146 = CARTESIAN_POINT('',(-12.8,53.7,85.1));
#12147 = VECTOR('',#12148,1.);
#12148 = DIRECTION('',(1.,0.,0.));
#12149 = PLANE('',#12150);
#12150 = AXIS2_PLACEMENT_3D('',#12151,#12152,#12153);
#12151 = CARTESIAN_POINT('',(-12.8,51.3,85.1));
#12152 = DIRECTION('',(0.,0.,1.));
#12153 = DIRECTION('',(1.,0.,0.));
#12154 = ADVANCED_FACE('',(#12155),#12180,.T.);
#12155 = FACE_BOUND('',#12156,.T.);
#12156 = EDGE_LOOP('',(#12157,#12165,#12166,#12174));
#12157 = ORIENTED_EDGE('',*,*,#12158,.F.);
#12158 = EDGE_CURVE('',#12128,#12159,#12161,.T.);
#12159 = VERTEX_POINT('',#12160);
#12160 = CARTESIAN_POINT('',(-10.4,51.3,91.636));
#12161 = LINE('',#12162,#12163);
#12162 = CARTESIAN_POINT('',(-10.4,51.3,83.2));
#12163 = VECTOR('',#12164,1.);
#12164 = DIRECTION('',(0.,0.,1.));
#12165 = ORIENTED_EDGE('',*,*,#12127,.T.);
#12166 = ORIENTED_EDGE('',*,*,#12167,.T.);
#12167 = EDGE_CURVE('',#12130,#12168,#12170,.T.);
#12168 = VERTEX_POINT('',#12169);
#12169 = CARTESIAN_POINT('',(-10.4,53.7,91.636));
#12170 = LINE('',#12171,#12172);
#12171 = CARTESIAN_POINT('',(-10.4,53.7,83.2));
#12172 = VECTOR('',#12173,1.);
#12173 = DIRECTION('',(0.,0.,1.));
#12174 = ORIENTED_EDGE('',*,*,#12175,.T.);
#12175 = EDGE_CURVE('',#12168,#12159,#12176,.T.);
#12176 = LINE('',#12177,#12178);
#12177 = CARTESIAN_POINT('',(-10.4,51.3,91.636));
#12178 = VECTOR('',#12179,1.);
#12179 = DIRECTION('',(0.,-1.,0.));
#12180 = PLANE('',#12181);
#12181 = AXIS2_PLACEMENT_3D('',#12182,#12183,#12184);
#12182 = CARTESIAN_POINT('',(-10.4,51.3,83.2));
#12183 = DIRECTION('',(1.,0.,0.));
#12184 = DIRECTION('',(0.,0.,1.));
#12185 = ADVANCED_FACE('',(#12186),#12211,.F.);
#12186 = FACE_BOUND('',#12187,.F.);
#12187 = EDGE_LOOP('',(#12188,#12189,#12197,#12205));
#12188 = ORIENTED_EDGE('',*,*,#12175,.T.);
#12189 = ORIENTED_EDGE('',*,*,#12190,.T.);
#12190 = EDGE_CURVE('',#12159,#12191,#12193,.T.);
#12191 = VERTEX_POINT('',#12192);
#12192 = CARTESIAN_POINT('',(1.2,51.3,91.636));
#12193 = LINE('',#12194,#12195);
#12194 = CARTESIAN_POINT('',(-12.8,51.3,91.636));
#12195 = VECTOR('',#12196,1.);
#12196 = DIRECTION('',(1.,0.,0.));
#12197 = ORIENTED_EDGE('',*,*,#12198,.T.);
#12198 = EDGE_CURVE('',#12191,#12199,#12201,.T.);
#12199 = VERTEX_POINT('',#12200);
#12200 = CARTESIAN_POINT('',(1.2,53.7,91.636));
#12201 = LINE('',#12202,#12203);
#12202 = CARTESIAN_POINT('',(1.2,51.3,91.636));
#12203 = VECTOR('',#12204,1.);
#12204 = DIRECTION('',(0.,1.,0.));
#12205 = ORIENTED_EDGE('',*,*,#12206,.F.);
#12206 = EDGE_CURVE('',#12168,#12199,#12207,.T.);
#12207 = LINE('',#12208,#12209);
#12208 = CARTESIAN_POINT('',(-12.8,53.7,91.636));
#12209 = VECTOR('',#12210,1.);
#12210 = DIRECTION('',(1.,0.,0.));
#12211 = PLANE('',#12212);
#12212 = AXIS2_PLACEMENT_3D('',#12213,#12214,#12215);
#12213 = CARTESIAN_POINT('',(-12.8,51.3,91.636));
#12214 = DIRECTION('',(0.,0.,1.));
#12215 = DIRECTION('',(1.,0.,0.));
#12216 = ADVANCED_FACE('',(#12217),#12242,.T.);
#12217 = FACE_BOUND('',#12218,.T.);
#12218 = EDGE_LOOP('',(#12219,#12227,#12228,#12236));
#12219 = ORIENTED_EDGE('',*,*,#12220,.F.);
#12220 = EDGE_CURVE('',#12191,#12221,#12223,.T.);
#12221 = VERTEX_POINT('',#12222);
#12222 = CARTESIAN_POINT('',(1.2,51.3,93.836));
#12223 = LINE('',#12224,#12225);
#12224 = CARTESIAN_POINT('',(1.2,51.3,91.636));
#12225 = VECTOR('',#12226,1.);
#12226 = DIRECTION('',(0.,0.,1.));
#12227 = ORIENTED_EDGE('',*,*,#12198,.T.);
#12228 = ORIENTED_EDGE('',*,*,#12229,.T.);
#12229 = EDGE_CURVE('',#12199,#12230,#12232,.T.);
#12230 = VERTEX_POINT('',#12231);
#12231 = CARTESIAN_POINT('',(1.2,53.7,93.836));
#12232 = LINE('',#12233,#12234);
#12233 = CARTESIAN_POINT('',(1.2,53.7,91.636));
#12234 = VECTOR('',#12235,1.);
#12235 = DIRECTION('',(0.,0.,1.));
#12236 = ORIENTED_EDGE('',*,*,#12237,.F.);
#12237 = EDGE_CURVE('',#12221,#12230,#12238,.T.);
#12238 = LINE('',#12239,#12240);
#12239 = CARTESIAN_POINT('',(1.2,51.3,93.836));
#12240 = VECTOR('',#12241,1.);
#12241 = DIRECTION('',(0.,1.,0.));
#12242 = PLANE('',#12243);
#12243 = AXIS2_PLACEMENT_3D('',#12244,#12245,#12246);
#12244 = CARTESIAN_POINT('',(1.2,51.3,91.636));
#12245 = DIRECTION('',(1.,0.,0.));
#12246 = DIRECTION('',(0.,0.,1.));
#12247 = ADVANCED_FACE('',(#12248),#12277,.T.);
#12248 = FACE_BOUND('',#12249,.T.);
#12249 = EDGE_LOOP('',(#12250,#12258,#12259,#12260,#12261,#12262,#12263,
    #12271));
#12250 = ORIENTED_EDGE('',*,*,#12251,.T.);
#12251 = EDGE_CURVE('',#12252,#12088,#12254,.T.);
#12252 = VERTEX_POINT('',#12253);
#12253 = CARTESIAN_POINT('',(-12.8,51.3,83.2));
#12254 = LINE('',#12255,#12256);
#12255 = CARTESIAN_POINT('',(-12.8,51.3,83.2));
#12256 = VECTOR('',#12257,1.);
#12257 = DIRECTION('',(1.,0.,0.));
#12258 = ORIENTED_EDGE('',*,*,#12087,.T.);
#12259 = ORIENTED_EDGE('',*,*,#12137,.F.);
#12260 = ORIENTED_EDGE('',*,*,#12158,.T.);
#12261 = ORIENTED_EDGE('',*,*,#12190,.T.);
#12262 = ORIENTED_EDGE('',*,*,#12220,.T.);
#12263 = ORIENTED_EDGE('',*,*,#12264,.F.);
#12264 = EDGE_CURVE('',#12265,#12221,#12267,.T.);
#12265 = VERTEX_POINT('',#12266);
#12266 = CARTESIAN_POINT('',(-12.8,51.3,93.836));
#12267 = LINE('',#12268,#12269);
#12268 = CARTESIAN_POINT('',(-12.8,51.3,93.836));
#12269 = VECTOR('',#12270,1.);
#12270 = DIRECTION('',(1.,0.,0.));
#12271 = ORIENTED_EDGE('',*,*,#12272,.F.);
#12272 = EDGE_CURVE('',#12252,#12265,#12273,.T.);
#12273 = LINE('',#12274,#12275);
#12274 = CARTESIAN_POINT('',(-12.8,51.3,83.2));
#12275 = VECTOR('',#12276,1.);
#12276 = DIRECTION('',(0.,0.,1.));
#12277 = PLANE('',#12278);
#12278 = AXIS2_PLACEMENT_3D('',#12279,#12280,#12281);
#12279 = CARTESIAN_POINT('',(-7.510983862572,51.3,89.243013014055));
#12280 = DIRECTION('',(-0.,-1.,-0.));
#12281 = DIRECTION('',(0.,0.,-1.));
#12282 = ADVANCED_FACE('',(#12283),#12308,.T.);
#12283 = FACE_BOUND('',#12284,.T.);
#12284 = EDGE_LOOP('',(#12285,#12286,#12294,#12302));
#12285 = ORIENTED_EDGE('',*,*,#12272,.T.);
#12286 = ORIENTED_EDGE('',*,*,#12287,.T.);
#12287 = EDGE_CURVE('',#12265,#12288,#12290,.T.);
#12288 = VERTEX_POINT('',#12289);
#12289 = CARTESIAN_POINT('',(-12.8,53.7,93.836));
#12290 = LINE('',#12291,#12292);
#12291 = CARTESIAN_POINT('',(-12.8,51.3,93.836));
#12292 = VECTOR('',#12293,1.);
#12293 = DIRECTION('',(0.,1.,0.));
#12294 = ORIENTED_EDGE('',*,*,#12295,.F.);
#12295 = EDGE_CURVE('',#12296,#12288,#12298,.T.);
#12296 = VERTEX_POINT('',#12297);
#12297 = CARTESIAN_POINT('',(-12.8,53.7,83.2));
#12298 = LINE('',#12299,#12300);
#12299 = CARTESIAN_POINT('',(-12.8,53.7,83.2));
#12300 = VECTOR('',#12301,1.);
#12301 = DIRECTION('',(0.,0.,1.));
#12302 = ORIENTED_EDGE('',*,*,#12303,.F.);
#12303 = EDGE_CURVE('',#12252,#12296,#12304,.T.);
#12304 = LINE('',#12305,#12306);
#12305 = CARTESIAN_POINT('',(-12.8,51.3,83.2));
#12306 = VECTOR('',#12307,1.);
#12307 = DIRECTION('',(0.,1.,0.));
#12308 = PLANE('',#12309);
#12309 = AXIS2_PLACEMENT_3D('',#12310,#12311,#12312);
#12310 = CARTESIAN_POINT('',(-12.8,52.5,88.518));
#12311 = DIRECTION('',(-1.,-0.,-0.));
#12312 = DIRECTION('',(0.,0.,-1.));
#12313 = ADVANCED_FACE('',(#12314),#12334,.T.);
#12314 = FACE_BOUND('',#12315,.T.);
#12315 = EDGE_LOOP('',(#12316,#12317,#12323,#12324,#12325,#12326,#12327,
    #12328));
#12316 = ORIENTED_EDGE('',*,*,#12295,.T.);
#12317 = ORIENTED_EDGE('',*,*,#12318,.T.);
#12318 = EDGE_CURVE('',#12288,#12230,#12319,.T.);
#12319 = LINE('',#12320,#12321);
#12320 = CARTESIAN_POINT('',(-12.8,53.7,93.836));
#12321 = VECTOR('',#12322,1.);
#12322 = DIRECTION('',(1.,0.,0.));
#12323 = ORIENTED_EDGE('',*,*,#12229,.F.);
#12324 = ORIENTED_EDGE('',*,*,#12206,.F.);
#12325 = ORIENTED_EDGE('',*,*,#12167,.F.);
#12326 = ORIENTED_EDGE('',*,*,#12144,.T.);
#12327 = ORIENTED_EDGE('',*,*,#12105,.F.);
#12328 = ORIENTED_EDGE('',*,*,#12329,.F.);
#12329 = EDGE_CURVE('',#12296,#12098,#12330,.T.);
#12330 = LINE('',#12331,#12332);
#12331 = CARTESIAN_POINT('',(-12.8,53.7,83.2));
#12332 = VECTOR('',#12333,1.);
#12333 = DIRECTION('',(1.,0.,0.));
#12334 = PLANE('',#12335);
#12335 = AXIS2_PLACEMENT_3D('',#12336,#12337,#12338);
#12336 = CARTESIAN_POINT('',(-7.510983862572,53.7,89.243013014055));
#12337 = DIRECTION('',(0.,1.,0.));
#12338 = DIRECTION('',(0.,0.,1.));
#12339 = ADVANCED_FACE('',(#12340),#12346,.F.);
#12340 = FACE_BOUND('',#12341,.T.);
#12341 = EDGE_LOOP('',(#12342,#12343,#12344,#12345));
#12342 = ORIENTED_EDGE('',*,*,#12303,.T.);
#12343 = ORIENTED_EDGE('',*,*,#12329,.T.);
#12344 = ORIENTED_EDGE('',*,*,#12097,.F.);
#12345 = ORIENTED_EDGE('',*,*,#12251,.F.);
#12346 = PLANE('',#12347);
#12347 = AXIS2_PLACEMENT_3D('',#12348,#12349,#12350);
#12348 = CARTESIAN_POINT('',(-12.8,51.3,83.2));
#12349 = DIRECTION('',(0.,0.,1.));
#12350 = DIRECTION('',(1.,0.,0.));
#12351 = ADVANCED_FACE('',(#12352),#12358,.T.);
#12352 = FACE_BOUND('',#12353,.T.);
#12353 = EDGE_LOOP('',(#12354,#12355,#12356,#12357));
#12354 = ORIENTED_EDGE('',*,*,#12287,.F.);
#12355 = ORIENTED_EDGE('',*,*,#12264,.T.);
#12356 = ORIENTED_EDGE('',*,*,#12237,.T.);
#12357 = ORIENTED_EDGE('',*,*,#12318,.F.);
#12358 = PLANE('',#12359);
#12359 = AXIS2_PLACEMENT_3D('',#12360,#12361,#12362);
#12360 = CARTESIAN_POINT('',(-5.8,52.5,93.836));
#12361 = DIRECTION('',(0.,0.,1.));
#12362 = DIRECTION('',(1.,0.,0.));
#12363 = ( GEOMETRIC_REPRESENTATION_CONTEXT(3) 
GLOBAL_UNCERTAINTY_ASSIGNED_CONTEXT((#12367)) 
GLOBAL_UNIT_ASSIGNED_CONTEXT((#12364,#12365,#12366)) 
REPRESENTATION_CONTEXT('Context #1',
  '3D Context with UNIT and UNCERTAINTY') );
#12364 = ( LENGTH_UNIT() NAMED_UNIT(*) SI_UNIT(.MILLI.,.METRE.) );
#12365 = ( NAMED_UNIT(*) PLANE_ANGLE_UNIT() SI_UNIT($,.RADIAN.) );
#12366 = ( NAMED_UNIT(*) SI_UNIT($,.STERADIAN.) SOLID_ANGLE_UNIT() );
#12367 = UNCERTAINTY_MEASURE_WITH_UNIT(LENGTH_MEASURE(2.E-05),#12364,
  'distance_accuracy_value','confusion accuracy');
#12368 = PRODUCT_RELATED_PRODUCT_CATEGORY('part',$,(#7));
ENDSEC;
END-ISO-10303-21;
